onset	duration	nwb_table	treelevel
8.327000141143799	0.09999999999999964	epochs	0.0
8.327000141143799	0.04499999999999993	epochs	1.0
8.372000141143799	0.009999999999999787	epochs	1.0
8.382000141143799	0.04499999999999993	epochs	1.0
8.427000141143798	0.7049950000000003	epochs	0.0
8.427000141143798	0.5	epochs	-1.0
8.427000141143798	0.5	epochs	-1.0
8.427000141143798	0.5	epochs	1.0
8.927000141143798	0.0600000000000005	epochs	-1.0
8.927000141143798	0.025000000000000355	epochs	-1.0
8.927000141143798	0.025000000000000355	epochs	1.0
8.952000141143799	0.009999999999999787	epochs	-1.0
8.952000141143799	0.009999999999999787	epochs	1.0
8.962000141143799	0.025000000000000355	epochs	-1.0
8.962000141143799	0.025000000000000355	epochs	1.0
8.987000141143799	0.0600000000000005	epochs	-1.0
8.987000141143799	0.025000000000000355	epochs	-1.0
8.987000141143799	0.025000000000000355	epochs	1.0
9.0120001411438	0.009999999999999787	epochs	-1.0
9.0120001411438	0.009999999999999787	epochs	1.0
9.0220001411438	0.025000000000000355	epochs	-1.0
9.0220001411438	0.025000000000000355	epochs	1.0
9.0470001411438	0.05999999999999872	epochs	-1.0
9.0470001411438	0.02499999999999858	epochs	-1.0
9.0470001411438	0.02499999999999858	epochs	1.0
9.072000141143798	0.010000000000001563	epochs	-1.0
9.072000141143798	0.010000000000001563	epochs	1.0
9.0820001411438	0.02499999999999858	epochs	-1.0
9.0820001411438	0.02499999999999858	epochs	1.0
9.107000141143798	0.024995000000000545	epochs	1.0
183.5609998703003	0.09999999999999432	epochs	0.0
183.5609998703003	0.044999999999987494	epochs	1.0
183.60599987030028	0.010000000000019327	epochs	1.0
183.6159998703003	0.044999999999987494	epochs	1.0
183.6609998703003	0.7049949999999967	epochs	0.0
183.6609998703003	0.5	epochs	-1.0
183.6609998703003	0.5	epochs	1.0
184.1609998703003	0.060000000000002274	epochs	-1.0
184.1609998703003	0.025000000000005684	epochs	-1.0
184.1609998703003	0.025000000000005684	epochs	1.0
184.1859998703003	0.009999999999990905	epochs	-1.0
184.1859998703003	0.009999999999990905	epochs	1.0
184.19599987030028	0.025000000000005684	epochs	-1.0
184.19599987030028	0.025000000000005684	epochs	1.0
184.2209998703003	0.060000000000002274	epochs	-1.0
184.2209998703003	0.025000000000005684	epochs	-1.0
184.2209998703003	0.025000000000005684	epochs	1.0
184.2459998703003	0.009999999999990905	epochs	-1.0
184.2459998703003	0.009999999999990905	epochs	1.0
184.2559998703003	0.025000000000005684	epochs	-1.0
184.2559998703003	0.025000000000005684	epochs	1.0
184.2809998703003	0.060000000000002274	epochs	-1.0
184.2809998703003	0.025000000000005684	epochs	-1.0
184.2809998703003	0.025000000000005684	epochs	1.0
184.3059998703003	0.009999999999990905	epochs	-1.0
184.3059998703003	0.009999999999990905	epochs	1.0
184.3159998703003	0.025000000000005684	epochs	-1.0
184.3159998703003	0.025000000000005684	epochs	1.0
184.3409998703003	0.024994999999989886	epochs	1.0
224.28000020980835	0.09999999999999432	epochs	0.0
224.28000020980835	0.044999999999987494	epochs	1.0
224.32500020980834	0.010000000000019327	epochs	1.0
224.33500020980836	0.044999999999987494	epochs	1.0
224.38000020980834	61.38499500000003	epochs	0.0
224.38000020980834	0.5	epochs	-1.0
224.38000020980834	0.5	epochs	-1.0
224.38000020980834	0.5	epochs	1.0
224.88000020980834	0.060000000000002274	epochs	-1.0
224.88000020980834	0.025000000000005684	epochs	-1.0
224.88000020980834	0.025000000000005684	epochs	1.0
224.90500020980835	0.009999999999990905	epochs	-1.0
224.90500020980835	0.009999999999990905	epochs	1.0
224.91500020980834	0.025000000000005684	epochs	-1.0
224.91500020980834	0.025000000000005684	epochs	1.0
224.94000020980835	0.060000000000002274	epochs	-1.0
224.94000020980835	0.025000000000005684	epochs	-1.0
224.94000020980835	0.025000000000005684	epochs	1.0
224.96500020980835	0.009999999999990905	epochs	-1.0
224.96500020980835	0.009999999999990905	epochs	1.0
224.97500020980834	0.025000000000005684	epochs	-1.0
224.97500020980834	0.025000000000005684	epochs	1.0
225.00000020980835	0.060000000000002274	epochs	-1.0
225.00000020980835	0.025000000000005684	epochs	-1.0
225.00000020980835	0.025000000000005684	epochs	1.0
225.02500020980835	0.009999999999990905	epochs	-1.0
225.02500020980835	0.009999999999990905	epochs	1.0
225.03500020980835	0.025000000000005684	epochs	-1.0
225.03500020980835	0.025000000000005684	epochs	1.0
225.06000020980835	59.99999999999997	epochs	1.0
285.0600002098083	0.5	epochs	-1.0
285.0600002098083	0.5	epochs	-1.0
285.0600002098083	0.5	epochs	1.0
285.5600002098083	0.06000000000005912	epochs	-1.0
285.5600002098083	0.025000000000034106	epochs	-1.0
285.5600002098083	0.025000000000034106	epochs	1.0
285.58500020980836	0.009999999999990905	epochs	-1.0
285.58500020980836	0.009999999999990905	epochs	1.0
285.59500020980835	0.025000000000034106	epochs	-1.0
285.59500020980835	0.025000000000034106	epochs	1.0
285.6200002098084	0.05999999999994543	epochs	-1.0
285.6200002098084	0.024999999999977263	epochs	-1.0
285.6200002098084	0.024999999999977263	epochs	1.0
285.64500020980836	0.009999999999990905	epochs	-1.0
285.64500020980836	0.009999999999990905	epochs	1.0
285.65500020980835	0.024999999999977263	epochs	-1.0
285.65500020980835	0.024999999999977263	epochs	1.0
285.6800002098083	0.060000000000002274	epochs	-1.0
285.6800002098083	0.025000000000034106	epochs	-1.0
285.6800002098083	0.025000000000034106	epochs	1.0
285.70500020980836	0.009999999999990905	epochs	-1.0
285.70500020980836	0.009999999999990905	epochs	1.0
285.71500020980835	0.024999999999977263	epochs	-1.0
285.71500020980835	0.024999999999977263	epochs	1.0
285.74000020980833	0.02499500000004673	epochs	1.0
333.18100023269653	0.10000000000002274	epochs	0.0
333.18100023269653	0.045000000000015916	epochs	1.0
333.22600023269655	0.009999999999990905	epochs	1.0
333.23600023269654	0.045000000000015916	epochs	1.0
333.28100023269656	0.7049949999999967	epochs	0.0
333.28100023269656	0.5	epochs	-1.0
333.28100023269656	0.5	epochs	-1.0
333.28100023269656	0.5	epochs	1.0
333.78100023269656	0.060000000000002274	epochs	-1.0
333.78100023269656	0.024999999999977263	epochs	-1.0
333.78100023269656	0.024999999999977263	epochs	1.0
333.80600023269653	0.009999999999990905	epochs	-1.0
333.80600023269653	0.009999999999990905	epochs	1.0
333.8160002326965	0.025000000000034106	epochs	-1.0
333.8160002326965	0.025000000000034106	epochs	1.0
333.84100023269656	0.060000000000002274	epochs	-1.0
333.84100023269656	0.024999999999977263	epochs	-1.0
333.84100023269656	0.024999999999977263	epochs	1.0
333.86600023269654	0.009999999999990905	epochs	-1.0
333.86600023269654	0.009999999999990905	epochs	1.0
333.8760002326965	0.025000000000034106	epochs	-1.0
333.8760002326965	0.025000000000034106	epochs	1.0
333.90100023269656	0.05999999999994543	epochs	-1.0
333.90100023269656	0.024999999999977263	epochs	-1.0
333.90100023269656	0.024999999999977263	epochs	1.0
333.92600023269654	0.009999999999990905	epochs	-1.0
333.92600023269654	0.009999999999990905	epochs	1.0
333.93600023269653	0.024999999999977263	epochs	-1.0
333.93600023269653	0.024999999999977263	epochs	1.0
333.9610002326965	0.02499500000004673	epochs	1.0
334.3340001106262	0.10000000000002274	epochs	0.0
334.3340001106262	0.045000000000015916	epochs	1.0
334.37900011062624	0.009999999999990905	epochs	1.0
334.3890001106262	0.045000000000015916	epochs	1.0
334.43400011062624	0.7049949999999967	epochs	0.0
334.43400011062624	0.5	epochs	-1.0
334.43400011062624	0.5	epochs	-1.0
334.43400011062624	0.5	epochs	1.0
334.93400011062624	0.060000000000002274	epochs	-1.0
334.93400011062624	0.024999999999977263	epochs	-1.0
334.93400011062624	0.024999999999977263	epochs	1.0
334.9590001106262	0.009999999999990905	epochs	-1.0
334.9590001106262	0.009999999999990905	epochs	1.0
334.9690001106262	0.025000000000034106	epochs	-1.0
334.9690001106262	0.025000000000034106	epochs	1.0
334.99400011062625	0.060000000000002274	epochs	-1.0
334.99400011062625	0.024999999999977263	epochs	-1.0
334.99400011062625	0.024999999999977263	epochs	1.0
335.0190001106262	0.009999999999990905	epochs	-1.0
335.0190001106262	0.009999999999990905	epochs	1.0
335.0290001106262	0.025000000000034106	epochs	-1.0
335.0290001106262	0.025000000000034106	epochs	1.0
335.05400011062625	0.05999999999994543	epochs	-1.0
335.05400011062625	0.024999999999977263	epochs	-1.0
335.05400011062625	0.024999999999977263	epochs	1.0
335.0790001106262	0.009999999999990905	epochs	-1.0
335.0790001106262	0.009999999999990905	epochs	1.0
335.0890001106262	0.024999999999977263	epochs	-1.0
335.0890001106262	0.024999999999977263	epochs	1.0
335.1140001106262	0.02499500000004673	epochs	1.0
335.47499990463257	0.10000000000002274	epochs	0.0
335.47499990463257	0.045000000000015916	epochs	1.0
335.5199999046326	0.009999999999990905	epochs	1.0
335.5299999046326	0.045000000000015916	epochs	1.0
335.5749999046326	0.7049949999999967	epochs	0.0
335.5749999046326	0.5	epochs	-1.0
335.5749999046326	0.5	epochs	-1.0
335.5749999046326	0.5	epochs	1.0
336.0749999046326	0.060000000000002274	epochs	-1.0
336.0749999046326	0.024999999999977263	epochs	-1.0
336.0749999046326	0.024999999999977263	epochs	1.0
336.09999990463257	0.009999999999990905	epochs	-1.0
336.09999990463257	0.009999999999990905	epochs	1.0
336.10999990463256	0.025000000000034106	epochs	-1.0
336.10999990463256	0.025000000000034106	epochs	1.0
336.1349999046326	0.060000000000002274	epochs	-1.0
336.1349999046326	0.024999999999977263	epochs	-1.0
336.1349999046326	0.024999999999977263	epochs	1.0
336.15999990463257	0.009999999999990905	epochs	-1.0
336.15999990463257	0.009999999999990905	epochs	1.0
336.16999990463256	0.025000000000034106	epochs	-1.0
336.16999990463256	0.025000000000034106	epochs	1.0
336.1949999046326	0.05999999999994543	epochs	-1.0
336.1949999046326	0.024999999999977263	epochs	-1.0
336.1949999046326	0.024999999999977263	epochs	1.0
336.2199999046326	0.009999999999990905	epochs	-1.0
336.2199999046326	0.009999999999990905	epochs	1.0
336.22999990463256	0.024999999999977263	epochs	-1.0
336.22999990463256	0.024999999999977263	epochs	1.0
336.25499990463254	0.02499500000004673	epochs	1.0
344.03000020980835	0.10000000000002274	epochs	0.0
344.03000020980835	0.045000000000015916	epochs	1.0
344.07500020980837	0.009999999999990905	epochs	1.0
344.08500020980836	0.045000000000015916	epochs	1.0
344.1300002098084	0.7049949999999967	epochs	0.0
344.1300002098084	0.5	epochs	-1.0
344.1300002098084	0.5	epochs	-1.0
344.1300002098084	0.5	epochs	1.0
344.6300002098084	0.060000000000002274	epochs	-1.0
344.6300002098084	0.024999999999977263	epochs	-1.0
344.6300002098084	0.024999999999977263	epochs	1.0
344.65500020980835	0.009999999999990905	epochs	-1.0
344.65500020980835	0.009999999999990905	epochs	1.0
344.66500020980834	0.025000000000034106	epochs	-1.0
344.66500020980834	0.025000000000034106	epochs	1.0
344.6900002098084	0.060000000000002274	epochs	-1.0
344.6900002098084	0.024999999999977263	epochs	-1.0
344.6900002098084	0.024999999999977263	epochs	1.0
344.71500020980835	0.009999999999990905	epochs	-1.0
344.71500020980835	0.009999999999990905	epochs	1.0
344.72500020980834	0.025000000000034106	epochs	-1.0
344.72500020980834	0.025000000000034106	epochs	1.0
344.7500002098084	0.05999999999994543	epochs	-1.0
344.7500002098084	0.024999999999977263	epochs	-1.0
344.7500002098084	0.024999999999977263	epochs	1.0
344.77500020980835	0.009999999999990905	epochs	-1.0
344.77500020980835	0.009999999999990905	epochs	1.0
344.78500020980835	0.024999999999977263	epochs	-1.0
344.78500020980835	0.024999999999977263	epochs	1.0
344.8100002098083	0.02499500000004673	epochs	1.0
345.1779999732971	0.10000000000002274	epochs	0.0
345.1779999732971	0.045000000000015916	epochs	1.0
345.22299997329714	0.009999999999990905	epochs	1.0
345.2329999732971	0.045000000000015916	epochs	1.0
345.27799997329714	0.7049949999999967	epochs	0.0
345.27799997329714	0.5	epochs	-1.0
345.27799997329714	0.5	epochs	-1.0
345.27799997329714	0.5	epochs	1.0
345.77799997329714	0.060000000000002274	epochs	-1.0
345.77799997329714	0.024999999999977263	epochs	-1.0
345.77799997329714	0.024999999999977263	epochs	1.0
345.8029999732971	0.009999999999990905	epochs	-1.0
345.8029999732971	0.009999999999990905	epochs	1.0
345.8129999732971	0.025000000000034106	epochs	-1.0
345.8129999732971	0.025000000000034106	epochs	1.0
345.83799997329714	0.060000000000002274	epochs	-1.0
345.83799997329714	0.024999999999977263	epochs	-1.0
345.83799997329714	0.024999999999977263	epochs	1.0
345.8629999732971	0.009999999999990905	epochs	-1.0
345.8629999732971	0.009999999999990905	epochs	1.0
345.8729999732971	0.025000000000034106	epochs	-1.0
345.8729999732971	0.025000000000034106	epochs	1.0
345.89799997329715	0.05999999999994543	epochs	-1.0
345.89799997329715	0.024999999999977263	epochs	-1.0
345.89799997329715	0.024999999999977263	epochs	1.0
345.9229999732971	0.009999999999990905	epochs	-1.0
345.9229999732971	0.009999999999990905	epochs	1.0
345.9329999732971	0.024999999999977263	epochs	-1.0
345.9329999732971	0.024999999999977263	epochs	1.0
345.9579999732971	0.02499500000004673	epochs	1.0
346.3010001182556	0.10000000000002274	epochs	0.0
346.3010001182556	0.045000000000015916	epochs	1.0
346.34600011825563	0.009999999999990905	epochs	1.0
346.3560001182556	0.045000000000015916	epochs	1.0
346.40100011825564	0.7049949999999967	epochs	0.0
346.40100011825564	0.5	epochs	-1.0
346.40100011825564	0.5	epochs	-1.0
346.40100011825564	0.5	epochs	1.0
346.90100011825564	0.060000000000002274	epochs	-1.0
346.90100011825564	0.024999999999977263	epochs	-1.0
346.90100011825564	0.024999999999977263	epochs	1.0
346.9260001182556	0.009999999999990905	epochs	-1.0
346.9260001182556	0.009999999999990905	epochs	1.0
346.9360001182556	0.025000000000034106	epochs	-1.0
346.9360001182556	0.025000000000034106	epochs	1.0
346.96100011825564	0.060000000000002274	epochs	-1.0
346.96100011825564	0.024999999999977263	epochs	-1.0
346.96100011825564	0.024999999999977263	epochs	1.0
346.9860001182556	0.009999999999990905	epochs	-1.0
346.9860001182556	0.009999999999990905	epochs	1.0
346.9960001182556	0.025000000000034106	epochs	-1.0
346.9960001182556	0.025000000000034106	epochs	1.0
347.02100011825564	0.05999999999994543	epochs	-1.0
347.02100011825564	0.024999999999977263	epochs	-1.0
347.02100011825564	0.024999999999977263	epochs	1.0
347.0460001182556	0.009999999999990905	epochs	-1.0
347.0460001182556	0.009999999999990905	epochs	1.0
347.0560001182556	0.024999999999977263	epochs	-1.0
347.0560001182556	0.024999999999977263	epochs	1.0
347.0810001182556	0.02499500000004673	epochs	1.0
391.05000019073486	0.03888000000000602	epochs	0.0
391.05000019073486	0.014439999999979136	epochs	1.0
391.06444019073484	0.010000000000047748	epochs	1.0
391.0744401907349	0.014439999999979136	epochs	1.0
391.08888019073487	5.999979999999994	epochs	0.0
391.08888019073487	0.5	epochs	1.0
391.08888039073486	0.5	epochs	-1.0
391.08888039073486	0.5	epochs	-1.0
391.58888019073487	5.0	epochs	1.0
396.58888019073487	0.49997999999999365	epochs	1.0
396.58888039073486	0.4999798000000055	epochs	-1.0
403.21600008010864	0.03888000000000602	epochs	0.0
403.21600008010864	0.014439999999979136	epochs	1.0
403.2304400801086	0.010000000000047748	epochs	1.0
403.24044008010867	0.014439999999979136	epochs	1.0
403.25488008010865	2.521059999999977	epochs	0.0
403.25488008010865	0.5	epochs	1.0
403.25488028010864	0.5	epochs	-1.0
403.75488008010865	1.0	epochs	1.0
404.75488008010865	1.0210599999999772	epochs	1.0
405.25488028010864	0.5	epochs	-1.0
405.7759400801086	0.9789200000000164	epochs	0.0
406.0840001106262	0.03888000000000602	epochs	0.0
406.0840001106262	0.014439999999979136	epochs	1.0
406.0984401106262	0.010000000000047748	epochs	1.0
406.10844011062625	0.014439999999979136	epochs	1.0
406.1228801106262	2.5208999999999833	epochs	0.0
406.1228801106262	0.5	epochs	1.0
406.1228803106262	0.5	epochs	-1.0
406.6228801106262	1.0	epochs	1.0
407.6228801106262	1.0208999999999833	epochs	1.0
408.1228803106262	0.5	epochs	-1.0
408.6437801106262	0.9790800000000104	epochs	0.0
408.96299982070923	0.03888000000000602	epochs	0.0
408.96299982070923	0.014439999999979136	epochs	1.0
408.9774398207092	0.010000000000047748	epochs	1.0
408.98743982070926	0.014439999999979136	epochs	1.0
409.00187982070923	2.5215599999999654	epochs	0.0
409.00187982070923	0.5	epochs	1.0
409.0018800207092	0.5	epochs	-1.0
409.50187982070923	1.0	epochs	1.0
410.50187982070923	1.0215599999999654	epochs	1.0
411.0018800207092	0.5	epochs	-1.0
411.5234398207092	0.9784200000000283	epochs	0.0
411.82999992370605	0.03888000000000602	epochs	0.0
411.82999992370605	0.014439999999979136	epochs	1.0
411.84443992370603	0.010000000000047748	epochs	1.0
411.8544399237061	0.014439999999979136	epochs	1.0
411.86887992370606	2.5211800000000153	epochs	0.0
411.86887992370606	0.5	epochs	1.0
411.86888012370605	0.5	epochs	-1.0
412.36887992370606	1.0	epochs	1.0
413.36887992370606	1.0211800000000153	epochs	1.0
413.86888012370605	0.5	epochs	-1.0
414.3900599237061	0.9787999999999784	epochs	0.0
414.7150001525879	0.03888000000000602	epochs	0.0
414.7150001525879	0.014439999999979136	epochs	1.0
414.72944015258787	0.010000000000047748	epochs	1.0
414.7394401525879	0.014439999999979136	epochs	1.0
414.7538801525879	2.5209199999999896	epochs	0.0
414.7538801525879	0.5	epochs	1.0
414.7538803525879	0.5	epochs	-1.0
415.2538801525879	1.0	epochs	1.0
416.2538801525879	1.0209199999999896	epochs	1.0
416.7538803525879	0.5	epochs	-1.0
417.2748001525879	0.979060000000004	epochs	0.0
417.6449999809265	0.6499800000000278	epochs	0.0
417.6449999809265	0.05000000000001137	epochs	1.0
417.6949999809265	0.5	epochs	1.0
418.1949999809265	0.09998000000001639	epochs	1.0
418.6840000152588	0.6499800000000278	epochs	0.0
418.6840000152588	0.05000000000001137	epochs	1.0
418.7340000152588	0.5	epochs	1.0
419.2340000152588	0.09998000000001639	epochs	1.0
419.7020001411438	0.6499800000000278	epochs	0.0
419.7020001411438	0.05000000000001137	epochs	1.0
419.7520001411438	0.5	epochs	1.0
420.2520001411438	0.09998000000001639	epochs	1.0
420.7430000305176	0.6499800000000278	epochs	0.0
420.7430000305176	0.05000000000001137	epochs	1.0
420.7930000305176	0.5	epochs	1.0
421.2930000305176	0.09998000000001639	epochs	1.0
421.75600004196167	0.6499800000000278	epochs	0.0
421.75600004196167	0.05000000000001137	epochs	1.0
421.8060000419617	0.5	epochs	1.0
422.3060000419617	0.09998000000001639	epochs	1.0
422.82800006866455	0.6499800000000278	epochs	0.0
422.82800006866455	0.05000000000001137	epochs	1.0
422.87800006866456	0.5	epochs	1.0
423.37800006866456	0.09998000000001639	epochs	1.0
423.8680000305176	0.6499800000000278	epochs	0.0
423.8680000305176	0.05000000000001137	epochs	1.0
423.9180000305176	0.5	epochs	1.0
424.4180000305176	0.09998000000001639	epochs	1.0
424.90000009536743	0.6499800000000278	epochs	0.0
424.90000009536743	0.05000000000001137	epochs	1.0
424.95000009536744	0.5	epochs	1.0
425.45000009536744	0.09998000000001639	epochs	1.0
426.01000022888184	0.6499800000000278	epochs	0.0
426.01000022888184	0.05000000000001137	epochs	1.0
426.06000022888185	0.5	epochs	1.0
426.56000022888185	0.09998000000001639	epochs	1.0
427.1100001335144	0.03888000000000602	epochs	0.0
427.1100001335144	0.014439999999979136	epochs	1.0
427.1244401335144	0.010000000000047748	epochs	1.0
427.13444013351443	0.014439999999979136	epochs	1.0
427.1488801335144	2.5218399999999974	epochs	0.0
427.1488801335144	0.5	epochs	1.0
427.1488803335144	0.5	epochs	-1.0
427.6488801335144	1.0	epochs	1.0
428.6488801335144	1.0218399999999974	epochs	1.0
429.1488803335144	0.5	epochs	-1.0
429.6707201335144	2.9781399999999962	epochs	0.0
432.35599994659424	0.03888000000000602	epochs	0.0
432.35599994659424	0.014439999999979136	epochs	1.0
432.3704399465942	0.010000000000047748	epochs	1.0
432.38043994659427	0.014439999999979136	epochs	1.0
432.39487994659424	2.521059999999977	epochs	0.0
432.39487994659424	0.5	epochs	1.0
432.39488014659423	0.5	epochs	-1.0
432.89487994659424	1.0	epochs	1.0
433.89487994659424	1.0210599999999772	epochs	1.0
434.39488014659423	0.5	epochs	-1.0
434.9159399465942	2.9789200000000164	epochs	0.0
437.5460000038147	0.03888000000000602	epochs	0.0
437.5460000038147	0.014439999999979136	epochs	1.0
437.5604400038147	0.010000000000047748	epochs	1.0
437.5704400038147	0.014439999999979136	epochs	1.0
437.5848800038147	2.5208000000000084	epochs	0.0
437.5848800038147	0.5	epochs	1.0
437.5848802038147	0.5	epochs	-1.0
438.0848800038147	1.0	epochs	1.0
439.0848800038147	1.0208000000000084	epochs	1.0
439.5848802038147	0.5	epochs	-1.0
440.1056800038147	3.9791799999999853	epochs	0.0
440.58799982070923	0.03888000000000602	epochs	0.0
440.58799982070923	0.014439999999979136	epochs	1.0
440.6024398207092	0.010000000000047748	epochs	1.0
440.61243982070926	0.014439999999979136	epochs	1.0
440.62687982070923	0.5014600000000087	epochs	0.0
440.62687982070923	0.5	epochs	1.0
440.6268800207092	0.5	epochs	-1.0
441.12687982070923	0.0014600000000086766	epochs	1.0
441.12833982070924	5.998519999999985	epochs	0.0
456.78200006484985	0.03888000000000602	epochs	0.0
456.78200006484985	0.014439999999979136	epochs	1.0
456.79644006484983	0.010000000000047748	epochs	1.0
456.8064400648499	0.014439999999979136	epochs	1.0
456.82088006484986	2.5215599999999654	epochs	0.0
456.82088006484986	0.5	epochs	1.0
456.82088026484985	0.5	epochs	-1.0
457.32088006484986	1.0	epochs	1.0
458.32088006484986	1.0215599999999654	epochs	1.0
458.82088026484985	0.5	epochs	-1.0
459.3424400648498	3.9784200000000283	epochs	0.0
459.7940001487732	0.03888000000000602	epochs	0.0
459.7940001487732	0.014439999999979136	epochs	1.0
459.8084401487732	0.010000000000047748	epochs	1.0
459.8184401487732	0.014439999999979136	epochs	1.0
459.8328801487732	2.5216199999999844	epochs	0.0
459.8328801487732	0.5	epochs	1.0
459.8328803487732	0.5	epochs	-1.0
460.3328801487732	1.0	epochs	1.0
461.3328801487732	1.0216199999999844	epochs	1.0
461.8328803487732	0.5	epochs	-1.0
462.3545001487732	3.9783600000000092	epochs	0.0
462.85599994659424	0.03888000000000602	epochs	0.0
462.85599994659424	0.014439999999979136	epochs	1.0
462.8704399465942	0.010000000000047748	epochs	1.0
462.88043994659427	0.014439999999979136	epochs	1.0
462.89487994659424	2.5208000000000084	epochs	0.0
462.89487994659424	0.5	epochs	1.0
462.89488014659423	0.5	epochs	-1.0
463.39487994659424	1.0	epochs	1.0
464.39487994659424	1.0208000000000084	epochs	1.0
464.89488014659423	0.5	epochs	-1.0
465.41567994659425	3.9791799999999853	epochs	0.0
465.92000007629395	0.03888000000000602	epochs	0.0
465.92000007629395	0.014439999999979136	epochs	1.0
465.9344400762939	0.010000000000047748	epochs	1.0
465.944440076294	0.014439999999979136	epochs	1.0
465.95888007629395	0.5013599999999769	epochs	0.0
465.95888007629395	0.5	epochs	1.0
465.95888027629394	0.5	epochs	-1.0
466.45888007629395	0.0013599999999769352	epochs	1.0
466.4602400762939	5.998620000000017	epochs	0.0
482.10900020599365	0.03888000000000602	epochs	0.0
482.10900020599365	0.014439999999979136	epochs	1.0
482.12344020599363	0.010000000000047748	epochs	1.0
482.1334402059937	0.014439999999979136	epochs	1.0
482.14788020599366	2.521000000000015	epochs	0.0
482.14788020599366	0.5	epochs	1.0
482.14788040599365	0.5	epochs	-1.0
482.64788020599366	1.0	epochs	1.0
483.64788020599366	1.021000000000015	epochs	1.0
484.14788040599365	0.5	epochs	-1.0
484.6688802059937	3.9789799999999786	epochs	0.0
485.18300008773804	0.03888000000000602	epochs	0.0
485.18300008773804	0.014439999999979136	epochs	1.0
485.197440087738	0.010000000000047748	epochs	1.0
485.20744008773806	0.014439999999979136	epochs	1.0
485.22188008773804	2.5212999999999965	epochs	0.0
485.22188008773804	0.5	epochs	1.0
485.22188028773803	0.5	epochs	-1.0
485.72188008773804	1.0	epochs	1.0
486.72188008773804	1.0212999999999965	epochs	1.0
487.22188028773803	0.5	epochs	-1.0
487.74318008773804	3.978679999999997	epochs	0.0
488.2699999809265	0.15298000000001366	epochs	0.0
488.2699999809265	0.05000000000001137	epochs	1.0
488.3199999809265	0.002999999999985903	epochs	1.0
488.3229999809265	0.09998000000001639	epochs	1.0
488.95100021362305	0.15298000000001366	epochs	0.0
488.95100021362305	0.05000000000001137	epochs	1.0
489.00100021362306	0.002999999999985903	epochs	1.0
489.00400021362304	0.09998000000001639	epochs	1.0
489.62400007247925	0.15298000000001366	epochs	0.0
489.62400007247925	0.05000000000001137	epochs	1.0
489.67400007247926	0.002999999999985903	epochs	1.0
489.67700007247925	0.09998000000001639	epochs	1.0
490.2880001068115	0.15298000000001366	epochs	0.0
490.2880001068115	0.05000000000001137	epochs	1.0
490.33800010681153	0.002999999999985903	epochs	1.0
490.3410001068115	0.09998000000001639	epochs	1.0
490.9759998321533	0.15298000000001366	epochs	0.0
490.9759998321533	0.05000000000001137	epochs	1.0
491.02599983215333	0.002999999999985903	epochs	1.0
491.0289998321533	0.09998000000001639	epochs	1.0
491.6560001373291	0.15298000000001366	epochs	0.0
491.6560001373291	0.05000000000001137	epochs	1.0
491.7060001373291	0.002999999999985903	epochs	1.0
491.7090001373291	0.09998000000001639	epochs	1.0
492.353000164032	0.15298000000001366	epochs	0.0
492.353000164032	0.05000000000001137	epochs	1.0
492.403000164032	0.002999999999985903	epochs	1.0
492.406000164032	0.09998000000001639	epochs	1.0
493.0529999732971	0.15298000000001366	epochs	0.0
493.0529999732971	0.05000000000001137	epochs	1.0
493.10299997329713	0.002999999999985903	epochs	1.0
493.1059999732971	0.09998000000001639	epochs	1.0
493.79699993133545	0.15298000000001366	epochs	0.0
493.79699993133545	0.05000000000001137	epochs	1.0
493.84699993133546	0.002999999999985903	epochs	1.0
493.84999993133545	0.09998000000001639	epochs	1.0
494.53599977493286	0.15298000000001366	epochs	0.0
494.53599977493286	0.05000000000001137	epochs	1.0
494.5859997749329	0.002999999999985903	epochs	1.0
494.58899977493286	0.09998000000001639	epochs	1.0
495.28399991989136	0.15298000000001366	epochs	0.0
495.28399991989136	0.05000000000001137	epochs	1.0
495.33399991989137	0.002999999999985903	epochs	1.0
495.33699991989135	0.09998000000001639	epochs	1.0
496.0199999809265	0.03888000000000602	epochs	0.0
496.0199999809265	0.014439999999979136	epochs	1.0
496.0344399809265	0.010000000000047748	epochs	1.0
496.04443998092654	0.014439999999979136	epochs	1.0
496.0588799809265	0.5006999999999948	epochs	0.0
496.0588799809265	0.5	epochs	1.0
496.0588801809265	0.5	epochs	-1.0
496.5588799809265	0.0006999999999948159	epochs	1.0
496.5595799809265	1.1022800000000075	epochs	0.0
509.3140001296997	0.03888000000000602	epochs	0.0
509.3140001296997	0.014439999999979136	epochs	1.0
509.3284401296997	0.010000000000047748	epochs	1.0
509.33844012969973	0.014439999999979136	epochs	1.0
509.3528801296997	1.5215200000000095	epochs	0.0
509.3528801296997	0.5	epochs	1.0
509.3528803296997	0.5	epochs	-1.0
509.8528801296997	0.002999999999985903	epochs	1.0
509.8558801296997	1.0185200000000236	epochs	1.0
510.3558803296997	0.5	epochs	-1.0
510.8744001296997	0.08145999999999276	epochs	0.0
511.4060001373291	0.03888000000000602	epochs	0.0
511.4060001373291	0.014439999999979136	epochs	1.0
511.4204401373291	0.010000000000047748	epochs	1.0
511.43044013732913	0.014439999999979136	epochs	1.0
511.4448801373291	1.5612600000000043	epochs	0.0
511.4448801373291	0.5	epochs	1.0
511.4448803373291	0.5	epochs	-1.0
511.9448801373291	0.002999999999985903	epochs	1.0
511.9478801373291	1.0582600000000184	epochs	1.0
512.4478803373291	0.5	epochs	-1.0
513.0061401373291	0.04171999999994114	epochs	0.0
513.5279998779297	0.03887999999994918	epochs	0.0
513.5279998779297	0.01444000000003598	epochs	1.0
513.5424398779297	0.009999999999990905	epochs	1.0
513.5524398779297	0.014439999999922293	epochs	1.0
513.5668798779296	1.5614000000000487	epochs	0.0
513.5668798779296	0.5	epochs	1.0
513.5668800779297	0.5	epochs	-1.0
514.0668798779296	0.0030000000000427463	epochs	1.0
514.0698798779297	1.058400000000006	epochs	1.0
514.5698800779297	0.5	epochs	-1.0
515.1282798779297	0.04157999999995354	epochs	0.0
515.6750001907349	0.03887999999994918	epochs	0.0
515.6750001907349	0.01444000000003598	epochs	1.0
515.6894401907349	0.009999999999990905	epochs	1.0
515.6994401907349	0.014439999999922293	epochs	1.0
515.7138801907348	1.5207599999999957	epochs	0.0
515.7138801907348	0.5	epochs	1.0
515.7138803907349	0.5	epochs	-1.0
516.2138801907348	0.0030000000000427463	epochs	1.0
516.2168801907349	1.017759999999953	epochs	1.0
516.7168803907349	0.5	epochs	-1.0
517.2346401907348	0.08222000000000662	epochs	0.0
517.954999923706	0.03887999999994918	epochs	0.0
517.954999923706	0.01444000000003598	epochs	1.0
517.9694399237061	0.009999999999990905	epochs	1.0
517.9794399237061	0.014439999999922293	epochs	1.0
517.993879923706	8.501100000000065	epochs	0.0
517.993879923706	0.5	epochs	1.0
517.993880123706	0.5	epochs	-1.0
518.493879923706	8.001100000000065	epochs	1.0
525.4951999237061	0.999779999999987	epochs	-1.0
525.4951999237061	0.03963999999996304	epochs	-1.0
525.992680123706	0.5	epochs	-1.0
526.4949799237061	10.998879999999986	epochs	0.0
527.375	0.03887999999994918	epochs	0.0
527.375	0.01444000000003598	epochs	1.0
527.38944	0.009999999999990905	epochs	1.0
527.39944	0.014439999999922293	epochs	1.0
527.41388	8.502040000000079	epochs	0.0
527.41388	0.5	epochs	1.0
527.4138802	0.5	epochs	-1.0
527.91388	8.002040000000079	epochs	1.0
534.9155	1.0004200000000765	epochs	-1.0
534.9155	0.03966000000002623	epochs	-1.0
535.4129802	0.5	epochs	-1.0
535.91592	10.997939999999971	epochs	0.0
536.5900001525879	0.03887999999994918	epochs	0.0
536.5900001525879	0.01444000000003598	epochs	1.0
536.6044401525879	0.009999999999990905	epochs	1.0
536.6144401525879	0.014439999999922293	epochs	1.0
536.6288801525878	8.601440000000025	epochs	0.0
536.6288801525878	0.5	epochs	1.0
536.6288803525879	0.5	epochs	-1.0
537.1288801525878	8.101440000000025	epochs	1.0
544.2300001525879	1.0003199999999879	epochs	-1.0
544.2300001525879	0.039679999999975735	epochs	-1.0
544.7274803525879	0.5	epochs	-1.0
545.2303201525879	10.898540000000025	epochs	0.0
586.3249998092651	0.03887999999994918	epochs	0.0
586.3249998092651	0.01444000000003598	epochs	1.0
586.3394398092652	0.009999999999990905	epochs	1.0
586.3494398092652	0.014439999999922293	epochs	1.0
586.3638798092651	2.0	epochs	0.0
588.3638798092651	21.520720000000097	epochs	0.0
588.3638798092651	1.0	epochs	1.0
588.3638800092651	0.5	epochs	-1.0
588.8638800092651	19.99944000000005	epochs	-1.0
589.3638798092651	20.0	epochs	1.0
589.3638798092651	4.356753900000058	epochs	-1.0
589.3638798092651	1.9745872000000873	epochs	2.0
589.3638798092651	1.0985622000000603	epochs	3.0
590.4624420092651	0.8760250000000269	epochs	3.0
591.3384670092652	1.352407499999913	epochs	2.0
591.3384670092652	0.7286354999999958	epochs	3.0
592.0671025092652	0.6237719999999172	epochs	3.0
592.6908745092651	1.0297592000000577	epochs	2.0
592.6908745092651	0.5453293000000485	epochs	3.0
593.2362038092651	0.4844299000000092	epochs	3.0
593.7206337092651	0.8317862000000105	epochs	2.0
593.7206337092651	0.4357763000000432	epochs	3.0
594.1564100092652	0.3960098999999673	epochs	3.0
594.5524199092652	0.6977970000000369	epochs	2.0
594.5524199092652	0.3628982000000178	epochs	3.0
594.9153181092652	0.33489880000001904	epochs	3.0
595.2502169092652	0.601045699999986	epochs	2.0
595.2502169092652	0.3109122999999272	epochs	3.0
595.5611292092651	0.2901334000000588	epochs	3.0
595.8512626092652	0.5278859000000011	epochs	2.0
595.8512626092652	0.2719585999999481	epochs	3.0
596.1232212092651	0.25592730000005304	epochs	3.0
596.3791485092652	0.470619299999953	epochs	2.0
596.3791485092652	0.241681299999982	epochs	3.0
596.6208298092652	0.228937999999971	epochs	3.0
596.8497678092651	0.42457039999999324	epochs	2.0
596.8497678092651	0.21747140000002219	epochs	3.0
597.0672392092652	0.20709899999997106	epochs	3.0
597.2743382092651	0.3867354000000205	epochs	2.0
597.2743382092651	0.19767109999997956	epochs	3.0
597.4720093092651	0.18906430000004093	epochs	3.0
597.6610736092651	0.3550953000000163	epochs	2.0
597.6610736092651	0.18117589999997108	epochs	3.0
597.8422495092651	0.17391940000004524	epochs	3.0
598.0161689092652	0.3282431000000088	epochs	2.0
598.0161689092652	0.16722189999995862	epochs	3.0
598.1833908092651	0.16102120000005016	epochs	3.0
598.3444120092652	0.30516799999998057	epochs	2.0
598.3444120092652	0.15526389999990897	epochs	3.0
598.4996759092651	0.1499041000000716	epochs	3.0
598.6495800092652	0.28512530000000424	epochs	2.0
598.6495800092652	0.1449020999999675	epochs	3.0
598.7944821092651	0.14022320000003674	epochs	3.0
598.9347053092652	0.2675537999999733	epochs	2.0
598.9347053092652	0.1358368999999584	epochs	3.0
599.0705422092651	0.1317169000000149	epochs	3.0
599.2022591092651	0.2520229000000427	epochs	2.0
599.2022591092651	0.1278393000000051	epochs	3.0
599.3300984092651	0.12418360000003759	epochs	3.0
599.4542820092652	0.23819649999995818	epochs	2.0
599.4542820092652	0.12073109999994358	epochs	3.0
599.5750131092651	0.1174654000000146	epochs	3.0
599.6924785092651	0.2258087999999816	epochs	2.0
599.6924785092651	0.11437190000003739	epochs	3.0
599.8068504092652	0.11143689999994422	epochs	3.0
599.9182873092651	0.2146460000000161	epochs	2.0
599.9182873092651	0.10864890000004834	epochs	3.0
600.0269362092652	0.10599709999996776	epochs	3.0
600.1329333092651	0.20453499999996438	epochs	2.0
600.1329333092651	0.10347149999995509	epochs	3.0
600.2364048092651	0.1010635000000093	epochs	3.0
600.3374683092651	0.19533400000000256	epochs	2.0
600.3374683092651	0.09876510000003691	epochs	3.0
600.4362334092651	0.09656889999996565	epochs	3.0
600.5328023092651	0.1869253000000981	epochs	2.0
600.5328023092651	0.09446830000001682	epochs	3.0
600.6272706092651	0.09245700000008128	epochs	3.0
600.7197276092652	0.17921069999999872	epochs	2.0
600.7197276092652	0.09052959999996801	epochs	3.0
600.8102572092652	0.08868110000003071	epochs	3.0
600.8989383092652	0.17210769999996955	epochs	2.0
600.8989383092652	0.08690629999989596	epochs	3.0
600.9858446092651	0.08520140000007359	epochs	3.0
601.0710460092652	0.1655463999999256	epochs	2.0
601.0710460092652	0.08356189999994967	epochs	3.0
601.1546079092651	0.08198449999997592	epochs	3.0
601.2365924092651	0.15946710000002895	epochs	2.0
601.2365924092651	0.08046540000009372	epochs	3.0
601.3170578092652	0.07900169999993523	epochs	3.0
601.3960595092651	0.15381839999997737	epochs	2.0
601.3960595092651	0.07759010000006583	epochs	3.0
601.4736496092652	0.07622829999991154	epochs	3.0
601.5498779092651	0.14855640000007497	epochs	2.0
601.5498779092651	0.07491330000004837	epochs	3.0
601.6247912092651	0.0736431000000266	epochs	3.0
601.6984343092652	0.14364239999997608	epochs	2.0
601.6984343092652	0.07241499999997814	epochs	3.0
601.7708493092651	0.07122739999999794	epochs	3.0
601.8420767092651	0.13904309999998077	epochs	2.0
601.8420767092651	0.07007799999996678	epochs	3.0
601.9121547092651	0.06896510000001399	epochs	3.0
601.9811198092651	0.1347293000000036	epochs	2.0
601.9811198092651	0.0678871000000072	epochs	3.0
602.0490069092651	0.06684219999999641	epochs	3.0
602.1158491092651	0.1306752000000415	epochs	2.0
602.1158491092651	0.06582909999997355	epochs	3.0
602.1816782092651	0.06484610000006796	epochs	3.0
602.2465243092652	0.1268577999999252	epochs	2.0
602.2465243092652	0.06389200000000983	epochs	3.0
602.3104163092652	0.06296579999991536	epochs	3.0
602.3733821092651	0.12325720000001184	epochs	2.0
602.3733821092651	0.06206580000002759	epochs	3.0
602.4354479092651	0.06119139999998424	epochs	3.0
602.4966393092651	0.11985540000000583	epochs	2.0
602.4966393092651	0.06034110000007331	epochs	3.0
602.5569804092652	0.05951429999993252	epochs	3.0
602.6164947092651	0.11663620000001629	epochs	2.0
602.6164947092651	0.05870960000004288	epochs	3.0
602.6752043092652	0.057926599999973405	epochs	3.0
602.7331309092651	0.11358559999996487	epochs	2.0
602.7331309092651	0.05716419999998834	epochs	3.0
602.7902951092651	0.05642139999997653	epochs	3.0
602.8467165092651	0.11069050000003244	epochs	2.0
602.8467165092651	0.055697900000041045	epochs	3.0
602.9024144092651	0.0549925999999914	epochs	3.0
602.9574070092651	0.1079391000000669	epochs	2.0
602.9574070092651	0.05430490000003374	epochs	3.0
603.0117119092652	0.05363420000003316	epochs	3.0
603.0653461092652	0.10532149999994544	epochs	2.0
603.0653461092652	0.05297999999993408	epochs	3.0
603.1183261092651	0.052341500000011365	epochs	3.0
603.1706676092651	0.10282759999995505	epochs	2.0
603.1706676092651	0.05171810000001642	epochs	3.0
603.2223857092652	0.051109499999938635	epochs	3.0
603.2734952092651	0.10044909999999163	epochs	2.0
603.2734952092651	0.050514900000052876	epochs	3.0
603.3240101092651	0.049934199999938755	epochs	3.0
603.3739443092651	0.09817830000008598	epochs	2.0
603.3739443092651	0.049366600000098515	epochs	3.0
603.4233109092652	0.04881169999998747	epochs	3.0
603.4721226092652	0.09600779999993847	epochs	2.0
603.4721226092652	0.04826919999993606	epochs	3.0
603.5203918092651	0.04773860000000241	epochs	3.0
603.5681304092651	0.09393120000004274	epochs	2.0
603.5681304092651	0.04721949999998287	epochs	3.0
603.6153499092651	0.046711700000059864	epochs	3.0
603.6620616092652	0.09194260000003851	epochs	2.0
603.6620616092652	0.046214599999984785	epochs	3.0
603.7082762092651	0.045728000000053726	epochs	3.0
603.7540042092652	0.09003629999995155	epochs	2.0
603.7540042092652	0.045251499999949374	epochs	3.0
603.7992557092651	0.04478480000000218	epochs	3.0
603.8440405092651	0.08820760000003247	epochs	2.0
603.8440405092651	0.044327800000019124	epochs	3.0
603.8883683092652	0.04387980000001335	epochs	3.0
603.9322481092652	0.0864516999999978	epochs	2.0
603.9322481092652	0.04344099999991613	epochs	3.0
603.9756891092651	0.04301070000008167	epochs	3.0
604.0186998092652	0.08476429999996071	epochs	2.0
604.0186998092652	0.04258899999990717	epochs	3.0
604.0612888092651	0.04217530000005354	epochs	3.0
604.1034641092651	0.08314150000001064	epochs	2.0
604.1034641092651	0.04176970000003166	epochs	3.0
604.1452338092652	0.041371799999978975	epochs	3.0
604.1866056092651	0.08157970000002024	epochs	2.0
604.1866056092651	0.040981399999964196	epochs	3.0
604.2275870092651	0.04059830000005604	epochs	3.0
604.2681853092652	0.08007550000002084	epochs	2.0
604.2681853092652	0.04022229999998217	epochs	3.0
604.3084076092651	0.03985320000003867	epochs	3.0
604.3482608092652	0.07862569999997504	epochs	2.0
604.3482608092652	0.0394907999999532	epochs	3.0
604.3877516092651	0.039134900000021844	epochs	3.0
604.4268865092652	0.07722760000001472	epochs	2.0
604.4268865092652	0.03878539999993791	epochs	3.0
604.4656719092651	0.03844220000007681	epochs	3.0
604.5041141092652	0.07587819999992007	epochs	2.0
604.5041141092652	0.03810479999992822	epochs	3.0
604.5422189092651	0.03777339999999185	epochs	3.0
604.5799923092651	0.0745752000000266	epochs	2.0
604.5799923092651	0.03744770000002973	epochs	3.0
604.6174400092651	0.03712749999999687	epochs	3.0
604.6545675092651	0.07331629999998768	epochs	2.0
604.6545675092651	0.036812899999972615	epochs	3.0
604.6913804092651	0.03650340000001506	epochs	3.0
604.7278838092651	0.07209899999998015	epochs	2.0
604.7278838092651	0.03619909999997617	epochs	3.0
604.7640829092651	0.03589990000000398	epochs	3.0
604.7999828092651	0.07092170000009901	epochs	2.0
604.7999828092651	0.03560560000005353	epochs	3.0
604.8355884092651	0.03531610000004548	epochs	3.0
604.8709045092652	0.0697819999999183	epochs	2.0
604.8709045092652	0.03503119999993487	epochs	3.0
604.9059357092651	0.03475079999998343	epochs	3.0
604.9406865092651	0.06867859999999837	epochs	2.0
604.9406865092651	0.03447510000000875	epochs	3.0
604.9751616092651	0.03420349999998962	epochs	3.0
605.0093651092651	0.06760930000007193	epochs	2.0
605.0093651092651	0.03393620000008468	epochs	3.0
605.0433013092652	0.033673099999987244	epochs	3.0
605.0769744092652	0.06657289999998284	epochs	2.0
605.0769744092652	0.03341399999999339	epochs	3.0
605.1103884092652	0.033158899999989444	epochs	3.0
605.1435473092652	0.06556779999993978	epochs	2.0
605.1435473092652	0.032907700000009754	epochs	3.0
605.1764550092652	0.032660099999930026	epochs	3.0
605.2091151092651	0.06459260000008271	epochs	2.0
605.2091151092651	0.032416399999988244	epochs	3.0
605.2415315092651	0.03217620000009447	epochs	3.0
605.2737077092652	0.0636459999999488	epochs	2.0
605.2737077092652	0.03193959999998697	epochs	3.0
605.3056473092652	0.03170639999996183	epochs	3.0
605.3373537092651	0.0627266999999847	epochs	2.0
605.3373537092651	0.03147660000001906	epochs	3.0
605.3688303092651	0.03125009999996564	epochs	3.0
605.4000804092651	0.06183359999999993	epochs	2.0
605.4000804092651	0.031026900000028945	epochs	3.0
605.4311073092651	0.030806699999970988	epochs	3.0
605.4619140092651	0.06096560000003137	epochs	2.0
605.4619140092651	0.030589800000029754	epochs	3.0
605.4925038092651	0.030375800000001618	epochs	3.0
605.5228796092651	0.06012160000000222	epochs	2.0
605.5228796092651	0.030164900000045236	epochs	3.0
605.5530445092652	0.02995669999995698	epochs	3.0
605.5830012092651	0.05930069999999432	epochs	2.0
605.5830012092651	0.02975159999994048	epochs	3.0
605.6127528092651	0.02954910000005384	epochs	3.0
605.6423019092651	0.05850180000004457	epochs	2.0
605.6423019092651	0.02934940000000097	epochs	3.0
605.6716513092651	0.0291524000000436	epochs	3.0
605.7008037092652	0.05772419999993872	epochs	2.0
605.7008037092652	0.028957999999988715	epochs	3.0
605.7297617092652	0.028766199999950004	epochs	3.0
605.7585279092651	0.05696710000006533	epochs	2.0
605.7585279092651	0.028577000000041153	epochs	3.0
605.7871049092652	0.028390100000024177	epochs	3.0
605.8154950092652	0.05622949999997218	epochs	2.0
605.8154950092652	0.028205699999944045	epochs	3.0
605.8437007092651	0.028023800000028132	epochs	3.0
605.8717245092652	0.05551070000001346	epochs	2.0
605.8717245092652	0.027843999999959124	epochs	3.0
605.8995685092651	0.027666700000054334	epochs	3.0
605.9272352092652	0.05481019999990622	epochs	2.0
605.9272352092652	0.02749149999999645	epochs	3.0
605.9547267092652	0.027318699999909768	epochs	3.0
605.9820454092651	0.05412700000010773	epochs	2.0
605.9820454092651	0.02714780000007977	epochs	3.0
606.0091932092652	0.02697920000002796	epochs	3.0
606.0361724092652	0.053460699999959616	epochs	2.0
606.0361724092652	0.0268125999999711	epochs	3.0
606.0629850092652	0.026648099999988517	epochs	3.0
606.0896331092652	0.05281070000000909	epochs	2.0
606.0896331092652	0.026485600000000886	epochs	3.0
606.1161187092652	0.026325100000008206	epochs	3.0
606.1424438092652	0.05217619999996259	epochs	2.0
606.1424438092652	0.026166399999965506	epochs	3.0
606.1686102092651	0.026009799999997085	epochs	3.0
606.1946200092651	0.051556699999991906	epochs	2.0
606.1946200092651	0.025854800000047362	epochs	3.0
606.2204748092652	0.025701899999944544	epochs	3.0
606.2461767092651	0.05095189999997274	epochs	2.0
606.2461767092651	0.02555070000005344	epochs	3.0
606.2717274092652	0.0254011999999193	epochs	3.0
606.2971286092651	0.05036100000006627	epochs	2.0
606.2971286092651	0.0252535000000762	epochs	3.0
606.3223821092652	0.02510749999999007	epochs	3.0
606.3474896092652	0.049783800000000156	epochs	2.0
606.3474896092652	0.02496320000000196	epochs	3.0
606.3724528092652	0.024820599999998194	epochs	3.0
606.3972734092652	0.04921949999993558	epochs	2.0
606.3972734092652	0.024679399999968155	epochs	3.0
606.4219528092651	0.024540099999967424	epochs	3.0
606.4464929092651	0.04866790000005494	epochs	2.0
606.4464929092651	0.024402100000088467	epochs	3.0
606.4708950092652	0.024265799999966475	epochs	3.0
606.4951608092651	0.04812860000004093	epochs	2.0
606.4951608092651	0.024131000000011227	epochs	3.0
606.5192918092652	0.023997600000029706	epochs	3.0
606.5432894092652	0.04760109999995166	epochs	2.0
606.5432894092652	0.023865799999953197	epochs	3.0
606.5671552092651	0.02373529999999846	epochs	3.0
606.5908905092651	0.047085000000038235	epochs	2.0
606.5908905092651	0.023606299999983094	epochs	3.0
606.6144968092651	0.02347870000005514	epochs	3.0
606.6379755092652	0.046579999999948996	epochs	2.0
606.6379755092652	0.02335249999998723	epochs	3.0
606.6613280092652	0.023227499999961765	epochs	3.0
606.6845555092651	0.046085700000048746	epochs	2.0
606.6845555092651	0.023103999999989355	epochs	3.0
606.7076595092651	0.02298170000005939	epochs	3.0
606.7306412092652	0.045601799999985815	epochs	2.0
606.7306412092652	0.02286069999991014	epochs	3.0
606.7535019092651	0.022741100000075676	epochs	3.0
606.7762430092652	0.04512790000001132	epochs	2.0
606.7762430092652	0.022622500000011314	epochs	3.0
606.7988655092652	0.02250540000000001	epochs	3.0
606.8213709092652	0.044663799999966614	epochs	2.0
606.8213709092652	0.02238929999998618	epochs	3.0
606.8437602092652	0.022274499999980435	epochs	3.0
606.8660347092651	0.04420919999995476	epochs	2.0
606.8660347092651	0.022160800000051495	epochs	3.0
606.8881955092652	0.022048399999903268	epochs	3.0
606.9102439092651	0.043763600000033875	epochs	2.0
606.9102439092651	0.021936900000014248	epochs	3.0
606.9321808092651	0.021826700000019628	epochs	3.0
606.9540075092651	0.04332710000005591	epochs	2.0
606.9540075092651	0.021717599999988124	epochs	3.0
606.9757251092651	0.021609500000067783	epochs	3.0
606.9973346092652	0.042898999999920306	epochs	2.0
606.9973346092652	0.02150249999999687	epochs	3.0
607.0188371092652	0.021396499999923435	epochs	3.0
607.0402336092651	0.042479500000013104	epochs	2.0
607.0402336092651	0.02129170000000613	epochs	3.0
607.0615253092651	0.021187800000006973	epochs	3.0
607.0827131092651	0.042067900000006375	epochs	2.0
607.0827131092651	0.02108490000000529	epochs	3.0
607.1037980092651	0.020983000000001084	epochs	3.0
607.1247810092651	0.04166440000005878	epochs	2.0
607.1247810092651	0.02088220000007368	epochs	3.0
607.1456632092652	0.020782199999985096	epochs	3.0
607.1664454092652	0.04126850000000104	epochs	2.0
607.1664454092652	0.020683299999973315	epochs	3.0
607.1871287092652	0.020585200000027726	epochs	3.0
607.2077139092652	0.040879999999901884	epochs	2.0
607.2077139092652	0.020488099999965925	epochs	3.0
607.2282020092651	0.02039189999993596	epochs	3.0
607.2485939092651	0.04049880000002304	epochs	2.0
607.2485939092651	0.020296600000051512	epochs	3.0
607.2688905092651	0.020202199999971526	epochs	3.0
607.2890927092651	0.04012460000001283	epochs	2.0
607.2890927092651	0.02010870000003706	epochs	3.0
607.3092014092651	0.020015899999975773	epochs	3.0
607.3292173092651	0.03975730000001931	epochs	2.0
607.3292173092651	0.019924199999991288	epochs	3.0
607.3491415092651	0.019833100000028026	epochs	3.0
607.3689746092651	0.03939669999999751	epochs	2.0
607.3689746092651	0.01974299999994855	epochs	3.0
607.3887176092651	0.019653700000048957	epochs	3.0
607.4083713092651	0.03904239999997117	epochs	2.0
607.4083713092651	0.01956510000002254	epochs	3.0
607.4279364092652	0.019477299999948627	epochs	3.0
607.4474137092651	0.03869459999998526	epochs	2.0
607.4474137092651	0.019390400000020236	epochs	3.0
607.4668041092651	0.01930419999996502	epochs	3.0
607.4861083092651	0.03835290000006353	epochs	2.0
607.4861083092651	0.019218800000089686	epochs	3.0
607.5053271092652	0.01913409999997384	epochs	3.0
607.5244612092652	0.03801720000001296	epochs	2.0
607.5244612092652	0.019050200000037876	epochs	3.0
607.5435114092652	0.018966999999975087	epochs	3.0
607.5624784092652	0.03768719999993664	epochs	2.0
607.5624784092652	0.01888450000001285	epochs	3.0
607.5813629092652	0.01880269999992379	epochs	3.0
607.6001656092651	0.03736309999999321	epochs	2.0
607.6001656092651	0.018721700000014607	epochs	3.0
607.6188873092651	0.018641399999978603	epochs	3.0
607.6375287092651	0.03704430000004777	epochs	2.0
607.6375287092651	0.01856159999999818	epochs	3.0
607.6560903092651	0.01848270000004959	epochs	3.0
607.6745730092651	0.0367310000000316	epochs	2.0
607.6745730092651	0.018404300000042895	epochs	3.0
607.6929773092652	0.018326699999988705	epochs	3.0
607.7113040092652	0.03642289999993409	epochs	2.0
607.7113040092652	0.018249599999990096	epochs	3.0
607.7295536092652	0.018173299999943993	epochs	3.0
607.7477269092651	0.03612010000006194	epochs	2.0
607.7477269092651	0.0180976000000328	epochs	3.0
607.7658245092651	0.01802250000002914	epochs	3.0
607.7838470092652	0.03582210000001851	epochs	2.0
607.7838470092652	0.017947899999967376	epochs	3.0
607.8017949092651	0.017874200000051133	epochs	3.0
607.8196691092652	0.03552899999999681	epochs	2.0
607.8196691092652	0.017800799999918127	epochs	3.0
607.8374699092651	0.017728200000078687	epochs	3.0
607.8551981092652	0.035240699999917524	epochs	2.0
607.8551981092652	0.017656099999953767	epochs	3.0
607.8728542092651	0.017584599999963757	epochs	3.0
607.8904388092651	0.034957100000042374	epochs	2.0
607.8904388092651	0.01751369999999497	epochs	3.0
607.9079525092651	0.017443400000047404	epochs	3.0
607.9253959092651	0.03467790000001969	epochs	2.0
607.9253959092651	0.017373600000041733	epochs	3.0
607.9427695092652	0.017304299999977957	epochs	3.0
607.9600738092652	0.03440330000000813	epochs	2.0
607.9600738092652	0.01723570000001473	epochs	3.0
607.9773095092652	0.0171675999999934	epochs	3.0
607.9944771092652	0.03413279999995211	epochs	2.0
607.9944771092652	0.01709989999994832	epochs	3.0
608.0115770092651	0.017032900000003792	epochs	3.0
608.0286099092651	0.033866699999975935	epochs	2.0
608.0286099092651	0.01696640000000116	epochs	3.0
608.0455763092651	0.016900299999974777	epochs	3.0
608.0624766092651	0.03360459999998966	epochs	2.0
608.0624766092651	0.016834800000083305	epochs	3.0
608.0793114092652	0.016769799999906354	epochs	3.0
608.0960812092651	0.03334660000007261	epochs	2.0
608.0960812092651	0.016705300000012357	epochs	3.0
608.1127865092651	0.016641300000060255	epochs	3.0
608.1294278092652	0.03309249999995245	epochs	2.0
608.1294278092652	0.01657779999993636	epochs	3.0
608.1460056092651	0.01651470000001609	epochs	3.0
608.1625203092651	0.03284229999997024	epochs	2.0
608.1625203092651	0.01645220000000336	epochs	3.0
608.1789725092651	0.01639009999996688	epochs	3.0
608.1953626092651	0.03259570000000167	epochs	2.0
608.1953626092651	0.016328400000020338	epochs	3.0
608.2116910092651	0.016267299999981333	epochs	3.0
608.2279583092651	0.03235290000009172	epochs	2.0
608.2279583092651	0.016206600000032267	epochs	3.0
608.2441649092651	0.016146300000059455	epochs	3.0
608.2603112092652	0.03211369999996805	epochs	2.0
608.2603112092652	0.016086599999994178	epochs	3.0
608.2763978092652	0.01602709999997387	epochs	3.0
608.2924249092652	0.03187800000000607	epochs	2.0
608.2924249092652	0.015968199999974786	epochs	3.0
608.3083931092651	0.015909800000031282	epochs	3.0
608.3243029092652	0.031645700000012766	epochs	2.0
608.3243029092652	0.01585160000001906	epochs	3.0
608.3401545092652	0.015794099999993705	epochs	3.0
608.3559486092652	0.031416699999908815	epochs	2.0
608.3559486092652	0.01573669999993399	epochs	3.0
608.3716853092651	0.015679999999974825	epochs	3.0
608.3873653092651	0.031191100000114602	epochs	2.0
608.3873653092651	0.015623600000026272	epochs	3.0
608.4029889092651	0.01556750000008833	epochs	3.0
608.4185564092652	0.030968699999903038	epochs	2.0
608.4185564092652	0.015511999999944237	epochs	3.0
608.4340684092651	0.0154566999999588	epochs	3.0
608.4495251092651	0.03074950000006993	epochs	2.0
608.4495251092651	0.015401999999994587	epochs	3.0
608.4649271092651	0.015347500000075343	epochs	3.0
608.4802746092652	0.030533199999922545	epochs	2.0
608.4802746092652	0.015293400000018664	epochs	3.0
608.4955680092652	0.01523979999990388	epochs	3.0
608.5108078092651	0.03032010000003993	epochs	2.0
608.5108078092651	0.015186500000027081	epochs	3.0
608.5259943092651	0.015133600000012848	epochs	3.0
608.5411279092651	0.030109899999956724	epochs	2.0
608.5411279092651	0.015081000000009226	epochs	3.0
608.5562089092651	0.015028899999947498	epochs	3.0
608.5712378092651	0.02990250000004835	epochs	2.0
608.5712378092651	0.014977000000044427	epochs	3.0
608.5862148092651	0.014925500000003922	epochs	3.0
608.6011403092651	0.029698100000018712	epochs	2.0
608.6011403092651	0.014874400000053356	epochs	3.0
608.6160147092652	0.014823699999965356	epochs	3.0
608.6308384092652	0.02949630000000525	epochs	2.0
608.6308384092652	0.014773200000036013	epochs	3.0
608.6456116092652	0.014723099999969236	epochs	3.0
608.6603347092652	0.02929740000001857	epochs	2.0
608.6603347092652	0.014673399999992398	epochs	3.0
608.6750081092651	0.014624000000026172	epochs	3.0
608.6896321092652	0.029101099999934377	epochs	2.0
608.6896321092652	0.01457489999995687	epochs	3.0
608.7042070092651	0.014526199999977507	epochs	3.0
608.7187332092651	0.028907399999980044	epochs	2.0
608.7187332092651	0.014477700000043114	epochs	3.0
608.7332109092652	0.014429699999936929	epochs	3.0
608.7476406092651	0.028716200000076242	epochs	2.0
608.7476406092651	0.014381800000023759	epochs	3.0
608.7620224092651	0.014334400000052483	epochs	3.0
608.7763568092652	0.02852759999996124	epochs	2.0
608.7763568092652	0.01428720000001249	epochs	3.0
608.7906440092652	0.01424039999994875	epochs	3.0
608.8048844092651	0.028341400000044814	epochs	2.0
608.8048844092651	0.014193800000043666	epochs	3.0
608.8190782092652	0.014147600000001148	epochs	3.0
608.8332258092652	0.028157699999951546	epochs	2.0
608.8332258092652	0.014101699999969242	epochs	3.0
608.8473275092651	0.014055999999982305	epochs	3.0
608.8613835092651	0.027976299999977527	epochs	2.0
608.8613835092651	0.01401060000000598	epochs	3.0
608.8753941092651	0.013965699999971548	epochs	3.0
608.8893598092651	0.02779720000000907	epochs	2.0
608.8893598092651	0.013920800000050804	epochs	3.0
608.9032806092652	0.013876399999958267	epochs	3.0
608.9171570092651	0.027620400000046175	epochs	2.0
608.9171570092651	0.013832200000024386	epochs	3.0
608.9309892092651	0.013788200000021789	epochs	3.0
608.9447774092652	0.027445899999975154	epochs	2.0
608.9447774092652	0.013744599999995444	epochs	3.0
608.9585220092652	0.01370129999997971	epochs	3.0
608.9722233092651	0.027273499999978412	epochs	2.0
608.9722233092651	0.013658200000008947	epochs	3.0
608.9858815092651	0.013615299999969466	epochs	3.0
608.9994968092651	0.027103399999987232	epochs	2.0
608.9994968092651	0.013572800000019924	epochs	3.0
609.0130696092651	0.013530599999967308	epochs	3.0
609.0266002092651	0.02693520000002536	epochs	2.0
609.0266002092651	0.013488400000028378	epochs	3.0
609.0400886092651	0.013446799999996983	epochs	3.0
609.0535354092651	0.026769199999989723	epochs	2.0
609.0535354092651	0.013405199999965589	epochs	3.0
609.0669406092651	0.013364000000024134	epochs	3.0
609.0803046092651	0.026605200000062723	epochs	2.0
609.0803046092651	0.013322900000048321	epochs	3.0
609.0936275092652	0.013282300000014402	epochs	3.0
609.1069098092652	0.026443200000016986	epochs	2.0
609.1069098092652	0.013241699999980483	epochs	3.0
609.1201515092652	0.013201500000036503	epochs	3.0
609.1333530092652	0.0262831999999662	epochs	2.0
609.1333530092652	0.01316149999991012	epochs	3.0
609.1465145092651	0.01312170000005608	epochs	3.0
609.1596362092652	0.02612499999997908	epochs	2.0
609.1596362092652	0.013082100000019636	epochs	3.0
609.1727183092652	0.013042899999959445	epochs	3.0
609.1857612092651	0.025968899999952555	epochs	2.0
609.1857612092651	0.013003899999944224	epochs	3.0
609.1987651092651	0.012965000000008331	epochs	3.0
609.2117301092651	0.025814500000024054	epochs	2.0
609.2117301092651	0.01292640000008305	epochs	3.0
609.2246565092652	0.012888099999941005	epochs	3.0
609.2375446092651	0.025661900000045534	epochs	2.0
609.2375446092651	0.012849899999991976	epochs	3.0
609.2503945092651	0.012812000000053558	epochs	3.0
609.2632065092652	0.025511199999982637	epochs	2.0
609.2632065092652	0.012774400000012065	epochs	3.0
609.2759809092652	0.012736799999970572	epochs	3.0
609.2887177092651	0.025362299999983406	epochs	2.0
609.2887177092651	0.01269969999998466	epochs	3.0
609.3014174092651	0.012662599999998747	epochs	3.0
609.3140800092651	0.025215000000002874	epochs	2.0
609.3140800092651	0.012625800000023446	epochs	3.0
609.3267058092651	0.012589199999979428	epochs	3.0
609.3392950092651	0.024584799999956886	epochs	2.0
609.3633200092652	0.5	epochs	-1.0
609.3638798092651	0.5207200000000967	epochs	1.0
609.8845998092652	0.47919999999999163	epochs	0.0
610.8590002059937	0.03887999999994918	epochs	0.0
610.8590002059937	0.01444000000003598	epochs	1.0
610.8734402059937	0.009999999999990905	epochs	1.0
610.8834402059937	0.014439999999922293	epochs	1.0
610.8978802059936	2.0	epochs	0.0
612.8978802059936	21.54096000000004	epochs	0.0
612.8978802059936	1.0	epochs	1.0
612.8978804059936	0.5	epochs	-1.0
613.3978804059936	19.99944000000005	epochs	-1.0
613.8978802059936	20.0	epochs	1.0
613.8978802059936	4.356753900000058	epochs	-1.0
613.8978802059936	1.9745872000000873	epochs	2.0
613.8978802059936	1.0985622000000603	epochs	3.0
614.9964424059937	0.8760250000000269	epochs	3.0
615.8724674059937	1.352407499999913	epochs	2.0
615.8724674059937	0.7286354999999958	epochs	3.0
616.6011029059937	0.6237719999999172	epochs	3.0
617.2248749059936	1.0297592000000577	epochs	2.0
617.2248749059936	0.5453293000000485	epochs	3.0
617.7702042059937	0.4844299000000092	epochs	3.0
618.2546341059937	0.8317862000000105	epochs	2.0
618.2546341059937	0.4357763000000432	epochs	3.0
618.6904104059937	0.3960098999999673	epochs	3.0
619.0864203059937	0.6977970000000369	epochs	2.0
619.0864203059937	0.3628982000000178	epochs	3.0
619.4493185059937	0.33489880000001904	epochs	3.0
619.7842173059937	0.601045699999986	epochs	2.0
619.7842173059937	0.3109122999999272	epochs	3.0
620.0951296059936	0.2901334000000588	epochs	3.0
620.3852630059937	0.5278859000000011	epochs	2.0
620.3852630059937	0.2719585999999481	epochs	3.0
620.6572216059936	0.25592730000005304	epochs	3.0
620.9131489059937	0.470619299999953	epochs	2.0
620.9131489059937	0.241681299999982	epochs	3.0
621.1548302059937	0.228937999999971	epochs	3.0
621.3837682059936	0.42457039999999324	epochs	2.0
621.3837682059936	0.21747140000002219	epochs	3.0
621.6012396059937	0.20709899999997106	epochs	3.0
621.8083386059936	0.3867354000000205	epochs	2.0
621.8083386059936	0.19767109999997956	epochs	3.0
622.0060097059936	0.18906430000004093	epochs	3.0
622.1950740059937	0.3550953000000163	epochs	2.0
622.1950740059937	0.18117589999997108	epochs	3.0
622.3762499059936	0.17391940000004524	epochs	3.0
622.5501693059937	0.3282431000000088	epochs	2.0
622.5501693059937	0.16722189999995862	epochs	3.0
622.7173912059936	0.16102120000005016	epochs	3.0
622.8784124059937	0.30516799999998057	epochs	2.0
622.8784124059937	0.15526389999990897	epochs	3.0
623.0336763059936	0.1499041000000716	epochs	3.0
623.1835804059937	0.28512530000000424	epochs	2.0
623.1835804059937	0.1449020999999675	epochs	3.0
623.3284825059936	0.14022320000003674	epochs	3.0
623.4687057059937	0.2675537999999733	epochs	2.0
623.4687057059937	0.1358368999999584	epochs	3.0
623.6045426059936	0.1317169000000149	epochs	3.0
623.7362595059936	0.2520229000000427	epochs	2.0
623.7362595059936	0.1278393000000051	epochs	3.0
623.8640988059936	0.12418360000003759	epochs	3.0
623.9882824059937	0.23819649999995818	epochs	2.0
623.9882824059937	0.12073109999994358	epochs	3.0
624.1090135059936	0.1174654000000146	epochs	3.0
624.2264789059936	0.2258087999999816	epochs	2.0
624.2264789059936	0.11437190000003739	epochs	3.0
624.3408508059937	0.11143689999994422	epochs	3.0
624.4522877059936	0.2146460000000161	epochs	2.0
624.4522877059936	0.10864890000004834	epochs	3.0
624.5609366059937	0.10599709999996776	epochs	3.0
624.6669337059936	0.20453499999996438	epochs	2.0
624.6669337059936	0.10347149999995509	epochs	3.0
624.7704052059936	0.1010635000000093	epochs	3.0
624.8714687059936	0.19533400000000256	epochs	2.0
624.8714687059936	0.09876510000003691	epochs	3.0
624.9702338059936	0.09656889999996565	epochs	3.0
625.0668027059936	0.1869253000000981	epochs	2.0
625.0668027059936	0.09446830000001682	epochs	3.0
625.1612710059936	0.09245700000008128	epochs	3.0
625.2537280059937	0.17921069999999872	epochs	2.0
625.2537280059937	0.09052959999996801	epochs	3.0
625.3442576059937	0.08868110000003071	epochs	3.0
625.4329387059937	0.17210769999996955	epochs	2.0
625.4329387059937	0.08690629999989596	epochs	3.0
625.5198450059936	0.08520140000007359	epochs	3.0
625.6050464059937	0.1655463999999256	epochs	2.0
625.6050464059937	0.08356189999994967	epochs	3.0
625.6886083059936	0.08198449999997592	epochs	3.0
625.7705928059936	0.15946710000002895	epochs	2.0
625.7705928059936	0.08046540000009372	epochs	3.0
625.8510582059937	0.07900169999993523	epochs	3.0
625.9300599059936	0.15381839999997737	epochs	2.0
625.9300599059936	0.07759010000006583	epochs	3.0
626.0076500059937	0.07622829999991154	epochs	3.0
626.0838783059936	0.14855640000007497	epochs	2.0
626.0838783059936	0.07491330000004837	epochs	3.0
626.1587916059937	0.0736431000000266	epochs	3.0
626.2324347059937	0.14364239999997608	epochs	2.0
626.2324347059937	0.07241499999997814	epochs	3.0
626.3048497059937	0.07122739999999794	epochs	3.0
626.3760771059937	0.13904309999998077	epochs	2.0
626.3760771059937	0.07007799999996678	epochs	3.0
626.4461551059936	0.06896510000001399	epochs	3.0
626.5151202059936	0.1347293000000036	epochs	2.0
626.5151202059936	0.0678871000000072	epochs	3.0
626.5830073059936	0.06684219999999641	epochs	3.0
626.6498495059936	0.1306752000000415	epochs	2.0
626.6498495059936	0.06582909999997355	epochs	3.0
626.7156786059936	0.06484610000006796	epochs	3.0
626.7805247059937	0.1268577999999252	epochs	2.0
626.7805247059937	0.06389200000000983	epochs	3.0
626.8444167059937	0.06296579999991536	epochs	3.0
626.9073825059936	0.12325720000001184	epochs	2.0
626.9073825059936	0.06206580000002759	epochs	3.0
626.9694483059936	0.06119139999998424	epochs	3.0
627.0306397059936	0.11985540000000583	epochs	2.0
627.0306397059936	0.06034110000007331	epochs	3.0
627.0909808059937	0.05951429999993252	epochs	3.0
627.1504951059936	0.11663620000001629	epochs	2.0
627.1504951059936	0.05870960000004288	epochs	3.0
627.2092047059937	0.057926599999973405	epochs	3.0
627.2671313059936	0.11358559999996487	epochs	2.0
627.2671313059936	0.05716419999998834	epochs	3.0
627.3242955059936	0.05642139999997653	epochs	3.0
627.3807169059936	0.11069050000003244	epochs	2.0
627.3807169059936	0.055697900000041045	epochs	3.0
627.4364148059936	0.0549925999999914	epochs	3.0
627.4914074059936	0.1079391000000669	epochs	2.0
627.4914074059936	0.05430490000003374	epochs	3.0
627.5457123059937	0.05363420000003316	epochs	3.0
627.5993465059937	0.10532149999994544	epochs	2.0
627.5993465059937	0.05297999999993408	epochs	3.0
627.6523265059936	0.052341500000011365	epochs	3.0
627.7046680059937	0.10282759999995505	epochs	2.0
627.7046680059937	0.05171810000001642	epochs	3.0
627.7563861059937	0.051109499999938635	epochs	3.0
627.8074956059936	0.10044909999999163	epochs	2.0
627.8074956059936	0.050514900000052876	epochs	3.0
627.8580105059937	0.049934199999938755	epochs	3.0
627.9079447059936	0.09817830000008598	epochs	2.0
627.9079447059936	0.049366600000098515	epochs	3.0
627.9573113059937	0.04881169999998747	epochs	3.0
628.0061230059937	0.09600779999993847	epochs	2.0
628.0061230059937	0.04826919999993606	epochs	3.0
628.0543922059936	0.04773860000000241	epochs	3.0
628.1021308059936	0.09393120000004274	epochs	2.0
628.1021308059936	0.04721949999998287	epochs	3.0
628.1493503059936	0.046711700000059864	epochs	3.0
628.1960620059937	0.09194260000003851	epochs	2.0
628.1960620059937	0.046214599999984785	epochs	3.0
628.2422766059937	0.045728000000053726	epochs	3.0
628.2880046059937	0.09003629999995155	epochs	2.0
628.2880046059937	0.045251499999949374	epochs	3.0
628.3332561059937	0.04478480000000218	epochs	3.0
628.3780409059937	0.08820760000003247	epochs	2.0
628.3780409059937	0.044327800000019124	epochs	3.0
628.4223687059937	0.04387980000001335	epochs	3.0
628.4662485059937	0.0864516999999978	epochs	2.0
628.4662485059937	0.04344099999991613	epochs	3.0
628.5096895059936	0.04301070000008167	epochs	3.0
628.5527002059937	0.08476429999996071	epochs	2.0
628.5527002059937	0.04258899999990717	epochs	3.0
628.5952892059936	0.04217530000005354	epochs	3.0
628.6374645059936	0.08314150000001064	epochs	2.0
628.6374645059936	0.04176970000003166	epochs	3.0
628.6792342059937	0.041371799999978975	epochs	3.0
628.7206060059937	0.08157970000002024	epochs	2.0
628.7206060059937	0.040981399999964196	epochs	3.0
628.7615874059936	0.04059830000005604	epochs	3.0
628.8021857059937	0.08007550000002084	epochs	2.0
628.8021857059937	0.04022229999998217	epochs	3.0
628.8424080059937	0.03985320000003867	epochs	3.0
628.8822612059937	0.07862569999997504	epochs	2.0
628.8822612059937	0.0394907999999532	epochs	3.0
628.9217520059937	0.039134900000021844	epochs	3.0
628.9608869059937	0.07722760000001472	epochs	2.0
628.9608869059937	0.03878539999993791	epochs	3.0
628.9996723059936	0.03844220000007681	epochs	3.0
629.0381145059937	0.07587819999992007	epochs	2.0
629.0381145059937	0.03810479999992822	epochs	3.0
629.0762193059936	0.03777339999999185	epochs	3.0
629.1139927059936	0.0745752000000266	epochs	2.0
629.1139927059936	0.03744770000002973	epochs	3.0
629.1514404059936	0.03712749999999687	epochs	3.0
629.1885679059936	0.07331629999998768	epochs	2.0
629.1885679059936	0.036812899999972615	epochs	3.0
629.2253808059936	0.03650340000001506	epochs	3.0
629.2618842059936	0.07209899999998015	epochs	2.0
629.2618842059936	0.03619909999997617	epochs	3.0
629.2980833059936	0.03589990000000398	epochs	3.0
629.3339832059936	0.07092170000009901	epochs	2.0
629.3339832059936	0.03560560000005353	epochs	3.0
629.3695888059937	0.03531610000004548	epochs	3.0
629.4049049059937	0.0697819999999183	epochs	2.0
629.4049049059937	0.03503119999993487	epochs	3.0
629.4399361059936	0.03475079999998343	epochs	3.0
629.4746869059936	0.06867859999999837	epochs	2.0
629.4746869059936	0.03447510000000875	epochs	3.0
629.5091620059936	0.03420349999998962	epochs	3.0
629.5433655059936	0.06760930000007193	epochs	2.0
629.5433655059936	0.03393620000008468	epochs	3.0
629.5773017059937	0.033673099999987244	epochs	3.0
629.6109748059937	0.06657289999998284	epochs	2.0
629.6109748059937	0.03341399999999339	epochs	3.0
629.6443888059937	0.033158899999989444	epochs	3.0
629.6775477059937	0.06556779999993978	epochs	2.0
629.6775477059937	0.032907700000009754	epochs	3.0
629.7104554059937	0.032660099999930026	epochs	3.0
629.7431155059936	0.06459260000008271	epochs	2.0
629.7431155059936	0.032416399999988244	epochs	3.0
629.7755319059936	0.03217620000009447	epochs	3.0
629.8077081059937	0.0636459999999488	epochs	2.0
629.8077081059937	0.03193959999998697	epochs	3.0
629.8396477059937	0.03170639999996183	epochs	3.0
629.8713541059936	0.0627266999999847	epochs	2.0
629.8713541059936	0.03147660000001906	epochs	3.0
629.9028307059937	0.03125009999996564	epochs	3.0
629.9340808059936	0.06183359999999993	epochs	2.0
629.9340808059936	0.031026900000028945	epochs	3.0
629.9651077059937	0.030806699999970988	epochs	3.0
629.9959144059936	0.06096560000003137	epochs	2.0
629.9959144059936	0.030589800000029754	epochs	3.0
630.0265042059937	0.030375800000001618	epochs	3.0
630.0568800059937	0.06012160000000222	epochs	2.0
630.0568800059937	0.030164900000045236	epochs	3.0
630.0870449059937	0.02995669999995698	epochs	3.0
630.1170016059937	0.05930069999999432	epochs	2.0
630.1170016059937	0.02975159999994048	epochs	3.0
630.1467532059936	0.02954910000005384	epochs	3.0
630.1763023059937	0.05850180000004457	epochs	2.0
630.1763023059937	0.02934940000000097	epochs	3.0
630.2056517059937	0.0291524000000436	epochs	3.0
630.2348041059937	0.05772419999993872	epochs	2.0
630.2348041059937	0.028957999999988715	epochs	3.0
630.2637621059937	0.028766199999950004	epochs	3.0
630.2925283059936	0.05696710000006533	epochs	2.0
630.2925283059936	0.028577000000041153	epochs	3.0
630.3211053059937	0.028390100000024177	epochs	3.0
630.3494954059937	0.05622949999997218	epochs	2.0
630.3494954059937	0.028205699999944045	epochs	3.0
630.3777011059937	0.028023800000028132	epochs	3.0
630.4057249059937	0.05551070000001346	epochs	2.0
630.4057249059937	0.027843999999959124	epochs	3.0
630.4335689059936	0.027666700000054334	epochs	3.0
630.4612356059937	0.05481019999990622	epochs	2.0
630.4612356059937	0.02749149999999645	epochs	3.0
630.4887271059937	0.027318699999909768	epochs	3.0
630.5160458059936	0.05412700000010773	epochs	2.0
630.5160458059936	0.02714780000007977	epochs	3.0
630.5431936059937	0.02697920000002796	epochs	3.0
630.5701728059937	0.053460699999959616	epochs	2.0
630.5701728059937	0.0268125999999711	epochs	3.0
630.5969854059937	0.026648099999988517	epochs	3.0
630.6236335059937	0.05281070000000909	epochs	2.0
630.6236335059937	0.026485600000000886	epochs	3.0
630.6501191059937	0.026325100000008206	epochs	3.0
630.6764442059937	0.05217619999996259	epochs	2.0
630.6764442059937	0.026166399999965506	epochs	3.0
630.7026106059936	0.026009799999997085	epochs	3.0
630.7286204059936	0.051556699999991906	epochs	2.0
630.7286204059936	0.025854800000047362	epochs	3.0
630.7544752059937	0.025701899999944544	epochs	3.0
630.7801771059936	0.05095189999997274	epochs	2.0
630.7801771059936	0.02555070000005344	epochs	3.0
630.8057278059937	0.0254011999999193	epochs	3.0
630.8311290059936	0.05036100000006627	epochs	2.0
630.8311290059936	0.0252535000000762	epochs	3.0
630.8563825059937	0.02510749999999007	epochs	3.0
630.8814900059937	0.049783800000000156	epochs	2.0
630.8814900059937	0.02496320000000196	epochs	3.0
630.9064532059937	0.024820599999998194	epochs	3.0
630.9312738059937	0.04921949999993558	epochs	2.0
630.9312738059937	0.024679399999968155	epochs	3.0
630.9559532059936	0.024540099999967424	epochs	3.0
630.9804933059936	0.04866790000005494	epochs	2.0
630.9804933059936	0.024402100000088467	epochs	3.0
631.0048954059937	0.024265799999966475	epochs	3.0
631.0291612059937	0.04812860000004093	epochs	2.0
631.0291612059937	0.024131000000011227	epochs	3.0
631.0532922059937	0.023997600000029706	epochs	3.0
631.0772898059937	0.04760109999995166	epochs	2.0
631.0772898059937	0.023865799999953197	epochs	3.0
631.1011556059937	0.02373529999999846	epochs	3.0
631.1248909059937	0.047085000000038235	epochs	2.0
631.1248909059937	0.023606299999983094	epochs	3.0
631.1484972059936	0.02347870000005514	epochs	3.0
631.1719759059937	0.046579999999948996	epochs	2.0
631.1719759059937	0.02335249999998723	epochs	3.0
631.1953284059937	0.023227499999961765	epochs	3.0
631.2185559059936	0.046085700000048746	epochs	2.0
631.2185559059936	0.023103999999989355	epochs	3.0
631.2416599059936	0.02298170000005939	epochs	3.0
631.2646416059937	0.045601799999985815	epochs	2.0
631.2646416059937	0.02286069999991014	epochs	3.0
631.2875023059936	0.022741100000075676	epochs	3.0
631.3102434059937	0.04512790000001132	epochs	2.0
631.3102434059937	0.022622500000011314	epochs	3.0
631.3328659059937	0.02250540000000001	epochs	3.0
631.3553713059937	0.044663799999966614	epochs	2.0
631.3553713059937	0.02238929999998618	epochs	3.0
631.3777606059937	0.022274499999980435	epochs	3.0
631.4000351059937	0.04420919999995476	epochs	2.0
631.4000351059937	0.022160800000051495	epochs	3.0
631.4221959059937	0.022048399999903268	epochs	3.0
631.4442443059936	0.043763600000033875	epochs	2.0
631.4442443059936	0.021936900000014248	epochs	3.0
631.4661812059936	0.021826700000019628	epochs	3.0
631.4880079059936	0.04332710000005591	epochs	2.0
631.4880079059936	0.021717599999988124	epochs	3.0
631.5097255059936	0.021609500000067783	epochs	3.0
631.5313350059937	0.042898999999920306	epochs	2.0
631.5313350059937	0.02150249999999687	epochs	3.0
631.5528375059937	0.021396499999923435	epochs	3.0
631.5742340059936	0.042479500000013104	epochs	2.0
631.5742340059936	0.02129170000000613	epochs	3.0
631.5955257059936	0.021187800000006973	epochs	3.0
631.6167135059936	0.042067900000006375	epochs	2.0
631.6167135059936	0.02108490000000529	epochs	3.0
631.6377984059936	0.020983000000001084	epochs	3.0
631.6587814059936	0.04166440000005878	epochs	2.0
631.6587814059936	0.02088220000007368	epochs	3.0
631.6796636059937	0.020782199999985096	epochs	3.0
631.7004458059937	0.04126850000000104	epochs	2.0
631.7004458059937	0.020683299999973315	epochs	3.0
631.7211291059937	0.020585200000027726	epochs	3.0
631.7417143059937	0.040879999999901884	epochs	2.0
631.7417143059937	0.020488099999965925	epochs	3.0
631.7622024059937	0.02039189999993596	epochs	3.0
631.7825943059936	0.04049880000002304	epochs	2.0
631.7825943059936	0.020296600000051512	epochs	3.0
631.8028909059936	0.020202199999971526	epochs	3.0
631.8230931059936	0.04012460000001283	epochs	2.0
631.8230931059936	0.02010870000003706	epochs	3.0
631.8432018059937	0.020015899999975773	epochs	3.0
631.8632177059936	0.03975730000001931	epochs	2.0
631.8632177059936	0.019924199999991288	epochs	3.0
631.8831419059936	0.019833100000028026	epochs	3.0
631.9029750059937	0.03939669999999751	epochs	2.0
631.9029750059937	0.01974299999994855	epochs	3.0
631.9227180059936	0.019653700000048957	epochs	3.0
631.9423717059937	0.03904239999997117	epochs	2.0
631.9423717059937	0.01956510000002254	epochs	3.0
631.9619368059937	0.019477299999948627	epochs	3.0
631.9814141059936	0.03869459999998526	epochs	2.0
631.9814141059936	0.019390400000020236	epochs	3.0
632.0008045059936	0.01930419999996502	epochs	3.0
632.0201087059936	0.03835290000006353	epochs	2.0
632.0201087059936	0.019218800000089686	epochs	3.0
632.0393275059937	0.01913409999997384	epochs	3.0
632.0584616059937	0.03801720000001296	epochs	2.0
632.0584616059937	0.019050200000037876	epochs	3.0
632.0775118059937	0.018966999999975087	epochs	3.0
632.0964788059937	0.03768719999993664	epochs	2.0
632.0964788059937	0.01888450000001285	epochs	3.0
632.1153633059937	0.01880269999992379	epochs	3.0
632.1341660059936	0.03736309999999321	epochs	2.0
632.1341660059936	0.018721700000014607	epochs	3.0
632.1528877059936	0.018641399999978603	epochs	3.0
632.1715291059936	0.03704430000004777	epochs	2.0
632.1715291059936	0.01856159999999818	epochs	3.0
632.1900907059936	0.01848270000004959	epochs	3.0
632.2085734059937	0.0367310000000316	epochs	2.0
632.2085734059937	0.018404300000042895	epochs	3.0
632.2269777059937	0.018326699999988705	epochs	3.0
632.2453044059937	0.03642289999993409	epochs	2.0
632.2453044059937	0.018249599999990096	epochs	3.0
632.2635540059937	0.018173299999943993	epochs	3.0
632.2817273059936	0.03612010000006194	epochs	2.0
632.2817273059936	0.0180976000000328	epochs	3.0
632.2998249059937	0.01802250000002914	epochs	3.0
632.3178474059937	0.03582210000001851	epochs	2.0
632.3178474059937	0.017947899999967376	epochs	3.0
632.3357953059937	0.017874200000051133	epochs	3.0
632.3536695059937	0.03552899999999681	epochs	2.0
632.3536695059937	0.017800799999918127	epochs	3.0
632.3714703059936	0.017728200000078687	epochs	3.0
632.3891985059937	0.035240699999917524	epochs	2.0
632.3891985059937	0.017656099999953767	epochs	3.0
632.4068546059937	0.017584599999963757	epochs	3.0
632.4244392059936	0.034957100000042374	epochs	2.0
632.4244392059936	0.01751369999999497	epochs	3.0
632.4419529059936	0.017443400000047404	epochs	3.0
632.4593963059937	0.03467790000001969	epochs	2.0
632.4593963059937	0.017373600000041733	epochs	3.0
632.4767699059937	0.017304299999977957	epochs	3.0
632.4940742059937	0.03440330000000813	epochs	2.0
632.4940742059937	0.01723570000001473	epochs	3.0
632.5113099059937	0.0171675999999934	epochs	3.0
632.5284775059937	0.03413279999995211	epochs	2.0
632.5284775059937	0.01709989999994832	epochs	3.0
632.5455774059936	0.017032900000003792	epochs	3.0
632.5626103059936	0.033866699999975935	epochs	2.0
632.5626103059936	0.01696640000000116	epochs	3.0
632.5795767059936	0.016900299999974777	epochs	3.0
632.5964770059936	0.03360459999998966	epochs	2.0
632.5964770059936	0.016834800000083305	epochs	3.0
632.6133118059937	0.016769799999906354	epochs	3.0
632.6300816059936	0.03334660000007261	epochs	2.0
632.6300816059936	0.016705300000012357	epochs	3.0
632.6467869059936	0.016641300000060255	epochs	3.0
632.6634282059937	0.03309249999995245	epochs	2.0
632.6634282059937	0.01657779999993636	epochs	3.0
632.6800060059936	0.01651470000001609	epochs	3.0
632.6965207059936	0.03284229999997024	epochs	2.0
632.6965207059936	0.01645220000000336	epochs	3.0
632.7129729059936	0.01639009999996688	epochs	3.0
632.7293630059936	0.03259570000000167	epochs	2.0
632.7293630059936	0.016328400000020338	epochs	3.0
632.7456914059936	0.016267299999981333	epochs	3.0
632.7619587059936	0.03235290000009172	epochs	2.0
632.7619587059936	0.016206600000032267	epochs	3.0
632.7781653059936	0.016146300000059455	epochs	3.0
632.7943116059937	0.03211369999996805	epochs	2.0
632.7943116059937	0.016086599999994178	epochs	3.0
632.8103982059937	0.01602709999997387	epochs	3.0
632.8264253059937	0.03187800000000607	epochs	2.0
632.8264253059937	0.015968199999974786	epochs	3.0
632.8423935059936	0.015909800000031282	epochs	3.0
632.8583033059937	0.031645700000012766	epochs	2.0
632.8583033059937	0.01585160000001906	epochs	3.0
632.8741549059937	0.015794099999993705	epochs	3.0
632.8899490059937	0.031416699999908815	epochs	2.0
632.8899490059937	0.01573669999993399	epochs	3.0
632.9056857059936	0.015679999999974825	epochs	3.0
632.9213657059936	0.031191100000114602	epochs	2.0
632.9213657059936	0.015623600000026272	epochs	3.0
632.9369893059936	0.01556750000008833	epochs	3.0
632.9525568059937	0.030968699999903038	epochs	2.0
632.9525568059937	0.015511999999944237	epochs	3.0
632.9680688059937	0.0154566999999588	epochs	3.0
632.9835255059936	0.03074950000006993	epochs	2.0
632.9835255059936	0.015401999999994587	epochs	3.0
632.9989275059936	0.015347500000075343	epochs	3.0
633.0142750059937	0.030533199999922545	epochs	2.0
633.0142750059937	0.015293400000018664	epochs	3.0
633.0295684059937	0.01523979999990388	epochs	3.0
633.0448082059936	0.03032010000003993	epochs	2.0
633.0448082059936	0.015186500000027081	epochs	3.0
633.0599947059936	0.015133600000012848	epochs	3.0
633.0751283059936	0.030109899999956724	epochs	2.0
633.0751283059936	0.015081000000009226	epochs	3.0
633.0902093059937	0.015028899999947498	epochs	3.0
633.1052382059936	0.02990250000004835	epochs	2.0
633.1052382059936	0.014977000000044427	epochs	3.0
633.1202152059936	0.014925500000003922	epochs	3.0
633.1351407059936	0.029698100000018712	epochs	2.0
633.1351407059936	0.014874400000053356	epochs	3.0
633.1500151059937	0.014823699999965356	epochs	3.0
633.1648388059937	0.02949630000000525	epochs	2.0
633.1648388059937	0.014773200000036013	epochs	3.0
633.1796120059937	0.014723099999969236	epochs	3.0
633.1943351059937	0.02929740000001857	epochs	2.0
633.1943351059937	0.014673399999992398	epochs	3.0
633.2090085059937	0.014624000000026172	epochs	3.0
633.2236325059937	0.029101099999934377	epochs	2.0
633.2236325059937	0.01457489999995687	epochs	3.0
633.2382074059936	0.014526199999977507	epochs	3.0
633.2527336059936	0.028907399999980044	epochs	2.0
633.2527336059936	0.014477700000043114	epochs	3.0
633.2672113059937	0.014429699999936929	epochs	3.0
633.2816410059936	0.028716200000076242	epochs	2.0
633.2816410059936	0.014381800000023759	epochs	3.0
633.2960228059936	0.014334400000052483	epochs	3.0
633.3103572059937	0.02852759999996124	epochs	2.0
633.3103572059937	0.01428720000001249	epochs	3.0
633.3246444059937	0.01424039999994875	epochs	3.0
633.3388848059936	0.028341400000044814	epochs	2.0
633.3388848059936	0.014193800000043666	epochs	3.0
633.3530786059937	0.014147600000001148	epochs	3.0
633.3672262059937	0.028157699999951546	epochs	2.0
633.3672262059937	0.014101699999969242	epochs	3.0
633.3813279059937	0.014055999999982305	epochs	3.0
633.3953839059936	0.027976299999977527	epochs	2.0
633.3953839059936	0.01401060000000598	epochs	3.0
633.4093945059936	0.013965699999971548	epochs	3.0
633.4233602059936	0.02779720000000907	epochs	2.0
633.4233602059936	0.013920800000050804	epochs	3.0
633.4372810059937	0.013876399999958267	epochs	3.0
633.4511574059936	0.027620400000046175	epochs	2.0
633.4511574059936	0.013832200000024386	epochs	3.0
633.4649896059937	0.013788200000021789	epochs	3.0
633.4787778059937	0.027445899999975154	epochs	2.0
633.4787778059937	0.013744599999995444	epochs	3.0
633.4925224059937	0.01370129999997971	epochs	3.0
633.5062237059936	0.027273499999978412	epochs	2.0
633.5062237059936	0.013658200000008947	epochs	3.0
633.5198819059937	0.013615299999969466	epochs	3.0
633.5334972059936	0.027103399999987232	epochs	2.0
633.5334972059936	0.013572800000019924	epochs	3.0
633.5470700059936	0.013530599999967308	epochs	3.0
633.5606006059936	0.02693520000002536	epochs	2.0
633.5606006059936	0.013488400000028378	epochs	3.0
633.5740890059936	0.013446799999996983	epochs	3.0
633.5875358059936	0.026769199999989723	epochs	2.0
633.5875358059936	0.013405199999965589	epochs	3.0
633.6009410059936	0.013364000000024134	epochs	3.0
633.6143050059936	0.026605200000062723	epochs	2.0
633.6143050059936	0.013322900000048321	epochs	3.0
633.6276279059937	0.013282300000014402	epochs	3.0
633.6409102059937	0.026443200000016986	epochs	2.0
633.6409102059937	0.013241699999980483	epochs	3.0
633.6541519059937	0.013201500000036503	epochs	3.0
633.6673534059937	0.0262831999999662	epochs	2.0
633.6673534059937	0.01316149999991012	epochs	3.0
633.6805149059936	0.01312170000005608	epochs	3.0
633.6936366059937	0.02612499999997908	epochs	2.0
633.6936366059937	0.013082100000019636	epochs	3.0
633.7067187059937	0.013042899999959445	epochs	3.0
633.7197616059937	0.025968899999952555	epochs	2.0
633.7197616059937	0.013003899999944224	epochs	3.0
633.7327655059936	0.012965000000008331	epochs	3.0
633.7457305059936	0.025814500000024054	epochs	2.0
633.7457305059936	0.01292640000008305	epochs	3.0
633.7586569059937	0.012888099999941005	epochs	3.0
633.7715450059936	0.025661900000045534	epochs	2.0
633.7715450059936	0.012849899999991976	epochs	3.0
633.7843949059936	0.012812000000053558	epochs	3.0
633.7972069059937	0.025511199999982637	epochs	2.0
633.7972069059937	0.012774400000012065	epochs	3.0
633.8099813059937	0.012736799999970572	epochs	3.0
633.8227181059937	0.025362299999983406	epochs	2.0
633.8227181059937	0.01269969999998466	epochs	3.0
633.8354178059936	0.012662599999998747	epochs	3.0
633.8480804059936	0.025215000000002874	epochs	2.0
633.8480804059936	0.012625800000023446	epochs	3.0
633.8607062059937	0.012589199999979428	epochs	3.0
633.8732954059936	0.024584799999956886	epochs	2.0
633.8973204059937	0.5	epochs	-1.0
633.8978802059936	0.540960000000041	epochs	1.0
634.4388402059936	0.45896000000004733	epochs	0.0
635.204999923706	0.03887999999994918	epochs	0.0
635.204999923706	0.01444000000003598	epochs	1.0
635.2194399237061	0.009999999999990905	epochs	1.0
635.2294399237061	0.014439999999922293	epochs	1.0
635.243879923706	2.0	epochs	0.0
637.243879923706	21.540480000000002	epochs	0.0
637.243879923706	1.0	epochs	1.0
637.243880123706	0.5	epochs	-1.0
637.743880123706	19.99944000000005	epochs	-1.0
638.243879923706	20.0	epochs	1.0
638.243879923706	4.356753900000058	epochs	-1.0
638.243879923706	1.9745872000000873	epochs	2.0
638.243879923706	1.0985622000000603	epochs	3.0
639.3424421237061	0.8760250000000269	epochs	3.0
640.2184671237061	1.352407499999913	epochs	2.0
640.2184671237061	0.7286354999999958	epochs	3.0
640.9471026237061	0.6237719999999172	epochs	3.0
641.570874623706	1.0297592000000577	epochs	2.0
641.570874623706	0.5453293000000485	epochs	3.0
642.116203923706	0.4844299000000092	epochs	3.0
642.6006338237061	0.8317862000000105	epochs	2.0
642.6006338237061	0.4357763000000432	epochs	3.0
643.0364101237061	0.3960098999999673	epochs	3.0
643.4324200237061	0.6977970000000369	epochs	2.0
643.4324200237061	0.3628982000000178	epochs	3.0
643.7953182237061	0.33489880000001904	epochs	3.0
644.1302170237061	0.601045699999986	epochs	2.0
644.1302170237061	0.3109122999999272	epochs	3.0
644.441129323706	0.2901334000000588	epochs	3.0
644.7312627237061	0.5278859000000011	epochs	2.0
644.7312627237061	0.2719585999999481	epochs	3.0
645.003221323706	0.25592730000005304	epochs	3.0
645.2591486237061	0.470619299999953	epochs	2.0
645.2591486237061	0.241681299999982	epochs	3.0
645.5008299237061	0.228937999999971	epochs	3.0
645.729767923706	0.42457039999999324	epochs	2.0
645.729767923706	0.21747140000002219	epochs	3.0
645.9472393237061	0.20709899999997106	epochs	3.0
646.154338323706	0.3867354000000205	epochs	2.0
646.154338323706	0.19767109999997956	epochs	3.0
646.352009423706	0.18906430000004093	epochs	3.0
646.5410737237061	0.3550953000000163	epochs	2.0
646.5410737237061	0.18117589999997108	epochs	3.0
646.722249623706	0.17391940000004524	epochs	3.0
646.8961690237061	0.3282431000000088	epochs	2.0
646.8961690237061	0.16722189999995862	epochs	3.0
647.063390923706	0.16102120000005016	epochs	3.0
647.2244121237061	0.30516799999998057	epochs	2.0
647.2244121237061	0.15526389999990897	epochs	3.0
647.379676023706	0.1499041000000716	epochs	3.0
647.5295801237061	0.28512530000000424	epochs	2.0
647.5295801237061	0.1449020999999675	epochs	3.0
647.674482223706	0.14022320000003674	epochs	3.0
647.8147054237061	0.2675537999999733	epochs	2.0
647.8147054237061	0.1358368999999584	epochs	3.0
647.950542323706	0.1317169000000149	epochs	3.0
648.082259223706	0.2520229000000427	epochs	2.0
648.082259223706	0.1278393000000051	epochs	3.0
648.210098523706	0.12418360000003759	epochs	3.0
648.3342821237061	0.23819649999995818	epochs	2.0
648.3342821237061	0.12073109999994358	epochs	3.0
648.455013223706	0.1174654000000146	epochs	3.0
648.572478623706	0.2258087999999816	epochs	2.0
648.572478623706	0.11437190000003739	epochs	3.0
648.6868505237061	0.11143689999994422	epochs	3.0
648.798287423706	0.2146460000000161	epochs	2.0
648.798287423706	0.10864890000004834	epochs	3.0
648.9069363237061	0.10599709999996776	epochs	3.0
649.012933423706	0.20453499999996438	epochs	2.0
649.012933423706	0.10347149999995509	epochs	3.0
649.116404923706	0.1010635000000093	epochs	3.0
649.217468423706	0.19533400000000256	epochs	2.0
649.217468423706	0.09876510000003691	epochs	3.0
649.316233523706	0.09656889999996565	epochs	3.0
649.412802423706	0.1869253000000981	epochs	2.0
649.412802423706	0.09446830000001682	epochs	3.0
649.507270723706	0.09245700000008128	epochs	3.0
649.5997277237061	0.17921069999999872	epochs	2.0
649.5997277237061	0.09052959999996801	epochs	3.0
649.6902573237061	0.08868110000003071	epochs	3.0
649.7789384237061	0.17210769999996955	epochs	2.0
649.7789384237061	0.08690629999989596	epochs	3.0
649.865844723706	0.08520140000007359	epochs	3.0
649.9510461237061	0.1655463999999256	epochs	2.0
649.9510461237061	0.08356189999994967	epochs	3.0
650.034608023706	0.08198449999997592	epochs	3.0
650.116592523706	0.15946710000002895	epochs	2.0
650.116592523706	0.08046540000009372	epochs	3.0
650.1970579237061	0.07900169999993523	epochs	3.0
650.276059623706	0.15381839999997737	epochs	2.0
650.276059623706	0.07759010000006583	epochs	3.0
650.3536497237061	0.07622829999991154	epochs	3.0
650.429878023706	0.14855640000007497	epochs	2.0
650.429878023706	0.07491330000004837	epochs	3.0
650.5047913237061	0.0736431000000266	epochs	3.0
650.5784344237061	0.14364239999997608	epochs	2.0
650.5784344237061	0.07241499999997814	epochs	3.0
650.6508494237061	0.07122739999999794	epochs	3.0
650.7220768237061	0.13904309999998077	epochs	2.0
650.7220768237061	0.07007799999996678	epochs	3.0
650.792154823706	0.06896510000001399	epochs	3.0
650.861119923706	0.1347293000000036	epochs	2.0
650.861119923706	0.0678871000000072	epochs	3.0
650.929007023706	0.06684219999999641	epochs	3.0
650.995849223706	0.1306752000000415	epochs	2.0
650.995849223706	0.06582909999997355	epochs	3.0
651.061678323706	0.06484610000006796	epochs	3.0
651.1265244237061	0.1268577999999252	epochs	2.0
651.1265244237061	0.06389200000000983	epochs	3.0
651.1904164237061	0.06296579999991536	epochs	3.0
651.253382223706	0.12325720000001184	epochs	2.0
651.253382223706	0.06206580000002759	epochs	3.0
651.315448023706	0.06119139999998424	epochs	3.0
651.376639423706	0.11985540000000583	epochs	2.0
651.376639423706	0.06034110000007331	epochs	3.0
651.4369805237061	0.05951429999993252	epochs	3.0
651.496494823706	0.11663620000001629	epochs	2.0
651.496494823706	0.05870960000004288	epochs	3.0
651.5552044237061	0.057926599999973405	epochs	3.0
651.613131023706	0.11358559999996487	epochs	2.0
651.613131023706	0.05716419999998834	epochs	3.0
651.670295223706	0.05642139999997653	epochs	3.0
651.726716623706	0.11069050000003244	epochs	2.0
651.726716623706	0.055697900000041045	epochs	3.0
651.782414523706	0.0549925999999914	epochs	3.0
651.837407123706	0.1079391000000669	epochs	2.0
651.837407123706	0.05430490000003374	epochs	3.0
651.8917120237061	0.05363420000003316	epochs	3.0
651.9453462237061	0.10532149999994544	epochs	2.0
651.9453462237061	0.05297999999993408	epochs	3.0
651.998326223706	0.052341500000011365	epochs	3.0
652.050667723706	0.10282759999995505	epochs	2.0
652.050667723706	0.05171810000001642	epochs	3.0
652.1023858237061	0.051109499999938635	epochs	3.0
652.153495323706	0.10044909999999163	epochs	2.0
652.153495323706	0.050514900000052876	epochs	3.0
652.2040102237061	0.049934199999938755	epochs	3.0
652.253944423706	0.09817830000008598	epochs	2.0
652.253944423706	0.049366600000098515	epochs	3.0
652.3033110237061	0.04881169999998747	epochs	3.0
652.3521227237061	0.09600779999993847	epochs	2.0
652.3521227237061	0.04826919999993606	epochs	3.0
652.400391923706	0.04773860000000241	epochs	3.0
652.448130523706	0.09393120000004274	epochs	2.0
652.448130523706	0.04721949999998287	epochs	3.0
652.495350023706	0.046711700000059864	epochs	3.0
652.5420617237061	0.09194260000003851	epochs	2.0
652.5420617237061	0.046214599999984785	epochs	3.0
652.588276323706	0.045728000000053726	epochs	3.0
652.6340043237061	0.09003629999995155	epochs	2.0
652.6340043237061	0.045251499999949374	epochs	3.0
652.6792558237061	0.04478480000000218	epochs	3.0
652.7240406237061	0.08820760000003247	epochs	2.0
652.7240406237061	0.044327800000019124	epochs	3.0
652.7683684237061	0.04387980000001335	epochs	3.0
652.8122482237061	0.0864516999999978	epochs	2.0
652.8122482237061	0.04344099999991613	epochs	3.0
652.855689223706	0.04301070000008167	epochs	3.0
652.8986999237061	0.08476429999996071	epochs	2.0
652.8986999237061	0.04258899999990717	epochs	3.0
652.941288923706	0.04217530000005354	epochs	3.0
652.983464223706	0.08314150000001064	epochs	2.0
652.983464223706	0.04176970000003166	epochs	3.0
653.0252339237061	0.041371799999978975	epochs	3.0
653.0666057237061	0.08157970000002024	epochs	2.0
653.0666057237061	0.040981399999964196	epochs	3.0
653.107587123706	0.04059830000005604	epochs	3.0
653.1481854237061	0.08007550000002084	epochs	2.0
653.1481854237061	0.04022229999998217	epochs	3.0
653.1884077237061	0.03985320000003867	epochs	3.0
653.2282609237061	0.07862569999997504	epochs	2.0
653.2282609237061	0.0394907999999532	epochs	3.0
653.267751723706	0.039134900000021844	epochs	3.0
653.3068866237061	0.07722760000001472	epochs	2.0
653.3068866237061	0.03878539999993791	epochs	3.0
653.345672023706	0.03844220000007681	epochs	3.0
653.3841142237061	0.07587819999992007	epochs	2.0
653.3841142237061	0.03810479999992822	epochs	3.0
653.422219023706	0.03777339999999185	epochs	3.0
653.459992423706	0.0745752000000266	epochs	2.0
653.459992423706	0.03744770000002973	epochs	3.0
653.497440123706	0.03712749999999687	epochs	3.0
653.534567623706	0.07331629999998768	epochs	2.0
653.534567623706	0.036812899999972615	epochs	3.0
653.571380523706	0.03650340000001506	epochs	3.0
653.607883923706	0.07209899999998015	epochs	2.0
653.607883923706	0.03619909999997617	epochs	3.0
653.644083023706	0.03589990000000398	epochs	3.0
653.679982923706	0.07092170000009901	epochs	2.0
653.679982923706	0.03560560000005353	epochs	3.0
653.7155885237061	0.03531610000004548	epochs	3.0
653.7509046237061	0.0697819999999183	epochs	2.0
653.7509046237061	0.03503119999993487	epochs	3.0
653.785935823706	0.03475079999998343	epochs	3.0
653.820686623706	0.06867859999999837	epochs	2.0
653.820686623706	0.03447510000000875	epochs	3.0
653.855161723706	0.03420349999998962	epochs	3.0
653.889365223706	0.06760930000007193	epochs	2.0
653.889365223706	0.03393620000008468	epochs	3.0
653.9233014237061	0.033673099999987244	epochs	3.0
653.9569745237061	0.06657289999998284	epochs	2.0
653.9569745237061	0.03341399999999339	epochs	3.0
653.9903885237061	0.033158899999989444	epochs	3.0
654.0235474237061	0.06556779999993978	epochs	2.0
654.0235474237061	0.032907700000009754	epochs	3.0
654.0564551237061	0.032660099999930026	epochs	3.0
654.089115223706	0.06459260000008271	epochs	2.0
654.089115223706	0.032416399999988244	epochs	3.0
654.121531623706	0.03217620000009447	epochs	3.0
654.1537078237061	0.0636459999999488	epochs	2.0
654.1537078237061	0.03193959999998697	epochs	3.0
654.1856474237061	0.03170639999996183	epochs	3.0
654.217353823706	0.0627266999999847	epochs	2.0
654.217353823706	0.03147660000001906	epochs	3.0
654.2488304237061	0.03125009999996564	epochs	3.0
654.280080523706	0.06183359999999993	epochs	2.0
654.280080523706	0.031026900000028945	epochs	3.0
654.3111074237061	0.030806699999970988	epochs	3.0
654.341914123706	0.06096560000003137	epochs	2.0
654.341914123706	0.030589800000029754	epochs	3.0
654.3725039237061	0.030375800000001618	epochs	3.0
654.4028797237061	0.06012160000000222	epochs	2.0
654.4028797237061	0.030164900000045236	epochs	3.0
654.4330446237061	0.02995669999995698	epochs	3.0
654.4630013237061	0.05930069999999432	epochs	2.0
654.4630013237061	0.02975159999994048	epochs	3.0
654.492752923706	0.02954910000005384	epochs	3.0
654.5223020237061	0.05850180000004457	epochs	2.0
654.5223020237061	0.02934940000000097	epochs	3.0
654.5516514237061	0.0291524000000436	epochs	3.0
654.5808038237061	0.05772419999993872	epochs	2.0
654.5808038237061	0.028957999999988715	epochs	3.0
654.6097618237061	0.028766199999950004	epochs	3.0
654.638528023706	0.05696710000006533	epochs	2.0
654.638528023706	0.028577000000041153	epochs	3.0
654.6671050237061	0.028390100000024177	epochs	3.0
654.6954951237061	0.05622949999997218	epochs	2.0
654.6954951237061	0.028205699999944045	epochs	3.0
654.723700823706	0.028023800000028132	epochs	3.0
654.7517246237061	0.05551070000001346	epochs	2.0
654.7517246237061	0.027843999999959124	epochs	3.0
654.779568623706	0.027666700000054334	epochs	3.0
654.8072353237061	0.05481019999990622	epochs	2.0
654.8072353237061	0.02749149999999645	epochs	3.0
654.8347268237061	0.027318699999909768	epochs	3.0
654.862045523706	0.05412700000010773	epochs	2.0
654.862045523706	0.02714780000007977	epochs	3.0
654.8891933237061	0.02697920000002796	epochs	3.0
654.9161725237061	0.053460699999959616	epochs	2.0
654.9161725237061	0.0268125999999711	epochs	3.0
654.9429851237061	0.026648099999988517	epochs	3.0
654.9696332237061	0.05281070000000909	epochs	2.0
654.9696332237061	0.026485600000000886	epochs	3.0
654.9961188237061	0.026325100000008206	epochs	3.0
655.0224439237061	0.05217619999996259	epochs	2.0
655.0224439237061	0.026166399999965506	epochs	3.0
655.048610323706	0.026009799999997085	epochs	3.0
655.074620123706	0.051556699999991906	epochs	2.0
655.074620123706	0.025854800000047362	epochs	3.0
655.1004749237061	0.025701899999944544	epochs	3.0
655.126176823706	0.05095189999997274	epochs	2.0
655.126176823706	0.02555070000005344	epochs	3.0
655.1517275237061	0.0254011999999193	epochs	3.0
655.177128723706	0.05036100000006627	epochs	2.0
655.177128723706	0.0252535000000762	epochs	3.0
655.2023822237061	0.02510749999999007	epochs	3.0
655.2274897237061	0.049783800000000156	epochs	2.0
655.2274897237061	0.02496320000000196	epochs	3.0
655.2524529237061	0.024820599999998194	epochs	3.0
655.2772735237061	0.04921949999993558	epochs	2.0
655.2772735237061	0.024679399999968155	epochs	3.0
655.301952923706	0.024540099999967424	epochs	3.0
655.326493023706	0.04866790000005494	epochs	2.0
655.326493023706	0.024402100000088467	epochs	3.0
655.3508951237061	0.024265799999966475	epochs	3.0
655.3751609237061	0.04812860000004093	epochs	2.0
655.3751609237061	0.024131000000011227	epochs	3.0
655.3992919237061	0.023997600000029706	epochs	3.0
655.4232895237061	0.04760109999995166	epochs	2.0
655.4232895237061	0.023865799999953197	epochs	3.0
655.447155323706	0.02373529999999846	epochs	3.0
655.470890623706	0.047085000000038235	epochs	2.0
655.470890623706	0.023606299999983094	epochs	3.0
655.494496923706	0.02347870000005514	epochs	3.0
655.5179756237061	0.046579999999948996	epochs	2.0
655.5179756237061	0.02335249999998723	epochs	3.0
655.5413281237061	0.023227499999961765	epochs	3.0
655.564555623706	0.046085700000048746	epochs	2.0
655.564555623706	0.023103999999989355	epochs	3.0
655.587659623706	0.02298170000005939	epochs	3.0
655.6106413237061	0.045601799999985815	epochs	2.0
655.6106413237061	0.02286069999991014	epochs	3.0
655.633502023706	0.022741100000075676	epochs	3.0
655.6562431237061	0.04512790000001132	epochs	2.0
655.6562431237061	0.022622500000011314	epochs	3.0
655.6788656237061	0.02250540000000001	epochs	3.0
655.7013710237061	0.044663799999966614	epochs	2.0
655.7013710237061	0.02238929999998618	epochs	3.0
655.7237603237061	0.022274499999980435	epochs	3.0
655.746034823706	0.04420919999995476	epochs	2.0
655.746034823706	0.022160800000051495	epochs	3.0
655.7681956237061	0.022048399999903268	epochs	3.0
655.790244023706	0.043763600000033875	epochs	2.0
655.790244023706	0.021936900000014248	epochs	3.0
655.812180923706	0.021826700000019628	epochs	3.0
655.834007623706	0.04332710000005591	epochs	2.0
655.834007623706	0.021717599999988124	epochs	3.0
655.855725223706	0.021609500000067783	epochs	3.0
655.8773347237061	0.042898999999920306	epochs	2.0
655.8773347237061	0.02150249999999687	epochs	3.0
655.8988372237061	0.021396499999923435	epochs	3.0
655.920233723706	0.042479500000013104	epochs	2.0
655.920233723706	0.02129170000000613	epochs	3.0
655.941525423706	0.021187800000006973	epochs	3.0
655.962713223706	0.042067900000006375	epochs	2.0
655.962713223706	0.02108490000000529	epochs	3.0
655.983798123706	0.020983000000001084	epochs	3.0
656.004781123706	0.04166440000005878	epochs	2.0
656.004781123706	0.02088220000007368	epochs	3.0
656.0256633237061	0.020782199999985096	epochs	3.0
656.0464455237061	0.04126850000000104	epochs	2.0
656.0464455237061	0.020683299999973315	epochs	3.0
656.0671288237061	0.020585200000027726	epochs	3.0
656.0877140237061	0.040879999999901884	epochs	2.0
656.0877140237061	0.020488099999965925	epochs	3.0
656.1082021237061	0.02039189999993596	epochs	3.0
656.128594023706	0.04049880000002304	epochs	2.0
656.128594023706	0.020296600000051512	epochs	3.0
656.148890623706	0.020202199999971526	epochs	3.0
656.169092823706	0.04012460000001283	epochs	2.0
656.169092823706	0.02010870000003706	epochs	3.0
656.1892015237061	0.020015899999975773	epochs	3.0
656.209217423706	0.03975730000001931	epochs	2.0
656.209217423706	0.019924199999991288	epochs	3.0
656.229141623706	0.019833100000028026	epochs	3.0
656.248974723706	0.03939669999999751	epochs	2.0
656.248974723706	0.01974299999994855	epochs	3.0
656.268717723706	0.019653700000048957	epochs	3.0
656.288371423706	0.03904239999997117	epochs	2.0
656.288371423706	0.01956510000002254	epochs	3.0
656.3079365237061	0.019477299999948627	epochs	3.0
656.327413823706	0.03869459999998526	epochs	2.0
656.327413823706	0.019390400000020236	epochs	3.0
656.346804223706	0.01930419999996502	epochs	3.0
656.366108423706	0.03835290000006353	epochs	2.0
656.366108423706	0.019218800000089686	epochs	3.0
656.3853272237061	0.01913409999997384	epochs	3.0
656.4044613237061	0.03801720000001296	epochs	2.0
656.4044613237061	0.019050200000037876	epochs	3.0
656.4235115237061	0.018966999999975087	epochs	3.0
656.4424785237061	0.03768719999993664	epochs	2.0
656.4424785237061	0.01888450000001285	epochs	3.0
656.4613630237061	0.01880269999992379	epochs	3.0
656.480165723706	0.03736309999999321	epochs	2.0
656.480165723706	0.018721700000014607	epochs	3.0
656.498887423706	0.018641399999978603	epochs	3.0
656.517528823706	0.03704430000004777	epochs	2.0
656.517528823706	0.01856159999999818	epochs	3.0
656.536090423706	0.01848270000004959	epochs	3.0
656.5545731237061	0.0367310000000316	epochs	2.0
656.5545731237061	0.018404300000042895	epochs	3.0
656.5729774237061	0.018326699999988705	epochs	3.0
656.5913041237061	0.03642289999993409	epochs	2.0
656.5913041237061	0.018249599999990096	epochs	3.0
656.6095537237061	0.018173299999943993	epochs	3.0
656.627727023706	0.03612010000006194	epochs	2.0
656.627727023706	0.0180976000000328	epochs	3.0
656.6458246237061	0.01802250000002914	epochs	3.0
656.6638471237061	0.03582210000001851	epochs	2.0
656.6638471237061	0.017947899999967376	epochs	3.0
656.6817950237061	0.017874200000051133	epochs	3.0
656.6996692237061	0.03552899999999681	epochs	2.0
656.6996692237061	0.017800799999918127	epochs	3.0
656.717470023706	0.017728200000078687	epochs	3.0
656.7351982237061	0.035240699999917524	epochs	2.0
656.7351982237061	0.017656099999953767	epochs	3.0
656.7528543237061	0.017584599999963757	epochs	3.0
656.770438923706	0.034957100000042374	epochs	2.0
656.770438923706	0.01751369999999497	epochs	3.0
656.787952623706	0.017443400000047404	epochs	3.0
656.8053960237061	0.03467790000001969	epochs	2.0
656.8053960237061	0.017373600000041733	epochs	3.0
656.8227696237061	0.017304299999977957	epochs	3.0
656.8400739237061	0.03440330000000813	epochs	2.0
656.8400739237061	0.01723570000001473	epochs	3.0
656.8573096237061	0.0171675999999934	epochs	3.0
656.8744772237061	0.03413279999995211	epochs	2.0
656.8744772237061	0.01709989999994832	epochs	3.0
656.891577123706	0.017032900000003792	epochs	3.0
656.908610023706	0.033866699999975935	epochs	2.0
656.908610023706	0.01696640000000116	epochs	3.0
656.925576423706	0.016900299999974777	epochs	3.0
656.942476723706	0.03360459999998966	epochs	2.0
656.942476723706	0.016834800000083305	epochs	3.0
656.9593115237061	0.016769799999906354	epochs	3.0
656.976081323706	0.03334660000007261	epochs	2.0
656.976081323706	0.016705300000012357	epochs	3.0
656.992786623706	0.016641300000060255	epochs	3.0
657.0094279237061	0.03309249999995245	epochs	2.0
657.0094279237061	0.01657779999993636	epochs	3.0
657.026005723706	0.01651470000001609	epochs	3.0
657.042520423706	0.03284229999997024	epochs	2.0
657.042520423706	0.01645220000000336	epochs	3.0
657.058972623706	0.01639009999996688	epochs	3.0
657.075362723706	0.03259570000000167	epochs	2.0
657.075362723706	0.016328400000020338	epochs	3.0
657.091691123706	0.016267299999981333	epochs	3.0
657.107958423706	0.03235290000009172	epochs	2.0
657.107958423706	0.016206600000032267	epochs	3.0
657.124165023706	0.016146300000059455	epochs	3.0
657.1403113237061	0.03211369999996805	epochs	2.0
657.1403113237061	0.016086599999994178	epochs	3.0
657.1563979237061	0.01602709999997387	epochs	3.0
657.1724250237061	0.03187800000000607	epochs	2.0
657.1724250237061	0.015968199999974786	epochs	3.0
657.188393223706	0.015909800000031282	epochs	3.0
657.2043030237061	0.031645700000012766	epochs	2.0
657.2043030237061	0.01585160000001906	epochs	3.0
657.2201546237061	0.015794099999993705	epochs	3.0
657.2359487237061	0.031416699999908815	epochs	2.0
657.2359487237061	0.01573669999993399	epochs	3.0
657.251685423706	0.015679999999974825	epochs	3.0
657.267365423706	0.031191100000114602	epochs	2.0
657.267365423706	0.015623600000026272	epochs	3.0
657.282989023706	0.01556750000008833	epochs	3.0
657.2985565237061	0.030968699999903038	epochs	2.0
657.2985565237061	0.015511999999944237	epochs	3.0
657.314068523706	0.0154566999999588	epochs	3.0
657.329525223706	0.03074950000006993	epochs	2.0
657.329525223706	0.015401999999994587	epochs	3.0
657.344927223706	0.015347500000075343	epochs	3.0
657.3602747237061	0.030533199999922545	epochs	2.0
657.3602747237061	0.015293400000018664	epochs	3.0
657.3755681237061	0.01523979999990388	epochs	3.0
657.390807923706	0.03032010000003993	epochs	2.0
657.390807923706	0.015186500000027081	epochs	3.0
657.405994423706	0.015133600000012848	epochs	3.0
657.421128023706	0.030109899999956724	epochs	2.0
657.421128023706	0.015081000000009226	epochs	3.0
657.436209023706	0.015028899999947498	epochs	3.0
657.451237923706	0.02990250000004835	epochs	2.0
657.451237923706	0.014977000000044427	epochs	3.0
657.466214923706	0.014925500000003922	epochs	3.0
657.481140423706	0.029698100000018712	epochs	2.0
657.481140423706	0.014874400000053356	epochs	3.0
657.4960148237061	0.014823699999965356	epochs	3.0
657.5108385237061	0.02949630000000525	epochs	2.0
657.5108385237061	0.014773200000036013	epochs	3.0
657.5256117237061	0.014723099999969236	epochs	3.0
657.5403348237061	0.02929740000001857	epochs	2.0
657.5403348237061	0.014673399999992398	epochs	3.0
657.5550082237061	0.014624000000026172	epochs	3.0
657.5696322237061	0.029101099999934377	epochs	2.0
657.5696322237061	0.01457489999995687	epochs	3.0
657.584207123706	0.014526199999977507	epochs	3.0
657.598733323706	0.028907399999980044	epochs	2.0
657.598733323706	0.014477700000043114	epochs	3.0
657.6132110237061	0.014429699999936929	epochs	3.0
657.627640723706	0.028716200000076242	epochs	2.0
657.627640723706	0.014381800000023759	epochs	3.0
657.642022523706	0.014334400000052483	epochs	3.0
657.6563569237061	0.02852759999996124	epochs	2.0
657.6563569237061	0.01428720000001249	epochs	3.0
657.6706441237061	0.01424039999994875	epochs	3.0
657.684884523706	0.028341400000044814	epochs	2.0
657.684884523706	0.014193800000043666	epochs	3.0
657.6990783237061	0.014147600000001148	epochs	3.0
657.7132259237061	0.028157699999951546	epochs	2.0
657.7132259237061	0.014101699999969242	epochs	3.0
657.7273276237061	0.014055999999982305	epochs	3.0
657.741383623706	0.027976299999977527	epochs	2.0
657.741383623706	0.01401060000000598	epochs	3.0
657.755394223706	0.013965699999971548	epochs	3.0
657.769359923706	0.02779720000000907	epochs	2.0
657.769359923706	0.013920800000050804	epochs	3.0
657.7832807237061	0.013876399999958267	epochs	3.0
657.797157123706	0.027620400000046175	epochs	2.0
657.797157123706	0.013832200000024386	epochs	3.0
657.810989323706	0.013788200000021789	epochs	3.0
657.8247775237061	0.027445899999975154	epochs	2.0
657.8247775237061	0.013744599999995444	epochs	3.0
657.8385221237061	0.01370129999997971	epochs	3.0
657.852223423706	0.027273499999978412	epochs	2.0
657.852223423706	0.013658200000008947	epochs	3.0
657.8658816237061	0.013615299999969466	epochs	3.0
657.879496923706	0.027103399999987232	epochs	2.0
657.879496923706	0.013572800000019924	epochs	3.0
657.893069723706	0.013530599999967308	epochs	3.0
657.906600323706	0.02693520000002536	epochs	2.0
657.906600323706	0.013488400000028378	epochs	3.0
657.920088723706	0.013446799999996983	epochs	3.0
657.933535523706	0.026769199999989723	epochs	2.0
657.933535523706	0.013405199999965589	epochs	3.0
657.946940723706	0.013364000000024134	epochs	3.0
657.960304723706	0.026605200000062723	epochs	2.0
657.960304723706	0.013322900000048321	epochs	3.0
657.9736276237061	0.013282300000014402	epochs	3.0
657.9869099237061	0.026443200000016986	epochs	2.0
657.9869099237061	0.013241699999980483	epochs	3.0
658.0001516237061	0.013201500000036503	epochs	3.0
658.0133531237061	0.0262831999999662	epochs	2.0
658.0133531237061	0.01316149999991012	epochs	3.0
658.026514623706	0.01312170000005608	epochs	3.0
658.0396363237061	0.02612499999997908	epochs	2.0
658.0396363237061	0.013082100000019636	epochs	3.0
658.0527184237061	0.013042899999959445	epochs	3.0
658.065761323706	0.025968899999952555	epochs	2.0
658.065761323706	0.013003899999944224	epochs	3.0
658.078765223706	0.012965000000008331	epochs	3.0
658.091730223706	0.025814500000024054	epochs	2.0
658.091730223706	0.01292640000008305	epochs	3.0
658.1046566237061	0.012888099999941005	epochs	3.0
658.117544723706	0.025661900000045534	epochs	2.0
658.117544723706	0.012849899999991976	epochs	3.0
658.130394623706	0.012812000000053558	epochs	3.0
658.1432066237061	0.025511199999982637	epochs	2.0
658.1432066237061	0.012774400000012065	epochs	3.0
658.1559810237061	0.012736799999970572	epochs	3.0
658.1687178237061	0.025362299999983406	epochs	2.0
658.1687178237061	0.01269969999998466	epochs	3.0
658.181417523706	0.012662599999998747	epochs	3.0
658.194080123706	0.025215000000002874	epochs	2.0
658.194080123706	0.012625800000023446	epochs	3.0
658.2067059237061	0.012589199999979428	epochs	3.0
658.219295123706	0.024584799999956886	epochs	2.0
658.2433201237061	0.5	epochs	-1.0
658.243879923706	0.5404800000000023	epochs	1.0
658.784359923706	0.459440000000086	epochs	0.0
676.5100002288818	0.03887999999994918	epochs	0.0
676.5100002288818	0.01444000000003598	epochs	1.0
676.5244402288819	0.009999999999990905	epochs	1.0
676.5344402288819	0.014439999999922293	epochs	1.0
676.5488802288818	2.0	epochs	0.0
678.5488802288818	0.5206400000000713	epochs	0.0
678.5488802288818	0.5206400000000713	epochs	1.0
678.5488804288818	0.5	epochs	-1.0
679.0488804288818	0.020639800000026298	epochs	-1.0
679.0695202288819	21.479280000000017	epochs	0.0
680.329999923706	0.03887999999994918	epochs	0.0
680.329999923706	0.01444000000003598	epochs	1.0
680.3444399237061	0.009999999999990905	epochs	1.0
680.3544399237061	0.014439999999922293	epochs	1.0
680.368879923706	2.0	epochs	0.0
682.368879923706	0.5207200000000967	epochs	0.0
682.368879923706	0.5207200000000967	epochs	1.0
682.368880123706	0.5	epochs	-1.0
682.868880123706	0.02071980000005169	epochs	-1.0
682.8895999237061	21.47919999999999	epochs	0.0
684.2259998321533	0.03887999999994918	epochs	0.0
684.2259998321533	0.01444000000003598	epochs	1.0
684.2404398321534	0.009999999999990905	epochs	1.0
684.2504398321533	0.014439999999922293	epochs	1.0
684.2648798321533	2.0	epochs	0.0
686.2648798321533	1.5212000000000216	epochs	0.0
686.2648798321533	1.0	epochs	1.0
686.2648800321533	0.5	epochs	-1.0
686.7648800321533	1.0211997999999767	epochs	-1.0
687.2648798321533	0.5212000000000216	epochs	-1.0
687.2648798321533	0.5212000000000216	epochs	1.0
687.2648798321533	0.5212000000000216	epochs	2.0
687.2648798321533	0.5212000000000216	epochs	3.0
687.7860798321533	20.478720000000067	epochs	0.0
688.6050000190735	0.03887999999994918	epochs	0.0
688.6050000190735	0.01444000000003598	epochs	1.0
688.6194400190735	0.009999999999990905	epochs	1.0
688.6294400190735	0.014439999999922293	epochs	1.0
688.6438800190734	2.0	epochs	0.0
690.6438800190734	0.5204800000000205	epochs	0.0
690.6438800190734	0.5204800000000205	epochs	1.0
690.6438802190735	0.5	epochs	-1.0
691.1438802190735	0.020479799999975512	epochs	-1.0
691.1643600190735	21.479440000000068	epochs	0.0
692.4990000724792	0.03887999999994918	epochs	0.0
692.4990000724792	0.01444000000003598	epochs	1.0
692.5134400724793	0.009999999999990905	epochs	1.0
692.5234400724793	0.014439999999922293	epochs	1.0
692.5378800724792	2.0	epochs	0.0
694.5378800724792	1.641040000000089	epochs	0.0
694.5378800724792	1.0	epochs	1.0
694.5378802724792	0.5	epochs	-1.0
695.0378802724792	1.1410398000000441	epochs	-1.0
695.5378800724792	0.6410400000000891	epochs	-1.0
695.5378800724792	0.6410400000000891	epochs	1.0
695.5378800724792	0.6410400000000891	epochs	2.0
695.5378800724792	0.6410400000000891	epochs	3.0
696.1789200724793	20.35888	epochs	0.0
696.9889998435974	0.03887999999994918	epochs	0.0
696.9889998435974	0.01444000000003598	epochs	1.0
697.0034398435974	0.009999999999990905	epochs	1.0
697.0134398435974	0.014439999999922293	epochs	1.0
697.0278798435974	2.0	epochs	0.0
699.0278798435974	5.401520000000005	epochs	0.0
699.0278798435974	1.0	epochs	1.0
699.0278800435974	0.5	epochs	-1.0
699.5278800435974	4.90151979999996	epochs	-1.0
700.0278798435974	4.401520000000005	epochs	1.0
700.0278798435974	4.356753900000058	epochs	-1.0
700.0278798435974	1.9745872000000873	epochs	2.0
700.0278798435974	1.0985622000000603	epochs	3.0
701.1264420435974	0.8760250000000269	epochs	3.0
702.0024670435974	1.352407499999913	epochs	2.0
702.0024670435974	0.7286354999999958	epochs	3.0
702.7311025435974	0.6237719999999172	epochs	3.0
703.3548745435974	1.0297592000000577	epochs	2.0
703.3548745435974	0.5453293000000485	epochs	3.0
703.9002038435974	0.4844299000000092	epochs	3.0
704.3846337435974	0.04476609999994707	epochs	2.0
704.3846337435974	0.04476609999994707	epochs	3.0
704.4293998435974	16.598400000000083	epochs	0.0
705.308000087738	0.03887999999994918	epochs	0.0
705.308000087738	0.01444000000003598	epochs	1.0
705.3224400877381	0.009999999999990905	epochs	1.0
705.3324400877381	0.014439999999922293	epochs	1.0
705.346880087738	2.0	epochs	0.0
707.346880087738	21.99992000000009	epochs	0.0
707.346880087738	1.0	epochs	1.0
707.346880287738	0.5	epochs	-1.0
707.846880287738	19.999119999999948	epochs	-1.0
708.346880087738	20.0	epochs	1.0
708.346880087738	4.356753900000058	epochs	-1.0
708.346880087738	1.9745872000000873	epochs	2.0
708.346880087738	1.0985622000000603	epochs	3.0
709.445442287738	0.8760250000000269	epochs	3.0
710.3214672877381	1.352407499999913	epochs	2.0
710.3214672877381	0.7286354999999958	epochs	3.0
711.0501027877381	0.6237719999999172	epochs	3.0
711.673874787738	1.0297592000000577	epochs	2.0
711.673874787738	0.5453293000000485	epochs	3.0
712.219204087738	0.4844299000000092	epochs	3.0
712.703633987738	0.8317862000000105	epochs	2.0
712.703633987738	0.4357763000000432	epochs	3.0
713.1394102877381	0.3960098999999673	epochs	3.0
713.535420187738	0.6977970000000369	epochs	2.0
713.535420187738	0.3628982000000178	epochs	3.0
713.8983183877381	0.33489880000001904	epochs	3.0
714.2332171877381	0.601045699999986	epochs	2.0
714.2332171877381	0.3109122999999272	epochs	3.0
714.544129487738	0.2901334000000588	epochs	3.0
714.8342628877381	0.5278859000000011	epochs	2.0
714.8342628877381	0.2719585999999481	epochs	3.0
715.106221487738	0.25592730000005304	epochs	3.0
715.3621487877381	0.470619299999953	epochs	2.0
715.3621487877381	0.241681299999982	epochs	3.0
715.6038300877381	0.228937999999971	epochs	3.0
715.832768087738	0.42457039999999324	epochs	2.0
715.832768087738	0.21747140000002219	epochs	3.0
716.050239487738	0.20709899999997106	epochs	3.0
716.257338487738	0.3867354000000205	epochs	2.0
716.257338487738	0.19767109999997956	epochs	3.0
716.455009587738	0.18906430000004093	epochs	3.0
716.644073887738	0.3550953000000163	epochs	2.0
716.644073887738	0.18117589999997108	epochs	3.0
716.825249787738	0.17391940000004524	epochs	3.0
716.9991691877381	0.3282431000000088	epochs	2.0
716.9991691877381	0.16722189999995862	epochs	3.0
717.166391087738	0.16102120000005016	epochs	3.0
717.3274122877381	0.30516799999998057	epochs	2.0
717.3274122877381	0.15526389999990897	epochs	3.0
717.482676187738	0.1499041000000716	epochs	3.0
717.632580287738	0.28512530000000424	epochs	2.0
717.632580287738	0.1449020999999675	epochs	3.0
717.777482387738	0.14022320000003674	epochs	3.0
717.917705587738	0.2675537999999733	epochs	2.0
717.917705587738	0.1358368999999584	epochs	3.0
718.053542487738	0.1317169000000149	epochs	3.0
718.185259387738	0.2520229000000427	epochs	2.0
718.185259387738	0.1278393000000051	epochs	3.0
718.313098687738	0.12418360000003759	epochs	3.0
718.4372822877381	0.23819649999995818	epochs	2.0
718.4372822877381	0.12073109999994358	epochs	3.0
718.558013387738	0.1174654000000146	epochs	3.0
718.675478787738	0.2258087999999816	epochs	2.0
718.675478787738	0.11437190000003739	epochs	3.0
718.7898506877381	0.11143689999994422	epochs	3.0
718.901287587738	0.2146460000000161	epochs	2.0
718.901287587738	0.10864890000004834	epochs	3.0
719.0099364877381	0.10599709999996776	epochs	3.0
719.115933587738	0.20453499999996438	epochs	2.0
719.115933587738	0.10347149999995509	epochs	3.0
719.219405087738	0.1010635000000093	epochs	3.0
719.320468587738	0.19533400000000256	epochs	2.0
719.320468587738	0.09876510000003691	epochs	3.0
719.419233687738	0.09656889999996565	epochs	3.0
719.515802587738	0.1869253000000981	epochs	2.0
719.515802587738	0.09446830000001682	epochs	3.0
719.610270887738	0.09245700000008128	epochs	3.0
719.7027278877381	0.17921069999999872	epochs	2.0
719.7027278877381	0.09052959999996801	epochs	3.0
719.7932574877381	0.08868110000003071	epochs	3.0
719.8819385877381	0.17210769999996955	epochs	2.0
719.8819385877381	0.08690629999989596	epochs	3.0
719.968844887738	0.08520140000007359	epochs	3.0
720.0540462877381	0.1655463999999256	epochs	2.0
720.0540462877381	0.08356189999994967	epochs	3.0
720.137608187738	0.08198449999997592	epochs	3.0
720.219592687738	0.15946710000002895	epochs	2.0
720.219592687738	0.08046540000009372	epochs	3.0
720.3000580877381	0.07900169999993523	epochs	3.0
720.379059787738	0.15381839999997737	epochs	2.0
720.379059787738	0.07759010000006583	epochs	3.0
720.4566498877381	0.07622829999991154	epochs	3.0
720.532878187738	0.14855640000007497	epochs	2.0
720.532878187738	0.07491330000004837	epochs	3.0
720.607791487738	0.0736431000000266	epochs	3.0
720.6814345877381	0.14364239999997608	epochs	2.0
720.6814345877381	0.07241499999997814	epochs	3.0
720.753849587738	0.07122739999999794	epochs	3.0
720.825076987738	0.13904309999998077	epochs	2.0
720.825076987738	0.07007799999996678	epochs	3.0
720.895154987738	0.06896510000001399	epochs	3.0
720.964120087738	0.1347293000000036	epochs	2.0
720.964120087738	0.0678871000000072	epochs	3.0
721.032007187738	0.06684219999999641	epochs	3.0
721.098849387738	0.1306752000000415	epochs	2.0
721.098849387738	0.06582909999997355	epochs	3.0
721.164678487738	0.06484610000006796	epochs	3.0
721.2295245877381	0.1268577999999252	epochs	2.0
721.2295245877381	0.06389200000000983	epochs	3.0
721.2934165877381	0.06296579999991536	epochs	3.0
721.356382387738	0.12325720000001184	epochs	2.0
721.356382387738	0.06206580000002759	epochs	3.0
721.418448187738	0.06119139999998424	epochs	3.0
721.479639587738	0.11985540000000583	epochs	2.0
721.479639587738	0.06034110000007331	epochs	3.0
721.5399806877381	0.05951429999993252	epochs	3.0
721.599494987738	0.11663620000001629	epochs	2.0
721.599494987738	0.05870960000004288	epochs	3.0
721.658204587738	0.057926599999973405	epochs	3.0
721.716131187738	0.11358559999996487	epochs	2.0
721.716131187738	0.05716419999998834	epochs	3.0
721.773295387738	0.05642139999997653	epochs	3.0
721.829716787738	0.11069050000003244	epochs	2.0
721.829716787738	0.055697900000041045	epochs	3.0
721.885414687738	0.0549925999999914	epochs	3.0
721.940407287738	0.1079391000000669	epochs	2.0
721.940407287738	0.05430490000003374	epochs	3.0
721.9947121877381	0.05363420000003316	epochs	3.0
722.0483463877381	0.10532149999994544	epochs	2.0
722.0483463877381	0.05297999999993408	epochs	3.0
722.101326387738	0.052341500000011365	epochs	3.0
722.153667887738	0.10282759999995505	epochs	2.0
722.153667887738	0.05171810000001642	epochs	3.0
722.205385987738	0.051109499999938635	epochs	3.0
722.256495487738	0.10044909999999163	epochs	2.0
722.256495487738	0.050514900000052876	epochs	3.0
722.307010387738	0.049934199999938755	epochs	3.0
722.356944587738	0.09817830000008598	epochs	2.0
722.356944587738	0.049366600000098515	epochs	3.0
722.4063111877381	0.04881169999998747	epochs	3.0
722.4551228877381	0.09600779999993847	epochs	2.0
722.4551228877381	0.04826919999993606	epochs	3.0
722.503392087738	0.04773860000000241	epochs	3.0
722.551130687738	0.09393120000004274	epochs	2.0
722.551130687738	0.04721949999998287	epochs	3.0
722.598350187738	0.046711700000059864	epochs	3.0
722.645061887738	0.09194260000003851	epochs	2.0
722.645061887738	0.046214599999984785	epochs	3.0
722.691276487738	0.045728000000053726	epochs	3.0
722.7370044877381	0.09003629999995155	epochs	2.0
722.7370044877381	0.045251499999949374	epochs	3.0
722.782255987738	0.04478480000000218	epochs	3.0
722.827040787738	0.08820760000003247	epochs	2.0
722.827040787738	0.044327800000019124	epochs	3.0
722.8713685877381	0.04387980000001335	epochs	3.0
722.9152483877381	0.0864516999999978	epochs	2.0
722.9152483877381	0.04344099999991613	epochs	3.0
722.958689387738	0.04301070000008167	epochs	3.0
723.0017000877381	0.08476429999996071	epochs	2.0
723.0017000877381	0.04258899999990717	epochs	3.0
723.044289087738	0.04217530000005354	epochs	3.0
723.086464387738	0.08314150000001064	epochs	2.0
723.086464387738	0.04176970000003166	epochs	3.0
723.1282340877381	0.041371799999978975	epochs	3.0
723.169605887738	0.08157970000002024	epochs	2.0
723.169605887738	0.040981399999964196	epochs	3.0
723.210587287738	0.04059830000005604	epochs	3.0
723.2511855877381	0.08007550000002084	epochs	2.0
723.2511855877381	0.04022229999998217	epochs	3.0
723.291407887738	0.03985320000003867	epochs	3.0
723.3312610877381	0.07862569999997504	epochs	2.0
723.3312610877381	0.0394907999999532	epochs	3.0
723.370751887738	0.039134900000021844	epochs	3.0
723.4098867877381	0.07722760000001472	epochs	2.0
723.4098867877381	0.03878539999993791	epochs	3.0
723.448672187738	0.03844220000007681	epochs	3.0
723.4871143877381	0.07587819999992007	epochs	2.0
723.4871143877381	0.03810479999992822	epochs	3.0
723.525219187738	0.03777339999999185	epochs	3.0
723.562992587738	0.0745752000000266	epochs	2.0
723.562992587738	0.03744770000002973	epochs	3.0
723.600440287738	0.03712749999999687	epochs	3.0
723.637567787738	0.07331629999998768	epochs	2.0
723.637567787738	0.036812899999972615	epochs	3.0
723.674380687738	0.03650340000001506	epochs	3.0
723.710884087738	0.07209899999998015	epochs	2.0
723.710884087738	0.03619909999997617	epochs	3.0
723.747083187738	0.03589990000000398	epochs	3.0
723.782983087738	0.07092170000009901	epochs	2.0
723.782983087738	0.03560560000005353	epochs	3.0
723.818588687738	0.03531610000004548	epochs	3.0
723.8539047877381	0.0697819999999183	epochs	2.0
723.8539047877381	0.03503119999993487	epochs	3.0
723.888935987738	0.03475079999998343	epochs	3.0
723.923686787738	0.06867859999999837	epochs	2.0
723.923686787738	0.03447510000000875	epochs	3.0
723.958161887738	0.03420349999998962	epochs	3.0
723.992365387738	0.06760930000007193	epochs	2.0
723.992365387738	0.03393620000008468	epochs	3.0
724.0263015877381	0.033673099999987244	epochs	3.0
724.0599746877381	0.06657289999998284	epochs	2.0
724.0599746877381	0.03341399999999339	epochs	3.0
724.0933886877381	0.033158899999989444	epochs	3.0
724.1265475877381	0.06556779999993978	epochs	2.0
724.1265475877381	0.032907700000009754	epochs	3.0
724.1594552877381	0.032660099999930026	epochs	3.0
724.192115387738	0.06459260000008271	epochs	2.0
724.192115387738	0.032416399999988244	epochs	3.0
724.224531787738	0.03217620000009447	epochs	3.0
724.2567079877381	0.0636459999999488	epochs	2.0
724.2567079877381	0.03193959999998697	epochs	3.0
724.2886475877381	0.03170639999996183	epochs	3.0
724.320353987738	0.0627266999999847	epochs	2.0
724.320353987738	0.03147660000001906	epochs	3.0
724.351830587738	0.03125009999996564	epochs	3.0
724.383080687738	0.06183359999999993	epochs	2.0
724.383080687738	0.031026900000028945	epochs	3.0
724.414107587738	0.030806699999970988	epochs	3.0
724.444914287738	0.06096560000003137	epochs	2.0
724.444914287738	0.030589800000029754	epochs	3.0
724.475504087738	0.030375800000001618	epochs	3.0
724.505879887738	0.06012160000000222	epochs	2.0
724.505879887738	0.030164900000045236	epochs	3.0
724.5360447877381	0.02995669999995698	epochs	3.0
724.566001487738	0.05930069999999432	epochs	2.0
724.566001487738	0.02975159999994048	epochs	3.0
724.595753087738	0.02954910000005384	epochs	3.0
724.625302187738	0.05850180000004457	epochs	2.0
724.625302187738	0.02934940000000097	epochs	3.0
724.654651587738	0.0291524000000436	epochs	3.0
724.6838039877381	0.05772419999993872	epochs	2.0
724.6838039877381	0.028957999999988715	epochs	3.0
724.7127619877381	0.028766199999950004	epochs	3.0
724.741528187738	0.05696710000006533	epochs	2.0
724.741528187738	0.028577000000041153	epochs	3.0
724.7701051877381	0.028390100000024177	epochs	3.0
724.7984952877381	0.05622949999997218	epochs	2.0
724.7984952877381	0.028205699999944045	epochs	3.0
724.826700987738	0.028023800000028132	epochs	3.0
724.8547247877381	0.05551070000001346	epochs	2.0
724.8547247877381	0.027843999999959124	epochs	3.0
724.882568787738	0.027666700000054334	epochs	3.0
724.9102354877381	0.05481019999990622	epochs	2.0
724.9102354877381	0.02749149999999645	epochs	3.0
724.9377269877381	0.027318699999909768	epochs	3.0
724.965045687738	0.05412700000010773	epochs	2.0
724.965045687738	0.02714780000007977	epochs	3.0
724.9921934877381	0.02697920000002796	epochs	3.0
725.0191726877381	0.053460699999959616	epochs	2.0
725.0191726877381	0.0268125999999711	epochs	3.0
725.0459852877381	0.026648099999988517	epochs	3.0
725.072633387738	0.05281070000000909	epochs	2.0
725.072633387738	0.026485600000000886	epochs	3.0
725.099118987738	0.026325100000008206	epochs	3.0
725.1254440877381	0.05217619999996259	epochs	2.0
725.1254440877381	0.026166399999965506	epochs	3.0
725.151610487738	0.026009799999997085	epochs	3.0
725.177620287738	0.051556699999991906	epochs	2.0
725.177620287738	0.025854800000047362	epochs	3.0
725.2034750877381	0.025701899999944544	epochs	3.0
725.229176987738	0.05095189999997274	epochs	2.0
725.229176987738	0.02555070000005344	epochs	3.0
725.2547276877381	0.0254011999999193	epochs	3.0
725.280128887738	0.05036100000006627	epochs	2.0
725.280128887738	0.0252535000000762	epochs	3.0
725.3053823877381	0.02510749999999007	epochs	3.0
725.330489887738	0.049783800000000156	epochs	2.0
725.330489887738	0.02496320000000196	epochs	3.0
725.355453087738	0.024820599999998194	epochs	3.0
725.380273687738	0.04921949999993558	epochs	2.0
725.380273687738	0.024679399999968155	epochs	3.0
725.404953087738	0.024540099999967424	epochs	3.0
725.429493187738	0.04866790000005494	epochs	2.0
725.429493187738	0.024402100000088467	epochs	3.0
725.4538952877381	0.024265799999966475	epochs	3.0
725.478161087738	0.04812860000004093	epochs	2.0
725.478161087738	0.024131000000011227	epochs	3.0
725.502292087738	0.023997600000029706	epochs	3.0
725.5262896877381	0.04760109999995166	epochs	2.0
725.5262896877381	0.023865799999953197	epochs	3.0
725.550155487738	0.02373529999999846	epochs	3.0
725.573890787738	0.047085000000038235	epochs	2.0
725.573890787738	0.023606299999983094	epochs	3.0
725.597497087738	0.02347870000005514	epochs	3.0
725.6209757877381	0.046579999999948996	epochs	2.0
725.6209757877381	0.02335249999998723	epochs	3.0
725.6443282877381	0.023227499999961765	epochs	3.0
725.667555787738	0.046085700000048746	epochs	2.0
725.667555787738	0.023103999999989355	epochs	3.0
725.690659787738	0.02298170000005939	epochs	3.0
725.7136414877381	0.045601799999985815	epochs	2.0
725.7136414877381	0.02286069999991014	epochs	3.0
725.736502187738	0.022741100000075676	epochs	3.0
725.7592432877381	0.04512790000001132	epochs	2.0
725.7592432877381	0.022622500000011314	epochs	3.0
725.7818657877381	0.02250540000000001	epochs	3.0
725.8043711877381	0.044663799999966614	epochs	2.0
725.8043711877381	0.02238929999998618	epochs	3.0
725.826760487738	0.022274499999980435	epochs	3.0
725.849034987738	0.04420919999995476	epochs	2.0
725.849034987738	0.022160800000051495	epochs	3.0
725.8711957877381	0.022048399999903268	epochs	3.0
725.893244187738	0.043763600000033875	epochs	2.0
725.893244187738	0.021936900000014248	epochs	3.0
725.915181087738	0.021826700000019628	epochs	3.0
725.937007787738	0.04332710000005591	epochs	2.0
725.937007787738	0.021717599999988124	epochs	3.0
725.958725387738	0.021609500000067783	epochs	3.0
725.9803348877381	0.042898999999920306	epochs	2.0
725.9803348877381	0.02150249999999687	epochs	3.0
726.0018373877381	0.021396499999923435	epochs	3.0
726.023233887738	0.042479500000013104	epochs	2.0
726.023233887738	0.02129170000000613	epochs	3.0
726.044525587738	0.021187800000006973	epochs	3.0
726.065713387738	0.042067900000006375	epochs	2.0
726.065713387738	0.02108490000000529	epochs	3.0
726.086798287738	0.020983000000001084	epochs	3.0
726.107781287738	0.04166440000005878	epochs	2.0
726.107781287738	0.02088220000007368	epochs	3.0
726.1286634877381	0.020782199999985096	epochs	3.0
726.1494456877381	0.04126850000000104	epochs	2.0
726.1494456877381	0.020683299999973315	epochs	3.0
726.170128987738	0.020585200000027726	epochs	3.0
726.1907141877381	0.040879999999901884	epochs	2.0
726.1907141877381	0.020488099999965925	epochs	3.0
726.211202287738	0.02039189999993596	epochs	3.0
726.231594187738	0.04049880000002304	epochs	2.0
726.231594187738	0.020296600000051512	epochs	3.0
726.251890787738	0.020202199999971526	epochs	3.0
726.272092987738	0.04012460000001283	epochs	2.0
726.272092987738	0.02010870000003706	epochs	3.0
726.292201687738	0.020015899999975773	epochs	3.0
726.312217587738	0.03975730000001931	epochs	2.0
726.312217587738	0.019924199999991288	epochs	3.0
726.332141787738	0.019833100000028026	epochs	3.0
726.351974887738	0.03939669999999751	epochs	2.0
726.351974887738	0.01974299999994855	epochs	3.0
726.371717887738	0.019653700000048957	epochs	3.0
726.391371587738	0.03904239999997117	epochs	2.0
726.391371587738	0.01956510000002254	epochs	3.0
726.4109366877381	0.019477299999948627	epochs	3.0
726.430413987738	0.03869459999998526	epochs	2.0
726.430413987738	0.019390400000020236	epochs	3.0
726.449804387738	0.01930419999996502	epochs	3.0
726.469108587738	0.03835290000006353	epochs	2.0
726.469108587738	0.019218800000089686	epochs	3.0
726.4883273877381	0.01913409999997384	epochs	3.0
726.507461487738	0.03801720000001296	epochs	2.0
726.507461487738	0.019050200000037876	epochs	3.0
726.5265116877381	0.018966999999975087	epochs	3.0
726.5454786877381	0.03768719999993664	epochs	2.0
726.5454786877381	0.01888450000001285	epochs	3.0
726.5643631877381	0.01880269999992379	epochs	3.0
726.583165887738	0.03736309999999321	epochs	2.0
726.583165887738	0.018721700000014607	epochs	3.0
726.601887587738	0.018641399999978603	epochs	3.0
726.620528987738	0.03704430000004777	epochs	2.0
726.620528987738	0.01856159999999818	epochs	3.0
726.639090587738	0.01848270000004959	epochs	3.0
726.657573287738	0.0367310000000316	epochs	2.0
726.657573287738	0.018404300000042895	epochs	3.0
726.6759775877381	0.018326699999988705	epochs	3.0
726.6943042877381	0.03642289999993409	epochs	2.0
726.6943042877381	0.018249599999990096	epochs	3.0
726.7125538877381	0.018173299999943993	epochs	3.0
726.730727187738	0.03612010000006194	epochs	2.0
726.730727187738	0.0180976000000328	epochs	3.0
726.748824787738	0.01802250000002914	epochs	3.0
726.7668472877381	0.03582210000001851	epochs	2.0
726.7668472877381	0.017947899999967376	epochs	3.0
726.784795187738	0.017874200000051133	epochs	3.0
726.8026693877381	0.03552899999999681	epochs	2.0
726.8026693877381	0.017800799999918127	epochs	3.0
726.820470187738	0.017728200000078687	epochs	3.0
726.8381983877381	0.035240699999917524	epochs	2.0
726.8381983877381	0.017656099999953767	epochs	3.0
726.855854487738	0.017584599999963757	epochs	3.0
726.873439087738	0.034957100000042374	epochs	2.0
726.873439087738	0.01751369999999497	epochs	3.0
726.890952787738	0.017443400000047404	epochs	3.0
726.908396187738	0.03467790000001969	epochs	2.0
726.908396187738	0.017373600000041733	epochs	3.0
726.9257697877381	0.017304299999977957	epochs	3.0
726.9430740877381	0.03440330000000813	epochs	2.0
726.9430740877381	0.01723570000001473	epochs	3.0
726.9603097877381	0.0171675999999934	epochs	3.0
726.9774773877381	0.03413279999995211	epochs	2.0
726.9774773877381	0.01709989999994832	epochs	3.0
726.994577287738	0.017032900000003792	epochs	3.0
727.011610187738	0.033866699999975935	epochs	2.0
727.011610187738	0.01696640000000116	epochs	3.0
727.028576587738	0.016900299999974777	epochs	3.0
727.045476887738	0.03360459999998966	epochs	2.0
727.045476887738	0.016834800000083305	epochs	3.0
727.0623116877381	0.016769799999906354	epochs	3.0
727.079081487738	0.03334660000007261	epochs	2.0
727.079081487738	0.016705300000012357	epochs	3.0
727.095786787738	0.016641300000060255	epochs	3.0
727.1124280877381	0.03309249999995245	epochs	2.0
727.1124280877381	0.01657779999993636	epochs	3.0
727.129005887738	0.01651470000001609	epochs	3.0
727.145520587738	0.03284229999997024	epochs	2.0
727.145520587738	0.01645220000000336	epochs	3.0
727.161972787738	0.01639009999996688	epochs	3.0
727.178362887738	0.03259570000000167	epochs	2.0
727.178362887738	0.016328400000020338	epochs	3.0
727.194691287738	0.016267299999981333	epochs	3.0
727.210958587738	0.03235290000009172	epochs	2.0
727.210958587738	0.016206600000032267	epochs	3.0
727.227165187738	0.016146300000059455	epochs	3.0
727.2433114877381	0.03211369999996805	epochs	2.0
727.2433114877381	0.016086599999994178	epochs	3.0
727.2593980877381	0.01602709999997387	epochs	3.0
727.275425187738	0.03187800000000607	epochs	2.0
727.275425187738	0.015968199999974786	epochs	3.0
727.291393387738	0.015909800000031282	epochs	3.0
727.3073031877381	0.031645700000012766	epochs	2.0
727.3073031877381	0.01585160000001906	epochs	3.0
727.3231547877381	0.015794099999993705	epochs	3.0
727.3389488877381	0.031416699999908815	epochs	2.0
727.3389488877381	0.01573669999993399	epochs	3.0
727.354685587738	0.015679999999974825	epochs	3.0
727.370365587738	0.031191100000114602	epochs	2.0
727.370365587738	0.015623600000026272	epochs	3.0
727.385989187738	0.01556750000008833	epochs	3.0
727.4015566877381	0.030968699999903038	epochs	2.0
727.4015566877381	0.015511999999944237	epochs	3.0
727.417068687738	0.0154566999999588	epochs	3.0
727.432525387738	0.03074950000006993	epochs	2.0
727.432525387738	0.015401999999994587	epochs	3.0
727.447927387738	0.015347500000075343	epochs	3.0
727.4632748877381	0.030533199999922545	epochs	2.0
727.4632748877381	0.015293400000018664	epochs	3.0
727.4785682877381	0.01523979999990388	epochs	3.0
727.493808087738	0.03032010000003993	epochs	2.0
727.493808087738	0.015186500000027081	epochs	3.0
727.508994587738	0.015133600000012848	epochs	3.0
727.524128187738	0.030109899999956724	epochs	2.0
727.524128187738	0.015081000000009226	epochs	3.0
727.539209187738	0.015028899999947498	epochs	3.0
727.554238087738	0.02990250000004835	epochs	2.0
727.554238087738	0.014977000000044427	epochs	3.0
727.569215087738	0.014925500000003922	epochs	3.0
727.584140587738	0.029698100000018712	epochs	2.0
727.584140587738	0.014874400000053356	epochs	3.0
727.5990149877381	0.014823699999965356	epochs	3.0
727.613838687738	0.02949630000000525	epochs	2.0
727.613838687738	0.014773200000036013	epochs	3.0
727.6286118877381	0.014723099999969236	epochs	3.0
727.6433349877381	0.02929740000001857	epochs	2.0
727.6433349877381	0.014673399999992398	epochs	3.0
727.658008387738	0.014624000000026172	epochs	3.0
727.6726323877381	0.029101099999934377	epochs	2.0
727.6726323877381	0.01457489999995687	epochs	3.0
727.687207287738	0.014526199999977507	epochs	3.0
727.701733487738	0.028907399999980044	epochs	2.0
727.701733487738	0.014477700000043114	epochs	3.0
727.716211187738	0.014429699999936929	epochs	3.0
727.730640887738	0.028716200000076242	epochs	2.0
727.730640887738	0.014381800000023759	epochs	3.0
727.745022687738	0.014334400000052483	epochs	3.0
727.7593570877381	0.02852759999996124	epochs	2.0
727.7593570877381	0.01428720000001249	epochs	3.0
727.7736442877381	0.01424039999994875	epochs	3.0
727.787884687738	0.028341400000044814	epochs	2.0
727.787884687738	0.014193800000043666	epochs	3.0
727.8020784877381	0.014147600000001148	epochs	3.0
727.8162260877381	0.028157699999951546	epochs	2.0
727.8162260877381	0.014101699999969242	epochs	3.0
727.830327787738	0.014055999999982305	epochs	3.0
727.844383787738	0.027976299999977527	epochs	2.0
727.844383787738	0.01401060000000598	epochs	3.0
727.858394387738	0.013965699999971548	epochs	3.0
727.872360087738	0.02779720000000907	epochs	2.0
727.872360087738	0.013920800000050804	epochs	3.0
727.886280887738	0.013876399999958267	epochs	3.0
727.900157287738	0.027620400000046175	epochs	2.0
727.900157287738	0.013832200000024386	epochs	3.0
727.913989487738	0.013788200000021789	epochs	3.0
727.9277776877381	0.027445899999975154	epochs	2.0
727.9277776877381	0.013744599999995444	epochs	3.0
727.941522287738	0.01370129999997971	epochs	3.0
727.955223587738	0.027273499999978412	epochs	2.0
727.955223587738	0.013658200000008947	epochs	3.0
727.968881787738	0.013615299999969466	epochs	3.0
727.982497087738	0.027103399999987232	epochs	2.0
727.982497087738	0.013572800000019924	epochs	3.0
727.996069887738	0.013530599999967308	epochs	3.0
728.009600487738	0.02693520000002536	epochs	2.0
728.009600487738	0.013488400000028378	epochs	3.0
728.023088887738	0.013446799999996983	epochs	3.0
728.036535687738	0.026769199999989723	epochs	2.0
728.036535687738	0.013405199999965589	epochs	3.0
728.049940887738	0.013364000000024134	epochs	3.0
728.063304887738	0.026605200000062723	epochs	2.0
728.063304887738	0.013322900000048321	epochs	3.0
728.0766277877381	0.013282300000014402	epochs	3.0
728.0899100877381	0.026443200000016986	epochs	2.0
728.0899100877381	0.013241699999980483	epochs	3.0
728.103151787738	0.013201500000036503	epochs	3.0
728.1163532877381	0.0262831999999662	epochs	2.0
728.1163532877381	0.01316149999991012	epochs	3.0
728.129514787738	0.01312170000005608	epochs	3.0
728.1426364877381	0.02612499999997908	epochs	2.0
728.1426364877381	0.013082100000019636	epochs	3.0
728.1557185877381	0.013042899999959445	epochs	3.0
728.168761487738	0.025968899999952555	epochs	2.0
728.168761487738	0.013003899999944224	epochs	3.0
728.181765387738	0.012965000000008331	epochs	3.0
728.194730387738	0.025814500000024054	epochs	2.0
728.194730387738	0.01292640000008305	epochs	3.0
728.2076567877381	0.012888099999941005	epochs	3.0
728.220544887738	0.025661900000045534	epochs	2.0
728.220544887738	0.012849899999991976	epochs	3.0
728.233394787738	0.012812000000053558	epochs	3.0
728.2462067877381	0.025511199999982637	epochs	2.0
728.2462067877381	0.012774400000012065	epochs	3.0
728.2589811877381	0.012736799999970572	epochs	3.0
728.271717987738	0.025362299999983406	epochs	2.0
728.271717987738	0.01269969999998466	epochs	3.0
728.284417687738	0.012662599999998747	epochs	3.0
728.297080287738	0.025215000000002874	epochs	2.0
728.297080287738	0.012625800000023446	epochs	3.0
728.309706087738	0.012589199999979428	epochs	3.0
728.322295287738	0.024584799999956886	epochs	2.0
728.346000287738	0.5	epochs	-1.0
728.346880087738	0.9999200000000883	epochs	1.0
728.846000287738	0.5	epochs	-1.0
730.4400000572205	0.03887999999994918	epochs	0.0
730.4400000572205	0.01444000000003598	epochs	1.0
730.4544400572205	0.009999999999990905	epochs	1.0
730.4644400572205	0.014439999999922293	epochs	1.0
730.4788800572204	2.0	epochs	0.0
732.4788800572204	0.5210400000000845	epochs	0.0
732.4788800572204	0.5210400000000845	epochs	1.0
732.4788802572205	0.5	epochs	-1.0
732.9788802572205	0.021039800000039577	epochs	-1.0
732.9999200572205	21.478880000000004	epochs	0.0
734.326000213623	0.03887999999994918	epochs	0.0
734.326000213623	0.01444000000003598	epochs	1.0
734.3404402136231	0.009999999999990905	epochs	1.0
734.3504402136231	0.014439999999922293	epochs	1.0
734.364880213623	2.0	epochs	0.0
736.364880213623	0.5213600000000724	epochs	0.0
736.364880213623	0.5213600000000724	epochs	1.0
736.364880413623	0.5	epochs	-1.0
736.864880413623	0.021359800000027462	epochs	-1.0
736.8862402136231	21.478560000000016	epochs	0.0
754.6209998130798	0.03887999999994918	epochs	0.0
754.6209998130798	0.01444000000003598	epochs	1.0
754.6354398130799	0.009999999999990905	epochs	1.0
754.6454398130799	0.014439999999922293	epochs	1.0
754.6598798130798	0.22992000000010648	epochs	0.0
754.6598798130798	0.05000000000006821	epochs	1.0
754.7098798130799	0.009999999999990905	epochs	1.0
754.7198798130798	0.049999999999954525	epochs	1.0
754.7698798130798	0.009999999999990905	epochs	1.0
754.7798798130798	0.05000000000006821	epochs	1.0
754.8298798130799	0.009999999999990905	epochs	1.0
754.8398798130798	0.04992000000004282	epochs	1.0
