onset	duration	nwb_table	treelevel
8.509999752044678	0.09999999999999964	epochs	0.0
8.509999752044678	0.04499999999999993	epochs	1.0
8.554999752044678	0.009999999999999787	epochs	1.0
8.564999752044677	0.04499999999999993	epochs	1.0
8.609999752044677	0.7049950000000003	epochs	0.0
8.609999752044677	0.5	epochs	-1.0
8.609999752044677	0.5	epochs	-1.0
8.609999752044677	0.5	epochs	1.0
9.109999752044677	0.0600000000000005	epochs	-1.0
9.109999752044677	0.025000000000000355	epochs	-1.0
9.109999752044677	0.025000000000000355	epochs	1.0
9.134999752044678	0.009999999999999787	epochs	-1.0
9.134999752044678	0.009999999999999787	epochs	1.0
9.144999752044678	0.025000000000000355	epochs	-1.0
9.144999752044678	0.025000000000000355	epochs	1.0
9.169999752044678	0.0600000000000005	epochs	-1.0
9.169999752044678	0.025000000000000355	epochs	-1.0
9.169999752044678	0.025000000000000355	epochs	1.0
9.194999752044678	0.009999999999999787	epochs	-1.0
9.194999752044678	0.009999999999999787	epochs	1.0
9.204999752044678	0.025000000000000355	epochs	-1.0
9.204999752044678	0.025000000000000355	epochs	1.0
9.229999752044678	0.05999999999999872	epochs	-1.0
9.229999752044678	0.02499999999999858	epochs	-1.0
9.229999752044678	0.02499999999999858	epochs	1.0
9.254999752044677	0.010000000000001563	epochs	-1.0
9.254999752044677	0.010000000000001563	epochs	1.0
9.264999752044679	0.02499999999999858	epochs	-1.0
9.264999752044679	0.02499999999999858	epochs	1.0
9.289999752044677	0.024995000000000545	epochs	1.0
112.08500003814697	0.09999999999999432	epochs	0.0
112.08500003814697	0.045000000000001705	epochs	1.0
112.13000003814697	0.010000000000005116	epochs	1.0
112.14000003814698	0.044999999999987494	epochs	1.0
112.18500003814697	0.7049950000000109	epochs	0.0
112.18500003814697	0.5	epochs	-1.0
112.18500003814697	0.5	epochs	1.0
112.68500003814697	0.060000000000002274	epochs	-1.0
112.68500003814697	0.025000000000005684	epochs	-1.0
112.68500003814697	0.025000000000005684	epochs	1.0
112.71000003814697	0.010000000000005116	epochs	-1.0
112.71000003814697	0.010000000000005116	epochs	1.0
112.72000003814698	0.024999999999991473	epochs	-1.0
112.72000003814698	0.024999999999991473	epochs	1.0
112.74500003814697	0.060000000000002274	epochs	-1.0
112.74500003814697	0.025000000000005684	epochs	-1.0
112.74500003814697	0.025000000000005684	epochs	1.0
112.77000003814697	0.009999999999990905	epochs	-1.0
112.77000003814697	0.009999999999990905	epochs	1.0
112.78000003814697	0.025000000000005684	epochs	-1.0
112.78000003814697	0.025000000000005684	epochs	1.0
112.80500003814697	0.060000000000002274	epochs	-1.0
112.80500003814697	0.025000000000005684	epochs	-1.0
112.80500003814697	0.025000000000005684	epochs	1.0
112.83000003814698	0.009999999999990905	epochs	-1.0
112.83000003814698	0.009999999999990905	epochs	1.0
112.84000003814697	0.025000000000005684	epochs	-1.0
112.84000003814697	0.025000000000005684	epochs	1.0
112.86500003814697	0.024995000000004097	epochs	1.0
156.74499988555908	0.09999999999999432	epochs	0.0
156.74499988555908	0.044999999999987494	epochs	1.0
156.78999988555907	0.010000000000019327	epochs	1.0
156.7999998855591	0.044999999999987494	epochs	1.0
156.84499988555908	61.384995	epochs	0.0
156.84499988555908	0.5	epochs	-1.0
156.84499988555908	0.5	epochs	-1.0
156.84499988555908	0.5	epochs	1.0
157.34499988555908	0.060000000000002274	epochs	-1.0
157.34499988555908	0.025000000000005684	epochs	-1.0
157.34499988555908	0.025000000000005684	epochs	1.0
157.36999988555908	0.009999999999990905	epochs	-1.0
157.36999988555908	0.009999999999990905	epochs	1.0
157.37999988555907	0.025000000000005684	epochs	-1.0
157.37999988555907	0.025000000000005684	epochs	1.0
157.40499988555908	0.060000000000002274	epochs	-1.0
157.40499988555908	0.025000000000005684	epochs	-1.0
157.40499988555908	0.025000000000005684	epochs	1.0
157.42999988555908	0.009999999999990905	epochs	-1.0
157.42999988555908	0.009999999999990905	epochs	1.0
157.43999988555908	0.025000000000005684	epochs	-1.0
157.43999988555908	0.025000000000005684	epochs	1.0
157.46499988555908	0.060000000000002274	epochs	-1.0
157.46499988555908	0.025000000000005684	epochs	-1.0
157.46499988555908	0.025000000000005684	epochs	1.0
157.4899998855591	0.009999999999990905	epochs	-1.0
157.4899998855591	0.009999999999990905	epochs	1.0
157.49999988555908	0.025000000000005684	epochs	-1.0
157.49999988555908	0.025000000000005684	epochs	1.0
157.52499988555908	60.0	epochs	1.0
217.52499988555908	0.5	epochs	-1.0
217.52499988555908	0.5	epochs	-1.0
217.52499988555908	0.5	epochs	1.0
218.02499988555908	0.060000000000002274	epochs	-1.0
218.02499988555908	0.025000000000005684	epochs	-1.0
218.02499988555908	0.025000000000005684	epochs	1.0
218.0499998855591	0.009999999999990905	epochs	-1.0
218.0499998855591	0.009999999999990905	epochs	1.0
218.05999988555908	0.025000000000005684	epochs	-1.0
218.05999988555908	0.025000000000005684	epochs	1.0
218.08499988555909	0.060000000000002274	epochs	-1.0
218.08499988555909	0.025000000000005684	epochs	-1.0
218.08499988555909	0.025000000000005684	epochs	1.0
218.1099998855591	0.009999999999990905	epochs	-1.0
218.1099998855591	0.009999999999990905	epochs	1.0
218.11999988555908	0.025000000000005684	epochs	-1.0
218.11999988555908	0.025000000000005684	epochs	1.0
218.1449998855591	0.060000000000002274	epochs	-1.0
218.1449998855591	0.025000000000005684	epochs	-1.0
218.1449998855591	0.025000000000005684	epochs	1.0
218.1699998855591	0.009999999999990905	epochs	-1.0
218.1699998855591	0.009999999999990905	epochs	1.0
218.17999988555908	0.025000000000005684	epochs	-1.0
218.17999988555908	0.025000000000005684	epochs	1.0
218.2049998855591	0.024994999999989886	epochs	1.0
252.4119997024536	0.09999999999999432	epochs	0.0
252.4119997024536	0.044999999999987494	epochs	1.0
252.4569997024536	0.010000000000019327	epochs	1.0
252.46699970245362	0.044999999999987494	epochs	1.0
252.5119997024536	0.7049949999999967	epochs	0.0
252.5119997024536	0.5	epochs	-1.0
252.5119997024536	0.5	epochs	-1.0
252.5119997024536	0.5	epochs	1.0
253.0119997024536	0.060000000000002274	epochs	-1.0
253.0119997024536	0.025000000000005684	epochs	-1.0
253.0119997024536	0.025000000000005684	epochs	1.0
253.0369997024536	0.009999999999990905	epochs	-1.0
253.0369997024536	0.009999999999990905	epochs	1.0
253.0469997024536	0.025000000000005684	epochs	-1.0
253.0469997024536	0.025000000000005684	epochs	1.0
253.0719997024536	0.060000000000002274	epochs	-1.0
253.0719997024536	0.025000000000005684	epochs	-1.0
253.0719997024536	0.025000000000005684	epochs	1.0
253.09699970245362	0.009999999999990905	epochs	-1.0
253.09699970245362	0.009999999999990905	epochs	1.0
253.1069997024536	0.025000000000005684	epochs	-1.0
253.1069997024536	0.025000000000005684	epochs	1.0
253.1319997024536	0.060000000000002274	epochs	-1.0
253.1319997024536	0.025000000000005684	epochs	-1.0
253.1319997024536	0.025000000000005684	epochs	1.0
253.15699970245362	0.009999999999990905	epochs	-1.0
253.15699970245362	0.009999999999990905	epochs	1.0
253.1669997024536	0.025000000000005684	epochs	-1.0
253.1669997024536	0.025000000000005684	epochs	1.0
253.19199970245361	0.024994999999989886	epochs	1.0
303.5260000228882	0.11234000000001743	epochs	0.0
303.5260000228882	0.05117089999998825	epochs	1.0
303.5771709228882	0.009998199999984081	epochs	1.0
303.58716912288816	0.051170900000045094	epochs	1.0
303.6383400228882	5.999979999999994	epochs	0.0
303.6383400228882	0.5	epochs	1.0
303.6383596228882	0.5	epochs	-1.0
303.6383596228882	0.5	epochs	-1.0
304.1383400228882	5.0	epochs	1.0
309.1383400228882	0.49997999999999365	epochs	1.0
309.1383596228882	0.4999604000000204	epochs	-1.0
312.6929998397827	0.11234000000001743	epochs	0.0
312.6929998397827	0.05117089999998825	epochs	1.0
312.7441707397827	0.009998199999984081	epochs	1.0
312.7541689397827	0.051170900000045094	epochs	1.0
312.80533983978273	2.507599999999968	epochs	0.0
312.80533983978273	0.5	epochs	1.0
312.8053594397827	0.5	epochs	-1.0
313.30533983978273	1.0	epochs	1.0
314.30533983978273	1.007599999999968	epochs	1.0
314.8053594397827	0.5	epochs	-1.0
315.3129398397827	0.9923800000000256	epochs	0.0
315.610999584198	0.11234000000001743	epochs	0.0
315.610999584198	0.05117089999998825	epochs	1.0
315.662170484198	0.009998199999984081	epochs	1.0
315.67216868419797	0.051170900000045094	epochs	1.0
315.723339584198	2.547460000000001	epochs	0.0
315.723339584198	0.5	epochs	1.0
315.723359184198	0.5	epochs	-1.0
316.223339584198	1.0	epochs	1.0
317.223339584198	1.047460000000001	epochs	1.0
317.723359184198	0.5	epochs	-1.0
318.270799584198	0.9525199999999927	epochs	0.0
318.5939998626709	0.11234000000001743	epochs	0.0
318.5939998626709	0.05117089999998825	epochs	1.0
318.6451707626709	0.009998199999984081	epochs	1.0
318.65516896267087	0.051170900000045094	epochs	1.0
318.7063398626709	2.5078399999999874	epochs	0.0
318.7063398626709	0.5	epochs	1.0
318.7063594626709	0.5	epochs	-1.0
319.2063398626709	1.0	epochs	1.0
320.2063398626709	1.0078399999999874	epochs	1.0
320.7063594626709	0.5	epochs	-1.0
321.2141798626709	0.9921400000000062	epochs	0.0
321.5279998779297	0.11234000000001743	epochs	0.0
321.5279998779297	0.05117089999998825	epochs	1.0
321.5791707779297	0.009998199999984081	epochs	1.0
321.58916897792966	0.051170900000045094	epochs	1.0
321.6403398779297	2.5480799999999704	epochs	0.0
321.6403398779297	0.5	epochs	1.0
321.6403594779297	0.5	epochs	-1.0
322.1403398779297	1.0	epochs	1.0
323.1403398779297	1.0480799999999704	epochs	1.0
323.6403594779297	0.5	epochs	-1.0
324.1884198779297	0.9519000000000233	epochs	0.0
324.5079998970032	0.11234000000001743	epochs	0.0
324.5079998970032	0.05117089999998825	epochs	1.0
324.55917079700316	0.009998199999984081	epochs	1.0
324.56916899700315	0.051170900000045094	epochs	1.0
324.6203398970032	2.5475999999999885	epochs	0.0
324.6203398970032	0.5	epochs	1.0
324.62035949700316	0.5	epochs	-1.0
325.1203398970032	1.0	epochs	1.0
326.1203398970032	1.0475999999999885	epochs	1.0
326.62035949700316	0.5	epochs	-1.0
327.1679398970032	0.9523800000000051	epochs	0.0
327.5409998893738	0.6499800000000278	epochs	0.0
327.5409998893738	0.05000000000001137	epochs	1.0
327.5909998893738	0.5	epochs	1.0
328.0909998893738	0.09998000000001639	epochs	1.0
328.5739998817444	0.6499800000000278	epochs	0.0
328.5739998817444	0.05000000000001137	epochs	1.0
328.6239998817444	0.5	epochs	1.0
329.1239998817444	0.09998000000001639	epochs	1.0
329.6579999923706	0.6499800000000278	epochs	0.0
329.6579999923706	0.05000000000001137	epochs	1.0
329.7079999923706	0.5	epochs	1.0
330.2079999923706	0.09998000000001639	epochs	1.0
330.7579998970032	0.6499800000000278	epochs	0.0
330.7579998970032	0.05000000000001137	epochs	1.0
330.8079998970032	0.5	epochs	1.0
331.3079998970032	0.09998000000001639	epochs	1.0
331.8239998817444	0.6499800000000278	epochs	0.0
331.8239998817444	0.05000000000001137	epochs	1.0
331.8739998817444	0.5	epochs	1.0
332.3739998817444	0.09998000000001639	epochs	1.0
332.89099979400635	0.6499800000000278	epochs	0.0
332.89099979400635	0.05000000000001137	epochs	1.0
332.94099979400636	0.5	epochs	1.0
333.44099979400636	0.09998000000001639	epochs	1.0
333.99199962615967	0.6499800000000278	epochs	0.0
333.99199962615967	0.05000000000001137	epochs	1.0
334.0419996261597	0.5	epochs	1.0
334.5419996261597	0.09998000000001639	epochs	1.0
335.1089997291565	0.11234000000001743	epochs	0.0
335.1089997291565	0.05117089999998825	epochs	1.0
335.1601706291565	0.009998199999984081	epochs	1.0
335.17016882915647	0.051170900000045094	epochs	1.0
335.2213397291565	0.5278999999999883	epochs	0.0
335.2213397291565	0.5	epochs	1.0
335.2213593291565	0.5	epochs	-1.0
335.7213397291565	0.027899999999988268	epochs	1.0
335.7492397291565	4.972080000000005	epochs	0.0
355.2559995651245	0.11234000000001743	epochs	0.0
355.2559995651245	0.05117089999998825	epochs	1.0
355.3071704651245	0.009998199999984081	epochs	1.0
355.3171686651245	0.051170900000045094	epochs	1.0
355.36833956512453	0.527279999999962	epochs	0.0
355.36833956512453	0.5	epochs	1.0
355.3683591651245	0.5	epochs	-1.0
355.86833956512453	0.027279999999962	epochs	1.0
355.8956195651245	4.972700000000032	epochs	0.0
375.50299978256226	0.11234000000001743	epochs	0.0
375.50299978256226	0.05117089999998825	epochs	1.0
375.55417068256224	0.009998199999984081	epochs	1.0
375.5641688825622	0.051170900000045094	epochs	1.0
375.6153397825623	5.499979999999994	epochs	0.0
375.6153397825623	0.5	epochs	1.0
375.61535938256225	0.5	epochs	-1.0
376.1153397825623	1.0	epochs	1.0
377.1153397825623	3.9999799999999937	epochs	1.0
377.6153592825623	0.5	epochs	-1.0
378.1153592825623	0.5	epochs	-1.0
378.6153592825623	0.5	epochs	-1.0
379.1153592825623	0.5	epochs	-1.0
379.6153592825623	0.5	epochs	-1.0
380.1153592825623	0.5	epochs	-1.0
381.6029996871948	0.11234000000001743	epochs	0.0
381.6029996871948	0.05117089999998825	epochs	1.0
381.6541705871948	0.009998199999984081	epochs	1.0
381.6641687871948	0.051170900000045094	epochs	1.0
381.71533968719484	0.5277600000000007	epochs	0.0
381.71533968719484	0.5	epochs	1.0
381.7153592871948	0.5	epochs	-1.0
382.21533968719484	0.027760000000000673	epochs	1.0
382.24309968719484	4.972219999999993	epochs	0.0
401.7569999694824	0.11234000000001743	epochs	0.0
401.7569999694824	0.05117089999998825	epochs	1.0
401.8081708694824	0.009998199999984081	epochs	1.0
401.8181690694824	0.051170900000045094	epochs	1.0
401.86933996948244	3.5076199999999744	epochs	0.0
401.86933996948244	0.5	epochs	1.0
401.8693595694824	0.5	epochs	-1.0
402.36933996948244	1.0	epochs	1.0
403.36933996948244	2.0076199999999744	epochs	1.0
403.86935946948245	0.5	epochs	-1.0
404.36935946948245	0.5	epochs	-1.0
404.86935946948245	0.5	epochs	-1.0
405.3769599694824	1.9923600000000192	epochs	0.0
406.92399978637695	0.11234000000001743	epochs	0.0
406.92399978637695	0.05117089999998825	epochs	1.0
406.97517068637694	0.009998199999984081	epochs	1.0
406.9851688863769	0.051170900000045094	epochs	1.0
407.03633978637697	0.5275199999999813	epochs	0.0
407.03633978637697	0.5	epochs	1.0
407.03635938637694	0.5	epochs	-1.0
407.53633978637697	0.027519999999981337	epochs	1.0
407.56385978637695	4.972460000000012	epochs	0.0
427.1029996871948	0.11234000000001743	epochs	0.0
427.1029996871948	0.05117089999998825	epochs	1.0
427.1541705871948	0.009998199999984081	epochs	1.0
427.1641687871948	0.051170900000045094	epochs	1.0
427.21533968719484	3.507499999999993	epochs	0.0
427.21533968719484	0.5	epochs	1.0
427.2153592871948	0.5	epochs	-1.0
427.71533968719484	1.0	epochs	1.0
428.71533968719484	2.007499999999993	epochs	1.0
429.21535918719485	0.5	epochs	-1.0
429.71535918719485	0.5	epochs	-1.0
430.21535918719485	0.5	epochs	-1.0
430.72283968719483	1.9924800000000005	epochs	0.0
432.2699999809265	0.11234000000001743	epochs	0.0
432.2699999809265	0.05117089999998825	epochs	1.0
432.3211708809265	0.009998199999984081	epochs	1.0
432.3311690809265	0.051170900000045094	epochs	1.0
432.38233998092653	4.507799999999975	epochs	0.0
432.38233998092653	0.5	epochs	1.0
432.3823595809265	0.5	epochs	-1.0
432.88233998092653	1.0	epochs	1.0
433.88233998092653	3.0077999999999747	epochs	1.0
434.38235948092654	0.5	epochs	-1.0
434.88235948092654	0.5	epochs	-1.0
435.38235948092654	0.5	epochs	-1.0
435.88235948092654	0.5	epochs	-1.0
436.38235948092654	0.5	epochs	-1.0
436.8901399809265	0.9921800000000189	epochs	0.0
437.48499965667725	0.11234000000001743	epochs	0.0
437.48499965667725	0.05117089999998825	epochs	1.0
437.53617055667723	0.009998199999984081	epochs	1.0
437.5461687566772	0.051170900000045094	epochs	1.0
437.59733965667726	0.5280199999999695	epochs	0.0
437.59733965667726	0.5	epochs	1.0
437.59735925667724	0.5	epochs	-1.0
438.09733965667726	0.028019999999969514	epochs	1.0
438.12535965667723	5.971960000000024	epochs	0.0
453.7029995918274	0.11234000000001743	epochs	0.0
453.7029995918274	0.05117089999998825	epochs	1.0
453.7541704918274	0.009998199999984081	epochs	1.0
453.76416869182736	0.051170900000045094	epochs	1.0
453.8153395918274	2.547840000000008	epochs	0.0
453.8153395918274	0.5	epochs	1.0
453.8153591918274	0.5	epochs	-1.0
454.3153395918274	1.0	epochs	1.0
455.3153395918274	1.0478400000000079	epochs	1.0
455.8153591918274	0.5	epochs	-1.0
456.3631795918274	3.9521399999999858	epochs	0.0
456.9529995918274	0.11234000000001743	epochs	0.0
456.9529995918274	0.05117089999998825	epochs	1.0
457.0041704918274	0.009998199999984081	epochs	1.0
457.01416869182736	0.051170900000045094	epochs	1.0
457.0653395918274	2.54771999999997	epochs	0.0
457.0653395918274	0.5	epochs	1.0
457.0653591918274	0.5	epochs	-1.0
457.5653395918274	1.0	epochs	1.0
458.5653395918274	1.0477199999999698	epochs	1.0
459.0653591918274	0.5	epochs	-1.0
459.6130595918274	3.952260000000024	epochs	0.0
460.1199998855591	0.11234000000001743	epochs	0.0
460.1199998855591	0.05117089999998825	epochs	1.0
460.17117078555907	0.009998199999984081	epochs	1.0
460.18116898555905	0.051170900000045094	epochs	1.0
460.2323398855591	2.5480999999999767	epochs	0.0
460.2323398855591	0.5	epochs	1.0
460.2323594855591	0.5	epochs	-1.0
460.7323398855591	1.0	epochs	1.0
461.7323398855591	1.0480999999999767	epochs	1.0
462.2323594855591	0.5	epochs	-1.0
462.7804398855591	3.951880000000017	epochs	0.0
463.3289999961853	0.11234000000001743	epochs	0.0
463.3289999961853	0.05117089999998825	epochs	1.0
463.3801708961853	0.009998199999984081	epochs	1.0
463.3901690961853	0.051170900000045094	epochs	1.0
463.4413399961853	2.547339999999963	epochs	0.0
463.4413399961853	0.5	epochs	1.0
463.4413595961853	0.5	epochs	-1.0
463.9413399961853	1.0	epochs	1.0
464.9413399961853	1.0473399999999629	epochs	1.0
465.4413595961853	0.5	epochs	-1.0
465.9886799961853	3.952640000000031	epochs	0.0
466.52899980545044	0.11234000000001743	epochs	0.0
466.52899980545044	0.05117089999998825	epochs	1.0
466.5801707054504	0.009998199999984081	epochs	1.0
466.5901689054504	0.051170900000045094	epochs	1.0
466.64133980545046	0.5275199999999813	epochs	0.0
466.64133980545046	0.5	epochs	1.0
466.64135940545043	0.5	epochs	-1.0
467.14133980545046	0.027519999999981337	epochs	1.0
467.16885980545044	5.972460000000012	epochs	0.0
482.6309995651245	0.11234000000001743	epochs	0.0
482.6309995651245	0.05117089999998825	epochs	1.0
482.6821704651245	0.009998199999984081	epochs	1.0
482.6921686651245	0.051170900000045094	epochs	1.0
482.74333956512453	2.547460000000001	epochs	0.0
482.74333956512453	0.5	epochs	1.0
482.7433591651245	0.5	epochs	-1.0
483.24333956512453	1.0	epochs	1.0
484.24333956512453	1.047460000000001	epochs	1.0
484.7433591651245	0.5	epochs	-1.0
485.29079956512453	3.9525199999999927	epochs	0.0
485.85999965667725	0.11234000000001743	epochs	0.0
485.85999965667725	0.05117089999998825	epochs	1.0
485.91117055667723	0.009998199999984081	epochs	1.0
485.9211687566772	0.051170900000045094	epochs	1.0
485.97233965667726	2.54771999999997	epochs	0.0
485.97233965667726	0.5	epochs	1.0
485.97235925667724	0.5	epochs	-1.0
486.47233965667726	1.0	epochs	1.0
487.47233965667726	1.0477199999999698	epochs	1.0
487.97235925667724	0.5	epochs	-1.0
488.52005965667723	3.952260000000024	epochs	0.0
489.1769995689392	0.15298000000001366	epochs	0.0
489.1769995689392	0.05000000000001137	epochs	1.0
489.2269995689392	0.002999999999985903	epochs	1.0
489.2299995689392	0.09998000000001639	epochs	1.0
489.9099998474121	0.15298000000001366	epochs	0.0
489.9099998474121	0.05000000000001137	epochs	1.0
489.9599998474121	0.002999999999985903	epochs	1.0
489.9629998474121	0.09998000000001639	epochs	1.0
490.6599998474121	0.15298000000001366	epochs	0.0
490.6599998474121	0.05000000000001137	epochs	1.0
490.7099998474121	0.002999999999985903	epochs	1.0
490.7129998474121	0.09998000000001639	epochs	1.0
491.4269995689392	0.15298000000001366	epochs	0.0
491.4269995689392	0.05000000000001137	epochs	1.0
491.4769995689392	0.002999999999985903	epochs	1.0
491.4799995689392	0.09998000000001639	epochs	1.0
492.210000038147	0.15298000000001366	epochs	0.0
492.210000038147	0.05000000000001137	epochs	1.0
492.260000038147	0.002999999999985903	epochs	1.0
492.26300003814697	0.09998000000001639	epochs	1.0
492.960000038147	0.15298000000001366	epochs	0.0
492.960000038147	0.05000000000001137	epochs	1.0
493.010000038147	0.002999999999985903	epochs	1.0
493.01300003814697	0.09998000000001639	epochs	1.0
493.7909998893738	0.15298000000001366	epochs	0.0
493.7909998893738	0.05000000000001137	epochs	1.0
493.8409998893738	0.002999999999985903	epochs	1.0
493.8439998893738	0.09998000000001639	epochs	1.0
494.60799980163574	0.15298000000001366	epochs	0.0
494.60799980163574	0.05000000000001137	epochs	1.0
494.65799980163575	0.002999999999985903	epochs	1.0
494.66099980163574	0.09998000000001639	epochs	1.0
495.4079999923706	0.15298000000001366	epochs	0.0
495.4079999923706	0.05000000000001137	epochs	1.0
495.4579999923706	0.002999999999985903	epochs	1.0
495.4609999923706	0.09998000000001639	epochs	1.0
496.2909998893738	0.15298000000001366	epochs	0.0
496.2909998893738	0.05000000000001137	epochs	1.0
496.3409998893738	0.002999999999985903	epochs	1.0
496.3439998893738	0.09998000000001639	epochs	1.0
497.17399978637695	0.15298000000001366	epochs	0.0
497.17399978637695	0.05000000000001137	epochs	1.0
497.22399978637696	0.002999999999985903	epochs	1.0
497.22699978637695	0.09998000000001639	epochs	1.0
497.9579997062683	0.15298000000001366	epochs	0.0
497.9579997062683	0.05000000000001137	epochs	1.0
498.0079997062683	0.002999999999985903	epochs	1.0
498.0109997062683	0.09998000000001639	epochs	1.0
498.856999874115	0.15298000000001366	epochs	0.0
498.856999874115	0.05000000000001137	epochs	1.0
498.906999874115	0.002999999999985903	epochs	1.0
498.909999874115	0.09998000000001639	epochs	1.0
499.7239999771118	0.15298000000001366	epochs	0.0
499.7239999771118	0.05000000000001137	epochs	1.0
499.7739999771118	0.002999999999985903	epochs	1.0
499.7769999771118	0.09998000000001639	epochs	1.0
500.5909996032715	0.15298000000001366	epochs	0.0
500.5909996032715	0.05000000000001137	epochs	1.0
500.6409996032715	0.002999999999985903	epochs	1.0
500.6439996032715	0.09998000000001639	epochs	1.0
501.5409998893738	0.11234000000001743	epochs	0.0
501.5409998893738	0.05117089999998825	epochs	1.0
501.59217078937377	0.009998199999984081	epochs	1.0
501.60216898937375	0.051170900000045094	epochs	1.0
501.6533398893738	1.547179999999969	epochs	0.0
501.6533398893738	0.5	epochs	1.0
501.65335948937377	0.5	epochs	-1.0
502.1533398893738	0.002999999999985903	epochs	1.0
502.1563398893738	1.044179999999983	epochs	1.0
502.6563593893738	0.5	epochs	-1.0
503.20051988937377	0.05580000000003338	epochs	0.0
503.8719997406006	0.11234000000001743	epochs	0.0
503.8719997406006	0.05117089999998825	epochs	1.0
503.9231706406006	0.009998199999984081	epochs	1.0
503.93316884060056	0.051170900000045094	epochs	1.0
503.9843397406006	0.527279999999962	epochs	0.0
503.9843397406006	0.5	epochs	1.0
503.9843593406006	0.5	epochs	-1.0
504.4843397406006	0.002999999999985903	epochs	1.0
504.4873397406006	0.0242799999999761	epochs	1.0
504.51161974060057	1.0757000000000403	epochs	0.0
517.1840000152588	0.11234000000001743	epochs	0.0
517.1840000152588	0.05117089999998825	epochs	1.0
517.2351709152588	0.009998200000040924	epochs	1.0
517.2451691152588	0.05117089999998825	epochs	1.0
517.2963400152588	1.6029800000000023	epochs	0.0
517.2963400152588	0.5	epochs	1.0
517.2963596152588	0.5	epochs	-1.0
517.7963400152588	0.0029999999999290594	epochs	1.0
517.7993400152587	1.0999800000000732	epochs	1.0
518.2993595152587	0.5	epochs	-1.0
519.6679997444153	0.11234000000001743	epochs	0.0
519.6679997444153	0.05117089999998825	epochs	1.0
519.7191706444153	0.009998200000040924	epochs	1.0
519.7291688444153	0.05117089999998825	epochs	1.0
519.7803397444153	0.5271400000000313	epochs	0.0
519.7803397444153	0.5	epochs	1.0
519.7803593444153	0.5	epochs	-1.0
520.2803397444153	0.0029999999999290594	epochs	1.0
520.2833397444152	0.02414000000010219	epochs	1.0
520.3074797444153	1.075839999999971	epochs	0.0
533.0499997138977	0.11234000000001743	epochs	0.0
533.0499997138977	0.05117089999998825	epochs	1.0
533.1011706138977	0.009998200000040924	epochs	1.0
533.1111688138977	0.05117089999998825	epochs	1.0
533.1623397138977	1.5475599999999758	epochs	0.0
533.1623397138977	0.5	epochs	1.0
533.1623593138977	0.5	epochs	-1.0
533.6623397138977	0.0029999999999290594	epochs	1.0
533.6653397138977	1.0445600000000468	epochs	1.0
534.1653592138977	0.5	epochs	-1.0
534.7098997138977	0.05542000000002645	epochs	0.0
535.3509998321533	0.11234000000001743	epochs	0.0
535.3509998321533	0.05117089999998825	epochs	1.0
535.4021707321533	0.009998200000040924	epochs	1.0
535.4121689321533	0.05117089999998825	epochs	1.0
535.4633398321533	1.5471800000000258	epochs	0.0
535.4633398321533	0.5	epochs	1.0
535.4633594321533	0.5	epochs	-1.0
535.9633398321533	0.0029999999999290594	epochs	1.0
535.9663398321533	1.0441800000000967	epochs	1.0
536.4663593321533	0.5	epochs	-1.0
537.0105198321534	0.055799999999976535	epochs	0.0
537.835000038147	0.11234000000001743	epochs	0.0
537.835000038147	0.05117089999998825	epochs	1.0
537.886170938147	0.009998200000040924	epochs	1.0
537.896169138147	0.05117089999998825	epochs	1.0
537.947340038147	6.927639999999997	epochs	0.0
537.947340038147	0.5	epochs	1.0
537.947359638147	0.5	epochs	-1.0
538.447340038147	6.427639999999997	epochs	1.0
543.875400038147	0.9995800000000372	epochs	-1.0
543.875400038147	0.03956000000005133	epochs	-1.0
544.372899538147	0.5	epochs	-1.0
544.874980038147	12.57233999999994	epochs	0.0
545.9210000038147	0.11234000000001743	epochs	0.0
545.9210000038147	0.05117089999998825	epochs	1.0
545.9721709038147	0.009998200000040924	epochs	1.0
545.9821691038147	0.05117089999998825	epochs	1.0
546.0333400038147	6.668800000000033	epochs	0.0
546.0333400038147	0.5	epochs	1.0
546.0333596038147	0.5	epochs	-1.0
546.5333400038147	6.168800000000033	epochs	1.0
551.7015600038147	1.0005800000000136	epochs	-1.0
551.7015600038147	0.039559999999937645	epochs	-1.0
552.1990595038147	0.5	epochs	-1.0
552.7021400038147	12.831179999999904	epochs	0.0
553.4879999160767	0.11234000000001743	epochs	0.0
553.4879999160767	0.05117089999998825	epochs	1.0
553.5391708160766	0.009998200000040924	epochs	1.0
553.5491690160767	0.05117089999998825	epochs	1.0
553.6003399160767	6.727539999999976	epochs	0.0
553.6003399160767	0.5	epochs	1.0
553.6003595160767	0.5	epochs	-1.0
554.1003399160767	6.227539999999976	epochs	1.0
559.3282999160766	0.9995800000000372	epochs	-1.0
559.3282999160766	0.0401800000000776	epochs	-1.0
559.8257994160766	0.5	epochs	-1.0
560.3278799160767	12.77243999999996	epochs	0.0
573.3359999656677	0.11231999999995423	epochs	0.0
573.3359999656677	0.05116180000004533	epochs	1.0
573.3871617656678	0.009996399999977257	epochs	1.0
573.3971581656677	0.051161799999931645	epochs	1.0
573.4483199656677	2.0	epochs	0.0
575.4483199656677	5.387680000000046	epochs	0.0
575.4483199656677	1.0	epochs	1.0
575.4483595656677	0.5	epochs	-1.0
575.9483595656677	4.887640400000009	epochs	-1.0
576.4483199656677	4.387680000000046	epochs	1.0
576.4483199656677	4.356753900000058	epochs	-1.0
576.4483199656677	1.9745872000000873	epochs	2.0
576.4483199656677	1.0985622000000603	epochs	3.0
577.5468821656677	0.8760250000000269	epochs	3.0
578.4229071656678	1.352407499999913	epochs	2.0
578.4229071656678	0.7286354999999958	epochs	3.0
579.1515426656678	0.6237719999999172	epochs	3.0
579.7753146656677	1.0297592000000577	epochs	2.0
579.7753146656677	0.5453293000000485	epochs	3.0
580.3206439656677	0.4844299000000092	epochs	3.0
580.8050738656677	0.030926099999987855	epochs	2.0
580.8050738656677	0.030926099999987855	epochs	3.0
580.8359999656677	16.612240000000043	epochs	0.0
581.7609996795654	0.11231999999995423	epochs	0.0
581.7609996795654	0.05116180000004533	epochs	1.0
581.8121614795655	0.009996399999977257	epochs	1.0
581.8221578795655	0.051161799999931645	epochs	1.0
581.8733196795654	2.0	epochs	0.0
583.8733196795654	5.387680000000046	epochs	0.0
583.8733196795654	1.0	epochs	1.0
583.8733592795654	0.5	epochs	-1.0
584.3733592795654	4.887640400000009	epochs	-1.0
584.8733196795654	4.387680000000046	epochs	1.0
584.8733196795654	4.356753900000058	epochs	-1.0
584.8733196795654	1.9745872000000873	epochs	2.0
584.8733196795654	1.0985622000000603	epochs	3.0
585.9718818795654	0.8760250000000269	epochs	3.0
586.8479068795655	1.352407499999913	epochs	2.0
586.8479068795655	0.7286354999999958	epochs	3.0
587.5765423795655	0.6237719999999172	epochs	3.0
588.2003143795654	1.0297592000000577	epochs	2.0
588.2003143795654	0.5453293000000485	epochs	3.0
588.7456436795654	0.4844299000000092	epochs	3.0
589.2300735795654	0.030926099999987855	epochs	2.0
589.2300735795654	0.030926099999987855	epochs	3.0
589.2609996795654	16.612240000000043	epochs	0.0
590.0579996109009	0.11231999999995423	epochs	0.0
590.0579996109009	0.05116180000004533	epochs	1.0
590.1091614109009	0.009996399999977257	epochs	1.0
590.1191578109009	0.051161799999931645	epochs	1.0
590.1703196109008	2.0	epochs	0.0
592.1703196109008	5.387920000000008	epochs	0.0
592.1703196109008	1.0	epochs	1.0
592.1703592109009	0.5	epochs	-1.0
592.6703592109009	4.887880399999972	epochs	-1.0
593.1703196109008	4.387920000000008	epochs	1.0
593.1703196109008	4.356753900000058	epochs	-1.0
593.1703196109008	1.9745872000000873	epochs	2.0
593.1703196109008	1.0985622000000603	epochs	3.0
594.2688818109009	0.8760250000000269	epochs	3.0
595.1449068109009	1.352407499999913	epochs	2.0
595.1449068109009	0.7286354999999958	epochs	3.0
595.8735423109009	0.6237719999999172	epochs	3.0
596.4973143109008	1.0297592000000577	epochs	2.0
596.4973143109008	0.5453293000000485	epochs	3.0
597.0426436109009	0.4844299000000092	epochs	3.0
597.5270735109009	0.031166099999950347	epochs	2.0
597.5270735109009	0.031166099999950347	epochs	3.0
597.5582396109008	16.61200000000008	epochs	0.0
598.3669996261597	0.11231999999995423	epochs	0.0
598.3669996261597	0.05116180000004533	epochs	1.0
598.4181614261597	0.009996399999977257	epochs	1.0
598.4281578261597	0.051161799999931645	epochs	1.0
598.4793196261596	2.0	epochs	0.0
600.4793196261596	21.527919999999995	epochs	0.0
600.4793196261596	1.0	epochs	1.0
600.4793592261597	0.5	epochs	-1.0
600.9793592261597	19.998320000000035	epochs	-1.0
601.4793196261596	20.0	epochs	1.0
601.4793196261596	4.356753900000058	epochs	-1.0
601.4793196261596	1.9745872000000873	epochs	2.0
601.4793196261596	1.0985622000000603	epochs	3.0
602.5778818261597	0.8760250000000269	epochs	3.0
603.4539068261597	1.352407499999913	epochs	2.0
603.4539068261597	0.7286354999999958	epochs	3.0
604.1825423261597	0.6237719999999172	epochs	3.0
604.8063143261596	1.0297592000000577	epochs	2.0
604.8063143261596	0.5453293000000485	epochs	3.0
605.3516436261597	0.4844299000000092	epochs	3.0
605.8360735261597	0.8317862000000105	epochs	2.0
605.8360735261597	0.4357763000000432	epochs	3.0
606.2718498261597	0.3960098999999673	epochs	3.0
606.6678597261597	0.6977969999999232	epochs	2.0
606.6678597261597	0.3628982000000178	epochs	3.0
607.0307579261597	0.33489879999990535	epochs	3.0
607.3656567261596	0.6010457000000997	epochs	2.0
607.3656567261596	0.3109123000000409	epochs	3.0
607.6765690261597	0.2901334000000588	epochs	3.0
607.9667024261597	0.5278859000000011	epochs	2.0
607.9667024261597	0.2719585999999481	epochs	3.0
608.2386610261597	0.25592730000005304	epochs	3.0
608.4945883261597	0.470619299999953	epochs	2.0
608.4945883261597	0.241681299999982	epochs	3.0
608.7362696261597	0.228937999999971	epochs	3.0
608.9652076261597	0.42457039999999324	epochs	2.0
608.9652076261597	0.21747140000002219	epochs	3.0
609.1826790261597	0.20709899999997106	epochs	3.0
609.3897780261597	0.3867354000000205	epochs	2.0
609.3897780261597	0.19767109999997956	epochs	3.0
609.5874491261596	0.18906430000004093	epochs	3.0
609.7765134261597	0.3550953000000163	epochs	2.0
609.7765134261597	0.18117589999997108	epochs	3.0
609.9576893261597	0.17391940000004524	epochs	3.0
610.1316087261597	0.3282431000000088	epochs	2.0
610.1316087261597	0.16722189999995862	epochs	3.0
610.2988306261597	0.16102120000005016	epochs	3.0
610.4598518261597	0.30516799999998057	epochs	2.0
610.4598518261597	0.15526389999990897	epochs	3.0
610.6151157261596	0.1499041000000716	epochs	3.0
610.7650198261597	0.28512530000000424	epochs	2.0
610.7650198261597	0.1449020999999675	epochs	3.0
610.9099219261597	0.14022320000003674	epochs	3.0
611.0501451261597	0.2675537999999733	epochs	2.0
611.0501451261597	0.1358368999999584	epochs	3.0
611.1859820261596	0.1317169000000149	epochs	3.0
611.3176989261597	0.2520229000000427	epochs	2.0
611.3176989261597	0.1278393000000051	epochs	3.0
611.4455382261597	0.12418360000003759	epochs	3.0
611.5697218261597	0.23819649999995818	epochs	2.0
611.5697218261597	0.12073109999994358	epochs	3.0
611.6904529261597	0.1174654000000146	epochs	3.0
611.8079183261597	0.2258087999999816	epochs	2.0
611.8079183261597	0.11437190000003739	epochs	3.0
611.9222902261597	0.11143689999994422	epochs	3.0
612.0337271261596	0.2146460000000161	epochs	2.0
612.0337271261596	0.10864890000004834	epochs	3.0
612.1423760261597	0.10599709999996776	epochs	3.0
612.2483731261597	0.20453499999996438	epochs	2.0
612.2483731261597	0.10347149999995509	epochs	3.0
612.3518446261596	0.1010635000000093	epochs	3.0
612.4529081261596	0.19533400000000256	epochs	2.0
612.4529081261596	0.09876510000003691	epochs	3.0
612.5516732261597	0.09656889999996565	epochs	3.0
612.6482421261596	0.18692529999998442	epochs	2.0
612.6482421261596	0.09446830000001682	epochs	3.0
612.7427104261596	0.09245699999996759	epochs	3.0
612.8351674261596	0.17921069999999872	epochs	2.0
612.8351674261596	0.0905296000000817	epochs	3.0
612.9256970261597	0.08868109999991702	epochs	3.0
613.0143781261596	0.17210770000008324	epochs	2.0
613.0143781261596	0.08690630000000965	epochs	3.0
613.1012844261596	0.08520140000007359	epochs	3.0
613.1864858261597	0.1655463999999256	epochs	2.0
613.1864858261597	0.08356189999994967	epochs	3.0
613.2700477261596	0.08198449999997592	epochs	3.0
613.3520322261596	0.15946710000002895	epochs	2.0
613.3520322261596	0.08046540000009372	epochs	3.0
613.4324976261597	0.07900169999993523	epochs	3.0
613.5114993261597	0.15381839999997737	epochs	2.0
613.5114993261597	0.07759010000006583	epochs	3.0
613.5890894261597	0.07622829999991154	epochs	3.0
613.6653177261596	0.14855640000007497	epochs	2.0
613.6653177261596	0.07491330000004837	epochs	3.0
613.7402310261597	0.0736431000000266	epochs	3.0
613.8138741261597	0.14364239999997608	epochs	2.0
613.8138741261597	0.07241499999997814	epochs	3.0
613.8862891261597	0.07122739999999794	epochs	3.0
613.9575165261597	0.13904309999998077	epochs	2.0
613.9575165261597	0.07007799999996678	epochs	3.0
614.0275945261596	0.06896510000001399	epochs	3.0
614.0965596261597	0.1347293000000036	epochs	2.0
614.0965596261597	0.0678871000000072	epochs	3.0
614.1644467261597	0.06684219999999641	epochs	3.0
614.2312889261597	0.1306752000000415	epochs	2.0
614.2312889261597	0.06582909999997355	epochs	3.0
614.2971180261596	0.06484610000006796	epochs	3.0
614.3619641261597	0.1268577999999252	epochs	2.0
614.3619641261597	0.06389200000000983	epochs	3.0
614.4258561261597	0.06296579999991536	epochs	3.0
614.4888219261596	0.12325720000001184	epochs	2.0
614.4888219261596	0.06206580000002759	epochs	3.0
614.5508877261597	0.06119139999998424	epochs	3.0
614.6120791261596	0.11985540000000583	epochs	2.0
614.6120791261596	0.06034110000007331	epochs	3.0
614.6724202261597	0.05951429999993252	epochs	3.0
614.7319345261596	0.11663620000001629	epochs	2.0
614.7319345261596	0.05870960000004288	epochs	3.0
614.7906441261597	0.057926599999973405	epochs	3.0
614.8485707261597	0.11358559999996487	epochs	2.0
614.8485707261597	0.05716419999998834	epochs	3.0
614.9057349261597	0.05642139999997653	epochs	3.0
614.9621563261596	0.11069050000003244	epochs	2.0
614.9621563261596	0.055697900000041045	epochs	3.0
615.0178542261597	0.0549925999999914	epochs	3.0
615.0728468261597	0.10793909999995321	epochs	2.0
615.0728468261597	0.05430490000003374	epochs	3.0
615.1271517261597	0.053634199999919474	epochs	3.0
615.1807859261596	0.10532150000005913	epochs	2.0
615.1807859261596	0.05298000000004777	epochs	3.0
615.2337659261597	0.052341500000011365	epochs	3.0
615.2861074261597	0.10282759999995505	epochs	2.0
615.2861074261597	0.05171810000001642	epochs	3.0
615.3378255261597	0.051109499999938635	epochs	3.0
615.3889350261596	0.10044909999999163	epochs	2.0
615.3889350261596	0.050514900000052876	epochs	3.0
615.4394499261597	0.049934199999938755	epochs	3.0
615.4893841261596	0.09817830000008598	epochs	2.0
615.4893841261596	0.049366600000098515	epochs	3.0
615.5387507261597	0.04881169999998747	epochs	3.0
615.5875624261597	0.09600779999993847	epochs	2.0
615.5875624261597	0.04826919999993606	epochs	3.0
615.6358316261596	0.04773860000000241	epochs	3.0
615.6835702261596	0.09393120000004274	epochs	2.0
615.6835702261596	0.04721949999998287	epochs	3.0
615.7307897261596	0.046711700000059864	epochs	3.0
615.7775014261597	0.09194260000003851	epochs	2.0
615.7775014261597	0.046214599999984785	epochs	3.0
615.8237160261597	0.045728000000053726	epochs	3.0
615.8694440261597	0.09003629999995155	epochs	2.0
615.8694440261597	0.045251499999949374	epochs	3.0
615.9146955261597	0.04478480000000218	epochs	3.0
615.9594803261597	0.08820760000003247	epochs	2.0
615.9594803261597	0.044327800000019124	epochs	3.0
616.0038081261597	0.04387980000001335	epochs	3.0
616.0476879261597	0.0864516999999978	epochs	2.0
616.0476879261597	0.04344099999991613	epochs	3.0
616.0911289261596	0.04301070000008167	epochs	3.0
616.1341396261597	0.08476429999996071	epochs	2.0
616.1341396261597	0.04258899999990717	epochs	3.0
616.1767286261596	0.04217530000005354	epochs	3.0
616.2189039261597	0.08314150000001064	epochs	2.0
616.2189039261597	0.04176970000003166	epochs	3.0
616.2606736261597	0.041371799999978975	epochs	3.0
616.3020454261597	0.08157970000002024	epochs	2.0
616.3020454261597	0.040981399999964196	epochs	3.0
616.3430268261596	0.04059830000005604	epochs	3.0
616.3836251261597	0.08007550000002084	epochs	2.0
616.3836251261597	0.04022229999998217	epochs	3.0
616.4238474261597	0.03985320000003867	epochs	3.0
616.4637006261597	0.07862569999997504	epochs	2.0
616.4637006261597	0.0394907999999532	epochs	3.0
616.5031914261597	0.039134900000021844	epochs	3.0
616.5423263261597	0.07722760000001472	epochs	2.0
616.5423263261597	0.03878539999993791	epochs	3.0
616.5811117261596	0.03844220000007681	epochs	3.0
616.6195539261597	0.07587819999992007	epochs	2.0
616.6195539261597	0.03810479999992822	epochs	3.0
616.6576587261596	0.03777339999999185	epochs	3.0
616.6954321261596	0.0745752000000266	epochs	2.0
616.6954321261596	0.03744770000002973	epochs	3.0
616.7328798261597	0.03712749999999687	epochs	3.0
616.7700073261597	0.07331629999998768	epochs	2.0
616.7700073261597	0.036812899999972615	epochs	3.0
616.8068202261596	0.03650340000001506	epochs	3.0
616.8433236261596	0.07209899999998015	epochs	2.0
616.8433236261596	0.03619909999997617	epochs	3.0
616.8795227261596	0.03589990000000398	epochs	3.0
616.9154226261596	0.07092170000009901	epochs	2.0
616.9154226261596	0.03560560000005353	epochs	3.0
616.9510282261597	0.03531610000004548	epochs	3.0
616.9863443261597	0.0697819999999183	epochs	2.0
616.9863443261597	0.03503119999993487	epochs	3.0
617.0213755261597	0.03475079999998343	epochs	3.0
617.0561263261596	0.06867859999999837	epochs	2.0
617.0561263261596	0.03447510000000875	epochs	3.0
617.0906014261597	0.03420349999998962	epochs	3.0
617.1248049261596	0.06760930000007193	epochs	2.0
617.1248049261596	0.033936199999970995	epochs	3.0
617.1587411261596	0.03367310000010093	epochs	3.0
617.1924142261597	0.06657289999998284	epochs	2.0
617.1924142261597	0.03341399999999339	epochs	3.0
617.2258282261597	0.033158899999989444	epochs	3.0
617.2589871261597	0.06556779999993978	epochs	2.0
617.2589871261597	0.032907700000009754	epochs	3.0
617.2918948261597	0.032660099999930026	epochs	3.0
617.3245549261596	0.06459260000008271	epochs	2.0
617.3245549261596	0.032416399999988244	epochs	3.0
617.3569713261596	0.03217620000009447	epochs	3.0
617.3891475261597	0.0636459999999488	epochs	2.0
617.3891475261597	0.03193959999998697	epochs	3.0
617.4210871261597	0.03170639999996183	epochs	3.0
617.4527935261597	0.0627266999999847	epochs	2.0
617.4527935261597	0.03147660000001906	epochs	3.0
617.4842701261597	0.03125009999996564	epochs	3.0
617.5155202261597	0.06183359999999993	epochs	2.0
617.5155202261597	0.031026900000028945	epochs	3.0
617.5465471261597	0.030806699999970988	epochs	3.0
617.5773538261597	0.06096560000003137	epochs	2.0
617.5773538261597	0.030589800000029754	epochs	3.0
617.6079436261597	0.030375800000001618	epochs	3.0
617.6383194261597	0.06012160000000222	epochs	2.0
617.6383194261597	0.03016489999993155	epochs	3.0
617.6684843261596	0.02995670000007067	epochs	3.0
617.6984410261597	0.05930069999999432	epochs	2.0
617.6984410261597	0.02975159999994048	epochs	3.0
617.7281926261596	0.02954910000005384	epochs	3.0
617.7577417261597	0.05850180000004457	epochs	2.0
617.7577417261597	0.02934940000000097	epochs	3.0
617.7870911261597	0.0291524000000436	epochs	3.0
617.8162435261597	0.05772419999993872	epochs	2.0
617.8162435261597	0.028957999999988715	epochs	3.0
617.8452015261597	0.028766199999950004	epochs	3.0
617.8739677261597	0.05696709999995164	epochs	2.0
617.8739677261597	0.028577000000041153	epochs	3.0
617.9025447261597	0.02839009999991049	epochs	3.0
617.9309348261596	0.056229500000085864	epochs	2.0
617.9309348261596	0.028205700000057732	epochs	3.0
617.9591405261597	0.028023800000028132	epochs	3.0
617.9871643261597	0.05551070000001346	epochs	2.0
617.9871643261597	0.027843999999959124	epochs	3.0
618.0150083261597	0.027666700000054334	epochs	3.0
618.0426750261597	0.05481019999990622	epochs	2.0
618.0426750261597	0.02749149999999645	epochs	3.0
618.0701665261597	0.027318699999909768	epochs	3.0
618.0974852261596	0.05412699999999404	epochs	2.0
618.0974852261596	0.02714780000007977	epochs	3.0
618.1246330261597	0.026979199999914272	epochs	3.0
618.1516122261596	0.0534607000000733	epochs	2.0
618.1516122261596	0.026812600000084785	epochs	3.0
618.1784248261597	0.026648099999988517	epochs	3.0
618.2050729261597	0.05281070000000909	epochs	2.0
618.2050729261597	0.026485600000000886	epochs	3.0
618.2315585261597	0.026325100000008206	epochs	3.0
618.2578836261597	0.05217619999996259	epochs	2.0
618.2578836261597	0.026166399999965506	epochs	3.0
618.2840500261597	0.026009799999997085	epochs	3.0
618.3100598261597	0.051556699999991906	epochs	2.0
618.3100598261597	0.025854800000047362	epochs	3.0
618.3359146261597	0.025701899999944544	epochs	3.0
618.3616165261597	0.05095189999997274	epochs	2.0
618.3616165261597	0.02555070000005344	epochs	3.0
618.3871672261597	0.0254011999999193	epochs	3.0
618.4125684261596	0.05036100000006627	epochs	2.0
618.4125684261596	0.0252535000000762	epochs	3.0
618.4378219261597	0.02510749999999007	epochs	3.0
618.4629294261597	0.049783800000000156	epochs	2.0
618.4629294261597	0.02496320000000196	epochs	3.0
618.4878926261597	0.024820599999998194	epochs	3.0
618.5127132261597	0.04921949999993558	epochs	2.0
618.5127132261597	0.024679399999968155	epochs	3.0
618.5373926261597	0.024540099999967424	epochs	3.0
618.5619327261596	0.04866790000005494	epochs	2.0
618.5619327261596	0.024402100000088467	epochs	3.0
618.5863348261597	0.024265799999966475	epochs	3.0
618.6106006261597	0.04812860000004093	epochs	2.0
618.6106006261597	0.024131000000011227	epochs	3.0
618.6347316261597	0.023997600000029706	epochs	3.0
618.6587292261597	0.04760109999995166	epochs	2.0
618.6587292261597	0.023865799999953197	epochs	3.0
618.6825950261597	0.02373529999999846	epochs	3.0
618.7063303261597	0.047085000000038235	epochs	2.0
618.7063303261597	0.023606299999983094	epochs	3.0
618.7299366261597	0.02347870000005514	epochs	3.0
618.7534153261597	0.046579999999948996	epochs	2.0
618.7534153261597	0.02335249999998723	epochs	3.0
618.7767678261597	0.023227499999961765	epochs	3.0
618.7999953261597	0.046085700000048746	epochs	2.0
618.7999953261597	0.023103999999989355	epochs	3.0
618.8230993261596	0.02298170000005939	epochs	3.0
618.8460810261597	0.045601799999985815	epochs	2.0
618.8460810261597	0.02286069999991014	epochs	3.0
618.8689417261596	0.022741100000075676	epochs	3.0
618.8916828261597	0.04512790000001132	epochs	2.0
618.8916828261597	0.022622500000011314	epochs	3.0
618.9143053261597	0.02250540000000001	epochs	3.0
618.9368107261597	0.044663799999966614	epochs	2.0
618.9368107261597	0.02238929999998618	epochs	3.0
618.9592000261597	0.022274499999980435	epochs	3.0
618.9814745261597	0.04420919999995476	epochs	2.0
618.9814745261597	0.022160799999937808	epochs	3.0
619.0036353261596	0.022048400000016954	epochs	3.0
619.0256837261596	0.043763600000033875	epochs	2.0
619.0256837261596	0.021936900000014248	epochs	3.0
619.0476206261596	0.021826700000019628	epochs	3.0
619.0694473261597	0.04332710000005591	epochs	2.0
619.0694473261597	0.021717599999988124	epochs	3.0
619.0911649261596	0.021609500000067783	epochs	3.0
619.1127744261597	0.042898999999920306	epochs	2.0
619.1127744261597	0.02150249999999687	epochs	3.0
619.1342769261597	0.021396499999923435	epochs	3.0
619.1556734261596	0.042479500000013104	epochs	2.0
619.1556734261596	0.02129170000000613	epochs	3.0
619.1769651261596	0.021187800000006973	epochs	3.0
619.1981529261597	0.042067900000006375	epochs	2.0
619.1981529261597	0.02108490000000529	epochs	3.0
619.2192378261597	0.020983000000001084	epochs	3.0
619.2402208261597	0.04166440000005878	epochs	2.0
619.2402208261597	0.020882199999959994	epochs	3.0
619.2611030261596	0.020782200000098783	epochs	3.0
619.2818852261597	0.04126850000000104	epochs	2.0
619.2818852261597	0.020683299999973315	epochs	3.0
619.3025685261597	0.020585200000027726	epochs	3.0
619.3231537261597	0.040879999999901884	epochs	2.0
619.3231537261597	0.020488099999965925	epochs	3.0
619.3436418261597	0.02039189999993596	epochs	3.0
619.3640337261596	0.04049880000002304	epochs	2.0
619.3640337261596	0.020296600000051512	epochs	3.0
619.3843303261597	0.020202199999971526	epochs	3.0
619.4045325261596	0.04012460000001283	epochs	2.0
619.4045325261596	0.02010870000003706	epochs	3.0
619.4246412261597	0.020015899999975773	epochs	3.0
619.4446571261597	0.03975730000001931	epochs	2.0
619.4446571261597	0.019924199999991288	epochs	3.0
619.4645813261596	0.019833100000028026	epochs	3.0
619.4844144261597	0.03939669999999751	epochs	2.0
619.4844144261597	0.01974299999994855	epochs	3.0
619.5041574261596	0.019653700000048957	epochs	3.0
619.5238111261597	0.03904239999997117	epochs	2.0
619.5238111261597	0.01956510000002254	epochs	3.0
619.5433762261597	0.019477299999948627	epochs	3.0
619.5628535261596	0.03869459999998526	epochs	2.0
619.5628535261596	0.019390400000020236	epochs	3.0
619.5822439261597	0.01930419999996502	epochs	3.0
619.6015481261596	0.03835290000006353	epochs	2.0
619.6015481261596	0.019218800000089686	epochs	3.0
619.6207669261597	0.01913409999997384	epochs	3.0
619.6399010261597	0.03801720000001296	epochs	2.0
619.6399010261597	0.01905019999992419	epochs	3.0
619.6589512261596	0.018967000000088774	epochs	3.0
619.6779182261597	0.03768719999993664	epochs	2.0
619.6779182261597	0.01888450000001285	epochs	3.0
619.6968027261597	0.01880269999992379	epochs	3.0
619.7156054261596	0.03736309999999321	epochs	2.0
619.7156054261596	0.018721700000014607	epochs	3.0
619.7343271261597	0.018641399999978603	epochs	3.0
619.7529685261596	0.03704430000004777	epochs	2.0
619.7529685261596	0.01856159999999818	epochs	3.0
619.7715301261596	0.01848270000004959	epochs	3.0
619.7900128261597	0.0367310000000316	epochs	2.0
619.7900128261597	0.018404299999929208	epochs	3.0
619.8084171261596	0.01832670000010239	epochs	3.0
619.8267438261597	0.03642289999993409	epochs	2.0
619.8267438261597	0.018249599999990096	epochs	3.0
619.8449934261597	0.018173299999943993	epochs	3.0
619.8631667261596	0.03612010000006194	epochs	2.0
619.8631667261596	0.0180976000000328	epochs	3.0
619.8812643261597	0.01802250000002914	epochs	3.0
619.8992868261597	0.03582209999990482	epochs	2.0
619.8992868261597	0.017947899999967376	epochs	3.0
619.9172347261597	0.017874199999937446	epochs	3.0
619.9351089261596	0.0355290000001105	epochs	2.0
619.9351089261596	0.017800800000031813	epochs	3.0
619.9529097261596	0.017728200000078687	epochs	3.0
619.9706379261597	0.035240699999917524	epochs	2.0
619.9706379261597	0.017656099999953767	epochs	3.0
619.9882940261597	0.017584599999963757	epochs	3.0
620.0058786261596	0.034957100000042374	epochs	2.0
620.0058786261596	0.01751369999999497	epochs	3.0
620.0233923261596	0.017443400000047404	epochs	3.0
620.0408357261597	0.03467790000001969	epochs	2.0
620.0408357261597	0.017373599999928047	epochs	3.0
620.0582093261596	0.017304300000091644	epochs	3.0
620.0755136261597	0.03440330000000813	epochs	2.0
620.0755136261597	0.01723570000001473	epochs	3.0
620.0927493261597	0.0171675999999934	epochs	3.0
620.1099169261597	0.03413279999995211	epochs	2.0
620.1099169261597	0.01709989999994832	epochs	3.0
620.1270168261597	0.017032900000003792	epochs	3.0
620.1440497261597	0.033866699999975935	epochs	2.0
620.1440497261597	0.01696640000000116	epochs	3.0
620.1610161261597	0.016900299999974777	epochs	3.0
620.1779164261596	0.03360459999998966	epochs	2.0
620.1779164261596	0.016834800000083305	epochs	3.0
620.1947512261597	0.016769799999906354	epochs	3.0
620.2115210261596	0.03334660000007261	epochs	2.0
620.2115210261596	0.016705300000012357	epochs	3.0
620.2282263261596	0.016641300000060255	epochs	3.0
620.2448676261597	0.03309249999995245	epochs	2.0
620.2448676261597	0.01657779999993636	epochs	3.0
620.2614454261596	0.01651470000001609	epochs	3.0
620.2779601261597	0.03284229999997024	epochs	2.0
620.2779601261597	0.01645220000000336	epochs	3.0
620.2944123261597	0.01639009999996688	epochs	3.0
620.3108024261596	0.03259570000000167	epochs	2.0
620.3108024261596	0.016328400000020338	epochs	3.0
620.3271308261596	0.016267299999981333	epochs	3.0
620.3433981261596	0.03235290000009172	epochs	2.0
620.3433981261596	0.016206600000032267	epochs	3.0
620.3596047261597	0.016146300000059455	epochs	3.0
620.3757510261597	0.03211369999996805	epochs	2.0
620.3757510261597	0.016086599999994178	epochs	3.0
620.3918376261597	0.01602709999997387	epochs	3.0
620.4078647261597	0.03187800000000607	epochs	2.0
620.4078647261597	0.015968199999974786	epochs	3.0
620.4238329261597	0.015909800000031282	epochs	3.0
620.4397427261597	0.031645700000012766	epochs	2.0
620.4397427261597	0.01585160000001906	epochs	3.0
620.4555943261597	0.015794099999993705	epochs	3.0
620.4713884261597	0.031416699999908815	epochs	2.0
620.4713884261597	0.01573669999993399	epochs	3.0
620.4871251261596	0.015679999999974825	epochs	3.0
620.5028051261596	0.031191100000000915	epochs	2.0
620.5028051261596	0.015623600000026272	epochs	3.0
620.5184287261596	0.015567499999974643	epochs	3.0
620.5339962261596	0.030968700000016725	epochs	2.0
620.5339962261596	0.015512000000057924	epochs	3.0
620.5495082261597	0.0154566999999588	epochs	3.0
620.5649649261596	0.03074950000006993	epochs	2.0
620.5649649261596	0.015401999999994587	epochs	3.0
620.5803669261596	0.015347500000075343	epochs	3.0
620.5957144261597	0.030533199999922545	epochs	2.0
620.5957144261597	0.015293400000018664	epochs	3.0
620.6110078261597	0.01523979999990388	epochs	3.0
620.6262476261596	0.03032010000003993	epochs	2.0
620.6262476261596	0.015186500000027081	epochs	3.0
620.6414341261597	0.015133600000012848	epochs	3.0
620.6565677261597	0.030109899999956724	epochs	2.0
620.6565677261597	0.015081000000009226	epochs	3.0
620.6716487261597	0.015028899999947498	epochs	3.0
620.6866776261596	0.02990250000004835	epochs	2.0
620.6866776261596	0.014977000000044427	epochs	3.0
620.7016546261597	0.014925500000003922	epochs	3.0
620.7165801261597	0.029698100000018712	epochs	2.0
620.7165801261597	0.014874400000053356	epochs	3.0
620.7314545261597	0.014823699999965356	epochs	3.0
620.7462782261597	0.02949630000000525	epochs	2.0
620.7462782261597	0.014773199999922326	epochs	3.0
620.7610514261596	0.014723100000082923	epochs	3.0
620.7757745261597	0.02929740000001857	epochs	2.0
620.7757745261597	0.014673399999992398	epochs	3.0
620.7904479261597	0.014624000000026172	epochs	3.0
620.8050719261597	0.029101099999934377	epochs	2.0
620.8050719261597	0.01457489999995687	epochs	3.0
620.8196468261597	0.014526199999977507	epochs	3.0
620.8341730261596	0.028907399999980044	epochs	2.0
620.8341730261596	0.014477700000043114	epochs	3.0
620.8486507261597	0.014429699999936929	epochs	3.0
620.8630804261596	0.028716200000076242	epochs	2.0
620.8630804261596	0.014381800000023759	epochs	3.0
620.8774622261597	0.014334400000052483	epochs	3.0
620.8917966261597	0.02852759999996124	epochs	2.0
620.8917966261597	0.01428720000001249	epochs	3.0
620.9060838261597	0.01424039999994875	epochs	3.0
620.9203242261597	0.028341400000044814	epochs	2.0
620.9203242261597	0.014193800000043666	epochs	3.0
620.9345180261597	0.014147600000001148	epochs	3.0
620.9486656261597	0.028157699999951546	epochs	2.0
620.9486656261597	0.014101699999969242	epochs	3.0
620.9627673261597	0.014055999999982305	epochs	3.0
620.9768233261597	0.027976299999977527	epochs	2.0
620.9768233261597	0.01401060000000598	epochs	3.0
620.9908339261597	0.013965699999971548	epochs	3.0
621.0047996261596	0.02779720000000907	epochs	2.0
621.0047996261596	0.013920800000050804	epochs	3.0
621.0187204261597	0.013876399999958267	epochs	3.0
621.0325968261596	0.027620400000046175	epochs	2.0
621.0325968261596	0.013832200000024386	epochs	3.0
621.0464290261597	0.013788200000021789	epochs	3.0
621.0602172261597	0.027445899999975154	epochs	2.0
621.0602172261597	0.013744599999995444	epochs	3.0
621.0739618261597	0.01370129999997971	epochs	3.0
621.0876631261597	0.027273499999978412	epochs	2.0
621.0876631261597	0.013658200000008947	epochs	3.0
621.1013213261597	0.013615299999969466	epochs	3.0
621.1149366261596	0.027103399999987232	epochs	2.0
621.1149366261596	0.013572800000019924	epochs	3.0
621.1285094261597	0.013530599999967308	epochs	3.0
621.1420400261596	0.02693520000002536	epochs	2.0
621.1420400261596	0.013488400000028378	epochs	3.0
621.1555284261597	0.013446799999996983	epochs	3.0
621.1689752261597	0.026769199999989723	epochs	2.0
621.1689752261597	0.013405199999965589	epochs	3.0
621.1823804261596	0.013364000000024134	epochs	3.0
621.1957444261596	0.026605200000062723	epochs	2.0
621.1957444261596	0.013322900000048321	epochs	3.0
621.2090673261597	0.013282300000014402	epochs	3.0
621.2223496261597	0.0264431999999033	epochs	2.0
621.2223496261597	0.013241699999980483	epochs	3.0
621.2355913261597	0.013201499999922817	epochs	3.0
621.2487928261596	0.026283200000079887	epochs	2.0
621.2487928261596	0.013161500000023807	epochs	3.0
621.2619543261596	0.01312170000005608	epochs	3.0
621.2750760261597	0.02612499999997908	epochs	2.0
621.2750760261597	0.013082100000019636	epochs	3.0
621.2881581261597	0.013042899999959445	epochs	3.0
621.3012010261597	0.025968899999952555	epochs	2.0
621.3012010261597	0.013003899999944224	epochs	3.0
621.3142049261596	0.012965000000008331	epochs	3.0
621.3271699261596	0.025814500000024054	epochs	2.0
621.3271699261596	0.01292640000008305	epochs	3.0
621.3400963261597	0.012888099999941005	epochs	3.0
621.3529844261597	0.025661900000045534	epochs	2.0
621.3529844261597	0.012849899999991976	epochs	3.0
621.3658343261596	0.012812000000053558	epochs	3.0
621.3786463261597	0.025511199999982637	epochs	2.0
621.3786463261597	0.012774400000012065	epochs	3.0
621.3914207261597	0.012736799999970572	epochs	3.0
621.4041575261597	0.025362299999983406	epochs	2.0
621.4041575261597	0.01269969999998466	epochs	3.0
621.4168572261597	0.012662599999998747	epochs	3.0
621.4295198261597	0.025215000000002874	epochs	2.0
621.4295198261597	0.012625800000023446	epochs	3.0
621.4421456261597	0.012589199999979428	epochs	3.0
621.4547348261597	0.024584799999956886	epochs	2.0
621.4776792261597	0.5	epochs	-1.0
621.4793196261596	0.5279199999999946	epochs	1.0
622.0072396261596	0.4720000000000937	epochs	0.0
623.0929999351501	0.11231999999995423	epochs	0.0
623.0929999351501	0.05116180000004533	epochs	1.0
623.1441617351502	0.009996399999977257	epochs	1.0
623.1541581351502	0.051161799999931645	epochs	1.0
623.2053199351501	2.0	epochs	0.0
625.2053199351501	5.387519999999995	epochs	0.0
625.2053199351501	1.0	epochs	1.0
625.2053595351501	0.5	epochs	-1.0
625.7053595351501	4.8874803999999585	epochs	-1.0
626.2053199351501	4.387519999999995	epochs	1.0
626.2053199351501	4.356753900000058	epochs	-1.0
626.2053199351501	1.9745872000000873	epochs	2.0
626.2053199351501	1.0985622000000603	epochs	3.0
627.3038821351502	0.8760250000000269	epochs	3.0
628.1799071351502	1.352407499999913	epochs	2.0
628.1799071351502	0.7286354999999958	epochs	3.0
628.9085426351502	0.6237719999999172	epochs	3.0
629.5323146351501	1.0297592000000577	epochs	2.0
629.5323146351501	0.5453293000000485	epochs	3.0
630.0776439351501	0.4844299000000092	epochs	3.0
630.5620738351502	0.03076609999993707	epochs	2.0
630.5620738351502	0.03076609999993707	epochs	3.0
630.5928399351501	16.612400000000093	epochs	0.0
631.4749999046326	0.11231999999995423	epochs	0.0
631.4749999046326	0.05116180000004533	epochs	1.0
631.5261617046326	0.009996399999977257	epochs	1.0
631.5361581046326	0.051161799999931645	epochs	1.0
631.5873199046325	2.0	epochs	0.0
633.5873199046325	5.387760000000071	epochs	0.0
633.5873199046325	1.0	epochs	1.0
633.5873595046326	0.5	epochs	-1.0
634.0873595046326	4.887720400000035	epochs	-1.0
634.5873199046325	4.387760000000071	epochs	1.0
634.5873199046325	4.356753900000058	epochs	-1.0
634.5873199046325	1.9745872000000873	epochs	2.0
634.5873199046325	1.0985622000000603	epochs	3.0
635.6858821046326	0.8760250000000269	epochs	3.0
636.5619071046326	1.352407499999913	epochs	2.0
636.5619071046326	0.7286354999999958	epochs	3.0
637.2905426046326	0.6237719999999172	epochs	3.0
637.9143146046325	1.0297592000000577	epochs	2.0
637.9143146046325	0.5453293000000485	epochs	3.0
638.4596439046326	0.4844299000000092	epochs	3.0
638.9440738046326	0.031006100000013248	epochs	2.0
638.9440738046326	0.031006100000013248	epochs	3.0
638.9750799046326	16.612160000000017	epochs	0.0
639.8889999389648	0.11231999999995423	epochs	0.0
639.8889999389648	0.05116180000004533	epochs	1.0
639.9401617389649	0.009996399999977257	epochs	1.0
639.9501581389649	0.051161799999931645	epochs	1.0
640.0013199389648	2.0	epochs	0.0
642.0013199389648	21.548000000000002	epochs	0.0
642.0013199389648	1.0	epochs	1.0
642.0013595389648	0.5	epochs	-1.0
642.5013595389648	19.99872000000005	epochs	-1.0
643.0013199389648	20.0	epochs	1.0
643.0013199389648	4.356753900000058	epochs	-1.0
643.0013199389648	1.9745872000000873	epochs	2.0
643.0013199389648	1.0985622000000603	epochs	3.0
644.0998821389649	0.8760250000000269	epochs	3.0
644.9759071389649	1.352407499999913	epochs	2.0
644.9759071389649	0.7286354999999958	epochs	3.0
645.7045426389649	0.6237719999999172	epochs	3.0
646.3283146389648	1.0297592000000577	epochs	2.0
646.3283146389648	0.5453293000000485	epochs	3.0
646.8736439389648	0.4844299000000092	epochs	3.0
647.3580738389649	0.8317862000000105	epochs	2.0
647.3580738389649	0.4357763000000432	epochs	3.0
647.7938501389649	0.3960098999999673	epochs	3.0
648.1898600389649	0.6977969999999232	epochs	2.0
648.1898600389649	0.3628982000000178	epochs	3.0
648.5527582389649	0.33489879999990535	epochs	3.0
648.8876570389648	0.6010457000000997	epochs	2.0
648.8876570389648	0.3109123000000409	epochs	3.0
649.1985693389648	0.2901334000000588	epochs	3.0
649.4887027389649	0.5278859000000011	epochs	2.0
649.4887027389649	0.2719585999999481	epochs	3.0
649.7606613389648	0.25592730000005304	epochs	3.0
650.0165886389649	0.470619299999953	epochs	2.0
650.0165886389649	0.241681299999982	epochs	3.0
650.2582699389649	0.228937999999971	epochs	3.0
650.4872079389648	0.42457039999999324	epochs	2.0
650.4872079389648	0.21747140000002219	epochs	3.0
650.7046793389649	0.20709899999997106	epochs	3.0
650.9117783389648	0.3867354000000205	epochs	2.0
650.9117783389648	0.19767109999997956	epochs	3.0
651.1094494389648	0.18906430000004093	epochs	3.0
651.2985137389649	0.3550953000000163	epochs	2.0
651.2985137389649	0.18117589999997108	epochs	3.0
651.4796896389648	0.17391940000004524	epochs	3.0
651.6536090389649	0.3282431000000088	epochs	2.0
651.6536090389649	0.16722189999995862	epochs	3.0
651.8208309389648	0.16102120000005016	epochs	3.0
651.9818521389649	0.30516799999998057	epochs	2.0
651.9818521389649	0.15526389999990897	epochs	3.0
652.1371160389648	0.1499041000000716	epochs	3.0
652.2870201389649	0.28512530000000424	epochs	2.0
652.2870201389649	0.1449020999999675	epochs	3.0
652.4319222389648	0.14022320000003674	epochs	3.0
652.5721454389649	0.2675537999999733	epochs	2.0
652.5721454389649	0.1358368999999584	epochs	3.0
652.7079823389648	0.1317169000000149	epochs	3.0
652.8396992389648	0.2520229000000427	epochs	2.0
652.8396992389648	0.1278393000000051	epochs	3.0
652.9675385389648	0.12418360000003759	epochs	3.0
653.0917221389649	0.23819649999995818	epochs	2.0
653.0917221389649	0.12073109999994358	epochs	3.0
653.2124532389648	0.1174654000000146	epochs	3.0
653.3299186389648	0.2258087999999816	epochs	2.0
653.3299186389648	0.11437190000003739	epochs	3.0
653.4442905389649	0.11143689999994422	epochs	3.0
653.5557274389648	0.2146460000000161	epochs	2.0
653.5557274389648	0.10864890000004834	epochs	3.0
653.6643763389649	0.10599709999996776	epochs	3.0
653.7703734389648	0.20453499999996438	epochs	2.0
653.7703734389648	0.10347149999995509	epochs	3.0
653.8738449389648	0.1010635000000093	epochs	3.0
653.9749084389648	0.19533400000000256	epochs	2.0
653.9749084389648	0.09876510000003691	epochs	3.0
654.0736735389648	0.09656889999996565	epochs	3.0
654.1702424389648	0.18692529999998442	epochs	2.0
654.1702424389648	0.09446830000001682	epochs	3.0
654.2647107389648	0.09245699999996759	epochs	3.0
654.3571677389648	0.17921069999999872	epochs	2.0
654.3571677389648	0.0905296000000817	epochs	3.0
654.4476973389649	0.08868109999991702	epochs	3.0
654.5363784389648	0.17210770000008324	epochs	2.0
654.5363784389648	0.08690630000000965	epochs	3.0
654.6232847389648	0.08520140000007359	epochs	3.0
654.7084861389649	0.1655463999999256	epochs	2.0
654.7084861389649	0.08356189999994967	epochs	3.0
654.7920480389648	0.08198449999997592	epochs	3.0
654.8740325389648	0.15946710000002895	epochs	2.0
654.8740325389648	0.08046540000009372	epochs	3.0
654.9544979389649	0.07900169999993523	epochs	3.0
655.0334996389648	0.15381839999997737	epochs	2.0
655.0334996389648	0.07759010000006583	epochs	3.0
655.1110897389649	0.07622829999991154	epochs	3.0
655.1873180389648	0.14855640000007497	epochs	2.0
655.1873180389648	0.07491330000004837	epochs	3.0
655.2622313389649	0.0736431000000266	epochs	3.0
655.3358744389649	0.14364239999997608	epochs	2.0
655.3358744389649	0.07241499999997814	epochs	3.0
655.4082894389649	0.07122739999999794	epochs	3.0
655.4795168389649	0.13904309999998077	epochs	2.0
655.4795168389649	0.07007799999996678	epochs	3.0
655.5495948389648	0.06896510000001399	epochs	3.0
655.6185599389648	0.1347293000000036	epochs	2.0
655.6185599389648	0.0678871000000072	epochs	3.0
655.6864470389648	0.06684219999999641	epochs	3.0
655.7532892389648	0.1306752000000415	epochs	2.0
655.7532892389648	0.06582909999997355	epochs	3.0
655.8191183389648	0.06484610000006796	epochs	3.0
655.8839644389649	0.1268577999999252	epochs	2.0
655.8839644389649	0.06389200000000983	epochs	3.0
655.9478564389649	0.06296579999991536	epochs	3.0
656.0108222389648	0.12325720000001184	epochs	2.0
656.0108222389648	0.06206580000002759	epochs	3.0
656.0728880389648	0.06119139999998424	epochs	3.0
656.1340794389648	0.11985540000000583	epochs	2.0
656.1340794389648	0.06034110000007331	epochs	3.0
656.1944205389649	0.05951429999993252	epochs	3.0
656.2539348389648	0.11663620000001629	epochs	2.0
656.2539348389648	0.05870960000004288	epochs	3.0
656.3126444389649	0.057926599999973405	epochs	3.0
656.3705710389648	0.11358559999996487	epochs	2.0
656.3705710389648	0.05716419999998834	epochs	3.0
656.4277352389648	0.05642139999997653	epochs	3.0
656.4841566389648	0.11069050000003244	epochs	2.0
656.4841566389648	0.055697900000041045	epochs	3.0
656.5398545389648	0.0549925999999914	epochs	3.0
656.5948471389648	0.10793909999995321	epochs	2.0
656.5948471389648	0.05430490000003374	epochs	3.0
656.6491520389649	0.053634199999919474	epochs	3.0
656.7027862389648	0.10532150000005913	epochs	2.0
656.7027862389648	0.05298000000004777	epochs	3.0
656.7557662389648	0.052341500000011365	epochs	3.0
656.8081077389648	0.10282759999995505	epochs	2.0
656.8081077389648	0.05171810000001642	epochs	3.0
656.8598258389649	0.051109499999938635	epochs	3.0
656.9109353389648	0.10044909999999163	epochs	2.0
656.9109353389648	0.050514900000052876	epochs	3.0
656.9614502389649	0.049934199999938755	epochs	3.0
657.0113844389648	0.09817830000008598	epochs	2.0
657.0113844389648	0.049366600000098515	epochs	3.0
657.0607510389649	0.04881169999998747	epochs	3.0
657.1095627389649	0.09600779999993847	epochs	2.0
657.1095627389649	0.04826919999993606	epochs	3.0
657.1578319389648	0.04773860000000241	epochs	3.0
657.2055705389648	0.09393120000004274	epochs	2.0
657.2055705389648	0.04721949999998287	epochs	3.0
657.2527900389648	0.046711700000059864	epochs	3.0
657.2995017389649	0.09194260000003851	epochs	2.0
657.2995017389649	0.046214599999984785	epochs	3.0
657.3457163389648	0.045728000000053726	epochs	3.0
657.3914443389649	0.09003629999995155	epochs	2.0
657.3914443389649	0.045251499999949374	epochs	3.0
657.4366958389649	0.04478480000000218	epochs	3.0
657.4814806389649	0.08820760000003247	epochs	2.0
657.4814806389649	0.044327800000019124	epochs	3.0
657.5258084389649	0.04387980000001335	epochs	3.0
657.5696882389649	0.0864516999999978	epochs	2.0
657.5696882389649	0.04344099999991613	epochs	3.0
657.6131292389648	0.04301070000008167	epochs	3.0
657.6561399389649	0.08476429999996071	epochs	2.0
657.6561399389649	0.04258899999990717	epochs	3.0
657.6987289389648	0.04217530000005354	epochs	3.0
657.7409042389648	0.08314150000001064	epochs	2.0
657.7409042389648	0.04176970000003166	epochs	3.0
657.7826739389649	0.041371799999978975	epochs	3.0
657.8240457389649	0.08157970000002024	epochs	2.0
657.8240457389649	0.040981399999964196	epochs	3.0
657.8650271389648	0.04059830000005604	epochs	3.0
657.9056254389649	0.08007550000002084	epochs	2.0
657.9056254389649	0.04022229999998217	epochs	3.0
657.9458477389649	0.03985320000003867	epochs	3.0
657.9857009389649	0.07862569999997504	epochs	2.0
657.9857009389649	0.0394907999999532	epochs	3.0
658.0251917389648	0.039134900000021844	epochs	3.0
658.0643266389649	0.07722760000001472	epochs	2.0
658.0643266389649	0.03878539999993791	epochs	3.0
658.1031120389648	0.03844220000007681	epochs	3.0
658.1415542389649	0.07587819999992007	epochs	2.0
658.1415542389649	0.03810479999992822	epochs	3.0
658.1796590389648	0.03777339999999185	epochs	3.0
658.2174324389648	0.0745752000000266	epochs	2.0
658.2174324389648	0.03744770000002973	epochs	3.0
658.2548801389648	0.03712749999999687	epochs	3.0
658.2920076389648	0.07331629999998768	epochs	2.0
658.2920076389648	0.036812899999972615	epochs	3.0
658.3288205389648	0.03650340000001506	epochs	3.0
658.3653239389648	0.07209899999998015	epochs	2.0
658.3653239389648	0.03619909999997617	epochs	3.0
658.4015230389648	0.03589990000000398	epochs	3.0
658.4374229389648	0.07092170000009901	epochs	2.0
658.4374229389648	0.03560560000005353	epochs	3.0
658.4730285389649	0.03531610000004548	epochs	3.0
658.5083446389649	0.0697819999999183	epochs	2.0
658.5083446389649	0.03503119999993487	epochs	3.0
658.5433758389648	0.03475079999998343	epochs	3.0
658.5781266389648	0.06867859999999837	epochs	2.0
658.5781266389648	0.03447510000000875	epochs	3.0
658.6126017389648	0.03420349999998962	epochs	3.0
658.6468052389648	0.06760930000007193	epochs	2.0
658.6468052389648	0.033936199999970995	epochs	3.0
658.6807414389648	0.03367310000010093	epochs	3.0
658.7144145389649	0.06657289999998284	epochs	2.0
658.7144145389649	0.03341399999999339	epochs	3.0
658.7478285389649	0.033158899999989444	epochs	3.0
658.7809874389649	0.06556779999993978	epochs	2.0
658.7809874389649	0.032907700000009754	epochs	3.0
658.8138951389649	0.032660099999930026	epochs	3.0
658.8465552389648	0.06459260000008271	epochs	2.0
658.8465552389648	0.032416399999988244	epochs	3.0
658.8789716389648	0.03217620000009447	epochs	3.0
658.9111478389649	0.0636459999999488	epochs	2.0
658.9111478389649	0.03193959999998697	epochs	3.0
658.9430874389649	0.03170639999996183	epochs	3.0
658.9747938389648	0.0627266999999847	epochs	2.0
658.9747938389648	0.03147660000001906	epochs	3.0
659.0062704389649	0.03125009999996564	epochs	3.0
659.0375205389648	0.06183359999999993	epochs	2.0
659.0375205389648	0.031026900000028945	epochs	3.0
659.0685474389649	0.030806699999970988	epochs	3.0
659.0993541389648	0.06096560000003137	epochs	2.0
659.0993541389648	0.030589800000029754	epochs	3.0
659.1299439389649	0.030375800000001618	epochs	3.0
659.1603197389649	0.06012160000000222	epochs	2.0
659.1603197389649	0.03016489999993155	epochs	3.0
659.1904846389648	0.02995670000007067	epochs	3.0
659.2204413389649	0.05930069999999432	epochs	2.0
659.2204413389649	0.02975159999994048	epochs	3.0
659.2501929389648	0.02954910000005384	epochs	3.0
659.2797420389649	0.05850180000004457	epochs	2.0
659.2797420389649	0.02934940000000097	epochs	3.0
659.3090914389649	0.0291524000000436	epochs	3.0
659.3382438389649	0.05772419999993872	epochs	2.0
659.3382438389649	0.028957999999988715	epochs	3.0
659.3672018389649	0.028766199999950004	epochs	3.0
659.3959680389648	0.05696709999995164	epochs	2.0
659.3959680389648	0.028577000000041153	epochs	3.0
659.4245450389649	0.02839009999991049	epochs	3.0
659.4529351389648	0.056229500000085864	epochs	2.0
659.4529351389648	0.028205700000057732	epochs	3.0
659.4811408389648	0.028023800000028132	epochs	3.0
659.5091646389649	0.05551070000001346	epochs	2.0
659.5091646389649	0.027843999999959124	epochs	3.0
659.5370086389648	0.027666700000054334	epochs	3.0
659.5646753389649	0.05481019999990622	epochs	2.0
659.5646753389649	0.02749149999999645	epochs	3.0
659.5921668389649	0.027318699999909768	epochs	3.0
659.6194855389648	0.05412699999999404	epochs	2.0
659.6194855389648	0.02714780000007977	epochs	3.0
659.6466333389649	0.026979199999914272	epochs	3.0
659.6736125389648	0.0534607000000733	epochs	2.0
659.6736125389648	0.026812600000084785	epochs	3.0
659.7004251389649	0.026648099999988517	epochs	3.0
659.7270732389649	0.05281070000000909	epochs	2.0
659.7270732389649	0.026485600000000886	epochs	3.0
659.7535588389649	0.026325100000008206	epochs	3.0
659.7798839389649	0.05217619999996259	epochs	2.0
659.7798839389649	0.026166399999965506	epochs	3.0
659.8060503389648	0.026009799999997085	epochs	3.0
659.8320601389648	0.051556699999991906	epochs	2.0
659.8320601389648	0.025854800000047362	epochs	3.0
659.8579149389649	0.025701899999944544	epochs	3.0
659.8836168389648	0.05095189999997274	epochs	2.0
659.8836168389648	0.02555070000005344	epochs	3.0
659.9091675389649	0.0254011999999193	epochs	3.0
659.9345687389648	0.05036100000006627	epochs	2.0
659.9345687389648	0.0252535000000762	epochs	3.0
659.9598222389649	0.02510749999999007	epochs	3.0
659.9849297389649	0.049783800000000156	epochs	2.0
659.9849297389649	0.02496320000000196	epochs	3.0
660.0098929389649	0.024820599999998194	epochs	3.0
660.0347135389649	0.04921949999993558	epochs	2.0
660.0347135389649	0.024679399999968155	epochs	3.0
660.0593929389648	0.024540099999967424	epochs	3.0
660.0839330389648	0.04866790000005494	epochs	2.0
660.0839330389648	0.024402100000088467	epochs	3.0
660.1083351389649	0.024265799999966475	epochs	3.0
660.1326009389649	0.04812860000004093	epochs	2.0
660.1326009389649	0.024131000000011227	epochs	3.0
660.1567319389649	0.023997600000029706	epochs	3.0
660.1807295389649	0.04760109999995166	epochs	2.0
660.1807295389649	0.023865799999953197	epochs	3.0
660.2045953389649	0.02373529999999846	epochs	3.0
660.2283306389648	0.047085000000038235	epochs	2.0
660.2283306389648	0.023606299999983094	epochs	3.0
660.2519369389648	0.02347870000005514	epochs	3.0
660.2754156389649	0.046579999999948996	epochs	2.0
660.2754156389649	0.02335249999998723	epochs	3.0
660.2987681389649	0.023227499999961765	epochs	3.0
660.3219956389648	0.046085700000048746	epochs	2.0
660.3219956389648	0.023103999999989355	epochs	3.0
660.3450996389648	0.02298170000005939	epochs	3.0
660.3680813389649	0.045601799999985815	epochs	2.0
660.3680813389649	0.02286069999991014	epochs	3.0
660.3909420389648	0.022741100000075676	epochs	3.0
660.4136831389649	0.04512790000001132	epochs	2.0
660.4136831389649	0.022622500000011314	epochs	3.0
660.4363056389649	0.02250540000000001	epochs	3.0
660.4588110389649	0.044663799999966614	epochs	2.0
660.4588110389649	0.02238929999998618	epochs	3.0
660.4812003389649	0.022274499999980435	epochs	3.0
660.5034748389648	0.04420919999995476	epochs	2.0
660.5034748389648	0.022160799999937808	epochs	3.0
660.5256356389648	0.022048400000016954	epochs	3.0
660.5476840389648	0.043763600000033875	epochs	2.0
660.5476840389648	0.021936900000014248	epochs	3.0
660.5696209389648	0.021826700000019628	epochs	3.0
660.5914476389648	0.04332710000005591	epochs	2.0
660.5914476389648	0.021717599999988124	epochs	3.0
660.6131652389648	0.021609500000067783	epochs	3.0
660.6347747389649	0.042898999999920306	epochs	2.0
660.6347747389649	0.02150249999999687	epochs	3.0
660.6562772389649	0.021396499999923435	epochs	3.0
660.6776737389648	0.042479500000013104	epochs	2.0
660.6776737389648	0.02129170000000613	epochs	3.0
660.6989654389648	0.021187800000006973	epochs	3.0
660.7201532389648	0.042067900000006375	epochs	2.0
660.7201532389648	0.02108490000000529	epochs	3.0
660.7412381389648	0.020983000000001084	epochs	3.0
660.7622211389648	0.04166440000005878	epochs	2.0
660.7622211389648	0.020882199999959994	epochs	3.0
660.7831033389648	0.020782200000098783	epochs	3.0
660.8038855389649	0.04126850000000104	epochs	2.0
660.8038855389649	0.020683299999973315	epochs	3.0
660.8245688389649	0.020585200000027726	epochs	3.0
660.8451540389649	0.040879999999901884	epochs	2.0
660.8451540389649	0.020488099999965925	epochs	3.0
660.8656421389649	0.02039189999993596	epochs	3.0
660.8860340389648	0.04049880000002304	epochs	2.0
660.8860340389648	0.020296600000051512	epochs	3.0
660.9063306389648	0.020202199999971526	epochs	3.0
660.9265328389648	0.04012460000001283	epochs	2.0
660.9265328389648	0.02010870000003706	epochs	3.0
660.9466415389649	0.020015899999975773	epochs	3.0
660.9666574389648	0.03975730000001931	epochs	2.0
660.9666574389648	0.019924199999991288	epochs	3.0
660.9865816389648	0.019833100000028026	epochs	3.0
661.0064147389648	0.03939669999999751	epochs	2.0
661.0064147389648	0.01974299999994855	epochs	3.0
661.0261577389648	0.019653700000048957	epochs	3.0
661.0458114389648	0.03904239999997117	epochs	2.0
661.0458114389648	0.01956510000002254	epochs	3.0
661.0653765389649	0.019477299999948627	epochs	3.0
661.0848538389648	0.03869459999998526	epochs	2.0
661.0848538389648	0.019390400000020236	epochs	3.0
661.1042442389648	0.01930419999996502	epochs	3.0
661.1235484389648	0.03835290000006353	epochs	2.0
661.1235484389648	0.019218800000089686	epochs	3.0
661.1427672389649	0.01913409999997384	epochs	3.0
661.1619013389649	0.03801720000001296	epochs	2.0
661.1619013389649	0.01905019999992419	epochs	3.0
661.1809515389648	0.018967000000088774	epochs	3.0
661.1999185389649	0.03768719999993664	epochs	2.0
661.1999185389649	0.01888450000001285	epochs	3.0
661.2188030389649	0.01880269999992379	epochs	3.0
661.2376057389648	0.03736309999999321	epochs	2.0
661.2376057389648	0.018721700000014607	epochs	3.0
661.2563274389648	0.018641399999978603	epochs	3.0
661.2749688389648	0.03704430000004777	epochs	2.0
661.2749688389648	0.01856159999999818	epochs	3.0
661.2935304389648	0.01848270000004959	epochs	3.0
661.3120131389649	0.0367310000000316	epochs	2.0
661.3120131389649	0.018404299999929208	epochs	3.0
661.3304174389648	0.01832670000010239	epochs	3.0
661.3487441389649	0.03642289999993409	epochs	2.0
661.3487441389649	0.018249599999990096	epochs	3.0
661.3669937389649	0.018173299999943993	epochs	3.0
661.3851670389648	0.03612010000006194	epochs	2.0
661.3851670389648	0.0180976000000328	epochs	3.0
661.4032646389649	0.01802250000002914	epochs	3.0
661.4212871389649	0.03582209999990482	epochs	2.0
661.4212871389649	0.017947899999967376	epochs	3.0
661.4392350389649	0.017874199999937446	epochs	3.0
661.4571092389648	0.0355290000001105	epochs	2.0
661.4571092389648	0.017800800000031813	epochs	3.0
661.4749100389648	0.017728200000078687	epochs	3.0
661.4926382389649	0.035240699999917524	epochs	2.0
661.4926382389649	0.017656099999953767	epochs	3.0
661.5102943389649	0.017584599999963757	epochs	3.0
661.5278789389648	0.034957100000042374	epochs	2.0
661.5278789389648	0.01751369999999497	epochs	3.0
661.5453926389648	0.017443400000047404	epochs	3.0
661.5628360389649	0.03467790000001969	epochs	2.0
661.5628360389649	0.017373599999928047	epochs	3.0
661.5802096389648	0.017304300000091644	epochs	3.0
661.5975139389649	0.03440330000000813	epochs	2.0
661.5975139389649	0.01723570000001473	epochs	3.0
661.6147496389649	0.0171675999999934	epochs	3.0
661.6319172389649	0.03413279999995211	epochs	2.0
661.6319172389649	0.01709989999994832	epochs	3.0
661.6490171389648	0.017032900000003792	epochs	3.0
661.6660500389648	0.033866699999975935	epochs	2.0
661.6660500389648	0.01696640000000116	epochs	3.0
661.6830164389648	0.016900299999974777	epochs	3.0
661.6999167389648	0.03360459999998966	epochs	2.0
661.6999167389648	0.016834800000083305	epochs	3.0
661.7167515389649	0.016769799999906354	epochs	3.0
661.7335213389648	0.03334660000007261	epochs	2.0
661.7335213389648	0.016705300000012357	epochs	3.0
661.7502266389648	0.016641300000060255	epochs	3.0
661.7668679389649	0.03309249999995245	epochs	2.0
661.7668679389649	0.01657779999993636	epochs	3.0
661.7834457389648	0.01651470000001609	epochs	3.0
661.7999604389648	0.03284229999997024	epochs	2.0
661.7999604389648	0.01645220000000336	epochs	3.0
661.8164126389648	0.01639009999996688	epochs	3.0
661.8328027389648	0.03259570000000167	epochs	2.0
661.8328027389648	0.016328400000020338	epochs	3.0
661.8491311389648	0.016267299999981333	epochs	3.0
661.8653984389648	0.03235290000009172	epochs	2.0
661.8653984389648	0.016206600000032267	epochs	3.0
661.8816050389648	0.016146300000059455	epochs	3.0
661.8977513389649	0.03211369999996805	epochs	2.0
661.8977513389649	0.016086599999994178	epochs	3.0
661.9138379389649	0.01602709999997387	epochs	3.0
661.9298650389649	0.03187800000000607	epochs	2.0
661.9298650389649	0.015968199999974786	epochs	3.0
661.9458332389648	0.015909800000031282	epochs	3.0
661.9617430389649	0.031645700000012766	epochs	2.0
661.9617430389649	0.01585160000001906	epochs	3.0
661.9775946389649	0.015794099999993705	epochs	3.0
661.9933887389649	0.031416699999908815	epochs	2.0
661.9933887389649	0.01573669999993399	epochs	3.0
662.0091254389648	0.015679999999974825	epochs	3.0
662.0248054389648	0.031191100000000915	epochs	2.0
662.0248054389648	0.015623600000026272	epochs	3.0
662.0404290389648	0.015567499999974643	epochs	3.0
662.0559965389648	0.030968700000016725	epochs	2.0
662.0559965389648	0.015512000000057924	epochs	3.0
662.0715085389648	0.0154566999999588	epochs	3.0
662.0869652389648	0.03074950000006993	epochs	2.0
662.0869652389648	0.015401999999994587	epochs	3.0
662.1023672389648	0.015347500000075343	epochs	3.0
662.1177147389649	0.030533199999922545	epochs	2.0
662.1177147389649	0.015293400000018664	epochs	3.0
662.1330081389649	0.01523979999990388	epochs	3.0
662.1482479389648	0.03032010000003993	epochs	2.0
662.1482479389648	0.015186500000027081	epochs	3.0
662.1634344389648	0.015133600000012848	epochs	3.0
662.1785680389648	0.030109899999956724	epochs	2.0
662.1785680389648	0.015081000000009226	epochs	3.0
662.1936490389648	0.015028899999947498	epochs	3.0
662.2086779389648	0.02990250000004835	epochs	2.0
662.2086779389648	0.014977000000044427	epochs	3.0
662.2236549389648	0.014925500000003922	epochs	3.0
662.2385804389648	0.029698100000018712	epochs	2.0
662.2385804389648	0.014874400000053356	epochs	3.0
662.2534548389649	0.014823699999965356	epochs	3.0
662.2682785389649	0.02949630000000525	epochs	2.0
662.2682785389649	0.014773199999922326	epochs	3.0
662.2830517389648	0.014723100000082923	epochs	3.0
662.2977748389649	0.02929740000001857	epochs	2.0
662.2977748389649	0.014673399999992398	epochs	3.0
662.3124482389649	0.014624000000026172	epochs	3.0
662.3270722389649	0.029101099999934377	epochs	2.0
662.3270722389649	0.01457489999995687	epochs	3.0
662.3416471389648	0.014526199999977507	epochs	3.0
662.3561733389648	0.028907399999980044	epochs	2.0
662.3561733389648	0.014477700000043114	epochs	3.0
662.3706510389649	0.014429699999936929	epochs	3.0
662.3850807389648	0.028716200000076242	epochs	2.0
662.3850807389648	0.014381800000023759	epochs	3.0
662.3994625389648	0.014334400000052483	epochs	3.0
662.4137969389649	0.02852759999996124	epochs	2.0
662.4137969389649	0.01428720000001249	epochs	3.0
662.4280841389649	0.01424039999994875	epochs	3.0
662.4423245389648	0.028341400000044814	epochs	2.0
662.4423245389648	0.014193800000043666	epochs	3.0
662.4565183389649	0.014147600000001148	epochs	3.0
662.4706659389649	0.028157699999951546	epochs	2.0
662.4706659389649	0.014101699999969242	epochs	3.0
662.4847676389649	0.014055999999982305	epochs	3.0
662.4988236389648	0.027976299999977527	epochs	2.0
662.4988236389648	0.01401060000000598	epochs	3.0
662.5128342389648	0.013965699999971548	epochs	3.0
662.5267999389648	0.02779720000000907	epochs	2.0
662.5267999389648	0.013920800000050804	epochs	3.0
662.5407207389649	0.013876399999958267	epochs	3.0
662.5545971389648	0.027620400000046175	epochs	2.0
662.5545971389648	0.013832200000024386	epochs	3.0
662.5684293389648	0.013788200000021789	epochs	3.0
662.5822175389649	0.027445899999975154	epochs	2.0
662.5822175389649	0.013744599999995444	epochs	3.0
662.5959621389649	0.01370129999997971	epochs	3.0
662.6096634389648	0.027273499999978412	epochs	2.0
662.6096634389648	0.013658200000008947	epochs	3.0
662.6233216389649	0.013615299999969466	epochs	3.0
662.6369369389648	0.027103399999987232	epochs	2.0
662.6369369389648	0.013572800000019924	epochs	3.0
662.6505097389648	0.013530599999967308	epochs	3.0
662.6640403389648	0.02693520000002536	epochs	2.0
662.6640403389648	0.013488400000028378	epochs	3.0
662.6775287389648	0.013446799999996983	epochs	3.0
662.6909755389648	0.026769199999989723	epochs	2.0
662.6909755389648	0.013405199999965589	epochs	3.0
662.7043807389648	0.013364000000024134	epochs	3.0
662.7177447389648	0.026605200000062723	epochs	2.0
662.7177447389648	0.013322900000048321	epochs	3.0
662.7310676389649	0.013282300000014402	epochs	3.0
662.7443499389649	0.0264431999999033	epochs	2.0
662.7443499389649	0.013241699999980483	epochs	3.0
662.7575916389649	0.013201499999922817	epochs	3.0
662.7707931389648	0.026283200000079887	epochs	2.0
662.7707931389648	0.013161500000023807	epochs	3.0
662.7839546389648	0.01312170000005608	epochs	3.0
662.7970763389649	0.02612499999997908	epochs	2.0
662.7970763389649	0.013082100000019636	epochs	3.0
662.8101584389649	0.013042899999959445	epochs	3.0
662.8232013389649	0.025968899999952555	epochs	2.0
662.8232013389649	0.013003899999944224	epochs	3.0
662.8362052389648	0.012965000000008331	epochs	3.0
662.8491702389648	0.025814500000024054	epochs	2.0
662.8491702389648	0.01292640000008305	epochs	3.0
662.8620966389649	0.012888099999941005	epochs	3.0
662.8749847389648	0.025661900000045534	epochs	2.0
662.8749847389648	0.012849899999991976	epochs	3.0
662.8878346389648	0.012812000000053558	epochs	3.0
662.9006466389649	0.025511199999982637	epochs	2.0
662.9006466389649	0.012774400000012065	epochs	3.0
662.9134210389649	0.012736799999970572	epochs	3.0
662.9261578389649	0.025362299999983406	epochs	2.0
662.9261578389649	0.01269969999998466	epochs	3.0
662.9388575389648	0.012662599999998747	epochs	3.0
662.9515201389648	0.025215000000002874	epochs	2.0
662.9515201389648	0.012625800000023446	epochs	3.0
662.9641459389649	0.012589199999979428	epochs	3.0
662.9767351389648	0.024584799999956886	epochs	2.0
663.0000795389649	0.5	epochs	-1.0
663.0013199389648	0.5480000000000018	epochs	1.0
663.5493199389648	0.4519200000000865	epochs	0.0
664.4589996337891	0.11231999999995423	epochs	0.0
664.4589996337891	0.05116180000004533	epochs	1.0
664.5101614337891	0.009996399999977257	epochs	1.0
664.5201578337891	0.051161799999931645	epochs	1.0
664.571319633789	2.0	epochs	0.0
666.571319633789	21.507920000000013	epochs	0.0
666.571319633789	1.0	epochs	1.0
666.571359233789	0.5	epochs	-1.0
667.071359233789	19.99872000000005	epochs	-1.0
667.571319633789	20.0	epochs	1.0
667.571319633789	4.356753900000058	epochs	-1.0
667.571319633789	1.9745872000000873	epochs	2.0
667.571319633789	1.0985622000000603	epochs	3.0
668.6698818337891	0.8760250000000269	epochs	3.0
669.5459068337891	1.352407499999913	epochs	2.0
669.5459068337891	0.7286354999999958	epochs	3.0
670.2745423337891	0.6237719999999172	epochs	3.0
670.898314333789	1.0297592000000577	epochs	2.0
670.898314333789	0.5453293000000485	epochs	3.0
671.4436436337891	0.4844299000000092	epochs	3.0
671.9280735337891	0.8317862000000105	epochs	2.0
671.9280735337891	0.4357763000000432	epochs	3.0
672.3638498337891	0.3960098999999673	epochs	3.0
672.7598597337891	0.6977969999999232	epochs	2.0
672.7598597337891	0.3628982000000178	epochs	3.0
673.1227579337891	0.33489879999990535	epochs	3.0
673.457656733789	0.6010457000000997	epochs	2.0
673.457656733789	0.3109123000000409	epochs	3.0
673.768569033789	0.2901334000000588	epochs	3.0
674.0587024337891	0.5278859000000011	epochs	2.0
674.0587024337891	0.2719585999999481	epochs	3.0
674.330661033789	0.25592730000005304	epochs	3.0
674.5865883337891	0.470619299999953	epochs	2.0
674.5865883337891	0.241681299999982	epochs	3.0
674.8282696337891	0.228937999999971	epochs	3.0
675.0572076337891	0.42457039999999324	epochs	2.0
675.0572076337891	0.21747140000002219	epochs	3.0
675.2746790337891	0.20709899999997106	epochs	3.0
675.481778033789	0.3867354000000205	epochs	2.0
675.481778033789	0.19767109999997956	epochs	3.0
675.679449133789	0.18906430000004093	epochs	3.0
675.8685134337891	0.3550953000000163	epochs	2.0
675.8685134337891	0.18117589999997108	epochs	3.0
676.049689333789	0.17391940000004524	epochs	3.0
676.2236087337891	0.3282431000000088	epochs	2.0
676.2236087337891	0.16722189999995862	epochs	3.0
676.390830633789	0.16102120000005016	epochs	3.0
676.5518518337891	0.30516799999998057	epochs	2.0
676.5518518337891	0.15526389999990897	epochs	3.0
676.707115733789	0.1499041000000716	epochs	3.0
676.8570198337891	0.28512530000000424	epochs	2.0
676.8570198337891	0.1449020999999675	epochs	3.0
677.001921933789	0.14022320000003674	epochs	3.0
677.1421451337891	0.2675537999999733	epochs	2.0
677.1421451337891	0.1358368999999584	epochs	3.0
677.277982033789	0.1317169000000149	epochs	3.0
677.4096989337891	0.2520229000000427	epochs	2.0
677.4096989337891	0.1278393000000051	epochs	3.0
677.5375382337891	0.12418360000003759	epochs	3.0
677.6617218337891	0.23819649999995818	epochs	2.0
677.6617218337891	0.12073109999994358	epochs	3.0
677.782452933789	0.1174654000000146	epochs	3.0
677.8999183337891	0.2258087999999816	epochs	2.0
677.8999183337891	0.11437190000003739	epochs	3.0
678.0142902337891	0.11143689999994422	epochs	3.0
678.125727133789	0.2146460000000161	epochs	2.0
678.125727133789	0.10864890000004834	epochs	3.0
678.2343760337891	0.10599709999996776	epochs	3.0
678.3403731337891	0.20453499999996438	epochs	2.0
678.3403731337891	0.10347149999995509	epochs	3.0
678.443844633789	0.1010635000000093	epochs	3.0
678.544908133789	0.19533400000000256	epochs	2.0
678.544908133789	0.09876510000003691	epochs	3.0
678.6436732337891	0.09656889999996565	epochs	3.0
678.740242133789	0.18692529999998442	epochs	2.0
678.740242133789	0.09446830000001682	epochs	3.0
678.834710433789	0.09245699999996759	epochs	3.0
678.927167433789	0.17921069999999872	epochs	2.0
678.927167433789	0.0905296000000817	epochs	3.0
679.0176970337891	0.08868109999991702	epochs	3.0
679.106378133789	0.17210770000008324	epochs	2.0
679.106378133789	0.08690630000000965	epochs	3.0
679.193284433789	0.08520140000007359	epochs	3.0
679.2784858337891	0.1655463999999256	epochs	2.0
679.2784858337891	0.08356189999994967	epochs	3.0
679.362047733789	0.08198449999997592	epochs	3.0
679.444032233789	0.15946710000002895	epochs	2.0
679.444032233789	0.08046540000009372	epochs	3.0
679.5244976337891	0.07900169999993523	epochs	3.0
679.603499333789	0.15381839999997737	epochs	2.0
679.603499333789	0.07759010000006583	epochs	3.0
679.6810894337891	0.07622829999991154	epochs	3.0
679.757317733789	0.14855640000007497	epochs	2.0
679.757317733789	0.07491330000004837	epochs	3.0
679.8322310337891	0.0736431000000266	epochs	3.0
679.9058741337891	0.14364239999997608	epochs	2.0
679.9058741337891	0.07241499999997814	epochs	3.0
679.9782891337891	0.07122739999999794	epochs	3.0
680.0495165337891	0.13904309999998077	epochs	2.0
680.0495165337891	0.07007799999996678	epochs	3.0
680.119594533789	0.06896510000001399	epochs	3.0
680.188559633789	0.1347293000000036	epochs	2.0
680.188559633789	0.0678871000000072	epochs	3.0
680.2564467337891	0.06684219999999641	epochs	3.0
680.3232889337891	0.1306752000000415	epochs	2.0
680.3232889337891	0.06582909999997355	epochs	3.0
680.389118033789	0.06484610000006796	epochs	3.0
680.4539641337891	0.1268577999999252	epochs	2.0
680.4539641337891	0.06389200000000983	epochs	3.0
680.5178561337891	0.06296579999991536	epochs	3.0
680.580821933789	0.12325720000001184	epochs	2.0
680.580821933789	0.06206580000002759	epochs	3.0
680.642887733789	0.06119139999998424	epochs	3.0
680.704079133789	0.11985540000000583	epochs	2.0
680.704079133789	0.06034110000007331	epochs	3.0
680.7644202337891	0.05951429999993252	epochs	3.0
680.823934533789	0.11663620000001629	epochs	2.0
680.823934533789	0.05870960000004288	epochs	3.0
680.8826441337891	0.057926599999973405	epochs	3.0
680.9405707337891	0.11358559999996487	epochs	2.0
680.9405707337891	0.05716419999998834	epochs	3.0
680.997734933789	0.05642139999997653	epochs	3.0
681.054156333789	0.11069050000003244	epochs	2.0
681.054156333789	0.055697900000041045	epochs	3.0
681.1098542337891	0.0549925999999914	epochs	3.0
681.164846833789	0.10793909999995321	epochs	2.0
681.164846833789	0.05430490000003374	epochs	3.0
681.2191517337891	0.053634199999919474	epochs	3.0
681.272785933789	0.10532150000005913	epochs	2.0
681.272785933789	0.05298000000004777	epochs	3.0
681.3257659337891	0.052341500000011365	epochs	3.0
681.3781074337891	0.10282759999995505	epochs	2.0
681.3781074337891	0.05171810000001642	epochs	3.0
681.4298255337891	0.051109499999938635	epochs	3.0
681.480935033789	0.10044909999999163	epochs	2.0
681.480935033789	0.050514900000052876	epochs	3.0
681.5314499337891	0.049934199999938755	epochs	3.0
681.581384133789	0.09817830000008598	epochs	2.0
681.581384133789	0.049366600000098515	epochs	3.0
681.6307507337891	0.04881169999998747	epochs	3.0
681.6795624337891	0.09600779999993847	epochs	2.0
681.6795624337891	0.04826919999993606	epochs	3.0
681.727831633789	0.04773860000000241	epochs	3.0
681.775570233789	0.09393120000004274	epochs	2.0
681.775570233789	0.04721949999998287	epochs	3.0
681.822789733789	0.046711700000059864	epochs	3.0
681.8695014337891	0.09194260000003851	epochs	2.0
681.8695014337891	0.046214599999984785	epochs	3.0
681.9157160337891	0.045728000000053726	epochs	3.0
681.9614440337891	0.09003629999995155	epochs	2.0
681.9614440337891	0.045251499999949374	epochs	3.0
682.0066955337891	0.04478480000000218	epochs	3.0
682.0514803337891	0.08820760000003247	epochs	2.0
682.0514803337891	0.044327800000019124	epochs	3.0
682.0958081337891	0.04387980000001335	epochs	3.0
682.1396879337891	0.0864516999999978	epochs	2.0
682.1396879337891	0.04344099999991613	epochs	3.0
682.183128933789	0.04301070000008167	epochs	3.0
682.2261396337891	0.08476429999996071	epochs	2.0
682.2261396337891	0.04258899999990717	epochs	3.0
682.268728633789	0.04217530000005354	epochs	3.0
682.3109039337891	0.08314150000001064	epochs	2.0
682.3109039337891	0.04176970000003166	epochs	3.0
682.3526736337891	0.041371799999978975	epochs	3.0
682.3940454337891	0.08157970000002024	epochs	2.0
682.3940454337891	0.040981399999964196	epochs	3.0
682.435026833789	0.04059830000005604	epochs	3.0
682.4756251337891	0.08007550000002084	epochs	2.0
682.4756251337891	0.04022229999998217	epochs	3.0
682.5158474337891	0.03985320000003867	epochs	3.0
682.5557006337891	0.07862569999997504	epochs	2.0
682.5557006337891	0.0394907999999532	epochs	3.0
682.5951914337891	0.039134900000021844	epochs	3.0
682.6343263337891	0.07722760000001472	epochs	2.0
682.6343263337891	0.03878539999993791	epochs	3.0
682.673111733789	0.03844220000007681	epochs	3.0
682.7115539337891	0.07587819999992007	epochs	2.0
682.7115539337891	0.03810479999992822	epochs	3.0
682.749658733789	0.03777339999999185	epochs	3.0
682.787432133789	0.0745752000000266	epochs	2.0
682.787432133789	0.03744770000002973	epochs	3.0
682.824879833789	0.03712749999999687	epochs	3.0
682.862007333789	0.07331629999998768	epochs	2.0
682.862007333789	0.036812899999972615	epochs	3.0
682.898820233789	0.03650340000001506	epochs	3.0
682.935323633789	0.07209899999998015	epochs	2.0
682.935323633789	0.03619909999997617	epochs	3.0
682.971522733789	0.03589990000000398	epochs	3.0
683.007422633789	0.07092170000009901	epochs	2.0
683.007422633789	0.03560560000005353	epochs	3.0
683.0430282337891	0.03531610000004548	epochs	3.0
683.0783443337891	0.0697819999999183	epochs	2.0
683.0783443337891	0.03503119999993487	epochs	3.0
683.113375533789	0.03475079999998343	epochs	3.0
683.148126333789	0.06867859999999837	epochs	2.0
683.148126333789	0.03447510000000875	epochs	3.0
683.182601433789	0.03420349999998962	epochs	3.0
683.216804933789	0.06760930000007193	epochs	2.0
683.216804933789	0.033936199999970995	epochs	3.0
683.250741133789	0.03367310000010093	epochs	3.0
683.2844142337891	0.06657289999998284	epochs	2.0
683.2844142337891	0.03341399999999339	epochs	3.0
683.3178282337891	0.033158899999989444	epochs	3.0
683.3509871337891	0.06556779999993978	epochs	2.0
683.3509871337891	0.032907700000009754	epochs	3.0
683.3838948337891	0.032660099999930026	epochs	3.0
683.416554933789	0.06459260000008271	epochs	2.0
683.416554933789	0.032416399999988244	epochs	3.0
683.448971333789	0.03217620000009447	epochs	3.0
683.4811475337891	0.0636459999999488	epochs	2.0
683.4811475337891	0.03193959999998697	epochs	3.0
683.5130871337891	0.03170639999996183	epochs	3.0
683.5447935337891	0.0627266999999847	epochs	2.0
683.5447935337891	0.03147660000001906	epochs	3.0
683.5762701337891	0.03125009999996564	epochs	3.0
683.607520233789	0.06183359999999993	epochs	2.0
683.607520233789	0.031026900000028945	epochs	3.0
683.6385471337891	0.030806699999970988	epochs	3.0
683.669353833789	0.06096560000003137	epochs	2.0
683.669353833789	0.030589800000029754	epochs	3.0
683.6999436337891	0.030375800000001618	epochs	3.0
683.7303194337891	0.06012160000000222	epochs	2.0
683.7303194337891	0.03016489999993155	epochs	3.0
683.760484333789	0.02995670000007067	epochs	3.0
683.7904410337891	0.05930069999999432	epochs	2.0
683.7904410337891	0.02975159999994048	epochs	3.0
683.820192633789	0.02954910000005384	epochs	3.0
683.8497417337891	0.05850180000004457	epochs	2.0
683.8497417337891	0.02934940000000097	epochs	3.0
683.8790911337891	0.0291524000000436	epochs	3.0
683.9082435337891	0.05772419999993872	epochs	2.0
683.9082435337891	0.028957999999988715	epochs	3.0
683.9372015337891	0.028766199999950004	epochs	3.0
683.9659677337891	0.05696709999995164	epochs	2.0
683.9659677337891	0.028577000000041153	epochs	3.0
683.9945447337891	0.02839009999991049	epochs	3.0
684.022934833789	0.056229500000085864	epochs	2.0
684.022934833789	0.028205700000057732	epochs	3.0
684.0511405337891	0.028023800000028132	epochs	3.0
684.0791643337891	0.05551070000001346	epochs	2.0
684.0791643337891	0.027843999999959124	epochs	3.0
684.107008333789	0.027666700000054334	epochs	3.0
684.1346750337891	0.05481019999990622	epochs	2.0
684.1346750337891	0.02749149999999645	epochs	3.0
684.1621665337891	0.027318699999909768	epochs	3.0
684.189485233789	0.05412699999999404	epochs	2.0
684.189485233789	0.02714780000007977	epochs	3.0
684.2166330337891	0.026979199999914272	epochs	3.0
684.243612233789	0.0534607000000733	epochs	2.0
684.243612233789	0.026812600000084785	epochs	3.0
684.2704248337891	0.026648099999988517	epochs	3.0
684.2970729337891	0.05281070000000909	epochs	2.0
684.2970729337891	0.026485600000000886	epochs	3.0
684.3235585337891	0.026325100000008206	epochs	3.0
684.3498836337891	0.05217619999996259	epochs	2.0
684.3498836337891	0.026166399999965506	epochs	3.0
684.376050033789	0.026009799999997085	epochs	3.0
684.402059833789	0.051556699999991906	epochs	2.0
684.402059833789	0.025854800000047362	epochs	3.0
684.4279146337891	0.025701899999944544	epochs	3.0
684.453616533789	0.05095189999997274	epochs	2.0
684.453616533789	0.02555070000005344	epochs	3.0
684.4791672337891	0.0254011999999193	epochs	3.0
684.504568433789	0.05036100000006627	epochs	2.0
684.504568433789	0.0252535000000762	epochs	3.0
684.5298219337891	0.02510749999999007	epochs	3.0
684.5549294337891	0.049783800000000156	epochs	2.0
684.5549294337891	0.02496320000000196	epochs	3.0
684.5798926337891	0.024820599999998194	epochs	3.0
684.6047132337891	0.04921949999993558	epochs	2.0
684.6047132337891	0.024679399999968155	epochs	3.0
684.629392633789	0.024540099999967424	epochs	3.0
684.653932733789	0.04866790000005494	epochs	2.0
684.653932733789	0.024402100000088467	epochs	3.0
684.6783348337891	0.024265799999966475	epochs	3.0
684.7026006337891	0.04812860000004093	epochs	2.0
684.7026006337891	0.024131000000011227	epochs	3.0
684.7267316337891	0.023997600000029706	epochs	3.0
684.7507292337891	0.04760109999995166	epochs	2.0
684.7507292337891	0.023865799999953197	epochs	3.0
684.7745950337891	0.02373529999999846	epochs	3.0
684.7983303337891	0.047085000000038235	epochs	2.0
684.7983303337891	0.023606299999983094	epochs	3.0
684.821936633789	0.02347870000005514	epochs	3.0
684.8454153337891	0.046579999999948996	epochs	2.0
684.8454153337891	0.02335249999998723	epochs	3.0
684.8687678337891	0.023227499999961765	epochs	3.0
684.891995333789	0.046085700000048746	epochs	2.0
684.891995333789	0.023103999999989355	epochs	3.0
684.915099333789	0.02298170000005939	epochs	3.0
684.9380810337891	0.045601799999985815	epochs	2.0
684.9380810337891	0.02286069999991014	epochs	3.0
684.960941733789	0.022741100000075676	epochs	3.0
684.9836828337891	0.04512790000001132	epochs	2.0
684.9836828337891	0.022622500000011314	epochs	3.0
685.0063053337891	0.02250540000000001	epochs	3.0
685.0288107337891	0.044663799999966614	epochs	2.0
685.0288107337891	0.02238929999998618	epochs	3.0
685.0512000337891	0.022274499999980435	epochs	3.0
685.0734745337891	0.04420919999995476	epochs	2.0
685.0734745337891	0.022160799999937808	epochs	3.0
685.095635333789	0.022048400000016954	epochs	3.0
685.117683733789	0.043763600000033875	epochs	2.0
685.117683733789	0.021936900000014248	epochs	3.0
685.139620633789	0.021826700000019628	epochs	3.0
685.161447333789	0.04332710000005591	epochs	2.0
685.161447333789	0.021717599999988124	epochs	3.0
685.183164933789	0.021609500000067783	epochs	3.0
685.2047744337891	0.042898999999920306	epochs	2.0
685.2047744337891	0.02150249999999687	epochs	3.0
685.2262769337891	0.021396499999923435	epochs	3.0
685.247673433789	0.042479500000013104	epochs	2.0
685.247673433789	0.02129170000000613	epochs	3.0
685.268965133789	0.021187800000006973	epochs	3.0
685.290152933789	0.042067900000006375	epochs	2.0
685.290152933789	0.02108490000000529	epochs	3.0
685.311237833789	0.020983000000001084	epochs	3.0
685.332220833789	0.04166440000005878	epochs	2.0
685.332220833789	0.020882199999959994	epochs	3.0
685.353103033789	0.020782200000098783	epochs	3.0
685.3738852337891	0.04126850000000104	epochs	2.0
685.3738852337891	0.020683299999973315	epochs	3.0
685.3945685337891	0.020585200000027726	epochs	3.0
685.4151537337891	0.040879999999901884	epochs	2.0
685.4151537337891	0.020488099999965925	epochs	3.0
685.4356418337891	0.02039189999993596	epochs	3.0
685.456033733789	0.04049880000002304	epochs	2.0
685.456033733789	0.020296600000051512	epochs	3.0
685.4763303337891	0.020202199999971526	epochs	3.0
685.496532533789	0.04012460000001283	epochs	2.0
685.496532533789	0.02010870000003706	epochs	3.0
685.5166412337891	0.020015899999975773	epochs	3.0
685.536657133789	0.03975730000001931	epochs	2.0
685.536657133789	0.019924199999991288	epochs	3.0
685.556581333789	0.019833100000028026	epochs	3.0
685.5764144337891	0.03939669999999751	epochs	2.0
685.5764144337891	0.01974299999994855	epochs	3.0
685.596157433789	0.019653700000048957	epochs	3.0
685.6158111337891	0.03904239999997117	epochs	2.0
685.6158111337891	0.01956510000002254	epochs	3.0
685.6353762337891	0.019477299999948627	epochs	3.0
685.654853533789	0.03869459999998526	epochs	2.0
685.654853533789	0.019390400000020236	epochs	3.0
685.6742439337891	0.01930419999996502	epochs	3.0
685.693548133789	0.03835290000006353	epochs	2.0
685.693548133789	0.019218800000089686	epochs	3.0
685.7127669337891	0.01913409999997384	epochs	3.0
685.7319010337891	0.03801720000001296	epochs	2.0
685.7319010337891	0.01905019999992419	epochs	3.0
685.750951233789	0.018967000000088774	epochs	3.0
685.7699182337891	0.03768719999993664	epochs	2.0
685.7699182337891	0.01888450000001285	epochs	3.0
685.7888027337891	0.01880269999992379	epochs	3.0
685.807605433789	0.03736309999999321	epochs	2.0
685.807605433789	0.018721700000014607	epochs	3.0
685.826327133789	0.018641399999978603	epochs	3.0
685.844968533789	0.03704430000004777	epochs	2.0
685.844968533789	0.01856159999999818	epochs	3.0
685.863530133789	0.01848270000004959	epochs	3.0
685.8820128337891	0.0367310000000316	epochs	2.0
685.8820128337891	0.018404299999929208	epochs	3.0
685.900417133789	0.01832670000010239	epochs	3.0
685.9187438337891	0.03642289999993409	epochs	2.0
685.9187438337891	0.018249599999990096	epochs	3.0
685.9369934337891	0.018173299999943993	epochs	3.0
685.955166733789	0.03612010000006194	epochs	2.0
685.955166733789	0.0180976000000328	epochs	3.0
685.9732643337891	0.01802250000002914	epochs	3.0
685.9912868337891	0.03582209999990482	epochs	2.0
685.9912868337891	0.017947899999967376	epochs	3.0
686.0092347337891	0.017874199999937446	epochs	3.0
686.027108933789	0.0355290000001105	epochs	2.0
686.027108933789	0.017800800000031813	epochs	3.0
686.044909733789	0.017728200000078687	epochs	3.0
686.0626379337891	0.035240699999917524	epochs	2.0
686.0626379337891	0.017656099999953767	epochs	3.0
686.0802940337891	0.017584599999963757	epochs	3.0
686.097878633789	0.034957100000042374	epochs	2.0
686.097878633789	0.01751369999999497	epochs	3.0
686.115392333789	0.017443400000047404	epochs	3.0
686.1328357337891	0.03467790000001969	epochs	2.0
686.1328357337891	0.017373599999928047	epochs	3.0
686.150209333789	0.017304300000091644	epochs	3.0
686.1675136337891	0.03440330000000813	epochs	2.0
686.1675136337891	0.01723570000001473	epochs	3.0
686.1847493337891	0.0171675999999934	epochs	3.0
686.2019169337891	0.03413279999995211	epochs	2.0
686.2019169337891	0.01709989999994832	epochs	3.0
686.219016833789	0.017032900000003792	epochs	3.0
686.2360497337891	0.033866699999975935	epochs	2.0
686.2360497337891	0.01696640000000116	epochs	3.0
686.2530161337891	0.016900299999974777	epochs	3.0
686.269916433789	0.03360459999998966	epochs	2.0
686.269916433789	0.016834800000083305	epochs	3.0
686.2867512337891	0.016769799999906354	epochs	3.0
686.303521033789	0.03334660000007261	epochs	2.0
686.303521033789	0.016705300000012357	epochs	3.0
686.320226333789	0.016641300000060255	epochs	3.0
686.3368676337891	0.03309249999995245	epochs	2.0
686.3368676337891	0.01657779999993636	epochs	3.0
686.353445433789	0.01651470000001609	epochs	3.0
686.369960133789	0.03284229999997024	epochs	2.0
686.369960133789	0.01645220000000336	epochs	3.0
686.386412333789	0.01639009999996688	epochs	3.0
686.402802433789	0.03259570000000167	epochs	2.0
686.402802433789	0.016328400000020338	epochs	3.0
686.419130833789	0.016267299999981333	epochs	3.0
686.435398133789	0.03235290000009172	epochs	2.0
686.435398133789	0.016206600000032267	epochs	3.0
686.451604733789	0.016146300000059455	epochs	3.0
686.4677510337891	0.03211369999996805	epochs	2.0
686.4677510337891	0.016086599999994178	epochs	3.0
686.4838376337891	0.01602709999997387	epochs	3.0
686.4998647337891	0.03187800000000607	epochs	2.0
686.4998647337891	0.015968199999974786	epochs	3.0
686.515832933789	0.015909800000031282	epochs	3.0
686.5317427337891	0.031645700000012766	epochs	2.0
686.5317427337891	0.01585160000001906	epochs	3.0
686.5475943337891	0.015794099999993705	epochs	3.0
686.5633884337891	0.031416699999908815	epochs	2.0
686.5633884337891	0.01573669999993399	epochs	3.0
686.579125133789	0.015679999999974825	epochs	3.0
686.594805133789	0.031191100000000915	epochs	2.0
686.594805133789	0.015623600000026272	epochs	3.0
686.610428733789	0.015567499999974643	epochs	3.0
686.625996233789	0.030968700000016725	epochs	2.0
686.625996233789	0.015512000000057924	epochs	3.0
686.6415082337891	0.0154566999999588	epochs	3.0
686.656964933789	0.03074950000006993	epochs	2.0
686.656964933789	0.015401999999994587	epochs	3.0
686.672366933789	0.015347500000075343	epochs	3.0
686.6877144337891	0.030533199999922545	epochs	2.0
686.6877144337891	0.015293400000018664	epochs	3.0
686.7030078337891	0.01523979999990388	epochs	3.0
686.718247633789	0.03032010000003993	epochs	2.0
686.718247633789	0.015186500000027081	epochs	3.0
686.733434133789	0.015133600000012848	epochs	3.0
686.7485677337891	0.030109899999956724	epochs	2.0
686.7485677337891	0.015081000000009226	epochs	3.0
686.7636487337891	0.015028899999947498	epochs	3.0
686.778677633789	0.02990250000004835	epochs	2.0
686.778677633789	0.014977000000044427	epochs	3.0
686.7936546337891	0.014925500000003922	epochs	3.0
686.8085801337891	0.029698100000018712	epochs	2.0
686.8085801337891	0.014874400000053356	epochs	3.0
686.8234545337891	0.014823699999965356	epochs	3.0
686.8382782337891	0.02949630000000525	epochs	2.0
686.8382782337891	0.014773199999922326	epochs	3.0
686.853051433789	0.014723100000082923	epochs	3.0
686.8677745337891	0.02929740000001857	epochs	2.0
686.8677745337891	0.014673399999992398	epochs	3.0
686.8824479337891	0.014624000000026172	epochs	3.0
686.8970719337891	0.029101099999934377	epochs	2.0
686.8970719337891	0.01457489999995687	epochs	3.0
686.9116468337891	0.014526199999977507	epochs	3.0
686.926173033789	0.028907399999980044	epochs	2.0
686.926173033789	0.014477700000043114	epochs	3.0
686.9406507337891	0.014429699999936929	epochs	3.0
686.955080433789	0.028716200000076242	epochs	2.0
686.955080433789	0.014381800000023759	epochs	3.0
686.969462233789	0.014334400000052483	epochs	3.0
686.9837966337891	0.02852759999996124	epochs	2.0
686.9837966337891	0.01428720000001249	epochs	3.0
686.9980838337891	0.01424039999994875	epochs	3.0
687.0123242337891	0.028341400000044814	epochs	2.0
687.0123242337891	0.014193800000043666	epochs	3.0
687.0265180337891	0.014147600000001148	epochs	3.0
687.0406656337891	0.028157699999951546	epochs	2.0
687.0406656337891	0.014101699999969242	epochs	3.0
687.0547673337891	0.014055999999982305	epochs	3.0
687.068823333789	0.027976299999977527	epochs	2.0
687.068823333789	0.01401060000000598	epochs	3.0
687.0828339337891	0.013965699999971548	epochs	3.0
687.096799633789	0.02779720000000907	epochs	2.0
687.096799633789	0.013920800000050804	epochs	3.0
687.1107204337891	0.013876399999958267	epochs	3.0
687.124596833789	0.027620400000046175	epochs	2.0
687.124596833789	0.013832200000024386	epochs	3.0
687.1384290337891	0.013788200000021789	epochs	3.0
687.1522172337891	0.027445899999975154	epochs	2.0
687.1522172337891	0.013744599999995444	epochs	3.0
687.1659618337891	0.01370129999997971	epochs	3.0
687.1796631337891	0.027273499999978412	epochs	2.0
687.1796631337891	0.013658200000008947	epochs	3.0
687.1933213337891	0.013615299999969466	epochs	3.0
687.206936633789	0.027103399999987232	epochs	2.0
687.206936633789	0.013572800000019924	epochs	3.0
687.2205094337891	0.013530599999967308	epochs	3.0
687.234040033789	0.02693520000002536	epochs	2.0
687.234040033789	0.013488400000028378	epochs	3.0
687.2475284337891	0.013446799999996983	epochs	3.0
687.260975233789	0.026769199999989723	epochs	2.0
687.260975233789	0.013405199999965589	epochs	3.0
687.274380433789	0.013364000000024134	epochs	3.0
687.287744433789	0.026605200000062723	epochs	2.0
687.287744433789	0.013322900000048321	epochs	3.0
687.3010673337891	0.013282300000014402	epochs	3.0
687.3143496337891	0.0264431999999033	epochs	2.0
687.3143496337891	0.013241699999980483	epochs	3.0
687.3275913337891	0.013201499999922817	epochs	3.0
687.340792833789	0.026283200000079887	epochs	2.0
687.340792833789	0.013161500000023807	epochs	3.0
687.353954333789	0.01312170000005608	epochs	3.0
687.3670760337891	0.02612499999997908	epochs	2.0
687.3670760337891	0.013082100000019636	epochs	3.0
687.3801581337891	0.013042899999959445	epochs	3.0
687.3932010337891	0.025968899999952555	epochs	2.0
687.3932010337891	0.013003899999944224	epochs	3.0
687.406204933789	0.012965000000008331	epochs	3.0
687.419169933789	0.025814500000024054	epochs	2.0
687.419169933789	0.01292640000008305	epochs	3.0
687.4320963337891	0.012888099999941005	epochs	3.0
687.444984433789	0.025661900000045534	epochs	2.0
687.444984433789	0.012849899999991976	epochs	3.0
687.457834333789	0.012812000000053558	epochs	3.0
687.4706463337891	0.025511199999982637	epochs	2.0
687.4706463337891	0.012774400000012065	epochs	3.0
687.4834207337891	0.012736799999970572	epochs	3.0
687.4961575337891	0.025362299999983406	epochs	2.0
687.4961575337891	0.01269969999998466	epochs	3.0
687.5088572337891	0.012662599999998747	epochs	3.0
687.5215198337891	0.025215000000002874	epochs	2.0
687.5215198337891	0.012625800000023446	epochs	3.0
687.5341456337891	0.012589199999979428	epochs	3.0
687.5467348337891	0.024584799999956886	epochs	2.0
687.5700792337891	0.5	epochs	-1.0
687.571319633789	0.5079200000000128	epochs	1.0
688.079239633789	0.4920000000000755	epochs	0.0
689.0130000114441	0.11231999999995423	epochs	0.0
689.0130000114441	0.05116180000004533	epochs	1.0
689.0641618114441	0.009996399999977257	epochs	1.0
689.0741582114441	0.051161799999931645	epochs	1.0
689.125320011444	2.0	epochs	0.0
691.125320011444	21.507760000000076	epochs	0.0
691.125320011444	1.0	epochs	1.0
691.1253596114441	0.5	epochs	-1.0
691.6253596114441	19.99872000000005	epochs	-1.0
692.125320011444	20.0	epochs	1.0
692.125320011444	4.356753900000058	epochs	-1.0
692.125320011444	1.9745872000000873	epochs	2.0
692.125320011444	1.0985622000000603	epochs	3.0
693.2238822114441	0.8760250000000269	epochs	3.0
694.0999072114441	1.352407499999913	epochs	2.0
694.0999072114441	0.7286354999999958	epochs	3.0
694.8285427114441	0.6237719999999172	epochs	3.0
695.452314711444	1.0297592000000577	epochs	2.0
695.452314711444	0.5453293000000485	epochs	3.0
695.9976440114441	0.4844299000000092	epochs	3.0
696.4820739114441	0.8317862000000105	epochs	2.0
696.4820739114441	0.4357763000000432	epochs	3.0
696.9178502114441	0.3960098999999673	epochs	3.0
697.3138601114441	0.6977969999999232	epochs	2.0
697.3138601114441	0.3628982000000178	epochs	3.0
697.6767583114441	0.33489879999990535	epochs	3.0
698.011657111444	0.6010457000000997	epochs	2.0
698.011657111444	0.3109123000000409	epochs	3.0
698.3225694114441	0.2901334000000588	epochs	3.0
698.6127028114441	0.5278859000000011	epochs	2.0
698.6127028114441	0.2719585999999481	epochs	3.0
698.8846614114441	0.25592730000005304	epochs	3.0
699.1405887114441	0.470619299999953	epochs	2.0
699.1405887114441	0.241681299999982	epochs	3.0
699.3822700114441	0.228937999999971	epochs	3.0
699.6112080114441	0.42457039999999324	epochs	2.0
699.6112080114441	0.21747140000002219	epochs	3.0
699.8286794114441	0.20709899999997106	epochs	3.0
700.0357784114441	0.3867354000000205	epochs	2.0
700.0357784114441	0.19767109999997956	epochs	3.0
700.2334495114441	0.18906430000004093	epochs	3.0
700.4225138114441	0.3550953000000163	epochs	2.0
700.4225138114441	0.18117589999997108	epochs	3.0
700.6036897114441	0.17391940000004524	epochs	3.0
700.7776091114441	0.3282431000000088	epochs	2.0
700.7776091114441	0.16722189999995862	epochs	3.0
700.9448310114441	0.16102120000005016	epochs	3.0
701.1058522114441	0.30516799999998057	epochs	2.0
701.1058522114441	0.15526389999990897	epochs	3.0
701.261116111444	0.1499041000000716	epochs	3.0
701.4110202114441	0.28512530000000424	epochs	2.0
701.4110202114441	0.1449020999999675	epochs	3.0
701.5559223114441	0.14022320000003674	epochs	3.0
701.6961455114441	0.2675537999999733	epochs	2.0
701.6961455114441	0.1358368999999584	epochs	3.0
701.8319824114441	0.1317169000000149	epochs	3.0
701.9636993114441	0.2520229000000427	epochs	2.0
701.9636993114441	0.1278393000000051	epochs	3.0
702.0915386114441	0.12418360000003759	epochs	3.0
702.2157222114441	0.23819649999995818	epochs	2.0
702.2157222114441	0.12073109999994358	epochs	3.0
702.3364533114441	0.1174654000000146	epochs	3.0
702.4539187114441	0.2258087999999816	epochs	2.0
702.4539187114441	0.11437190000003739	epochs	3.0
702.5682906114441	0.11143689999994422	epochs	3.0
702.6797275114441	0.2146460000000161	epochs	2.0
702.6797275114441	0.10864890000004834	epochs	3.0
702.7883764114441	0.10599709999996776	epochs	3.0
702.8943735114441	0.20453499999996438	epochs	2.0
702.8943735114441	0.10347149999995509	epochs	3.0
702.997845011444	0.1010635000000093	epochs	3.0
703.098908511444	0.19533400000000256	epochs	2.0
703.098908511444	0.09876510000003691	epochs	3.0
703.1976736114441	0.09656889999996565	epochs	3.0
703.294242511444	0.18692529999998442	epochs	2.0
703.294242511444	0.09446830000001682	epochs	3.0
703.3887108114441	0.09245699999996759	epochs	3.0
703.481167811444	0.17921069999999872	epochs	2.0
703.481167811444	0.0905296000000817	epochs	3.0
703.5716974114441	0.08868109999991702	epochs	3.0
703.660378511444	0.17210770000008324	epochs	2.0
703.660378511444	0.08690630000000965	epochs	3.0
703.747284811444	0.08520140000007359	epochs	3.0
703.8324862114441	0.1655463999999256	epochs	2.0
703.8324862114441	0.08356189999994967	epochs	3.0
703.9160481114441	0.08198449999997592	epochs	3.0
703.998032611444	0.15946710000002895	epochs	2.0
703.998032611444	0.08046540000009372	epochs	3.0
704.0784980114441	0.07900169999993523	epochs	3.0
704.1574997114441	0.15381839999997737	epochs	2.0
704.1574997114441	0.07759010000006583	epochs	3.0
704.2350898114441	0.07622829999991154	epochs	3.0
704.311318111444	0.14855640000007497	epochs	2.0
704.311318111444	0.07491330000004837	epochs	3.0
704.3862314114441	0.0736431000000266	epochs	3.0
704.4598745114441	0.14364239999997608	epochs	2.0
704.4598745114441	0.07241499999997814	epochs	3.0
704.5322895114441	0.07122739999999794	epochs	3.0
704.6035169114441	0.13904309999998077	epochs	2.0
704.6035169114441	0.07007799999996678	epochs	3.0
704.6735949114441	0.06896510000001399	epochs	3.0
704.7425600114441	0.1347293000000036	epochs	2.0
704.7425600114441	0.0678871000000072	epochs	3.0
704.8104471114441	0.06684219999999641	epochs	3.0
704.8772893114441	0.1306752000000415	epochs	2.0
704.8772893114441	0.06582909999997355	epochs	3.0
704.9431184114441	0.06484610000006796	epochs	3.0
705.0079645114441	0.1268577999999252	epochs	2.0
705.0079645114441	0.06389200000000983	epochs	3.0
705.0718565114441	0.06296579999991536	epochs	3.0
705.134822311444	0.12325720000001184	epochs	2.0
705.134822311444	0.06206580000002759	epochs	3.0
705.1968881114441	0.06119139999998424	epochs	3.0
705.2580795114441	0.11985540000000583	epochs	2.0
705.2580795114441	0.06034110000007331	epochs	3.0
705.3184206114441	0.05951429999993252	epochs	3.0
705.3779349114441	0.11663620000001629	epochs	2.0
705.3779349114441	0.05870960000004288	epochs	3.0
705.4366445114441	0.057926599999973405	epochs	3.0
705.4945711114441	0.11358559999996487	epochs	2.0
705.4945711114441	0.05716419999998834	epochs	3.0
705.5517353114441	0.05642139999997653	epochs	3.0
705.608156711444	0.11069050000003244	epochs	2.0
705.608156711444	0.055697900000041045	epochs	3.0
705.6638546114441	0.0549925999999914	epochs	3.0
705.7188472114441	0.10793909999995321	epochs	2.0
705.7188472114441	0.05430490000003374	epochs	3.0
705.7731521114441	0.053634199999919474	epochs	3.0
705.826786311444	0.10532150000005913	epochs	2.0
705.826786311444	0.05298000000004777	epochs	3.0
705.8797663114441	0.052341500000011365	epochs	3.0
705.9321078114441	0.10282759999995505	epochs	2.0
705.9321078114441	0.05171810000001642	epochs	3.0
705.9838259114441	0.051109499999938635	epochs	3.0
706.034935411444	0.10044909999999163	epochs	2.0
706.034935411444	0.050514900000052876	epochs	3.0
706.0854503114441	0.049934199999938755	epochs	3.0
706.135384511444	0.09817830000008598	epochs	2.0
706.135384511444	0.049366600000098515	epochs	3.0
706.1847511114441	0.04881169999998747	epochs	3.0
706.2335628114441	0.09600779999993847	epochs	2.0
706.2335628114441	0.04826919999993606	epochs	3.0
706.2818320114441	0.04773860000000241	epochs	3.0
706.3295706114441	0.09393120000004274	epochs	2.0
706.3295706114441	0.04721949999998287	epochs	3.0
706.376790111444	0.046711700000059864	epochs	3.0
706.4235018114441	0.09194260000003851	epochs	2.0
706.4235018114441	0.046214599999984785	epochs	3.0
706.4697164114441	0.045728000000053726	epochs	3.0
706.5154444114442	0.09003629999995155	epochs	2.0
706.5154444114442	0.045251499999949374	epochs	3.0
706.5606959114441	0.04478480000000218	epochs	3.0
706.6054807114441	0.08820760000003247	epochs	2.0
706.6054807114441	0.044327800000019124	epochs	3.0
706.6498085114441	0.04387980000001335	epochs	3.0
706.6936883114441	0.0864516999999978	epochs	2.0
706.6936883114441	0.04344099999991613	epochs	3.0
706.737129311444	0.04301070000008167	epochs	3.0
706.7801400114441	0.08476429999996071	epochs	2.0
706.7801400114441	0.04258899999990717	epochs	3.0
706.822729011444	0.04217530000005354	epochs	3.0
706.8649043114441	0.08314150000001064	epochs	2.0
706.8649043114441	0.04176970000003166	epochs	3.0
706.9066740114441	0.041371799999978975	epochs	3.0
706.9480458114441	0.08157970000002024	epochs	2.0
706.9480458114441	0.040981399999964196	epochs	3.0
706.9890272114441	0.04059830000005604	epochs	3.0
707.0296255114441	0.08007550000002084	epochs	2.0
707.0296255114441	0.04022229999998217	epochs	3.0
707.0698478114441	0.03985320000003867	epochs	3.0
707.1097010114441	0.07862569999997504	epochs	2.0
707.1097010114441	0.0394907999999532	epochs	3.0
707.1491918114441	0.039134900000021844	epochs	3.0
707.1883267114441	0.07722760000001472	epochs	2.0
707.1883267114441	0.03878539999993791	epochs	3.0
707.2271121114441	0.03844220000007681	epochs	3.0
707.2655543114441	0.07587819999992007	epochs	2.0
707.2655543114441	0.03810479999992822	epochs	3.0
707.3036591114441	0.03777339999999185	epochs	3.0
707.341432511444	0.0745752000000266	epochs	2.0
707.341432511444	0.03744770000002973	epochs	3.0
707.3788802114441	0.03712749999999687	epochs	3.0
707.4160077114441	0.07331629999998768	epochs	2.0
707.4160077114441	0.036812899999972615	epochs	3.0
707.452820611444	0.03650340000001506	epochs	3.0
707.4893240114441	0.07209899999998015	epochs	2.0
707.4893240114441	0.03619909999997617	epochs	3.0
707.525523111444	0.03589990000000398	epochs	3.0
707.561423011444	0.07092170000009901	epochs	2.0
707.561423011444	0.03560560000005353	epochs	3.0
707.5970286114441	0.03531610000004548	epochs	3.0
707.6323447114441	0.0697819999999183	epochs	2.0
707.6323447114441	0.03503119999993487	epochs	3.0
707.6673759114441	0.03475079999998343	epochs	3.0
707.7021267114441	0.06867859999999837	epochs	2.0
707.7021267114441	0.03447510000000875	epochs	3.0
707.7366018114441	0.03420349999998962	epochs	3.0
707.7708053114441	0.06760930000007193	epochs	2.0
707.7708053114441	0.033936199999970995	epochs	3.0
707.804741511444	0.03367310000010093	epochs	3.0
707.8384146114441	0.06657289999998284	epochs	2.0
707.8384146114441	0.03341399999999339	epochs	3.0
707.8718286114441	0.033158899999989444	epochs	3.0
707.9049875114441	0.06556779999993978	epochs	2.0
707.9049875114441	0.032907700000009754	epochs	3.0
707.9378952114441	0.032660099999930026	epochs	3.0
707.9705553114441	0.06459260000008271	epochs	2.0
707.9705553114441	0.032416399999988244	epochs	3.0
708.002971711444	0.03217620000009447	epochs	3.0
708.0351479114441	0.0636459999999488	epochs	2.0
708.0351479114441	0.03193959999998697	epochs	3.0
708.0670875114441	0.03170639999996183	epochs	3.0
708.0987939114441	0.0627266999999847	epochs	2.0
708.0987939114441	0.03147660000001906	epochs	3.0
708.1302705114441	0.03125009999996564	epochs	3.0
708.1615206114441	0.06183359999999993	epochs	2.0
708.1615206114441	0.031026900000028945	epochs	3.0
708.1925475114441	0.030806699999970988	epochs	3.0
708.2233542114441	0.06096560000003137	epochs	2.0
708.2233542114441	0.030589800000029754	epochs	3.0
708.2539440114441	0.030375800000001618	epochs	3.0
708.2843198114441	0.06012160000000222	epochs	2.0
708.2843198114441	0.03016489999993155	epochs	3.0
708.314484711444	0.02995670000007067	epochs	3.0
708.3444414114441	0.05930069999999432	epochs	2.0
708.3444414114441	0.02975159999994048	epochs	3.0
708.374193011444	0.02954910000005384	epochs	3.0
708.4037421114441	0.05850180000004457	epochs	2.0
708.4037421114441	0.02934940000000097	epochs	3.0
708.4330915114441	0.0291524000000436	epochs	3.0
708.4622439114441	0.05772419999993872	epochs	2.0
708.4622439114441	0.028957999999988715	epochs	3.0
708.4912019114441	0.028766199999950004	epochs	3.0
708.5199681114441	0.05696709999995164	epochs	2.0
708.5199681114441	0.028577000000041153	epochs	3.0
708.5485451114441	0.02839009999991049	epochs	3.0
708.576935211444	0.056229500000085864	epochs	2.0
708.576935211444	0.028205700000057732	epochs	3.0
708.6051409114441	0.028023800000028132	epochs	3.0
708.6331647114441	0.05551070000001346	epochs	2.0
708.6331647114441	0.027843999999959124	epochs	3.0
708.6610087114441	0.027666700000054334	epochs	3.0
708.6886754114441	0.05481019999990622	epochs	2.0
708.6886754114441	0.02749149999999645	epochs	3.0
708.7161669114441	0.027318699999909768	epochs	3.0
708.743485611444	0.05412699999999404	epochs	2.0
708.743485611444	0.02714780000007977	epochs	3.0
708.7706334114441	0.026979199999914272	epochs	3.0
708.797612611444	0.0534607000000733	epochs	2.0
708.797612611444	0.026812600000084785	epochs	3.0
708.8244252114441	0.026648099999988517	epochs	3.0
708.8510733114441	0.05281070000000909	epochs	2.0
708.8510733114441	0.026485600000000886	epochs	3.0
708.8775589114441	0.026325100000008206	epochs	3.0
708.9038840114441	0.05217619999996259	epochs	2.0
708.9038840114441	0.026166399999965506	epochs	3.0
708.9300504114441	0.026009799999997085	epochs	3.0
708.9560602114441	0.051556699999991906	epochs	2.0
708.9560602114441	0.025854800000047362	epochs	3.0
708.9819150114441	0.025701899999944544	epochs	3.0
709.0076169114441	0.05095189999997274	epochs	2.0
709.0076169114441	0.02555070000005344	epochs	3.0
709.0331676114441	0.0254011999999193	epochs	3.0
709.058568811444	0.05036100000006627	epochs	2.0
709.058568811444	0.0252535000000762	epochs	3.0
709.0838223114441	0.02510749999999007	epochs	3.0
709.1089298114441	0.049783800000000156	epochs	2.0
709.1089298114441	0.02496320000000196	epochs	3.0
709.1338930114441	0.024820599999998194	epochs	3.0
709.1587136114441	0.04921949999993558	epochs	2.0
709.1587136114441	0.024679399999968155	epochs	3.0
709.1833930114441	0.024540099999967424	epochs	3.0
709.207933111444	0.04866790000005494	epochs	2.0
709.207933111444	0.024402100000088467	epochs	3.0
709.2323352114441	0.024265799999966475	epochs	3.0
709.2566010114441	0.04812860000004093	epochs	2.0
709.2566010114441	0.024131000000011227	epochs	3.0
709.2807320114441	0.023997600000029706	epochs	3.0
709.3047296114441	0.04760109999995166	epochs	2.0
709.3047296114441	0.023865799999953197	epochs	3.0
709.3285954114441	0.02373529999999846	epochs	3.0
709.3523307114441	0.047085000000038235	epochs	2.0
709.3523307114441	0.023606299999983094	epochs	3.0
709.3759370114441	0.02347870000005514	epochs	3.0
709.3994157114441	0.046579999999948996	epochs	2.0
709.3994157114441	0.02335249999998723	epochs	3.0
709.4227682114441	0.023227499999961765	epochs	3.0
709.4459957114441	0.046085700000048746	epochs	2.0
709.4459957114441	0.023103999999989355	epochs	3.0
709.4690997114441	0.02298170000005939	epochs	3.0
709.4920814114441	0.045601799999985815	epochs	2.0
709.4920814114441	0.02286069999991014	epochs	3.0
709.514942111444	0.022741100000075676	epochs	3.0
709.5376832114441	0.04512790000001132	epochs	2.0
709.5376832114441	0.022622500000011314	epochs	3.0
709.5603057114441	0.02250540000000001	epochs	3.0
709.5828111114441	0.044663799999966614	epochs	2.0
709.5828111114441	0.02238929999998618	epochs	3.0
709.6052004114441	0.022274499999980435	epochs	3.0
709.6274749114441	0.04420919999995476	epochs	2.0
709.6274749114441	0.022160799999937808	epochs	3.0
709.649635711444	0.022048400000016954	epochs	3.0
709.671684111444	0.043763600000033875	epochs	2.0
709.671684111444	0.021936900000014248	epochs	3.0
709.6936210114441	0.021826700000019628	epochs	3.0
709.7154477114441	0.04332710000005591	epochs	2.0
709.7154477114441	0.021717599999988124	epochs	3.0
709.7371653114441	0.021609500000067783	epochs	3.0
709.7587748114441	0.042898999999920306	epochs	2.0
709.7587748114441	0.02150249999999687	epochs	3.0
709.7802773114441	0.021396499999923435	epochs	3.0
709.8016738114441	0.042479500000013104	epochs	2.0
709.8016738114441	0.02129170000000613	epochs	3.0
709.8229655114441	0.021187800000006973	epochs	3.0
709.8441533114441	0.042067900000006375	epochs	2.0
709.8441533114441	0.02108490000000529	epochs	3.0
709.8652382114441	0.020983000000001084	epochs	3.0
709.8862212114441	0.04166440000005878	epochs	2.0
709.8862212114441	0.020882199999959994	epochs	3.0
709.907103411444	0.020782200000098783	epochs	3.0
709.9278856114441	0.04126850000000104	epochs	2.0
709.9278856114441	0.020683299999973315	epochs	3.0
709.9485689114441	0.020585200000027726	epochs	3.0
709.9691541114441	0.040879999999901884	epochs	2.0
709.9691541114441	0.020488099999965925	epochs	3.0
709.9896422114441	0.02039189999993596	epochs	3.0
710.010034111444	0.04049880000002304	epochs	2.0
710.010034111444	0.020296600000051512	epochs	3.0
710.0303307114441	0.020202199999971526	epochs	3.0
710.0505329114441	0.04012460000001283	epochs	2.0
710.0505329114441	0.02010870000003706	epochs	3.0
710.0706416114441	0.020015899999975773	epochs	3.0
710.0906575114441	0.03975730000001931	epochs	2.0
710.0906575114441	0.019924199999991288	epochs	3.0
710.1105817114441	0.019833100000028026	epochs	3.0
710.1304148114441	0.03939669999999751	epochs	2.0
710.1304148114441	0.01974299999994855	epochs	3.0
710.150157811444	0.019653700000048957	epochs	3.0
710.1698115114441	0.03904239999997117	epochs	2.0
710.1698115114441	0.01956510000002254	epochs	3.0
710.1893766114441	0.019477299999948627	epochs	3.0
710.2088539114441	0.03869459999998526	epochs	2.0
710.2088539114441	0.019390400000020236	epochs	3.0
710.2282443114441	0.01930419999996502	epochs	3.0
710.247548511444	0.03835290000006353	epochs	2.0
710.247548511444	0.019218800000089686	epochs	3.0
710.2667673114441	0.01913409999997384	epochs	3.0
710.2859014114441	0.03801720000001296	epochs	2.0
710.2859014114441	0.01905019999992419	epochs	3.0
710.304951611444	0.018967000000088774	epochs	3.0
710.3239186114441	0.03768719999993664	epochs	2.0
710.3239186114441	0.01888450000001285	epochs	3.0
710.3428031114441	0.01880269999992379	epochs	3.0
710.3616058114441	0.03736309999999321	epochs	2.0
710.3616058114441	0.018721700000014607	epochs	3.0
710.3803275114441	0.018641399999978603	epochs	3.0
710.3989689114441	0.03704430000004777	epochs	2.0
710.3989689114441	0.01856159999999818	epochs	3.0
710.417530511444	0.01848270000004959	epochs	3.0
710.4360132114441	0.0367310000000316	epochs	2.0
710.4360132114441	0.018404299999929208	epochs	3.0
710.454417511444	0.01832670000010239	epochs	3.0
710.4727442114441	0.03642289999993409	epochs	2.0
710.4727442114441	0.018249599999990096	epochs	3.0
710.4909938114441	0.018173299999943993	epochs	3.0
710.5091671114441	0.03612010000006194	epochs	2.0
710.5091671114441	0.0180976000000328	epochs	3.0
710.5272647114441	0.01802250000002914	epochs	3.0
710.5452872114441	0.03582209999990482	epochs	2.0
710.5452872114441	0.017947899999967376	epochs	3.0
710.5632351114441	0.017874199999937446	epochs	3.0
710.581109311444	0.0355290000001105	epochs	2.0
710.581109311444	0.017800800000031813	epochs	3.0
710.5989101114441	0.017728200000078687	epochs	3.0
710.6166383114441	0.035240699999917524	epochs	2.0
710.6166383114441	0.017656099999953767	epochs	3.0
710.6342944114441	0.017584599999963757	epochs	3.0
710.6518790114441	0.034957100000042374	epochs	2.0
710.6518790114441	0.01751369999999497	epochs	3.0
710.6693927114441	0.017443400000047404	epochs	3.0
710.6868361114441	0.03467790000001969	epochs	2.0
710.6868361114441	0.017373599999928047	epochs	3.0
710.704209711444	0.017304300000091644	epochs	3.0
710.7215140114441	0.03440330000000813	epochs	2.0
710.7215140114441	0.01723570000001473	epochs	3.0
710.7387497114441	0.0171675999999934	epochs	3.0
710.7559173114441	0.03413279999995211	epochs	2.0
710.7559173114441	0.01709989999994832	epochs	3.0
710.7730172114441	0.017032900000003792	epochs	3.0
710.7900501114441	0.033866699999975935	epochs	2.0
710.7900501114441	0.01696640000000116	epochs	3.0
710.8070165114441	0.016900299999974777	epochs	3.0
710.8239168114441	0.03360459999998966	epochs	2.0
710.8239168114441	0.016834800000083305	epochs	3.0
710.8407516114441	0.016769799999906354	epochs	3.0
710.857521411444	0.03334660000007261	epochs	2.0
710.857521411444	0.016705300000012357	epochs	3.0
710.8742267114441	0.016641300000060255	epochs	3.0
710.8908680114441	0.03309249999995245	epochs	2.0
710.8908680114441	0.01657779999993636	epochs	3.0
710.9074458114441	0.01651470000001609	epochs	3.0
710.9239605114441	0.03284229999997024	epochs	2.0
710.9239605114441	0.01645220000000336	epochs	3.0
710.9404127114441	0.01639009999996688	epochs	3.0
710.956802811444	0.03259570000000167	epochs	2.0
710.956802811444	0.016328400000020338	epochs	3.0
710.9731312114441	0.016267299999981333	epochs	3.0
710.989398511444	0.03235290000009172	epochs	2.0
710.989398511444	0.016206600000032267	epochs	3.0
711.0056051114441	0.016146300000059455	epochs	3.0
711.0217514114441	0.03211369999996805	epochs	2.0
711.0217514114441	0.016086599999994178	epochs	3.0
711.0378380114441	0.01602709999997387	epochs	3.0
711.0538651114441	0.03187800000000607	epochs	2.0
711.0538651114441	0.015968199999974786	epochs	3.0
711.0698333114441	0.015909800000031282	epochs	3.0
711.0857431114441	0.031645700000012766	epochs	2.0
711.0857431114441	0.01585160000001906	epochs	3.0
711.1015947114441	0.015794099999993705	epochs	3.0
711.1173888114441	0.031416699999908815	epochs	2.0
711.1173888114441	0.01573669999993399	epochs	3.0
711.1331255114441	0.015679999999974825	epochs	3.0
711.148805511444	0.031191100000000915	epochs	2.0
711.148805511444	0.015623600000026272	epochs	3.0
711.1644291114441	0.015567499999974643	epochs	3.0
711.179996611444	0.030968700000016725	epochs	2.0
711.179996611444	0.015512000000057924	epochs	3.0
711.1955086114441	0.0154566999999588	epochs	3.0
711.210965311444	0.03074950000006993	epochs	2.0
711.210965311444	0.015401999999994587	epochs	3.0
711.226367311444	0.015347500000075343	epochs	3.0
711.2417148114441	0.030533199999922545	epochs	2.0
711.2417148114441	0.015293400000018664	epochs	3.0
711.2570082114441	0.01523979999990388	epochs	3.0
711.272248011444	0.03032010000003993	epochs	2.0
711.272248011444	0.015186500000027081	epochs	3.0
711.2874345114441	0.015133600000012848	epochs	3.0
711.3025681114441	0.030109899999956724	epochs	2.0
711.3025681114441	0.015081000000009226	epochs	3.0
711.3176491114441	0.015028899999947498	epochs	3.0
711.332678011444	0.02990250000004835	epochs	2.0
711.332678011444	0.014977000000044427	epochs	3.0
711.3476550114441	0.014925500000003922	epochs	3.0
711.3625805114441	0.029698100000018712	epochs	2.0
711.3625805114441	0.014874400000053356	epochs	3.0
711.3774549114441	0.014823699999965356	epochs	3.0
711.3922786114441	0.02949630000000525	epochs	2.0
711.3922786114441	0.014773199999922326	epochs	3.0
711.407051811444	0.014723100000082923	epochs	3.0
711.4217749114441	0.02929740000001857	epochs	2.0
711.4217749114441	0.014673399999992398	epochs	3.0
711.4364483114441	0.014624000000026172	epochs	3.0
711.4510723114441	0.029101099999934377	epochs	2.0
711.4510723114441	0.01457489999995687	epochs	3.0
711.4656472114441	0.014526199999977507	epochs	3.0
711.4801734114441	0.028907399999980044	epochs	2.0
711.4801734114441	0.014477700000043114	epochs	3.0
711.4946511114441	0.014429699999936929	epochs	3.0
711.509080811444	0.028716200000076242	epochs	2.0
711.509080811444	0.014381800000023759	epochs	3.0
711.5234626114441	0.014334400000052483	epochs	3.0
711.5377970114441	0.02852759999996124	epochs	2.0
711.5377970114441	0.01428720000001249	epochs	3.0
711.5520842114441	0.01424039999994875	epochs	3.0
711.5663246114441	0.028341400000044814	epochs	2.0
711.5663246114441	0.014193800000043666	epochs	3.0
711.5805184114441	0.014147600000001148	epochs	3.0
711.5946660114441	0.028157699999951546	epochs	2.0
711.5946660114441	0.014101699999969242	epochs	3.0
711.6087677114441	0.014055999999982305	epochs	3.0
711.6228237114441	0.027976299999977527	epochs	2.0
711.6228237114441	0.01401060000000598	epochs	3.0
711.6368343114441	0.013965699999971548	epochs	3.0
711.6508000114441	0.02779720000000907	epochs	2.0
711.6508000114441	0.013920800000050804	epochs	3.0
711.6647208114441	0.013876399999958267	epochs	3.0
711.6785972114441	0.027620400000046175	epochs	2.0
711.6785972114441	0.013832200000024386	epochs	3.0
711.6924294114441	0.013788200000021789	epochs	3.0
711.7062176114441	0.027445899999975154	epochs	2.0
711.7062176114441	0.013744599999995444	epochs	3.0
711.7199622114441	0.01370129999997971	epochs	3.0
711.7336635114441	0.027273499999978412	epochs	2.0
711.7336635114441	0.013658200000008947	epochs	3.0
711.7473217114441	0.013615299999969466	epochs	3.0
711.7609370114441	0.027103399999987232	epochs	2.0
711.7609370114441	0.013572800000019924	epochs	3.0
711.7745098114441	0.013530599999967308	epochs	3.0
711.7880404114441	0.02693520000002536	epochs	2.0
711.7880404114441	0.013488400000028378	epochs	3.0
711.8015288114441	0.013446799999996983	epochs	3.0
711.8149756114441	0.026769199999989723	epochs	2.0
711.8149756114441	0.013405199999965589	epochs	3.0
711.828380811444	0.013364000000024134	epochs	3.0
711.8417448114441	0.026605200000062723	epochs	2.0
711.8417448114441	0.013322900000048321	epochs	3.0
711.8550677114441	0.013282300000014402	epochs	3.0
711.8683500114441	0.0264431999999033	epochs	2.0
711.8683500114441	0.013241699999980483	epochs	3.0
711.8815917114441	0.013201499999922817	epochs	3.0
711.894793211444	0.026283200000079887	epochs	2.0
711.894793211444	0.013161500000023807	epochs	3.0
711.9079547114441	0.01312170000005608	epochs	3.0
711.9210764114441	0.02612499999997908	epochs	2.0
711.9210764114441	0.013082100000019636	epochs	3.0
711.9341585114441	0.013042899999959445	epochs	3.0
711.9472014114441	0.025968899999952555	epochs	2.0
711.9472014114441	0.013003899999944224	epochs	3.0
711.960205311444	0.012965000000008331	epochs	3.0
711.973170311444	0.025814500000024054	epochs	2.0
711.973170311444	0.01292640000008305	epochs	3.0
711.9860967114441	0.012888099999941005	epochs	3.0
711.9989848114441	0.025661900000045534	epochs	2.0
711.9989848114441	0.012849899999991976	epochs	3.0
712.0118347114441	0.012812000000053558	epochs	3.0
712.0246467114441	0.025511199999982637	epochs	2.0
712.0246467114441	0.012774400000012065	epochs	3.0
712.0374211114441	0.012736799999970572	epochs	3.0
712.0501579114441	0.025362299999983406	epochs	2.0
712.0501579114441	0.01269969999998466	epochs	3.0
712.0628576114441	0.012662599999998747	epochs	3.0
712.0755202114441	0.025215000000002874	epochs	2.0
712.0755202114441	0.012625800000023446	epochs	3.0
712.0881460114441	0.012589199999979428	epochs	3.0
712.1007352114441	0.024584799999956886	epochs	2.0
712.1240796114441	0.5	epochs	-1.0
712.125320011444	0.5077600000000757	epochs	1.0
712.6330800114441	0.4921600000000126	epochs	0.0
737.1429996490479	0.11231999999995423	epochs	0.0
737.1429996490479	0.05116180000004533	epochs	1.0
737.1941614490479	0.009996399999977257	epochs	1.0
737.2041578490479	0.051161799999931645	epochs	1.0
737.2553196490478	2.0	epochs	0.0
739.2553196490478	5.3872800000000325	epochs	0.0
739.2553196490478	1.0	epochs	1.0
739.2553592490478	0.5	epochs	-1.0
739.7553592490478	4.887240399999996	epochs	-1.0
740.2553196490478	4.3872800000000325	epochs	1.0
740.2553196490478	4.356753900000058	epochs	-1.0
740.2553196490478	1.9745872000000873	epochs	2.0
740.2553196490478	1.0985622000000603	epochs	3.0
741.3538818490479	0.8760250000000269	epochs	3.0
742.2299068490479	1.352407499999913	epochs	2.0
742.2299068490479	0.7286354999999958	epochs	3.0
742.9585423490479	0.6237719999999172	epochs	3.0
743.5823143490478	1.0297592000000577	epochs	2.0
743.5823143490478	0.5453293000000485	epochs	3.0
744.1276436490479	0.4844299000000092	epochs	3.0
744.6120735490479	0.030526099999974576	epochs	2.0
744.6120735490479	0.030526099999974576	epochs	3.0
744.6425996490478	16.612640000000056	epochs	0.0
745.6419997215271	0.11231999999995423	epochs	0.0
745.6419997215271	0.05116180000004533	epochs	1.0
745.6931615215271	0.009996399999977257	epochs	1.0
745.7031579215271	0.051161799999931645	epochs	1.0
745.754319721527	2.0	epochs	0.0
747.754319721527	21.547120000000064	epochs	0.0
747.754319721527	1.0	epochs	1.0
747.7543593215271	0.5	epochs	-1.0
748.2543593215271	19.99896000000001	epochs	-1.0
748.754319721527	20.0	epochs	1.0
748.754319721527	4.356753900000058	epochs	-1.0
748.754319721527	1.9745872000000873	epochs	2.0
748.754319721527	1.0985622000000603	epochs	3.0
749.8528819215271	0.8760250000000269	epochs	3.0
750.7289069215271	1.352407499999913	epochs	2.0
750.7289069215271	0.7286354999999958	epochs	3.0
751.4575424215271	0.6237719999999172	epochs	3.0
752.081314421527	1.0297592000000577	epochs	2.0
752.081314421527	0.5453293000000485	epochs	3.0
752.6266437215271	0.4844299000000092	epochs	3.0
753.1110736215271	0.8317862000000105	epochs	2.0
753.1110736215271	0.4357763000000432	epochs	3.0
753.5468499215272	0.3960098999999673	epochs	3.0
753.9428598215271	0.6977969999999232	epochs	2.0
753.9428598215271	0.3628982000000178	epochs	3.0
754.3057580215271	0.33489879999990535	epochs	3.0
754.640656821527	0.6010457000000997	epochs	2.0
754.640656821527	0.3109123000000409	epochs	3.0
754.9515691215271	0.2901334000000588	epochs	3.0
755.2417025215271	0.5278859000000011	epochs	2.0
755.2417025215271	0.2719585999999481	epochs	3.0
755.5136611215271	0.25592730000005304	epochs	3.0
755.7695884215271	0.470619299999953	epochs	2.0
755.7695884215271	0.241681299999982	epochs	3.0
756.0112697215271	0.228937999999971	epochs	3.0
756.2402077215271	0.42457039999999324	epochs	2.0
756.2402077215271	0.21747140000002219	epochs	3.0
756.4576791215271	0.20709899999997106	epochs	3.0
756.6647781215271	0.3867354000000205	epochs	2.0
756.6647781215271	0.19767109999997956	epochs	3.0
756.8624492215271	0.18906430000004093	epochs	3.0
757.0515135215271	0.3550953000000163	epochs	2.0
757.0515135215271	0.18117589999997108	epochs	3.0
757.2326894215271	0.17391940000004524	epochs	3.0
757.4066088215271	0.3282431000000088	epochs	2.0
757.4066088215271	0.16722189999995862	epochs	3.0
757.5738307215271	0.16102120000005016	epochs	3.0
757.7348519215271	0.30516799999998057	epochs	2.0
757.7348519215271	0.15526389999990897	epochs	3.0
757.890115821527	0.1499041000000716	epochs	3.0
758.0400199215271	0.28512530000000424	epochs	2.0
758.0400199215271	0.1449020999999675	epochs	3.0
758.1849220215271	0.14022320000003674	epochs	3.0
758.3251452215271	0.2675537999999733	epochs	2.0
758.3251452215271	0.1358368999999584	epochs	3.0
758.4609821215271	0.1317169000000149	epochs	3.0
758.5926990215271	0.2520229000000427	epochs	2.0
758.5926990215271	0.1278393000000051	epochs	3.0
758.7205383215271	0.12418360000003759	epochs	3.0
758.8447219215271	0.23819649999995818	epochs	2.0
758.8447219215271	0.12073109999994358	epochs	3.0
758.9654530215271	0.1174654000000146	epochs	3.0
759.0829184215271	0.2258087999999816	epochs	2.0
759.0829184215271	0.11437190000003739	epochs	3.0
759.1972903215271	0.11143689999994422	epochs	3.0
759.3087272215271	0.2146460000000161	epochs	2.0
759.3087272215271	0.10864890000004834	epochs	3.0
759.4173761215271	0.10599709999996776	epochs	3.0
759.5233732215271	0.20453499999996438	epochs	2.0
759.5233732215271	0.10347149999995509	epochs	3.0
759.626844721527	0.1010635000000093	epochs	3.0
759.7279082215271	0.19533400000000256	epochs	2.0
759.7279082215271	0.09876510000003691	epochs	3.0
759.8266733215271	0.09656889999996565	epochs	3.0
759.9232422215271	0.18692529999998442	epochs	2.0
759.9232422215271	0.09446830000001682	epochs	3.0
760.0177105215271	0.09245699999996759	epochs	3.0
760.110167521527	0.17921069999999872	epochs	2.0
760.110167521527	0.0905296000000817	epochs	3.0
760.2006971215271	0.08868109999991702	epochs	3.0
760.289378221527	0.17210770000008324	epochs	2.0
760.289378221527	0.08690630000000965	epochs	3.0
760.376284521527	0.08520140000007359	epochs	3.0
760.4614859215271	0.1655463999999256	epochs	2.0
760.4614859215271	0.08356189999994967	epochs	3.0
760.5450478215271	0.08198449999997592	epochs	3.0
760.627032321527	0.15946710000002895	epochs	2.0
760.627032321527	0.08046540000009372	epochs	3.0
760.7074977215271	0.07900169999993523	epochs	3.0
760.7864994215271	0.15381839999997737	epochs	2.0
760.7864994215271	0.07759010000006583	epochs	3.0
760.8640895215271	0.07622829999991154	epochs	3.0
760.9403178215271	0.14855640000007497	epochs	2.0
760.9403178215271	0.07491330000004837	epochs	3.0
761.0152311215271	0.0736431000000266	epochs	3.0
761.0888742215271	0.14364239999997608	epochs	2.0
761.0888742215271	0.07241499999997814	epochs	3.0
761.1612892215271	0.07122739999999794	epochs	3.0
761.2325166215271	0.13904309999998077	epochs	2.0
761.2325166215271	0.07007799999996678	epochs	3.0
761.3025946215271	0.06896510000001399	epochs	3.0
761.3715597215271	0.1347293000000036	epochs	2.0
761.3715597215271	0.0678871000000072	epochs	3.0
761.4394468215271	0.06684219999999641	epochs	3.0
761.5062890215271	0.1306752000000415	epochs	2.0
761.5062890215271	0.06582909999997355	epochs	3.0
761.5721181215271	0.06484610000006796	epochs	3.0
761.6369642215271	0.1268577999999252	epochs	2.0
761.6369642215271	0.06389200000000983	epochs	3.0
761.7008562215271	0.06296579999991536	epochs	3.0
761.7638220215271	0.12325720000001184	epochs	2.0
761.7638220215271	0.06206580000002759	epochs	3.0
761.8258878215271	0.06119139999998424	epochs	3.0
761.8870792215271	0.11985540000000583	epochs	2.0
761.8870792215271	0.06034110000007331	epochs	3.0
761.9474203215271	0.05951429999993252	epochs	3.0
762.0069346215271	0.11663620000001629	epochs	2.0
762.0069346215271	0.05870960000004288	epochs	3.0
762.0656442215271	0.057926599999973405	epochs	3.0
762.1235708215271	0.11358559999996487	epochs	2.0
762.1235708215271	0.05716419999998834	epochs	3.0
762.1807350215271	0.05642139999997653	epochs	3.0
762.2371564215271	0.11069050000003244	epochs	2.0
762.2371564215271	0.055697900000041045	epochs	3.0
762.2928543215271	0.0549925999999914	epochs	3.0
762.3478469215271	0.10793909999995321	epochs	2.0
762.3478469215271	0.05430490000003374	epochs	3.0
762.4021518215271	0.053634199999919474	epochs	3.0
762.455786021527	0.10532150000005913	epochs	2.0
762.455786021527	0.05298000000004777	epochs	3.0
762.5087660215271	0.052341500000011365	epochs	3.0
762.5611075215271	0.10282759999995505	epochs	2.0
762.5611075215271	0.05171810000001642	epochs	3.0
762.6128256215271	0.051109499999938635	epochs	3.0
762.6639351215271	0.10044909999999163	epochs	2.0
762.6639351215271	0.050514900000052876	epochs	3.0
762.7144500215271	0.049934199999938755	epochs	3.0
762.764384221527	0.09817830000008598	epochs	2.0
762.764384221527	0.049366600000098515	epochs	3.0
762.8137508215272	0.04881169999998747	epochs	3.0
762.8625625215271	0.09600779999993847	epochs	2.0
762.8625625215271	0.04826919999993606	epochs	3.0
762.9108317215271	0.04773860000000241	epochs	3.0
762.9585703215271	0.09393120000004274	epochs	2.0
762.9585703215271	0.04721949999998287	epochs	3.0
763.0057898215271	0.046711700000059864	epochs	3.0
763.0525015215271	0.09194260000003851	epochs	2.0
763.0525015215271	0.046214599999984785	epochs	3.0
763.0987161215271	0.045728000000053726	epochs	3.0
763.1444441215272	0.09003629999995155	epochs	2.0
763.1444441215272	0.045251499999949374	epochs	3.0
763.1896956215271	0.04478480000000218	epochs	3.0
763.2344804215271	0.08820760000003247	epochs	2.0
763.2344804215271	0.044327800000019124	epochs	3.0
763.2788082215271	0.04387980000001335	epochs	3.0
763.3226880215271	0.0864516999999978	epochs	2.0
763.3226880215271	0.04344099999991613	epochs	3.0
763.3661290215271	0.04301070000008167	epochs	3.0
763.4091397215271	0.08476429999996071	epochs	2.0
763.4091397215271	0.04258899999990717	epochs	3.0
763.451728721527	0.04217530000005354	epochs	3.0
763.4939040215271	0.08314150000001064	epochs	2.0
763.4939040215271	0.04176970000003166	epochs	3.0
763.5356737215271	0.041371799999978975	epochs	3.0
763.5770455215271	0.08157970000002024	epochs	2.0
763.5770455215271	0.040981399999964196	epochs	3.0
763.6180269215271	0.04059830000005604	epochs	3.0
763.6586252215271	0.08007550000002084	epochs	2.0
763.6586252215271	0.04022229999998217	epochs	3.0
763.6988475215271	0.03985320000003867	epochs	3.0
763.7387007215272	0.07862569999997504	epochs	2.0
763.7387007215272	0.0394907999999532	epochs	3.0
763.7781915215271	0.039134900000021844	epochs	3.0
763.8173264215271	0.07722760000001472	epochs	2.0
763.8173264215271	0.03878539999993791	epochs	3.0
763.8561118215271	0.03844220000007681	epochs	3.0
763.8945540215271	0.07587819999992007	epochs	2.0
763.8945540215271	0.03810479999992822	epochs	3.0
763.9326588215271	0.03777339999999185	epochs	3.0
763.9704322215271	0.0745752000000266	epochs	2.0
763.9704322215271	0.03744770000002973	epochs	3.0
764.0078799215271	0.03712749999999687	epochs	3.0
764.0450074215271	0.07331629999998768	epochs	2.0
764.0450074215271	0.036812899999972615	epochs	3.0
764.0818203215271	0.03650340000001506	epochs	3.0
764.1183237215271	0.07209899999998015	epochs	2.0
764.1183237215271	0.03619909999997617	epochs	3.0
764.154522821527	0.03589990000000398	epochs	3.0
764.190422721527	0.07092170000009901	epochs	2.0
764.190422721527	0.03560560000005353	epochs	3.0
764.2260283215271	0.03531610000004548	epochs	3.0
764.2613444215272	0.0697819999999183	epochs	2.0
764.2613444215272	0.03503119999993487	epochs	3.0
764.2963756215271	0.03475079999998343	epochs	3.0
764.3311264215271	0.06867859999999837	epochs	2.0
764.3311264215271	0.03447510000000875	epochs	3.0
764.3656015215271	0.03420349999998962	epochs	3.0
764.3998050215271	0.06760930000007193	epochs	2.0
764.3998050215271	0.033936199999970995	epochs	3.0
764.433741221527	0.03367310000010093	epochs	3.0
764.4674143215271	0.06657289999998284	epochs	2.0
764.4674143215271	0.03341399999999339	epochs	3.0
764.5008283215271	0.033158899999989444	epochs	3.0
764.5339872215271	0.06556779999993978	epochs	2.0
764.5339872215271	0.032907700000009754	epochs	3.0
764.5668949215271	0.032660099999930026	epochs	3.0
764.5995550215271	0.06459260000008271	epochs	2.0
764.5995550215271	0.032416399999988244	epochs	3.0
764.631971421527	0.03217620000009447	epochs	3.0
764.6641476215271	0.0636459999999488	epochs	2.0
764.6641476215271	0.03193959999998697	epochs	3.0
764.6960872215271	0.03170639999996183	epochs	3.0
764.7277936215271	0.0627266999999847	epochs	2.0
764.7277936215271	0.03147660000001906	epochs	3.0
764.7592702215271	0.03125009999996564	epochs	3.0
764.7905203215271	0.06183359999999993	epochs	2.0
764.7905203215271	0.031026900000028945	epochs	3.0
764.8215472215271	0.030806699999970988	epochs	3.0
764.8523539215271	0.06096560000003137	epochs	2.0
764.8523539215271	0.030589800000029754	epochs	3.0
764.8829437215271	0.030375800000001618	epochs	3.0
764.9133195215271	0.06012160000000222	epochs	2.0
764.9133195215271	0.03016489999993155	epochs	3.0
764.943484421527	0.02995670000007067	epochs	3.0
764.9734411215271	0.05930069999999432	epochs	2.0
764.9734411215271	0.02975159999994048	epochs	3.0
765.0031927215271	0.02954910000005384	epochs	3.0
765.0327418215271	0.05850180000004457	epochs	2.0
765.0327418215271	0.02934940000000097	epochs	3.0
765.0620912215271	0.0291524000000436	epochs	3.0
765.0912436215272	0.05772419999993872	epochs	2.0
765.0912436215272	0.028957999999988715	epochs	3.0
765.1202016215271	0.028766199999950004	epochs	3.0
765.1489678215271	0.05696709999995164	epochs	2.0
765.1489678215271	0.028577000000041153	epochs	3.0
765.1775448215271	0.02839009999991049	epochs	3.0
765.205934921527	0.056229500000085864	epochs	2.0
765.205934921527	0.028205700000057732	epochs	3.0
765.2341406215271	0.028023800000028132	epochs	3.0
765.2621644215271	0.05551070000001346	epochs	2.0
765.2621644215271	0.027843999999959124	epochs	3.0
765.2900084215271	0.027666700000054334	epochs	3.0
765.3176751215271	0.05481019999990622	epochs	2.0
765.3176751215271	0.02749149999999645	epochs	3.0
765.3451666215271	0.027318699999909768	epochs	3.0
765.372485321527	0.05412699999999404	epochs	2.0
765.372485321527	0.02714780000007977	epochs	3.0
765.3996331215271	0.026979199999914272	epochs	3.0
765.426612321527	0.0534607000000733	epochs	2.0
765.426612321527	0.026812600000084785	epochs	3.0
765.4534249215271	0.026648099999988517	epochs	3.0
765.4800730215271	0.05281070000000909	epochs	2.0
765.4800730215271	0.026485600000000886	epochs	3.0
765.5065586215271	0.026325100000008206	epochs	3.0
765.5328837215271	0.05217619999996259	epochs	2.0
765.5328837215271	0.026166399999965506	epochs	3.0
765.5590501215271	0.026009799999997085	epochs	3.0
765.5850599215271	0.051556699999991906	epochs	2.0
765.5850599215271	0.025854800000047362	epochs	3.0
765.6109147215271	0.025701899999944544	epochs	3.0
765.6366166215271	0.05095189999997274	epochs	2.0
765.6366166215271	0.02555070000005344	epochs	3.0
765.6621673215271	0.0254011999999193	epochs	3.0
765.687568521527	0.05036100000006627	epochs	2.0
765.687568521527	0.0252535000000762	epochs	3.0
765.7128220215271	0.02510749999999007	epochs	3.0
765.7379295215271	0.049783800000000156	epochs	2.0
765.7379295215271	0.02496320000000196	epochs	3.0
765.7628927215271	0.024820599999998194	epochs	3.0
765.7877133215271	0.04921949999993558	epochs	2.0
765.7877133215271	0.024679399999968155	epochs	3.0
765.8123927215271	0.024540099999967424	epochs	3.0
765.8369328215271	0.04866790000005494	epochs	2.0
765.8369328215271	0.024402100000088467	epochs	3.0
765.8613349215271	0.024265799999966475	epochs	3.0
765.8856007215271	0.04812860000004093	epochs	2.0
765.8856007215271	0.024131000000011227	epochs	3.0
765.9097317215271	0.023997600000029706	epochs	3.0
765.9337293215272	0.04760109999995166	epochs	2.0
765.9337293215272	0.023865799999953197	epochs	3.0
765.9575951215271	0.02373529999999846	epochs	3.0
765.9813304215271	0.047085000000038235	epochs	2.0
765.9813304215271	0.023606299999983094	epochs	3.0
766.0049367215271	0.02347870000005514	epochs	3.0
766.0284154215271	0.046579999999948996	epochs	2.0
766.0284154215271	0.02335249999998723	epochs	3.0
766.0517679215271	0.023227499999961765	epochs	3.0
766.0749954215271	0.046085700000048746	epochs	2.0
766.0749954215271	0.023103999999989355	epochs	3.0
766.0980994215271	0.02298170000005939	epochs	3.0
766.1210811215271	0.045601799999985815	epochs	2.0
766.1210811215271	0.02286069999991014	epochs	3.0
766.143941821527	0.022741100000075676	epochs	3.0
766.1666829215271	0.04512790000001132	epochs	2.0
766.1666829215271	0.022622500000011314	epochs	3.0
766.1893054215271	0.02250540000000001	epochs	3.0
766.2118108215271	0.044663799999966614	epochs	2.0
766.2118108215271	0.02238929999998618	epochs	3.0
766.2342001215271	0.022274499999980435	epochs	3.0
766.2564746215271	0.04420919999995476	epochs	2.0
766.2564746215271	0.022160799999937808	epochs	3.0
766.278635421527	0.022048400000016954	epochs	3.0
766.3006838215271	0.043763600000033875	epochs	2.0
766.3006838215271	0.021936900000014248	epochs	3.0
766.3226207215271	0.021826700000019628	epochs	3.0
766.3444474215271	0.04332710000005591	epochs	2.0
766.3444474215271	0.021717599999988124	epochs	3.0
766.3661650215271	0.021609500000067783	epochs	3.0
766.3877745215271	0.042898999999920306	epochs	2.0
766.3877745215271	0.02150249999999687	epochs	3.0
766.4092770215271	0.021396499999923435	epochs	3.0
766.4306735215271	0.042479500000013104	epochs	2.0
766.4306735215271	0.02129170000000613	epochs	3.0
766.4519652215271	0.021187800000006973	epochs	3.0
766.4731530215271	0.042067900000006375	epochs	2.0
766.4731530215271	0.02108490000000529	epochs	3.0
766.4942379215271	0.020983000000001084	epochs	3.0
766.5152209215271	0.04166440000005878	epochs	2.0
766.5152209215271	0.020882199999959994	epochs	3.0
766.536103121527	0.020782200000098783	epochs	3.0
766.5568853215271	0.04126850000000104	epochs	2.0
766.5568853215271	0.020683299999973315	epochs	3.0
766.5775686215271	0.020585200000027726	epochs	3.0
766.5981538215271	0.040879999999901884	epochs	2.0
766.5981538215271	0.020488099999965925	epochs	3.0
766.6186419215271	0.02039189999993596	epochs	3.0
766.639033821527	0.04049880000002304	epochs	2.0
766.639033821527	0.020296600000051512	epochs	3.0
766.6593304215271	0.020202199999971526	epochs	3.0
766.6795326215271	0.04012460000001283	epochs	2.0
766.6795326215271	0.02010870000003706	epochs	3.0
766.6996413215271	0.020015899999975773	epochs	3.0
766.7196572215271	0.03975730000001931	epochs	2.0
766.7196572215271	0.019924199999991288	epochs	3.0
766.7395814215271	0.019833100000028026	epochs	3.0
766.7594145215271	0.03939669999999751	epochs	2.0
766.7594145215271	0.01974299999994855	epochs	3.0
766.779157521527	0.019653700000048957	epochs	3.0
766.7988112215271	0.03904239999997117	epochs	2.0
766.7988112215271	0.01956510000002254	epochs	3.0
766.8183763215271	0.019477299999948627	epochs	3.0
766.8378536215271	0.03869459999998526	epochs	2.0
766.8378536215271	0.019390400000020236	epochs	3.0
766.8572440215271	0.01930419999996502	epochs	3.0
766.8765482215271	0.03835290000006353	epochs	2.0
766.8765482215271	0.019218800000089686	epochs	3.0
766.8957670215271	0.01913409999997384	epochs	3.0
766.9149011215271	0.03801720000001296	epochs	2.0
766.9149011215271	0.01905019999992419	epochs	3.0
766.933951321527	0.018967000000088774	epochs	3.0
766.9529183215271	0.03768719999993664	epochs	2.0
766.9529183215271	0.01888450000001285	epochs	3.0
766.9718028215271	0.01880269999992379	epochs	3.0
766.9906055215271	0.03736309999999321	epochs	2.0
766.9906055215271	0.018721700000014607	epochs	3.0
767.0093272215271	0.018641399999978603	epochs	3.0
767.0279686215271	0.03704430000004777	epochs	2.0
767.0279686215271	0.01856159999999818	epochs	3.0
767.0465302215271	0.01848270000004959	epochs	3.0
767.0650129215271	0.0367310000000316	epochs	2.0
767.0650129215271	0.018404299999929208	epochs	3.0
767.083417221527	0.01832670000010239	epochs	3.0
767.1017439215271	0.03642289999993409	epochs	2.0
767.1017439215271	0.018249599999990096	epochs	3.0
767.1199935215271	0.018173299999943993	epochs	3.0
767.1381668215271	0.03612010000006194	epochs	2.0
767.1381668215271	0.0180976000000328	epochs	3.0
767.1562644215271	0.01802250000002914	epochs	3.0
767.1742869215271	0.03582209999990482	epochs	2.0
767.1742869215271	0.017947899999967376	epochs	3.0
767.1922348215271	0.017874199999937446	epochs	3.0
767.210109021527	0.0355290000001105	epochs	2.0
767.210109021527	0.017800800000031813	epochs	3.0
767.2279098215271	0.017728200000078687	epochs	3.0
767.2456380215272	0.035240699999917524	epochs	2.0
767.2456380215272	0.017656099999953767	epochs	3.0
767.2632941215271	0.017584599999963757	epochs	3.0
767.2808787215271	0.034957100000042374	epochs	2.0
767.2808787215271	0.01751369999999497	epochs	3.0
767.2983924215271	0.017443400000047404	epochs	3.0
767.3158358215271	0.03467790000001969	epochs	2.0
767.3158358215271	0.017373599999928047	epochs	3.0
767.333209421527	0.017304300000091644	epochs	3.0
767.3505137215271	0.03440330000000813	epochs	2.0
767.3505137215271	0.01723570000001473	epochs	3.0
767.3677494215272	0.0171675999999934	epochs	3.0
767.3849170215271	0.03413279999995211	epochs	2.0
767.3849170215271	0.01709989999994832	epochs	3.0
767.4020169215271	0.017032900000003792	epochs	3.0
767.4190498215271	0.033866699999975935	epochs	2.0
767.4190498215271	0.01696640000000116	epochs	3.0
767.4360162215271	0.016900299999974777	epochs	3.0
767.4529165215271	0.03360459999998966	epochs	2.0
767.4529165215271	0.016834800000083305	epochs	3.0
767.4697513215272	0.016769799999906354	epochs	3.0
767.4865211215271	0.03334660000007261	epochs	2.0
767.4865211215271	0.016705300000012357	epochs	3.0
767.5032264215271	0.016641300000060255	epochs	3.0
767.5198677215271	0.03309249999995245	epochs	2.0
767.5198677215271	0.01657779999993636	epochs	3.0
767.5364455215271	0.01651470000001609	epochs	3.0
767.5529602215271	0.03284229999997024	epochs	2.0
767.5529602215271	0.01645220000000336	epochs	3.0
767.5694124215271	0.01639009999996688	epochs	3.0
767.5858025215271	0.03259570000000167	epochs	2.0
767.5858025215271	0.016328400000020338	epochs	3.0
767.6021309215271	0.016267299999981333	epochs	3.0
767.6183982215271	0.03235290000009172	epochs	2.0
767.6183982215271	0.016206600000032267	epochs	3.0
767.6346048215271	0.016146300000059455	epochs	3.0
767.6507511215272	0.03211369999996805	epochs	2.0
767.6507511215272	0.016086599999994178	epochs	3.0
767.6668377215271	0.01602709999997387	epochs	3.0
767.6828648215271	0.03187800000000607	epochs	2.0
767.6828648215271	0.015968199999974786	epochs	3.0
767.6988330215271	0.015909800000031282	epochs	3.0
767.7147428215271	0.031645700000012766	epochs	2.0
767.7147428215271	0.01585160000001906	epochs	3.0
767.7305944215271	0.015794099999993705	epochs	3.0
767.7463885215271	0.031416699999908815	epochs	2.0
767.7463885215271	0.01573669999993399	epochs	3.0
767.7621252215271	0.015679999999974825	epochs	3.0
767.777805221527	0.031191100000000915	epochs	2.0
767.777805221527	0.015623600000026272	epochs	3.0
767.7934288215271	0.015567499999974643	epochs	3.0
767.808996321527	0.030968700000016725	epochs	2.0
767.808996321527	0.015512000000057924	epochs	3.0
767.8245083215271	0.0154566999999588	epochs	3.0
767.8399650215271	0.03074950000006993	epochs	2.0
767.8399650215271	0.015401999999994587	epochs	3.0
767.8553670215271	0.015347500000075343	epochs	3.0
767.8707145215271	0.030533199999922545	epochs	2.0
767.8707145215271	0.015293400000018664	epochs	3.0
767.8860079215272	0.01523979999990388	epochs	3.0
767.901247721527	0.03032010000003993	epochs	2.0
767.901247721527	0.015186500000027081	epochs	3.0
767.9164342215271	0.015133600000012848	epochs	3.0
767.9315678215271	0.030109899999956724	epochs	2.0
767.9315678215271	0.015081000000009226	epochs	3.0
767.9466488215271	0.015028899999947498	epochs	3.0
767.961677721527	0.02990250000004835	epochs	2.0
767.961677721527	0.014977000000044427	epochs	3.0
767.9766547215271	0.014925500000003922	epochs	3.0
767.9915802215271	0.029698100000018712	epochs	2.0
767.9915802215271	0.014874400000053356	epochs	3.0
768.0064546215272	0.014823699999965356	epochs	3.0
768.0212783215271	0.02949630000000525	epochs	2.0
768.0212783215271	0.014773199999922326	epochs	3.0
768.036051521527	0.014723100000082923	epochs	3.0
768.0507746215271	0.02929740000001857	epochs	2.0
768.0507746215271	0.014673399999992398	epochs	3.0
768.0654480215271	0.014624000000026172	epochs	3.0
768.0800720215271	0.029101099999934377	epochs	2.0
768.0800720215271	0.01457489999995687	epochs	3.0
768.0946469215271	0.014526199999977507	epochs	3.0
768.1091731215271	0.028907399999980044	epochs	2.0
768.1091731215271	0.014477700000043114	epochs	3.0
768.1236508215271	0.014429699999936929	epochs	3.0
768.1380805215271	0.028716200000076242	epochs	2.0
768.1380805215271	0.014381800000023759	epochs	3.0
768.1524623215271	0.014334400000052483	epochs	3.0
768.1667967215271	0.02852759999996124	epochs	2.0
768.1667967215271	0.01428720000001249	epochs	3.0
768.1810839215271	0.01424039999994875	epochs	3.0
768.1953243215271	0.028341400000044814	epochs	2.0
768.1953243215271	0.014193800000043666	epochs	3.0
768.2095181215271	0.014147600000001148	epochs	3.0
768.2236657215271	0.028157699999951546	epochs	2.0
768.2236657215271	0.014101699999969242	epochs	3.0
768.2377674215271	0.014055999999982305	epochs	3.0
768.2518234215271	0.027976299999977527	epochs	2.0
768.2518234215271	0.01401060000000598	epochs	3.0
768.2658340215271	0.013965699999971548	epochs	3.0
768.2797997215271	0.02779720000000907	epochs	2.0
768.2797997215271	0.013920800000050804	epochs	3.0
768.2937205215271	0.013876399999958267	epochs	3.0
768.3075969215271	0.027620400000046175	epochs	2.0
768.3075969215271	0.013832200000024386	epochs	3.0
768.3214291215271	0.013788200000021789	epochs	3.0
768.3352173215271	0.027445899999975154	epochs	2.0
768.3352173215271	0.013744599999995444	epochs	3.0
768.3489619215271	0.01370129999997971	epochs	3.0
768.3626632215271	0.027273499999978412	epochs	2.0
768.3626632215271	0.013658200000008947	epochs	3.0
768.3763214215271	0.013615299999969466	epochs	3.0
768.3899367215271	0.027103399999987232	epochs	2.0
768.3899367215271	0.013572800000019924	epochs	3.0
768.4035095215271	0.013530599999967308	epochs	3.0
768.4170401215271	0.02693520000002536	epochs	2.0
768.4170401215271	0.013488400000028378	epochs	3.0
768.4305285215271	0.013446799999996983	epochs	3.0
768.4439753215271	0.026769199999989723	epochs	2.0
768.4439753215271	0.013405199999965589	epochs	3.0
768.457380521527	0.013364000000024134	epochs	3.0
768.4707445215271	0.026605200000062723	epochs	2.0
768.4707445215271	0.013322900000048321	epochs	3.0
768.4840674215271	0.013282300000014402	epochs	3.0
768.4973497215271	0.0264431999999033	epochs	2.0
768.4973497215271	0.013241699999980483	epochs	3.0
768.5105914215271	0.013201499999922817	epochs	3.0
768.523792921527	0.026283200000079887	epochs	2.0
768.523792921527	0.013161500000023807	epochs	3.0
768.5369544215271	0.01312170000005608	epochs	3.0
768.5500761215271	0.02612499999997908	epochs	2.0
768.5500761215271	0.013082100000019636	epochs	3.0
768.5631582215271	0.013042899999959445	epochs	3.0
768.5762011215271	0.025968899999952555	epochs	2.0
768.5762011215271	0.013003899999944224	epochs	3.0
768.589205021527	0.012965000000008331	epochs	3.0
768.6021700215271	0.025814500000024054	epochs	2.0
768.6021700215271	0.01292640000008305	epochs	3.0
768.6150964215271	0.012888099999941005	epochs	3.0
768.6279845215271	0.025661900000045534	epochs	2.0
768.6279845215271	0.012849899999991976	epochs	3.0
768.6408344215271	0.012812000000053558	epochs	3.0
768.6536464215271	0.025511199999982637	epochs	2.0
768.6536464215271	0.012774400000012065	epochs	3.0
768.6664208215271	0.012736799999970572	epochs	3.0
768.6791576215271	0.025362299999983406	epochs	2.0
768.6791576215271	0.01269969999998466	epochs	3.0
768.6918573215271	0.012662599999998747	epochs	3.0
768.7045199215271	0.025215000000002874	epochs	2.0
768.7045199215271	0.012625800000023446	epochs	3.0
768.7171457215271	0.012589199999979428	epochs	3.0
768.7297349215271	0.024584799999956886	epochs	2.0
768.7533193215271	0.5	epochs	-1.0
768.754319721527	0.5471200000000636	epochs	1.0
769.3014397215271	0.45280000000002474	epochs	0.0
770.3069996833801	0.11231999999995423	epochs	0.0
770.3069996833801	0.05116180000004533	epochs	1.0
770.3581614833802	0.009996399999977257	epochs	1.0
770.3681578833801	0.051161799999931645	epochs	1.0
770.4193196833801	2.0	epochs	0.0
772.4193196833801	21.507360000000062	epochs	0.0
772.4193196833801	1.0	epochs	1.0
772.4193592833801	0.5	epochs	-1.0
772.9193592833801	19.99896000000001	epochs	-1.0
773.4193196833801	20.0	epochs	1.0
773.4193196833801	4.356753900000058	epochs	-1.0
773.4193196833801	1.9745872000000873	epochs	2.0
773.4193196833801	1.0985622000000603	epochs	3.0
774.5178818833801	0.8760250000000269	epochs	3.0
775.3939068833802	1.352407499999913	epochs	2.0
775.3939068833802	0.7286354999999958	epochs	3.0
776.1225423833802	0.6237719999999172	epochs	3.0
776.7463143833801	1.0297592000000577	epochs	2.0
776.7463143833801	0.5453293000000485	epochs	3.0
777.2916436833801	0.4844299000000092	epochs	3.0
777.7760735833801	0.8317862000000105	epochs	2.0
777.7760735833801	0.4357763000000432	epochs	3.0
778.2118498833802	0.3960098999999673	epochs	3.0
778.6078597833801	0.6977969999999232	epochs	2.0
778.6078597833801	0.3628982000000178	epochs	3.0
778.9707579833802	0.33489879999990535	epochs	3.0
779.3056567833801	0.6010457000000997	epochs	2.0
779.3056567833801	0.3109123000000409	epochs	3.0
779.6165690833801	0.2901334000000588	epochs	3.0
779.9067024833802	0.5278859000000011	epochs	2.0
779.9067024833802	0.2719585999999481	epochs	3.0
780.1786610833801	0.25592730000005304	epochs	3.0
780.4345883833802	0.470619299999953	epochs	2.0
780.4345883833802	0.241681299999982	epochs	3.0
780.6762696833802	0.228937999999971	epochs	3.0
780.9052076833801	0.42457039999999324	epochs	2.0
780.9052076833801	0.21747140000002219	epochs	3.0
781.1226790833801	0.20709899999997106	epochs	3.0
781.3297780833801	0.3867354000000205	epochs	2.0
781.3297780833801	0.19767109999997956	epochs	3.0
781.5274491833801	0.18906430000004093	epochs	3.0
781.7165134833801	0.3550953000000163	epochs	2.0
781.7165134833801	0.18117589999997108	epochs	3.0
781.8976893833801	0.17391940000004524	epochs	3.0
782.0716087833802	0.3282431000000088	epochs	2.0
782.0716087833802	0.16722189999995862	epochs	3.0
782.2388306833801	0.16102120000005016	epochs	3.0
782.3998518833802	0.30516799999998057	epochs	2.0
782.3998518833802	0.15526389999990897	epochs	3.0
782.5551157833801	0.1499041000000716	epochs	3.0
782.7050198833801	0.28512530000000424	epochs	2.0
782.7050198833801	0.1449020999999675	epochs	3.0
782.8499219833801	0.14022320000003674	epochs	3.0
782.9901451833802	0.2675537999999733	epochs	2.0
782.9901451833802	0.1358368999999584	epochs	3.0
783.1259820833801	0.1317169000000149	epochs	3.0
783.2576989833801	0.2520229000000427	epochs	2.0
783.2576989833801	0.1278393000000051	epochs	3.0
783.3855382833801	0.12418360000003759	epochs	3.0
783.5097218833802	0.23819649999995818	epochs	2.0
783.5097218833802	0.12073109999994358	epochs	3.0
783.6304529833801	0.1174654000000146	epochs	3.0
783.7479183833801	0.2258087999999816	epochs	2.0
783.7479183833801	0.11437190000003739	epochs	3.0
783.8622902833802	0.11143689999994422	epochs	3.0
783.9737271833801	0.2146460000000161	epochs	2.0
783.9737271833801	0.10864890000004834	epochs	3.0
784.0823760833802	0.10599709999996776	epochs	3.0
784.1883731833801	0.20453499999996438	epochs	2.0
784.1883731833801	0.10347149999995509	epochs	3.0
784.2918446833801	0.1010635000000093	epochs	3.0
784.3929081833801	0.19533400000000256	epochs	2.0
784.3929081833801	0.09876510000003691	epochs	3.0
784.4916732833801	0.09656889999996565	epochs	3.0
784.5882421833801	0.18692529999998442	epochs	2.0
784.5882421833801	0.09446830000001682	epochs	3.0
784.6827104833801	0.09245699999996759	epochs	3.0
784.7751674833801	0.17921069999999872	epochs	2.0
784.7751674833801	0.0905296000000817	epochs	3.0
784.8656970833802	0.08868109999991702	epochs	3.0
784.9543781833801	0.17210770000008324	epochs	2.0
784.9543781833801	0.08690630000000965	epochs	3.0
785.0412844833801	0.08520140000007359	epochs	3.0
785.1264858833802	0.1655463999999256	epochs	2.0
785.1264858833802	0.08356189999994967	epochs	3.0
785.2100477833801	0.08198449999997592	epochs	3.0
785.2920322833801	0.15946710000002895	epochs	2.0
785.2920322833801	0.08046540000009372	epochs	3.0
785.3724976833802	0.07900169999993523	epochs	3.0
785.4514993833801	0.15381839999997737	epochs	2.0
785.4514993833801	0.07759010000006583	epochs	3.0
785.5290894833802	0.07622829999991154	epochs	3.0
785.6053177833801	0.14855640000007497	epochs	2.0
785.6053177833801	0.07491330000004837	epochs	3.0
785.6802310833801	0.0736431000000266	epochs	3.0
785.7538741833802	0.14364239999997608	epochs	2.0
785.7538741833802	0.07241499999997814	epochs	3.0
785.8262891833801	0.07122739999999794	epochs	3.0
785.8975165833801	0.13904309999998077	epochs	2.0
785.8975165833801	0.07007799999996678	epochs	3.0
785.9675945833801	0.06896510000001399	epochs	3.0
786.0365596833801	0.1347293000000036	epochs	2.0
786.0365596833801	0.0678871000000072	epochs	3.0
786.1044467833801	0.06684219999999641	epochs	3.0
786.1712889833801	0.1306752000000415	epochs	2.0
786.1712889833801	0.06582909999997355	epochs	3.0
786.2371180833801	0.06484610000006796	epochs	3.0
786.3019641833802	0.1268577999999252	epochs	2.0
786.3019641833802	0.06389200000000983	epochs	3.0
786.3658561833802	0.06296579999991536	epochs	3.0
786.4288219833801	0.12325720000001184	epochs	2.0
786.4288219833801	0.06206580000002759	epochs	3.0
786.4908877833801	0.06119139999998424	epochs	3.0
786.5520791833801	0.11985540000000583	epochs	2.0
786.5520791833801	0.06034110000007331	epochs	3.0
786.6124202833802	0.05951429999993252	epochs	3.0
786.6719345833801	0.11663620000001629	epochs	2.0
786.6719345833801	0.05870960000004288	epochs	3.0
786.7306441833802	0.057926599999973405	epochs	3.0
786.7885707833801	0.11358559999996487	epochs	2.0
786.7885707833801	0.05716419999998834	epochs	3.0
786.8457349833801	0.05642139999997653	epochs	3.0
786.9021563833801	0.11069050000003244	epochs	2.0
786.9021563833801	0.055697900000041045	epochs	3.0
786.9578542833801	0.0549925999999914	epochs	3.0
787.0128468833801	0.10793909999995321	epochs	2.0
787.0128468833801	0.05430490000003374	epochs	3.0
787.0671517833802	0.053634199999919474	epochs	3.0
787.1207859833801	0.10532150000005913	epochs	2.0
787.1207859833801	0.05298000000004777	epochs	3.0
787.1737659833801	0.052341500000011365	epochs	3.0
787.2261074833801	0.10282759999995505	epochs	2.0
787.2261074833801	0.05171810000001642	epochs	3.0
787.2778255833801	0.051109499999938635	epochs	3.0
787.3289350833801	0.10044909999999163	epochs	2.0
787.3289350833801	0.050514900000052876	epochs	3.0
787.3794499833801	0.049934199999938755	epochs	3.0
787.4293841833801	0.09817830000008598	epochs	2.0
787.4293841833801	0.049366600000098515	epochs	3.0
787.4787507833802	0.04881169999998747	epochs	3.0
787.5275624833802	0.09600779999993847	epochs	2.0
787.5275624833802	0.04826919999993606	epochs	3.0
787.5758316833801	0.04773860000000241	epochs	3.0
787.6235702833801	0.09393120000004274	epochs	2.0
787.6235702833801	0.04721949999998287	epochs	3.0
787.6707897833801	0.046711700000059864	epochs	3.0
787.7175014833801	0.09194260000003851	epochs	2.0
787.7175014833801	0.046214599999984785	epochs	3.0
787.7637160833801	0.045728000000053726	epochs	3.0
787.8094440833802	0.09003629999995155	epochs	2.0
787.8094440833802	0.045251499999949374	epochs	3.0
787.8546955833801	0.04478480000000218	epochs	3.0
787.8994803833801	0.08820760000003247	epochs	2.0
787.8994803833801	0.044327800000019124	epochs	3.0
787.9438081833802	0.04387980000001335	epochs	3.0
787.9876879833802	0.0864516999999978	epochs	2.0
787.9876879833802	0.04344099999991613	epochs	3.0
788.0311289833801	0.04301070000008167	epochs	3.0
788.0741396833802	0.08476429999996071	epochs	2.0
788.0741396833802	0.04258899999990717	epochs	3.0
788.1167286833801	0.04217530000005354	epochs	3.0
788.1589039833801	0.08314150000001064	epochs	2.0
788.1589039833801	0.04176970000003166	epochs	3.0
788.2006736833802	0.041371799999978975	epochs	3.0
788.2420454833801	0.08157970000002024	epochs	2.0
788.2420454833801	0.040981399999964196	epochs	3.0
788.2830268833801	0.04059830000005604	epochs	3.0
788.3236251833802	0.08007550000002084	epochs	2.0
788.3236251833802	0.04022229999998217	epochs	3.0
788.3638474833801	0.03985320000003867	epochs	3.0
788.4037006833802	0.07862569999997504	epochs	2.0
788.4037006833802	0.0394907999999532	epochs	3.0
788.4431914833801	0.039134900000021844	epochs	3.0
788.4823263833802	0.07722760000001472	epochs	2.0
788.4823263833802	0.03878539999993791	epochs	3.0
788.5211117833801	0.03844220000007681	epochs	3.0
788.5595539833802	0.07587819999992007	epochs	2.0
788.5595539833802	0.03810479999992822	epochs	3.0
788.5976587833801	0.03777339999999185	epochs	3.0
788.6354321833801	0.0745752000000266	epochs	2.0
788.6354321833801	0.03744770000002973	epochs	3.0
788.6728798833801	0.03712749999999687	epochs	3.0
788.7100073833801	0.07331629999998768	epochs	2.0
788.7100073833801	0.036812899999972615	epochs	3.0
788.7468202833801	0.03650340000001506	epochs	3.0
788.7833236833801	0.07209899999998015	epochs	2.0
788.7833236833801	0.03619909999997617	epochs	3.0
788.8195227833801	0.03589990000000398	epochs	3.0
788.8554226833801	0.07092170000009901	epochs	2.0
788.8554226833801	0.03560560000005353	epochs	3.0
788.8910282833801	0.03531610000004548	epochs	3.0
788.9263443833802	0.0697819999999183	epochs	2.0
788.9263443833802	0.03503119999993487	epochs	3.0
788.9613755833801	0.03475079999998343	epochs	3.0
788.9961263833801	0.06867859999999837	epochs	2.0
788.9961263833801	0.03447510000000875	epochs	3.0
789.0306014833801	0.03420349999998962	epochs	3.0
789.0648049833801	0.06760930000007193	epochs	2.0
789.0648049833801	0.033936199999970995	epochs	3.0
789.0987411833801	0.03367310000010093	epochs	3.0
789.1324142833802	0.06657289999998284	epochs	2.0
789.1324142833802	0.03341399999999339	epochs	3.0
789.1658282833802	0.033158899999989444	epochs	3.0
789.1989871833802	0.06556779999993978	epochs	2.0
789.1989871833802	0.032907700000009754	epochs	3.0
789.2318948833802	0.032660099999930026	epochs	3.0
789.2645549833801	0.06459260000008271	epochs	2.0
789.2645549833801	0.032416399999988244	epochs	3.0
789.2969713833801	0.03217620000009447	epochs	3.0
789.3291475833802	0.0636459999999488	epochs	2.0
789.3291475833802	0.03193959999998697	epochs	3.0
789.3610871833802	0.03170639999996183	epochs	3.0
789.3927935833801	0.0627266999999847	epochs	2.0
789.3927935833801	0.03147660000001906	epochs	3.0
789.4242701833801	0.03125009999996564	epochs	3.0
789.4555202833801	0.06183359999999993	epochs	2.0
789.4555202833801	0.031026900000028945	epochs	3.0
789.4865471833801	0.030806699999970988	epochs	3.0
789.5173538833801	0.06096560000003137	epochs	2.0
789.5173538833801	0.030589800000029754	epochs	3.0
789.5479436833801	0.030375800000001618	epochs	3.0
789.5783194833801	0.06012160000000222	epochs	2.0
789.5783194833801	0.03016489999993155	epochs	3.0
789.6084843833801	0.02995670000007067	epochs	3.0
789.6384410833801	0.05930069999999432	epochs	2.0
789.6384410833801	0.02975159999994048	epochs	3.0
789.6681926833801	0.02954910000005384	epochs	3.0
789.6977417833801	0.05850180000004457	epochs	2.0
789.6977417833801	0.02934940000000097	epochs	3.0
789.7270911833801	0.0291524000000436	epochs	3.0
789.7562435833802	0.05772419999993872	epochs	2.0
789.7562435833802	0.028957999999988715	epochs	3.0
789.7852015833802	0.028766199999950004	epochs	3.0
789.8139677833801	0.05696709999995164	epochs	2.0
789.8139677833801	0.028577000000041153	epochs	3.0
789.8425447833802	0.02839009999991049	epochs	3.0
789.8709348833801	0.056229500000085864	epochs	2.0
789.8709348833801	0.028205700000057732	epochs	3.0
789.8991405833801	0.028023800000028132	epochs	3.0
789.9271643833802	0.05551070000001346	epochs	2.0
789.9271643833802	0.027843999999959124	epochs	3.0
789.9550083833801	0.027666700000054334	epochs	3.0
789.9826750833802	0.05481019999990622	epochs	2.0
789.9826750833802	0.02749149999999645	epochs	3.0
790.0101665833802	0.027318699999909768	epochs	3.0
790.0374852833801	0.05412699999999404	epochs	2.0
790.0374852833801	0.02714780000007977	epochs	3.0
790.0646330833802	0.026979199999914272	epochs	3.0
790.0916122833801	0.0534607000000733	epochs	2.0
790.0916122833801	0.026812600000084785	epochs	3.0
790.1184248833802	0.026648099999988517	epochs	3.0
790.1450729833801	0.05281070000000909	epochs	2.0
790.1450729833801	0.026485600000000886	epochs	3.0
790.1715585833801	0.026325100000008206	epochs	3.0
790.1978836833802	0.05217619999996259	epochs	2.0
790.1978836833802	0.026166399999965506	epochs	3.0
790.2240500833801	0.026009799999997085	epochs	3.0
790.2500598833801	0.051556699999991906	epochs	2.0
790.2500598833801	0.025854800000047362	epochs	3.0
790.2759146833802	0.025701899999944544	epochs	3.0
790.3016165833801	0.05095189999997274	epochs	2.0
790.3016165833801	0.02555070000005344	epochs	3.0
790.3271672833802	0.0254011999999193	epochs	3.0
790.3525684833801	0.05036100000006627	epochs	2.0
790.3525684833801	0.0252535000000762	epochs	3.0
790.3778219833802	0.02510749999999007	epochs	3.0
790.4029294833801	0.049783800000000156	epochs	2.0
790.4029294833801	0.02496320000000196	epochs	3.0
790.4278926833802	0.024820599999998194	epochs	3.0
790.4527132833801	0.04921949999993558	epochs	2.0
790.4527132833801	0.024679399999968155	epochs	3.0
790.4773926833801	0.024540099999967424	epochs	3.0
790.5019327833801	0.04866790000005494	epochs	2.0
790.5019327833801	0.024402100000088467	epochs	3.0
790.5263348833802	0.024265799999966475	epochs	3.0
790.5506006833801	0.04812860000004093	epochs	2.0
790.5506006833801	0.024131000000011227	epochs	3.0
790.5747316833802	0.023997600000029706	epochs	3.0
790.5987292833802	0.04760109999995166	epochs	2.0
790.5987292833802	0.023865799999953197	epochs	3.0
790.6225950833801	0.02373529999999846	epochs	3.0
790.6463303833801	0.047085000000038235	epochs	2.0
790.6463303833801	0.023606299999983094	epochs	3.0
790.6699366833801	0.02347870000005514	epochs	3.0
790.6934153833802	0.046579999999948996	epochs	2.0
790.6934153833802	0.02335249999998723	epochs	3.0
790.7167678833802	0.023227499999961765	epochs	3.0
790.7399953833801	0.046085700000048746	epochs	2.0
790.7399953833801	0.023103999999989355	epochs	3.0
790.7630993833801	0.02298170000005939	epochs	3.0
790.7860810833802	0.045601799999985815	epochs	2.0
790.7860810833802	0.02286069999991014	epochs	3.0
790.8089417833801	0.022741100000075676	epochs	3.0
790.8316828833802	0.04512790000001132	epochs	2.0
790.8316828833802	0.022622500000011314	epochs	3.0
790.8543053833802	0.02250540000000001	epochs	3.0
790.8768107833802	0.044663799999966614	epochs	2.0
790.8768107833802	0.02238929999998618	epochs	3.0
790.8992000833802	0.022274499999980435	epochs	3.0
790.9214745833801	0.04420919999995476	epochs	2.0
790.9214745833801	0.022160799999937808	epochs	3.0
790.9436353833801	0.022048400000016954	epochs	3.0
790.9656837833801	0.043763600000033875	epochs	2.0
790.9656837833801	0.021936900000014248	epochs	3.0
790.9876206833801	0.021826700000019628	epochs	3.0
791.0094473833801	0.04332710000005591	epochs	2.0
791.0094473833801	0.021717599999988124	epochs	3.0
791.0311649833801	0.021609500000067783	epochs	3.0
791.0527744833802	0.042898999999920306	epochs	2.0
791.0527744833802	0.02150249999999687	epochs	3.0
791.0742769833802	0.021396499999923435	epochs	3.0
791.0956734833801	0.042479500000013104	epochs	2.0
791.0956734833801	0.02129170000000613	epochs	3.0
791.1169651833801	0.021187800000006973	epochs	3.0
791.1381529833801	0.042067900000006375	epochs	2.0
791.1381529833801	0.02108490000000529	epochs	3.0
791.1592378833801	0.020983000000001084	epochs	3.0
791.1802208833801	0.04166440000005878	epochs	2.0
791.1802208833801	0.020882199999959994	epochs	3.0
791.2011030833801	0.020782200000098783	epochs	3.0
791.2218852833802	0.04126850000000104	epochs	2.0
791.2218852833802	0.020683299999973315	epochs	3.0
791.2425685833801	0.020585200000027726	epochs	3.0
791.2631537833802	0.040879999999901884	epochs	2.0
791.2631537833802	0.020488099999965925	epochs	3.0
791.2836418833801	0.02039189999993596	epochs	3.0
791.3040337833801	0.04049880000002304	epochs	2.0
791.3040337833801	0.020296600000051512	epochs	3.0
791.3243303833801	0.020202199999971526	epochs	3.0
791.3445325833801	0.04012460000001283	epochs	2.0
791.3445325833801	0.02010870000003706	epochs	3.0
791.3646412833801	0.020015899999975773	epochs	3.0
791.3846571833801	0.03975730000001931	epochs	2.0
791.3846571833801	0.019924199999991288	epochs	3.0
791.4045813833801	0.019833100000028026	epochs	3.0
791.4244144833801	0.03939669999999751	epochs	2.0
791.4244144833801	0.01974299999994855	epochs	3.0
791.4441574833801	0.019653700000048957	epochs	3.0
791.4638111833801	0.03904239999997117	epochs	2.0
791.4638111833801	0.01956510000002254	epochs	3.0
791.4833762833802	0.019477299999948627	epochs	3.0
791.5028535833801	0.03869459999998526	epochs	2.0
791.5028535833801	0.019390400000020236	epochs	3.0
791.5222439833801	0.01930419999996502	epochs	3.0
791.5415481833801	0.03835290000006353	epochs	2.0
791.5415481833801	0.019218800000089686	epochs	3.0
791.5607669833802	0.01913409999997384	epochs	3.0
791.5799010833802	0.03801720000001296	epochs	2.0
791.5799010833802	0.01905019999992419	epochs	3.0
791.5989512833801	0.018967000000088774	epochs	3.0
791.6179182833802	0.03768719999993664	epochs	2.0
791.6179182833802	0.01888450000001285	epochs	3.0
791.6368027833802	0.01880269999992379	epochs	3.0
791.6556054833801	0.03736309999999321	epochs	2.0
791.6556054833801	0.018721700000014607	epochs	3.0
791.6743271833801	0.018641399999978603	epochs	3.0
791.6929685833801	0.03704430000004777	epochs	2.0
791.6929685833801	0.01856159999999818	epochs	3.0
791.7115301833801	0.01848270000004959	epochs	3.0
791.7300128833801	0.0367310000000316	epochs	2.0
791.7300128833801	0.018404299999929208	epochs	3.0
791.7484171833801	0.01832670000010239	epochs	3.0
791.7667438833802	0.03642289999993409	epochs	2.0
791.7667438833802	0.018249599999990096	epochs	3.0
791.7849934833802	0.018173299999943993	epochs	3.0
791.8031667833801	0.03612010000006194	epochs	2.0
791.8031667833801	0.0180976000000328	epochs	3.0
791.8212643833801	0.01802250000002914	epochs	3.0
791.8392868833802	0.03582209999990482	epochs	2.0
791.8392868833802	0.017947899999967376	epochs	3.0
791.8572347833801	0.017874199999937446	epochs	3.0
791.8751089833801	0.0355290000001105	epochs	2.0
791.8751089833801	0.017800800000031813	epochs	3.0
791.8929097833801	0.017728200000078687	epochs	3.0
791.9106379833802	0.035240699999917524	epochs	2.0
791.9106379833802	0.017656099999953767	epochs	3.0
791.9282940833801	0.017584599999963757	epochs	3.0
791.9458786833801	0.034957100000042374	epochs	2.0
791.9458786833801	0.01751369999999497	epochs	3.0
791.9633923833801	0.017443400000047404	epochs	3.0
791.9808357833801	0.03467790000001969	epochs	2.0
791.9808357833801	0.017373599999928047	epochs	3.0
791.9982093833801	0.017304300000091644	epochs	3.0
792.0155136833802	0.03440330000000813	epochs	2.0
792.0155136833802	0.01723570000001473	epochs	3.0
792.0327493833802	0.0171675999999934	epochs	3.0
792.0499169833802	0.03413279999995211	epochs	2.0
792.0499169833802	0.01709989999994832	epochs	3.0
792.0670168833801	0.017032900000003792	epochs	3.0
792.0840497833801	0.033866699999975935	epochs	2.0
792.0840497833801	0.01696640000000116	epochs	3.0
792.1010161833801	0.016900299999974777	epochs	3.0
792.1179164833801	0.03360459999998966	epochs	2.0
792.1179164833801	0.016834800000083305	epochs	3.0
792.1347512833802	0.016769799999906354	epochs	3.0
792.1515210833801	0.03334660000007261	epochs	2.0
792.1515210833801	0.016705300000012357	epochs	3.0
792.1682263833801	0.016641300000060255	epochs	3.0
792.1848676833802	0.03309249999995245	epochs	2.0
792.1848676833802	0.01657779999993636	epochs	3.0
792.2014454833801	0.01651470000001609	epochs	3.0
792.2179601833801	0.03284229999997024	epochs	2.0
792.2179601833801	0.01645220000000336	epochs	3.0
792.2344123833801	0.01639009999996688	epochs	3.0
792.2508024833801	0.03259570000000167	epochs	2.0
792.2508024833801	0.016328400000020338	epochs	3.0
792.2671308833801	0.016267299999981333	epochs	3.0
792.2833981833801	0.03235290000009172	epochs	2.0
792.2833981833801	0.016206600000032267	epochs	3.0
792.2996047833801	0.016146300000059455	epochs	3.0
792.3157510833802	0.03211369999996805	epochs	2.0
792.3157510833802	0.016086599999994178	epochs	3.0
792.3318376833802	0.01602709999997387	epochs	3.0
792.3478647833801	0.03187800000000607	epochs	2.0
792.3478647833801	0.015968199999974786	epochs	3.0
792.3638329833801	0.015909800000031282	epochs	3.0
792.3797427833802	0.031645700000012766	epochs	2.0
792.3797427833802	0.01585160000001906	epochs	3.0
792.3955943833802	0.015794099999993705	epochs	3.0
792.4113884833802	0.031416699999908815	epochs	2.0
792.4113884833802	0.01573669999993399	epochs	3.0
792.4271251833801	0.015679999999974825	epochs	3.0
792.4428051833801	0.031191100000000915	epochs	2.0
792.4428051833801	0.015623600000026272	epochs	3.0
792.4584287833801	0.015567499999974643	epochs	3.0
792.4739962833801	0.030968700000016725	epochs	2.0
792.4739962833801	0.015512000000057924	epochs	3.0
792.4895082833801	0.0154566999999588	epochs	3.0
792.5049649833801	0.03074950000006993	epochs	2.0
792.5049649833801	0.015401999999994587	epochs	3.0
792.5203669833801	0.015347500000075343	epochs	3.0
792.5357144833802	0.030533199999922545	epochs	2.0
792.5357144833802	0.015293400000018664	epochs	3.0
792.5510078833802	0.01523979999990388	epochs	3.0
792.5662476833801	0.03032010000003993	epochs	2.0
792.5662476833801	0.015186500000027081	epochs	3.0
792.5814341833801	0.015133600000012848	epochs	3.0
792.5965677833801	0.030109899999956724	epochs	2.0
792.5965677833801	0.015081000000009226	epochs	3.0
792.6116487833801	0.015028899999947498	epochs	3.0
792.6266776833801	0.02990250000004835	epochs	2.0
792.6266776833801	0.014977000000044427	epochs	3.0
792.6416546833801	0.014925500000003922	epochs	3.0
792.6565801833801	0.029698100000018712	epochs	2.0
792.6565801833801	0.014874400000053356	epochs	3.0
792.6714545833802	0.014823699999965356	epochs	3.0
792.6862782833801	0.02949630000000525	epochs	2.0
792.6862782833801	0.014773199999922326	epochs	3.0
792.7010514833801	0.014723100000082923	epochs	3.0
792.7157745833802	0.02929740000001857	epochs	2.0
792.7157745833802	0.014673399999992398	epochs	3.0
792.7304479833801	0.014624000000026172	epochs	3.0
792.7450719833802	0.029101099999934377	epochs	2.0
792.7450719833802	0.01457489999995687	epochs	3.0
792.7596468833801	0.014526199999977507	epochs	3.0
792.7741730833801	0.028907399999980044	epochs	2.0
792.7741730833801	0.014477700000043114	epochs	3.0
792.7886507833801	0.014429699999936929	epochs	3.0
792.8030804833801	0.028716200000076242	epochs	2.0
792.8030804833801	0.014381800000023759	epochs	3.0
792.8174622833801	0.014334400000052483	epochs	3.0
792.8317966833802	0.02852759999996124	epochs	2.0
792.8317966833802	0.01428720000001249	epochs	3.0
792.8460838833802	0.01424039999994875	epochs	3.0
792.8603242833801	0.028341400000044814	epochs	2.0
792.8603242833801	0.014193800000043666	epochs	3.0
792.8745180833802	0.014147600000001148	epochs	3.0
792.8886656833802	0.028157699999951546	epochs	2.0
792.8886656833802	0.014101699999969242	epochs	3.0
792.9027673833801	0.014055999999982305	epochs	3.0
792.9168233833801	0.027976299999977527	epochs	2.0
792.9168233833801	0.01401060000000598	epochs	3.0
792.9308339833801	0.013965699999971548	epochs	3.0
792.9447996833801	0.02779720000000907	epochs	2.0
792.9447996833801	0.013920800000050804	epochs	3.0
792.9587204833801	0.013876399999958267	epochs	3.0
792.9725968833801	0.027620400000046175	epochs	2.0
792.9725968833801	0.013832200000024386	epochs	3.0
792.9864290833801	0.013788200000021789	epochs	3.0
793.0002172833802	0.027445899999975154	epochs	2.0
793.0002172833802	0.013744599999995444	epochs	3.0
793.0139618833801	0.01370129999997971	epochs	3.0
793.0276631833801	0.027273499999978412	epochs	2.0
793.0276631833801	0.013658200000008947	epochs	3.0
793.0413213833801	0.013615299999969466	epochs	3.0
793.0549366833801	0.027103399999987232	epochs	2.0
793.0549366833801	0.013572800000019924	epochs	3.0
793.0685094833801	0.013530599999967308	epochs	3.0
793.0820400833801	0.02693520000002536	epochs	2.0
793.0820400833801	0.013488400000028378	epochs	3.0
793.0955284833801	0.013446799999996983	epochs	3.0
793.1089752833801	0.026769199999989723	epochs	2.0
793.1089752833801	0.013405199999965589	epochs	3.0
793.1223804833801	0.013364000000024134	epochs	3.0
793.1357444833801	0.026605200000062723	epochs	2.0
793.1357444833801	0.013322900000048321	epochs	3.0
793.1490673833802	0.013282300000014402	epochs	3.0
793.1623496833802	0.0264431999999033	epochs	2.0
793.1623496833802	0.013241699999980483	epochs	3.0
793.1755913833802	0.013201499999922817	epochs	3.0
793.1887928833801	0.026283200000079887	epochs	2.0
793.1887928833801	0.013161500000023807	epochs	3.0
793.2019543833801	0.01312170000005608	epochs	3.0
793.2150760833802	0.02612499999997908	epochs	2.0
793.2150760833802	0.013082100000019636	epochs	3.0
793.2281581833802	0.013042899999959445	epochs	3.0
793.2412010833801	0.025968899999952555	epochs	2.0
793.2412010833801	0.013003899999944224	epochs	3.0
793.2542049833801	0.012965000000008331	epochs	3.0
793.2671699833801	0.025814500000024054	epochs	2.0
793.2671699833801	0.01292640000008305	epochs	3.0
793.2800963833802	0.012888099999941005	epochs	3.0
793.2929844833801	0.025661900000045534	epochs	2.0
793.2929844833801	0.012849899999991976	epochs	3.0
793.3058343833801	0.012812000000053558	epochs	3.0
793.3186463833802	0.025511199999982637	epochs	2.0
793.3186463833802	0.012774400000012065	epochs	3.0
793.3314207833802	0.012736799999970572	epochs	3.0
793.3441575833801	0.025362299999983406	epochs	2.0
793.3441575833801	0.01269969999998466	epochs	3.0
793.3568572833801	0.012662599999998747	epochs	3.0
793.3695198833801	0.025215000000002874	epochs	2.0
793.3695198833801	0.012625800000023446	epochs	3.0
793.3821456833801	0.012589199999979428	epochs	3.0
793.3947348833801	0.024584799999956886	epochs	2.0
793.4183192833801	0.5	epochs	-1.0
793.4193196833801	0.5073600000000624	epochs	1.0
793.9266796833801	0.49256000000002587	epochs	0.0
794.9849996566772	0.11231999999995423	epochs	0.0
794.9849996566772	0.05116180000004533	epochs	1.0
795.0361614566773	0.009996399999977257	epochs	1.0
795.0461578566773	0.051161799999931645	epochs	1.0
795.0973196566772	2.0	epochs	0.0
797.0973196566772	21.507839999999987	epochs	0.0
797.0973196566772	1.0	epochs	1.0
797.0973592566772	0.5	epochs	-1.0
797.5973592566772	19.99896000000001	epochs	-1.0
798.0973196566772	20.0	epochs	1.0
798.0973196566772	4.356753900000058	epochs	-1.0
798.0973196566772	1.9745872000000873	epochs	2.0
798.0973196566772	1.0985622000000603	epochs	3.0
799.1958818566773	0.8760250000000269	epochs	3.0
800.0719068566773	1.352407499999913	epochs	2.0
800.0719068566773	0.7286354999999958	epochs	3.0
800.8005423566773	0.6237719999999172	epochs	3.0
801.4243143566772	1.0297592000000577	epochs	2.0
801.4243143566772	0.5453293000000485	epochs	3.0
801.9696436566772	0.4844299000000092	epochs	3.0
802.4540735566773	0.8317862000000105	epochs	2.0
802.4540735566773	0.4357763000000432	epochs	3.0
802.8898498566773	0.3960098999999673	epochs	3.0
803.2858597566773	0.6977969999999232	epochs	2.0
803.2858597566773	0.3628982000000178	epochs	3.0
803.6487579566773	0.33489879999990535	epochs	3.0
803.9836567566772	0.6010457000000997	epochs	2.0
803.9836567566772	0.3109123000000409	epochs	3.0
804.2945690566772	0.2901334000000588	epochs	3.0
804.5847024566773	0.5278859000000011	epochs	2.0
804.5847024566773	0.2719585999999481	epochs	3.0
804.8566610566772	0.25592730000005304	epochs	3.0
805.1125883566773	0.470619299999953	epochs	2.0
805.1125883566773	0.241681299999982	epochs	3.0
805.3542696566773	0.228937999999971	epochs	3.0
805.5832076566772	0.42457039999999324	epochs	2.0
805.5832076566772	0.21747140000002219	epochs	3.0
805.8006790566773	0.20709899999997106	epochs	3.0
806.0077780566772	0.3867354000000205	epochs	2.0
806.0077780566772	0.19767109999997956	epochs	3.0
806.2054491566772	0.18906430000004093	epochs	3.0
806.3945134566773	0.3550953000000163	epochs	2.0
806.3945134566773	0.18117589999997108	epochs	3.0
806.5756893566772	0.17391940000004524	epochs	3.0
806.7496087566773	0.3282431000000088	epochs	2.0
806.7496087566773	0.16722189999995862	epochs	3.0
806.9168306566772	0.16102120000005016	epochs	3.0
807.0778518566773	0.30516799999998057	epochs	2.0
807.0778518566773	0.15526389999990897	epochs	3.0
807.2331157566772	0.1499041000000716	epochs	3.0
807.3830198566773	0.28512530000000424	epochs	2.0
807.3830198566773	0.1449020999999675	epochs	3.0
807.5279219566772	0.14022320000003674	epochs	3.0
807.6681451566773	0.2675537999999733	epochs	2.0
807.6681451566773	0.1358368999999584	epochs	3.0
807.8039820566772	0.1317169000000149	epochs	3.0
807.9356989566772	0.2520229000000427	epochs	2.0
807.9356989566772	0.1278393000000051	epochs	3.0
808.0635382566772	0.12418360000003759	epochs	3.0
808.1877218566773	0.23819649999995818	epochs	2.0
808.1877218566773	0.12073109999994358	epochs	3.0
808.3084529566772	0.1174654000000146	epochs	3.0
808.4259183566772	0.2258087999999816	epochs	2.0
808.4259183566772	0.11437190000003739	epochs	3.0
808.5402902566773	0.11143689999994422	epochs	3.0
808.6517271566772	0.2146460000000161	epochs	2.0
808.6517271566772	0.10864890000004834	epochs	3.0
808.7603760566773	0.10599709999996776	epochs	3.0
808.8663731566772	0.20453499999996438	epochs	2.0
808.8663731566772	0.10347149999995509	epochs	3.0
808.9698446566772	0.1010635000000093	epochs	3.0
809.0709081566772	0.19533400000000256	epochs	2.0
809.0709081566772	0.09876510000003691	epochs	3.0
809.1696732566772	0.09656889999996565	epochs	3.0
809.2662421566772	0.18692529999998442	epochs	2.0
809.2662421566772	0.09446830000001682	epochs	3.0
809.3607104566772	0.09245699999996759	epochs	3.0
809.4531674566772	0.17921069999999872	epochs	2.0
809.4531674566772	0.0905296000000817	epochs	3.0
809.5436970566773	0.08868109999991702	epochs	3.0
809.6323781566772	0.17210770000008324	epochs	2.0
809.6323781566772	0.08690630000000965	epochs	3.0
809.7192844566772	0.08520140000007359	epochs	3.0
809.8044858566773	0.1655463999999256	epochs	2.0
809.8044858566773	0.08356189999994967	epochs	3.0
809.8880477566772	0.08198449999997592	epochs	3.0
809.9700322566772	0.15946710000002895	epochs	2.0
809.9700322566772	0.08046540000009372	epochs	3.0
810.0504976566773	0.07900169999993523	epochs	3.0
810.1294993566772	0.15381839999997737	epochs	2.0
810.1294993566772	0.07759010000006583	epochs	3.0
810.2070894566773	0.07622829999991154	epochs	3.0
810.2833177566772	0.14855640000007497	epochs	2.0
810.2833177566772	0.07491330000004837	epochs	3.0
810.3582310566773	0.0736431000000266	epochs	3.0
810.4318741566773	0.14364239999997608	epochs	2.0
810.4318741566773	0.07241499999997814	epochs	3.0
810.5042891566773	0.07122739999999794	epochs	3.0
810.5755165566773	0.13904309999998077	epochs	2.0
810.5755165566773	0.07007799999996678	epochs	3.0
810.6455945566772	0.06896510000001399	epochs	3.0
810.7145596566772	0.1347293000000036	epochs	2.0
810.7145596566772	0.0678871000000072	epochs	3.0
810.7824467566772	0.06684219999999641	epochs	3.0
810.8492889566772	0.1306752000000415	epochs	2.0
810.8492889566772	0.06582909999997355	epochs	3.0
810.9151180566772	0.06484610000006796	epochs	3.0
810.9799641566773	0.1268577999999252	epochs	2.0
810.9799641566773	0.06389200000000983	epochs	3.0
811.0438561566773	0.06296579999991536	epochs	3.0
811.1068219566772	0.12325720000001184	epochs	2.0
811.1068219566772	0.06206580000002759	epochs	3.0
811.1688877566772	0.06119139999998424	epochs	3.0
811.2300791566772	0.11985540000000583	epochs	2.0
811.2300791566772	0.06034110000007331	epochs	3.0
811.2904202566773	0.05951429999993252	epochs	3.0
811.3499345566772	0.11663620000001629	epochs	2.0
811.3499345566772	0.05870960000004288	epochs	3.0
811.4086441566773	0.057926599999973405	epochs	3.0
811.4665707566772	0.11358559999996487	epochs	2.0
811.4665707566772	0.05716419999998834	epochs	3.0
811.5237349566772	0.05642139999997653	epochs	3.0
811.5801563566772	0.11069050000003244	epochs	2.0
811.5801563566772	0.055697900000041045	epochs	3.0
811.6358542566772	0.0549925999999914	epochs	3.0
811.6908468566772	0.10793909999995321	epochs	2.0
811.6908468566772	0.05430490000003374	epochs	3.0
811.7451517566773	0.053634199999919474	epochs	3.0
811.7987859566772	0.10532150000005913	epochs	2.0
811.7987859566772	0.05298000000004777	epochs	3.0
811.8517659566772	0.052341500000011365	epochs	3.0
811.9041074566773	0.10282759999995505	epochs	2.0
811.9041074566773	0.05171810000001642	epochs	3.0
811.9558255566773	0.051109499999938635	epochs	3.0
812.0069350566772	0.10044909999999163	epochs	2.0
812.0069350566772	0.050514900000052876	epochs	3.0
812.0574499566773	0.049934199999938755	epochs	3.0
812.1073841566772	0.09817830000008598	epochs	2.0
812.1073841566772	0.049366600000098515	epochs	3.0
812.1567507566773	0.04881169999998747	epochs	3.0
812.2055624566773	0.09600779999993847	epochs	2.0
812.2055624566773	0.04826919999993606	epochs	3.0
812.2538316566772	0.04773860000000241	epochs	3.0
812.3015702566772	0.09393120000004274	epochs	2.0
812.3015702566772	0.04721949999998287	epochs	3.0
812.3487897566772	0.046711700000059864	epochs	3.0
812.3955014566773	0.09194260000003851	epochs	2.0
812.3955014566773	0.046214599999984785	epochs	3.0
812.4417160566773	0.045728000000053726	epochs	3.0
812.4874440566773	0.09003629999995155	epochs	2.0
812.4874440566773	0.045251499999949374	epochs	3.0
812.5326955566773	0.04478480000000218	epochs	3.0
812.5774803566773	0.08820760000003247	epochs	2.0
812.5774803566773	0.044327800000019124	epochs	3.0
812.6218081566773	0.04387980000001335	epochs	3.0
812.6656879566773	0.0864516999999978	epochs	2.0
812.6656879566773	0.04344099999991613	epochs	3.0
812.7091289566772	0.04301070000008167	epochs	3.0
812.7521396566773	0.08476429999996071	epochs	2.0
812.7521396566773	0.04258899999990717	epochs	3.0
812.7947286566772	0.04217530000005354	epochs	3.0
812.8369039566772	0.08314150000001064	epochs	2.0
812.8369039566772	0.04176970000003166	epochs	3.0
812.8786736566773	0.041371799999978975	epochs	3.0
812.9200454566773	0.08157970000002024	epochs	2.0
812.9200454566773	0.040981399999964196	epochs	3.0
812.9610268566772	0.04059830000005604	epochs	3.0
813.0016251566773	0.08007550000002084	epochs	2.0
813.0016251566773	0.04022229999998217	epochs	3.0
813.0418474566773	0.03985320000003867	epochs	3.0
813.0817006566773	0.07862569999997504	epochs	2.0
813.0817006566773	0.0394907999999532	epochs	3.0
813.1211914566773	0.039134900000021844	epochs	3.0
813.1603263566773	0.07722760000001472	epochs	2.0
813.1603263566773	0.03878539999993791	epochs	3.0
813.1991117566772	0.03844220000007681	epochs	3.0
813.2375539566773	0.07587819999992007	epochs	2.0
813.2375539566773	0.03810479999992822	epochs	3.0
813.2756587566772	0.03777339999999185	epochs	3.0
813.3134321566772	0.0745752000000266	epochs	2.0
813.3134321566772	0.03744770000002973	epochs	3.0
813.3508798566772	0.03712749999999687	epochs	3.0
813.3880073566772	0.07331629999998768	epochs	2.0
813.3880073566772	0.036812899999972615	epochs	3.0
813.4248202566772	0.03650340000001506	epochs	3.0
813.4613236566772	0.07209899999998015	epochs	2.0
813.4613236566772	0.03619909999997617	epochs	3.0
813.4975227566772	0.03589990000000398	epochs	3.0
813.5334226566772	0.07092170000009901	epochs	2.0
813.5334226566772	0.03560560000005353	epochs	3.0
813.5690282566773	0.03531610000004548	epochs	3.0
813.6043443566773	0.0697819999999183	epochs	2.0
813.6043443566773	0.03503119999993487	epochs	3.0
813.6393755566772	0.03475079999998343	epochs	3.0
813.6741263566772	0.06867859999999837	epochs	2.0
813.6741263566772	0.03447510000000875	epochs	3.0
813.7086014566772	0.03420349999998962	epochs	3.0
813.7428049566772	0.06760930000007193	epochs	2.0
813.7428049566772	0.033936199999970995	epochs	3.0
813.7767411566772	0.03367310000010093	epochs	3.0
813.8104142566773	0.06657289999998284	epochs	2.0
813.8104142566773	0.03341399999999339	epochs	3.0
813.8438282566773	0.033158899999989444	epochs	3.0
813.8769871566773	0.06556779999993978	epochs	2.0
813.8769871566773	0.032907700000009754	epochs	3.0
813.9098948566773	0.032660099999930026	epochs	3.0
813.9425549566772	0.06459260000008271	epochs	2.0
813.9425549566772	0.032416399999988244	epochs	3.0
813.9749713566772	0.03217620000009447	epochs	3.0
814.0071475566773	0.0636459999999488	epochs	2.0
814.0071475566773	0.03193959999998697	epochs	3.0
814.0390871566773	0.03170639999996183	epochs	3.0
814.0707935566772	0.0627266999999847	epochs	2.0
814.0707935566772	0.03147660000001906	epochs	3.0
814.1022701566773	0.03125009999996564	epochs	3.0
814.1335202566772	0.06183359999999993	epochs	2.0
814.1335202566772	0.031026900000028945	epochs	3.0
814.1645471566773	0.030806699999970988	epochs	3.0
814.1953538566772	0.06096560000003137	epochs	2.0
814.1953538566772	0.030589800000029754	epochs	3.0
814.2259436566773	0.030375800000001618	epochs	3.0
814.2563194566773	0.06012160000000222	epochs	2.0
814.2563194566773	0.03016489999993155	epochs	3.0
814.2864843566772	0.02995670000007067	epochs	3.0
814.3164410566773	0.05930069999999432	epochs	2.0
814.3164410566773	0.02975159999994048	epochs	3.0
814.3461926566772	0.02954910000005384	epochs	3.0
814.3757417566773	0.05850180000004457	epochs	2.0
814.3757417566773	0.02934940000000097	epochs	3.0
814.4050911566773	0.0291524000000436	epochs	3.0
814.4342435566773	0.05772419999993872	epochs	2.0
814.4342435566773	0.028957999999988715	epochs	3.0
814.4632015566773	0.028766199999950004	epochs	3.0
814.4919677566772	0.05696709999995164	epochs	2.0
814.4919677566772	0.028577000000041153	epochs	3.0
814.5205447566773	0.02839009999991049	epochs	3.0
814.5489348566772	0.056229500000085864	epochs	2.0
814.5489348566772	0.028205700000057732	epochs	3.0
814.5771405566773	0.028023800000028132	epochs	3.0
814.6051643566773	0.05551070000001346	epochs	2.0
814.6051643566773	0.027843999999959124	epochs	3.0
814.6330083566772	0.027666700000054334	epochs	3.0
814.6606750566773	0.05481019999990622	epochs	2.0
814.6606750566773	0.02749149999999645	epochs	3.0
814.6881665566773	0.027318699999909768	epochs	3.0
814.7154852566772	0.05412699999999404	epochs	2.0
814.7154852566772	0.02714780000007977	epochs	3.0
814.7426330566773	0.026979199999914272	epochs	3.0
814.7696122566772	0.0534607000000733	epochs	2.0
814.7696122566772	0.026812600000084785	epochs	3.0
814.7964248566773	0.026648099999988517	epochs	3.0
814.8230729566773	0.05281070000000909	epochs	2.0
814.8230729566773	0.026485600000000886	epochs	3.0
814.8495585566773	0.026325100000008206	epochs	3.0
814.8758836566773	0.05217619999996259	epochs	2.0
814.8758836566773	0.026166399999965506	epochs	3.0
814.9020500566772	0.026009799999997085	epochs	3.0
814.9280598566772	0.051556699999991906	epochs	2.0
814.9280598566772	0.025854800000047362	epochs	3.0
814.9539146566773	0.025701899999944544	epochs	3.0
814.9796165566772	0.05095189999997274	epochs	2.0
814.9796165566772	0.02555070000005344	epochs	3.0
815.0051672566773	0.0254011999999193	epochs	3.0
815.0305684566772	0.05036100000006627	epochs	2.0
815.0305684566772	0.0252535000000762	epochs	3.0
815.0558219566773	0.02510749999999007	epochs	3.0
815.0809294566773	0.049783800000000156	epochs	2.0
815.0809294566773	0.02496320000000196	epochs	3.0
815.1058926566773	0.024820599999998194	epochs	3.0
815.1307132566773	0.04921949999993558	epochs	2.0
815.1307132566773	0.024679399999968155	epochs	3.0
815.1553926566772	0.024540099999967424	epochs	3.0
815.1799327566772	0.04866790000005494	epochs	2.0
815.1799327566772	0.024402100000088467	epochs	3.0
815.2043348566773	0.024265799999966475	epochs	3.0
815.2286006566773	0.04812860000004093	epochs	2.0
815.2286006566773	0.024131000000011227	epochs	3.0
815.2527316566773	0.023997600000029706	epochs	3.0
815.2767292566773	0.04760109999995166	epochs	2.0
815.2767292566773	0.023865799999953197	epochs	3.0
815.3005950566773	0.02373529999999846	epochs	3.0
815.3243303566773	0.047085000000038235	epochs	2.0
815.3243303566773	0.023606299999983094	epochs	3.0
815.3479366566772	0.02347870000005514	epochs	3.0
815.3714153566773	0.046579999999948996	epochs	2.0
815.3714153566773	0.02335249999998723	epochs	3.0
815.3947678566773	0.023227499999961765	epochs	3.0
815.4179953566772	0.046085700000048746	epochs	2.0
815.4179953566772	0.023103999999989355	epochs	3.0
815.4410993566772	0.02298170000005939	epochs	3.0
815.4640810566773	0.045601799999985815	epochs	2.0
815.4640810566773	0.02286069999991014	epochs	3.0
815.4869417566772	0.022741100000075676	epochs	3.0
815.5096828566773	0.04512790000001132	epochs	2.0
815.5096828566773	0.022622500000011314	epochs	3.0
815.5323053566773	0.02250540000000001	epochs	3.0
815.5548107566773	0.044663799999966614	epochs	2.0
815.5548107566773	0.02238929999998618	epochs	3.0
815.5772000566773	0.022274499999980435	epochs	3.0
815.5994745566773	0.04420919999995476	epochs	2.0
815.5994745566773	0.022160799999937808	epochs	3.0
815.6216353566772	0.022048400000016954	epochs	3.0
815.6436837566772	0.043763600000033875	epochs	2.0
815.6436837566772	0.021936900000014248	epochs	3.0
815.6656206566772	0.021826700000019628	epochs	3.0
815.6874473566772	0.04332710000005591	epochs	2.0
815.6874473566772	0.021717599999988124	epochs	3.0
815.7091649566772	0.021609500000067783	epochs	3.0
815.7307744566773	0.042898999999920306	epochs	2.0
815.7307744566773	0.02150249999999687	epochs	3.0
815.7522769566773	0.021396499999923435	epochs	3.0
815.7736734566772	0.042479500000013104	epochs	2.0
815.7736734566772	0.02129170000000613	epochs	3.0
815.7949651566772	0.021187800000006973	epochs	3.0
815.8161529566772	0.042067900000006375	epochs	2.0
815.8161529566772	0.02108490000000529	epochs	3.0
815.8372378566772	0.020983000000001084	epochs	3.0
815.8582208566772	0.04166440000005878	epochs	2.0
815.8582208566772	0.020882199999959994	epochs	3.0
815.8791030566772	0.020782200000098783	epochs	3.0
815.8998852566773	0.04126850000000104	epochs	2.0
815.8998852566773	0.020683299999973315	epochs	3.0
815.9205685566773	0.020585200000027726	epochs	3.0
815.9411537566773	0.040879999999901884	epochs	2.0
815.9411537566773	0.020488099999965925	epochs	3.0
815.9616418566773	0.02039189999993596	epochs	3.0
815.9820337566772	0.04049880000002304	epochs	2.0
815.9820337566772	0.020296600000051512	epochs	3.0
816.0023303566772	0.020202199999971526	epochs	3.0
816.0225325566772	0.04012460000001283	epochs	2.0
816.0225325566772	0.02010870000003706	epochs	3.0
816.0426412566773	0.020015899999975773	epochs	3.0
816.0626571566772	0.03975730000001931	epochs	2.0
816.0626571566772	0.019924199999991288	epochs	3.0
816.0825813566772	0.019833100000028026	epochs	3.0
816.1024144566773	0.03939669999999751	epochs	2.0
816.1024144566773	0.01974299999994855	epochs	3.0
816.1221574566772	0.019653700000048957	epochs	3.0
816.1418111566772	0.03904239999997117	epochs	2.0
816.1418111566772	0.01956510000002254	epochs	3.0
816.1613762566773	0.019477299999948627	epochs	3.0
816.1808535566772	0.03869459999998526	epochs	2.0
816.1808535566772	0.019390400000020236	epochs	3.0
816.2002439566772	0.01930419999996502	epochs	3.0
816.2195481566772	0.03835290000006353	epochs	2.0
816.2195481566772	0.019218800000089686	epochs	3.0
816.2387669566773	0.01913409999997384	epochs	3.0
816.2579010566773	0.03801720000001296	epochs	2.0
816.2579010566773	0.01905019999992419	epochs	3.0
816.2769512566772	0.018967000000088774	epochs	3.0
816.2959182566773	0.03768719999993664	epochs	2.0
816.2959182566773	0.01888450000001285	epochs	3.0
816.3148027566773	0.01880269999992379	epochs	3.0
816.3336054566772	0.03736309999999321	epochs	2.0
816.3336054566772	0.018721700000014607	epochs	3.0
816.3523271566772	0.018641399999978603	epochs	3.0
816.3709685566772	0.03704430000004777	epochs	2.0
816.3709685566772	0.01856159999999818	epochs	3.0
816.3895301566772	0.01848270000004959	epochs	3.0
816.4080128566773	0.0367310000000316	epochs	2.0
816.4080128566773	0.018404299999929208	epochs	3.0
816.4264171566772	0.01832670000010239	epochs	3.0
816.4447438566773	0.03642289999993409	epochs	2.0
816.4447438566773	0.018249599999990096	epochs	3.0
816.4629934566773	0.018173299999943993	epochs	3.0
816.4811667566772	0.03612010000006194	epochs	2.0
816.4811667566772	0.0180976000000328	epochs	3.0
816.4992643566773	0.01802250000002914	epochs	3.0
816.5172868566773	0.03582209999990482	epochs	2.0
816.5172868566773	0.017947899999967376	epochs	3.0
816.5352347566773	0.017874199999937446	epochs	3.0
816.5531089566772	0.0355290000001105	epochs	2.0
816.5531089566772	0.017800800000031813	epochs	3.0
816.5709097566772	0.017728200000078687	epochs	3.0
816.5886379566773	0.035240699999917524	epochs	2.0
816.5886379566773	0.017656099999953767	epochs	3.0
816.6062940566773	0.017584599999963757	epochs	3.0
816.6238786566772	0.034957100000042374	epochs	2.0
816.6238786566772	0.01751369999999497	epochs	3.0
816.6413923566772	0.017443400000047404	epochs	3.0
816.6588357566773	0.03467790000001969	epochs	2.0
816.6588357566773	0.017373599999928047	epochs	3.0
816.6762093566772	0.017304300000091644	epochs	3.0
816.6935136566773	0.03440330000000813	epochs	2.0
816.6935136566773	0.01723570000001473	epochs	3.0
816.7107493566773	0.0171675999999934	epochs	3.0
816.7279169566773	0.03413279999995211	epochs	2.0
816.7279169566773	0.01709989999994832	epochs	3.0
816.7450168566772	0.017032900000003792	epochs	3.0
816.7620497566772	0.033866699999975935	epochs	2.0
816.7620497566772	0.01696640000000116	epochs	3.0
816.7790161566772	0.016900299999974777	epochs	3.0
816.7959164566772	0.03360459999998966	epochs	2.0
816.7959164566772	0.016834800000083305	epochs	3.0
816.8127512566773	0.016769799999906354	epochs	3.0
816.8295210566772	0.03334660000007261	epochs	2.0
816.8295210566772	0.016705300000012357	epochs	3.0
816.8462263566772	0.016641300000060255	epochs	3.0
816.8628676566773	0.03309249999995245	epochs	2.0
816.8628676566773	0.01657779999993636	epochs	3.0
816.8794454566772	0.01651470000001609	epochs	3.0
816.8959601566772	0.03284229999997024	epochs	2.0
816.8959601566772	0.01645220000000336	epochs	3.0
816.9124123566772	0.01639009999996688	epochs	3.0
816.9288024566772	0.03259570000000167	epochs	2.0
816.9288024566772	0.016328400000020338	epochs	3.0
816.9451308566772	0.016267299999981333	epochs	3.0
816.9613981566772	0.03235290000009172	epochs	2.0
816.9613981566772	0.016206600000032267	epochs	3.0
816.9776047566772	0.016146300000059455	epochs	3.0
816.9937510566773	0.03211369999996805	epochs	2.0
816.9937510566773	0.016086599999994178	epochs	3.0
817.0098376566773	0.01602709999997387	epochs	3.0
817.0258647566773	0.03187800000000607	epochs	2.0
817.0258647566773	0.015968199999974786	epochs	3.0
817.0418329566772	0.015909800000031282	epochs	3.0
817.0577427566773	0.031645700000012766	epochs	2.0
817.0577427566773	0.01585160000001906	epochs	3.0
817.0735943566773	0.015794099999993705	epochs	3.0
817.0893884566773	0.031416699999908815	epochs	2.0
817.0893884566773	0.01573669999993399	epochs	3.0
817.1051251566772	0.015679999999974825	epochs	3.0
817.1208051566772	0.031191100000000915	epochs	2.0
817.1208051566772	0.015623600000026272	epochs	3.0
817.1364287566772	0.015567499999974643	epochs	3.0
817.1519962566772	0.030968700000016725	epochs	2.0
817.1519962566772	0.015512000000057924	epochs	3.0
817.1675082566773	0.0154566999999588	epochs	3.0
817.1829649566772	0.03074950000006993	epochs	2.0
817.1829649566772	0.015401999999994587	epochs	3.0
817.1983669566772	0.015347500000075343	epochs	3.0
817.2137144566773	0.030533199999922545	epochs	2.0
817.2137144566773	0.015293400000018664	epochs	3.0
817.2290078566773	0.01523979999990388	epochs	3.0
817.2442476566772	0.03032010000003993	epochs	2.0
817.2442476566772	0.015186500000027081	epochs	3.0
817.2594341566772	0.015133600000012848	epochs	3.0
817.2745677566772	0.030109899999956724	epochs	2.0
817.2745677566772	0.015081000000009226	epochs	3.0
817.2896487566773	0.015028899999947498	epochs	3.0
817.3046776566772	0.02990250000004835	epochs	2.0
817.3046776566772	0.014977000000044427	epochs	3.0
817.3196546566772	0.014925500000003922	epochs	3.0
817.3345801566772	0.029698100000018712	epochs	2.0
817.3345801566772	0.014874400000053356	epochs	3.0
817.3494545566773	0.014823699999965356	epochs	3.0
817.3642782566773	0.02949630000000525	epochs	2.0
817.3642782566773	0.014773199999922326	epochs	3.0
817.3790514566772	0.014723100000082923	epochs	3.0
817.3937745566773	0.02929740000001857	epochs	2.0
817.3937745566773	0.014673399999992398	epochs	3.0
817.4084479566773	0.014624000000026172	epochs	3.0
817.4230719566773	0.029101099999934377	epochs	2.0
817.4230719566773	0.01457489999995687	epochs	3.0
817.4376468566772	0.014526199999977507	epochs	3.0
817.4521730566772	0.028907399999980044	epochs	2.0
817.4521730566772	0.014477700000043114	epochs	3.0
817.4666507566773	0.014429699999936929	epochs	3.0
817.4810804566772	0.028716200000076242	epochs	2.0
817.4810804566772	0.014381800000023759	epochs	3.0
817.4954622566772	0.014334400000052483	epochs	3.0
817.5097966566773	0.02852759999996124	epochs	2.0
817.5097966566773	0.01428720000001249	epochs	3.0
817.5240838566773	0.01424039999994875	epochs	3.0
817.5383242566772	0.028341400000044814	epochs	2.0
817.5383242566772	0.014193800000043666	epochs	3.0
817.5525180566773	0.014147600000001148	epochs	3.0
817.5666656566773	0.028157699999951546	epochs	2.0
817.5666656566773	0.014101699999969242	epochs	3.0
817.5807673566773	0.014055999999982305	epochs	3.0
817.5948233566772	0.027976299999977527	epochs	2.0
817.5948233566772	0.01401060000000598	epochs	3.0
817.6088339566772	0.013965699999971548	epochs	3.0
817.6227996566772	0.02779720000000907	epochs	2.0
817.6227996566772	0.013920800000050804	epochs	3.0
817.6367204566773	0.013876399999958267	epochs	3.0
817.6505968566772	0.027620400000046175	epochs	2.0
817.6505968566772	0.013832200000024386	epochs	3.0
817.6644290566772	0.013788200000021789	epochs	3.0
817.6782172566773	0.027445899999975154	epochs	2.0
817.6782172566773	0.013744599999995444	epochs	3.0
817.6919618566773	0.01370129999997971	epochs	3.0
817.7056631566772	0.027273499999978412	epochs	2.0
817.7056631566772	0.013658200000008947	epochs	3.0
817.7193213566773	0.013615299999969466	epochs	3.0
817.7329366566772	0.027103399999987232	epochs	2.0
817.7329366566772	0.013572800000019924	epochs	3.0
817.7465094566772	0.013530599999967308	epochs	3.0
817.7600400566772	0.02693520000002536	epochs	2.0
817.7600400566772	0.013488400000028378	epochs	3.0
817.7735284566772	0.013446799999996983	epochs	3.0
817.7869752566772	0.026769199999989723	epochs	2.0
817.7869752566772	0.013405199999965589	epochs	3.0
817.8003804566772	0.013364000000024134	epochs	3.0
817.8137444566772	0.026605200000062723	epochs	2.0
817.8137444566772	0.013322900000048321	epochs	3.0
817.8270673566773	0.013282300000014402	epochs	3.0
817.8403496566773	0.0264431999999033	epochs	2.0
817.8403496566773	0.013241699999980483	epochs	3.0
817.8535913566773	0.013201499999922817	epochs	3.0
817.8667928566772	0.026283200000079887	epochs	2.0
817.8667928566772	0.013161500000023807	epochs	3.0
817.8799543566772	0.01312170000005608	epochs	3.0
817.8930760566773	0.02612499999997908	epochs	2.0
817.8930760566773	0.013082100000019636	epochs	3.0
817.9061581566773	0.013042899999959445	epochs	3.0
817.9192010566773	0.025968899999952555	epochs	2.0
817.9192010566773	0.013003899999944224	epochs	3.0
817.9322049566772	0.012965000000008331	epochs	3.0
817.9451699566772	0.025814500000024054	epochs	2.0
817.9451699566772	0.01292640000008305	epochs	3.0
817.9580963566773	0.012888099999941005	epochs	3.0
817.9709844566772	0.025661900000045534	epochs	2.0
817.9709844566772	0.012849899999991976	epochs	3.0
817.9838343566772	0.012812000000053558	epochs	3.0
817.9966463566773	0.025511199999982637	epochs	2.0
817.9966463566773	0.012774400000012065	epochs	3.0
818.0094207566773	0.012736799999970572	epochs	3.0
818.0221575566773	0.025362299999983406	epochs	2.0
818.0221575566773	0.01269969999998466	epochs	3.0
818.0348572566772	0.012662599999998747	epochs	3.0
818.0475198566772	0.025215000000002874	epochs	2.0
818.0475198566772	0.012625800000023446	epochs	3.0
818.0601456566773	0.012589199999979428	epochs	3.0
818.0727348566772	0.024584799999956886	epochs	2.0
818.0963192566772	0.5	epochs	-1.0
818.0973196566772	0.5078399999999874	epochs	1.0
818.6051596566772	0.4920800000001009	epochs	0.0
827.5809998512268	0.11231999999995423	epochs	0.0
827.5809998512268	0.05116180000004533	epochs	1.0
827.6321616512269	0.009996399999977257	epochs	1.0
827.6421580512268	0.051161799999931645	epochs	1.0
827.6933198512268	2.0	epochs	0.0
829.6933198512268	5.387760000000071	epochs	0.0
829.6933198512268	1.0	epochs	1.0
829.6933594512268	0.5	epochs	-1.0
830.1933594512268	4.887720400000035	epochs	-1.0
830.6933198512268	4.387760000000071	epochs	1.0
830.6933198512268	4.356753900000058	epochs	-1.0
830.6933198512268	1.9745872000000873	epochs	2.0
830.6933198512268	1.0985622000000603	epochs	3.0
831.7918820512268	0.8760250000000269	epochs	3.0
832.6679070512268	1.352407499999913	epochs	2.0
832.6679070512268	0.7286354999999958	epochs	3.0
833.3965425512268	0.6237719999999172	epochs	3.0
834.0203145512268	1.0297592000000577	epochs	2.0
834.0203145512268	0.5453293000000485	epochs	3.0
834.5656438512268	0.4844299000000092	epochs	3.0
835.0500737512268	0.031006100000013248	epochs	2.0
835.0500737512268	0.031006100000013248	epochs	3.0
835.0810798512268	16.612160000000017	epochs	0.0
836.1989998817444	0.11231999999995423	epochs	0.0
836.1989998817444	0.05116180000004533	epochs	1.0
836.2501616817444	0.009996399999977257	epochs	1.0
836.2601580817444	0.051161799999931645	epochs	1.0
836.3113198817443	2.0	epochs	0.0
838.3113198817443	5.387200000000007	epochs	0.0
838.3113198817443	1.0	epochs	1.0
838.3113594817444	0.5	epochs	-1.0
838.8113594817444	4.887160399999971	epochs	-1.0
839.3113198817443	4.387200000000007	epochs	1.0
839.3113198817443	4.356753900000058	epochs	-1.0
839.3113198817443	1.9745872000000873	epochs	2.0
839.3113198817443	1.0985622000000603	epochs	3.0
840.4098820817444	0.8760250000000269	epochs	3.0
841.2859070817444	1.352407499999913	epochs	2.0
841.2859070817444	0.7286354999999958	epochs	3.0
842.0145425817444	0.6237719999999172	epochs	3.0
842.6383145817443	1.0297592000000577	epochs	2.0
842.6383145817443	0.5453293000000485	epochs	3.0
843.1836438817444	0.4844299000000092	epochs	3.0
843.6680737817444	0.030446099999949183	epochs	2.0
843.6680737817444	0.030446099999949183	epochs	3.0
843.6985198817443	16.61272000000008	epochs	0.0
844.7579998970032	0.11231999999995423	epochs	0.0
844.7579998970032	0.05116180000004533	epochs	1.0
844.8091616970032	0.009996399999977257	epochs	1.0
844.8191580970032	0.051161799999931645	epochs	1.0
844.8703198970031	2.0	epochs	0.0
846.8703198970031	5.3679200000000264	epochs	0.0
846.8703198970031	1.0	epochs	1.0
846.8703594970032	0.5	epochs	-1.0
847.3703594970032	4.86788039999999	epochs	-1.0
847.8703198970031	4.3679200000000264	epochs	1.0
847.8703198970031	4.356753900000058	epochs	-1.0
847.8703198970031	1.9745872000000873	epochs	2.0
847.8703198970031	1.0985622000000603	epochs	3.0
848.9688820970032	0.8760250000000269	epochs	3.0
849.8449070970032	1.352407499999913	epochs	2.0
849.8449070970032	0.7286354999999958	epochs	3.0
850.5735425970032	0.6237719999999172	epochs	3.0
851.1973145970031	1.0297592000000577	epochs	2.0
851.1973145970031	0.5453293000000485	epochs	3.0
851.7426438970032	0.4844299000000092	epochs	3.0
852.2270737970032	0.011166099999968537	epochs	2.0
852.2270737970032	0.011166099999968537	epochs	3.0
852.2382398970032	16.632000000000062	epochs	0.0
853.3079996109009	0.11231999999995423	epochs	0.0
853.3079996109009	0.05116180000004533	epochs	1.0
853.3591614109009	0.009996399999977257	epochs	1.0
853.3691578109009	0.051161799999931645	epochs	1.0
853.4203196109008	2.0	epochs	0.0
855.4203196109008	21.52800000000002	epochs	0.0
855.4203196109008	1.0	epochs	1.0
855.4203592109009	0.5	epochs	-1.0
855.9203592109009	19.998479999999972	epochs	-1.0
856.4203196109008	20.0	epochs	1.0
856.4203196109008	4.356753900000058	epochs	-1.0
856.4203196109008	1.9745872000000873	epochs	2.0
856.4203196109008	1.0985622000000603	epochs	3.0
857.5188818109009	0.8760250000000269	epochs	3.0
858.3949068109009	1.352407499999913	epochs	2.0
858.3949068109009	0.7286354999999958	epochs	3.0
859.1235423109009	0.6237719999999172	epochs	3.0
859.7473143109008	1.0297592000000577	epochs	2.0
859.7473143109008	0.5453293000000485	epochs	3.0
860.2926436109009	0.4844299000000092	epochs	3.0
860.7770735109009	0.8317862000000105	epochs	2.0
860.7770735109009	0.4357763000000432	epochs	3.0
861.2128498109009	0.3960098999999673	epochs	3.0
861.6088597109009	0.6977969999999232	epochs	2.0
861.6088597109009	0.3628982000000178	epochs	3.0
861.9717579109009	0.33489879999990535	epochs	3.0
862.3066567109008	0.6010457000000997	epochs	2.0
862.3066567109008	0.3109123000000409	epochs	3.0
862.6175690109009	0.2901334000000588	epochs	3.0
862.9077024109009	0.5278859000000011	epochs	2.0
862.9077024109009	0.2719585999999481	epochs	3.0
863.1796610109009	0.25592730000005304	epochs	3.0
863.4355883109009	0.470619299999953	epochs	2.0
863.4355883109009	0.241681299999982	epochs	3.0
863.6772696109009	0.228937999999971	epochs	3.0
863.9062076109009	0.42457039999999324	epochs	2.0
863.9062076109009	0.21747140000002219	epochs	3.0
864.1236790109009	0.20709899999997106	epochs	3.0
864.3307780109009	0.3867354000000205	epochs	2.0
864.3307780109009	0.19767109999997956	epochs	3.0
864.5284491109009	0.18906430000004093	epochs	3.0
864.7175134109009	0.3550953000000163	epochs	2.0
864.7175134109009	0.18117589999997108	epochs	3.0
864.8986893109009	0.17391940000004524	epochs	3.0
865.0726087109009	0.3282431000000088	epochs	2.0
865.0726087109009	0.16722189999995862	epochs	3.0
865.2398306109009	0.16102120000005016	epochs	3.0
865.4008518109009	0.30516799999998057	epochs	2.0
865.4008518109009	0.15526389999990897	epochs	3.0
865.5561157109008	0.1499041000000716	epochs	3.0
865.7060198109009	0.28512530000000424	epochs	2.0
865.7060198109009	0.1449020999999675	epochs	3.0
865.8509219109009	0.14022320000003674	epochs	3.0
865.9911451109009	0.2675537999999733	epochs	2.0
865.9911451109009	0.1358368999999584	epochs	3.0
866.1269820109009	0.1317169000000149	epochs	3.0
866.2586989109009	0.2520229000000427	epochs	2.0
866.2586989109009	0.1278393000000051	epochs	3.0
866.3865382109009	0.12418360000003759	epochs	3.0
866.5107218109009	0.23819649999995818	epochs	2.0
866.5107218109009	0.12073109999994358	epochs	3.0
866.6314529109009	0.1174654000000146	epochs	3.0
866.7489183109009	0.2258087999999816	epochs	2.0
866.7489183109009	0.11437190000003739	epochs	3.0
866.8632902109009	0.11143689999994422	epochs	3.0
866.9747271109009	0.2146460000000161	epochs	2.0
866.9747271109009	0.10864890000004834	epochs	3.0
867.0833760109009	0.10599709999996776	epochs	3.0
867.1893731109009	0.20453499999996438	epochs	2.0
867.1893731109009	0.10347149999995509	epochs	3.0
867.2928446109008	0.1010635000000093	epochs	3.0
867.3939081109008	0.19533400000000256	epochs	2.0
867.3939081109008	0.09876510000003691	epochs	3.0
867.4926732109009	0.09656889999996565	epochs	3.0
867.5892421109008	0.18692529999998442	epochs	2.0
867.5892421109008	0.09446830000001682	epochs	3.0
867.6837104109009	0.09245699999996759	epochs	3.0
867.7761674109008	0.17921069999999872	epochs	2.0
867.7761674109008	0.0905296000000817	epochs	3.0
867.8666970109009	0.08868109999991702	epochs	3.0
867.9553781109008	0.17210770000008324	epochs	2.0
867.9553781109008	0.08690630000000965	epochs	3.0
868.0422844109008	0.08520140000007359	epochs	3.0
868.1274858109009	0.1655463999999256	epochs	2.0
868.1274858109009	0.08356189999994967	epochs	3.0
868.2110477109009	0.08198449999997592	epochs	3.0
868.2930322109008	0.15946710000002895	epochs	2.0
868.2930322109008	0.08046540000009372	epochs	3.0
868.3734976109009	0.07900169999993523	epochs	3.0
868.4524993109009	0.15381839999997737	epochs	2.0
868.4524993109009	0.07759010000006583	epochs	3.0
868.5300894109009	0.07622829999991154	epochs	3.0
868.6063177109008	0.14855640000007497	epochs	2.0
868.6063177109008	0.07491330000004837	epochs	3.0
868.6812310109009	0.0736431000000266	epochs	3.0
868.7548741109009	0.14364239999997608	epochs	2.0
868.7548741109009	0.07241499999997814	epochs	3.0
868.8272891109009	0.07122739999999794	epochs	3.0
868.8985165109009	0.13904309999998077	epochs	2.0
868.8985165109009	0.07007799999996678	epochs	3.0
868.9685945109009	0.06896510000001399	epochs	3.0
869.0375596109009	0.1347293000000036	epochs	2.0
869.0375596109009	0.0678871000000072	epochs	3.0
869.1054467109009	0.06684219999999641	epochs	3.0
869.1722889109009	0.1306752000000415	epochs	2.0
869.1722889109009	0.06582909999997355	epochs	3.0
869.2381180109008	0.06484610000006796	epochs	3.0
869.3029641109009	0.1268577999999252	epochs	2.0
869.3029641109009	0.06389200000000983	epochs	3.0
869.3668561109009	0.06296579999991536	epochs	3.0
869.4298219109008	0.12325720000001184	epochs	2.0
869.4298219109008	0.06206580000002759	epochs	3.0
869.4918877109009	0.06119139999998424	epochs	3.0
869.5530791109009	0.11985540000000583	epochs	2.0
869.5530791109009	0.06034110000007331	epochs	3.0
869.6134202109009	0.05951429999993252	epochs	3.0
869.6729345109009	0.11663620000001629	epochs	2.0
869.6729345109009	0.05870960000004288	epochs	3.0
869.7316441109009	0.057926599999973405	epochs	3.0
869.7895707109009	0.11358559999996487	epochs	2.0
869.7895707109009	0.05716419999998834	epochs	3.0
869.8467349109009	0.05642139999997653	epochs	3.0
869.9031563109008	0.11069050000003244	epochs	2.0
869.9031563109008	0.055697900000041045	epochs	3.0
869.9588542109009	0.0549925999999914	epochs	3.0
870.0138468109009	0.10793909999995321	epochs	2.0
870.0138468109009	0.05430490000003374	epochs	3.0
870.0681517109009	0.053634199999919474	epochs	3.0
870.1217859109008	0.10532150000005913	epochs	2.0
870.1217859109008	0.05298000000004777	epochs	3.0
870.1747659109009	0.052341500000011365	epochs	3.0
870.2271074109009	0.10282759999995505	epochs	2.0
870.2271074109009	0.05171810000001642	epochs	3.0
870.2788255109009	0.051109499999938635	epochs	3.0
870.3299350109008	0.10044909999999163	epochs	2.0
870.3299350109008	0.050514900000052876	epochs	3.0
870.3804499109009	0.049934199999938755	epochs	3.0
870.4303841109008	0.09817830000008598	epochs	2.0
870.4303841109008	0.049366600000098515	epochs	3.0
870.4797507109009	0.04881169999998747	epochs	3.0
870.5285624109009	0.09600779999993847	epochs	2.0
870.5285624109009	0.04826919999993606	epochs	3.0
870.5768316109009	0.04773860000000241	epochs	3.0
870.6245702109009	0.09393120000004274	epochs	2.0
870.6245702109009	0.04721949999998287	epochs	3.0
870.6717897109008	0.046711700000059864	epochs	3.0
870.7185014109009	0.09194260000003851	epochs	2.0
870.7185014109009	0.046214599999984785	epochs	3.0
870.7647160109009	0.045728000000053726	epochs	3.0
870.8104440109009	0.09003629999995155	epochs	2.0
870.8104440109009	0.045251499999949374	epochs	3.0
870.8556955109009	0.04478480000000218	epochs	3.0
870.9004803109009	0.08820760000003247	epochs	2.0
870.9004803109009	0.044327800000019124	epochs	3.0
870.9448081109009	0.04387980000001335	epochs	3.0
870.9886879109009	0.0864516999999978	epochs	2.0
870.9886879109009	0.04344099999991613	epochs	3.0
871.0321289109008	0.04301070000008167	epochs	3.0
871.0751396109009	0.08476429999996071	epochs	2.0
871.0751396109009	0.04258899999990717	epochs	3.0
871.1177286109008	0.04217530000005354	epochs	3.0
871.1599039109009	0.08314150000001064	epochs	2.0
871.1599039109009	0.04176970000003166	epochs	3.0
871.2016736109009	0.041371799999978975	epochs	3.0
871.2430454109009	0.08157970000002024	epochs	2.0
871.2430454109009	0.040981399999964196	epochs	3.0
871.2840268109009	0.04059830000005604	epochs	3.0
871.3246251109009	0.08007550000002084	epochs	2.0
871.3246251109009	0.04022229999998217	epochs	3.0
871.3648474109009	0.03985320000003867	epochs	3.0
871.4047006109009	0.07862569999997504	epochs	2.0
871.4047006109009	0.0394907999999532	epochs	3.0
871.4441914109009	0.039134900000021844	epochs	3.0
871.4833263109009	0.07722760000001472	epochs	2.0
871.4833263109009	0.03878539999993791	epochs	3.0
871.5221117109008	0.03844220000007681	epochs	3.0
871.5605539109009	0.07587819999992007	epochs	2.0
871.5605539109009	0.03810479999992822	epochs	3.0
871.5986587109008	0.03777339999999185	epochs	3.0
871.6364321109008	0.0745752000000266	epochs	2.0
871.6364321109008	0.03744770000002973	epochs	3.0
871.6738798109009	0.03712749999999687	epochs	3.0
871.7110073109009	0.07331629999998768	epochs	2.0
871.7110073109009	0.036812899999972615	epochs	3.0
871.7478202109008	0.03650340000001506	epochs	3.0
871.7843236109009	0.07209899999998015	epochs	2.0
871.7843236109009	0.03619909999997617	epochs	3.0
871.8205227109008	0.03589990000000398	epochs	3.0
871.8564226109008	0.07092170000009901	epochs	2.0
871.8564226109008	0.03560560000005353	epochs	3.0
871.8920282109009	0.03531610000004548	epochs	3.0
871.9273443109009	0.0697819999999183	epochs	2.0
871.9273443109009	0.03503119999993487	epochs	3.0
871.9623755109009	0.03475079999998343	epochs	3.0
871.9971263109009	0.06867859999999837	epochs	2.0
871.9971263109009	0.03447510000000875	epochs	3.0
872.0316014109009	0.03420349999998962	epochs	3.0
872.0658049109009	0.06760930000007193	epochs	2.0
872.0658049109009	0.033936199999970995	epochs	3.0
872.0997411109008	0.03367310000010093	epochs	3.0
872.1334142109009	0.06657289999998284	epochs	2.0
872.1334142109009	0.03341399999999339	epochs	3.0
872.1668282109009	0.033158899999989444	epochs	3.0
872.1999871109009	0.06556779999993978	epochs	2.0
872.1999871109009	0.032907700000009754	epochs	3.0
872.2328948109009	0.032660099999930026	epochs	3.0
872.2655549109008	0.06459260000008271	epochs	2.0
872.2655549109008	0.032416399999988244	epochs	3.0
872.2979713109008	0.03217620000009447	epochs	3.0
872.3301475109009	0.0636459999999488	epochs	2.0
872.3301475109009	0.03193959999998697	epochs	3.0
872.3620871109009	0.03170639999996183	epochs	3.0
872.3937935109009	0.0627266999999847	epochs	2.0
872.3937935109009	0.03147660000001906	epochs	3.0
872.4252701109009	0.03125009999996564	epochs	3.0
872.4565202109009	0.06183359999999993	epochs	2.0
872.4565202109009	0.031026900000028945	epochs	3.0
872.4875471109009	0.030806699999970988	epochs	3.0
872.5183538109009	0.06096560000003137	epochs	2.0
872.5183538109009	0.030589800000029754	epochs	3.0
872.5489436109009	0.030375800000001618	epochs	3.0
872.5793194109009	0.06012160000000222	epochs	2.0
872.5793194109009	0.03016489999993155	epochs	3.0
872.6094843109008	0.02995670000007067	epochs	3.0
872.6394410109009	0.05930069999999432	epochs	2.0
872.6394410109009	0.02975159999994048	epochs	3.0
872.6691926109008	0.02954910000005384	epochs	3.0
872.6987417109009	0.05850180000004457	epochs	2.0
872.6987417109009	0.02934940000000097	epochs	3.0
872.7280911109009	0.0291524000000436	epochs	3.0
872.7572435109009	0.05772419999993872	epochs	2.0
872.7572435109009	0.028957999999988715	epochs	3.0
872.7862015109009	0.028766199999950004	epochs	3.0
872.8149677109009	0.05696709999995164	epochs	2.0
872.8149677109009	0.028577000000041153	epochs	3.0
872.8435447109009	0.02839009999991049	epochs	3.0
872.8719348109008	0.056229500000085864	epochs	2.0
872.8719348109008	0.028205700000057732	epochs	3.0
872.9001405109009	0.028023800000028132	epochs	3.0
872.9281643109009	0.05551070000001346	epochs	2.0
872.9281643109009	0.027843999999959124	epochs	3.0
872.9560083109009	0.027666700000054334	epochs	3.0
872.9836750109009	0.05481019999990622	epochs	2.0
872.9836750109009	0.02749149999999645	epochs	3.0
873.0111665109009	0.027318699999909768	epochs	3.0
873.0384852109008	0.05412699999999404	epochs	2.0
873.0384852109008	0.02714780000007977	epochs	3.0
873.0656330109009	0.026979199999914272	epochs	3.0
873.0926122109008	0.0534607000000733	epochs	2.0
873.0926122109008	0.026812600000084785	epochs	3.0
873.1194248109009	0.026648099999988517	epochs	3.0
873.1460729109009	0.05281070000000909	epochs	2.0
873.1460729109009	0.026485600000000886	epochs	3.0
873.1725585109009	0.026325100000008206	epochs	3.0
873.1988836109009	0.05217619999996259	epochs	2.0
873.1988836109009	0.026166399999965506	epochs	3.0
873.2250500109009	0.026009799999997085	epochs	3.0
873.2510598109009	0.051556699999991906	epochs	2.0
873.2510598109009	0.025854800000047362	epochs	3.0
873.2769146109009	0.025701899999944544	epochs	3.0
873.3026165109009	0.05095189999997274	epochs	2.0
873.3026165109009	0.02555070000005344	epochs	3.0
873.3281672109009	0.0254011999999193	epochs	3.0
873.3535684109008	0.05036100000006627	epochs	2.0
873.3535684109008	0.0252535000000762	epochs	3.0
873.3788219109009	0.02510749999999007	epochs	3.0
873.4039294109009	0.049783800000000156	epochs	2.0
873.4039294109009	0.02496320000000196	epochs	3.0
873.4288926109009	0.024820599999998194	epochs	3.0
873.4537132109009	0.04921949999993558	epochs	2.0
873.4537132109009	0.024679399999968155	epochs	3.0
873.4783926109009	0.024540099999967424	epochs	3.0
873.5029327109008	0.04866790000005494	epochs	2.0
873.5029327109008	0.024402100000088467	epochs	3.0
873.5273348109009	0.024265799999966475	epochs	3.0
873.5516006109009	0.04812860000004093	epochs	2.0
873.5516006109009	0.024131000000011227	epochs	3.0
873.5757316109009	0.023997600000029706	epochs	3.0
873.5997292109009	0.04760109999995166	epochs	2.0
873.5997292109009	0.023865799999953197	epochs	3.0
873.6235950109009	0.02373529999999846	epochs	3.0
873.6473303109009	0.047085000000038235	epochs	2.0
873.6473303109009	0.023606299999983094	epochs	3.0
873.6709366109009	0.02347870000005514	epochs	3.0
873.6944153109009	0.046579999999948996	epochs	2.0
873.6944153109009	0.02335249999998723	epochs	3.0
873.7177678109009	0.023227499999961765	epochs	3.0
873.7409953109009	0.046085700000048746	epochs	2.0
873.7409953109009	0.023103999999989355	epochs	3.0
873.7640993109009	0.02298170000005939	epochs	3.0
873.7870810109009	0.045601799999985815	epochs	2.0
873.7870810109009	0.02286069999991014	epochs	3.0
873.8099417109008	0.022741100000075676	epochs	3.0
873.8326828109009	0.04512790000001132	epochs	2.0
873.8326828109009	0.022622500000011314	epochs	3.0
873.8553053109009	0.02250540000000001	epochs	3.0
873.8778107109009	0.044663799999966614	epochs	2.0
873.8778107109009	0.02238929999998618	epochs	3.0
873.9002000109009	0.022274499999980435	epochs	3.0
873.9224745109009	0.04420919999995476	epochs	2.0
873.9224745109009	0.022160799999937808	epochs	3.0
873.9446353109008	0.022048400000016954	epochs	3.0
873.9666837109008	0.043763600000033875	epochs	2.0
873.9666837109008	0.021936900000014248	epochs	3.0
873.9886206109009	0.021826700000019628	epochs	3.0
874.0104473109009	0.04332710000005591	epochs	2.0
874.0104473109009	0.021717599999988124	epochs	3.0
874.0321649109009	0.021609500000067783	epochs	3.0
874.0537744109009	0.042898999999920306	epochs	2.0
874.0537744109009	0.02150249999999687	epochs	3.0
874.0752769109009	0.021396499999923435	epochs	3.0
874.0966734109008	0.042479500000013104	epochs	2.0
874.0966734109008	0.02129170000000613	epochs	3.0
874.1179651109009	0.021187800000006973	epochs	3.0
874.1391529109009	0.042067900000006375	epochs	2.0
874.1391529109009	0.02108490000000529	epochs	3.0
874.1602378109009	0.020983000000001084	epochs	3.0
874.1812208109009	0.04166440000005878	epochs	2.0
874.1812208109009	0.020882199999959994	epochs	3.0
874.2021030109008	0.020782200000098783	epochs	3.0
874.2228852109009	0.04126850000000104	epochs	2.0
874.2228852109009	0.020683299999973315	epochs	3.0
874.2435685109009	0.020585200000027726	epochs	3.0
874.2641537109009	0.040879999999901884	epochs	2.0
874.2641537109009	0.020488099999965925	epochs	3.0
874.2846418109009	0.02039189999993596	epochs	3.0
874.3050337109008	0.04049880000002304	epochs	2.0
874.3050337109008	0.020296600000051512	epochs	3.0
874.3253303109009	0.020202199999971526	epochs	3.0
874.3455325109009	0.04012460000001283	epochs	2.0
874.3455325109009	0.02010870000003706	epochs	3.0
874.3656412109009	0.020015899999975773	epochs	3.0
874.3856571109009	0.03975730000001931	epochs	2.0
874.3856571109009	0.019924199999991288	epochs	3.0
874.4055813109009	0.019833100000028026	epochs	3.0
874.4254144109009	0.03939669999999751	epochs	2.0
874.4254144109009	0.01974299999994855	epochs	3.0
874.4451574109008	0.019653700000048957	epochs	3.0
874.4648111109009	0.03904239999997117	epochs	2.0
874.4648111109009	0.01956510000002254	epochs	3.0
874.4843762109009	0.019477299999948627	epochs	3.0
874.5038535109009	0.03869459999998526	epochs	2.0
874.5038535109009	0.019390400000020236	epochs	3.0
874.5232439109009	0.01930419999996502	epochs	3.0
874.5425481109008	0.03835290000006353	epochs	2.0
874.5425481109008	0.019218800000089686	epochs	3.0
874.5617669109009	0.01913409999997384	epochs	3.0
874.5809010109009	0.03801720000001296	epochs	2.0
874.5809010109009	0.01905019999992419	epochs	3.0
874.5999512109008	0.018967000000088774	epochs	3.0
874.6189182109009	0.03768719999993664	epochs	2.0
874.6189182109009	0.01888450000001285	epochs	3.0
874.6378027109009	0.01880269999992379	epochs	3.0
874.6566054109009	0.03736309999999321	epochs	2.0
874.6566054109009	0.018721700000014607	epochs	3.0
874.6753271109009	0.018641399999978603	epochs	3.0
874.6939685109008	0.03704430000004777	epochs	2.0
874.6939685109008	0.01856159999999818	epochs	3.0
874.7125301109008	0.01848270000004959	epochs	3.0
874.7310128109009	0.0367310000000316	epochs	2.0
874.7310128109009	0.018404299999929208	epochs	3.0
874.7494171109008	0.01832670000010239	epochs	3.0
874.7677438109009	0.03642289999993409	epochs	2.0
874.7677438109009	0.018249599999990096	epochs	3.0
874.7859934109009	0.018173299999943993	epochs	3.0
874.8041667109009	0.03612010000006194	epochs	2.0
874.8041667109009	0.0180976000000328	epochs	3.0
874.8222643109009	0.01802250000002914	epochs	3.0
874.8402868109009	0.03582209999990482	epochs	2.0
874.8402868109009	0.017947899999967376	epochs	3.0
874.8582347109009	0.017874199999937446	epochs	3.0
874.8761089109008	0.0355290000001105	epochs	2.0
874.8761089109008	0.017800800000031813	epochs	3.0
874.8939097109009	0.017728200000078687	epochs	3.0
874.9116379109009	0.035240699999917524	epochs	2.0
874.9116379109009	0.017656099999953767	epochs	3.0
874.9292940109009	0.017584599999963757	epochs	3.0
874.9468786109009	0.034957100000042374	epochs	2.0
874.9468786109009	0.01751369999999497	epochs	3.0
874.9643923109008	0.017443400000047404	epochs	3.0
874.9818357109009	0.03467790000001969	epochs	2.0
874.9818357109009	0.017373599999928047	epochs	3.0
874.9992093109008	0.017304300000091644	epochs	3.0
875.0165136109009	0.03440330000000813	epochs	2.0
875.0165136109009	0.01723570000001473	epochs	3.0
875.0337493109009	0.0171675999999934	epochs	3.0
875.0509169109009	0.03413279999995211	epochs	2.0
875.0509169109009	0.01709989999994832	epochs	3.0
875.0680168109009	0.017032900000003792	epochs	3.0
875.0850497109009	0.033866699999975935	epochs	2.0
875.0850497109009	0.01696640000000116	epochs	3.0
875.1020161109009	0.016900299999974777	epochs	3.0
875.1189164109009	0.03360459999998966	epochs	2.0
875.1189164109009	0.016834800000083305	epochs	3.0
875.1357512109009	0.016769799999906354	epochs	3.0
875.1525210109008	0.03334660000007261	epochs	2.0
875.1525210109008	0.016705300000012357	epochs	3.0
875.1692263109009	0.016641300000060255	epochs	3.0
875.1858676109009	0.03309249999995245	epochs	2.0
875.1858676109009	0.01657779999993636	epochs	3.0
875.2024454109009	0.01651470000001609	epochs	3.0
875.2189601109009	0.03284229999997024	epochs	2.0
875.2189601109009	0.01645220000000336	epochs	3.0
875.2354123109009	0.01639009999996688	epochs	3.0
875.2518024109008	0.03259570000000167	epochs	2.0
875.2518024109008	0.016328400000020338	epochs	3.0
875.2681308109009	0.016267299999981333	epochs	3.0
875.2843981109008	0.03235290000009172	epochs	2.0
875.2843981109008	0.016206600000032267	epochs	3.0
875.3006047109009	0.016146300000059455	epochs	3.0
875.3167510109009	0.03211369999996805	epochs	2.0
875.3167510109009	0.016086599999994178	epochs	3.0
875.3328376109009	0.01602709999997387	epochs	3.0
875.3488647109009	0.03187800000000607	epochs	2.0
875.3488647109009	0.015968199999974786	epochs	3.0
875.3648329109009	0.015909800000031282	epochs	3.0
875.3807427109009	0.031645700000012766	epochs	2.0
875.3807427109009	0.01585160000001906	epochs	3.0
875.3965943109009	0.015794099999993705	epochs	3.0
875.4123884109009	0.031416699999908815	epochs	2.0
875.4123884109009	0.01573669999993399	epochs	3.0
875.4281251109009	0.015679999999974825	epochs	3.0
875.4438051109008	0.031191100000000915	epochs	2.0
875.4438051109008	0.015623600000026272	epochs	3.0
875.4594287109009	0.015567499999974643	epochs	3.0
875.4749962109008	0.030968700000016725	epochs	2.0
875.4749962109008	0.015512000000057924	epochs	3.0
875.4905082109009	0.0154566999999588	epochs	3.0
875.5059649109008	0.03074950000006993	epochs	2.0
875.5059649109008	0.015401999999994587	epochs	3.0
875.5213669109008	0.015347500000075343	epochs	3.0
875.5367144109009	0.030533199999922545	epochs	2.0
875.5367144109009	0.015293400000018664	epochs	3.0
875.5520078109009	0.01523979999990388	epochs	3.0
875.5672476109008	0.03032010000003993	epochs	2.0
875.5672476109008	0.015186500000027081	epochs	3.0
875.5824341109009	0.015133600000012848	epochs	3.0
875.5975677109009	0.030109899999956724	epochs	2.0
875.5975677109009	0.015081000000009226	epochs	3.0
875.6126487109009	0.015028899999947498	epochs	3.0
875.6276776109008	0.02990250000004835	epochs	2.0
875.6276776109008	0.014977000000044427	epochs	3.0
875.6426546109009	0.014925500000003922	epochs	3.0
875.6575801109009	0.029698100000018712	epochs	2.0
875.6575801109009	0.014874400000053356	epochs	3.0
875.6724545109009	0.014823699999965356	epochs	3.0
875.6872782109009	0.02949630000000525	epochs	2.0
875.6872782109009	0.014773199999922326	epochs	3.0
875.7020514109008	0.014723100000082923	epochs	3.0
875.7167745109009	0.02929740000001857	epochs	2.0
875.7167745109009	0.014673399999992398	epochs	3.0
875.7314479109009	0.014624000000026172	epochs	3.0
875.7460719109009	0.029101099999934377	epochs	2.0
875.7460719109009	0.01457489999995687	epochs	3.0
875.7606468109009	0.014526199999977507	epochs	3.0
875.7751730109009	0.028907399999980044	epochs	2.0
875.7751730109009	0.014477700000043114	epochs	3.0
875.7896507109009	0.014429699999936929	epochs	3.0
875.8040804109008	0.028716200000076242	epochs	2.0
875.8040804109008	0.014381800000023759	epochs	3.0
875.8184622109009	0.014334400000052483	epochs	3.0
875.8327966109009	0.02852759999996124	epochs	2.0
875.8327966109009	0.01428720000001249	epochs	3.0
875.8470838109009	0.01424039999994875	epochs	3.0
875.8613242109009	0.028341400000044814	epochs	2.0
875.8613242109009	0.014193800000043666	epochs	3.0
875.8755180109009	0.014147600000001148	epochs	3.0
875.8896656109009	0.028157699999951546	epochs	2.0
875.8896656109009	0.014101699999969242	epochs	3.0
875.9037673109009	0.014055999999982305	epochs	3.0
875.9178233109009	0.027976299999977527	epochs	2.0
875.9178233109009	0.01401060000000598	epochs	3.0
875.9318339109009	0.013965699999971548	epochs	3.0
875.9457996109008	0.02779720000000907	epochs	2.0
875.9457996109008	0.013920800000050804	epochs	3.0
875.9597204109009	0.013876399999958267	epochs	3.0
875.9735968109009	0.027620400000046175	epochs	2.0
875.9735968109009	0.013832200000024386	epochs	3.0
875.9874290109009	0.013788200000021789	epochs	3.0
876.0012172109009	0.027445899999975154	epochs	2.0
876.0012172109009	0.013744599999995444	epochs	3.0
876.0149618109009	0.01370129999997971	epochs	3.0
876.0286631109009	0.027273499999978412	epochs	2.0
876.0286631109009	0.013658200000008947	epochs	3.0
876.0423213109009	0.013615299999969466	epochs	3.0
876.0559366109009	0.027103399999987232	epochs	2.0
876.0559366109009	0.013572800000019924	epochs	3.0
876.0695094109009	0.013530599999967308	epochs	3.0
876.0830400109008	0.02693520000002536	epochs	2.0
876.0830400109008	0.013488400000028378	epochs	3.0
876.0965284109009	0.013446799999996983	epochs	3.0
876.1099752109009	0.026769199999989723	epochs	2.0
876.1099752109009	0.013405199999965589	epochs	3.0
876.1233804109008	0.013364000000024134	epochs	3.0
876.1367444109009	0.026605200000062723	epochs	2.0
876.1367444109009	0.013322900000048321	epochs	3.0
876.1500673109009	0.013282300000014402	epochs	3.0
876.1633496109009	0.0264431999999033	epochs	2.0
876.1633496109009	0.013241699999980483	epochs	3.0
876.1765913109009	0.013201499999922817	epochs	3.0
876.1897928109008	0.026283200000079887	epochs	2.0
876.1897928109008	0.013161500000023807	epochs	3.0
876.2029543109009	0.01312170000005608	epochs	3.0
876.2160760109009	0.02612499999997908	epochs	2.0
876.2160760109009	0.013082100000019636	epochs	3.0
876.2291581109009	0.013042899999959445	epochs	3.0
876.2422010109009	0.025968899999952555	epochs	2.0
876.2422010109009	0.013003899999944224	epochs	3.0
876.2552049109008	0.012965000000008331	epochs	3.0
876.2681699109008	0.025814500000024054	epochs	2.0
876.2681699109008	0.01292640000008305	epochs	3.0
876.2810963109009	0.012888099999941005	epochs	3.0
876.2939844109009	0.025661900000045534	epochs	2.0
876.2939844109009	0.012849899999991976	epochs	3.0
876.3068343109009	0.012812000000053558	epochs	3.0
876.3196463109009	0.025511199999982637	epochs	2.0
876.3196463109009	0.012774400000012065	epochs	3.0
876.3324207109009	0.012736799999970572	epochs	3.0
876.3451575109009	0.025362299999983406	epochs	2.0
876.3451575109009	0.01269969999998466	epochs	3.0
876.3578572109009	0.012662599999998747	epochs	3.0
876.3705198109009	0.025215000000002874	epochs	2.0
876.3705198109009	0.012625800000023446	epochs	3.0
876.3831456109009	0.012589199999979428	epochs	3.0
876.3957348109009	0.024584799999956886	epochs	2.0
876.4188392109008	0.5	epochs	-1.0
876.4203196109008	0.52800000000002	epochs	1.0
876.9483196109009	0.4719200000000683	epochs	0.0
878.0779995918274	0.11231999999995423	epochs	0.0
878.0779995918274	0.05116180000004533	epochs	1.0
878.1291613918274	0.009996399999977257	epochs	1.0
878.1391577918274	0.051161799999931645	epochs	1.0
878.1903195918273	2.0	epochs	0.0
880.1903195918273	21.54720000000009	epochs	0.0
880.1903195918273	1.0	epochs	1.0
880.1903591918274	0.5	epochs	-1.0
880.6903591918274	19.998479999999972	epochs	-1.0
881.1903195918273	20.0	epochs	1.0
881.1903195918273	4.356753900000058	epochs	-1.0
881.1903195918273	1.9745872000000873	epochs	2.0
881.1903195918273	1.0985622000000603	epochs	3.0
882.2888817918274	0.8760250000000269	epochs	3.0
883.1649067918274	1.352407499999913	epochs	2.0
883.1649067918274	0.7286354999999958	epochs	3.0
883.8935422918274	0.6237719999999172	epochs	3.0
884.5173142918273	1.0297592000000577	epochs	2.0
884.5173142918273	0.5453293000000485	epochs	3.0
885.0626435918274	0.4844299000000092	epochs	3.0
885.5470734918274	0.8317862000000105	epochs	2.0
885.5470734918274	0.4357763000000432	epochs	3.0
885.9828497918274	0.3960098999999673	epochs	3.0
886.3788596918274	0.6977969999999232	epochs	2.0
886.3788596918274	0.3628982000000178	epochs	3.0
886.7417578918274	0.33489879999990535	epochs	3.0
887.0766566918273	0.6010457000000997	epochs	2.0
887.0766566918273	0.3109123000000409	epochs	3.0
887.3875689918274	0.2901334000000588	epochs	3.0
887.6777023918274	0.5278859000000011	epochs	2.0
887.6777023918274	0.2719585999999481	epochs	3.0
887.9496609918274	0.25592730000005304	epochs	3.0
888.2055882918274	0.470619299999953	epochs	2.0
888.2055882918274	0.241681299999982	epochs	3.0
888.4472695918274	0.228937999999971	epochs	3.0
888.6762075918274	0.42457039999999324	epochs	2.0
888.6762075918274	0.21747140000002219	epochs	3.0
888.8936789918274	0.20709899999997106	epochs	3.0
889.1007779918274	0.3867354000000205	epochs	2.0
889.1007779918274	0.19767109999997956	epochs	3.0
889.2984490918274	0.18906430000004093	epochs	3.0
889.4875133918274	0.3550953000000163	epochs	2.0
889.4875133918274	0.18117589999997108	epochs	3.0
889.6686892918274	0.17391940000004524	epochs	3.0
889.8426086918274	0.3282431000000088	epochs	2.0
889.8426086918274	0.16722189999995862	epochs	3.0
890.0098305918274	0.16102120000005016	epochs	3.0
890.1708517918274	0.30516799999998057	epochs	2.0
890.1708517918274	0.15526389999990897	epochs	3.0
890.3261156918273	0.1499041000000716	epochs	3.0
890.4760197918274	0.28512530000000424	epochs	2.0
890.4760197918274	0.1449020999999675	epochs	3.0
890.6209218918274	0.14022320000003674	epochs	3.0
890.7611450918274	0.2675537999999733	epochs	2.0
890.7611450918274	0.1358368999999584	epochs	3.0
890.8969819918274	0.1317169000000149	epochs	3.0
891.0286988918274	0.2520229000000427	epochs	2.0
891.0286988918274	0.1278393000000051	epochs	3.0
891.1565381918274	0.12418360000003759	epochs	3.0
891.2807217918274	0.23819649999995818	epochs	2.0
891.2807217918274	0.12073109999994358	epochs	3.0
891.4014528918274	0.1174654000000146	epochs	3.0
891.5189182918274	0.2258087999999816	epochs	2.0
891.5189182918274	0.11437190000003739	epochs	3.0
891.6332901918274	0.11143689999994422	epochs	3.0
891.7447270918274	0.2146460000000161	epochs	2.0
891.7447270918274	0.10864890000004834	epochs	3.0
891.8533759918274	0.10599709999996776	epochs	3.0
891.9593730918274	0.20453499999996438	epochs	2.0
891.9593730918274	0.10347149999995509	epochs	3.0
892.0628445918273	0.1010635000000093	epochs	3.0
892.1639080918274	0.19533400000000256	epochs	2.0
892.1639080918274	0.09876510000003691	epochs	3.0
892.2626731918274	0.09656889999996565	epochs	3.0
892.3592420918274	0.18692529999998442	epochs	2.0
892.3592420918274	0.09446830000001682	epochs	3.0
892.4537103918274	0.09245699999996759	epochs	3.0
892.5461673918273	0.17921069999999872	epochs	2.0
892.5461673918273	0.0905296000000817	epochs	3.0
892.6366969918274	0.08868109999991702	epochs	3.0
892.7253780918273	0.17210770000008324	epochs	2.0
892.7253780918273	0.08690630000000965	epochs	3.0
892.8122843918273	0.08520140000007359	epochs	3.0
892.8974857918274	0.1655463999999256	epochs	2.0
892.8974857918274	0.08356189999994967	epochs	3.0
892.9810476918274	0.08198449999997592	epochs	3.0
893.0630321918273	0.15946710000002895	epochs	2.0
893.0630321918273	0.08046540000009372	epochs	3.0
893.1434975918274	0.07900169999993523	epochs	3.0
893.2224992918274	0.15381839999997737	epochs	2.0
893.2224992918274	0.07759010000006583	epochs	3.0
893.3000893918274	0.07622829999991154	epochs	3.0
893.3763176918274	0.14855640000007497	epochs	2.0
893.3763176918274	0.07491330000004837	epochs	3.0
893.4512309918274	0.0736431000000266	epochs	3.0
893.5248740918274	0.14364239999997608	epochs	2.0
893.5248740918274	0.07241499999997814	epochs	3.0
893.5972890918274	0.07122739999999794	epochs	3.0
893.6685164918274	0.13904309999998077	epochs	2.0
893.6685164918274	0.07007799999996678	epochs	3.0
893.7385944918274	0.06896510000001399	epochs	3.0
893.8075595918274	0.1347293000000036	epochs	2.0
893.8075595918274	0.0678871000000072	epochs	3.0
893.8754466918274	0.06684219999999641	epochs	3.0
893.9422888918274	0.1306752000000415	epochs	2.0
893.9422888918274	0.06582909999997355	epochs	3.0
894.0081179918274	0.06484610000006796	epochs	3.0
894.0729640918274	0.1268577999999252	epochs	2.0
894.0729640918274	0.06389200000000983	epochs	3.0
894.1368560918274	0.06296579999991536	epochs	3.0
894.1998218918274	0.12325720000001184	epochs	2.0
894.1998218918274	0.06206580000002759	epochs	3.0
894.2618876918274	0.06119139999998424	epochs	3.0
894.3230790918274	0.11985540000000583	epochs	2.0
894.3230790918274	0.06034110000007331	epochs	3.0
894.3834201918274	0.05951429999993252	epochs	3.0
894.4429344918274	0.11663620000001629	epochs	2.0
894.4429344918274	0.05870960000004288	epochs	3.0
894.5016440918274	0.057926599999973405	epochs	3.0
894.5595706918274	0.11358559999996487	epochs	2.0
894.5595706918274	0.05716419999998834	epochs	3.0
894.6167348918274	0.05642139999997653	epochs	3.0
894.6731562918274	0.11069050000003244	epochs	2.0
894.6731562918274	0.055697900000041045	epochs	3.0
894.7288541918274	0.0549925999999914	epochs	3.0
894.7838467918274	0.10793909999995321	epochs	2.0
894.7838467918274	0.05430490000003374	epochs	3.0
894.8381516918274	0.053634199999919474	epochs	3.0
894.8917858918273	0.10532150000005913	epochs	2.0
894.8917858918273	0.05298000000004777	epochs	3.0
894.9447658918274	0.052341500000011365	epochs	3.0
894.9971073918274	0.10282759999995505	epochs	2.0
894.9971073918274	0.05171810000001642	epochs	3.0
895.0488254918274	0.051109499999938635	epochs	3.0
895.0999349918274	0.10044909999999163	epochs	2.0
895.0999349918274	0.050514900000052876	epochs	3.0
895.1504498918274	0.049934199999938755	epochs	3.0
895.2003840918273	0.09817830000008598	epochs	2.0
895.2003840918273	0.049366600000098515	epochs	3.0
895.2497506918274	0.04881169999998747	epochs	3.0
895.2985623918274	0.09600779999993847	epochs	2.0
895.2985623918274	0.04826919999993606	epochs	3.0
895.3468315918274	0.04773860000000241	epochs	3.0
895.3945701918274	0.09393120000004274	epochs	2.0
895.3945701918274	0.04721949999998287	epochs	3.0
895.4417896918274	0.046711700000059864	epochs	3.0
895.4885013918274	0.09194260000003851	epochs	2.0
895.4885013918274	0.046214599999984785	epochs	3.0
895.5347159918274	0.045728000000053726	epochs	3.0
895.5804439918275	0.09003629999995155	epochs	2.0
895.5804439918275	0.045251499999949374	epochs	3.0
895.6256954918274	0.04478480000000218	epochs	3.0
895.6704802918274	0.08820760000003247	epochs	2.0
895.6704802918274	0.044327800000019124	epochs	3.0
895.7148080918274	0.04387980000001335	epochs	3.0
895.7586878918274	0.0864516999999978	epochs	2.0
895.7586878918274	0.04344099999991613	epochs	3.0
895.8021288918274	0.04301070000008167	epochs	3.0
895.8451395918274	0.08476429999996071	epochs	2.0
895.8451395918274	0.04258899999990717	epochs	3.0
895.8877285918273	0.04217530000005354	epochs	3.0
895.9299038918274	0.08314150000001064	epochs	2.0
895.9299038918274	0.04176970000003166	epochs	3.0
895.9716735918274	0.041371799999978975	epochs	3.0
896.0130453918274	0.08157970000002024	epochs	2.0
896.0130453918274	0.040981399999964196	epochs	3.0
896.0540267918274	0.04059830000005604	epochs	3.0
896.0946250918274	0.08007550000002084	epochs	2.0
896.0946250918274	0.04022229999998217	epochs	3.0
896.1348473918274	0.03985320000003867	epochs	3.0
896.1747005918274	0.07862569999997504	epochs	2.0
896.1747005918274	0.0394907999999532	epochs	3.0
896.2141913918274	0.039134900000021844	epochs	3.0
896.2533262918274	0.07722760000001472	epochs	2.0
896.2533262918274	0.03878539999993791	epochs	3.0
896.2921116918274	0.03844220000007681	epochs	3.0
896.3305538918274	0.07587819999992007	epochs	2.0
896.3305538918274	0.03810479999992822	epochs	3.0
896.3686586918274	0.03777339999999185	epochs	3.0
896.4064320918274	0.0745752000000266	epochs	2.0
896.4064320918274	0.03744770000002973	epochs	3.0
896.4438797918274	0.03712749999999687	epochs	3.0
896.4810072918274	0.07331629999998768	epochs	2.0
896.4810072918274	0.036812899999972615	epochs	3.0
896.5178201918274	0.03650340000001506	epochs	3.0
896.5543235918274	0.07209899999998015	epochs	2.0
896.5543235918274	0.03619909999997617	epochs	3.0
896.5905226918273	0.03589990000000398	epochs	3.0
896.6264225918273	0.07092170000009901	epochs	2.0
896.6264225918273	0.03560560000005353	epochs	3.0
896.6620281918274	0.03531610000004548	epochs	3.0
896.6973442918274	0.0697819999999183	epochs	2.0
896.6973442918274	0.03503119999993487	epochs	3.0
896.7323754918274	0.03475079999998343	epochs	3.0
896.7671262918274	0.06867859999999837	epochs	2.0
896.7671262918274	0.03447510000000875	epochs	3.0
896.8016013918274	0.03420349999998962	epochs	3.0
896.8358048918274	0.06760930000007193	epochs	2.0
896.8358048918274	0.033936199999970995	epochs	3.0
896.8697410918273	0.03367310000010093	epochs	3.0
896.9034141918274	0.06657289999998284	epochs	2.0
896.9034141918274	0.03341399999999339	epochs	3.0
896.9368281918274	0.033158899999989444	epochs	3.0
896.9699870918274	0.06556779999993978	epochs	2.0
896.9699870918274	0.032907700000009754	epochs	3.0
897.0028947918274	0.032660099999930026	epochs	3.0
897.0355548918274	0.06459260000008271	epochs	2.0
897.0355548918274	0.032416399999988244	epochs	3.0
897.0679712918273	0.03217620000009447	epochs	3.0
897.1001474918274	0.0636459999999488	epochs	2.0
897.1001474918274	0.03193959999998697	epochs	3.0
897.1320870918274	0.03170639999996183	epochs	3.0
897.1637934918274	0.0627266999999847	epochs	2.0
897.1637934918274	0.03147660000001906	epochs	3.0
897.1952700918274	0.03125009999996564	epochs	3.0
897.2265201918274	0.06183359999999993	epochs	2.0
897.2265201918274	0.031026900000028945	epochs	3.0
897.2575470918274	0.030806699999970988	epochs	3.0
897.2883537918274	0.06096560000003137	epochs	2.0
897.2883537918274	0.030589800000029754	epochs	3.0
897.3189435918274	0.030375800000001618	epochs	3.0
897.3493193918274	0.06012160000000222	epochs	2.0
897.3493193918274	0.03016489999993155	epochs	3.0
897.3794842918273	0.02995670000007067	epochs	3.0
897.4094409918274	0.05930069999999432	epochs	2.0
897.4094409918274	0.02975159999994048	epochs	3.0
897.4391925918274	0.02954910000005384	epochs	3.0
897.4687416918274	0.05850180000004457	epochs	2.0
897.4687416918274	0.02934940000000097	epochs	3.0
897.4980910918274	0.0291524000000436	epochs	3.0
897.5272434918274	0.05772419999993872	epochs	2.0
897.5272434918274	0.028957999999988715	epochs	3.0
897.5562014918274	0.028766199999950004	epochs	3.0
897.5849676918274	0.05696709999995164	epochs	2.0
897.5849676918274	0.028577000000041153	epochs	3.0
897.6135446918274	0.02839009999991049	epochs	3.0
897.6419347918273	0.056229500000085864	epochs	2.0
897.6419347918273	0.028205700000057732	epochs	3.0
897.6701404918274	0.028023800000028132	epochs	3.0
897.6981642918274	0.05551070000001346	epochs	2.0
897.6981642918274	0.027843999999959124	epochs	3.0
897.7260082918274	0.027666700000054334	epochs	3.0
897.7536749918274	0.05481019999990622	epochs	2.0
897.7536749918274	0.02749149999999645	epochs	3.0
897.7811664918274	0.027318699999909768	epochs	3.0
897.8084851918273	0.05412699999999404	epochs	2.0
897.8084851918273	0.02714780000007977	epochs	3.0
897.8356329918274	0.026979199999914272	epochs	3.0
897.8626121918273	0.0534607000000733	epochs	2.0
897.8626121918273	0.026812600000084785	epochs	3.0
897.8894247918274	0.026648099999988517	epochs	3.0
897.9160728918274	0.05281070000000909	epochs	2.0
897.9160728918274	0.026485600000000886	epochs	3.0
897.9425584918274	0.026325100000008206	epochs	3.0
897.9688835918274	0.05217619999996259	epochs	2.0
897.9688835918274	0.026166399999965506	epochs	3.0
897.9950499918274	0.026009799999997085	epochs	3.0
898.0210597918274	0.051556699999991906	epochs	2.0
898.0210597918274	0.025854800000047362	epochs	3.0
898.0469145918274	0.025701899999944544	epochs	3.0
898.0726164918274	0.05095189999997274	epochs	2.0
898.0726164918274	0.02555070000005344	epochs	3.0
898.0981671918274	0.0254011999999193	epochs	3.0
898.1235683918273	0.05036100000006627	epochs	2.0
898.1235683918273	0.0252535000000762	epochs	3.0
898.1488218918274	0.02510749999999007	epochs	3.0
898.1739293918274	0.049783800000000156	epochs	2.0
898.1739293918274	0.02496320000000196	epochs	3.0
898.1988925918274	0.024820599999998194	epochs	3.0
898.2237131918274	0.04921949999993558	epochs	2.0
898.2237131918274	0.024679399999968155	epochs	3.0
898.2483925918274	0.024540099999967424	epochs	3.0
898.2729326918274	0.04866790000005494	epochs	2.0
898.2729326918274	0.024402100000088467	epochs	3.0
898.2973347918274	0.024265799999966475	epochs	3.0
898.3216005918274	0.04812860000004093	epochs	2.0
898.3216005918274	0.024131000000011227	epochs	3.0
898.3457315918274	0.023997600000029706	epochs	3.0
898.3697291918274	0.04760109999995166	epochs	2.0
898.3697291918274	0.023865799999953197	epochs	3.0
898.3935949918274	0.02373529999999846	epochs	3.0
898.4173302918274	0.047085000000038235	epochs	2.0
898.4173302918274	0.023606299999983094	epochs	3.0
898.4409365918274	0.02347870000005514	epochs	3.0
898.4644152918274	0.046579999999948996	epochs	2.0
898.4644152918274	0.02335249999998723	epochs	3.0
898.4877677918274	0.023227499999961765	epochs	3.0
898.5109952918274	0.046085700000048746	epochs	2.0
898.5109952918274	0.023103999999989355	epochs	3.0
898.5340992918274	0.02298170000005939	epochs	3.0
898.5570809918274	0.045601799999985815	epochs	2.0
898.5570809918274	0.02286069999991014	epochs	3.0
898.5799416918273	0.022741100000075676	epochs	3.0
898.6026827918274	0.04512790000001132	epochs	2.0
898.6026827918274	0.022622500000011314	epochs	3.0
898.6253052918274	0.02250540000000001	epochs	3.0
898.6478106918274	0.044663799999966614	epochs	2.0
898.6478106918274	0.02238929999998618	epochs	3.0
898.6701999918274	0.022274499999980435	epochs	3.0
898.6924744918274	0.04420919999995476	epochs	2.0
898.6924744918274	0.022160799999937808	epochs	3.0
898.7146352918273	0.022048400000016954	epochs	3.0
898.7366836918274	0.043763600000033875	epochs	2.0
898.7366836918274	0.021936900000014248	epochs	3.0
898.7586205918274	0.021826700000019628	epochs	3.0
898.7804472918274	0.04332710000005591	epochs	2.0
898.7804472918274	0.021717599999988124	epochs	3.0
898.8021648918274	0.021609500000067783	epochs	3.0
898.8237743918274	0.042898999999920306	epochs	2.0
898.8237743918274	0.02150249999999687	epochs	3.0
898.8452768918274	0.021396499999923435	epochs	3.0
898.8666733918274	0.042479500000013104	epochs	2.0
898.8666733918274	0.02129170000000613	epochs	3.0
898.8879650918274	0.021187800000006973	epochs	3.0
898.9091528918274	0.042067900000006375	epochs	2.0
898.9091528918274	0.02108490000000529	epochs	3.0
898.9302377918274	0.020983000000001084	epochs	3.0
898.9512207918274	0.04166440000005878	epochs	2.0
898.9512207918274	0.020882199999959994	epochs	3.0
898.9721029918273	0.020782200000098783	epochs	3.0
898.9928851918274	0.04126850000000104	epochs	2.0
898.9928851918274	0.020683299999973315	epochs	3.0
899.0135684918274	0.020585200000027726	epochs	3.0
899.0341536918274	0.040879999999901884	epochs	2.0
899.0341536918274	0.020488099999965925	epochs	3.0
899.0546417918274	0.02039189999993596	epochs	3.0
899.0750336918273	0.04049880000002304	epochs	2.0
899.0750336918273	0.020296600000051512	epochs	3.0
899.0953302918274	0.020202199999971526	epochs	3.0
899.1155324918274	0.04012460000001283	epochs	2.0
899.1155324918274	0.02010870000003706	epochs	3.0
899.1356411918274	0.020015899999975773	epochs	3.0
899.1556570918274	0.03975730000001931	epochs	2.0
899.1556570918274	0.019924199999991288	epochs	3.0
899.1755812918274	0.019833100000028026	epochs	3.0
899.1954143918274	0.03939669999999751	epochs	2.0
899.1954143918274	0.01974299999994855	epochs	3.0
899.2151573918273	0.019653700000048957	epochs	3.0
899.2348110918274	0.03904239999997117	epochs	2.0
899.2348110918274	0.01956510000002254	epochs	3.0
899.2543761918274	0.019477299999948627	epochs	3.0
899.2738534918274	0.03869459999998526	epochs	2.0
899.2738534918274	0.019390400000020236	epochs	3.0
899.2932438918274	0.01930419999996502	epochs	3.0
899.3125480918274	0.03835290000006353	epochs	2.0
899.3125480918274	0.019218800000089686	epochs	3.0
899.3317668918274	0.01913409999997384	epochs	3.0
899.3509009918274	0.03801720000001296	epochs	2.0
899.3509009918274	0.01905019999992419	epochs	3.0
899.3699511918273	0.018967000000088774	epochs	3.0
899.3889181918274	0.03768719999993664	epochs	2.0
899.3889181918274	0.01888450000001285	epochs	3.0
899.4078026918274	0.01880269999992379	epochs	3.0
899.4266053918274	0.03736309999999321	epochs	2.0
899.4266053918274	0.018721700000014607	epochs	3.0
899.4453270918274	0.018641399999978603	epochs	3.0
899.4639684918274	0.03704430000004777	epochs	2.0
899.4639684918274	0.01856159999999818	epochs	3.0
899.4825300918274	0.01848270000004959	epochs	3.0
899.5010127918274	0.0367310000000316	epochs	2.0
899.5010127918274	0.018404299999929208	epochs	3.0
899.5194170918273	0.01832670000010239	epochs	3.0
899.5377437918274	0.03642289999993409	epochs	2.0
899.5377437918274	0.018249599999990096	epochs	3.0
899.5559933918274	0.018173299999943993	epochs	3.0
899.5741666918274	0.03612010000006194	epochs	2.0
899.5741666918274	0.0180976000000328	epochs	3.0
899.5922642918274	0.01802250000002914	epochs	3.0
899.6102867918274	0.03582209999990482	epochs	2.0
899.6102867918274	0.017947899999967376	epochs	3.0
899.6282346918274	0.017874199999937446	epochs	3.0
899.6461088918273	0.0355290000001105	epochs	2.0
899.6461088918273	0.017800800000031813	epochs	3.0
899.6639096918274	0.017728200000078687	epochs	3.0
899.6816378918274	0.035240699999917524	epochs	2.0
899.6816378918274	0.017656099999953767	epochs	3.0
899.6992939918274	0.017584599999963757	epochs	3.0
899.7168785918274	0.034957100000042374	epochs	2.0
899.7168785918274	0.01751369999999497	epochs	3.0
899.7343922918274	0.017443400000047404	epochs	3.0
899.7518356918274	0.03467790000001969	epochs	2.0
899.7518356918274	0.017373599999928047	epochs	3.0
899.7692092918273	0.017304300000091644	epochs	3.0
899.7865135918274	0.03440330000000813	epochs	2.0
899.7865135918274	0.01723570000001473	epochs	3.0
899.8037492918274	0.0171675999999934	epochs	3.0
899.8209168918274	0.03413279999995211	epochs	2.0
899.8209168918274	0.01709989999994832	epochs	3.0
899.8380167918274	0.017032900000003792	epochs	3.0
899.8550496918274	0.033866699999975935	epochs	2.0
899.8550496918274	0.01696640000000116	epochs	3.0
899.8720160918274	0.016900299999974777	epochs	3.0
899.8889163918274	0.03360459999998966	epochs	2.0
899.8889163918274	0.016834800000083305	epochs	3.0
899.9057511918274	0.016769799999906354	epochs	3.0
899.9225209918274	0.03334660000007261	epochs	2.0
899.9225209918274	0.016705300000012357	epochs	3.0
899.9392262918274	0.016641300000060255	epochs	3.0
899.9558675918274	0.03309249999995245	epochs	2.0
899.9558675918274	0.01657779999993636	epochs	3.0
899.9724453918274	0.01651470000001609	epochs	3.0
899.9889600918274	0.03284229999997024	epochs	2.0
899.9889600918274	0.01645220000000336	epochs	3.0
900.0054122918274	0.01639009999996688	epochs	3.0
900.0218023918274	0.03259570000000167	epochs	2.0
900.0218023918274	0.016328400000020338	epochs	3.0
900.0381307918274	0.016267299999981333	epochs	3.0
900.0543980918274	0.03235290000009172	epochs	2.0
900.0543980918274	0.016206600000032267	epochs	3.0
900.0706046918274	0.016146300000059455	epochs	3.0
900.0867509918274	0.03211369999996805	epochs	2.0
900.0867509918274	0.016086599999994178	epochs	3.0
900.1028375918274	0.01602709999997387	epochs	3.0
900.1188646918274	0.03187800000000607	epochs	2.0
900.1188646918274	0.015968199999974786	epochs	3.0
900.1348328918274	0.015909800000031282	epochs	3.0
900.1507426918274	0.031645700000012766	epochs	2.0
900.1507426918274	0.01585160000001906	epochs	3.0
900.1665942918274	0.015794099999993705	epochs	3.0
900.1823883918274	0.031416699999908815	epochs	2.0
900.1823883918274	0.01573669999993399	epochs	3.0
900.1981250918274	0.015679999999974825	epochs	3.0
900.2138050918273	0.031191100000000915	epochs	2.0
900.2138050918273	0.015623600000026272	epochs	3.0
900.2294286918274	0.015567499999974643	epochs	3.0
900.2449961918273	0.030968700000016725	epochs	2.0
900.2449961918273	0.015512000000057924	epochs	3.0
900.2605081918274	0.0154566999999588	epochs	3.0
900.2759648918274	0.03074950000006993	epochs	2.0
900.2759648918274	0.015401999999994587	epochs	3.0
900.2913668918274	0.015347500000075343	epochs	3.0
900.3067143918274	0.030533199999922545	epochs	2.0
900.3067143918274	0.015293400000018664	epochs	3.0
900.3220077918274	0.01523979999990388	epochs	3.0
900.3372475918273	0.03032010000003993	epochs	2.0
900.3372475918273	0.015186500000027081	epochs	3.0
900.3524340918274	0.015133600000012848	epochs	3.0
900.3675676918274	0.030109899999956724	epochs	2.0
900.3675676918274	0.015081000000009226	epochs	3.0
900.3826486918274	0.015028899999947498	epochs	3.0
900.3976775918273	0.02990250000004835	epochs	2.0
900.3976775918273	0.014977000000044427	epochs	3.0
900.4126545918274	0.014925500000003922	epochs	3.0
900.4275800918274	0.029698100000018712	epochs	2.0
900.4275800918274	0.014874400000053356	epochs	3.0
900.4424544918274	0.014823699999965356	epochs	3.0
900.4572781918274	0.02949630000000525	epochs	2.0
900.4572781918274	0.014773199999922326	epochs	3.0
900.4720513918273	0.014723100000082923	epochs	3.0
900.4867744918274	0.02929740000001857	epochs	2.0
900.4867744918274	0.014673399999992398	epochs	3.0
900.5014478918274	0.014624000000026172	epochs	3.0
900.5160718918274	0.029101099999934377	epochs	2.0
900.5160718918274	0.01457489999995687	epochs	3.0
900.5306467918274	0.014526199999977507	epochs	3.0
900.5451729918274	0.028907399999980044	epochs	2.0
900.5451729918274	0.014477700000043114	epochs	3.0
900.5596506918274	0.014429699999936929	epochs	3.0
900.5740803918274	0.028716200000076242	epochs	2.0
900.5740803918274	0.014381800000023759	epochs	3.0
900.5884621918274	0.014334400000052483	epochs	3.0
900.6027965918274	0.02852759999996124	epochs	2.0
900.6027965918274	0.01428720000001249	epochs	3.0
900.6170837918274	0.01424039999994875	epochs	3.0
900.6313241918274	0.028341400000044814	epochs	2.0
900.6313241918274	0.014193800000043666	epochs	3.0
900.6455179918274	0.014147600000001148	epochs	3.0
900.6596655918274	0.028157699999951546	epochs	2.0
900.6596655918274	0.014101699999969242	epochs	3.0
900.6737672918274	0.014055999999982305	epochs	3.0
900.6878232918274	0.027976299999977527	epochs	2.0
900.6878232918274	0.01401060000000598	epochs	3.0
900.7018338918274	0.013965699999971548	epochs	3.0
900.7157995918274	0.02779720000000907	epochs	2.0
900.7157995918274	0.013920800000050804	epochs	3.0
900.7297203918274	0.013876399999958267	epochs	3.0
900.7435967918274	0.027620400000046175	epochs	2.0
900.7435967918274	0.013832200000024386	epochs	3.0
900.7574289918274	0.013788200000021789	epochs	3.0
900.7712171918274	0.027445899999975154	epochs	2.0
900.7712171918274	0.013744599999995444	epochs	3.0
900.7849617918274	0.01370129999997971	epochs	3.0
900.7986630918274	0.027273499999978412	epochs	2.0
900.7986630918274	0.013658200000008947	epochs	3.0
900.8123212918274	0.013615299999969466	epochs	3.0
900.8259365918274	0.027103399999987232	epochs	2.0
900.8259365918274	0.013572800000019924	epochs	3.0
900.8395093918274	0.013530599999967308	epochs	3.0
900.8530399918274	0.02693520000002536	epochs	2.0
900.8530399918274	0.013488400000028378	epochs	3.0
900.8665283918274	0.013446799999996983	epochs	3.0
900.8799751918274	0.026769199999989723	epochs	2.0
900.8799751918274	0.013405199999965589	epochs	3.0
900.8933803918273	0.013364000000024134	epochs	3.0
900.9067443918274	0.026605200000062723	epochs	2.0
900.9067443918274	0.013322900000048321	epochs	3.0
900.9200672918274	0.013282300000014402	epochs	3.0
900.9333495918274	0.0264431999999033	epochs	2.0
900.9333495918274	0.013241699999980483	epochs	3.0
900.9465912918274	0.013201499999922817	epochs	3.0
900.9597927918273	0.026283200000079887	epochs	2.0
900.9597927918273	0.013161500000023807	epochs	3.0
900.9729542918274	0.01312170000005608	epochs	3.0
900.9860759918274	0.02612499999997908	epochs	2.0
900.9860759918274	0.013082100000019636	epochs	3.0
900.9991580918274	0.013042899999959445	epochs	3.0
901.0122009918274	0.025968899999952555	epochs	2.0
901.0122009918274	0.013003899999944224	epochs	3.0
901.0252048918273	0.012965000000008331	epochs	3.0
901.0381698918274	0.025814500000024054	epochs	2.0
901.0381698918274	0.01292640000008305	epochs	3.0
901.0510962918274	0.012888099999941005	epochs	3.0
901.0639843918274	0.025661900000045534	epochs	2.0
901.0639843918274	0.012849899999991976	epochs	3.0
901.0768342918274	0.012812000000053558	epochs	3.0
901.0896462918274	0.025511199999982637	epochs	2.0
901.0896462918274	0.012774400000012065	epochs	3.0
901.1024206918274	0.012736799999970572	epochs	3.0
901.1151574918274	0.025362299999983406	epochs	2.0
901.1151574918274	0.01269969999998466	epochs	3.0
901.1278571918274	0.012662599999998747	epochs	3.0
901.1405197918274	0.025215000000002874	epochs	2.0
901.1405197918274	0.012625800000023446	epochs	3.0
901.1531455918274	0.012589199999979428	epochs	3.0
901.1657347918274	0.024584799999956886	epochs	2.0
901.1888391918274	0.5	epochs	-1.0
901.1903195918273	0.547200000000089	epochs	1.0
901.7375195918274	0.45271999999999935	epochs	0.0
902.9539999961853	0.11231999999995423	epochs	0.0
902.9539999961853	0.05116180000004533	epochs	1.0
903.0051617961853	0.009996399999977257	epochs	1.0
903.0151581961853	0.051161799999931645	epochs	1.0
903.0663199961853	2.0	epochs	0.0
905.0663199961853	21.99992000000009	epochs	0.0
905.0663199961853	1.0	epochs	1.0
905.0663595961853	0.5	epochs	-1.0
905.5663595961853	19.998479999999972	epochs	-1.0
906.0663199961853	20.0	epochs	1.0
906.0663199961853	4.356753900000058	epochs	-1.0
906.0663199961853	1.9745872000000873	epochs	2.0
906.0663199961853	1.0985622000000603	epochs	3.0
907.1648821961853	0.8760250000000269	epochs	3.0
908.0409071961853	1.352407499999913	epochs	2.0
908.0409071961853	0.7286354999999958	epochs	3.0
908.7695426961853	0.6237719999999172	epochs	3.0
909.3933146961853	1.0297592000000577	epochs	2.0
909.3933146961853	0.5453293000000485	epochs	3.0
909.9386439961853	0.4844299000000092	epochs	3.0
910.4230738961853	0.8317862000000105	epochs	2.0
910.4230738961853	0.4357763000000432	epochs	3.0
910.8588501961854	0.3960098999999673	epochs	3.0
911.2548600961853	0.6977969999999232	epochs	2.0
911.2548600961853	0.3628982000000178	epochs	3.0
911.6177582961853	0.33489879999990535	epochs	3.0
911.9526570961852	0.6010457000000997	epochs	2.0
911.9526570961852	0.3109123000000409	epochs	3.0
912.2635693961853	0.2901334000000588	epochs	3.0
912.5537027961853	0.5278859000000011	epochs	2.0
912.5537027961853	0.2719585999999481	epochs	3.0
912.8256613961853	0.25592730000005304	epochs	3.0
913.0815886961853	0.470619299999953	epochs	2.0
913.0815886961853	0.241681299999982	epochs	3.0
913.3232699961853	0.228937999999971	epochs	3.0
913.5522079961853	0.42457039999999324	epochs	2.0
913.5522079961853	0.21747140000002219	epochs	3.0
913.7696793961853	0.20709899999997106	epochs	3.0
913.9767783961853	0.3867354000000205	epochs	2.0
913.9767783961853	0.19767109999997956	epochs	3.0
914.1744494961853	0.18906430000004093	epochs	3.0
914.3635137961853	0.3550953000000163	epochs	2.0
914.3635137961853	0.18117589999997108	epochs	3.0
914.5446896961853	0.17391940000004524	epochs	3.0
914.7186090961853	0.3282431000000088	epochs	2.0
914.7186090961853	0.16722189999995862	epochs	3.0
914.8858309961853	0.16102120000005016	epochs	3.0
915.0468521961853	0.30516799999998057	epochs	2.0
915.0468521961853	0.15526389999990897	epochs	3.0
915.2021160961853	0.1499041000000716	epochs	3.0
915.3520201961853	0.28512530000000424	epochs	2.0
915.3520201961853	0.1449020999999675	epochs	3.0
915.4969222961853	0.14022320000003674	epochs	3.0
915.6371454961853	0.2675537999999733	epochs	2.0
915.6371454961853	0.1358368999999584	epochs	3.0
915.7729823961853	0.1317169000000149	epochs	3.0
915.9046992961853	0.2520229000000427	epochs	2.0
915.9046992961853	0.1278393000000051	epochs	3.0
916.0325385961853	0.12418360000003759	epochs	3.0
916.1567221961853	0.23819649999995818	epochs	2.0
916.1567221961853	0.12073109999994358	epochs	3.0
916.2774532961853	0.1174654000000146	epochs	3.0
916.3949186961853	0.2258087999999816	epochs	2.0
916.3949186961853	0.11437190000003739	epochs	3.0
916.5092905961853	0.11143689999994422	epochs	3.0
916.6207274961853	0.2146460000000161	epochs	2.0
916.6207274961853	0.10864890000004834	epochs	3.0
916.7293763961853	0.10599709999996776	epochs	3.0
916.8353734961853	0.20453499999996438	epochs	2.0
916.8353734961853	0.10347149999995509	epochs	3.0
916.9388449961853	0.1010635000000093	epochs	3.0
917.0399084961853	0.19533400000000256	epochs	2.0
917.0399084961853	0.09876510000003691	epochs	3.0
917.1386735961853	0.09656889999996565	epochs	3.0
917.2352424961853	0.18692529999998442	epochs	2.0
917.2352424961853	0.09446830000001682	epochs	3.0
917.3297107961853	0.09245699999996759	epochs	3.0
917.4221677961852	0.17921069999999872	epochs	2.0
917.4221677961852	0.0905296000000817	epochs	3.0
917.5126973961853	0.08868109999991702	epochs	3.0
917.6013784961852	0.17210770000008324	epochs	2.0
917.6013784961852	0.08690630000000965	epochs	3.0
917.6882847961853	0.08520140000007359	epochs	3.0
917.7734861961853	0.1655463999999256	epochs	2.0
917.7734861961853	0.08356189999994967	epochs	3.0
917.8570480961853	0.08198449999997592	epochs	3.0
917.9390325961853	0.15946710000002895	epochs	2.0
917.9390325961853	0.08046540000009372	epochs	3.0
918.0194979961854	0.07900169999993523	epochs	3.0
918.0984996961853	0.15381839999997737	epochs	2.0
918.0984996961853	0.07759010000006583	epochs	3.0
918.1760897961854	0.07622829999991154	epochs	3.0
918.2523180961853	0.14855640000007497	epochs	2.0
918.2523180961853	0.07491330000004837	epochs	3.0
918.3272313961853	0.0736431000000266	epochs	3.0
918.4008744961853	0.14364239999997608	epochs	2.0
918.4008744961853	0.07241499999997814	epochs	3.0
918.4732894961853	0.07122739999999794	epochs	3.0
918.5445168961853	0.13904309999998077	epochs	2.0
918.5445168961853	0.07007799999996678	epochs	3.0
918.6145948961853	0.06896510000001399	epochs	3.0
918.6835599961853	0.1347293000000036	epochs	2.0
918.6835599961853	0.0678871000000072	epochs	3.0
918.7514470961853	0.06684219999999641	epochs	3.0
918.8182892961853	0.1306752000000415	epochs	2.0
918.8182892961853	0.06582909999997355	epochs	3.0
918.8841183961853	0.06484610000006796	epochs	3.0
918.9489644961853	0.1268577999999252	epochs	2.0
918.9489644961853	0.06389200000000983	epochs	3.0
919.0128564961853	0.06296579999991536	epochs	3.0
919.0758222961853	0.12325720000001184	epochs	2.0
919.0758222961853	0.06206580000002759	epochs	3.0
919.1378880961853	0.06119139999998424	epochs	3.0
919.1990794961853	0.11985540000000583	epochs	2.0
919.1990794961853	0.06034110000007331	epochs	3.0
919.2594205961854	0.05951429999993252	epochs	3.0
919.3189348961853	0.11663620000001629	epochs	2.0
919.3189348961853	0.05870960000004288	epochs	3.0
919.3776444961853	0.057926599999973405	epochs	3.0
919.4355710961853	0.11358559999996487	epochs	2.0
919.4355710961853	0.05716419999998834	epochs	3.0
919.4927352961853	0.05642139999997653	epochs	3.0
919.5491566961853	0.11069050000003244	epochs	2.0
919.5491566961853	0.055697900000041045	epochs	3.0
919.6048545961853	0.0549925999999914	epochs	3.0
919.6598471961853	0.10793909999995321	epochs	2.0
919.6598471961853	0.05430490000003374	epochs	3.0
919.7141520961853	0.053634199999919474	epochs	3.0
919.7677862961852	0.10532150000005913	epochs	2.0
919.7677862961852	0.05298000000004777	epochs	3.0
919.8207662961853	0.052341500000011365	epochs	3.0
919.8731077961853	0.10282759999995505	epochs	2.0
919.8731077961853	0.05171810000001642	epochs	3.0
919.9248258961853	0.051109499999938635	epochs	3.0
919.9759353961853	0.10044909999999163	epochs	2.0
919.9759353961853	0.050514900000052876	epochs	3.0
920.0264502961853	0.049934199999938755	epochs	3.0
920.0763844961853	0.09817830000008598	epochs	2.0
920.0763844961853	0.049366600000098515	epochs	3.0
920.1257510961854	0.04881169999998747	epochs	3.0
920.1745627961853	0.09600779999993847	epochs	2.0
920.1745627961853	0.04826919999993606	epochs	3.0
920.2228319961853	0.04773860000000241	epochs	3.0
920.2705705961853	0.09393120000004274	epochs	2.0
920.2705705961853	0.04721949999998287	epochs	3.0
920.3177900961853	0.046711700000059864	epochs	3.0
920.3645017961853	0.09194260000003851	epochs	2.0
920.3645017961853	0.046214599999984785	epochs	3.0
920.4107163961853	0.045728000000053726	epochs	3.0
920.4564443961854	0.09003629999995155	epochs	2.0
920.4564443961854	0.045251499999949374	epochs	3.0
920.5016958961853	0.04478480000000218	epochs	3.0
920.5464806961853	0.08820760000003247	epochs	2.0
920.5464806961853	0.044327800000019124	epochs	3.0
920.5908084961853	0.04387980000001335	epochs	3.0
920.6346882961853	0.0864516999999978	epochs	2.0
920.6346882961853	0.04344099999991613	epochs	3.0
920.6781292961853	0.04301070000008167	epochs	3.0
920.7211399961853	0.08476429999996071	epochs	2.0
920.7211399961853	0.04258899999990717	epochs	3.0
920.7637289961853	0.04217530000005354	epochs	3.0
920.8059042961853	0.08314150000001064	epochs	2.0
920.8059042961853	0.04176970000003166	epochs	3.0
920.8476739961853	0.041371799999978975	epochs	3.0
920.8890457961853	0.08157970000002024	epochs	2.0
920.8890457961853	0.040981399999964196	epochs	3.0
920.9300271961853	0.04059830000005604	epochs	3.0
920.9706254961853	0.08007550000002084	epochs	2.0
920.9706254961853	0.04022229999998217	epochs	3.0
921.0108477961853	0.03985320000003867	epochs	3.0
921.0507009961854	0.07862569999997504	epochs	2.0
921.0507009961854	0.0394907999999532	epochs	3.0
921.0901917961853	0.039134900000021844	epochs	3.0
921.1293266961853	0.07722760000001472	epochs	2.0
921.1293266961853	0.03878539999993791	epochs	3.0
921.1681120961853	0.03844220000007681	epochs	3.0
921.2065542961853	0.07587819999992007	epochs	2.0
921.2065542961853	0.03810479999992822	epochs	3.0
921.2446590961853	0.03777339999999185	epochs	3.0
921.2824324961853	0.0745752000000266	epochs	2.0
921.2824324961853	0.03744770000002973	epochs	3.0
921.3198801961853	0.03712749999999687	epochs	3.0
921.3570076961853	0.07331629999998768	epochs	2.0
921.3570076961853	0.036812899999972615	epochs	3.0
921.3938205961853	0.03650340000001506	epochs	3.0
921.4303239961853	0.07209899999998015	epochs	2.0
921.4303239961853	0.03619909999997617	epochs	3.0
921.4665230961853	0.03589990000000398	epochs	3.0
921.5024229961853	0.07092170000009901	epochs	2.0
921.5024229961853	0.03560560000005353	epochs	3.0
921.5380285961853	0.03531610000004548	epochs	3.0
921.5733446961854	0.0697819999999183	epochs	2.0
921.5733446961854	0.03503119999993487	epochs	3.0
921.6083758961853	0.03475079999998343	epochs	3.0
921.6431266961853	0.06867859999999837	epochs	2.0
921.6431266961853	0.03447510000000875	epochs	3.0
921.6776017961853	0.03420349999998962	epochs	3.0
921.7118052961853	0.06760930000007193	epochs	2.0
921.7118052961853	0.033936199999970995	epochs	3.0
921.7457414961852	0.03367310000010093	epochs	3.0
921.7794145961853	0.06657289999998284	epochs	2.0
921.7794145961853	0.03341399999999339	epochs	3.0
921.8128285961853	0.033158899999989444	epochs	3.0
921.8459874961853	0.06556779999993978	epochs	2.0
921.8459874961853	0.032907700000009754	epochs	3.0
921.8788951961853	0.032660099999930026	epochs	3.0
921.9115552961853	0.06459260000008271	epochs	2.0
921.9115552961853	0.032416399999988244	epochs	3.0
921.9439716961853	0.03217620000009447	epochs	3.0
921.9761478961854	0.0636459999999488	epochs	2.0
921.9761478961854	0.03193959999998697	epochs	3.0
922.0080874961853	0.03170639999996183	epochs	3.0
922.0397938961853	0.0627266999999847	epochs	2.0
922.0397938961853	0.03147660000001906	epochs	3.0
922.0712704961853	0.03125009999996564	epochs	3.0
922.1025205961853	0.06183359999999993	epochs	2.0
922.1025205961853	0.031026900000028945	epochs	3.0
922.1335474961853	0.030806699999970988	epochs	3.0
922.1643541961853	0.06096560000003137	epochs	2.0
922.1643541961853	0.030589800000029754	epochs	3.0
922.1949439961853	0.030375800000001618	epochs	3.0
922.2253197961853	0.06012160000000222	epochs	2.0
922.2253197961853	0.03016489999993155	epochs	3.0
922.2554846961852	0.02995670000007067	epochs	3.0
922.2854413961853	0.05930069999999432	epochs	2.0
922.2854413961853	0.02975159999994048	epochs	3.0
922.3151929961853	0.02954910000005384	epochs	3.0
922.3447420961853	0.05850180000004457	epochs	2.0
922.3447420961853	0.02934940000000097	epochs	3.0
922.3740914961853	0.0291524000000436	epochs	3.0
922.4032438961854	0.05772419999993872	epochs	2.0
922.4032438961854	0.028957999999988715	epochs	3.0
922.4322018961853	0.028766199999950004	epochs	3.0
922.4609680961853	0.05696709999995164	epochs	2.0
922.4609680961853	0.028577000000041153	epochs	3.0
922.4895450961853	0.02839009999991049	epochs	3.0
922.5179351961852	0.056229500000085864	epochs	2.0
922.5179351961852	0.028205700000057732	epochs	3.0
922.5461408961853	0.028023800000028132	epochs	3.0
922.5741646961853	0.05551070000001346	epochs	2.0
922.5741646961853	0.027843999999959124	epochs	3.0
922.6020086961853	0.027666700000054334	epochs	3.0
922.6296753961853	0.05481019999990622	epochs	2.0
922.6296753961853	0.02749149999999645	epochs	3.0
922.6571668961853	0.027318699999909768	epochs	3.0
922.6844855961853	0.05412699999999404	epochs	2.0
922.6844855961853	0.02714780000007977	epochs	3.0
922.7116333961853	0.026979199999914272	epochs	3.0
922.7386125961852	0.0534607000000733	epochs	2.0
922.7386125961852	0.026812600000084785	epochs	3.0
922.7654251961853	0.026648099999988517	epochs	3.0
922.7920732961853	0.05281070000000909	epochs	2.0
922.7920732961853	0.026485600000000886	epochs	3.0
922.8185588961853	0.026325100000008206	epochs	3.0
922.8448839961853	0.05217619999996259	epochs	2.0
922.8448839961853	0.026166399999965506	epochs	3.0
922.8710503961853	0.026009799999997085	epochs	3.0
922.8970601961853	0.051556699999991906	epochs	2.0
922.8970601961853	0.025854800000047362	epochs	3.0
922.9229149961853	0.025701899999944544	epochs	3.0
922.9486168961853	0.05095189999997274	epochs	2.0
922.9486168961853	0.02555070000005344	epochs	3.0
922.9741675961853	0.0254011999999193	epochs	3.0
922.9995687961853	0.05036100000006627	epochs	2.0
922.9995687961853	0.0252535000000762	epochs	3.0
923.0248222961853	0.02510749999999007	epochs	3.0
923.0499297961853	0.049783800000000156	epochs	2.0
923.0499297961853	0.02496320000000196	epochs	3.0
923.0748929961853	0.024820599999998194	epochs	3.0
923.0997135961853	0.04921949999993558	epochs	2.0
923.0997135961853	0.024679399999968155	epochs	3.0
923.1243929961853	0.024540099999967424	epochs	3.0
923.1489330961853	0.04866790000005494	epochs	2.0
923.1489330961853	0.024402100000088467	epochs	3.0
923.1733351961853	0.024265799999966475	epochs	3.0
923.1976009961853	0.04812860000004093	epochs	2.0
923.1976009961853	0.024131000000011227	epochs	3.0
923.2217319961853	0.023997600000029706	epochs	3.0
923.2457295961854	0.04760109999995166	epochs	2.0
923.2457295961854	0.023865799999953197	epochs	3.0
923.2695953961853	0.02373529999999846	epochs	3.0
923.2933306961853	0.047085000000038235	epochs	2.0
923.2933306961853	0.023606299999983094	epochs	3.0
923.3169369961853	0.02347870000005514	epochs	3.0
923.3404156961853	0.046579999999948996	epochs	2.0
923.3404156961853	0.02335249999998723	epochs	3.0
923.3637681961853	0.023227499999961765	epochs	3.0
923.3869956961853	0.046085700000048746	epochs	2.0
923.3869956961853	0.023103999999989355	epochs	3.0
923.4100996961853	0.02298170000005939	epochs	3.0
923.4330813961853	0.045601799999985815	epochs	2.0
923.4330813961853	0.02286069999991014	epochs	3.0
923.4559420961853	0.022741100000075676	epochs	3.0
923.4786831961853	0.04512790000001132	epochs	2.0
923.4786831961853	0.022622500000011314	epochs	3.0
923.5013056961853	0.02250540000000001	epochs	3.0
923.5238110961853	0.044663799999966614	epochs	2.0
923.5238110961853	0.02238929999998618	epochs	3.0
923.5462003961853	0.022274499999980435	epochs	3.0
923.5684748961853	0.04420919999995476	epochs	2.0
923.5684748961853	0.022160799999937808	epochs	3.0
923.5906356961852	0.022048400000016954	epochs	3.0
923.6126840961853	0.043763600000033875	epochs	2.0
923.6126840961853	0.021936900000014248	epochs	3.0
923.6346209961853	0.021826700000019628	epochs	3.0
923.6564476961853	0.04332710000005591	epochs	2.0
923.6564476961853	0.021717599999988124	epochs	3.0
923.6781652961853	0.021609500000067783	epochs	3.0
923.6997747961854	0.042898999999920306	epochs	2.0
923.6997747961854	0.02150249999999687	epochs	3.0
923.7212772961853	0.021396499999923435	epochs	3.0
923.7426737961853	0.042479500000013104	epochs	2.0
923.7426737961853	0.02129170000000613	epochs	3.0
923.7639654961853	0.021187800000006973	epochs	3.0
923.7851532961853	0.042067900000006375	epochs	2.0
923.7851532961853	0.02108490000000529	epochs	3.0
923.8062381961853	0.020983000000001084	epochs	3.0
923.8272211961853	0.04166440000005878	epochs	2.0
923.8272211961853	0.020882199999959994	epochs	3.0
923.8481033961853	0.020782200000098783	epochs	3.0
923.8688855961854	0.04126850000000104	epochs	2.0
923.8688855961854	0.020683299999973315	epochs	3.0
923.8895688961853	0.020585200000027726	epochs	3.0
923.9101540961854	0.040879999999901884	epochs	2.0
923.9101540961854	0.020488099999965925	epochs	3.0
923.9306421961853	0.02039189999993596	epochs	3.0
923.9510340961853	0.04049880000002304	epochs	2.0
923.9510340961853	0.020296600000051512	epochs	3.0
923.9713306961853	0.020202199999971526	epochs	3.0
923.9915328961853	0.04012460000001283	epochs	2.0
923.9915328961853	0.02010870000003706	epochs	3.0
924.0116415961853	0.020015899999975773	epochs	3.0
924.0316574961853	0.03975730000001931	epochs	2.0
924.0316574961853	0.019924199999991288	epochs	3.0
924.0515816961853	0.019833100000028026	epochs	3.0
924.0714147961853	0.03939669999999751	epochs	2.0
924.0714147961853	0.01974299999994855	epochs	3.0
924.0911577961853	0.019653700000048957	epochs	3.0
924.1108114961853	0.03904239999997117	epochs	2.0
924.1108114961853	0.01956510000002254	epochs	3.0
924.1303765961853	0.019477299999948627	epochs	3.0
924.1498538961853	0.03869459999998526	epochs	2.0
924.1498538961853	0.019390400000020236	epochs	3.0
924.1692442961853	0.01930419999996502	epochs	3.0
924.1885484961853	0.03835290000006353	epochs	2.0
924.1885484961853	0.019218800000089686	epochs	3.0
924.2077672961854	0.01913409999997384	epochs	3.0
924.2269013961853	0.03801720000001296	epochs	2.0
924.2269013961853	0.01905019999992419	epochs	3.0
924.2459515961853	0.018967000000088774	epochs	3.0
924.2649185961853	0.03768719999993664	epochs	2.0
924.2649185961853	0.01888450000001285	epochs	3.0
924.2838030961854	0.01880269999992379	epochs	3.0
924.3026057961853	0.03736309999999321	epochs	2.0
924.3026057961853	0.018721700000014607	epochs	3.0
924.3213274961853	0.018641399999978603	epochs	3.0
924.3399688961853	0.03704430000004777	epochs	2.0
924.3399688961853	0.01856159999999818	epochs	3.0
924.3585304961853	0.01848270000004959	epochs	3.0
924.3770131961853	0.0367310000000316	epochs	2.0
924.3770131961853	0.018404299999929208	epochs	3.0
924.3954174961852	0.01832670000010239	epochs	3.0
924.4137441961853	0.03642289999993409	epochs	2.0
924.4137441961853	0.018249599999990096	epochs	3.0
924.4319937961853	0.018173299999943993	epochs	3.0
924.4501670961853	0.03612010000006194	epochs	2.0
924.4501670961853	0.0180976000000328	epochs	3.0
924.4682646961853	0.01802250000002914	epochs	3.0
924.4862871961853	0.03582209999990482	epochs	2.0
924.4862871961853	0.017947899999967376	epochs	3.0
924.5042350961853	0.017874199999937446	epochs	3.0
924.5221092961852	0.0355290000001105	epochs	2.0
924.5221092961852	0.017800800000031813	epochs	3.0
924.5399100961853	0.017728200000078687	epochs	3.0
924.5576382961854	0.035240699999917524	epochs	2.0
924.5576382961854	0.017656099999953767	epochs	3.0
924.5752943961853	0.017584599999963757	epochs	3.0
924.5928789961853	0.034957100000042374	epochs	2.0
924.5928789961853	0.01751369999999497	epochs	3.0
924.6103926961853	0.017443400000047404	epochs	3.0
924.6278360961853	0.03467790000001969	epochs	2.0
924.6278360961853	0.017373599999928047	epochs	3.0
924.6452096961852	0.017304300000091644	epochs	3.0
924.6625139961853	0.03440330000000813	epochs	2.0
924.6625139961853	0.01723570000001473	epochs	3.0
924.6797496961854	0.0171675999999934	epochs	3.0
924.6969172961853	0.03413279999995211	epochs	2.0
924.6969172961853	0.01709989999994832	epochs	3.0
924.7140171961853	0.017032900000003792	epochs	3.0
924.7310500961853	0.033866699999975935	epochs	2.0
924.7310500961853	0.01696640000000116	epochs	3.0
924.7480164961853	0.016900299999974777	epochs	3.0
924.7649167961853	0.03360459999998966	epochs	2.0
924.7649167961853	0.016834800000083305	epochs	3.0
924.7817515961854	0.016769799999906354	epochs	3.0
924.7985213961853	0.03334660000007261	epochs	2.0
924.7985213961853	0.016705300000012357	epochs	3.0
924.8152266961853	0.016641300000060255	epochs	3.0
924.8318679961853	0.03309249999995245	epochs	2.0
924.8318679961853	0.01657779999993636	epochs	3.0
924.8484457961853	0.01651470000001609	epochs	3.0
924.8649604961853	0.03284229999997024	epochs	2.0
924.8649604961853	0.01645220000000336	epochs	3.0
924.8814126961853	0.01639009999996688	epochs	3.0
924.8978027961853	0.03259570000000167	epochs	2.0
924.8978027961853	0.016328400000020338	epochs	3.0
924.9141311961853	0.016267299999981333	epochs	3.0
924.9303984961853	0.03235290000009172	epochs	2.0
924.9303984961853	0.016206600000032267	epochs	3.0
924.9466050961853	0.016146300000059455	epochs	3.0
924.9627513961854	0.03211369999996805	epochs	2.0
924.9627513961854	0.016086599999994178	epochs	3.0
924.9788379961853	0.01602709999997387	epochs	3.0
924.9948650961853	0.03187800000000607	epochs	2.0
924.9948650961853	0.015968199999974786	epochs	3.0
925.0108332961853	0.015909800000031282	epochs	3.0
925.0267430961853	0.031645700000012766	epochs	2.0
925.0267430961853	0.01585160000001906	epochs	3.0
925.0425946961853	0.015794099999993705	epochs	3.0
925.0583887961853	0.031416699999908815	epochs	2.0
925.0583887961853	0.01573669999993399	epochs	3.0
925.0741254961853	0.015679999999974825	epochs	3.0
925.0898054961852	0.031191100000000915	epochs	2.0
925.0898054961852	0.015623600000026272	epochs	3.0
925.1054290961853	0.015567499999974643	epochs	3.0
925.1209965961853	0.030968700000016725	epochs	2.0
925.1209965961853	0.015512000000057924	epochs	3.0
925.1365085961853	0.0154566999999588	epochs	3.0
925.1519652961853	0.03074950000006993	epochs	2.0
925.1519652961853	0.015401999999994587	epochs	3.0
925.1673672961853	0.015347500000075343	epochs	3.0
925.1827147961853	0.030533199999922545	epochs	2.0
925.1827147961853	0.015293400000018664	epochs	3.0
925.1980081961854	0.01523979999990388	epochs	3.0
925.2132479961853	0.03032010000003993	epochs	2.0
925.2132479961853	0.015186500000027081	epochs	3.0
925.2284344961853	0.015133600000012848	epochs	3.0
925.2435680961853	0.030109899999956724	epochs	2.0
925.2435680961853	0.015081000000009226	epochs	3.0
925.2586490961853	0.015028899999947498	epochs	3.0
925.2736779961853	0.02990250000004835	epochs	2.0
925.2736779961853	0.014977000000044427	epochs	3.0
925.2886549961853	0.014925500000003922	epochs	3.0
925.3035804961853	0.029698100000018712	epochs	2.0
925.3035804961853	0.014874400000053356	epochs	3.0
925.3184548961854	0.014823699999965356	epochs	3.0
925.3332785961853	0.02949630000000525	epochs	2.0
925.3332785961853	0.014773199999922326	epochs	3.0
925.3480517961852	0.014723100000082923	epochs	3.0
925.3627748961853	0.02929740000001857	epochs	2.0
925.3627748961853	0.014673399999992398	epochs	3.0
925.3774482961853	0.014624000000026172	epochs	3.0
925.3920722961853	0.029101099999934377	epochs	2.0
925.3920722961853	0.01457489999995687	epochs	3.0
925.4066471961853	0.014526199999977507	epochs	3.0
925.4211733961853	0.028907399999980044	epochs	2.0
925.4211733961853	0.014477700000043114	epochs	3.0
925.4356510961853	0.014429699999936929	epochs	3.0
925.4500807961853	0.028716200000076242	epochs	2.0
925.4500807961853	0.014381800000023759	epochs	3.0
925.4644625961853	0.014334400000052483	epochs	3.0
925.4787969961853	0.02852759999996124	epochs	2.0
925.4787969961853	0.01428720000001249	epochs	3.0
925.4930841961854	0.01424039999994875	epochs	3.0
925.5073245961853	0.028341400000044814	epochs	2.0
925.5073245961853	0.014193800000043666	epochs	3.0
925.5215183961853	0.014147600000001148	epochs	3.0
925.5356659961853	0.028157699999951546	epochs	2.0
925.5356659961853	0.014101699999969242	epochs	3.0
925.5497676961853	0.014055999999982305	epochs	3.0
925.5638236961853	0.027976299999977527	epochs	2.0
925.5638236961853	0.01401060000000598	epochs	3.0
925.5778342961853	0.013965699999971548	epochs	3.0
925.5917999961853	0.02779720000000907	epochs	2.0
925.5917999961853	0.013920800000050804	epochs	3.0
925.6057207961853	0.013876399999958267	epochs	3.0
925.6195971961853	0.027620400000046175	epochs	2.0
925.6195971961853	0.013832200000024386	epochs	3.0
925.6334293961853	0.013788200000021789	epochs	3.0
925.6472175961853	0.027445899999975154	epochs	2.0
925.6472175961853	0.013744599999995444	epochs	3.0
925.6609621961853	0.01370129999997971	epochs	3.0
925.6746634961853	0.027273499999978412	epochs	2.0
925.6746634961853	0.013658200000008947	epochs	3.0
925.6883216961853	0.013615299999969466	epochs	3.0
925.7019369961853	0.027103399999987232	epochs	2.0
925.7019369961853	0.013572800000019924	epochs	3.0
925.7155097961853	0.013530599999967308	epochs	3.0
925.7290403961853	0.02693520000002536	epochs	2.0
925.7290403961853	0.013488400000028378	epochs	3.0
925.7425287961853	0.013446799999996983	epochs	3.0
925.7559755961853	0.026769199999989723	epochs	2.0
925.7559755961853	0.013405199999965589	epochs	3.0
925.7693807961853	0.013364000000024134	epochs	3.0
925.7827447961853	0.026605200000062723	epochs	2.0
925.7827447961853	0.013322900000048321	epochs	3.0
925.7960676961853	0.013282300000014402	epochs	3.0
925.8093499961853	0.0264431999999033	epochs	2.0
925.8093499961853	0.013241699999980483	epochs	3.0
925.8225916961853	0.013201499999922817	epochs	3.0
925.8357931961853	0.026283200000079887	epochs	2.0
925.8357931961853	0.013161500000023807	epochs	3.0
925.8489546961853	0.01312170000005608	epochs	3.0
925.8620763961853	0.02612499999997908	epochs	2.0
925.8620763961853	0.013082100000019636	epochs	3.0
925.8751584961853	0.013042899999959445	epochs	3.0
925.8882013961853	0.025968899999952555	epochs	2.0
925.8882013961853	0.013003899999944224	epochs	3.0
925.9012052961853	0.012965000000008331	epochs	3.0
925.9141702961853	0.025814500000024054	epochs	2.0
925.9141702961853	0.01292640000008305	epochs	3.0
925.9270966961853	0.012888099999941005	epochs	3.0
925.9399847961853	0.025661900000045534	epochs	2.0
925.9399847961853	0.012849899999991976	epochs	3.0
925.9528346961853	0.012812000000053558	epochs	3.0
925.9656466961853	0.025511199999982637	epochs	2.0
925.9656466961853	0.012774400000012065	epochs	3.0
925.9784210961853	0.012736799999970572	epochs	3.0
925.9911578961853	0.025362299999983406	epochs	2.0
925.9911578961853	0.01269969999998466	epochs	3.0
926.0038575961853	0.012662599999998747	epochs	3.0
926.0165201961853	0.025215000000002874	epochs	2.0
926.0165201961853	0.012625800000023446	epochs	3.0
926.0291459961853	0.012589199999979428	epochs	3.0
926.0417351961853	0.024584799999956886	epochs	2.0
926.0648395961853	0.5	epochs	-1.0
926.0663199961853	0.9999200000000883	epochs	1.0
926.5648395961853	0.5	epochs	-1.0
939.6180000305176	0.11231999999995423	epochs	0.0
939.6180000305176	0.05116180000004533	epochs	1.0
939.6691618305176	0.009996399999977257	epochs	1.0
939.6791582305176	0.051161799999931645	epochs	1.0
939.7303200305175	2.0	epochs	0.0
941.7303200305175	5.3872800000000325	epochs	0.0
941.7303200305175	1.0	epochs	1.0
941.7303596305176	0.5	epochs	-1.0
942.2303596305176	4.887240399999996	epochs	-1.0
942.7303200305175	4.3872800000000325	epochs	1.0
942.7303200305175	4.356753900000058	epochs	-1.0
942.7303200305175	1.9745872000000873	epochs	2.0
942.7303200305175	1.0985622000000603	epochs	3.0
943.8288822305176	0.8760250000000269	epochs	3.0
944.7049072305176	1.352407499999913	epochs	2.0
944.7049072305176	0.7286354999999958	epochs	3.0
945.4335427305176	0.6237719999999172	epochs	3.0
946.0573147305175	1.0297592000000577	epochs	2.0
946.0573147305175	0.5453293000000485	epochs	3.0
946.6026440305176	0.4844299000000092	epochs	3.0
947.0870739305176	0.030526099999974576	epochs	2.0
947.0870739305176	0.030526099999974576	epochs	3.0
947.1176000305176	16.612640000000056	epochs	0.0
948.3139996528625	0.11231999999995423	epochs	0.0
948.3139996528625	0.05116180000004533	epochs	1.0
948.3651614528626	0.009996399999977257	epochs	1.0
948.3751578528626	0.051161799999931645	epochs	1.0
948.4263196528625	2.0	epochs	0.0
950.4263196528625	0.5077600000000757	epochs	0.0
950.4263196528625	0.5077600000000757	epochs	1.0
950.4263592528625	0.5	epochs	-1.0
950.9263592528625	0.0077204000000392625	epochs	-1.0
950.9340796528626	21.492160000000013	epochs	0.0
952.0809998512268	0.11231999999995423	epochs	0.0
952.0809998512268	0.05116180000004533	epochs	1.0
952.1321616512269	0.009996399999977257	epochs	1.0
952.1421580512268	0.051161799999931645	epochs	1.0
952.1933198512268	2.0	epochs	0.0
954.1933198512268	0.547360000000026	epochs	0.0
954.1933198512268	0.547360000000026	epochs	1.0
954.1933594512268	0.5	epochs	-1.0
954.6933594512268	0.047320399999989604	epochs	-1.0
954.7406798512268	21.452560000000062	epochs	0.0
955.8939995765686	0.11231999999995423	epochs	0.0
955.8939995765686	0.05116180000004533	epochs	1.0
955.9451613765686	0.009996399999977257	epochs	1.0
955.9551577765686	0.051161799999931645	epochs	1.0
956.0063195765686	2.0	epochs	0.0
958.0063195765686	0.5076000000000249	epochs	0.0
958.0063195765686	0.5076000000000249	epochs	1.0
958.0063591765686	0.5	epochs	-1.0
958.5063591765686	0.007560399999988476	epochs	-1.0
958.5139195765686	21.492320000000063	epochs	0.0
959.6769995689392	0.11231999999995423	epochs	0.0
959.6769995689392	0.05116180000004533	epochs	1.0
959.7281613689393	0.009996399999977257	epochs	1.0
959.7381577689392	0.051161799999931645	epochs	1.0
959.7893195689392	2.0	epochs	0.0
961.7893195689392	0.5072000000000116	epochs	0.0
961.7893195689392	0.5072000000000116	epochs	1.0
961.7893591689392	0.5	epochs	-1.0
962.2893591689392	0.007160399999975198	epochs	-1.0
962.2965195689392	21.492720000000077	epochs	0.0
963.5109996795654	0.11231999999995423	epochs	0.0
963.5109996795654	0.05116180000004533	epochs	1.0
963.5621614795655	0.009996399999977257	epochs	1.0
963.5721578795655	0.051161799999931645	epochs	1.0
963.6233196795654	2.0	epochs	0.0
965.6233196795654	0.547200000000089	epochs	0.0
965.6233196795654	0.547200000000089	epochs	1.0
965.6233592795654	0.5	epochs	-1.0
966.1233592795654	0.047160400000052505	epochs	-1.0
966.1705196795655	21.45272	epochs	0.0
967.3429999351501	0.11231999999995423	epochs	0.0
967.3429999351501	0.05116180000004533	epochs	1.0
967.3941617351502	0.009996399999977257	epochs	1.0
967.4041581351502	0.051161799999931645	epochs	1.0
967.4553199351501	2.0	epochs	0.0
969.4553199351501	0.5071200000000999	epochs	0.0
969.4553199351501	0.5071200000000999	epochs	1.0
969.4553595351501	0.5	epochs	-1.0
969.9553595351501	0.0070804000000634915	epochs	-1.0
969.9624399351502	21.49279999999999	epochs	0.0
971.1429996490479	0.11231999999995423	epochs	0.0
971.1429996490479	0.05116180000004533	epochs	1.0
971.1941614490479	0.009996399999977257	epochs	1.0
971.2041578490479	0.051161799999931645	epochs	1.0
971.2553196490478	2.0	epochs	0.0
973.2553196490478	0.5074400000000878	epochs	0.0
973.2553196490478	0.5074400000000878	epochs	1.0
973.2553592490478	0.5	epochs	-1.0
973.7553592490478	0.007400400000051377	epochs	-1.0
973.7627596490479	21.49248	epochs	0.0
974.9539999961853	0.11231999999995423	epochs	0.0
974.9539999961853	0.05116180000004533	epochs	1.0
975.0051617961853	0.009996399999977257	epochs	1.0
975.0151581961853	0.051161799999931645	epochs	1.0
975.0663199961853	2.0	epochs	0.0
977.0663199961853	0.5074400000000878	epochs	0.0
977.0663199961853	0.5074400000000878	epochs	1.0
977.0663595961853	0.5	epochs	-1.0
977.5663595961853	0.007400400000051377	epochs	-1.0
977.5737599961853	21.49248	epochs	0.0
994.5139999389648	0.11231999999995423	epochs	0.0
994.5139999389648	0.05116180000004533	epochs	1.0
994.5651617389649	0.009996399999977257	epochs	1.0
994.5751581389649	0.051161799999931645	epochs	1.0
994.6263199389648	0.2299199999999928	epochs	0.0
994.6263199389648	0.05000000000006821	epochs	1.0
994.6763199389649	0.009999999999990905	epochs	1.0
994.6863199389649	0.049999999999954525	epochs	1.0
994.7363199389648	0.009999999999990905	epochs	1.0
994.7463199389648	0.05000000000006821	epochs	1.0
994.7963199389649	0.009999999999990905	epochs	1.0
994.8063199389649	0.04991999999992913	epochs	1.0
