onset	duration	nwb_table	treelevel
8.14900016784668	0.09999999999999964	epochs	0.0
8.14900016784668	0.04499999999999993	epochs	1.0
8.19400016784668	0.009999999999999787	epochs	1.0
8.20400016784668	0.04499999999999993	epochs	1.0
8.24900016784668	0.7049950000000003	epochs	0.0
8.24900016784668	0.5	epochs	-1.0
8.24900016784668	0.5	epochs	-1.0
8.24900016784668	0.5	epochs	1.0
8.74900016784668	0.0600000000000005	epochs	-1.0
8.74900016784668	0.025000000000000355	epochs	-1.0
8.74900016784668	0.025000000000000355	epochs	1.0
8.77400016784668	0.009999999999999787	epochs	-1.0
8.77400016784668	0.009999999999999787	epochs	1.0
8.78400016784668	0.025000000000000355	epochs	-1.0
8.78400016784668	0.025000000000000355	epochs	1.0
8.80900016784668	0.0600000000000005	epochs	-1.0
8.80900016784668	0.025000000000000355	epochs	-1.0
8.80900016784668	0.025000000000000355	epochs	1.0
8.83400016784668	0.009999999999999787	epochs	-1.0
8.83400016784668	0.009999999999999787	epochs	1.0
8.84400016784668	0.025000000000000355	epochs	-1.0
8.84400016784668	0.025000000000000355	epochs	1.0
8.86900016784668	0.05999999999999872	epochs	-1.0
8.86900016784668	0.02499999999999858	epochs	-1.0
8.86900016784668	0.02499999999999858	epochs	1.0
8.894000167846679	0.010000000000001563	epochs	-1.0
8.894000167846679	0.010000000000001563	epochs	1.0
8.90400016784668	0.02499999999999858	epochs	-1.0
8.90400016784668	0.02499999999999858	epochs	1.0
8.929000167846679	0.024995000000000545	epochs	1.0
470.29699993133545	0.10000000000002274	epochs	0.0
470.29699993133545	0.045000000000015916	epochs	1.0
470.34199993133547	0.009999999999990905	epochs	1.0
470.35199993133546	0.045000000000015916	epochs	1.0
470.3969999313355	0.7049949999999967	epochs	0.0
470.3969999313355	0.5	epochs	-1.0
470.3969999313355	0.5	epochs	1.0
470.8969999313355	0.060000000000002274	epochs	-1.0
470.8969999313355	0.024999999999977263	epochs	-1.0
470.8969999313355	0.024999999999977263	epochs	1.0
470.92199993133545	0.009999999999990905	epochs	-1.0
470.92199993133545	0.009999999999990905	epochs	1.0
470.93199993133544	0.025000000000034106	epochs	-1.0
470.93199993133544	0.025000000000034106	epochs	1.0
470.9569999313355	0.060000000000002274	epochs	-1.0
470.9569999313355	0.024999999999977263	epochs	-1.0
470.9569999313355	0.024999999999977263	epochs	1.0
470.98199993133545	0.009999999999990905	epochs	-1.0
470.98199993133545	0.009999999999990905	epochs	1.0
470.99199993133544	0.025000000000034106	epochs	-1.0
470.99199993133544	0.025000000000034106	epochs	1.0
471.0169999313355	0.05999999999994543	epochs	-1.0
471.0169999313355	0.024999999999977263	epochs	-1.0
471.0169999313355	0.024999999999977263	epochs	1.0
471.04199993133545	0.009999999999990905	epochs	-1.0
471.04199993133545	0.009999999999990905	epochs	1.0
471.05199993133544	0.024999999999977263	epochs	-1.0
471.05199993133544	0.024999999999977263	epochs	1.0
471.0769999313354	0.02499500000004673	epochs	1.0
500.9010000228882	0.10000000000002274	epochs	0.0
500.9010000228882	0.045000000000015916	epochs	1.0
500.9460000228882	0.009999999999990905	epochs	1.0
500.9560000228882	0.045000000000015916	epochs	1.0
501.0010000228882	61.384995	epochs	0.0
501.0010000228882	0.5	epochs	-1.0
501.0010000228882	0.5	epochs	-1.0
501.0010000228882	0.5	epochs	1.0
501.5010000228882	0.060000000000002274	epochs	-1.0
501.5010000228882	0.024999999999977263	epochs	-1.0
501.5010000228882	0.024999999999977263	epochs	1.0
501.5260000228882	0.009999999999990905	epochs	-1.0
501.5260000228882	0.009999999999990905	epochs	1.0
501.5360000228882	0.025000000000034106	epochs	-1.0
501.5360000228882	0.025000000000034106	epochs	1.0
501.5610000228882	0.060000000000002274	epochs	-1.0
501.5610000228882	0.024999999999977263	epochs	-1.0
501.5610000228882	0.024999999999977263	epochs	1.0
501.5860000228882	0.009999999999990905	epochs	-1.0
501.5860000228882	0.009999999999990905	epochs	1.0
501.5960000228882	0.025000000000034106	epochs	-1.0
501.5960000228882	0.025000000000034106	epochs	1.0
501.6210000228882	0.05999999999994543	epochs	-1.0
501.6210000228882	0.024999999999977263	epochs	-1.0
501.6210000228882	0.024999999999977263	epochs	1.0
501.6460000228882	0.009999999999990905	epochs	-1.0
501.6460000228882	0.009999999999990905	epochs	1.0
501.6560000228882	0.024999999999977263	epochs	-1.0
501.6560000228882	0.024999999999977263	epochs	1.0
501.68100002288816	60.0	epochs	1.0
561.6810000228882	0.5	epochs	-1.0
561.6810000228882	0.5	epochs	-1.0
561.6810000228882	0.5	epochs	1.0
562.1810000228882	0.06000000000005912	epochs	-1.0
562.1810000228882	0.024999999999977263	epochs	-1.0
562.1810000228882	0.024999999999977263	epochs	1.0
562.2060000228881	0.010000000000104592	epochs	-1.0
562.2060000228881	0.010000000000104592	epochs	1.0
562.2160000228882	0.024999999999977263	epochs	-1.0
562.2160000228882	0.024999999999977263	epochs	1.0
562.2410000228882	0.05999999999994543	epochs	-1.0
562.2410000228882	0.024999999999977263	epochs	-1.0
562.2410000228882	0.024999999999977263	epochs	1.0
562.2660000228882	0.009999999999990905	epochs	-1.0
562.2660000228882	0.009999999999990905	epochs	1.0
562.2760000228882	0.024999999999977263	epochs	-1.0
562.2760000228882	0.024999999999977263	epochs	1.0
562.3010000228882	0.06000000000005912	epochs	-1.0
562.3010000228882	0.024999999999977263	epochs	-1.0
562.3010000228882	0.024999999999977263	epochs	1.0
562.3260000228881	0.009999999999990905	epochs	-1.0
562.3260000228881	0.009999999999990905	epochs	1.0
562.3360000228881	0.02500000000009095	epochs	-1.0
562.3360000228881	0.02500000000009095	epochs	1.0
562.3610000228882	0.024994999999989886	epochs	1.0
628.9450001716614	0.10000000000002274	epochs	0.0
628.9450001716614	0.04499999999995907	epochs	1.0
628.9900001716613	0.009999999999990905	epochs	1.0
629.0000001716613	0.04500000000007276	epochs	1.0
629.0450001716614	0.7049949999999399	epochs	0.0
629.0450001716614	0.5	epochs	-1.0
629.0450001716614	0.5	epochs	-1.0
629.0450001716614	0.5	epochs	1.0
629.5450001716614	0.05999999999994543	epochs	-1.0
629.5450001716614	0.024999999999977263	epochs	-1.0
629.5450001716614	0.024999999999977263	epochs	1.0
629.5700001716614	0.009999999999990905	epochs	-1.0
629.5700001716614	0.009999999999990905	epochs	1.0
629.5800001716614	0.024999999999977263	epochs	-1.0
629.5800001716614	0.024999999999977263	epochs	1.0
629.6050001716613	0.06000000000005912	epochs	-1.0
629.6050001716613	0.024999999999977263	epochs	-1.0
629.6050001716613	0.024999999999977263	epochs	1.0
629.6300001716613	0.010000000000104592	epochs	-1.0
629.6300001716613	0.010000000000104592	epochs	1.0
629.6400001716614	0.024999999999977263	epochs	-1.0
629.6400001716614	0.024999999999977263	epochs	1.0
629.6650001716614	0.05999999999994543	epochs	-1.0
629.6650001716614	0.024999999999977263	epochs	-1.0
629.6650001716614	0.024999999999977263	epochs	1.0
629.6900001716614	0.009999999999990905	epochs	-1.0
629.6900001716614	0.009999999999990905	epochs	1.0
629.7000001716614	0.024999999999977263	epochs	-1.0
629.7000001716614	0.024999999999977263	epochs	1.0
629.7250001716613	0.024994999999989886	epochs	1.0
630.1350002288818	0.10000000000002274	epochs	0.0
630.1350002288818	0.04499999999995907	epochs	1.0
630.1800002288818	0.009999999999990905	epochs	1.0
630.1900002288818	0.04500000000007276	epochs	1.0
630.2350002288819	0.7049949999999399	epochs	0.0
630.2350002288819	0.5	epochs	-1.0
630.2350002288819	0.5	epochs	-1.0
630.2350002288819	0.5	epochs	1.0
630.7350002288819	0.05999999999994543	epochs	-1.0
630.7350002288819	0.024999999999977263	epochs	-1.0
630.7350002288819	0.024999999999977263	epochs	1.0
630.7600002288818	0.009999999999990905	epochs	-1.0
630.7600002288818	0.009999999999990905	epochs	1.0
630.7700002288818	0.024999999999977263	epochs	-1.0
630.7700002288818	0.024999999999977263	epochs	1.0
630.7950002288818	0.06000000000005912	epochs	-1.0
630.7950002288818	0.024999999999977263	epochs	-1.0
630.7950002288818	0.024999999999977263	epochs	1.0
630.8200002288818	0.010000000000104592	epochs	-1.0
630.8200002288818	0.010000000000104592	epochs	1.0
630.8300002288819	0.024999999999977263	epochs	-1.0
630.8300002288819	0.024999999999977263	epochs	1.0
630.8550002288819	0.05999999999994543	epochs	-1.0
630.8550002288819	0.024999999999977263	epochs	-1.0
630.8550002288819	0.024999999999977263	epochs	1.0
630.8800002288818	0.009999999999990905	epochs	-1.0
630.8800002288818	0.009999999999990905	epochs	1.0
630.8900002288818	0.024999999999977263	epochs	-1.0
630.8900002288818	0.024999999999977263	epochs	1.0
630.9150002288818	0.024994999999989886	epochs	1.0
631.2790002822876	0.10000000000002274	epochs	0.0
631.2790002822876	0.04499999999995907	epochs	1.0
631.3240002822876	0.009999999999990905	epochs	1.0
631.3340002822875	0.04500000000007276	epochs	1.0
631.3790002822876	0.7049949999999399	epochs	0.0
631.3790002822876	0.5	epochs	-1.0
631.3790002822876	0.5	epochs	-1.0
631.3790002822876	0.5	epochs	1.0
631.8790002822876	0.05999999999994543	epochs	-1.0
631.8790002822876	0.024999999999977263	epochs	-1.0
631.8790002822876	0.024999999999977263	epochs	1.0
631.9040002822876	0.009999999999990905	epochs	-1.0
631.9040002822876	0.009999999999990905	epochs	1.0
631.9140002822876	0.024999999999977263	epochs	-1.0
631.9140002822876	0.024999999999977263	epochs	1.0
631.9390002822876	0.06000000000005912	epochs	-1.0
631.9390002822876	0.024999999999977263	epochs	-1.0
631.9390002822876	0.024999999999977263	epochs	1.0
631.9640002822875	0.010000000000104592	epochs	-1.0
631.9640002822875	0.010000000000104592	epochs	1.0
631.9740002822876	0.024999999999977263	epochs	-1.0
631.9740002822876	0.024999999999977263	epochs	1.0
631.9990002822876	0.05999999999994543	epochs	-1.0
631.9990002822876	0.024999999999977263	epochs	-1.0
631.9990002822876	0.024999999999977263	epochs	1.0
632.0240002822876	0.009999999999990905	epochs	-1.0
632.0240002822876	0.009999999999990905	epochs	1.0
632.0340002822876	0.024999999999977263	epochs	-1.0
632.0340002822876	0.024999999999977263	epochs	1.0
632.0590002822876	0.024994999999989886	epochs	1.0
687.4820003509521	0.08374000000003434	epochs	0.0
687.4820003509521	0.03687070000000858	epochs	1.0
687.5188710509522	0.009998600000017177	epochs	1.0
687.5288696509522	0.03687070000000858	epochs	1.0
687.5657403509522	5.999979999999937	epochs	0.0
687.5657403509522	0.5	epochs	1.0
687.5657524509521	0.5	epochs	-1.0
687.5657524509521	0.5	epochs	-1.0
688.0657403509522	5.0	epochs	1.0
693.0657403509522	0.4999799999999368	epochs	1.0
693.0657524509521	0.49996790000000146	epochs	-1.0
697.1680002212524	0.08374000000003434	epochs	0.0
697.1680002212524	0.03687070000000858	epochs	1.0
697.2048709212524	0.009998600000017177	epochs	1.0
697.2148695212525	0.03687070000000858	epochs	1.0
697.2517402212525	2.517060000000015	epochs	0.0
697.2517402212525	0.5	epochs	1.0
697.2517523212524	0.5	epochs	-1.0
697.7517402212525	1.0	epochs	1.0
698.7517402212525	1.017060000000015	epochs	1.0
699.2517523212524	0.5	epochs	-1.0
699.7688002212525	0.9829199999999219	epochs	0.0
700.0900001525879	0.08374000000003434	epochs	0.0
700.0900001525879	0.03687070000000858	epochs	1.0
700.1268708525879	0.009998600000017177	epochs	1.0
700.1368694525879	0.03687070000000858	epochs	1.0
700.1737401525879	2.5160999999999376	epochs	0.0
700.1737401525879	0.5	epochs	1.0
700.1737522525879	0.5	epochs	-1.0
700.6737401525879	1.0	epochs	1.0
701.6737401525879	1.0160999999999376	epochs	1.0
702.1737522525879	0.5	epochs	-1.0
702.6898401525879	0.9838799999999992	epochs	0.0
702.9970002174377	0.08374000000003434	epochs	0.0
702.9970002174377	0.03687070000000858	epochs	1.0
703.0338709174378	0.009998600000017177	epochs	1.0
703.0438695174378	0.03687070000000858	epochs	1.0
703.0807402174378	2.516120000000001	epochs	0.0
703.0807402174378	0.5	epochs	1.0
703.0807523174377	0.5	epochs	-1.0
703.5807402174378	1.0	epochs	1.0
704.5807402174378	1.0161200000000008	epochs	1.0
705.0807523174377	0.5	epochs	-1.0
705.5968602174378	0.983859999999936	epochs	0.0
705.9140000343323	0.08374000000003434	epochs	0.0
705.9140000343323	0.03687070000000858	epochs	1.0
705.9508707343323	0.009998600000017177	epochs	1.0
705.9608693343323	0.03687070000000858	epochs	1.0
705.9977400343323	2.516120000000001	epochs	0.0
705.9977400343323	0.5	epochs	1.0
705.9977521343322	0.5	epochs	-1.0
706.4977400343323	1.0	epochs	1.0
707.4977400343323	1.0161200000000008	epochs	1.0
707.9977521343322	0.5	epochs	-1.0
708.5138600343323	0.983859999999936	epochs	0.0
708.8320002555847	0.08374000000003434	epochs	0.0
708.8320002555847	0.03687070000000858	epochs	1.0
708.8688709555847	0.009998600000017177	epochs	1.0
708.8788695555847	0.03687070000000858	epochs	1.0
708.9157402555848	2.5170799999999645	epochs	0.0
708.9157402555848	0.5	epochs	1.0
708.9157523555847	0.5	epochs	-1.0
709.4157402555848	1.0	epochs	1.0
710.4157402555848	1.0170799999999645	epochs	1.0
710.9157523555847	0.5	epochs	-1.0
711.4328202555847	0.9828999999999724	epochs	0.0
711.7910003662109	0.6499800000000278	epochs	0.0
711.7910003662109	0.049999999999954525	epochs	1.0
711.8410003662109	0.5	epochs	1.0
712.3410003662109	0.09998000000007323	epochs	1.0
712.8370003700256	0.6499800000000278	epochs	0.0
712.8370003700256	0.049999999999954525	epochs	1.0
712.8870003700256	0.5	epochs	1.0
713.3870003700256	0.09998000000007323	epochs	1.0
713.8500003814697	0.6499800000000278	epochs	0.0
713.8500003814697	0.049999999999954525	epochs	1.0
713.9000003814697	0.5	epochs	1.0
714.4000003814697	0.09998000000007323	epochs	1.0
714.8580002784729	0.6499800000000278	epochs	0.0
714.8580002784729	0.049999999999954525	epochs	1.0
714.9080002784729	0.5	epochs	1.0
715.4080002784729	0.09998000000007323	epochs	1.0
715.8780002593994	0.6499800000000278	epochs	0.0
715.8780002593994	0.049999999999954525	epochs	1.0
715.9280002593994	0.5	epochs	1.0
716.4280002593994	0.09998000000007323	epochs	1.0
716.9409999847412	0.08374000000003434	epochs	0.0
716.9409999847412	0.03687070000000858	epochs	1.0
716.9778706847412	0.009998600000017177	epochs	1.0
716.9878692847412	0.03687070000000858	epochs	1.0
717.0247399847412	2.516079999999988	epochs	0.0
717.0247399847412	0.5	epochs	1.0
717.0247520847412	0.5	epochs	-1.0
717.5247399847412	1.0	epochs	1.0
718.5247399847412	1.016079999999988	epochs	1.0
719.0247520847412	0.5	epochs	-1.0
719.5408199847412	2.9838999999999487	epochs	0.0
722.0920000076294	0.08374000000003434	epochs	0.0
722.0920000076294	0.03687070000000858	epochs	1.0
722.1288707076294	0.009998600000017177	epochs	1.0
722.1388693076294	0.03687070000000858	epochs	1.0
722.1757400076294	2.516179999999963	epochs	0.0
722.1757400076294	0.5	epochs	1.0
722.1757521076294	0.5	epochs	-1.0
722.6757400076294	1.0	epochs	1.0
723.6757400076294	1.016179999999963	epochs	1.0
724.1757521076294	0.5	epochs	-1.0
724.6919200076294	2.983799999999974	epochs	0.0
727.3240003585815	0.08374000000003434	epochs	0.0
727.3240003585815	0.03687070000000858	epochs	1.0
727.3608710585816	0.009998600000017177	epochs	1.0
727.3708696585816	0.03687070000000858	epochs	1.0
727.4077403585816	2.516079999999988	epochs	0.0
727.4077403585816	0.5	epochs	1.0
727.4077524585815	0.5	epochs	-1.0
727.9077403585816	1.0	epochs	1.0
728.9077403585816	1.016079999999988	epochs	1.0
729.4077524585815	0.5	epochs	-1.0
729.9238203585816	2.9838999999999487	epochs	0.0
732.5269999504089	0.08374000000003434	epochs	0.0
732.5269999504089	0.03687070000000858	epochs	1.0
732.563870650409	0.009998600000017177	epochs	1.0
732.573869250409	0.03687070000000858	epochs	1.0
732.610739950409	2.516120000000001	epochs	0.0
732.610739950409	0.5	epochs	1.0
732.6107520504089	0.5	epochs	-1.0
733.110739950409	1.0	epochs	1.0
734.110739950409	1.0161200000000008	epochs	1.0
734.6107520504089	0.5	epochs	-1.0
735.126859950409	3.983859999999936	epochs	0.0
735.5880002975464	0.08374000000003434	epochs	0.0
735.5880002975464	0.03687070000000858	epochs	1.0
735.6248709975464	0.009998600000017177	epochs	1.0
735.6348695975464	0.03687070000000858	epochs	1.0
735.6717402975464	2.5160999999999376	epochs	0.0
735.6717402975464	0.5	epochs	1.0
735.6717523975464	0.5	epochs	-1.0
736.1717402975464	1.0	epochs	1.0
737.1717402975464	1.0160999999999376	epochs	1.0
737.6717523975464	0.5	epochs	-1.0
738.1878402975464	3.983879999999999	epochs	0.0
738.6129999160767	0.08374000000003434	epochs	0.0
738.6129999160767	0.03687070000000858	epochs	1.0
738.6498706160767	0.009998600000017177	epochs	1.0
738.6598692160767	0.03687070000000858	epochs	1.0
738.6967399160767	2.516120000000001	epochs	0.0
738.6967399160767	0.5	epochs	1.0
738.6967520160766	0.5	epochs	-1.0
739.1967399160767	1.0	epochs	1.0
740.1967399160767	1.0161200000000008	epochs	1.0
740.6967520160766	0.5	epochs	-1.0
741.2128599160767	3.983859999999936	epochs	0.0
741.6480002403259	0.08374000000003434	epochs	0.0
741.6480002403259	0.03687070000000858	epochs	1.0
741.6848709403259	0.009998600000017177	epochs	1.0
741.694869540326	0.03687070000000858	epochs	1.0
741.731740240326	2.5160999999999376	epochs	0.0
741.731740240326	0.5	epochs	1.0
741.7317523403259	0.5	epochs	-1.0
742.231740240326	1.0	epochs	1.0
743.231740240326	1.0160999999999376	epochs	1.0
743.7317523403259	0.5	epochs	-1.0
744.2478402403259	3.983879999999999	epochs	0.0
744.6849999427795	0.08374000000003434	epochs	0.0
744.6849999427795	0.03687070000000858	epochs	1.0
744.7218706427795	0.009998600000017177	epochs	1.0
744.7318692427796	0.03687070000000858	epochs	1.0
744.7687399427796	2.516120000000001	epochs	0.0
744.7687399427796	0.5	epochs	1.0
744.7687520427795	0.5	epochs	-1.0
745.2687399427796	1.0	epochs	1.0
746.2687399427796	1.0161200000000008	epochs	1.0
746.7687520427795	0.5	epochs	-1.0
747.2848599427796	3.983859999999936	epochs	0.0
747.75	0.08374000000003434	epochs	0.0
747.75	0.03687070000000858	epochs	1.0
747.7868707	0.009998600000017177	epochs	1.0
747.7968693	0.03687070000000858	epochs	1.0
747.83374	2.516179999999963	epochs	0.0
747.83374	0.5	epochs	1.0
747.8337521	0.5	epochs	-1.0
748.33374	1.0	epochs	1.0
749.33374	1.016179999999963	epochs	1.0
749.8337521	0.5	epochs	-1.0
750.34992	3.983799999999974	epochs	0.0
750.8320002555847	0.15297999999995682	epochs	0.0
750.8320002555847	0.049999999999954525	epochs	1.0
750.8820002555847	0.0030000000000427463	epochs	1.0
750.8850002555847	0.09997999999995955	epochs	1.0
751.4590001106262	0.15297999999995682	epochs	0.0
751.4590001106262	0.049999999999954525	epochs	1.0
751.5090001106262	0.0030000000000427463	epochs	1.0
751.5120001106262	0.09997999999995955	epochs	1.0
752.076000213623	0.15297999999995682	epochs	0.0
752.076000213623	0.049999999999954525	epochs	1.0
752.126000213623	0.0030000000000427463	epochs	1.0
752.129000213623	0.09997999999995955	epochs	1.0
752.6960000991821	0.15297999999995682	epochs	0.0
752.6960000991821	0.049999999999954525	epochs	1.0
752.7460000991821	0.0030000000000427463	epochs	1.0
752.7490000991821	0.09997999999995955	epochs	1.0
753.3140001296997	0.15297999999995682	epochs	0.0
753.3140001296997	0.049999999999954525	epochs	1.0
753.3640001296997	0.0030000000000427463	epochs	1.0
753.3670001296997	0.09997999999995955	epochs	1.0
753.9409999847412	0.15297999999995682	epochs	0.0
753.9409999847412	0.049999999999954525	epochs	1.0
753.9909999847412	0.0030000000000427463	epochs	1.0
753.9939999847412	0.09997999999995955	epochs	1.0
754.5960001945496	0.15297999999995682	epochs	0.0
754.5960001945496	0.049999999999954525	epochs	1.0
754.6460001945495	0.0030000000000427463	epochs	1.0
754.6490001945496	0.09997999999995955	epochs	1.0
755.2309999465942	0.15297999999995682	epochs	0.0
755.2309999465942	0.049999999999954525	epochs	1.0
755.2809999465942	0.0030000000000427463	epochs	1.0
755.2839999465942	0.09997999999995955	epochs	1.0
755.9120001792908	0.15297999999995682	epochs	0.0
755.9120001792908	0.049999999999954525	epochs	1.0
755.9620001792907	0.0030000000000427463	epochs	1.0
755.9650001792908	0.09997999999995955	epochs	1.0
756.5680003166199	0.15297999999995682	epochs	0.0
756.5680003166199	0.049999999999954525	epochs	1.0
756.6180003166198	0.0030000000000427463	epochs	1.0
756.6210003166199	0.09997999999995955	epochs	1.0
757.2530002593994	0.15297999999995682	epochs	0.0
757.2530002593994	0.049999999999954525	epochs	1.0
757.3030002593994	0.0030000000000427463	epochs	1.0
757.3060002593994	0.09997999999995955	epochs	1.0
757.9370002746582	0.15297999999995682	epochs	0.0
757.9370002746582	0.049999999999954525	epochs	1.0
757.9870002746582	0.0030000000000427463	epochs	1.0
757.9900002746582	0.09997999999995955	epochs	1.0
758.6420001983643	0.15297999999995682	epochs	0.0
758.6420001983643	0.049999999999954525	epochs	1.0
758.6920001983642	0.0030000000000427463	epochs	1.0
758.6950001983643	0.09997999999995955	epochs	1.0
759.326000213623	0.15297999999995682	epochs	0.0
759.326000213623	0.049999999999954525	epochs	1.0
759.376000213623	0.0030000000000427463	epochs	1.0
759.379000213623	0.09997999999995955	epochs	1.0
760.0329999923706	0.15297999999995682	epochs	0.0
760.0329999923706	0.049999999999954525	epochs	1.0
760.0829999923706	0.0030000000000427463	epochs	1.0
760.0859999923706	0.09997999999995955	epochs	1.0
760.7320003509521	0.15297999999995682	epochs	0.0
760.7320003509521	0.049999999999954525	epochs	1.0
760.7820003509521	0.0030000000000427463	epochs	1.0
760.7850003509521	0.09997999999995955	epochs	1.0
761.4620003700256	0.15297999999995682	epochs	0.0
761.4620003700256	0.049999999999954525	epochs	1.0
761.5120003700256	0.0030000000000427463	epochs	1.0
761.5150003700256	0.09997999999995955	epochs	1.0
762.201000213623	0.15297999999995682	epochs	0.0
762.201000213623	0.049999999999954525	epochs	1.0
762.251000213623	0.0030000000000427463	epochs	1.0
762.254000213623	0.09997999999995955	epochs	1.0
762.960000038147	0.15297999999995682	epochs	0.0
762.960000038147	0.049999999999954525	epochs	1.0
763.0100000381469	0.0030000000000427463	epochs	1.0
763.013000038147	0.09997999999995955	epochs	1.0
763.7330002784729	0.15297999999995682	epochs	0.0
763.7330002784729	0.049999999999954525	epochs	1.0
763.7830002784729	0.0030000000000427463	epochs	1.0
763.7860002784729	0.09997999999995955	epochs	1.0
764.4809999465942	0.15297999999995682	epochs	0.0
764.4809999465942	0.049999999999954525	epochs	1.0
764.5309999465942	0.0030000000000427463	epochs	1.0
764.5339999465942	0.09997999999995955	epochs	1.0
765.2420001029968	0.15297999999995682	epochs	0.0
765.2420001029968	0.049999999999954525	epochs	1.0
765.2920001029968	0.0030000000000427463	epochs	1.0
765.2950001029968	0.09997999999995955	epochs	1.0
766.0380001068115	0.15297999999995682	epochs	0.0
766.0380001068115	0.049999999999954525	epochs	1.0
766.0880001068115	0.0030000000000427463	epochs	1.0
766.0910001068115	0.09997999999995955	epochs	1.0
766.8120002746582	0.15297999999995682	epochs	0.0
766.8120002746582	0.049999999999954525	epochs	1.0
766.8620002746582	0.0030000000000427463	epochs	1.0
766.8650002746582	0.09997999999995955	epochs	1.0
767.625	0.15297999999995682	epochs	0.0
767.625	0.049999999999954525	epochs	1.0
767.675	0.0030000000000427463	epochs	1.0
767.678	0.09997999999995955	epochs	1.0
768.4409999847412	0.15297999999995682	epochs	0.0
768.4409999847412	0.049999999999954525	epochs	1.0
768.4909999847412	0.0030000000000427463	epochs	1.0
768.4939999847412	0.09997999999995955	epochs	1.0
769.2650003433228	0.15297999999995682	epochs	0.0
769.2650003433228	0.049999999999954525	epochs	1.0
769.3150003433227	0.0030000000000427463	epochs	1.0
769.3180003433228	0.09997999999995955	epochs	1.0
770.0980000495911	0.15297999999995682	epochs	0.0
770.0980000495911	0.049999999999954525	epochs	1.0
770.148000049591	0.0030000000000427463	epochs	1.0
770.1510000495911	0.09997999999995955	epochs	1.0
770.9490003585815	0.15297999999995682	epochs	0.0
770.9490003585815	0.049999999999954525	epochs	1.0
770.9990003585815	0.0030000000000427463	epochs	1.0
771.0020003585815	0.09997999999995955	epochs	1.0
771.8590002059937	0.08374000000003434	epochs	0.0
771.8590002059937	0.03687070000000858	epochs	1.0
771.8958709059937	0.009998600000017177	epochs	1.0
771.9058695059937	0.03687070000000858	epochs	1.0
771.9427402059937	0.5160999999999376	epochs	0.0
771.9427402059937	0.5	epochs	1.0
771.9427523059936	0.5	epochs	-1.0
772.4427402059937	0.0029999999999290594	epochs	1.0
772.4457402059936	0.01310000000000855	epochs	1.0
772.4588402059936	1.0868800000000647	epochs	0.0
785.1310000419617	0.08374000000003434	epochs	0.0
785.1310000419617	0.03687070000000858	epochs	1.0
785.1678707419617	0.009998600000017177	epochs	1.0
785.1778693419617	0.03687070000000858	epochs	1.0
785.2147400419617	1.5171199999999772	epochs	0.0
785.2147400419617	0.5	epochs	1.0
785.2147521419616	0.5	epochs	-1.0
785.7147400419617	0.0029999999999290594	epochs	1.0
785.7177400419616	1.014120000000048	epochs	1.0
786.2177521419617	0.5	epochs	-1.0
786.7318600419617	0.08586000000002514	epochs	0.0
787.3220000267029	0.08374000000003434	epochs	0.0
787.3220000267029	0.03687070000000858	epochs	1.0
787.3588707267029	0.009998600000017177	epochs	1.0
787.3688693267029	0.03687070000000858	epochs	1.0
787.4057400267029	1.5171199999999772	epochs	0.0
787.4057400267029	0.5	epochs	1.0
787.4057521267029	0.5	epochs	-1.0
787.9057400267029	0.0029999999999290594	epochs	1.0
787.9087400267028	1.014120000000048	epochs	1.0
788.4087521267029	0.5	epochs	-1.0
788.9228600267029	0.08586000000002514	epochs	0.0
789.5090003013611	0.08374000000003434	epochs	0.0
789.5090003013611	0.03687070000000858	epochs	1.0
789.5458710013611	0.009998600000017177	epochs	1.0
789.5558696013611	0.03687070000000858	epochs	1.0
789.5927403013611	1.517099999999914	epochs	0.0
789.5927403013611	0.5	epochs	1.0
789.592752401361	0.5	epochs	-1.0
790.0927403013611	0.0029999999999290594	epochs	1.0
790.095740301361	1.014099999999985	epochs	1.0
790.5957524013611	0.5	epochs	-1.0
791.109840301361	0.08588000000008833	epochs	0.0
791.844000339508	0.08374000000003434	epochs	0.0
791.844000339508	0.03687070000000858	epochs	1.0
791.8808710395081	0.009998600000017177	epochs	1.0
791.8908696395081	0.03687070000000858	epochs	1.0
791.9277403395081	9.755919999999946	epochs	0.0
791.9277403395081	0.5	epochs	1.0
791.927752439508	0.5	epochs	-1.0
792.4277403395081	9.255919999999946	epochs	1.0
800.683800339508	0.9998600000000124	epochs	-1.0
800.683800339508	0.03994000000000142	epochs	-1.0
801.1812924395081	0.5	epochs	-1.0
801.683660339508	9.74405999999999	epochs	0.0
802.5460000038147	0.08374000000003434	epochs	0.0
802.5460000038147	0.03687070000000858	epochs	1.0
802.5828707038147	0.009998600000017177	epochs	1.0
802.5928693038147	0.03687070000000858	epochs	1.0
802.6297400038147	19.499979999999937	epochs	0.0
802.6297400038147	0.5	epochs	1.0
802.6297521038147	0.5	epochs	-1.0
803.1297400038147	16.0	epochs	1.0
811.3467800038147	10.78293999999994	epochs	-1.0
811.3467800038147	0.03989999999998872	epochs	-1.0
811.8442721038147	0.5	epochs	-1.0
812.3442721038147	0.5	epochs	-1.0
812.8442721038147	0.5	epochs	-1.0
813.3442721038147	0.5	epochs	-1.0
813.8442721038147	0.5	epochs	-1.0
814.3442721038147	0.5	epochs	-1.0
814.8442721038147	0.5	epochs	-1.0
815.3442721038147	0.5	epochs	-1.0
815.8442721038147	0.5	epochs	-1.0
816.3442721038147	0.5	epochs	-1.0
816.8442721038147	0.5	epochs	-1.0
817.3442721038147	0.5	epochs	-1.0
817.8442721038147	0.5	epochs	-1.0
818.3442721038147	0.5	epochs	-1.0
818.8442721038147	0.5	epochs	-1.0
819.1297400038147	2.999979999999937	epochs	1.0
819.3442721038147	0.5	epochs	-1.0
819.8442721038147	0.5	epochs	-1.0
820.3442721038147	0.5	epochs	-1.0
820.8442721038147	0.5	epochs	-1.0
821.3442721038147	0.5	epochs	-1.0
823.0300002098083	0.08374000000003434	epochs	0.0
823.0300002098083	0.03687070000000858	epochs	1.0
823.0668709098084	0.009998600000017177	epochs	1.0
823.0768695098084	0.03687070000000858	epochs	1.0
823.1137402098084	0.517099999999914	epochs	0.0
823.1137402098084	0.5	epochs	1.0
823.1137523098083	0.5	epochs	-1.0
823.6137402098084	0.017099999999913962	epochs	1.0
823.6308402098083	18.982880000000023	epochs	0.0
852.2509999275208	0.08374000000003434	epochs	0.0
852.2509999275208	0.03687070000000858	epochs	1.0
852.2878706275208	0.009998600000017177	epochs	1.0
852.2978692275208	0.03687070000000858	epochs	1.0
852.3347399275208	10.915899999999965	epochs	0.0
852.3347399275208	0.5	epochs	1.0
852.3347520275207	0.5	epochs	-1.0
852.8347399275208	10.415899999999965	epochs	1.0
862.2507799275207	0.9998600000000124	epochs	-1.0
862.2507799275207	0.03988000000003922	epochs	-1.0
862.7482720275208	0.5	epochs	-1.0
863.2506399275208	8.584079999999972	epochs	0.0
864.0150003433228	0.08374000000003434	epochs	0.0
864.0150003433228	0.03687070000000858	epochs	1.0
864.0518710433228	0.009998600000017177	epochs	1.0
864.0618696433228	0.03687070000000858	epochs	1.0
864.0987403433228	10.815999999999917	epochs	0.0
864.0987403433228	0.5	epochs	1.0
864.0987524433227	0.5	epochs	-1.0
864.5987403433228	10.315999999999917	epochs	1.0
873.9148803433228	0.9998599999998987	epochs	-1.0
873.9148803433228	0.03989999999998872	epochs	-1.0
874.4123724433227	0.5	epochs	-1.0
874.9147403433227	8.68398000000002	epochs	0.0
891.0490002632141	0.08367999999995845	epochs	0.0
891.0490002632141	0.03684429999998429	epochs	1.0
891.0858445632141	0.00999139999998988	epochs	1.0
891.0958359632141	0.03684429999998429	epochs	1.0
891.1326802632141	2.0	epochs	0.0
893.1326802632141	21.51568000000009	epochs	0.0
893.1326802632141	1.0	epochs	1.0
893.1327523632141	0.5	epochs	-1.0
893.6327523632141	19.99928	epochs	-1.0
894.1326802632141	20.0	epochs	1.0
894.1326802632141	4.356753900000058	epochs	-1.0
894.1326802632141	1.9745872000000873	epochs	2.0
894.1326802632141	1.0985622000000603	epochs	3.0
895.2312424632141	0.8760250000000269	epochs	3.0
896.1072674632142	1.352407499999913	epochs	2.0
896.1072674632142	0.7286354999999958	epochs	3.0
896.8359029632142	0.6237719999999172	epochs	3.0
897.4596749632141	1.0297592000000577	epochs	2.0
897.4596749632141	0.5453293000000485	epochs	3.0
898.0050042632141	0.4844299000000092	epochs	3.0
898.4894341632141	0.8317862000000105	epochs	2.0
898.4894341632141	0.4357762999999295	epochs	3.0
898.9252104632141	0.39600990000008096	epochs	3.0
899.3212203632141	0.6977969999999232	epochs	2.0
899.3212203632141	0.3628982000000178	epochs	3.0
899.6841185632142	0.33489879999990535	epochs	3.0
900.0190173632141	0.6010457000000997	epochs	2.0
900.0190173632141	0.3109123000000409	epochs	3.0
900.3299296632141	0.2901334000000588	epochs	3.0
900.6200630632142	0.5278859000000011	epochs	2.0
900.6200630632142	0.2719585999999481	epochs	3.0
900.8920216632141	0.25592730000005304	epochs	3.0
901.1479489632142	0.470619299999953	epochs	2.0
901.1479489632142	0.241681299999982	epochs	3.0
901.3896302632141	0.228937999999971	epochs	3.0
901.6185682632141	0.42457039999999324	epochs	2.0
901.6185682632141	0.21747140000002219	epochs	3.0
901.8360396632141	0.20709899999997106	epochs	3.0
902.0431386632141	0.3867354000000205	epochs	2.0
902.0431386632141	0.19767109999997956	epochs	3.0
902.2408097632141	0.18906430000004093	epochs	3.0
902.4298740632141	0.3550953000000163	epochs	2.0
902.4298740632141	0.18117589999997108	epochs	3.0
902.6110499632141	0.17391940000004524	epochs	3.0
902.7849693632141	0.3282431000000088	epochs	2.0
902.7849693632141	0.16722189999995862	epochs	3.0
902.9521912632141	0.16102120000005016	epochs	3.0
903.1132124632142	0.30516799999998057	epochs	2.0
903.1132124632142	0.15526389999990897	epochs	3.0
903.2684763632141	0.1499041000000716	epochs	3.0
903.4183804632141	0.28512530000000424	epochs	2.0
903.4183804632141	0.1449020999999675	epochs	3.0
903.5632825632141	0.14022320000003674	epochs	3.0
903.7035057632141	0.2675537999999733	epochs	2.0
903.7035057632141	0.1358368999999584	epochs	3.0
903.8393426632141	0.1317169000000149	epochs	3.0
903.9710595632141	0.2520229000000427	epochs	2.0
903.9710595632141	0.1278393000000051	epochs	3.0
904.0988988632141	0.12418360000003759	epochs	3.0
904.2230824632142	0.23819649999995818	epochs	2.0
904.2230824632142	0.12073109999994358	epochs	3.0
904.3438135632141	0.1174654000000146	epochs	3.0
904.4612789632141	0.2258087999999816	epochs	2.0
904.4612789632141	0.11437190000003739	epochs	3.0
904.5756508632142	0.11143689999994422	epochs	3.0
904.6870877632141	0.2146460000000161	epochs	2.0
904.6870877632141	0.10864890000004834	epochs	3.0
904.7957366632141	0.10599709999996776	epochs	3.0
904.9017337632141	0.20453499999996438	epochs	2.0
904.9017337632141	0.10347149999995509	epochs	3.0
905.0052052632141	0.1010635000000093	epochs	3.0
905.1062687632141	0.19533400000000256	epochs	2.0
905.1062687632141	0.09876510000003691	epochs	3.0
905.2050338632141	0.09656889999996565	epochs	3.0
905.3016027632141	0.18692529999998442	epochs	2.0
905.3016027632141	0.09446830000001682	epochs	3.0
905.3960710632141	0.09245699999996759	epochs	3.0
905.4885280632141	0.17921069999999872	epochs	2.0
905.4885280632141	0.0905296000000817	epochs	3.0
905.5790576632141	0.08868109999991702	epochs	3.0
905.6677387632141	0.17210770000008324	epochs	2.0
905.6677387632141	0.08690630000000965	epochs	3.0
905.7546450632141	0.08520140000007359	epochs	3.0
905.8398464632141	0.1655463999999256	epochs	2.0
905.8398464632141	0.08356189999994967	epochs	3.0
905.9234083632141	0.08198449999997592	epochs	3.0
906.0053928632141	0.15946710000002895	epochs	2.0
906.0053928632141	0.08046540000009372	epochs	3.0
906.0858582632142	0.07900169999993523	epochs	3.0
906.1648599632141	0.15381839999997737	epochs	2.0
906.1648599632141	0.07759010000006583	epochs	3.0
906.2424500632142	0.07622829999991154	epochs	3.0
906.3186783632141	0.14855640000007497	epochs	2.0
906.3186783632141	0.07491330000004837	epochs	3.0
906.3935916632141	0.0736431000000266	epochs	3.0
906.4672347632142	0.14364239999997608	epochs	2.0
906.4672347632142	0.07241499999997814	epochs	3.0
906.5396497632141	0.07122739999999794	epochs	3.0
906.6108771632141	0.13904309999998077	epochs	2.0
906.6108771632141	0.07007799999996678	epochs	3.0
906.6809551632141	0.06896510000001399	epochs	3.0
906.7499202632141	0.1347293000000036	epochs	2.0
906.7499202632141	0.0678871000000072	epochs	3.0
906.8178073632141	0.06684219999999641	epochs	3.0
906.8846495632141	0.1306752000000415	epochs	2.0
906.8846495632141	0.06582909999997355	epochs	3.0
906.9504786632141	0.06484610000006796	epochs	3.0
907.0153247632142	0.1268577999999252	epochs	2.0
907.0153247632142	0.06389200000000983	epochs	3.0
907.0792167632142	0.06296579999991536	epochs	3.0
907.1421825632141	0.12325720000001184	epochs	2.0
907.1421825632141	0.06206580000002759	epochs	3.0
907.2042483632141	0.06119139999998424	epochs	3.0
907.2654397632141	0.11985540000000583	epochs	2.0
907.2654397632141	0.06034110000007331	epochs	3.0
907.3257808632142	0.05951429999993252	epochs	3.0
907.3852951632141	0.11663620000001629	epochs	2.0
907.3852951632141	0.05870960000004288	epochs	3.0
907.4440047632141	0.057926599999973405	epochs	3.0
907.5019313632141	0.11358559999996487	epochs	2.0
907.5019313632141	0.05716419999998834	epochs	3.0
907.5590955632141	0.05642139999997653	epochs	3.0
907.6155169632141	0.11069050000003244	epochs	2.0
907.6155169632141	0.055697900000041045	epochs	3.0
907.6712148632141	0.0549925999999914	epochs	3.0
907.7262074632141	0.10793909999995321	epochs	2.0
907.7262074632141	0.05430490000003374	epochs	3.0
907.7805123632141	0.053634199999919474	epochs	3.0
907.8341465632141	0.10532150000005913	epochs	2.0
907.8341465632141	0.05298000000004777	epochs	3.0
907.8871265632141	0.052341500000011365	epochs	3.0
907.9394680632141	0.10282759999995505	epochs	2.0
907.9394680632141	0.05171810000001642	epochs	3.0
907.9911861632141	0.051109499999938635	epochs	3.0
908.0422956632141	0.10044909999999163	epochs	2.0
908.0422956632141	0.050514900000052876	epochs	3.0
908.0928105632141	0.049934199999938755	epochs	3.0
908.1427447632141	0.09817830000008598	epochs	2.0
908.1427447632141	0.04936659999998483	epochs	3.0
908.192111363214	0.048811700000101155	epochs	3.0
908.2409230632142	0.09600779999993847	epochs	2.0
908.2409230632142	0.04826919999993606	epochs	3.0
908.2891922632141	0.04773860000000241	epochs	3.0
908.3369308632141	0.09393120000004274	epochs	2.0
908.3369308632141	0.04721949999998287	epochs	3.0
908.3841503632141	0.046711700000059864	epochs	3.0
908.4308620632141	0.09194259999992482	epochs	2.0
908.4308620632141	0.046214599999984785	epochs	3.0
908.4770766632141	0.04572799999994004	epochs	3.0
908.5228046632141	0.09003630000006524	epochs	2.0
908.5228046632141	0.04525150000006306	epochs	3.0
908.5680561632141	0.04478480000000218	epochs	3.0
908.6128409632141	0.08820760000003247	epochs	2.0
908.6128409632141	0.044327800000019124	epochs	3.0
908.6571687632141	0.04387980000001335	epochs	3.0
908.7010485632142	0.0864516999999978	epochs	2.0
908.7010485632142	0.04344099999991613	epochs	3.0
908.7444895632141	0.04301070000008167	epochs	3.0
908.7875002632142	0.08476429999996071	epochs	2.0
908.7875002632142	0.04258899999990717	epochs	3.0
908.8300892632141	0.04217530000005354	epochs	3.0
908.8722645632141	0.08314150000001064	epochs	2.0
908.8722645632141	0.04176970000003166	epochs	3.0
908.9140342632141	0.041371799999978975	epochs	3.0
908.9554060632141	0.08157970000002024	epochs	2.0
908.9554060632141	0.040981399999964196	epochs	3.0
908.9963874632141	0.04059830000005604	epochs	3.0
909.0369857632141	0.08007549999990715	epochs	2.0
909.0369857632141	0.04022229999998217	epochs	3.0
909.0772080632141	0.03985319999992498	epochs	3.0
909.117061263214	0.07862570000008873	epochs	2.0
909.117061263214	0.039490800000066884	epochs	3.0
909.1565520632141	0.039134900000021844	epochs	3.0
909.1956869632141	0.07722760000001472	epochs	2.0
909.1956869632141	0.03878539999993791	epochs	3.0
909.2344723632141	0.03844220000007681	epochs	3.0
909.2729145632142	0.07587819999992007	epochs	2.0
909.2729145632142	0.03810479999992822	epochs	3.0
909.3110193632141	0.03777339999999185	epochs	3.0
909.3487927632141	0.0745752000000266	epochs	2.0
909.3487927632141	0.03744770000002973	epochs	3.0
909.3862404632141	0.03712749999999687	epochs	3.0
909.4233679632141	0.07331629999998768	epochs	2.0
909.4233679632141	0.036812899999972615	epochs	3.0
909.4601808632141	0.03650340000001506	epochs	3.0
909.4966842632141	0.07209899999998015	epochs	2.0
909.4966842632141	0.03619909999997617	epochs	3.0
909.5328833632141	0.03589990000000398	epochs	3.0
909.5687832632141	0.07092169999998532	epochs	2.0
909.5687832632141	0.03560560000005353	epochs	3.0
909.6043888632141	0.035316099999931794	epochs	3.0
909.6397049632141	0.06978200000003199	epochs	2.0
909.6397049632141	0.03503120000004856	epochs	3.0
909.6747361632141	0.03475079999998343	epochs	3.0
909.7094869632141	0.06867859999999837	epochs	2.0
909.7094869632141	0.03447510000000875	epochs	3.0
909.7439620632141	0.03420349999998962	epochs	3.0
909.7781655632141	0.06760930000007193	epochs	2.0
909.7781655632141	0.033936199999970995	epochs	3.0
909.8121017632141	0.03367310000010093	epochs	3.0
909.8457748632142	0.06657289999998284	epochs	2.0
909.8457748632142	0.03341399999999339	epochs	3.0
909.8791888632142	0.033158899999989444	epochs	3.0
909.9123477632141	0.06556779999993978	epochs	2.0
909.9123477632141	0.032907700000009754	epochs	3.0
909.9452554632142	0.032660099999930026	epochs	3.0
909.9779155632141	0.06459260000008271	epochs	2.0
909.9779155632141	0.032416399999988244	epochs	3.0
910.0103319632141	0.03217620000009447	epochs	3.0
910.0425081632142	0.0636459999999488	epochs	2.0
910.0425081632142	0.03193959999998697	epochs	3.0
910.0744477632142	0.03170639999996183	epochs	3.0
910.1061541632141	0.0627266999999847	epochs	2.0
910.1061541632141	0.03147660000001906	epochs	3.0
910.1376307632141	0.03125009999996564	epochs	3.0
910.1688808632141	0.06183359999999993	epochs	2.0
910.1688808632141	0.031026900000028945	epochs	3.0
910.1999077632141	0.030806699999970988	epochs	3.0
910.2307144632141	0.06096560000003137	epochs	2.0
910.2307144632141	0.030589800000029754	epochs	3.0
910.2613042632141	0.030375800000001618	epochs	3.0
910.2916800632141	0.06012160000000222	epochs	2.0
910.2916800632141	0.03016489999993155	epochs	3.0
910.3218449632141	0.02995670000007067	epochs	3.0
910.3518016632141	0.05930069999999432	epochs	2.0
910.3518016632141	0.02975159999994048	epochs	3.0
910.3815532632141	0.02954910000005384	epochs	3.0
910.4111023632141	0.05850179999993088	epochs	2.0
910.4111023632141	0.02934940000000097	epochs	3.0
910.4404517632141	0.029152399999929912	epochs	3.0
910.4696041632141	0.057724200000052406	epochs	2.0
910.4696041632141	0.028958000000102402	epochs	3.0
910.4985621632142	0.028766199999950004	epochs	3.0
910.5273283632141	0.05696709999995164	epochs	2.0
910.5273283632141	0.028577000000041153	epochs	3.0
910.5559053632142	0.02839009999991049	epochs	3.0
910.5842954632141	0.056229500000085864	epochs	2.0
910.5842954632141	0.028205700000057732	epochs	3.0
910.6125011632141	0.028023800000028132	epochs	3.0
910.6405249632141	0.05551070000001346	epochs	2.0
910.6405249632141	0.027843999999959124	epochs	3.0
910.6683689632141	0.027666700000054334	epochs	3.0
910.6960356632142	0.05481019999990622	epochs	2.0
910.6960356632142	0.02749149999999645	epochs	3.0
910.7235271632142	0.027318699999909768	epochs	3.0
910.7508458632141	0.05412699999999404	epochs	2.0
910.7508458632141	0.02714780000007977	epochs	3.0
910.7779936632141	0.026979199999914272	epochs	3.0
910.8049728632141	0.0534607000000733	epochs	2.0
910.8049728632141	0.026812600000084785	epochs	3.0
910.8317854632141	0.026648099999988517	epochs	3.0
910.8584335632141	0.05281070000000909	epochs	2.0
910.8584335632141	0.026485600000000886	epochs	3.0
910.8849191632141	0.026325100000008206	epochs	3.0
910.9112442632141	0.05217619999996259	epochs	2.0
910.9112442632141	0.026166399999965506	epochs	3.0
910.9374106632141	0.026009799999997085	epochs	3.0
910.9634204632141	0.051556699999991906	epochs	2.0
910.9634204632141	0.025854800000047362	epochs	3.0
910.9892752632142	0.025701899999944544	epochs	3.0
911.0149771632141	0.05095189999997274	epochs	2.0
911.0149771632141	0.02555070000005344	epochs	3.0
911.0405278632142	0.0254011999999193	epochs	3.0
911.0659290632141	0.05036100000006627	epochs	2.0
911.0659290632141	0.0252535000000762	epochs	3.0
911.0911825632141	0.02510749999999007	epochs	3.0
911.1162900632141	0.049783800000000156	epochs	2.0
911.1162900632141	0.02496320000000196	epochs	3.0
911.1412532632141	0.024820599999998194	epochs	3.0
911.1660738632141	0.04921949999993558	epochs	2.0
911.1660738632141	0.024679399999968155	epochs	3.0
911.1907532632141	0.024540099999967424	epochs	3.0
911.2152933632141	0.04866790000005494	epochs	2.0
911.2152933632141	0.024402100000088467	epochs	3.0
911.2396954632142	0.024265799999966475	epochs	3.0
911.2639612632141	0.04812860000004093	epochs	2.0
911.2639612632141	0.024131000000011227	epochs	3.0
911.2880922632141	0.023997600000029706	epochs	3.0
911.3120898632142	0.04760109999995166	epochs	2.0
911.3120898632142	0.023865799999953197	epochs	3.0
911.3359556632141	0.02373529999999846	epochs	3.0
911.3596909632141	0.047085000000038235	epochs	2.0
911.3596909632141	0.023606299999983094	epochs	3.0
911.3832972632141	0.02347870000005514	epochs	3.0
911.4067759632142	0.046579999999948996	epochs	2.0
911.4067759632142	0.02335249999998723	epochs	3.0
911.4301284632141	0.023227499999961765	epochs	3.0
911.4533559632141	0.046085700000048746	epochs	2.0
911.4533559632141	0.023103999999989355	epochs	3.0
911.4764599632141	0.02298170000005939	epochs	3.0
911.4994416632142	0.045601799999985815	epochs	2.0
911.4994416632142	0.02286069999991014	epochs	3.0
911.5223023632141	0.022741100000075676	epochs	3.0
911.5450434632141	0.04512790000001132	epochs	2.0
911.5450434632141	0.022622500000011314	epochs	3.0
911.5676659632142	0.02250540000000001	epochs	3.0
911.5901713632142	0.044663799999966614	epochs	2.0
911.5901713632142	0.02238929999998618	epochs	3.0
911.6125606632141	0.022274499999980435	epochs	3.0
911.6348351632141	0.04420919999995476	epochs	2.0
911.6348351632141	0.022160799999937808	epochs	3.0
911.6569959632141	0.022048400000016954	epochs	3.0
911.6790443632141	0.043763600000033875	epochs	2.0
911.6790443632141	0.021936900000014248	epochs	3.0
911.7009812632141	0.021826700000019628	epochs	3.0
911.7228079632141	0.04332710000005591	epochs	2.0
911.7228079632141	0.021717599999988124	epochs	3.0
911.7445255632141	0.021609500000067783	epochs	3.0
911.7661350632142	0.042898999999920306	epochs	2.0
911.7661350632142	0.02150249999999687	epochs	3.0
911.7876375632142	0.021396499999923435	epochs	3.0
911.8090340632141	0.042479500000013104	epochs	2.0
911.8090340632141	0.02129170000000613	epochs	3.0
911.8303257632141	0.021187800000006973	epochs	3.0
911.8515135632141	0.042067900000006375	epochs	2.0
911.8515135632141	0.02108490000000529	epochs	3.0
911.8725984632141	0.020983000000001084	epochs	3.0
911.8935814632141	0.04166440000005878	epochs	2.0
911.8935814632141	0.020882199999959994	epochs	3.0
911.9144636632141	0.020782200000098783	epochs	3.0
911.9352458632142	0.04126850000000104	epochs	2.0
911.9352458632142	0.020683299999973315	epochs	3.0
911.9559291632141	0.020585200000027726	epochs	3.0
911.9765143632142	0.040879999999901884	epochs	2.0
911.9765143632142	0.020488099999965925	epochs	3.0
911.9970024632141	0.02039189999993596	epochs	3.0
912.0173943632141	0.04049880000002304	epochs	2.0
912.0173943632141	0.020296600000051512	epochs	3.0
912.0376909632141	0.020202199999971526	epochs	3.0
912.0578931632141	0.04012460000001283	epochs	2.0
912.0578931632141	0.02010870000003706	epochs	3.0
912.0780018632141	0.020015899999975773	epochs	3.0
912.0980177632141	0.03975730000001931	epochs	2.0
912.0980177632141	0.019924199999991288	epochs	3.0
912.1179419632141	0.019833100000028026	epochs	3.0
912.1377750632141	0.03939669999999751	epochs	2.0
912.1377750632141	0.01974299999994855	epochs	3.0
912.1575180632141	0.019653700000048957	epochs	3.0
912.1771717632141	0.03904239999997117	epochs	2.0
912.1771717632141	0.01956510000002254	epochs	3.0
912.1967368632141	0.019477299999948627	epochs	3.0
912.2162141632141	0.03869459999998526	epochs	2.0
912.2162141632141	0.019390400000020236	epochs	3.0
912.2356045632141	0.01930419999996502	epochs	3.0
912.2549087632141	0.03835290000006353	epochs	2.0
912.2549087632141	0.019218800000089686	epochs	3.0
912.2741275632142	0.01913409999997384	epochs	3.0
912.2932616632141	0.03801720000001296	epochs	2.0
912.2932616632141	0.01905019999992419	epochs	3.0
912.3123118632141	0.018967000000088774	epochs	3.0
912.3312788632142	0.03768719999993664	epochs	2.0
912.3312788632142	0.01888450000001285	epochs	3.0
912.3501633632142	0.01880269999992379	epochs	3.0
912.3689660632141	0.03736309999999321	epochs	2.0
912.3689660632141	0.018721700000014607	epochs	3.0
912.3876877632141	0.018641399999978603	epochs	3.0
912.4063291632141	0.03704430000004777	epochs	2.0
912.4063291632141	0.01856159999999818	epochs	3.0
912.4248907632141	0.01848270000004959	epochs	3.0
912.4433734632141	0.0367310000000316	epochs	2.0
912.4433734632141	0.018404299999929208	epochs	3.0
912.4617777632141	0.01832670000010239	epochs	3.0
912.4801044632142	0.03642289999993409	epochs	2.0
912.4801044632142	0.018249599999990096	epochs	3.0
912.4983540632142	0.018173299999943993	epochs	3.0
912.5165273632141	0.03612010000006194	epochs	2.0
912.5165273632141	0.0180976000000328	epochs	3.0
912.5346249632141	0.01802250000002914	epochs	3.0
912.5526474632142	0.03582209999990482	epochs	2.0
912.5526474632142	0.017947899999967376	epochs	3.0
912.5705953632141	0.017874199999937446	epochs	3.0
912.5884695632141	0.03552899999999681	epochs	2.0
912.5884695632141	0.017800800000031813	epochs	3.0
912.6062703632141	0.017728199999965	epochs	3.0
912.6239985632141	0.03524070000003121	epochs	2.0
912.6239985632141	0.017656100000067454	epochs	3.0
912.6416546632141	0.017584599999963757	epochs	3.0
912.6592392632141	0.034957100000042374	epochs	2.0
912.6592392632141	0.01751369999999497	epochs	3.0
912.6767529632141	0.017443400000047404	epochs	3.0
912.6941963632141	0.03467790000001969	epochs	2.0
912.6941963632141	0.017373599999928047	epochs	3.0
912.7115699632141	0.017304300000091644	epochs	3.0
912.7288742632142	0.03440330000000813	epochs	2.0
912.7288742632142	0.01723570000001473	epochs	3.0
912.7461099632142	0.0171675999999934	epochs	3.0
912.7632775632142	0.03413279999995211	epochs	2.0
912.7632775632142	0.01709989999994832	epochs	3.0
912.7803774632141	0.017032900000003792	epochs	3.0
912.7974103632141	0.033866699999975935	epochs	2.0
912.7974103632141	0.01696640000000116	epochs	3.0
912.8143767632141	0.016900299999974777	epochs	3.0
912.8312770632141	0.03360459999998966	epochs	2.0
912.8312770632141	0.01683479999996962	epochs	3.0
912.8481118632141	0.01676980000002004	epochs	3.0
912.8648816632141	0.03334660000007261	epochs	2.0
912.8648816632141	0.016705300000012357	epochs	3.0
912.8815869632141	0.016641300000060255	epochs	3.0
912.8982282632142	0.03309249999995245	epochs	2.0
912.8982282632142	0.01657779999993636	epochs	3.0
912.9148060632141	0.01651470000001609	epochs	3.0
912.9313207632141	0.03284229999997024	epochs	2.0
912.9313207632141	0.01645220000000336	epochs	3.0
912.9477729632141	0.01639009999996688	epochs	3.0
912.9641630632141	0.03259570000000167	epochs	2.0
912.9641630632141	0.016328400000020338	epochs	3.0
912.9804914632141	0.016267299999981333	epochs	3.0
912.9967587632141	0.032352899999978035	epochs	2.0
912.9967587632141	0.016206600000032267	epochs	3.0
913.0129653632141	0.016146299999945768	epochs	3.0
913.029111663214	0.032113700000081735	epochs	2.0
913.029111663214	0.016086600000107865	epochs	3.0
913.0451982632142	0.01602709999997387	epochs	3.0
913.0612253632141	0.03187800000000607	epochs	2.0
913.0612253632141	0.015968199999974786	epochs	3.0
913.0771935632141	0.015909800000031282	epochs	3.0
913.0931033632141	0.031645700000012766	epochs	2.0
913.0931033632141	0.01585160000001906	epochs	3.0
913.1089549632142	0.015794099999993705	epochs	3.0
913.1247490632142	0.031416699999908815	epochs	2.0
913.1247490632142	0.01573669999993399	epochs	3.0
913.1404857632141	0.015679999999974825	epochs	3.0
913.1561657632141	0.031191100000000915	epochs	2.0
913.1561657632141	0.015623600000026272	epochs	3.0
913.1717893632141	0.015567499999974643	epochs	3.0
913.1873568632141	0.030968700000016725	epochs	2.0
913.1873568632141	0.015512000000057924	epochs	3.0
913.2028688632141	0.0154566999999588	epochs	3.0
913.2183255632141	0.03074950000006993	epochs	2.0
913.2183255632141	0.015401999999994587	epochs	3.0
913.2337275632141	0.015347500000075343	epochs	3.0
913.2490750632141	0.030533199999922545	epochs	2.0
913.2490750632141	0.015293400000018664	epochs	3.0
913.2643684632142	0.01523979999990388	epochs	3.0
913.2796082632141	0.03032010000003993	epochs	2.0
913.2796082632141	0.015186500000027081	epochs	3.0
913.2947947632141	0.015133600000012848	epochs	3.0
913.3099283632141	0.030109899999956724	epochs	2.0
913.3099283632141	0.015081000000009226	epochs	3.0
913.3250093632141	0.015028899999947498	epochs	3.0
913.3400382632141	0.02990250000004835	epochs	2.0
913.3400382632141	0.014977000000044427	epochs	3.0
913.3550152632141	0.014925500000003922	epochs	3.0
913.3699407632141	0.029698100000018712	epochs	2.0
913.3699407632141	0.01487439999993967	epochs	3.0
913.3848151632141	0.014823700000079043	epochs	3.0
913.3996388632141	0.02949630000000525	epochs	2.0
913.3996388632141	0.014773199999922326	epochs	3.0
913.4144120632141	0.014723100000082923	epochs	3.0
913.4291351632141	0.02929740000001857	epochs	2.0
913.4291351632141	0.014673399999992398	epochs	3.0
913.4438085632141	0.014624000000026172	epochs	3.0
913.4584325632142	0.029101099999934377	epochs	2.0
913.4584325632142	0.01457489999995687	epochs	3.0
913.4730074632141	0.014526199999977507	epochs	3.0
913.4875336632141	0.028907399999980044	epochs	2.0
913.4875336632141	0.014477700000043114	epochs	3.0
913.5020113632141	0.014429699999936929	epochs	3.0
913.5164410632141	0.028716200000076242	epochs	2.0
913.5164410632141	0.014381800000023759	epochs	3.0
913.5308228632141	0.014334400000052483	epochs	3.0
913.5451572632142	0.02852759999996124	epochs	2.0
913.5451572632142	0.01428720000001249	epochs	3.0
913.5594444632142	0.01424039999994875	epochs	3.0
913.5736848632141	0.028341400000044814	epochs	2.0
913.5736848632141	0.014193800000043666	epochs	3.0
913.5878786632142	0.014147600000001148	epochs	3.0
913.6020262632142	0.028157699999951546	epochs	2.0
913.6020262632142	0.014101699999969242	epochs	3.0
913.6161279632141	0.014055999999982305	epochs	3.0
913.6301839632141	0.027976299999977527	epochs	2.0
913.6301839632141	0.01401060000000598	epochs	3.0
913.6441945632141	0.013965699999971548	epochs	3.0
913.6581602632141	0.02779720000000907	epochs	2.0
913.6581602632141	0.013920800000050804	epochs	3.0
913.6720810632141	0.013876399999958267	epochs	3.0
913.6859574632141	0.027620400000046175	epochs	2.0
913.6859574632141	0.013832200000024386	epochs	3.0
913.6997896632141	0.013788200000021789	epochs	3.0
913.7135778632141	0.027445899999975154	epochs	2.0
913.7135778632141	0.013744599999995444	epochs	3.0
913.7273224632141	0.01370129999997971	epochs	3.0
913.7410237632141	0.027273499999978412	epochs	2.0
913.7410237632141	0.013658200000008947	epochs	3.0
913.7546819632141	0.013615299999969466	epochs	3.0
913.7682972632141	0.027103399999987232	epochs	2.0
913.7682972632141	0.013572800000019924	epochs	3.0
913.7818700632141	0.013530599999967308	epochs	3.0
913.7954006632141	0.02693520000002536	epochs	2.0
913.7954006632141	0.013488400000028378	epochs	3.0
913.8088890632141	0.013446799999996983	epochs	3.0
913.8223358632141	0.026769199999989723	epochs	2.0
913.8223358632141	0.013405199999965589	epochs	3.0
913.8357410632141	0.013364000000024134	epochs	3.0
913.8491050632141	0.026605200000062723	epochs	2.0
913.8491050632141	0.013322900000048321	epochs	3.0
913.8624279632141	0.013282300000014402	epochs	3.0
913.8757102632142	0.0264431999999033	epochs	2.0
913.8757102632142	0.013241699999980483	epochs	3.0
913.8889519632141	0.013201499999922817	epochs	3.0
913.9021534632141	0.026283200000079887	epochs	2.0
913.9021534632141	0.013161500000023807	epochs	3.0
913.9153149632141	0.01312170000005608	epochs	3.0
913.9284366632141	0.02612499999997908	epochs	2.0
913.9284366632141	0.013082100000019636	epochs	3.0
913.9415187632142	0.013042899999959445	epochs	3.0
913.9545616632141	0.025968899999952555	epochs	2.0
913.9545616632141	0.013003899999944224	epochs	3.0
913.9675655632141	0.012965000000008331	epochs	3.0
913.9805305632141	0.025814500000024054	epochs	2.0
913.9805305632141	0.01292640000008305	epochs	3.0
913.9934569632142	0.012888099999941005	epochs	3.0
914.0063450632141	0.025661900000045534	epochs	2.0
914.0063450632141	0.012849899999991976	epochs	3.0
914.0191949632141	0.012812000000053558	epochs	3.0
914.0320069632141	0.025511199999982637	epochs	2.0
914.0320069632141	0.012774400000012065	epochs	3.0
914.0447813632142	0.012736799999970572	epochs	3.0
914.0575181632141	0.025362299999983406	epochs	2.0
914.0575181632141	0.01269969999998466	epochs	3.0
914.0702178632141	0.012662599999998747	epochs	3.0
914.0828804632141	0.025215000000002874	epochs	2.0
914.0828804632141	0.012625800000023446	epochs	3.0
914.0955062632141	0.012589199999979428	epochs	3.0
914.1080954632141	0.024584799999956886	epochs	2.0
914.1320323632141	0.5	epochs	-1.0
914.1326802632141	0.5156800000000885	epochs	1.0
914.6483602632142	0.4842399999999998	epochs	0.0
915.7540001869202	0.08367999999995845	epochs	0.0
915.7540001869202	0.03684429999998429	epochs	1.0
915.7908444869202	0.00999139999998988	epochs	1.0
915.8008358869201	0.03684429999998429	epochs	1.0
915.8376801869201	2.0	epochs	0.0
917.8376801869201	21.555680000000052	epochs	0.0
917.8376801869201	1.0	epochs	1.0
917.8377522869201	0.5	epochs	-1.0
918.3377522869201	19.99928	epochs	-1.0
918.8376801869201	20.0	epochs	1.0
918.8376801869201	4.356753900000058	epochs	-1.0
918.8376801869201	1.9745872000000873	epochs	2.0
918.8376801869201	1.0985622000000603	epochs	3.0
919.9362423869202	0.8760250000000269	epochs	3.0
920.8122673869202	1.352407499999913	epochs	2.0
920.8122673869202	0.7286354999999958	epochs	3.0
921.5409028869202	0.6237719999999172	epochs	3.0
922.1646748869201	1.0297592000000577	epochs	2.0
922.1646748869201	0.5453293000000485	epochs	3.0
922.7100041869202	0.4844299000000092	epochs	3.0
923.1944340869202	0.8317862000000105	epochs	2.0
923.1944340869202	0.4357762999999295	epochs	3.0
923.6302103869201	0.39600990000008096	epochs	3.0
924.0262202869202	0.6977969999999232	epochs	2.0
924.0262202869202	0.3628982000000178	epochs	3.0
924.3891184869202	0.33489879999990535	epochs	3.0
924.7240172869201	0.6010457000000997	epochs	2.0
924.7240172869201	0.3109123000000409	epochs	3.0
925.0349295869202	0.2901334000000588	epochs	3.0
925.3250629869202	0.5278859000000011	epochs	2.0
925.3250629869202	0.2719585999999481	epochs	3.0
925.5970215869202	0.25592730000005304	epochs	3.0
925.8529488869202	0.470619299999953	epochs	2.0
925.8529488869202	0.241681299999982	epochs	3.0
926.0946301869202	0.228937999999971	epochs	3.0
926.3235681869202	0.42457039999999324	epochs	2.0
926.3235681869202	0.21747140000002219	epochs	3.0
926.5410395869202	0.20709899999997106	epochs	3.0
926.7481385869202	0.3867354000000205	epochs	2.0
926.7481385869202	0.19767109999997956	epochs	3.0
926.9458096869201	0.18906430000004093	epochs	3.0
927.1348739869202	0.3550953000000163	epochs	2.0
927.1348739869202	0.18117589999997108	epochs	3.0
927.3160498869202	0.17391940000004524	epochs	3.0
927.4899692869202	0.3282431000000088	epochs	2.0
927.4899692869202	0.16722189999995862	epochs	3.0
927.6571911869202	0.16102120000005016	epochs	3.0
927.8182123869202	0.30516799999998057	epochs	2.0
927.8182123869202	0.15526389999990897	epochs	3.0
927.9734762869201	0.1499041000000716	epochs	3.0
928.1233803869202	0.28512530000000424	epochs	2.0
928.1233803869202	0.1449020999999675	epochs	3.0
928.2682824869202	0.14022320000003674	epochs	3.0
928.4085056869202	0.2675537999999733	epochs	2.0
928.4085056869202	0.1358368999999584	epochs	3.0
928.5443425869202	0.1317169000000149	epochs	3.0
928.6760594869202	0.2520229000000427	epochs	2.0
928.6760594869202	0.1278393000000051	epochs	3.0
928.8038987869202	0.12418360000003759	epochs	3.0
928.9280823869202	0.23819649999995818	epochs	2.0
928.9280823869202	0.12073109999994358	epochs	3.0
929.0488134869202	0.1174654000000146	epochs	3.0
929.1662788869202	0.2258087999999816	epochs	2.0
929.1662788869202	0.11437190000003739	epochs	3.0
929.2806507869202	0.11143689999994422	epochs	3.0
929.3920876869201	0.2146460000000161	epochs	2.0
929.3920876869201	0.10864890000004834	epochs	3.0
929.5007365869202	0.10599709999996776	epochs	3.0
929.6067336869202	0.20453499999996438	epochs	2.0
929.6067336869202	0.10347149999995509	epochs	3.0
929.7102051869201	0.1010635000000093	epochs	3.0
929.8112686869201	0.19533400000000256	epochs	2.0
929.8112686869201	0.09876510000003691	epochs	3.0
929.9100337869202	0.09656889999996565	epochs	3.0
930.0066026869201	0.18692529999998442	epochs	2.0
930.0066026869201	0.09446830000001682	epochs	3.0
930.1010709869201	0.09245699999996759	epochs	3.0
930.1935279869201	0.17921069999999872	epochs	2.0
930.1935279869201	0.0905296000000817	epochs	3.0
930.2840575869202	0.08868109999991702	epochs	3.0
930.3727386869201	0.17210770000008324	epochs	2.0
930.3727386869201	0.08690630000000965	epochs	3.0
930.4596449869201	0.08520140000007359	epochs	3.0
930.5448463869202	0.1655463999999256	epochs	2.0
930.5448463869202	0.08356189999994967	epochs	3.0
930.6284082869201	0.08198449999997592	epochs	3.0
930.7103927869201	0.15946710000002895	epochs	2.0
930.7103927869201	0.08046540000009372	epochs	3.0
930.7908581869202	0.07900169999993523	epochs	3.0
930.8698598869202	0.15381839999997737	epochs	2.0
930.8698598869202	0.07759010000006583	epochs	3.0
930.9474499869202	0.07622829999991154	epochs	3.0
931.0236782869201	0.14855640000007497	epochs	2.0
931.0236782869201	0.07491330000004837	epochs	3.0
931.0985915869202	0.0736431000000266	epochs	3.0
931.1722346869202	0.14364239999997608	epochs	2.0
931.1722346869202	0.07241499999997814	epochs	3.0
931.2446496869202	0.07122739999999794	epochs	3.0
931.3158770869202	0.13904309999998077	epochs	2.0
931.3158770869202	0.07007799999996678	epochs	3.0
931.3859550869201	0.06896510000001399	epochs	3.0
931.4549201869202	0.1347293000000036	epochs	2.0
931.4549201869202	0.0678871000000072	epochs	3.0
931.5228072869202	0.06684219999999641	epochs	3.0
931.5896494869202	0.1306752000000415	epochs	2.0
931.5896494869202	0.06582909999997355	epochs	3.0
931.6554785869201	0.06484610000006796	epochs	3.0
931.7203246869202	0.1268577999999252	epochs	2.0
931.7203246869202	0.06389200000000983	epochs	3.0
931.7842166869202	0.06296579999991536	epochs	3.0
931.8471824869201	0.12325720000001184	epochs	2.0
931.8471824869201	0.06206580000002759	epochs	3.0
931.9092482869202	0.06119139999998424	epochs	3.0
931.9704396869201	0.11985540000000583	epochs	2.0
931.9704396869201	0.06034110000007331	epochs	3.0
932.0307807869202	0.05951429999993252	epochs	3.0
932.0902950869202	0.11663620000001629	epochs	2.0
932.0902950869202	0.05870960000004288	epochs	3.0
932.1490046869202	0.057926599999973405	epochs	3.0
932.2069312869202	0.11358559999996487	epochs	2.0
932.2069312869202	0.05716419999998834	epochs	3.0
932.2640954869202	0.05642139999997653	epochs	3.0
932.3205168869201	0.11069050000003244	epochs	2.0
932.3205168869201	0.055697900000041045	epochs	3.0
932.3762147869202	0.0549925999999914	epochs	3.0
932.4312073869202	0.10793909999995321	epochs	2.0
932.4312073869202	0.05430490000003374	epochs	3.0
932.4855122869202	0.053634199999919474	epochs	3.0
932.5391464869201	0.10532150000005913	epochs	2.0
932.5391464869201	0.05298000000004777	epochs	3.0
932.5921264869202	0.052341500000011365	epochs	3.0
932.6444679869202	0.10282759999995505	epochs	2.0
932.6444679869202	0.05171810000001642	epochs	3.0
932.6961860869202	0.051109499999938635	epochs	3.0
932.7472955869201	0.10044909999999163	epochs	2.0
932.7472955869201	0.050514900000052876	epochs	3.0
932.7978104869202	0.049934199999938755	epochs	3.0
932.8477446869201	0.09817830000008598	epochs	2.0
932.8477446869201	0.04936659999998483	epochs	3.0
932.8971112869201	0.048811700000101155	epochs	3.0
932.9459229869202	0.09600779999993847	epochs	2.0
932.9459229869202	0.04826919999993606	epochs	3.0
932.9941921869201	0.04773860000000241	epochs	3.0
933.0419307869201	0.09393120000004274	epochs	2.0
933.0419307869201	0.04721949999998287	epochs	3.0
933.0891502869201	0.046711700000059864	epochs	3.0
933.1358619869202	0.09194259999992482	epochs	2.0
933.1358619869202	0.046214599999984785	epochs	3.0
933.1820765869202	0.04572799999994004	epochs	3.0
933.2278045869201	0.09003630000006524	epochs	2.0
933.2278045869201	0.04525150000006306	epochs	3.0
933.2730560869202	0.04478480000000218	epochs	3.0
933.3178408869202	0.08820760000003247	epochs	2.0
933.3178408869202	0.044327800000019124	epochs	3.0
933.3621686869202	0.04387980000001335	epochs	3.0
933.4060484869202	0.0864516999999978	epochs	2.0
933.4060484869202	0.04344099999991613	epochs	3.0
933.4494894869201	0.04301070000008167	epochs	3.0
933.4925001869202	0.08476429999996071	epochs	2.0
933.4925001869202	0.04258899999990717	epochs	3.0
933.5350891869201	0.04217530000005354	epochs	3.0
933.5772644869202	0.08314150000001064	epochs	2.0
933.5772644869202	0.04176970000003166	epochs	3.0
933.6190341869202	0.041371799999978975	epochs	3.0
933.6604059869202	0.08157970000002024	epochs	2.0
933.6604059869202	0.040981399999964196	epochs	3.0
933.7013873869201	0.04059830000005604	epochs	3.0
933.7419856869202	0.08007549999990715	epochs	2.0
933.7419856869202	0.04022229999998217	epochs	3.0
933.7822079869202	0.03985319999992498	epochs	3.0
933.8220611869201	0.07862570000008873	epochs	2.0
933.8220611869201	0.039490800000066884	epochs	3.0
933.8615519869202	0.039134900000021844	epochs	3.0
933.9006868869202	0.07722760000001472	epochs	2.0
933.9006868869202	0.03878539999993791	epochs	3.0
933.9394722869201	0.03844220000007681	epochs	3.0
933.9779144869202	0.07587819999992007	epochs	2.0
933.9779144869202	0.03810479999992822	epochs	3.0
934.0160192869201	0.03777339999999185	epochs	3.0
934.0537926869201	0.0745752000000266	epochs	2.0
934.0537926869201	0.03744770000002973	epochs	3.0
934.0912403869202	0.03712749999999687	epochs	3.0
934.1283678869202	0.07331629999998768	epochs	2.0
934.1283678869202	0.036812899999972615	epochs	3.0
934.1651807869201	0.03650340000001506	epochs	3.0
934.2016841869201	0.07209899999998015	epochs	2.0
934.2016841869201	0.03619909999997617	epochs	3.0
934.2378832869201	0.03589990000000398	epochs	3.0
934.2737831869201	0.07092169999998532	epochs	2.0
934.2737831869201	0.03560560000005353	epochs	3.0
934.3093887869202	0.035316099999931794	epochs	3.0
934.3447048869201	0.06978200000003199	epochs	2.0
934.3447048869201	0.03503120000004856	epochs	3.0
934.3797360869202	0.03475079999998343	epochs	3.0
934.4144868869201	0.06867859999999837	epochs	2.0
934.4144868869201	0.03447510000000875	epochs	3.0
934.4489619869202	0.03420349999998962	epochs	3.0
934.4831654869201	0.06760930000007193	epochs	2.0
934.4831654869201	0.033936199999970995	epochs	3.0
934.5171016869201	0.03367310000010093	epochs	3.0
934.5507747869202	0.06657289999998284	epochs	2.0
934.5507747869202	0.03341399999999339	epochs	3.0
934.5841887869202	0.033158899999989444	epochs	3.0
934.6173476869202	0.06556779999993978	epochs	2.0
934.6173476869202	0.032907700000009754	epochs	3.0
934.6502553869202	0.032660099999930026	epochs	3.0
934.6829154869201	0.06459260000008271	epochs	2.0
934.6829154869201	0.032416399999988244	epochs	3.0
934.7153318869201	0.03217620000009447	epochs	3.0
934.7475080869202	0.0636459999999488	epochs	2.0
934.7475080869202	0.03193959999998697	epochs	3.0
934.7794476869202	0.03170639999996183	epochs	3.0
934.8111540869202	0.0627266999999847	epochs	2.0
934.8111540869202	0.03147660000001906	epochs	3.0
934.8426306869202	0.03125009999996564	epochs	3.0
934.8738807869202	0.06183359999999993	epochs	2.0
934.8738807869202	0.031026900000028945	epochs	3.0
934.9049076869202	0.030806699999970988	epochs	3.0
934.9357143869202	0.06096560000003137	epochs	2.0
934.9357143869202	0.030589800000029754	epochs	3.0
934.9663041869202	0.030375800000001618	epochs	3.0
934.9966799869202	0.06012160000000222	epochs	2.0
934.9966799869202	0.03016489999993155	epochs	3.0
935.0268448869201	0.02995670000007067	epochs	3.0
935.0568015869202	0.05930069999999432	epochs	2.0
935.0568015869202	0.02975159999994048	epochs	3.0
935.0865531869201	0.02954910000005384	epochs	3.0
935.1161022869202	0.05850179999993088	epochs	2.0
935.1161022869202	0.02934940000000097	epochs	3.0
935.1454516869202	0.029152399999929912	epochs	3.0
935.1746040869201	0.057724200000052406	epochs	2.0
935.1746040869201	0.028958000000102402	epochs	3.0
935.2035620869202	0.028766199999950004	epochs	3.0
935.2323282869202	0.05696709999995164	epochs	2.0
935.2323282869202	0.028577000000041153	epochs	3.0
935.2609052869202	0.02839009999991049	epochs	3.0
935.2892953869201	0.056229500000085864	epochs	2.0
935.2892953869201	0.028205700000057732	epochs	3.0
935.3175010869202	0.028023800000028132	epochs	3.0
935.3455248869202	0.05551070000001346	epochs	2.0
935.3455248869202	0.027843999999959124	epochs	3.0
935.3733688869202	0.027666700000054334	epochs	3.0
935.4010355869202	0.05481019999990622	epochs	2.0
935.4010355869202	0.02749149999999645	epochs	3.0
935.4285270869202	0.027318699999909768	epochs	3.0
935.4558457869201	0.05412699999999404	epochs	2.0
935.4558457869201	0.02714780000007977	epochs	3.0
935.4829935869202	0.026979199999914272	epochs	3.0
935.5099727869201	0.0534607000000733	epochs	2.0
935.5099727869201	0.026812600000084785	epochs	3.0
935.5367853869202	0.026648099999988517	epochs	3.0
935.5634334869202	0.05281070000000909	epochs	2.0
935.5634334869202	0.026485600000000886	epochs	3.0
935.5899190869202	0.026325100000008206	epochs	3.0
935.6162441869202	0.05217619999996259	epochs	2.0
935.6162441869202	0.026166399999965506	epochs	3.0
935.6424105869202	0.026009799999997085	epochs	3.0
935.6684203869202	0.051556699999991906	epochs	2.0
935.6684203869202	0.025854800000047362	epochs	3.0
935.6942751869202	0.025701899999944544	epochs	3.0
935.7199770869202	0.05095189999997274	epochs	2.0
935.7199770869202	0.02555070000005344	epochs	3.0
935.7455277869202	0.0254011999999193	epochs	3.0
935.7709289869201	0.05036100000006627	epochs	2.0
935.7709289869201	0.0252535000000762	epochs	3.0
935.7961824869202	0.02510749999999007	epochs	3.0
935.8212899869202	0.049783800000000156	epochs	2.0
935.8212899869202	0.02496320000000196	epochs	3.0
935.8462531869202	0.024820599999998194	epochs	3.0
935.8710737869202	0.04921949999993558	epochs	2.0
935.8710737869202	0.024679399999968155	epochs	3.0
935.8957531869202	0.024540099999967424	epochs	3.0
935.9202932869201	0.04866790000005494	epochs	2.0
935.9202932869201	0.024402100000088467	epochs	3.0
935.9446953869202	0.024265799999966475	epochs	3.0
935.9689611869202	0.04812860000004093	epochs	2.0
935.9689611869202	0.024131000000011227	epochs	3.0
935.9930921869202	0.023997600000029706	epochs	3.0
936.0170897869202	0.04760109999995166	epochs	2.0
936.0170897869202	0.023865799999953197	epochs	3.0
936.0409555869202	0.02373529999999846	epochs	3.0
936.0646908869202	0.047085000000038235	epochs	2.0
936.0646908869202	0.023606299999983094	epochs	3.0
936.0882971869202	0.02347870000005514	epochs	3.0
936.1117758869202	0.046579999999948996	epochs	2.0
936.1117758869202	0.02335249999998723	epochs	3.0
936.1351283869202	0.023227499999961765	epochs	3.0
936.1583558869202	0.046085700000048746	epochs	2.0
936.1583558869202	0.023103999999989355	epochs	3.0
936.1814598869202	0.02298170000005939	epochs	3.0
936.2044415869202	0.045601799999985815	epochs	2.0
936.2044415869202	0.02286069999991014	epochs	3.0
936.2273022869201	0.022741100000075676	epochs	3.0
936.2500433869202	0.04512790000001132	epochs	2.0
936.2500433869202	0.022622500000011314	epochs	3.0
936.2726658869202	0.02250540000000001	epochs	3.0
936.2951712869202	0.044663799999966614	epochs	2.0
936.2951712869202	0.02238929999998618	epochs	3.0
936.3175605869202	0.022274499999980435	epochs	3.0
936.3398350869202	0.04420919999995476	epochs	2.0
936.3398350869202	0.022160799999937808	epochs	3.0
936.3619958869201	0.022048400000016954	epochs	3.0
936.3840442869201	0.043763600000033875	epochs	2.0
936.3840442869201	0.021936900000014248	epochs	3.0
936.4059811869201	0.021826700000019628	epochs	3.0
936.4278078869202	0.04332710000005591	epochs	2.0
936.4278078869202	0.021717599999988124	epochs	3.0
936.4495254869202	0.021609500000067783	epochs	3.0
936.4711349869202	0.042898999999920306	epochs	2.0
936.4711349869202	0.02150249999999687	epochs	3.0
936.4926374869202	0.021396499999923435	epochs	3.0
936.5140339869201	0.042479500000013104	epochs	2.0
936.5140339869201	0.02129170000000613	epochs	3.0
936.5353256869201	0.021187800000006973	epochs	3.0
936.5565134869202	0.042067900000006375	epochs	2.0
936.5565134869202	0.02108490000000529	epochs	3.0
936.5775983869202	0.020983000000001084	epochs	3.0
936.5985813869202	0.04166440000005878	epochs	2.0
936.5985813869202	0.020882199999959994	epochs	3.0
936.6194635869201	0.020782200000098783	epochs	3.0
936.6402457869202	0.04126850000000104	epochs	2.0
936.6402457869202	0.020683299999973315	epochs	3.0
936.6609290869202	0.020585200000027726	epochs	3.0
936.6815142869202	0.040879999999901884	epochs	2.0
936.6815142869202	0.020488099999965925	epochs	3.0
936.7020023869202	0.02039189999993596	epochs	3.0
936.7223942869201	0.04049880000002304	epochs	2.0
936.7223942869201	0.020296600000051512	epochs	3.0
936.7426908869202	0.020202199999971526	epochs	3.0
936.7628930869201	0.04012460000001283	epochs	2.0
936.7628930869201	0.02010870000003706	epochs	3.0
936.7830017869202	0.020015899999975773	epochs	3.0
936.8030176869202	0.03975730000001931	epochs	2.0
936.8030176869202	0.019924199999991288	epochs	3.0
936.8229418869201	0.019833100000028026	epochs	3.0
936.8427749869202	0.03939669999999751	epochs	2.0
936.8427749869202	0.01974299999994855	epochs	3.0
936.8625179869201	0.019653700000048957	epochs	3.0
936.8821716869202	0.03904239999997117	epochs	2.0
936.8821716869202	0.01956510000002254	epochs	3.0
936.9017367869202	0.019477299999948627	epochs	3.0
936.9212140869201	0.03869459999998526	epochs	2.0
936.9212140869201	0.019390400000020236	epochs	3.0
936.9406044869202	0.01930419999996502	epochs	3.0
936.9599086869201	0.03835290000006353	epochs	2.0
936.9599086869201	0.019218800000089686	epochs	3.0
936.9791274869202	0.01913409999997384	epochs	3.0
936.9982615869202	0.03801720000001296	epochs	2.0
936.9982615869202	0.01905019999992419	epochs	3.0
937.0173117869201	0.018967000000088774	epochs	3.0
937.0362787869202	0.03768719999993664	epochs	2.0
937.0362787869202	0.01888450000001285	epochs	3.0
937.0551632869202	0.01880269999992379	epochs	3.0
937.0739659869201	0.03736309999999321	epochs	2.0
937.0739659869201	0.018721700000014607	epochs	3.0
937.0926876869202	0.018641399999978603	epochs	3.0
937.1113290869201	0.03704430000004777	epochs	2.0
937.1113290869201	0.01856159999999818	epochs	3.0
937.1298906869201	0.01848270000004959	epochs	3.0
937.1483733869202	0.0367310000000316	epochs	2.0
937.1483733869202	0.018404299999929208	epochs	3.0
937.1667776869201	0.01832670000010239	epochs	3.0
937.1851043869202	0.03642289999993409	epochs	2.0
937.1851043869202	0.018249599999990096	epochs	3.0
937.2033539869202	0.018173299999943993	epochs	3.0
937.2215272869201	0.03612010000006194	epochs	2.0
937.2215272869201	0.0180976000000328	epochs	3.0
937.2396248869202	0.01802250000002914	epochs	3.0
937.2576473869202	0.03582209999990482	epochs	2.0
937.2576473869202	0.017947899999967376	epochs	3.0
937.2755952869202	0.017874199999937446	epochs	3.0
937.2934694869201	0.03552899999999681	epochs	2.0
937.2934694869201	0.017800800000031813	epochs	3.0
937.3112702869201	0.017728199999965	epochs	3.0
937.3289984869201	0.03524070000003121	epochs	2.0
937.3289984869201	0.017656100000067454	epochs	3.0
937.3466545869202	0.017584599999963757	epochs	3.0
937.3642391869201	0.034957100000042374	epochs	2.0
937.3642391869201	0.01751369999999497	epochs	3.0
937.3817528869201	0.017443400000047404	epochs	3.0
937.3991962869202	0.03467790000001969	epochs	2.0
937.3991962869202	0.017373599999928047	epochs	3.0
937.4165698869201	0.017304300000091644	epochs	3.0
937.4338741869202	0.03440330000000813	epochs	2.0
937.4338741869202	0.01723570000001473	epochs	3.0
937.4511098869202	0.0171675999999934	epochs	3.0
937.4682774869202	0.03413279999995211	epochs	2.0
937.4682774869202	0.01709989999994832	epochs	3.0
937.4853773869202	0.017032900000003792	epochs	3.0
937.5024102869202	0.033866699999975935	epochs	2.0
937.5024102869202	0.01696640000000116	epochs	3.0
937.5193766869202	0.016900299999974777	epochs	3.0
937.5362769869201	0.03360459999998966	epochs	2.0
937.5362769869201	0.01683479999996962	epochs	3.0
937.5531117869201	0.01676980000002004	epochs	3.0
937.5698815869201	0.03334660000007261	epochs	2.0
937.5698815869201	0.016705300000012357	epochs	3.0
937.5865868869201	0.016641300000060255	epochs	3.0
937.6032281869202	0.03309249999995245	epochs	2.0
937.6032281869202	0.01657779999993636	epochs	3.0
937.6198059869201	0.01651470000001609	epochs	3.0
937.6363206869202	0.03284229999997024	epochs	2.0
937.6363206869202	0.01645220000000336	epochs	3.0
937.6527728869202	0.01639009999996688	epochs	3.0
937.6691629869201	0.03259570000000167	epochs	2.0
937.6691629869201	0.016328400000020338	epochs	3.0
937.6854913869201	0.016267299999981333	epochs	3.0
937.7017586869201	0.032352899999978035	epochs	2.0
937.7017586869201	0.016206600000032267	epochs	3.0
937.7179652869202	0.016146299999945768	epochs	3.0
937.7341115869201	0.032113700000081735	epochs	2.0
937.7341115869201	0.016086600000107865	epochs	3.0
937.7501981869202	0.01602709999997387	epochs	3.0
937.7662252869202	0.03187800000000607	epochs	2.0
937.7662252869202	0.015968199999974786	epochs	3.0
937.7821934869202	0.015909800000031282	epochs	3.0
937.7981032869202	0.031645700000012766	epochs	2.0
937.7981032869202	0.01585160000001906	epochs	3.0
937.8139548869202	0.015794099999993705	epochs	3.0
937.8297489869202	0.031416699999908815	epochs	2.0
937.8297489869202	0.01573669999993399	epochs	3.0
937.8454856869201	0.015679999999974825	epochs	3.0
937.8611656869201	0.031191100000000915	epochs	2.0
937.8611656869201	0.015623600000026272	epochs	3.0
937.8767892869201	0.015567499999974643	epochs	3.0
937.8923567869201	0.030968700000016725	epochs	2.0
937.8923567869201	0.015512000000057924	epochs	3.0
937.9078687869202	0.0154566999999588	epochs	3.0
937.9233254869201	0.03074950000006993	epochs	2.0
937.9233254869201	0.015401999999994587	epochs	3.0
937.9387274869201	0.015347500000075343	epochs	3.0
937.9540749869202	0.030533199999922545	epochs	2.0
937.9540749869202	0.015293400000018664	epochs	3.0
937.9693683869202	0.01523979999990388	epochs	3.0
937.9846081869201	0.03032010000003993	epochs	2.0
937.9846081869201	0.015186500000027081	epochs	3.0
937.9997946869202	0.015133600000012848	epochs	3.0
938.0149282869202	0.030109899999956724	epochs	2.0
938.0149282869202	0.015081000000009226	epochs	3.0
938.0300092869202	0.015028899999947498	epochs	3.0
938.0450381869201	0.02990250000004835	epochs	2.0
938.0450381869201	0.014977000000044427	epochs	3.0
938.0600151869202	0.014925500000003922	epochs	3.0
938.0749406869202	0.029698100000018712	epochs	2.0
938.0749406869202	0.01487439999993967	epochs	3.0
938.0898150869201	0.014823700000079043	epochs	3.0
938.1046387869202	0.02949630000000525	epochs	2.0
938.1046387869202	0.014773199999922326	epochs	3.0
938.1194119869201	0.014723100000082923	epochs	3.0
938.1341350869202	0.02929740000001857	epochs	2.0
938.1341350869202	0.014673399999992398	epochs	3.0
938.1488084869202	0.014624000000026172	epochs	3.0
938.1634324869202	0.029101099999934377	epochs	2.0
938.1634324869202	0.01457489999995687	epochs	3.0
938.1780073869202	0.014526199999977507	epochs	3.0
938.1925335869201	0.028907399999980044	epochs	2.0
938.1925335869201	0.014477700000043114	epochs	3.0
938.2070112869202	0.014429699999936929	epochs	3.0
938.2214409869201	0.028716200000076242	epochs	2.0
938.2214409869201	0.014381800000023759	epochs	3.0
938.2358227869202	0.014334400000052483	epochs	3.0
938.2501571869202	0.02852759999996124	epochs	2.0
938.2501571869202	0.01428720000001249	epochs	3.0
938.2644443869202	0.01424039999994875	epochs	3.0
938.2786847869202	0.028341400000044814	epochs	2.0
938.2786847869202	0.014193800000043666	epochs	3.0
938.2928785869202	0.014147600000001148	epochs	3.0
938.3070261869202	0.028157699999951546	epochs	2.0
938.3070261869202	0.014101699999969242	epochs	3.0
938.3211278869202	0.014055999999982305	epochs	3.0
938.3351838869202	0.027976299999977527	epochs	2.0
938.3351838869202	0.01401060000000598	epochs	3.0
938.3491944869202	0.013965699999971548	epochs	3.0
938.3631601869201	0.02779720000000907	epochs	2.0
938.3631601869201	0.013920800000050804	epochs	3.0
938.3770809869202	0.013876399999958267	epochs	3.0
938.3909573869201	0.027620400000046175	epochs	2.0
938.3909573869201	0.013832200000024386	epochs	3.0
938.4047895869202	0.013788200000021789	epochs	3.0
938.4185777869202	0.027445899999975154	epochs	2.0
938.4185777869202	0.013744599999995444	epochs	3.0
938.4323223869202	0.01370129999997971	epochs	3.0
938.4460236869202	0.027273499999978412	epochs	2.0
938.4460236869202	0.013658200000008947	epochs	3.0
938.4596818869202	0.013615299999969466	epochs	3.0
938.4732971869201	0.027103399999987232	epochs	2.0
938.4732971869201	0.013572800000019924	epochs	3.0
938.4868699869202	0.013530599999967308	epochs	3.0
938.5004005869201	0.02693520000002536	epochs	2.0
938.5004005869201	0.013488400000028378	epochs	3.0
938.5138889869202	0.013446799999996983	epochs	3.0
938.5273357869202	0.026769199999989723	epochs	2.0
938.5273357869202	0.013405199999965589	epochs	3.0
938.5407409869201	0.013364000000024134	epochs	3.0
938.5541049869202	0.026605200000062723	epochs	2.0
938.5541049869202	0.013322900000048321	epochs	3.0
938.5674278869202	0.013282300000014402	epochs	3.0
938.5807101869202	0.0264431999999033	epochs	2.0
938.5807101869202	0.013241699999980483	epochs	3.0
938.5939518869202	0.013201499999922817	epochs	3.0
938.6071533869201	0.026283200000079887	epochs	2.0
938.6071533869201	0.013161500000023807	epochs	3.0
938.6203148869201	0.01312170000005608	epochs	3.0
938.6334365869202	0.02612499999997908	epochs	2.0
938.6334365869202	0.013082100000019636	epochs	3.0
938.6465186869202	0.013042899999959445	epochs	3.0
938.6595615869202	0.025968899999952555	epochs	2.0
938.6595615869202	0.013003899999944224	epochs	3.0
938.6725654869201	0.012965000000008331	epochs	3.0
938.6855304869201	0.025814500000024054	epochs	2.0
938.6855304869201	0.01292640000008305	epochs	3.0
938.6984568869202	0.012888099999941005	epochs	3.0
938.7113449869202	0.025661900000045534	epochs	2.0
938.7113449869202	0.012849899999991976	epochs	3.0
938.7241948869201	0.012812000000053558	epochs	3.0
938.7370068869202	0.025511199999982637	epochs	2.0
938.7370068869202	0.012774400000012065	epochs	3.0
938.7497812869202	0.012736799999970572	epochs	3.0
938.7625180869202	0.025362299999983406	epochs	2.0
938.7625180869202	0.01269969999998466	epochs	3.0
938.7752177869202	0.012662599999998747	epochs	3.0
938.7878803869202	0.025215000000002874	epochs	2.0
938.7878803869202	0.012625800000023446	epochs	3.0
938.8005061869202	0.012589199999979428	epochs	3.0
938.8130953869202	0.024584799999956886	epochs	2.0
938.8370322869201	0.5	epochs	-1.0
938.8376801869201	0.5556800000000521	epochs	1.0
939.3933601869202	0.44424000000003616	epochs	0.0
940.2160000801086	0.08367999999995845	epochs	0.0
940.2160000801086	0.03684429999998429	epochs	1.0
940.2528443801086	0.00999139999998988	epochs	1.0
940.2628357801086	0.03684429999998429	epochs	1.0
940.2996800801086	2.0	epochs	0.0
942.2996800801086	21.51568000000009	epochs	0.0
942.2996800801086	1.0	epochs	1.0
942.2997521801086	0.5	epochs	-1.0
942.7997521801086	19.99928	epochs	-1.0
943.2996800801086	20.0	epochs	1.0
943.2996800801086	4.356753900000058	epochs	-1.0
943.2996800801086	1.9745872000000873	epochs	2.0
943.2996800801086	1.0985622000000603	epochs	3.0
944.3982422801087	0.8760250000000269	epochs	3.0
945.2742672801087	1.352407499999913	epochs	2.0
945.2742672801087	0.7286354999999958	epochs	3.0
946.0029027801087	0.6237719999999172	epochs	3.0
946.6266747801086	1.0297592000000577	epochs	2.0
946.6266747801086	0.5453293000000485	epochs	3.0
947.1720040801086	0.4844299000000092	epochs	3.0
947.6564339801087	0.8317862000000105	epochs	2.0
947.6564339801087	0.4357762999999295	epochs	3.0
948.0922102801086	0.39600990000008096	epochs	3.0
948.4882201801087	0.6977969999999232	epochs	2.0
948.4882201801087	0.3628982000000178	epochs	3.0
948.8511183801087	0.33489879999990535	epochs	3.0
949.1860171801086	0.6010457000000997	epochs	2.0
949.1860171801086	0.3109123000000409	epochs	3.0
949.4969294801086	0.2901334000000588	epochs	3.0
949.7870628801087	0.5278859000000011	epochs	2.0
949.7870628801087	0.2719585999999481	epochs	3.0
950.0590214801086	0.25592730000005304	epochs	3.0
950.3149487801087	0.470619299999953	epochs	2.0
950.3149487801087	0.241681299999982	epochs	3.0
950.5566300801087	0.228937999999971	epochs	3.0
950.7855680801086	0.42457039999999324	epochs	2.0
950.7855680801086	0.21747140000002219	epochs	3.0
951.0030394801087	0.20709899999997106	epochs	3.0
951.2101384801086	0.3867354000000205	epochs	2.0
951.2101384801086	0.19767109999997956	epochs	3.0
951.4078095801086	0.18906430000004093	epochs	3.0
951.5968738801087	0.3550953000000163	epochs	2.0
951.5968738801087	0.18117589999997108	epochs	3.0
951.7780497801086	0.17391940000004524	epochs	3.0
951.9519691801087	0.3282431000000088	epochs	2.0
951.9519691801087	0.16722189999995862	epochs	3.0
952.1191910801086	0.16102120000005016	epochs	3.0
952.2802122801087	0.30516799999998057	epochs	2.0
952.2802122801087	0.15526389999990897	epochs	3.0
952.4354761801086	0.1499041000000716	epochs	3.0
952.5853802801087	0.28512530000000424	epochs	2.0
952.5853802801087	0.1449020999999675	epochs	3.0
952.7302823801086	0.14022320000003674	epochs	3.0
952.8705055801087	0.2675537999999733	epochs	2.0
952.8705055801087	0.1358368999999584	epochs	3.0
953.0063424801086	0.1317169000000149	epochs	3.0
953.1380593801086	0.2520229000000427	epochs	2.0
953.1380593801086	0.1278393000000051	epochs	3.0
953.2658986801086	0.12418360000003759	epochs	3.0
953.3900822801087	0.23819649999995818	epochs	2.0
953.3900822801087	0.12073109999994358	epochs	3.0
953.5108133801086	0.1174654000000146	epochs	3.0
953.6282787801086	0.2258087999999816	epochs	2.0
953.6282787801086	0.11437190000003739	epochs	3.0
953.7426506801087	0.11143689999994422	epochs	3.0
953.8540875801086	0.2146460000000161	epochs	2.0
953.8540875801086	0.10864890000004834	epochs	3.0
953.9627364801087	0.10599709999996776	epochs	3.0
954.0687335801086	0.20453499999996438	epochs	2.0
954.0687335801086	0.10347149999995509	epochs	3.0
954.1722050801086	0.1010635000000093	epochs	3.0
954.2732685801086	0.19533400000000256	epochs	2.0
954.2732685801086	0.09876510000003691	epochs	3.0
954.3720336801086	0.09656889999996565	epochs	3.0
954.4686025801086	0.18692529999998442	epochs	2.0
954.4686025801086	0.09446830000001682	epochs	3.0
954.5630708801086	0.09245699999996759	epochs	3.0
954.6555278801086	0.17921069999999872	epochs	2.0
954.6555278801086	0.0905296000000817	epochs	3.0
954.7460574801087	0.08868109999991702	epochs	3.0
954.8347385801086	0.17210770000008324	epochs	2.0
954.8347385801086	0.08690630000000965	epochs	3.0
954.9216448801086	0.08520140000007359	epochs	3.0
955.0068462801087	0.1655463999999256	epochs	2.0
955.0068462801087	0.08356189999994967	epochs	3.0
955.0904081801086	0.08198449999997592	epochs	3.0
955.1723926801086	0.15946710000002895	epochs	2.0
955.1723926801086	0.08046540000009372	epochs	3.0
955.2528580801087	0.07900169999993523	epochs	3.0
955.3318597801086	0.15381839999997737	epochs	2.0
955.3318597801086	0.07759010000006583	epochs	3.0
955.4094498801087	0.07622829999991154	epochs	3.0
955.4856781801086	0.14855640000007497	epochs	2.0
955.4856781801086	0.07491330000004837	epochs	3.0
955.5605914801087	0.0736431000000266	epochs	3.0
955.6342345801087	0.14364239999997608	epochs	2.0
955.6342345801087	0.07241499999997814	epochs	3.0
955.7066495801087	0.07122739999999794	epochs	3.0
955.7778769801087	0.13904309999998077	epochs	2.0
955.7778769801087	0.07007799999996678	epochs	3.0
955.8479549801086	0.06896510000001399	epochs	3.0
955.9169200801086	0.1347293000000036	epochs	2.0
955.9169200801086	0.0678871000000072	epochs	3.0
955.9848071801086	0.06684219999999641	epochs	3.0
956.0516493801086	0.1306752000000415	epochs	2.0
956.0516493801086	0.06582909999997355	epochs	3.0
956.1174784801086	0.06484610000006796	epochs	3.0
956.1823245801087	0.1268577999999252	epochs	2.0
956.1823245801087	0.06389200000000983	epochs	3.0
956.2462165801087	0.06296579999991536	epochs	3.0
956.3091823801086	0.12325720000001184	epochs	2.0
956.3091823801086	0.06206580000002759	epochs	3.0
956.3712481801086	0.06119139999998424	epochs	3.0
956.4324395801086	0.11985540000000583	epochs	2.0
956.4324395801086	0.06034110000007331	epochs	3.0
956.4927806801087	0.05951429999993252	epochs	3.0
956.5522949801086	0.11663620000001629	epochs	2.0
956.5522949801086	0.05870960000004288	epochs	3.0
956.6110045801087	0.057926599999973405	epochs	3.0
956.6689311801086	0.11358559999996487	epochs	2.0
956.6689311801086	0.05716419999998834	epochs	3.0
956.7260953801086	0.05642139999997653	epochs	3.0
956.7825167801086	0.11069050000003244	epochs	2.0
956.7825167801086	0.055697900000041045	epochs	3.0
956.8382146801086	0.0549925999999914	epochs	3.0
956.8932072801086	0.10793909999995321	epochs	2.0
956.8932072801086	0.05430490000003374	epochs	3.0
956.9475121801087	0.053634199999919474	epochs	3.0
957.0011463801086	0.10532150000005913	epochs	2.0
957.0011463801086	0.05298000000004777	epochs	3.0
957.0541263801086	0.052341500000011365	epochs	3.0
957.1064678801087	0.10282759999995505	epochs	2.0
957.1064678801087	0.05171810000001642	epochs	3.0
957.1581859801087	0.051109499999938635	epochs	3.0
957.2092954801086	0.10044909999999163	epochs	2.0
957.2092954801086	0.050514900000052876	epochs	3.0
957.2598103801087	0.049934199999938755	epochs	3.0
957.3097445801086	0.09817830000008598	epochs	2.0
957.3097445801086	0.04936659999998483	epochs	3.0
957.3591111801086	0.048811700000101155	epochs	3.0
957.4079228801087	0.09600779999993847	epochs	2.0
957.4079228801087	0.04826919999993606	epochs	3.0
957.4561920801086	0.04773860000000241	epochs	3.0
957.5039306801086	0.09393120000004274	epochs	2.0
957.5039306801086	0.04721949999998287	epochs	3.0
957.5511501801086	0.046711700000059864	epochs	3.0
957.5978618801087	0.09194259999992482	epochs	2.0
957.5978618801087	0.046214599999984785	epochs	3.0
957.6440764801087	0.04572799999994004	epochs	3.0
957.6898044801086	0.09003630000006524	epochs	2.0
957.6898044801086	0.04525150000006306	epochs	3.0
957.7350559801087	0.04478480000000218	epochs	3.0
957.7798407801087	0.08820760000003247	epochs	2.0
957.7798407801087	0.044327800000019124	epochs	3.0
957.8241685801087	0.04387980000001335	epochs	3.0
957.8680483801087	0.0864516999999978	epochs	2.0
957.8680483801087	0.04344099999991613	epochs	3.0
957.9114893801086	0.04301070000008167	epochs	3.0
957.9545000801087	0.08476429999996071	epochs	2.0
957.9545000801087	0.04258899999990717	epochs	3.0
957.9970890801086	0.04217530000005354	epochs	3.0
958.0392643801086	0.08314150000001064	epochs	2.0
958.0392643801086	0.04176970000003166	epochs	3.0
958.0810340801087	0.041371799999978975	epochs	3.0
958.1224058801087	0.08157970000002024	epochs	2.0
958.1224058801087	0.040981399999964196	epochs	3.0
958.1633872801086	0.04059830000005604	epochs	3.0
958.2039855801087	0.08007549999990715	epochs	2.0
958.2039855801087	0.04022229999998217	epochs	3.0
958.2442078801087	0.03985319999992498	epochs	3.0
958.2840610801086	0.07862570000008873	epochs	2.0
958.2840610801086	0.039490800000066884	epochs	3.0
958.3235518801087	0.039134900000021844	epochs	3.0
958.3626867801087	0.07722760000001472	epochs	2.0
958.3626867801087	0.03878539999993791	epochs	3.0
958.4014721801086	0.03844220000007681	epochs	3.0
958.4399143801087	0.07587819999992007	epochs	2.0
958.4399143801087	0.03810479999992822	epochs	3.0
958.4780191801086	0.03777339999999185	epochs	3.0
958.5157925801086	0.0745752000000266	epochs	2.0
958.5157925801086	0.03744770000002973	epochs	3.0
958.5532402801086	0.03712749999999687	epochs	3.0
958.5903677801086	0.07331629999998768	epochs	2.0
958.5903677801086	0.036812899999972615	epochs	3.0
958.6271806801086	0.03650340000001506	epochs	3.0
958.6636840801086	0.07209899999998015	epochs	2.0
958.6636840801086	0.03619909999997617	epochs	3.0
958.6998831801086	0.03589990000000398	epochs	3.0
958.7357830801086	0.07092169999998532	epochs	2.0
958.7357830801086	0.03560560000005353	epochs	3.0
958.7713886801087	0.035316099999931794	epochs	3.0
958.8067047801086	0.06978200000003199	epochs	2.0
958.8067047801086	0.03503120000004856	epochs	3.0
958.8417359801086	0.03475079999998343	epochs	3.0
958.8764867801086	0.06867859999999837	epochs	2.0
958.8764867801086	0.03447510000000875	epochs	3.0
958.9109618801086	0.03420349999998962	epochs	3.0
958.9451653801086	0.06760930000007193	epochs	2.0
958.9451653801086	0.033936199999970995	epochs	3.0
958.9791015801086	0.03367310000010093	epochs	3.0
959.0127746801087	0.06657289999998284	epochs	2.0
959.0127746801087	0.03341399999999339	epochs	3.0
959.0461886801087	0.033158899999989444	epochs	3.0
959.0793475801087	0.06556779999993978	epochs	2.0
959.0793475801087	0.032907700000009754	epochs	3.0
959.1122552801087	0.032660099999930026	epochs	3.0
959.1449153801086	0.06459260000008271	epochs	2.0
959.1449153801086	0.032416399999988244	epochs	3.0
959.1773317801086	0.03217620000009447	epochs	3.0
959.2095079801087	0.0636459999999488	epochs	2.0
959.2095079801087	0.03193959999998697	epochs	3.0
959.2414475801087	0.03170639999996183	epochs	3.0
959.2731539801086	0.0627266999999847	epochs	2.0
959.2731539801086	0.03147660000001906	epochs	3.0
959.3046305801087	0.03125009999996564	epochs	3.0
959.3358806801086	0.06183359999999993	epochs	2.0
959.3358806801086	0.031026900000028945	epochs	3.0
959.3669075801087	0.030806699999970988	epochs	3.0
959.3977142801086	0.06096560000003137	epochs	2.0
959.3977142801086	0.030589800000029754	epochs	3.0
959.4283040801087	0.030375800000001618	epochs	3.0
959.4586798801087	0.06012160000000222	epochs	2.0
959.4586798801087	0.03016489999993155	epochs	3.0
959.4888447801086	0.02995670000007067	epochs	3.0
959.5188014801087	0.05930069999999432	epochs	2.0
959.5188014801087	0.02975159999994048	epochs	3.0
959.5485530801086	0.02954910000005384	epochs	3.0
959.5781021801087	0.05850179999993088	epochs	2.0
959.5781021801087	0.02934940000000097	epochs	3.0
959.6074515801087	0.029152399999929912	epochs	3.0
959.6366039801086	0.057724200000052406	epochs	2.0
959.6366039801086	0.028958000000102402	epochs	3.0
959.6655619801087	0.028766199999950004	epochs	3.0
959.6943281801086	0.05696709999995164	epochs	2.0
959.6943281801086	0.028577000000041153	epochs	3.0
959.7229051801087	0.02839009999991049	epochs	3.0
959.7512952801086	0.056229500000085864	epochs	2.0
959.7512952801086	0.028205700000057732	epochs	3.0
959.7795009801087	0.028023800000028132	epochs	3.0
959.8075247801087	0.05551070000001346	epochs	2.0
959.8075247801087	0.027843999999959124	epochs	3.0
959.8353687801086	0.027666700000054334	epochs	3.0
959.8630354801087	0.05481019999990622	epochs	2.0
959.8630354801087	0.02749149999999645	epochs	3.0
959.8905269801087	0.027318699999909768	epochs	3.0
959.9178456801086	0.05412699999999404	epochs	2.0
959.9178456801086	0.02714780000007977	epochs	3.0
959.9449934801087	0.026979199999914272	epochs	3.0
959.9719726801086	0.0534607000000733	epochs	2.0
959.9719726801086	0.026812600000084785	epochs	3.0
959.9987852801087	0.026648099999988517	epochs	3.0
960.0254333801087	0.05281070000000909	epochs	2.0
960.0254333801087	0.026485600000000886	epochs	3.0
960.0519189801087	0.026325100000008206	epochs	3.0
960.0782440801087	0.05217619999996259	epochs	2.0
960.0782440801087	0.026166399999965506	epochs	3.0
960.1044104801086	0.026009799999997085	epochs	3.0
960.1304202801086	0.051556699999991906	epochs	2.0
960.1304202801086	0.025854800000047362	epochs	3.0
960.1562750801087	0.025701899999944544	epochs	3.0
960.1819769801086	0.05095189999997274	epochs	2.0
960.1819769801086	0.02555070000005344	epochs	3.0
960.2075276801087	0.0254011999999193	epochs	3.0
960.2329288801086	0.05036100000006627	epochs	2.0
960.2329288801086	0.0252535000000762	epochs	3.0
960.2581823801087	0.02510749999999007	epochs	3.0
960.2832898801087	0.049783800000000156	epochs	2.0
960.2832898801087	0.02496320000000196	epochs	3.0
960.3082530801087	0.024820599999998194	epochs	3.0
960.3330736801087	0.04921949999993558	epochs	2.0
960.3330736801087	0.024679399999968155	epochs	3.0
960.3577530801086	0.024540099999967424	epochs	3.0
960.3822931801086	0.04866790000005494	epochs	2.0
960.3822931801086	0.024402100000088467	epochs	3.0
960.4066952801087	0.024265799999966475	epochs	3.0
960.4309610801087	0.04812860000004093	epochs	2.0
960.4309610801087	0.024131000000011227	epochs	3.0
960.4550920801087	0.023997600000029706	epochs	3.0
960.4790896801087	0.04760109999995166	epochs	2.0
960.4790896801087	0.023865799999953197	epochs	3.0
960.5029554801087	0.02373529999999846	epochs	3.0
960.5266907801087	0.047085000000038235	epochs	2.0
960.5266907801087	0.023606299999983094	epochs	3.0
960.5502970801086	0.02347870000005514	epochs	3.0
960.5737757801087	0.046579999999948996	epochs	2.0
960.5737757801087	0.02335249999998723	epochs	3.0
960.5971282801087	0.023227499999961765	epochs	3.0
960.6203557801086	0.046085700000048746	epochs	2.0
960.6203557801086	0.023103999999989355	epochs	3.0
960.6434597801086	0.02298170000005939	epochs	3.0
960.6664414801087	0.045601799999985815	epochs	2.0
960.6664414801087	0.02286069999991014	epochs	3.0
960.6893021801086	0.022741100000075676	epochs	3.0
960.7120432801087	0.04512790000001132	epochs	2.0
960.7120432801087	0.022622500000011314	epochs	3.0
960.7346657801087	0.02250540000000001	epochs	3.0
960.7571711801087	0.044663799999966614	epochs	2.0
960.7571711801087	0.02238929999998618	epochs	3.0
960.7795604801087	0.022274499999980435	epochs	3.0
960.8018349801087	0.04420919999995476	epochs	2.0
960.8018349801087	0.022160799999937808	epochs	3.0
960.8239957801086	0.022048400000016954	epochs	3.0
960.8460441801086	0.043763600000033875	epochs	2.0
960.8460441801086	0.021936900000014248	epochs	3.0
960.8679810801086	0.021826700000019628	epochs	3.0
960.8898077801086	0.04332710000005591	epochs	2.0
960.8898077801086	0.021717599999988124	epochs	3.0
960.9115253801086	0.021609500000067783	epochs	3.0
960.9331348801087	0.042898999999920306	epochs	2.0
960.9331348801087	0.02150249999999687	epochs	3.0
960.9546373801087	0.021396499999923435	epochs	3.0
960.9760338801086	0.042479500000013104	epochs	2.0
960.9760338801086	0.02129170000000613	epochs	3.0
960.9973255801086	0.021187800000006973	epochs	3.0
961.0185133801086	0.042067900000006375	epochs	2.0
961.0185133801086	0.02108490000000529	epochs	3.0
961.0395982801086	0.020983000000001084	epochs	3.0
961.0605812801086	0.04166440000005878	epochs	2.0
961.0605812801086	0.020882199999959994	epochs	3.0
961.0814634801086	0.020782200000098783	epochs	3.0
961.1022456801087	0.04126850000000104	epochs	2.0
961.1022456801087	0.020683299999973315	epochs	3.0
961.1229289801087	0.020585200000027726	epochs	3.0
961.1435141801087	0.040879999999901884	epochs	2.0
961.1435141801087	0.020488099999965925	epochs	3.0
961.1640022801087	0.02039189999993596	epochs	3.0
961.1843941801086	0.04049880000002304	epochs	2.0
961.1843941801086	0.020296600000051512	epochs	3.0
961.2046907801086	0.020202199999971526	epochs	3.0
961.2248929801086	0.04012460000001283	epochs	2.0
961.2248929801086	0.02010870000003706	epochs	3.0
961.2450016801087	0.020015899999975773	epochs	3.0
961.2650175801086	0.03975730000001931	epochs	2.0
961.2650175801086	0.019924199999991288	epochs	3.0
961.2849417801086	0.019833100000028026	epochs	3.0
961.3047748801087	0.03939669999999751	epochs	2.0
961.3047748801087	0.01974299999994855	epochs	3.0
961.3245178801086	0.019653700000048957	epochs	3.0
961.3441715801087	0.03904239999997117	epochs	2.0
961.3441715801087	0.01956510000002254	epochs	3.0
961.3637366801087	0.019477299999948627	epochs	3.0
961.3832139801086	0.03869459999998526	epochs	2.0
961.3832139801086	0.019390400000020236	epochs	3.0
961.4026043801086	0.01930419999996502	epochs	3.0
961.4219085801086	0.03835290000006353	epochs	2.0
961.4219085801086	0.019218800000089686	epochs	3.0
961.4411273801087	0.01913409999997384	epochs	3.0
961.4602614801087	0.03801720000001296	epochs	2.0
961.4602614801087	0.01905019999992419	epochs	3.0
961.4793116801086	0.018967000000088774	epochs	3.0
961.4982786801087	0.03768719999993664	epochs	2.0
961.4982786801087	0.01888450000001285	epochs	3.0
961.5171631801087	0.01880269999992379	epochs	3.0
961.5359658801086	0.03736309999999321	epochs	2.0
961.5359658801086	0.018721700000014607	epochs	3.0
961.5546875801086	0.018641399999978603	epochs	3.0
961.5733289801086	0.03704430000004777	epochs	2.0
961.5733289801086	0.01856159999999818	epochs	3.0
961.5918905801086	0.01848270000004959	epochs	3.0
961.6103732801087	0.0367310000000316	epochs	2.0
961.6103732801087	0.018404299999929208	epochs	3.0
961.6287775801086	0.01832670000010239	epochs	3.0
961.6471042801087	0.03642289999993409	epochs	2.0
961.6471042801087	0.018249599999990096	epochs	3.0
961.6653538801087	0.018173299999943993	epochs	3.0
961.6835271801086	0.03612010000006194	epochs	2.0
961.6835271801086	0.0180976000000328	epochs	3.0
961.7016247801087	0.01802250000002914	epochs	3.0
961.7196472801087	0.03582209999990482	epochs	2.0
961.7196472801087	0.017947899999967376	epochs	3.0
961.7375951801087	0.017874199999937446	epochs	3.0
961.7554693801086	0.03552899999999681	epochs	2.0
961.7554693801086	0.017800800000031813	epochs	3.0
961.7732701801086	0.017728199999965	epochs	3.0
961.7909983801086	0.03524070000003121	epochs	2.0
961.7909983801086	0.017656100000067454	epochs	3.0
961.8086544801087	0.017584599999963757	epochs	3.0
961.8262390801086	0.034957100000042374	epochs	2.0
961.8262390801086	0.01751369999999497	epochs	3.0
961.8437527801086	0.017443400000047404	epochs	3.0
961.8611961801087	0.03467790000001969	epochs	2.0
961.8611961801087	0.017373599999928047	epochs	3.0
961.8785697801086	0.017304300000091644	epochs	3.0
961.8958740801087	0.03440330000000813	epochs	2.0
961.8958740801087	0.01723570000001473	epochs	3.0
961.9131097801087	0.0171675999999934	epochs	3.0
961.9302773801087	0.03413279999995211	epochs	2.0
961.9302773801087	0.01709989999994832	epochs	3.0
961.9473772801086	0.017032900000003792	epochs	3.0
961.9644101801086	0.033866699999975935	epochs	2.0
961.9644101801086	0.01696640000000116	epochs	3.0
961.9813765801086	0.016900299999974777	epochs	3.0
961.9982768801086	0.03360459999998966	epochs	2.0
961.9982768801086	0.01683479999996962	epochs	3.0
962.0151116801086	0.01676980000002004	epochs	3.0
962.0318814801086	0.03334660000007261	epochs	2.0
962.0318814801086	0.016705300000012357	epochs	3.0
962.0485867801086	0.016641300000060255	epochs	3.0
962.0652280801087	0.03309249999995245	epochs	2.0
962.0652280801087	0.01657779999993636	epochs	3.0
962.0818058801086	0.01651470000001609	epochs	3.0
962.0983205801086	0.03284229999997024	epochs	2.0
962.0983205801086	0.01645220000000336	epochs	3.0
962.1147727801086	0.01639009999996688	epochs	3.0
962.1311628801086	0.03259570000000167	epochs	2.0
962.1311628801086	0.016328400000020338	epochs	3.0
962.1474912801086	0.016267299999981333	epochs	3.0
962.1637585801086	0.032352899999978035	epochs	2.0
962.1637585801086	0.016206600000032267	epochs	3.0
962.1799651801086	0.016146299999945768	epochs	3.0
962.1961114801086	0.032113700000081735	epochs	2.0
962.1961114801086	0.016086600000107865	epochs	3.0
962.2121980801087	0.01602709999997387	epochs	3.0
962.2282251801087	0.03187800000000607	epochs	2.0
962.2282251801087	0.015968199999974786	epochs	3.0
962.2441933801086	0.015909800000031282	epochs	3.0
962.2601031801087	0.031645700000012766	epochs	2.0
962.2601031801087	0.01585160000001906	epochs	3.0
962.2759547801087	0.015794099999993705	epochs	3.0
962.2917488801087	0.031416699999908815	epochs	2.0
962.2917488801087	0.01573669999993399	epochs	3.0
962.3074855801086	0.015679999999974825	epochs	3.0
962.3231655801086	0.031191100000000915	epochs	2.0
962.3231655801086	0.015623600000026272	epochs	3.0
962.3387891801086	0.015567499999974643	epochs	3.0
962.3543566801086	0.030968700000016725	epochs	2.0
962.3543566801086	0.015512000000057924	epochs	3.0
962.3698686801087	0.0154566999999588	epochs	3.0
962.3853253801086	0.03074950000006993	epochs	2.0
962.3853253801086	0.015401999999994587	epochs	3.0
962.4007273801086	0.015347500000075343	epochs	3.0
962.4160748801087	0.030533199999922545	epochs	2.0
962.4160748801087	0.015293400000018664	epochs	3.0
962.4313682801087	0.01523979999990388	epochs	3.0
962.4466080801086	0.03032010000003993	epochs	2.0
962.4466080801086	0.015186500000027081	epochs	3.0
962.4617945801086	0.015133600000012848	epochs	3.0
962.4769281801086	0.030109899999956724	epochs	2.0
962.4769281801086	0.015081000000009226	epochs	3.0
962.4920091801087	0.015028899999947498	epochs	3.0
962.5070380801086	0.02990250000004835	epochs	2.0
962.5070380801086	0.014977000000044427	epochs	3.0
962.5220150801086	0.014925500000003922	epochs	3.0
962.5369405801086	0.029698100000018712	epochs	2.0
962.5369405801086	0.01487439999993967	epochs	3.0
962.5518149801086	0.014823700000079043	epochs	3.0
962.5666386801087	0.02949630000000525	epochs	2.0
962.5666386801087	0.014773199999922326	epochs	3.0
962.5814118801086	0.014723100000082923	epochs	3.0
962.5961349801087	0.02929740000001857	epochs	2.0
962.5961349801087	0.014673399999992398	epochs	3.0
962.6108083801087	0.014624000000026172	epochs	3.0
962.6254323801087	0.029101099999934377	epochs	2.0
962.6254323801087	0.01457489999995687	epochs	3.0
962.6400072801086	0.014526199999977507	epochs	3.0
962.6545334801086	0.028907399999980044	epochs	2.0
962.6545334801086	0.014477700000043114	epochs	3.0
962.6690111801087	0.014429699999936929	epochs	3.0
962.6834408801086	0.028716200000076242	epochs	2.0
962.6834408801086	0.014381800000023759	epochs	3.0
962.6978226801086	0.014334400000052483	epochs	3.0
962.7121570801087	0.02852759999996124	epochs	2.0
962.7121570801087	0.01428720000001249	epochs	3.0
962.7264442801087	0.01424039999994875	epochs	3.0
962.7406846801086	0.028341400000044814	epochs	2.0
962.7406846801086	0.014193800000043666	epochs	3.0
962.7548784801087	0.014147600000001148	epochs	3.0
962.7690260801087	0.028157699999951546	epochs	2.0
962.7690260801087	0.014101699999969242	epochs	3.0
962.7831277801087	0.014055999999982305	epochs	3.0
962.7971837801086	0.027976299999977527	epochs	2.0
962.7971837801086	0.01401060000000598	epochs	3.0
962.8111943801086	0.013965699999971548	epochs	3.0
962.8251600801086	0.02779720000000907	epochs	2.0
962.8251600801086	0.013920800000050804	epochs	3.0
962.8390808801087	0.013876399999958267	epochs	3.0
962.8529572801086	0.027620400000046175	epochs	2.0
962.8529572801086	0.013832200000024386	epochs	3.0
962.8667894801087	0.013788200000021789	epochs	3.0
962.8805776801087	0.027445899999975154	epochs	2.0
962.8805776801087	0.013744599999995444	epochs	3.0
962.8943222801087	0.01370129999997971	epochs	3.0
962.9080235801086	0.027273499999978412	epochs	2.0
962.9080235801086	0.013658200000008947	epochs	3.0
962.9216817801087	0.013615299999969466	epochs	3.0
962.9352970801086	0.027103399999987232	epochs	2.0
962.9352970801086	0.013572800000019924	epochs	3.0
962.9488698801086	0.013530599999967308	epochs	3.0
962.9624004801086	0.02693520000002536	epochs	2.0
962.9624004801086	0.013488400000028378	epochs	3.0
962.9758888801086	0.013446799999996983	epochs	3.0
962.9893356801086	0.026769199999989723	epochs	2.0
962.9893356801086	0.013405199999965589	epochs	3.0
963.0027408801086	0.013364000000024134	epochs	3.0
963.0161048801086	0.026605200000062723	epochs	2.0
963.0161048801086	0.013322900000048321	epochs	3.0
963.0294277801087	0.013282300000014402	epochs	3.0
963.0427100801087	0.0264431999999033	epochs	2.0
963.0427100801087	0.013241699999980483	epochs	3.0
963.0559517801087	0.013201499999922817	epochs	3.0
963.0691532801086	0.026283200000079887	epochs	2.0
963.0691532801086	0.013161500000023807	epochs	3.0
963.0823147801086	0.01312170000005608	epochs	3.0
963.0954364801087	0.02612499999997908	epochs	2.0
963.0954364801087	0.013082100000019636	epochs	3.0
963.1085185801087	0.013042899999959445	epochs	3.0
963.1215614801087	0.025968899999952555	epochs	2.0
963.1215614801087	0.013003899999944224	epochs	3.0
963.1345653801086	0.012965000000008331	epochs	3.0
963.1475303801086	0.025814500000024054	epochs	2.0
963.1475303801086	0.01292640000008305	epochs	3.0
963.1604567801087	0.012888099999941005	epochs	3.0
963.1733448801086	0.025661900000045534	epochs	2.0
963.1733448801086	0.012849899999991976	epochs	3.0
963.1861947801086	0.012812000000053558	epochs	3.0
963.1990067801087	0.025511199999982637	epochs	2.0
963.1990067801087	0.012774400000012065	epochs	3.0
963.2117811801087	0.012736799999970572	epochs	3.0
963.2245179801087	0.025362299999983406	epochs	2.0
963.2245179801087	0.01269969999998466	epochs	3.0
963.2372176801086	0.012662599999998747	epochs	3.0
963.2498802801086	0.025215000000002874	epochs	2.0
963.2498802801086	0.012625800000023446	epochs	3.0
963.2625060801087	0.012589199999979428	epochs	3.0
963.2750952801086	0.024584799999956886	epochs	2.0
963.2990321801086	0.5	epochs	-1.0
963.2996800801086	0.5156800000000885	epochs	1.0
963.8153600801087	0.4842399999999998	epochs	0.0
964.7760000228882	0.08367999999995845	epochs	0.0
964.7760000228882	0.03684429999998429	epochs	1.0
964.8128443228882	0.00999139999998988	epochs	1.0
964.8228357228882	0.03684429999998429	epochs	1.0
964.8596800228881	2.0	epochs	0.0
966.8596800228881	0.515920000000051	epochs	0.0
966.8596800228881	0.515920000000051	epochs	1.0
966.8597521228882	0.5	epochs	-1.0
967.3597521228882	0.015847900000039772	epochs	-1.0
967.3756000228882	21.484000000000037	epochs	0.0
968.6600003242493	0.08367999999995845	epochs	0.0
968.6600003242493	0.03684429999998429	epochs	1.0
968.6968446242493	0.00999139999998988	epochs	1.0
968.7068360242492	0.03684429999998429	epochs	1.0
968.7436803242492	2.0	epochs	0.0
970.7436803242492	0.5168800000000147	epochs	0.0
970.7436803242492	0.5168800000000147	epochs	1.0
970.7437524242492	0.5	epochs	-1.0
971.2437524242492	0.01680790000000343	epochs	-1.0
971.2605603242492	21.483040000000074	epochs	0.0
972.6000003814697	0.08367999999995845	epochs	0.0
972.6000003814697	0.03684429999998429	epochs	1.0
972.6368446814697	0.00999139999998988	epochs	1.0
972.6468360814697	0.03684429999998429	epochs	1.0
972.6836803814697	2.0	epochs	0.0
974.6836803814697	0.5168800000000147	epochs	0.0
974.6836803814697	0.5168800000000147	epochs	1.0
974.6837524814697	0.5	epochs	-1.0
975.1837524814697	0.01680790000000343	epochs	-1.0
975.2005603814697	21.483040000000074	epochs	0.0
976.4210000038147	0.08367999999995845	epochs	0.0
976.4210000038147	0.03684429999998429	epochs	1.0
976.4578443038147	0.00999139999998988	epochs	1.0
976.4678357038147	0.03684429999998429	epochs	1.0
976.5046800038147	2.0	epochs	0.0
978.5046800038147	0.515920000000051	epochs	0.0
978.5046800038147	0.515920000000051	epochs	1.0
978.5047521038147	0.5	epochs	-1.0
979.0047521038147	0.015847900000039772	epochs	-1.0
979.0206000038147	21.484000000000037	epochs	0.0
980.2650003433228	0.08367999999995845	epochs	0.0
980.2650003433228	0.03684429999998429	epochs	1.0
980.3018446433227	0.00999139999998988	epochs	1.0
980.3118360433227	0.03684429999998429	epochs	1.0
980.3486803433227	2.0	epochs	0.0
982.3486803433227	0.5168800000000147	epochs	0.0
982.3486803433227	0.5168800000000147	epochs	1.0
982.3487524433227	0.5	epochs	-1.0
982.8487524433227	0.01680790000000343	epochs	-1.0
982.8655603433227	21.483040000000074	epochs	0.0
984.125	0.08367999999995845	epochs	0.0
984.125	0.03684429999998429	epochs	1.0
984.1618443	0.00999139999998988	epochs	1.0
984.1718357	0.03684429999998429	epochs	1.0
984.20868	2.0	epochs	0.0
986.20868	5.3568800000000465	epochs	0.0
986.20868	1.0	epochs	1.0
986.2087521	0.5	epochs	-1.0
986.7087521	4.856807900000035	epochs	-1.0
987.20868	4.3568800000000465	epochs	1.0
987.20868	4.356753900000058	epochs	-1.0
987.20868	1.9745872000000873	epochs	2.0
987.20868	1.0985622000000603	epochs	3.0
988.3072422	0.8760250000000269	epochs	3.0
989.1832672	1.352407499999913	epochs	2.0
989.1832672	0.7286354999999958	epochs	3.0
989.9119027	0.6237719999999172	epochs	3.0
990.5356747	1.0297592000000577	epochs	2.0
990.5356747	0.5453293000000485	epochs	3.0
991.081004	0.4844299000000092	epochs	3.0
991.5654339	0.00012609999998858257	epochs	2.0
991.5654339	0.00012609999998858257	epochs	3.0
991.56556	16.643040000000042	epochs	0.0
992.433000087738	0.08367999999995845	epochs	0.0
992.433000087738	0.03684429999998429	epochs	1.0
992.469844387738	0.00999139999998988	epochs	1.0
992.479835787738	0.03684429999998429	epochs	1.0
992.516680087738	2.0	epochs	0.0
994.516680087738	0.5168800000000147	epochs	0.0
994.516680087738	0.5168800000000147	epochs	1.0
994.516752187738	0.5	epochs	-1.0
995.016752187738	0.01680790000000343	epochs	-1.0
995.033560087738	21.483040000000074	epochs	0.0
996.3359999656677	0.08367999999995845	epochs	0.0
996.3359999656677	0.03684429999998429	epochs	1.0
996.3728442656677	0.00999139999998988	epochs	1.0
996.3828356656677	0.03684429999998429	epochs	1.0
996.4196799656677	2.0	epochs	0.0
998.4196799656677	21.51576	epochs	0.0
998.4196799656677	1.0	epochs	1.0
998.4197520656677	0.5	epochs	-1.0
998.9197520656677	19.998879999999986	epochs	-1.0
999.4196799656677	20.0	epochs	1.0
999.4196799656677	4.356753900000058	epochs	-1.0
999.4196799656677	1.9745872000000873	epochs	2.0
999.4196799656677	1.0985622000000603	epochs	3.0
1000.5182421656677	0.8760250000000269	epochs	3.0
1001.3942671656678	1.352407499999913	epochs	2.0
1001.3942671656678	0.7286354999999958	epochs	3.0
1002.1229026656678	0.6237719999999172	epochs	3.0
1002.7466746656677	1.0297592000000577	epochs	2.0
1002.7466746656677	0.5453293000000485	epochs	3.0
1003.2920039656677	0.4844299000000092	epochs	3.0
1003.7764338656677	0.8317862000000105	epochs	2.0
1003.7764338656677	0.4357762999999295	epochs	3.0
1004.2122101656677	0.39600990000008096	epochs	3.0
1004.6082200656678	0.6977969999999232	epochs	2.0
1004.6082200656678	0.3628982000000178	epochs	3.0
1004.9711182656678	0.33489879999990535	epochs	3.0
1005.3060170656677	0.6010457000000997	epochs	2.0
1005.3060170656677	0.3109123000000409	epochs	3.0
1005.6169293656677	0.2901334000000588	epochs	3.0
1005.9070627656678	0.5278859000000011	epochs	2.0
1005.9070627656678	0.2719585999999481	epochs	3.0
1006.1790213656677	0.25592730000005304	epochs	3.0
1006.4349486656678	0.470619299999953	epochs	2.0
1006.4349486656678	0.241681299999982	epochs	3.0
1006.6766299656678	0.228937999999971	epochs	3.0
1006.9055679656677	0.42457039999999324	epochs	2.0
1006.9055679656677	0.21747140000002219	epochs	3.0
1007.1230393656678	0.20709899999997106	epochs	3.0
1007.3301383656677	0.3867354000000205	epochs	2.0
1007.3301383656677	0.19767109999997956	epochs	3.0
1007.5278094656677	0.18906430000004093	epochs	3.0
1007.7168737656677	0.3550953000000163	epochs	2.0
1007.7168737656677	0.18117589999997108	epochs	3.0
1007.8980496656677	0.17391940000004524	epochs	3.0
1008.0719690656678	0.3282431000000088	epochs	2.0
1008.0719690656678	0.16722189999995862	epochs	3.0
1008.2391909656677	0.16102120000005016	epochs	3.0
1008.4002121656678	0.30516799999998057	epochs	2.0
1008.4002121656678	0.15526389999990897	epochs	3.0
1008.5554760656677	0.1499041000000716	epochs	3.0
1008.7053801656677	0.28512530000000424	epochs	2.0
1008.7053801656677	0.1449020999999675	epochs	3.0
1008.8502822656677	0.14022320000003674	epochs	3.0
1008.9905054656678	0.2675537999999733	epochs	2.0
1008.9905054656678	0.1358368999999584	epochs	3.0
1009.1263423656677	0.1317169000000149	epochs	3.0
1009.2580592656677	0.2520229000000427	epochs	2.0
1009.2580592656677	0.1278393000000051	epochs	3.0
1009.3858985656677	0.12418360000003759	epochs	3.0
1009.5100821656678	0.23819649999995818	epochs	2.0
1009.5100821656678	0.12073109999994358	epochs	3.0
1009.6308132656677	0.1174654000000146	epochs	3.0
1009.7482786656677	0.2258087999999816	epochs	2.0
1009.7482786656677	0.11437190000003739	epochs	3.0
1009.8626505656678	0.11143689999994422	epochs	3.0
1009.9740874656677	0.2146460000000161	epochs	2.0
1009.9740874656677	0.10864890000004834	epochs	3.0
1010.0827363656678	0.10599709999996776	epochs	3.0
1010.1887334656677	0.20453499999996438	epochs	2.0
1010.1887334656677	0.10347149999995509	epochs	3.0
1010.2922049656677	0.1010635000000093	epochs	3.0
1010.3932684656677	0.19533400000000256	epochs	2.0
1010.3932684656677	0.09876510000003691	epochs	3.0
1010.4920335656677	0.09656889999996565	epochs	3.0
1010.5886024656677	0.18692529999998442	epochs	2.0
1010.5886024656677	0.09446830000001682	epochs	3.0
1010.6830707656677	0.09245699999996759	epochs	3.0
1010.7755277656677	0.17921069999999872	epochs	2.0
1010.7755277656677	0.0905296000000817	epochs	3.0
1010.8660573656678	0.08868109999991702	epochs	3.0
1010.9547384656677	0.17210770000008324	epochs	2.0
1010.9547384656677	0.08690630000000965	epochs	3.0
1011.0416447656677	0.08520140000007359	epochs	3.0
1011.1268461656678	0.1655463999999256	epochs	2.0
1011.1268461656678	0.08356189999994967	epochs	3.0
1011.2104080656677	0.08198449999997592	epochs	3.0
1011.2923925656677	0.15946710000002895	epochs	2.0
1011.2923925656677	0.08046540000009372	epochs	3.0
1011.3728579656678	0.07900169999993523	epochs	3.0
1011.4518596656677	0.15381839999997737	epochs	2.0
1011.4518596656677	0.07759010000006583	epochs	3.0
1011.5294497656678	0.07622829999991154	epochs	3.0
1011.6056780656677	0.14855640000007497	epochs	2.0
1011.6056780656677	0.07491330000004837	epochs	3.0
1011.6805913656677	0.0736431000000266	epochs	3.0
1011.7542344656678	0.14364239999997608	epochs	2.0
1011.7542344656678	0.07241499999997814	epochs	3.0
1011.8266494656677	0.07122739999999794	epochs	3.0
1011.8978768656677	0.13904309999998077	epochs	2.0
1011.8978768656677	0.07007799999996678	epochs	3.0
1011.9679548656677	0.06896510000001399	epochs	3.0
1012.0369199656677	0.1347293000000036	epochs	2.0
1012.0369199656677	0.0678871000000072	epochs	3.0
1012.1048070656677	0.06684219999999641	epochs	3.0
1012.1716492656677	0.1306752000000415	epochs	2.0
1012.1716492656677	0.06582909999997355	epochs	3.0
1012.2374783656677	0.06484610000006796	epochs	3.0
1012.3023244656678	0.1268577999999252	epochs	2.0
1012.3023244656678	0.06389200000000983	epochs	3.0
1012.3662164656678	0.06296579999991536	epochs	3.0
1012.4291822656677	0.12325720000001184	epochs	2.0
1012.4291822656677	0.06206580000002759	epochs	3.0
1012.4912480656677	0.06119139999998424	epochs	3.0
1012.5524394656677	0.11985540000000583	epochs	2.0
1012.5524394656677	0.06034110000007331	epochs	3.0
1012.6127805656678	0.05951429999993252	epochs	3.0
1012.6722948656677	0.11663620000001629	epochs	2.0
1012.6722948656677	0.05870960000004288	epochs	3.0
1012.7310044656678	0.057926599999973405	epochs	3.0
1012.7889310656677	0.11358559999996487	epochs	2.0
1012.7889310656677	0.05716419999998834	epochs	3.0
1012.8460952656677	0.05642139999997653	epochs	3.0
1012.9025166656677	0.11069050000003244	epochs	2.0
1012.9025166656677	0.055697900000041045	epochs	3.0
1012.9582145656677	0.0549925999999914	epochs	3.0
1013.0132071656677	0.10793909999995321	epochs	2.0
1013.0132071656677	0.05430490000003374	epochs	3.0
1013.0675120656678	0.053634199999919474	epochs	3.0
1013.1211462656677	0.10532150000005913	epochs	2.0
1013.1211462656677	0.05298000000004777	epochs	3.0
1013.1741262656677	0.052341500000011365	epochs	3.0
1013.2264677656677	0.10282759999995505	epochs	2.0
1013.2264677656677	0.05171810000001642	epochs	3.0
1013.2781858656678	0.051109499999938635	epochs	3.0
1013.3292953656677	0.10044909999999163	epochs	2.0
1013.3292953656677	0.050514900000052876	epochs	3.0
1013.3798102656677	0.049934199999938755	epochs	3.0
1013.4297444656677	0.09817830000008598	epochs	2.0
1013.4297444656677	0.04936659999998483	epochs	3.0
1013.4791110656677	0.048811700000101155	epochs	3.0
1013.5279227656678	0.09600779999993847	epochs	2.0
1013.5279227656678	0.04826919999993606	epochs	3.0
1013.5761919656677	0.04773860000000241	epochs	3.0
1013.6239305656677	0.09393120000004274	epochs	2.0
1013.6239305656677	0.04721949999998287	epochs	3.0
1013.6711500656677	0.046711700000059864	epochs	3.0
1013.7178617656677	0.09194259999992482	epochs	2.0
1013.7178617656677	0.046214599999984785	epochs	3.0
1013.7640763656677	0.04572799999994004	epochs	3.0
1013.8098043656677	0.09003630000006524	epochs	2.0
1013.8098043656677	0.04525150000006306	epochs	3.0
1013.8550558656677	0.04478480000000218	epochs	3.0
1013.8998406656677	0.08820760000003247	epochs	2.0
1013.8998406656677	0.044327800000019124	epochs	3.0
1013.9441684656678	0.04387980000001335	epochs	3.0
1013.9880482656678	0.0864516999999978	epochs	2.0
1013.9880482656678	0.04344099999991613	epochs	3.0
1014.0314892656677	0.04301070000008167	epochs	3.0
1014.0744999656678	0.08476429999996071	epochs	2.0
1014.0744999656678	0.04258899999990717	epochs	3.0
1014.1170889656677	0.04217530000005354	epochs	3.0
1014.1592642656677	0.08314150000001064	epochs	2.0
1014.1592642656677	0.04176970000003166	epochs	3.0
1014.2010339656678	0.041371799999978975	epochs	3.0
1014.2424057656677	0.08157970000002024	epochs	2.0
1014.2424057656677	0.040981399999964196	epochs	3.0
1014.2833871656677	0.04059830000005604	epochs	3.0
1014.3239854656678	0.08007549999990715	epochs	2.0
1014.3239854656678	0.04022229999998217	epochs	3.0
1014.3642077656677	0.03985319999992498	epochs	3.0
1014.4040609656677	0.07862570000008873	epochs	2.0
1014.4040609656677	0.039490800000066884	epochs	3.0
1014.4435517656677	0.039134900000021844	epochs	3.0
1014.4826866656678	0.07722760000001472	epochs	2.0
1014.4826866656678	0.03878539999993791	epochs	3.0
1014.5214720656677	0.03844220000007681	epochs	3.0
1014.5599142656678	0.07587819999992007	epochs	2.0
1014.5599142656678	0.03810479999992822	epochs	3.0
1014.5980190656677	0.03777339999999185	epochs	3.0
1014.6357924656677	0.0745752000000266	epochs	2.0
1014.6357924656677	0.03744770000002973	epochs	3.0
1014.6732401656677	0.03712749999999687	epochs	3.0
1014.7103676656677	0.07331629999998768	epochs	2.0
1014.7103676656677	0.036812899999972615	epochs	3.0
1014.7471805656677	0.03650340000001506	epochs	3.0
1014.7836839656677	0.07209899999998015	epochs	2.0
1014.7836839656677	0.03619909999997617	epochs	3.0
1014.8198830656677	0.03589990000000398	epochs	3.0
1014.8557829656677	0.07092169999998532	epochs	2.0
1014.8557829656677	0.03560560000005353	epochs	3.0
1014.8913885656677	0.035316099999931794	epochs	3.0
1014.9267046656677	0.06978200000003199	epochs	2.0
1014.9267046656677	0.03503120000004856	epochs	3.0
1014.9617358656677	0.03475079999998343	epochs	3.0
1014.9964866656677	0.06867859999999837	epochs	2.0
1014.9964866656677	0.03447510000000875	epochs	3.0
1015.0309617656677	0.03420349999998962	epochs	3.0
1015.0651652656677	0.06760930000007193	epochs	2.0
1015.0651652656677	0.033936199999970995	epochs	3.0
1015.0991014656677	0.03367310000010093	epochs	3.0
1015.1327745656678	0.06657289999998284	epochs	2.0
1015.1327745656678	0.03341399999999339	epochs	3.0
1015.1661885656678	0.033158899999989444	epochs	3.0
1015.1993474656678	0.06556779999993978	epochs	2.0
1015.1993474656678	0.032907700000009754	epochs	3.0
1015.2322551656678	0.032660099999930026	epochs	3.0
1015.2649152656677	0.06459260000008271	epochs	2.0
1015.2649152656677	0.032416399999988244	epochs	3.0
1015.2973316656677	0.03217620000009447	epochs	3.0
1015.3295078656678	0.0636459999999488	epochs	2.0
1015.3295078656678	0.03193959999998697	epochs	3.0
1015.3614474656678	0.03170639999996183	epochs	3.0
1015.3931538656677	0.0627266999999847	epochs	2.0
1015.3931538656677	0.03147660000001906	epochs	3.0
1015.4246304656677	0.03125009999996564	epochs	3.0
1015.4558805656677	0.06183359999999993	epochs	2.0
1015.4558805656677	0.031026900000028945	epochs	3.0
1015.4869074656677	0.030806699999970988	epochs	3.0
1015.5177141656677	0.06096560000003137	epochs	2.0
1015.5177141656677	0.030589800000029754	epochs	3.0
1015.5483039656677	0.030375800000001618	epochs	3.0
1015.5786797656677	0.06012160000000222	epochs	2.0
1015.5786797656677	0.03016489999993155	epochs	3.0
1015.6088446656677	0.02995670000007067	epochs	3.0
1015.6388013656677	0.05930069999999432	epochs	2.0
1015.6388013656677	0.02975159999994048	epochs	3.0
1015.6685529656677	0.02954910000005384	epochs	3.0
1015.6981020656677	0.05850179999993088	epochs	2.0
1015.6981020656677	0.02934940000000097	epochs	3.0
1015.7274514656677	0.029152399999929912	epochs	3.0
1015.7566038656677	0.057724200000052406	epochs	2.0
1015.7566038656677	0.028958000000102402	epochs	3.0
1015.7855618656678	0.028766199999950004	epochs	3.0
1015.8143280656677	0.05696709999995164	epochs	2.0
1015.8143280656677	0.028577000000041153	epochs	3.0
1015.8429050656678	0.02839009999991049	epochs	3.0
1015.8712951656677	0.056229500000085864	epochs	2.0
1015.8712951656677	0.028205700000057732	epochs	3.0
1015.8995008656677	0.028023800000028132	epochs	3.0
1015.9275246656678	0.05551070000001346	epochs	2.0
1015.9275246656678	0.027843999999959124	epochs	3.0
1015.9553686656677	0.027666700000054334	epochs	3.0
1015.9830353656678	0.05481019999990622	epochs	2.0
1015.9830353656678	0.02749149999999645	epochs	3.0
1016.0105268656678	0.027318699999909768	epochs	3.0
1016.0378455656677	0.05412699999999404	epochs	2.0
1016.0378455656677	0.02714780000007977	epochs	3.0
1016.0649933656678	0.026979199999914272	epochs	3.0
1016.0919725656677	0.0534607000000733	epochs	2.0
1016.0919725656677	0.026812600000084785	epochs	3.0
1016.1187851656678	0.026648099999988517	epochs	3.0
1016.1454332656677	0.05281070000000909	epochs	2.0
1016.1454332656677	0.026485600000000886	epochs	3.0
1016.1719188656677	0.026325100000008206	epochs	3.0
1016.1982439656678	0.05217619999996259	epochs	2.0
1016.1982439656678	0.026166399999965506	epochs	3.0
1016.2244103656677	0.026009799999997085	epochs	3.0
1016.2504201656677	0.051556699999991906	epochs	2.0
1016.2504201656677	0.025854800000047362	epochs	3.0
1016.2762749656678	0.025701899999944544	epochs	3.0
1016.3019768656677	0.05095189999997274	epochs	2.0
1016.3019768656677	0.02555070000005344	epochs	3.0
1016.3275275656678	0.0254011999999193	epochs	3.0
1016.3529287656677	0.05036100000006627	epochs	2.0
1016.3529287656677	0.0252535000000762	epochs	3.0
1016.3781822656678	0.02510749999999007	epochs	3.0
1016.4032897656678	0.049783800000000156	epochs	2.0
1016.4032897656678	0.02496320000000196	epochs	3.0
1016.4282529656678	0.024820599999998194	epochs	3.0
1016.4530735656678	0.04921949999993558	epochs	2.0
1016.4530735656678	0.024679399999968155	epochs	3.0
1016.4777529656677	0.024540099999967424	epochs	3.0
1016.5022930656677	0.04866790000005494	epochs	2.0
1016.5022930656677	0.024402100000088467	epochs	3.0
1016.5266951656678	0.024265799999966475	epochs	3.0
1016.5509609656677	0.04812860000004093	epochs	2.0
1016.5509609656677	0.024131000000011227	epochs	3.0
1016.5750919656678	0.023997600000029706	epochs	3.0
1016.5990895656678	0.04760109999995166	epochs	2.0
1016.5990895656678	0.023865799999953197	epochs	3.0
1016.6229553656677	0.02373529999999846	epochs	3.0
1016.6466906656677	0.047085000000038235	epochs	2.0
1016.6466906656677	0.023606299999983094	epochs	3.0
1016.6702969656677	0.02347870000005514	epochs	3.0
1016.6937756656678	0.046579999999948996	epochs	2.0
1016.6937756656678	0.02335249999998723	epochs	3.0
1016.7171281656678	0.023227499999961765	epochs	3.0
1016.7403556656677	0.046085700000048746	epochs	2.0
1016.7403556656677	0.023103999999989355	epochs	3.0
1016.7634596656677	0.02298170000005939	epochs	3.0
1016.7864413656678	0.045601799999985815	epochs	2.0
1016.7864413656678	0.02286069999991014	epochs	3.0
1016.8093020656677	0.022741100000075676	epochs	3.0
1016.8320431656678	0.04512790000001132	epochs	2.0
1016.8320431656678	0.022622500000011314	epochs	3.0
1016.8546656656678	0.02250540000000001	epochs	3.0
1016.8771710656678	0.044663799999966614	epochs	2.0
1016.8771710656678	0.02238929999998618	epochs	3.0
1016.8995603656678	0.022274499999980435	epochs	3.0
1016.9218348656677	0.04420919999995476	epochs	2.0
1016.9218348656677	0.022160799999937808	epochs	3.0
1016.9439956656677	0.022048400000016954	epochs	3.0
1016.9660440656677	0.043763600000033875	epochs	2.0
1016.9660440656677	0.021936900000014248	epochs	3.0
1016.9879809656677	0.021826700000019628	epochs	3.0
1017.0098076656677	0.04332710000005591	epochs	2.0
1017.0098076656677	0.021717599999988124	epochs	3.0
1017.0315252656677	0.021609500000067783	epochs	3.0
1017.0531347656678	0.042898999999920306	epochs	2.0
1017.0531347656678	0.02150249999999687	epochs	3.0
1017.0746372656678	0.021396499999923435	epochs	3.0
1017.0960337656677	0.042479500000013104	epochs	2.0
1017.0960337656677	0.02129170000000613	epochs	3.0
1017.1173254656677	0.021187800000006973	epochs	3.0
1017.1385132656677	0.042067900000006375	epochs	2.0
1017.1385132656677	0.02108490000000529	epochs	3.0
1017.1595981656677	0.020983000000001084	epochs	3.0
1017.1805811656677	0.04166440000005878	epochs	2.0
1017.1805811656677	0.020882199999959994	epochs	3.0
1017.2014633656677	0.020782200000098783	epochs	3.0
1017.2222455656678	0.04126850000000104	epochs	2.0
1017.2222455656678	0.020683299999973315	epochs	3.0
1017.2429288656677	0.020585200000027726	epochs	3.0
1017.2635140656678	0.040879999999901884	epochs	2.0
1017.2635140656678	0.020488099999965925	epochs	3.0
1017.2840021656677	0.02039189999993596	epochs	3.0
1017.3043940656677	0.04049880000002304	epochs	2.0
1017.3043940656677	0.020296600000051512	epochs	3.0
1017.3246906656677	0.020202199999971526	epochs	3.0
1017.3448928656677	0.04012460000001283	epochs	2.0
1017.3448928656677	0.02010870000003706	epochs	3.0
1017.3650015656677	0.020015899999975773	epochs	3.0
1017.3850174656677	0.03975730000001931	epochs	2.0
1017.3850174656677	0.019924199999991288	epochs	3.0
1017.4049416656677	0.019833100000028026	epochs	3.0
1017.4247747656677	0.03939669999999751	epochs	2.0
1017.4247747656677	0.01974299999994855	epochs	3.0
1017.4445177656677	0.019653700000048957	epochs	3.0
1017.4641714656677	0.03904239999997117	epochs	2.0
1017.4641714656677	0.01956510000002254	epochs	3.0
1017.4837365656678	0.019477299999948627	epochs	3.0
1017.5032138656677	0.03869459999998526	epochs	2.0
1017.5032138656677	0.019390400000020236	epochs	3.0
1017.5226042656677	0.01930419999996502	epochs	3.0
1017.5419084656677	0.03835290000006353	epochs	2.0
1017.5419084656677	0.019218800000089686	epochs	3.0
1017.5611272656678	0.01913409999997384	epochs	3.0
1017.5802613656678	0.03801720000001296	epochs	2.0
1017.5802613656678	0.01905019999992419	epochs	3.0
1017.5993115656677	0.018967000000088774	epochs	3.0
1017.6182785656678	0.03768719999993664	epochs	2.0
1017.6182785656678	0.01888450000001285	epochs	3.0
1017.6371630656678	0.01880269999992379	epochs	3.0
1017.6559657656677	0.03736309999999321	epochs	2.0
1017.6559657656677	0.018721700000014607	epochs	3.0
1017.6746874656677	0.018641399999978603	epochs	3.0
1017.6933288656677	0.03704430000004777	epochs	2.0
1017.6933288656677	0.01856159999999818	epochs	3.0
1017.7118904656677	0.01848270000004959	epochs	3.0
1017.7303731656677	0.0367310000000316	epochs	2.0
1017.7303731656677	0.018404299999929208	epochs	3.0
1017.7487774656677	0.01832670000010239	epochs	3.0
1017.7671041656678	0.03642289999993409	epochs	2.0
1017.7671041656678	0.018249599999990096	epochs	3.0
1017.7853537656678	0.018173299999943993	epochs	3.0
1017.8035270656677	0.03612010000006194	epochs	2.0
1017.8035270656677	0.0180976000000328	epochs	3.0
1017.8216246656677	0.01802250000002914	epochs	3.0
1017.8396471656678	0.03582209999990482	epochs	2.0
1017.8396471656678	0.017947899999967376	epochs	3.0
1017.8575950656677	0.017874199999937446	epochs	3.0
1017.8754692656677	0.03552899999999681	epochs	2.0
1017.8754692656677	0.017800800000031813	epochs	3.0
1017.8932700656677	0.017728199999965	epochs	3.0
1017.9109982656677	0.03524070000003121	epochs	2.0
1017.9109982656677	0.017656100000067454	epochs	3.0
1017.9286543656677	0.017584599999963757	epochs	3.0
1017.9462389656677	0.034957100000042374	epochs	2.0
1017.9462389656677	0.01751369999999497	epochs	3.0
1017.9637526656677	0.017443400000047404	epochs	3.0
1017.9811960656677	0.03467790000001969	epochs	2.0
1017.9811960656677	0.017373599999928047	epochs	3.0
1017.9985696656677	0.017304300000091644	epochs	3.0
1018.0158739656678	0.03440330000000813	epochs	2.0
1018.0158739656678	0.01723570000001473	epochs	3.0
1018.0331096656678	0.0171675999999934	epochs	3.0
1018.0502772656678	0.03413279999995211	epochs	2.0
1018.0502772656678	0.01709989999994832	epochs	3.0
1018.0673771656677	0.017032900000003792	epochs	3.0
1018.0844100656677	0.033866699999975935	epochs	2.0
1018.0844100656677	0.01696640000000116	epochs	3.0
1018.1013764656677	0.016900299999974777	epochs	3.0
1018.1182767656677	0.03360459999998966	epochs	2.0
1018.1182767656677	0.01683479999996962	epochs	3.0
1018.1351115656677	0.01676980000002004	epochs	3.0
1018.1518813656677	0.03334660000007261	epochs	2.0
1018.1518813656677	0.016705300000012357	epochs	3.0
1018.1685866656677	0.016641300000060255	epochs	3.0
1018.1852279656678	0.03309249999995245	epochs	2.0
1018.1852279656678	0.01657779999993636	epochs	3.0
1018.2018057656677	0.01651470000001609	epochs	3.0
1018.2183204656677	0.03284229999997024	epochs	2.0
1018.2183204656677	0.01645220000000336	epochs	3.0
1018.2347726656677	0.01639009999996688	epochs	3.0
1018.2511627656677	0.03259570000000167	epochs	2.0
1018.2511627656677	0.016328400000020338	epochs	3.0
1018.2674911656677	0.016267299999981333	epochs	3.0
1018.2837584656677	0.032352899999978035	epochs	2.0
1018.2837584656677	0.016206600000032267	epochs	3.0
1018.2999650656677	0.016146299999945768	epochs	3.0
1018.3161113656677	0.032113700000081735	epochs	2.0
1018.3161113656677	0.016086600000107865	epochs	3.0
1018.3321979656678	0.01602709999997387	epochs	3.0
1018.3482250656677	0.03187800000000607	epochs	2.0
1018.3482250656677	0.015968199999974786	epochs	3.0
1018.3641932656677	0.015909800000031282	epochs	3.0
1018.3801030656678	0.031645700000012766	epochs	2.0
1018.3801030656678	0.01585160000001906	epochs	3.0
1018.3959546656678	0.015794099999993705	epochs	3.0
1018.4117487656678	0.031416699999908815	epochs	2.0
1018.4117487656678	0.01573669999993399	epochs	3.0
1018.4274854656677	0.015679999999974825	epochs	3.0
1018.4431654656677	0.031191100000000915	epochs	2.0
1018.4431654656677	0.015623600000026272	epochs	3.0
1018.4587890656677	0.015567499999974643	epochs	3.0
1018.4743565656677	0.030968700000016725	epochs	2.0
1018.4743565656677	0.015512000000057924	epochs	3.0
1018.4898685656677	0.0154566999999588	epochs	3.0
1018.5053252656677	0.03074950000006993	epochs	2.0
1018.5053252656677	0.015401999999994587	epochs	3.0
1018.5207272656677	0.015347500000075343	epochs	3.0
1018.5360747656678	0.030533199999922545	epochs	2.0
1018.5360747656678	0.015293400000018664	epochs	3.0
1018.5513681656678	0.01523979999990388	epochs	3.0
1018.5666079656677	0.03032010000003993	epochs	2.0
1018.5666079656677	0.015186500000027081	epochs	3.0
1018.5817944656677	0.015133600000012848	epochs	3.0
1018.5969280656677	0.030109899999956724	epochs	2.0
1018.5969280656677	0.015081000000009226	epochs	3.0
1018.6120090656677	0.015028899999947498	epochs	3.0
1018.6270379656677	0.02990250000004835	epochs	2.0
1018.6270379656677	0.014977000000044427	epochs	3.0
1018.6420149656677	0.014925500000003922	epochs	3.0
1018.6569404656677	0.029698100000018712	epochs	2.0
1018.6569404656677	0.01487439999993967	epochs	3.0
1018.6718148656677	0.014823700000079043	epochs	3.0
1018.6866385656677	0.02949630000000525	epochs	2.0
1018.6866385656677	0.014773199999922326	epochs	3.0
1018.7014117656677	0.014723100000082923	epochs	3.0
1018.7161348656678	0.02929740000001857	epochs	2.0
1018.7161348656678	0.014673399999992398	epochs	3.0
1018.7308082656677	0.014624000000026172	epochs	3.0
1018.7454322656678	0.029101099999934377	epochs	2.0
1018.7454322656678	0.01457489999995687	epochs	3.0
1018.7600071656677	0.014526199999977507	epochs	3.0
1018.7745333656677	0.028907399999980044	epochs	2.0
1018.7745333656677	0.014477700000043114	epochs	3.0
1018.7890110656678	0.014429699999936929	epochs	3.0
1018.8034407656677	0.028716200000076242	epochs	2.0
1018.8034407656677	0.014381800000023759	epochs	3.0
1018.8178225656677	0.014334400000052483	epochs	3.0
1018.8321569656678	0.02852759999996124	epochs	2.0
1018.8321569656678	0.01428720000001249	epochs	3.0
1018.8464441656678	0.01424039999994875	epochs	3.0
1018.8606845656677	0.028341400000044814	epochs	2.0
1018.8606845656677	0.014193800000043666	epochs	3.0
1018.8748783656678	0.014147600000001148	epochs	3.0
1018.8890259656678	0.028157699999951546	epochs	2.0
1018.8890259656678	0.014101699999969242	epochs	3.0
1018.9031276656677	0.014055999999982305	epochs	3.0
1018.9171836656677	0.027976299999977527	epochs	2.0
1018.9171836656677	0.01401060000000598	epochs	3.0
1018.9311942656677	0.013965699999971548	epochs	3.0
1018.9451599656677	0.02779720000000907	epochs	2.0
1018.9451599656677	0.013920800000050804	epochs	3.0
1018.9590807656677	0.013876399999958267	epochs	3.0
1018.9729571656677	0.027620400000046175	epochs	2.0
1018.9729571656677	0.013832200000024386	epochs	3.0
1018.9867893656677	0.013788200000021789	epochs	3.0
1019.0005775656678	0.027445899999975154	epochs	2.0
1019.0005775656678	0.013744599999995444	epochs	3.0
1019.0143221656677	0.01370129999997971	epochs	3.0
1019.0280234656677	0.027273499999978412	epochs	2.0
1019.0280234656677	0.013658200000008947	epochs	3.0
1019.0416816656677	0.013615299999969466	epochs	3.0
1019.0552969656677	0.027103399999987232	epochs	2.0
1019.0552969656677	0.013572800000019924	epochs	3.0
1019.0688697656677	0.013530599999967308	epochs	3.0
1019.0824003656677	0.02693520000002536	epochs	2.0
1019.0824003656677	0.013488400000028378	epochs	3.0
1019.0958887656677	0.013446799999996983	epochs	3.0
1019.1093355656677	0.026769199999989723	epochs	2.0
1019.1093355656677	0.013405199999965589	epochs	3.0
1019.1227407656677	0.013364000000024134	epochs	3.0
1019.1361047656677	0.026605200000062723	epochs	2.0
1019.1361047656677	0.013322900000048321	epochs	3.0
1019.1494276656678	0.013282300000014402	epochs	3.0
1019.1627099656678	0.0264431999999033	epochs	2.0
1019.1627099656678	0.013241699999980483	epochs	3.0
1019.1759516656678	0.013201499999922817	epochs	3.0
1019.1891531656677	0.026283200000079887	epochs	2.0
1019.1891531656677	0.013161500000023807	epochs	3.0
1019.2023146656677	0.01312170000005608	epochs	3.0
1019.2154363656678	0.02612499999997908	epochs	2.0
1019.2154363656678	0.013082100000019636	epochs	3.0
1019.2285184656678	0.013042899999959445	epochs	3.0
1019.2415613656677	0.025968899999952555	epochs	2.0
1019.2415613656677	0.013003899999944224	epochs	3.0
1019.2545652656677	0.012965000000008331	epochs	3.0
1019.2675302656677	0.025814500000024054	epochs	2.0
1019.2675302656677	0.01292640000008305	epochs	3.0
1019.2804566656678	0.012888099999941005	epochs	3.0
1019.2933447656677	0.025661900000045534	epochs	2.0
1019.2933447656677	0.012849899999991976	epochs	3.0
1019.3061946656677	0.012812000000053558	epochs	3.0
1019.3190066656678	0.025511199999982637	epochs	2.0
1019.3190066656678	0.012774400000012065	epochs	3.0
1019.3317810656678	0.012736799999970572	epochs	3.0
1019.3445178656677	0.025362299999983406	epochs	2.0
1019.3445178656677	0.01269969999998466	epochs	3.0
1019.3572175656677	0.012662599999998747	epochs	3.0
1019.3698801656677	0.025215000000002874	epochs	2.0
1019.3698801656677	0.012625800000023446	epochs	3.0
1019.3825059656677	0.012589199999979428	epochs	3.0
1019.3950951656677	0.024584799999956886	epochs	2.0
1019.4186320656677	0.5	epochs	-1.0
1019.4196799656677	0.5157600000000002	epochs	1.0
1019.9354399656677	0.4841600000000881	epochs	0.0
1020.8590002059937	0.08367999999995845	epochs	0.0
1020.8590002059937	0.03684429999998429	epochs	1.0
1020.8958445059936	0.00999139999998988	epochs	1.0
1020.9058359059936	0.03684429999998429	epochs	1.0
1020.9426802059936	2.0	epochs	0.0
1022.9426802059936	21.515679999999975	epochs	0.0
1022.9426802059936	1.0	epochs	1.0
1022.9427523059936	0.5	epochs	-1.0
1023.4427523059936	19.998879999999986	epochs	-1.0
1023.9426802059936	20.0	epochs	1.0
1023.9426802059936	4.356753900000058	epochs	-1.0
1023.9426802059936	1.9745872000000873	epochs	2.0
1023.9426802059936	1.0985622000000603	epochs	3.0
1025.0412424059937	0.8760250000000269	epochs	3.0
1025.9172674059937	1.3524075000000266	epochs	2.0
1025.9172674059937	0.7286354999998821	epochs	3.0
1026.6459029059936	0.6237720000001445	epochs	3.0
1027.2696749059937	1.029759199999944	epochs	2.0
1027.2696749059937	0.5453292999998212	epochs	3.0
1027.8150042059935	0.48442990000012287	epochs	3.0
1028.2994341059937	0.8317861999998968	epochs	2.0
1028.2994341059937	0.4357763000000432	epochs	3.0
1028.7352104059937	0.3960098999998536	epochs	3.0
1029.1312203059936	0.6977970000000369	epochs	2.0
1029.1312203059936	0.3628982000000178	epochs	3.0
1029.4941185059936	0.33489880000001904	epochs	3.0
1029.8290173059936	0.601045699999986	epochs	2.0
1029.8290173059936	0.3109123000001546	epochs	3.0
1030.1399296059938	0.29013339999983145	epochs	3.0
1030.4300630059936	0.5278859000000011	epochs	2.0
1030.4300630059936	0.2719586000000618	epochs	3.0
1030.7020216059937	0.25592729999993935	epochs	3.0
1030.9579489059936	0.470619299999953	epochs	2.0
1030.9579489059936	0.241681299999982	epochs	3.0
1031.1996302059936	0.228937999999971	epochs	3.0
1031.4285682059935	0.4245704000002206	epochs	2.0
1031.4285682059935	0.21747140000002219	epochs	3.0
1031.6460396059936	0.20709900000019843	epochs	3.0
1031.8531386059938	0.3867353999999068	epochs	2.0
1031.8531386059938	0.19767109999997956	epochs	3.0
1032.0508097059937	0.18906429999992724	epochs	3.0
1032.2398740059937	0.35509529999990264	epochs	2.0
1032.2398740059937	0.18117589999997108	epochs	3.0
1032.4210499059936	0.17391939999993156	epochs	3.0
1032.5949693059936	0.3282431000000088	epochs	2.0
1032.5949693059936	0.167221900000186	epochs	3.0
1032.7621912059938	0.16102119999982278	epochs	3.0
1032.9232124059936	0.30516800000009425	epochs	2.0
1032.9232124059936	0.15526390000013635	epochs	3.0
1033.0784763059937	0.1499040999999579	epochs	3.0
1033.2283804059937	0.28512529999989056	epochs	2.0
1033.2283804059937	0.1449021000000812	epochs	3.0
1033.3732825059938	0.14022319999980937	epochs	3.0
1033.5135057059936	0.267553800000087	epochs	2.0
1033.5135057059936	0.13583690000018578	epochs	3.0
1033.6493426059938	0.13171689999990122	epochs	3.0
1033.7810595059937	0.252022899999929	epochs	2.0
1033.7810595059937	0.1278393000000051	epochs	3.0
1033.9088988059937	0.1241835999999239	epochs	3.0
1034.0330824059936	0.23819649999995818	epochs	2.0
1034.0330824059936	0.12073110000005727	epochs	3.0
1034.1538135059936	0.11746539999990091	epochs	3.0
1034.2712789059935	0.2258088000000953	epochs	2.0
1034.2712789059935	0.11437190000015107	epochs	3.0
1034.3856508059937	0.11143689999994422	epochs	3.0
1034.4970877059936	0.21464599999990241	epochs	2.0
1034.4970877059936	0.10864889999993466	epochs	3.0
1034.6057366059936	0.10599709999996776	epochs	3.0
1034.7117337059935	0.20453500000007807	epochs	2.0
1034.7117337059935	0.10347150000006877	epochs	3.0
1034.8152052059936	0.1010635000000093	epochs	3.0
1034.9162687059936	0.19533400000000256	epochs	2.0
1034.9162687059936	0.09876510000003691	epochs	3.0
1035.0150338059937	0.09656889999996565	epochs	3.0
1035.1116027059936	0.18692529999998442	epochs	2.0
1035.1116027059936	0.09446830000001682	epochs	3.0
1035.2060710059936	0.09245699999996759	epochs	3.0
1035.2985280059936	0.1792107000001124	epochs	2.0
1035.2985280059936	0.0905296000000817	epochs	3.0
1035.3890576059937	0.08868110000003071	epochs	3.0
1035.4777387059937	0.17210769999996955	epochs	2.0
1035.4777387059937	0.08690630000000965	epochs	3.0
1035.5646450059937	0.0852013999999599	epochs	3.0
1035.6498464059937	0.16554640000003928	epochs	2.0
1035.6498464059937	0.08356189999994967	epochs	3.0
1035.7334083059936	0.08198450000008961	epochs	3.0
1035.8153928059937	0.15946710000002895	epochs	2.0
1035.8153928059937	0.08046539999986635	epochs	3.0
1035.8958582059936	0.0790017000001626	epochs	3.0
1035.9748599059938	0.1538183999998637	epochs	2.0
1035.9748599059938	0.07759009999995214	epochs	3.0
1036.0524500059937	0.07622829999991154	epochs	3.0
1036.1286783059936	0.14855639999996129	epochs	2.0
1036.1286783059936	0.07491329999993468	epochs	3.0
1036.2035916059936	0.0736431000000266	epochs	3.0
1036.2772347059936	0.14364240000008976	epochs	2.0
1036.2772347059936	0.07241500000009182	epochs	3.0
1036.3496497059937	0.07122739999999794	epochs	3.0
1036.4208771059937	0.13904309999998077	epochs	2.0
1036.4208771059937	0.07007799999996678	epochs	3.0
1036.4909551059936	0.06896510000001399	epochs	3.0
1036.5599202059936	0.1347293000001173	epochs	2.0
1036.5599202059936	0.0678871000000072	epochs	3.0
1036.6278073059937	0.0668422000001101	epochs	3.0
1036.6946495059938	0.13067519999981414	epochs	2.0
1036.6946495059938	0.06582909999997355	epochs	3.0
1036.7604786059937	0.06484609999984059	epochs	3.0
1036.8253247059936	0.12685780000015257	epochs	2.0
1036.8253247059936	0.06389200000012352	epochs	3.0
1036.8892167059937	0.06296580000002905	epochs	3.0
1036.9521825059937	0.12325719999989815	epochs	2.0
1036.9521825059937	0.06206580000002759	epochs	3.0
1037.0142483059938	0.061191399999870555	epochs	3.0
1037.0754397059936	0.11985540000000583	epochs	2.0
1037.0754397059936	0.060341099999959624	epochs	3.0
1037.1357808059936	0.059514300000046205	epochs	3.0
1037.1952951059936	0.11663620000012997	epochs	2.0
1037.1952951059936	0.058709599999929196	epochs	3.0
1037.2540047059936	0.05792660000020078	epochs	3.0
1037.3119313059938	0.11358559999985118	epochs	2.0
1037.3119313059938	0.05716419999998834	epochs	3.0
1037.3690955059938	0.05642139999986284	epochs	3.0
1037.4255169059936	0.11069050000014613	epochs	2.0
1037.4255169059936	0.055697900000041045	epochs	3.0
1037.4812148059937	0.054992600000105085	epochs	3.0
1037.5362074059938	0.10793909999983953	epochs	2.0
1037.5362074059938	0.054304899999806366	epochs	3.0
1037.5905123059936	0.05363420000003316	epochs	3.0
1037.6441465059936	0.10532149999994544	epochs	2.0
1037.6441465059936	0.052980000000161453	epochs	3.0
1037.6971265059938	0.05234149999978399	epochs	3.0
1037.7494680059935	0.10282760000018243	epochs	2.0
1037.7494680059935	0.05171810000001642	epochs	3.0
1037.8011861059936	0.05110950000016601	epochs	3.0
1037.8522956059937	0.10044909999987794	epochs	2.0
1037.8522956059937	0.0505148999998255	epochs	3.0
1037.9028105059936	0.04993420000005244	epochs	3.0
1037.9527447059936	0.0981782999999723	epochs	2.0
1037.9527447059936	0.04936659999998483	epochs	3.0
1038.0021113059936	0.04881169999998747	epochs	3.0
1038.0509230059936	0.09600780000005216	epochs	2.0
1038.0509230059936	0.04826920000004975	epochs	3.0
1038.0991922059936	0.04773860000000241	epochs	3.0
1038.1469308059936	0.09393120000004274	epochs	2.0
1038.1469308059936	0.04721949999998287	epochs	3.0
1038.1941503059936	0.046711700000059864	epochs	3.0
1038.2408620059937	0.09194260000003851	epochs	2.0
1038.2408620059937	0.046214599999984785	epochs	3.0
1038.2870766059937	0.045728000000053726	epochs	3.0
1038.3328046059937	0.09003629999983787	epochs	2.0
1038.3328046059937	0.045251499999949374	epochs	3.0
1038.3780561059937	0.04478479999988849	epochs	3.0
1038.4228409059936	0.08820760000003247	epochs	2.0
1038.4228409059936	0.044327800000019124	epochs	3.0
1038.4671687059936	0.04387980000001335	epochs	3.0
1038.5110485059936	0.0864516999999978	epochs	2.0
1038.5110485059936	0.04344100000002982	epochs	3.0
1038.5544895059936	0.04301069999996798	epochs	3.0
1038.5975002059936	0.08476429999996071	epochs	2.0
1038.5975002059936	0.04258900000013455	epochs	3.0
1038.6400892059937	0.042175299999826166	epochs	3.0
1038.6822645059935	0.08314150000001064	epochs	2.0
1038.6822645059935	0.04176970000003166	epochs	3.0
1038.7240342059936	0.041371799999978975	epochs	3.0
1038.7654060059936	0.08157970000002024	epochs	2.0
1038.7654060059936	0.04098140000019157	epochs	3.0
1038.8063874059937	0.04059829999982867	epochs	3.0
1038.8469857059936	0.08007550000002084	epochs	2.0
1038.8469857059936	0.040222300000095856	epochs	3.0
1038.8872080059937	0.03985319999992498	epochs	3.0
1038.9270612059936	0.07862569999997504	epochs	2.0
1038.9270612059936	0.039490800000066884	epochs	3.0
1038.9665520059937	0.03913489999990816	epochs	3.0
1039.0056869059936	0.07722760000001472	epochs	2.0
1039.0056869059936	0.038785400000051595	epochs	3.0
1039.0444723059936	0.03844219999996312	epochs	3.0
1039.0829145059936	0.07587820000003376	epochs	2.0
1039.0829145059936	0.03810480000015559	epochs	3.0
1039.1210193059937	0.037773399999878166	epochs	3.0
1039.1587927059936	0.0745752000000266	epochs	2.0
1039.1587927059936	0.03744770000002973	epochs	3.0
1039.1962404059936	0.03712749999999687	epochs	3.0
1039.2333679059936	0.07331629999998768	epochs	2.0
1039.2333679059936	0.0368129000000863	epochs	3.0
1039.2701808059937	0.036503399999901376	epochs	3.0
1039.3066842059936	0.07209899999998015	epochs	2.0
1039.3066842059936	0.03619909999997617	epochs	3.0
1039.3428833059936	0.03589990000000398	epochs	3.0
1039.3787832059936	0.07092170000009901	epochs	2.0
1039.3787832059936	0.03560560000005353	epochs	3.0
1039.4143888059937	0.03531610000004548	epochs	3.0
1039.4497049059937	0.06978200000003199	epochs	2.0
1039.4497049059937	0.03503120000004856	epochs	3.0
1039.4847361059938	0.03475079999998343	epochs	3.0
1039.5194869059937	0.06867859999988468	epochs	2.0
1039.5194869059937	0.03447510000000875	epochs	3.0
1039.5539620059938	0.03420349999987593	epochs	3.0
1039.5881655059936	0.06760929999995824	epochs	2.0
1039.5881655059936	0.033936199999970995	epochs	3.0
1039.6221017059936	0.033673099999987244	epochs	3.0
1039.6557748059936	0.06657289999998284	epochs	2.0
1039.6557748059936	0.03341399999999339	epochs	3.0
1039.6891888059936	0.033158899999989444	epochs	3.0
1039.7223477059936	0.06556780000005347	epochs	2.0
1039.7223477059936	0.03290770000012344	epochs	3.0
1039.7552554059937	0.032660099999930026	epochs	3.0
1039.7879155059936	0.06459259999996902	epochs	2.0
1039.7879155059936	0.03241640000010193	epochs	3.0
1039.8203319059937	0.032176199999867094	epochs	3.0
1039.8525081059936	0.06364600000006249	epochs	2.0
1039.8525081059936	0.03193959999998697	epochs	3.0
1039.8844477059936	0.03170640000007552	epochs	3.0
1039.9161541059937	0.0627266999999847	epochs	2.0
1039.9161541059937	0.031476599999905375	epochs	3.0
1039.9476307059936	0.03125010000007933	epochs	3.0
1039.9788808059936	0.06183359999999993	epochs	2.0
1039.9788808059936	0.03102689999991526	epochs	3.0
1040.0099077059936	0.030806700000084675	epochs	3.0
1040.0407144059936	0.060965599999917686	epochs	2.0
1040.0407144059936	0.030589799999916067	epochs	3.0
1040.0713042059936	0.030375800000001618	epochs	3.0
1040.1016800059936	0.06012160000000222	epochs	2.0
1040.1016800059936	0.030164900000045236	epochs	3.0
1040.1318449059936	0.02995669999995698	epochs	3.0
1040.1618016059936	0.05930069999999432	epochs	2.0
1040.1618016059936	0.029751600000054168	epochs	3.0
1040.1915532059936	0.029549099999940154	epochs	3.0
1040.2211023059936	0.058501800000158255	epochs	2.0
1040.2211023059936	0.02934940000000097	epochs	3.0
1040.2504517059936	0.029152400000157286	epochs	3.0
1040.2796041059937	0.05772419999993872	epochs	2.0
1040.2796041059937	0.028957999999875028	epochs	3.0
1040.3085621059936	0.02876620000006369	epochs	3.0
1040.3373283059937	0.05696710000006533	epochs	2.0
1040.3373283059937	0.028577000000041153	epochs	3.0
1040.3659053059937	0.028390100000024177	epochs	3.0
1040.3942954059937	0.05622949999997218	epochs	2.0
1040.3942954059937	0.028205699999944045	epochs	3.0
1040.4225011059937	0.028023800000028132	epochs	3.0
1040.4505249059937	0.05551070000001346	epochs	2.0
1040.4505249059937	0.027843999999959124	epochs	3.0
1040.4783689059936	0.027666700000054334	epochs	3.0
1040.5060356059937	0.054810200000019904	epochs	2.0
1040.5060356059937	0.02749149999999645	epochs	3.0
1040.5335271059937	0.027318700000023455	epochs	3.0
1040.5608458059937	0.054126999999880354	epochs	2.0
1040.5608458059937	0.027147799999966082	epochs	3.0
1040.5879936059937	0.026979199999914272	epochs	3.0
1040.6149728059936	0.053460699999959616	epochs	2.0
1040.6149728059936	0.026812600000084785	epochs	3.0
1040.6417854059937	0.02664809999987483	epochs	3.0
1040.6684335059936	0.05281070000000909	epochs	2.0
1040.6684335059936	0.026485600000114573	epochs	3.0
1040.6949191059937	0.02632509999989452	epochs	3.0
1040.7212442059936	0.05217620000007628	epochs	2.0
1040.7212442059936	0.02616640000019288	epochs	3.0
1040.7474106059938	0.0260097999998834	epochs	3.0
1040.7734204059936	0.051556699999991906	epochs	2.0
1040.7734204059936	0.025854799999933675	epochs	3.0
1040.7992752059936	0.02570190000005823	epochs	3.0
1040.8249771059936	0.05095189999997274	epochs	2.0
1040.8249771059936	0.025550699999939752	epochs	3.0
1040.8505278059936	0.025401200000032986	epochs	3.0
1040.8759290059936	0.05036100000006627	epochs	2.0
1040.8759290059936	0.025253499999962514	epochs	3.0
1040.9011825059936	0.025107500000103755	epochs	3.0
1040.9262900059937	0.04978379999988647	epochs	2.0
1040.9262900059937	0.02496320000000196	epochs	3.0
1040.9512532059937	0.024820599999884507	epochs	3.0
1040.9760738059936	0.04921950000016295	epochs	2.0
1040.9760738059936	0.024679400000195528	epochs	3.0
1041.0007532059938	0.024540099999967424	epochs	3.0
1041.0252933059937	0.04866789999982757	epochs	2.0
1041.0252933059937	0.024402099999861093	epochs	3.0
1041.0496954059936	0.024265799999966475	epochs	3.0
1041.0739612059936	0.04812860000015462	epochs	2.0
1041.0739612059936	0.024131000000124914	epochs	3.0
1041.0980922059937	0.023997600000029706	epochs	3.0
1041.1220898059937	0.04760109999983797	epochs	2.0
1041.1220898059937	0.02386579999983951	epochs	3.0
1041.1459556059935	0.02373529999999846	epochs	3.0
1041.1696909059935	0.04708500000015192	epochs	2.0
1041.1696909059935	0.023606300000210467	epochs	3.0
1041.1932972059938	0.023478699999941455	epochs	3.0
1041.2167759059937	0.046579999999948996	epochs	2.0
1041.2167759059937	0.023352499999873544	epochs	3.0
1041.2401284059936	0.02322750000007545	epochs	3.0
1041.2633559059936	0.046085700000048746	epochs	2.0
1041.2633559059936	0.023104000000103042	epochs	3.0
1041.2864599059938	0.022981699999945704	epochs	3.0
1041.3094416059937	0.045601799999985815	epochs	2.0
1041.3094416059937	0.02286069999991014	epochs	3.0
1041.3323023059936	0.022741100000075676	epochs	3.0
1041.3550434059937	0.045127899999897636	epochs	2.0
1041.3550434059937	0.022622499999897627	epochs	3.0
1041.3776659059936	0.02250540000000001	epochs	3.0
1041.4001713059936	0.0446638000000803	epochs	2.0
1041.4001713059936	0.02238929999998618	epochs	3.0
1041.4225606059936	0.022274500000094122	epochs	3.0
1041.4448351059937	0.04420920000006845	epochs	2.0
1041.4448351059937	0.022160799999937808	epochs	3.0
1041.4669959059936	0.02204840000013064	epochs	3.0
1041.4890443059937	0.04376359999992019	epochs	2.0
1041.4890443059937	0.02193689999990056	epochs	3.0
1041.5109812059936	0.021826700000019628	epochs	3.0
1041.5328079059936	0.04332709999994222	epochs	2.0
1041.5328079059936	0.02171760000010181	epochs	3.0
1041.5545255059938	0.02160949999984041	epochs	3.0
1041.5761350059936	0.04289900000003399	epochs	2.0
1041.5761350059936	0.02150249999999687	epochs	3.0
1041.5976375059936	0.021396500000037122	epochs	3.0
1041.6190340059936	0.04247950000012679	epochs	2.0
1041.6190340059936	0.021291700000119818	epochs	3.0
1041.6403257059937	0.021187800000006973	epochs	3.0
1041.6615135059938	0.04206789999989269	epochs	2.0
1041.6615135059938	0.02108490000000529	epochs	3.0
1041.6825984059938	0.020982999999887397	epochs	3.0
1041.7035814059936	0.04166439999994509	epochs	2.0
1041.7035814059936	0.020882199999959994	epochs	3.0
1041.7244636059936	0.020782199999985096	epochs	3.0
1041.7452458059936	0.04126850000011473	epochs	2.0
1041.7452458059936	0.020683299999973315	epochs	3.0
1041.7659291059936	0.020585200000141413	epochs	3.0
1041.7865143059937	0.04088000000001557	epochs	2.0
1041.7865143059937	0.020488099999965925	epochs	3.0
1041.8070024059937	0.020391900000049645	epochs	3.0
1041.8273943059937	0.04049880000002304	epochs	2.0
1041.8273943059937	0.020296599999937825	epochs	3.0
1041.8476909059937	0.020202200000085213	epochs	3.0
1041.8678931059937	0.040124599999899146	epochs	2.0
1041.8678931059937	0.020108699999809687	epochs	3.0
1041.8880018059936	0.02001590000008946	epochs	3.0
1041.9080177059936	0.03975730000001931	epochs	2.0
1041.9080177059936	0.019924200000104975	epochs	3.0
1041.9279419059937	0.01983309999991434	epochs	3.0
1041.9477750059937	0.03939669999999751	epochs	2.0
1041.9477750059937	0.01974300000006224	epochs	3.0
1041.9675180059937	0.01965369999993527	epochs	3.0
1041.9871717059937	0.03904239999997117	epochs	2.0
1041.9871717059937	0.019565099999908853	epochs	3.0
1042.0067368059936	0.019477300000062314	epochs	3.0
1042.0262141059936	0.038694600000098944	epochs	2.0
1042.0262141059936	0.019390400000020236	epochs	3.0
1042.0456045059937	0.01930420000007871	epochs	3.0
1042.0649087059937	0.038352899999836154	epochs	2.0
1042.0649087059937	0.019218799999862313	epochs	3.0
1042.0841275059936	0.01913409999997384	epochs	3.0
1042.1032616059936	0.03801720000001296	epochs	2.0
1042.1032616059936	0.019050200000037876	epochs	3.0
1042.1223118059936	0.018966999999975087	epochs	3.0
1042.1412788059936	0.03768720000016401	epochs	2.0
1042.1412788059936	0.01888450000001285	epochs	3.0
1042.1601633059936	0.018802700000151162	epochs	3.0
1042.1789660059937	0.03736309999999321	epochs	2.0
1042.1789660059937	0.018721700000014607	epochs	3.0
1042.1976877059938	0.018641399999978603	epochs	3.0
1042.2163291059937	0.03704429999993408	epochs	2.0
1042.2163291059937	0.018561599999884493	epochs	3.0
1042.2348907059936	0.01848270000004959	epochs	3.0
1042.2533734059937	0.03673099999991791	epochs	2.0
1042.2533734059937	0.018404299999929208	epochs	3.0
1042.2717777059936	0.018326699999988705	epochs	3.0
1042.2901044059936	0.03642290000016146	epochs	2.0
1042.2901044059936	0.018249599999990096	epochs	3.0
1042.3083540059936	0.018173300000171366	epochs	3.0
1042.3265273059937	0.036120099999834565	epochs	2.0
1042.3265273059937	0.01809759999991911	epochs	3.0
1042.3446249059937	0.018022499999915453	epochs	3.0
1042.3626474059936	0.035822100000132195	epochs	2.0
1042.3626474059936	0.017947900000081063	epochs	3.0
1042.3805953059937	0.017874200000051133	epochs	3.0
1042.3984695059937	0.03552899999999681	epochs	2.0
1042.3984695059937	0.017800800000031813	epochs	3.0
1042.4162703059937	0.017728199999965	epochs	3.0
1042.4339985059937	0.03524070000003121	epochs	2.0
1042.4339985059937	0.01765609999984008	epochs	3.0
1042.4516546059936	0.01758460000019113	epochs	3.0
1042.4692392059937	0.03495709999992869	epochs	2.0
1042.4692392059937	0.017513699999881283	epochs	3.0
1042.4867529059936	0.017443400000047404	epochs	3.0
1042.5041963059937	0.034677899999906	epochs	2.0
1042.5041963059937	0.017373599999928047	epochs	3.0
1042.5215699059936	0.017304299999977957	epochs	3.0
1042.5388742059936	0.03440330000012182	epochs	2.0
1042.5388742059936	0.017235700000128418	epochs	3.0
1042.5561099059937	0.0171675999999934	epochs	3.0
1042.5732775059937	0.03413279999995211	epochs	2.0
1042.5732775059937	0.01709989999994832	epochs	3.0
1042.5903774059936	0.017032900000003792	epochs	3.0
1042.6074103059937	0.03386670000008962	epochs	2.0
1042.6074103059937	0.01696640000000116	epochs	3.0
1042.6243767059937	0.016900300000088464	epochs	3.0
1042.6412770059937	0.03360459999998966	epochs	2.0
1042.6412770059937	0.01683479999996962	epochs	3.0
1042.6581118059937	0.01676980000002004	epochs	3.0
1042.6748816059937	0.033346599999958926	epochs	2.0
1042.6748816059937	0.016705300000012357	epochs	3.0
1042.6915869059937	0.01664129999994657	epochs	3.0
1042.7082282059937	0.03309250000006614	epochs	2.0
1042.7082282059937	0.016577800000050047	epochs	3.0
1042.7248060059937	0.01651470000001609	epochs	3.0
1042.7413207059938	0.03284229999985655	epochs	2.0
1042.7413207059938	0.01645220000000336	epochs	3.0
1042.7577729059938	0.01639009999985319	epochs	3.0
1042.7741630059936	0.03259570000000167	epochs	2.0
1042.7741630059936	0.016328400000020338	epochs	3.0
1042.7904914059936	0.016267299999981333	epochs	3.0
1042.8067587059936	0.032352899999978035	epochs	2.0
1042.8067587059936	0.016206600000032267	epochs	3.0
1042.8229653059936	0.016146299999945768	epochs	3.0
1042.8391116059936	0.032113700000081735	epochs	2.0
1042.8391116059936	0.016086600000107865	epochs	3.0
1042.8551982059937	0.01602709999997387	epochs	3.0
1042.8712253059937	0.03187800000000607	epochs	2.0
1042.8712253059937	0.015968200000088473	epochs	3.0
1042.8871935059938	0.015909799999917595	epochs	3.0
1042.9031033059937	0.03164569999989908	epochs	2.0
1042.9031033059937	0.015851599999905375	epochs	3.0
1042.9189549059936	0.015794099999993705	epochs	3.0
1042.9347490059936	0.03141670000013619	epochs	2.0
1042.9347490059936	0.015736700000161363	epochs	3.0
1042.9504857059937	0.015679999999974825	epochs	3.0
1042.9661657059937	0.03119109999988723	epochs	2.0
1042.9661657059937	0.015623600000026272	epochs	3.0
1042.9817893059937	0.015567499999860956	epochs	3.0
1042.9973568059936	0.03096870000013041	epochs	2.0
1042.9973568059936	0.015511999999944237	epochs	3.0
1043.0128688059935	0.015456700000186174	epochs	3.0
1043.0283255059937	0.030749499999956242	epochs	2.0
1043.0283255059937	0.015401999999994587	epochs	3.0
1043.0437275059937	0.015347499999961656	epochs	3.0
1043.0590750059937	0.03053320000003623	epochs	2.0
1043.0590750059937	0.015293400000018664	epochs	3.0
1043.0743684059937	0.015239800000017567	epochs	3.0
1043.0896082059937	0.030320099999926242	epochs	2.0
1043.0896082059937	0.015186500000027081	epochs	3.0
1043.1047947059938	0.015133599999899161	epochs	3.0
1043.1199283059937	0.03010990000007041	epochs	2.0
1043.1199283059937	0.015081000000009226	epochs	3.0
1043.1350093059937	0.015028900000061185	epochs	3.0
1043.1500382059937	0.029902499999934662	epochs	2.0
1043.1500382059937	0.014976999999817053	epochs	3.0
1043.1650152059935	0.014925500000117609	epochs	3.0
1043.1799407059937	0.029698099999905025	epochs	2.0
1043.1799407059937	0.014874400000053356	epochs	3.0
1043.1948151059937	0.01482369999985167	epochs	3.0
1043.2096388059936	0.029496300000118936	epochs	2.0
1043.2096388059936	0.014773200000036013	epochs	3.0
1043.2244120059936	0.014723100000082923	epochs	3.0
1043.2391351059937	0.029297399999904883	epochs	2.0
1043.2391351059937	0.014673399999992398	epochs	3.0
1043.2538085059937	0.014623999999912485	epochs	3.0
1043.2684325059936	0.02910110000016175	epochs	2.0
1043.2684325059936	0.014574900000070556	epochs	3.0
1043.2830074059937	0.014526200000091194	epochs	3.0
1043.2975336059937	0.028907399999980044	epochs	2.0
1043.2975336059937	0.01447769999981574	epochs	3.0
1043.3120113059936	0.014429700000164303	epochs	3.0
1043.3264410059937	0.028716199999962555	epochs	2.0
1043.3264410059937	0.014381799999910072	epochs	3.0
1043.3408228059936	0.014334400000052483	epochs	3.0
1043.3551572059937	0.02852759999996124	epochs	2.0
1043.3551572059937	0.014287199999898803	epochs	3.0
1043.3694444059936	0.014240400000062436	epochs	3.0
1043.3836848059937	0.028341400000044814	epochs	2.0
1043.3836848059937	0.014193799999929979	epochs	3.0
1043.3978786059936	0.014147600000114835	epochs	3.0
1043.4120262059937	0.028157700000065233	epochs	2.0
1043.4120262059937	0.014101699999855555	epochs	3.0
1043.4261279059936	0.014056000000209679	epochs	3.0
1043.4401839059938	0.02797629999986384	epochs	2.0
1043.4401839059938	0.014010599999892293	epochs	3.0
1043.4541945059937	0.013965699999971548	epochs	3.0
1043.4681602059936	0.027797200000122757	epochs	2.0
1043.4681602059936	0.013920800000050804	epochs	3.0
1043.4820810059937	0.013876400000071953	epochs	3.0
1043.4959574059937	0.027620399999932488	epochs	2.0
1043.4959574059937	0.013832199999797012	epochs	3.0
1043.5097896059935	0.013788200000135475	epochs	3.0
1043.5235778059937	0.027445899999975154	epochs	2.0
1043.5235778059937	0.013744599999881757	epochs	3.0
1043.5373224059936	0.013701300000093397	epochs	3.0
1043.5510237059937	0.0272735000000921	epochs	2.0
1043.5510237059937	0.013658200000008947	epochs	3.0
1043.5646819059937	0.013615300000083153	epochs	3.0
1043.5782972059937	0.027103399999987232	epochs	2.0
1043.5782972059937	0.01357279999979255	epochs	3.0
1043.5918700059935	0.013530600000194681	epochs	3.0
1043.6054006059937	0.02693520000002536	epochs	2.0
1043.6054006059937	0.01348839999991469	epochs	3.0
1043.6188890059937	0.01344680000011067	epochs	3.0
1043.6323358059938	0.026769199999989723	epochs	2.0
1043.6323358059938	0.013405199999851902	epochs	3.0
1043.6457410059936	0.013364000000137821	epochs	3.0
1043.6591050059938	0.026605199999949036	epochs	2.0
1043.6591050059938	0.013322899999820947	epochs	3.0
1043.6724279059936	0.013282300000128089	epochs	3.0
1043.6857102059937	0.0264431999999033	epochs	2.0
1043.6857102059937	0.013241699999980483	epochs	3.0
1043.6989519059937	0.013201499999922817	epochs	3.0
1043.7121534059936	0.026283200000079887	epochs	2.0
1043.7121534059936	0.013161500000023807	epochs	3.0
1043.7253149059936	0.01312170000005608	epochs	3.0
1043.7384366059937	0.026124999999865395	epochs	2.0
1043.7384366059937	0.013082100000019636	epochs	3.0
1043.7515187059937	0.013042899999845758	epochs	3.0
1043.7645616059935	0.02596890000017993	epochs	2.0
1043.7645616059935	0.01300390000005791	epochs	3.0
1043.7775655059936	0.012965000000122018	epochs	3.0
1043.7905305059937	0.025814500000024054	epochs	2.0
1043.7905305059937	0.012926399999969362	epochs	3.0
1043.8034569059937	0.012888100000054692	epochs	3.0
1043.8163450059938	0.025661899999931848	epochs	2.0
1043.8163450059938	0.012849899999991976	epochs	3.0
1043.8291949059937	0.012811999999939871	epochs	3.0
1043.8420069059937	0.025511199999982637	epochs	2.0
1043.8420069059937	0.012774399999898378	epochs	3.0
1043.8547813059936	0.012736800000084258	epochs	3.0
1043.8675181059937	0.025362300000097093	epochs	2.0
1043.8675181059937	0.01269969999998466	epochs	3.0
1043.8802178059937	0.012662600000112434	epochs	3.0
1043.8928804059938	0.025214999999889187	epochs	2.0
1043.8928804059938	0.012625799999796072	epochs	3.0
1043.9055062059936	0.012589200000093115	epochs	3.0
1043.9180954059937	0.024584799999956886	epochs	2.0
1043.9416323059936	0.5	epochs	-1.0
1043.9426802059936	0.5156799999999748	epochs	1.0
1044.4583602059936	0.4842399999999998	epochs	0.0
1045.398000240326	0.08367999999995845	epochs	0.0
1045.398000240326	0.03684429999998429	epochs	1.0
1045.434844540326	0.00999139999998988	epochs	1.0
1045.444835940326	0.03684429999998429	epochs	1.0
1045.4816802403259	2.0	epochs	0.0
1047.4816802403259	21.515679999999975	epochs	0.0
1047.4816802403259	1.0	epochs	1.0
1047.481752340326	0.5	epochs	-1.0
1047.981752340326	19.998879999999872	epochs	-1.0
1048.4816802403259	20.0	epochs	1.0
1048.4816802403259	4.356753900000058	epochs	-1.0
1048.4816802403259	1.9745872000000873	epochs	2.0
1048.4816802403259	1.0985622000000603	epochs	3.0
1049.580242440326	0.8760250000000269	epochs	3.0
1050.456267440326	1.3524075000000266	epochs	2.0
1050.456267440326	0.7286354999998821	epochs	3.0
1051.1849029403259	0.6237720000001445	epochs	3.0
1051.808674940326	1.029759199999944	epochs	2.0
1051.808674940326	0.5453292999998212	epochs	3.0
1052.3540042403258	0.48442990000012287	epochs	3.0
1052.838434140326	0.8317861999998968	epochs	2.0
1052.838434140326	0.4357763000000432	epochs	3.0
1053.274210440326	0.3960098999998536	epochs	3.0
1053.6702203403258	0.6977970000000369	epochs	2.0
1053.6702203403258	0.3628982000000178	epochs	3.0
1054.0331185403259	0.33489880000001904	epochs	3.0
1054.3680173403259	0.601045699999986	epochs	2.0
1054.3680173403259	0.3109123000001546	epochs	3.0
1054.678929640326	0.29013339999983145	epochs	3.0
1054.9690630403259	0.5278859000000011	epochs	2.0
1054.9690630403259	0.2719586000000618	epochs	3.0
1055.241021640326	0.25592729999993935	epochs	3.0
1055.4969489403259	0.470619299999953	epochs	2.0
1055.4969489403259	0.241681299999982	epochs	3.0
1055.7386302403258	0.228937999999971	epochs	3.0
1055.9675682403258	0.4245704000002206	epochs	2.0
1055.9675682403258	0.21747140000002219	epochs	3.0
1056.1850396403258	0.20709900000019843	epochs	3.0
1056.392138640326	0.3867353999999068	epochs	2.0
1056.392138640326	0.19767109999997956	epochs	3.0
1056.589809740326	0.18906429999992724	epochs	3.0
1056.778874040326	0.35509529999990264	epochs	2.0
1056.778874040326	0.18117589999997108	epochs	3.0
1056.960049940326	0.17391939999993156	epochs	3.0
1057.1339693403258	0.3282431000000088	epochs	2.0
1057.1339693403258	0.167221900000186	epochs	3.0
1057.301191240326	0.16102119999982278	epochs	3.0
1057.4622124403259	0.30516800000009425	epochs	2.0
1057.4622124403259	0.15526390000013635	epochs	3.0
1057.617476340326	0.1499040999999579	epochs	3.0
1057.767380440326	0.28512529999989056	epochs	2.0
1057.767380440326	0.1449021000000812	epochs	3.0
1057.912282540326	0.14022319999980937	epochs	3.0
1058.0525057403258	0.267553800000087	epochs	2.0
1058.0525057403258	0.13583690000018578	epochs	3.0
1058.188342640326	0.13171689999990122	epochs	3.0
1058.320059540326	0.252022899999929	epochs	2.0
1058.320059540326	0.1278393000000051	epochs	3.0
1058.447898840326	0.1241835999999239	epochs	3.0
1058.5720824403259	0.23819649999995818	epochs	2.0
1058.5720824403259	0.12073110000005727	epochs	3.0
1058.692813540326	0.11746539999990091	epochs	3.0
1058.8102789403258	0.2258088000000953	epochs	2.0
1058.8102789403258	0.11437190000015107	epochs	3.0
1058.924650840326	0.11143689999994422	epochs	3.0
1059.036087740326	0.21464599999990241	epochs	2.0
1059.036087740326	0.10864889999993466	epochs	3.0
1059.1447366403258	0.10599709999996776	epochs	3.0
1059.2507337403258	0.20453500000007807	epochs	2.0
1059.2507337403258	0.10347150000006877	epochs	3.0
1059.3542052403259	0.1010635000000093	epochs	3.0
1059.455268740326	0.19533400000000256	epochs	2.0
1059.455268740326	0.09876510000003691	epochs	3.0
1059.554033840326	0.09656889999996565	epochs	3.0
1059.650602740326	0.18692529999998442	epochs	2.0
1059.650602740326	0.09446830000001682	epochs	3.0
1059.745071040326	0.09245699999996759	epochs	3.0
1059.8375280403259	0.1792107000001124	epochs	2.0
1059.8375280403259	0.0905296000000817	epochs	3.0
1059.928057640326	0.08868110000003071	epochs	3.0
1060.016738740326	0.17210769999996955	epochs	2.0
1060.016738740326	0.08690630000000965	epochs	3.0
1060.103645040326	0.0852013999999599	epochs	3.0
1060.188846440326	0.16554640000003928	epochs	2.0
1060.188846440326	0.08356189999994967	epochs	3.0
1060.272408340326	0.08198450000008961	epochs	3.0
1060.354392840326	0.15946710000002895	epochs	2.0
1060.354392840326	0.08046539999986635	epochs	3.0
1060.4348582403259	0.0790017000001626	epochs	3.0
1060.513859940326	0.1538183999998637	epochs	2.0
1060.513859940326	0.07759009999995214	epochs	3.0
1060.591450040326	0.07622829999991154	epochs	3.0
1060.667678340326	0.14855639999996129	epochs	2.0
1060.667678340326	0.07491329999993468	epochs	3.0
1060.7425916403258	0.0736431000000266	epochs	3.0
1060.8162347403259	0.14364240000008976	epochs	2.0
1060.8162347403259	0.07241500000009182	epochs	3.0
1060.888649740326	0.07122739999999794	epochs	3.0
1060.959877140326	0.13904309999998077	epochs	2.0
1060.959877140326	0.07007799999996678	epochs	3.0
1061.029955140326	0.06896510000001399	epochs	3.0
1061.098920240326	0.1347293000001173	epochs	2.0
1061.098920240326	0.0678871000000072	epochs	3.0
1061.166807340326	0.0668422000001101	epochs	3.0
1061.233649540326	0.13067519999981414	epochs	2.0
1061.233649540326	0.06582909999997355	epochs	3.0
1061.299478640326	0.06484609999984059	epochs	3.0
1061.3643247403259	0.12685780000015257	epochs	2.0
1061.3643247403259	0.06389200000012352	epochs	3.0
1061.428216740326	0.06296580000002905	epochs	3.0
1061.491182540326	0.12325719999989815	epochs	2.0
1061.491182540326	0.06206580000002759	epochs	3.0
1061.553248340326	0.061191399999870555	epochs	3.0
1061.614439740326	0.11985540000000583	epochs	2.0
1061.614439740326	0.060341099999959624	epochs	3.0
1061.6747808403259	0.059514300000046205	epochs	3.0
1061.734295140326	0.11663620000012997	epochs	2.0
1061.734295140326	0.058709599999929196	epochs	3.0
1061.7930047403258	0.05792660000020078	epochs	3.0
1061.850931340326	0.11358559999985118	epochs	2.0
1061.850931340326	0.05716419999998834	epochs	3.0
1061.908095540326	0.05642139999986284	epochs	3.0
1061.964516940326	0.11069050000014613	epochs	2.0
1061.964516940326	0.055697900000041045	epochs	3.0
1062.020214840326	0.054992600000105085	epochs	3.0
1062.075207440326	0.10793909999983953	epochs	2.0
1062.075207440326	0.054304899999806366	epochs	3.0
1062.1295123403258	0.05363420000003316	epochs	3.0
1062.1831465403259	0.10532149999994544	epochs	2.0
1062.1831465403259	0.052980000000161453	epochs	3.0
1062.236126540326	0.05234149999978399	epochs	3.0
1062.2884680403258	0.10282760000018243	epochs	2.0
1062.2884680403258	0.05171810000001642	epochs	3.0
1062.3401861403258	0.05110950000016601	epochs	3.0
1062.391295640326	0.10044909999987794	epochs	2.0
1062.391295640326	0.0505148999998255	epochs	3.0
1062.4418105403258	0.04993420000005244	epochs	3.0
1062.4917447403259	0.0981782999999723	epochs	2.0
1062.4917447403259	0.04936659999998483	epochs	3.0
1062.5411113403259	0.04881169999998747	epochs	3.0
1062.5899230403259	0.09600780000005216	epochs	2.0
1062.5899230403259	0.04826920000004975	epochs	3.0
1062.638192240326	0.04773860000000241	epochs	3.0
1062.685930840326	0.09393120000004274	epochs	2.0
1062.685930840326	0.04721949999998287	epochs	3.0
1062.733150340326	0.046711700000059864	epochs	3.0
1062.779862040326	0.09194260000003851	epochs	2.0
1062.779862040326	0.046214599999984785	epochs	3.0
1062.826076640326	0.045728000000053726	epochs	3.0
1062.871804640326	0.09003629999983787	epochs	2.0
1062.871804640326	0.045251499999949374	epochs	3.0
1062.917056140326	0.04478479999988849	epochs	3.0
1062.9618409403258	0.08820760000003247	epochs	2.0
1062.9618409403258	0.044327800000019124	epochs	3.0
1063.0061687403258	0.04387980000001335	epochs	3.0
1063.0500485403259	0.0864516999999978	epochs	2.0
1063.0500485403259	0.04344100000002982	epochs	3.0
1063.093489540326	0.04301069999996798	epochs	3.0
1063.1365002403259	0.08476429999996071	epochs	2.0
1063.1365002403259	0.04258900000013455	epochs	3.0
1063.179089240326	0.042175299999826166	epochs	3.0
1063.2212645403258	0.08314150000001064	epochs	2.0
1063.2212645403258	0.04176970000003166	epochs	3.0
1063.2630342403259	0.041371799999978975	epochs	3.0
1063.3044060403258	0.08157970000002024	epochs	2.0
1063.3044060403258	0.04098140000019157	epochs	3.0
1063.345387440326	0.04059829999982867	epochs	3.0
1063.3859857403259	0.08007550000002084	epochs	2.0
1063.3859857403259	0.040222300000095856	epochs	3.0
1063.426208040326	0.03985319999992498	epochs	3.0
1063.4660612403259	0.07862569999997504	epochs	2.0
1063.4660612403259	0.039490800000066884	epochs	3.0
1063.505552040326	0.03913489999990816	epochs	3.0
1063.5446869403258	0.07722760000001472	epochs	2.0
1063.5446869403258	0.038785400000051595	epochs	3.0
1063.583472340326	0.03844219999996312	epochs	3.0
1063.6219145403259	0.07587820000003376	epochs	2.0
1063.6219145403259	0.03810480000015559	epochs	3.0
1063.660019340326	0.037773399999878166	epochs	3.0
1063.697792740326	0.0745752000000266	epochs	2.0
1063.697792740326	0.03744770000002973	epochs	3.0
1063.735240440326	0.03712749999999687	epochs	3.0
1063.772367940326	0.07331629999998768	epochs	2.0
1063.772367940326	0.0368129000000863	epochs	3.0
1063.809180840326	0.036503399999901376	epochs	3.0
1063.845684240326	0.07209899999998015	epochs	2.0
1063.845684240326	0.03619909999997617	epochs	3.0
1063.8818833403259	0.03589990000000398	epochs	3.0
1063.917783240326	0.07092170000009901	epochs	2.0
1063.917783240326	0.03560560000005353	epochs	3.0
1063.953388840326	0.03531610000004548	epochs	3.0
1063.988704940326	0.06978200000003199	epochs	2.0
1063.988704940326	0.03503120000004856	epochs	3.0
1064.023736140326	0.03475079999998343	epochs	3.0
1064.058486940326	0.06867859999988468	epochs	2.0
1064.058486940326	0.03447510000000875	epochs	3.0
1064.092962040326	0.03420349999987593	epochs	3.0
1064.127165540326	0.06760929999995824	epochs	2.0
1064.127165540326	0.033936199999970995	epochs	3.0
1064.1611017403259	0.033673099999987244	epochs	3.0
1064.1947748403259	0.06657289999998284	epochs	2.0
1064.1947748403259	0.03341399999999339	epochs	3.0
1064.2281888403259	0.033158899999989444	epochs	3.0
1064.2613477403258	0.06556780000005347	epochs	2.0
1064.2613477403258	0.03290770000012344	epochs	3.0
1064.294255440326	0.032660099999930026	epochs	3.0
1064.326915540326	0.06459259999996902	epochs	2.0
1064.326915540326	0.03241640000010193	epochs	3.0
1064.359331940326	0.032176199999867094	epochs	3.0
1064.3915081403259	0.06364600000006249	epochs	2.0
1064.3915081403259	0.03193959999998697	epochs	3.0
1064.4234477403259	0.03170640000007552	epochs	3.0
1064.455154140326	0.0627266999999847	epochs	2.0
1064.455154140326	0.031476599999905375	epochs	3.0
1064.4866307403258	0.03125010000007933	epochs	3.0
1064.517880840326	0.06183359999999993	epochs	2.0
1064.517880840326	0.03102689999991526	epochs	3.0
1064.5489077403258	0.030806700000084675	epochs	3.0
1064.579714440326	0.060965599999917686	epochs	2.0
1064.579714440326	0.030589799999916067	epochs	3.0
1064.6103042403258	0.030375800000001618	epochs	3.0
1064.6406800403258	0.06012160000000222	epochs	2.0
1064.6406800403258	0.030164900000045236	epochs	3.0
1064.6708449403259	0.02995669999995698	epochs	3.0
1064.7008016403258	0.05930069999999432	epochs	2.0
1064.7008016403258	0.029751600000054168	epochs	3.0
1064.730553240326	0.029549099999940154	epochs	3.0
1064.7601023403258	0.058501800000158255	epochs	2.0
1064.7601023403258	0.02934940000000097	epochs	3.0
1064.7894517403258	0.029152400000157286	epochs	3.0
1064.818604140326	0.05772419999993872	epochs	2.0
1064.818604140326	0.028957999999875028	epochs	3.0
1064.8475621403259	0.02876620000006369	epochs	3.0
1064.876328340326	0.05696710000006533	epochs	2.0
1064.876328340326	0.028577000000041153	epochs	3.0
1064.904905340326	0.028390100000024177	epochs	3.0
1064.933295440326	0.05622949999997218	epochs	2.0
1064.933295440326	0.028205699999944045	epochs	3.0
1064.961501140326	0.028023800000028132	epochs	3.0
1064.989524940326	0.05551070000001346	epochs	2.0
1064.989524940326	0.027843999999959124	epochs	3.0
1065.017368940326	0.027666700000054334	epochs	3.0
1065.045035640326	0.054810200000019904	epochs	2.0
1065.045035640326	0.02749149999999645	epochs	3.0
1065.072527140326	0.027318700000023455	epochs	3.0
1065.099845840326	0.054126999999880354	epochs	2.0
1065.099845840326	0.027147799999966082	epochs	3.0
1065.126993640326	0.026979199999914272	epochs	3.0
1065.1539728403259	0.053460699999959616	epochs	2.0
1065.1539728403259	0.026812600000084785	epochs	3.0
1065.180785440326	0.02664809999987483	epochs	3.0
1065.2074335403258	0.05281070000000909	epochs	2.0
1065.2074335403258	0.026485600000114573	epochs	3.0
1065.233919140326	0.02632509999989452	epochs	3.0
1065.2602442403258	0.05217620000007628	epochs	2.0
1065.2602442403258	0.02616640000019288	epochs	3.0
1065.286410640326	0.0260097999998834	epochs	3.0
1065.312420440326	0.051556699999991906	epochs	2.0
1065.312420440326	0.025854799999933675	epochs	3.0
1065.3382752403259	0.02570190000005823	epochs	3.0
1065.363977140326	0.05095189999997274	epochs	2.0
1065.363977140326	0.025550699999939752	epochs	3.0
1065.3895278403259	0.025401200000032986	epochs	3.0
1065.414929040326	0.05036100000006627	epochs	2.0
1065.414929040326	0.025253499999962514	epochs	3.0
1065.4401825403258	0.025107500000103755	epochs	3.0
1065.465290040326	0.04978379999988647	epochs	2.0
1065.465290040326	0.02496320000000196	epochs	3.0
1065.490253240326	0.024820599999884507	epochs	3.0
1065.5150738403258	0.04921950000016295	epochs	2.0
1065.5150738403258	0.024679400000195528	epochs	3.0
1065.539753240326	0.024540099999967424	epochs	3.0
1065.564293340326	0.04866789999982757	epochs	2.0
1065.564293340326	0.024402099999861093	epochs	3.0
1065.5886954403259	0.024265799999966475	epochs	3.0
1065.6129612403258	0.04812860000015462	epochs	2.0
1065.6129612403258	0.024131000000124914	epochs	3.0
1065.637092240326	0.023997600000029706	epochs	3.0
1065.661089840326	0.04760109999983797	epochs	2.0
1065.661089840326	0.02386579999983951	epochs	3.0
1065.6849556403258	0.02373529999999846	epochs	3.0
1065.7086909403258	0.04708500000015192	epochs	2.0
1065.7086909403258	0.023606300000210467	epochs	3.0
1065.732297240326	0.023478699999941455	epochs	3.0
1065.755775940326	0.046579999999948996	epochs	2.0
1065.755775940326	0.023352499999873544	epochs	3.0
1065.7791284403258	0.02322750000007545	epochs	3.0
1065.802355940326	0.046085700000048746	epochs	2.0
1065.802355940326	0.023104000000103042	epochs	3.0
1065.825459940326	0.022981699999945704	epochs	3.0
1065.848441640326	0.045601799999985815	epochs	2.0
1065.848441640326	0.02286069999991014	epochs	3.0
1065.8713023403259	0.022741100000075676	epochs	3.0
1065.894043440326	0.045127899999897636	epochs	2.0
1065.894043440326	0.022622499999897627	epochs	3.0
1065.9166659403259	0.02250540000000001	epochs	3.0
1065.9391713403259	0.0446638000000803	epochs	2.0
1065.9391713403259	0.02238929999998618	epochs	3.0
1065.9615606403258	0.022274500000094122	epochs	3.0
1065.983835140326	0.04420920000006845	epochs	2.0
1065.983835140326	0.022160799999937808	epochs	3.0
1066.0059959403259	0.02204840000013064	epochs	3.0
1066.028044340326	0.04376359999992019	epochs	2.0
1066.028044340326	0.02193689999990056	epochs	3.0
1066.049981240326	0.021826700000019628	epochs	3.0
1066.071807940326	0.04332709999994222	epochs	2.0
1066.071807940326	0.02171760000010181	epochs	3.0
1066.093525540326	0.02160949999984041	epochs	3.0
1066.1151350403259	0.04289900000003399	epochs	2.0
1066.1151350403259	0.02150249999999687	epochs	3.0
1066.1366375403259	0.021396500000037122	epochs	3.0
1066.158034040326	0.04247950000012679	epochs	2.0
1066.158034040326	0.021291700000119818	epochs	3.0
1066.179325740326	0.021187800000006973	epochs	3.0
1066.200513540326	0.04206789999989269	epochs	2.0
1066.200513540326	0.02108490000000529	epochs	3.0
1066.221598440326	0.020982999999887397	epochs	3.0
1066.242581440326	0.04166439999994509	epochs	2.0
1066.242581440326	0.020882199999959994	epochs	3.0
1066.2634636403259	0.020782199999985096	epochs	3.0
1066.2842458403259	0.04126850000011473	epochs	2.0
1066.2842458403259	0.020683299999973315	epochs	3.0
1066.3049291403258	0.020585200000141413	epochs	3.0
1066.325514340326	0.04088000000001557	epochs	2.0
1066.325514340326	0.020488099999965925	epochs	3.0
1066.346002440326	0.020391900000049645	epochs	3.0
1066.366394340326	0.04049880000002304	epochs	2.0
1066.366394340326	0.020296599999937825	epochs	3.0
1066.386690940326	0.020202200000085213	epochs	3.0
1066.406893140326	0.040124599999899146	epochs	2.0
1066.406893140326	0.020108699999809687	epochs	3.0
1066.4270018403258	0.02001590000008946	epochs	3.0
1066.447017740326	0.03975730000001931	epochs	2.0
1066.447017740326	0.019924200000104975	epochs	3.0
1066.466941940326	0.01983309999991434	epochs	3.0
1066.486775040326	0.03939669999999751	epochs	2.0
1066.486775040326	0.01974300000006224	epochs	3.0
1066.506518040326	0.01965369999993527	epochs	3.0
1066.526171740326	0.03904239999997117	epochs	2.0
1066.526171740326	0.019565099999908853	epochs	3.0
1066.5457368403258	0.019477300000062314	epochs	3.0
1066.565214140326	0.038694600000098944	epochs	2.0
1066.565214140326	0.019390400000020236	epochs	3.0
1066.584604540326	0.01930420000007871	epochs	3.0
1066.603908740326	0.038352899999836154	epochs	2.0
1066.603908740326	0.019218799999862313	epochs	3.0
1066.6231275403259	0.01913409999997384	epochs	3.0
1066.6422616403258	0.03801720000001296	epochs	2.0
1066.6422616403258	0.019050200000037876	epochs	3.0
1066.6613118403259	0.018966999999975087	epochs	3.0
1066.6802788403259	0.03768720000016401	epochs	2.0
1066.6802788403259	0.01888450000001285	epochs	3.0
1066.6991633403259	0.018802700000151162	epochs	3.0
1066.717966040326	0.03736309999999321	epochs	2.0
1066.717966040326	0.018721700000014607	epochs	3.0
1066.736687740326	0.018641399999978603	epochs	3.0
1066.755329140326	0.03704429999993408	epochs	2.0
1066.755329140326	0.018561599999884493	epochs	3.0
1066.773890740326	0.01848270000004959	epochs	3.0
1066.792373440326	0.03673099999991791	epochs	2.0
1066.792373440326	0.018404299999929208	epochs	3.0
1066.8107777403259	0.018326699999988705	epochs	3.0
1066.8291044403259	0.03642290000016146	epochs	2.0
1066.8291044403259	0.018249599999990096	epochs	3.0
1066.8473540403259	0.018173300000171366	epochs	3.0
1066.865527340326	0.036120099999834565	epochs	2.0
1066.865527340326	0.01809759999991911	epochs	3.0
1066.883624940326	0.018022499999915453	epochs	3.0
1066.9016474403259	0.035822100000132195	epochs	2.0
1066.9016474403259	0.017947900000081063	epochs	3.0
1066.919595340326	0.017874200000051133	epochs	3.0
1066.937469540326	0.03552899999999681	epochs	2.0
1066.937469540326	0.017800800000031813	epochs	3.0
1066.955270340326	0.017728199999965	epochs	3.0
1066.972998540326	0.03524070000003121	epochs	2.0
1066.972998540326	0.01765609999984008	epochs	3.0
1066.9906546403258	0.01758460000019113	epochs	3.0
1067.008239240326	0.03495709999992869	epochs	2.0
1067.008239240326	0.017513699999881283	epochs	3.0
1067.025752940326	0.017443400000047404	epochs	3.0
1067.043196340326	0.034677899999906	epochs	2.0
1067.043196340326	0.017373599999928047	epochs	3.0
1067.0605699403259	0.017304299999977957	epochs	3.0
1067.0778742403259	0.03440330000012182	epochs	2.0
1067.0778742403259	0.017235700000128418	epochs	3.0
1067.095109940326	0.0171675999999934	epochs	3.0
1067.112277540326	0.03413279999995211	epochs	2.0
1067.112277540326	0.01709989999994832	epochs	3.0
1067.129377440326	0.017032900000003792	epochs	3.0
1067.146410340326	0.03386670000008962	epochs	2.0
1067.146410340326	0.01696640000000116	epochs	3.0
1067.163376740326	0.016900300000088464	epochs	3.0
1067.180277040326	0.03360459999998966	epochs	2.0
1067.180277040326	0.01683479999996962	epochs	3.0
1067.197111840326	0.01676980000002004	epochs	3.0
1067.213881640326	0.033346599999958926	epochs	2.0
1067.213881640326	0.016705300000012357	epochs	3.0
1067.230586940326	0.01664129999994657	epochs	3.0
1067.247228240326	0.03309250000006614	epochs	2.0
1067.247228240326	0.016577800000050047	epochs	3.0
1067.263806040326	0.01651470000001609	epochs	3.0
1067.280320740326	0.03284229999985655	epochs	2.0
1067.280320740326	0.01645220000000336	epochs	3.0
1067.296772940326	0.01639009999985319	epochs	3.0
1067.313163040326	0.03259570000000167	epochs	2.0
1067.313163040326	0.016328400000020338	epochs	3.0
1067.329491440326	0.016267299999981333	epochs	3.0
1067.345758740326	0.032352899999978035	epochs	2.0
1067.345758740326	0.016206600000032267	epochs	3.0
1067.361965340326	0.016146299999945768	epochs	3.0
1067.3781116403259	0.032113700000081735	epochs	2.0
1067.3781116403259	0.016086600000107865	epochs	3.0
1067.394198240326	0.01602709999997387	epochs	3.0
1067.410225340326	0.03187800000000607	epochs	2.0
1067.410225340326	0.015968200000088473	epochs	3.0
1067.426193540326	0.015909799999917595	epochs	3.0
1067.442103340326	0.03164569999989908	epochs	2.0
1067.442103340326	0.015851599999905375	epochs	3.0
1067.4579549403259	0.015794099999993705	epochs	3.0
1067.4737490403259	0.03141670000013619	epochs	2.0
1067.4737490403259	0.015736700000161363	epochs	3.0
1067.489485740326	0.015679999999974825	epochs	3.0
1067.505165740326	0.03119109999988723	epochs	2.0
1067.505165740326	0.015623600000026272	epochs	3.0
1067.520789340326	0.015567499999860956	epochs	3.0
1067.5363568403259	0.03096870000013041	epochs	2.0
1067.5363568403259	0.015511999999944237	epochs	3.0
1067.5518688403258	0.015456700000186174	epochs	3.0
1067.567325540326	0.030749499999956242	epochs	2.0
1067.567325540326	0.015401999999994587	epochs	3.0
1067.582727540326	0.015347499999961656	epochs	3.0
1067.598075040326	0.03053320000003623	epochs	2.0
1067.598075040326	0.015293400000018664	epochs	3.0
1067.613368440326	0.015239800000017567	epochs	3.0
1067.628608240326	0.030320099999926242	epochs	2.0
1067.628608240326	0.015186500000027081	epochs	3.0
1067.643794740326	0.015133599999899161	epochs	3.0
1067.658928340326	0.03010990000007041	epochs	2.0
1067.658928340326	0.015081000000009226	epochs	3.0
1067.674009340326	0.015028900000061185	epochs	3.0
1067.689038240326	0.029902499999934662	epochs	2.0
1067.689038240326	0.014976999999817053	epochs	3.0
1067.7040152403258	0.014925500000117609	epochs	3.0
1067.718940740326	0.029698099999905025	epochs	2.0
1067.718940740326	0.014874400000053356	epochs	3.0
1067.733815140326	0.01482369999985167	epochs	3.0
1067.7486388403258	0.029496300000118936	epochs	2.0
1067.7486388403258	0.014773200000036013	epochs	3.0
1067.7634120403259	0.014723100000082923	epochs	3.0
1067.778135140326	0.029297399999904883	epochs	2.0
1067.778135140326	0.014673399999992398	epochs	3.0
1067.792808540326	0.014623999999912485	epochs	3.0
1067.8074325403259	0.02910110000016175	epochs	2.0
1067.8074325403259	0.014574900000070556	epochs	3.0
1067.822007440326	0.014526200000091194	epochs	3.0
1067.836533640326	0.028907399999980044	epochs	2.0
1067.836533640326	0.01447769999981574	epochs	3.0
1067.8510113403258	0.014429700000164303	epochs	3.0
1067.865441040326	0.028716199999962555	epochs	2.0
1067.865441040326	0.014381799999910072	epochs	3.0
1067.879822840326	0.014334400000052483	epochs	3.0
1067.894157240326	0.02852759999996124	epochs	2.0
1067.894157240326	0.014287199999898803	epochs	3.0
1067.9084444403259	0.014240400000062436	epochs	3.0
1067.922684840326	0.028341400000044814	epochs	2.0
1067.922684840326	0.014193799999929979	epochs	3.0
1067.9368786403259	0.014147600000114835	epochs	3.0
1067.951026240326	0.028157700000065233	epochs	2.0
1067.951026240326	0.014101699999855555	epochs	3.0
1067.9651279403258	0.014056000000209679	epochs	3.0
1067.979183940326	0.02797629999986384	epochs	2.0
1067.979183940326	0.014010599999892293	epochs	3.0
1067.993194540326	0.013965699999971548	epochs	3.0
1068.007160240326	0.027797200000122757	epochs	2.0
1068.007160240326	0.013920800000050804	epochs	3.0
1068.021081040326	0.013876400000071953	epochs	3.0
1068.034957440326	0.027620399999932488	epochs	2.0
1068.034957440326	0.013832199999797012	epochs	3.0
1068.0487896403258	0.013788200000135475	epochs	3.0
1068.062577840326	0.027445899999975154	epochs	2.0
1068.062577840326	0.013744599999881757	epochs	3.0
1068.0763224403258	0.013701300000093397	epochs	3.0
1068.090023740326	0.0272735000000921	epochs	2.0
1068.090023740326	0.013658200000008947	epochs	3.0
1068.103681940326	0.013615300000083153	epochs	3.0
1068.117297240326	0.027103399999987232	epochs	2.0
1068.117297240326	0.01357279999979255	epochs	3.0
1068.1308700403258	0.013530600000194681	epochs	3.0
1068.144400640326	0.02693520000002536	epochs	2.0
1068.144400640326	0.01348839999991469	epochs	3.0
1068.157889040326	0.01344680000011067	epochs	3.0
1068.171335840326	0.026769199999989723	epochs	2.0
1068.171335840326	0.013405199999851902	epochs	3.0
1068.184741040326	0.013364000000137821	epochs	3.0
1068.198105040326	0.026605199999949036	epochs	2.0
1068.198105040326	0.013322899999820947	epochs	3.0
1068.2114279403258	0.013282300000128089	epochs	3.0
1068.224710240326	0.0264431999999033	epochs	2.0
1068.224710240326	0.013241699999980483	epochs	3.0
1068.237951940326	0.013201499999922817	epochs	3.0
1068.2511534403259	0.026283200000079887	epochs	2.0
1068.2511534403259	0.013161500000023807	epochs	3.0
1068.264314940326	0.01312170000005608	epochs	3.0
1068.277436640326	0.026124999999865395	epochs	2.0
1068.277436640326	0.013082100000019636	epochs	3.0
1068.290518740326	0.013042899999845758	epochs	3.0
1068.3035616403258	0.02596890000017993	epochs	2.0
1068.3035616403258	0.01300390000005791	epochs	3.0
1068.3165655403259	0.012965000000122018	epochs	3.0
1068.329530540326	0.025814500000024054	epochs	2.0
1068.329530540326	0.012926399999969362	epochs	3.0
1068.342456940326	0.012888100000054692	epochs	3.0
1068.355345040326	0.025661899999931848	epochs	2.0
1068.355345040326	0.012849899999991976	epochs	3.0
1068.368194940326	0.012811999999939871	epochs	3.0
1068.381006940326	0.025511199999982637	epochs	2.0
1068.381006940326	0.012774399999898378	epochs	3.0
1068.3937813403259	0.012736800000084258	epochs	3.0
1068.406518140326	0.025362300000097093	epochs	2.0
1068.406518140326	0.01269969999998466	epochs	3.0
1068.419217840326	0.012662600000112434	epochs	3.0
1068.431880440326	0.025214999999889187	epochs	2.0
1068.431880440326	0.012625799999796072	epochs	3.0
1068.4445062403258	0.012589200000093115	epochs	3.0
1068.457095440326	0.024584799999956886	epochs	2.0
1068.4806323403259	0.5	epochs	-1.0
1068.4816802403259	0.5156799999999748	epochs	1.0
1068.9973602403259	0.4842399999999998	epochs	0.0
1070.0210003852844	0.08367999999995845	epochs	0.0
1070.0210003852844	0.03684429999998429	epochs	1.0
1070.0578446852844	0.00999139999998988	epochs	1.0
1070.0678360852844	0.03684429999998429	epochs	1.0
1070.1046803852844	2.0	epochs	0.0
1072.1046803852844	0.515920000000051	epochs	0.0
1072.1046803852844	0.515920000000051	epochs	1.0
1072.1047524852845	0.5	epochs	-1.0
1072.6047524852845	0.015847899999926085	epochs	-1.0
1072.6206003852844	21.483999999999924	epochs	0.0
1073.9539999961853	0.08367999999995845	epochs	0.0
1073.9539999961853	0.03684429999998429	epochs	1.0
1073.9908442961853	0.00999139999998988	epochs	1.0
1074.0008356961853	0.03684429999998429	epochs	1.0
1074.0376799961853	2.0	epochs	0.0
1076.0376799961853	0.515920000000051	epochs	0.0
1076.0376799961853	0.515920000000051	epochs	1.0
1076.0377520961854	0.5	epochs	-1.0
1076.5377520961854	0.015847899999926085	epochs	-1.0
1076.5535999961853	21.483999999999924	epochs	0.0
1077.9400000572205	0.08367999999995845	epochs	0.0
1077.9400000572205	0.03684429999998429	epochs	1.0
1077.9768443572204	0.00999139999998988	epochs	1.0
1077.9868357572204	0.03684429999998429	epochs	1.0
1078.0236800572204	2.0	epochs	0.0
1080.0236800572204	0.515920000000051	epochs	0.0
1080.0236800572204	0.515920000000051	epochs	1.0
1080.0237521572205	0.5	epochs	-1.0
1080.5237521572205	0.015847899999926085	epochs	-1.0
1080.5396000572205	21.483999999999924	epochs	0.0
1081.7890000343323	0.08367999999995845	epochs	0.0
1081.7890000343323	0.03684429999998429	epochs	1.0
1081.8258443343323	0.00999139999998988	epochs	1.0
1081.8358357343322	0.03684429999998429	epochs	1.0
1081.8726800343322	2.0	epochs	0.0
1083.8726800343322	5.395840000000135	epochs	0.0
1083.8726800343322	1.0	epochs	1.0
1083.8727521343324	0.5	epochs	-1.0
1084.3727521343324	4.89576790000001	epochs	-1.0
1084.8726800343322	4.395840000000135	epochs	1.0
1084.8726800343322	4.356753900000058	epochs	-1.0
1084.8726800343322	1.9745872000000873	epochs	2.0
1084.8726800343322	1.0985622000000603	epochs	3.0
1085.9712422343323	0.8760250000000269	epochs	3.0
1086.8472672343323	1.3524075000000266	epochs	2.0
1086.8472672343323	0.7286354999998821	epochs	3.0
1087.5759027343322	0.6237720000001445	epochs	3.0
1088.1996747343323	1.029759199999944	epochs	2.0
1088.1996747343323	0.5453292999998212	epochs	3.0
1088.7450040343322	0.48442990000012287	epochs	3.0
1089.2294339343323	0.03908610000007684	epochs	2.0
1089.2294339343323	0.03908610000007684	epochs	3.0
1089.2685200343324	16.60407999999984	epochs	0.0
1090.233000278473	0.08367999999995845	epochs	0.0
1090.233000278473	0.03684429999998429	epochs	1.0
1090.2698445784729	0.00999139999998988	epochs	1.0
1090.2798359784729	0.03684429999998429	epochs	1.0
1090.3166802784729	2.0	epochs	0.0
1092.3166802784729	21.516720000000078	epochs	0.0
1092.3166802784729	1.0	epochs	1.0
1092.316752378473	0.5	epochs	-1.0
1092.816752378473	19.998959999999897	epochs	-1.0
1093.3166802784729	20.0	epochs	1.0
1093.3166802784729	4.356753900000058	epochs	-1.0
1093.3166802784729	1.9745872000000873	epochs	2.0
1093.3166802784729	1.0985622000000603	epochs	3.0
1094.415242478473	0.8760250000000269	epochs	3.0
1095.291267478473	1.3524075000000266	epochs	2.0
1095.291267478473	0.7286354999998821	epochs	3.0
1096.0199029784728	0.6237720000001445	epochs	3.0
1096.643674978473	1.029759199999944	epochs	2.0
1096.643674978473	0.5453292999998212	epochs	3.0
1097.1890042784728	0.48442990000012287	epochs	3.0
1097.673434178473	0.8317861999998968	epochs	2.0
1097.673434178473	0.4357763000000432	epochs	3.0
1098.109210478473	0.3960098999998536	epochs	3.0
1098.5052203784728	0.6977970000000369	epochs	2.0
1098.5052203784728	0.3628982000000178	epochs	3.0
1098.8681185784728	0.33489880000001904	epochs	3.0
1099.2030173784729	0.601045699999986	epochs	2.0
1099.2030173784729	0.3109123000001546	epochs	3.0
1099.513929678473	0.29013339999983145	epochs	3.0
1099.8040630784728	0.5278859000000011	epochs	2.0
1099.8040630784728	0.2719586000000618	epochs	3.0
1100.076021678473	0.25592729999993935	epochs	3.0
1100.3319489784728	0.470619299999953	epochs	2.0
1100.3319489784728	0.241681299999982	epochs	3.0
1100.5736302784728	0.228937999999971	epochs	3.0
1100.8025682784728	0.4245704000002206	epochs	2.0
1100.8025682784728	0.21747140000002219	epochs	3.0
1101.0200396784728	0.20709900000019843	epochs	3.0
1101.227138678473	0.3867353999999068	epochs	2.0
1101.227138678473	0.19767109999997956	epochs	3.0
1101.424809778473	0.18906429999992724	epochs	3.0
1101.613874078473	0.35509529999990264	epochs	2.0
1101.613874078473	0.18117589999997108	epochs	3.0
1101.795049978473	0.17391939999993156	epochs	3.0
1101.9689693784728	0.3282431000000088	epochs	2.0
1101.9689693784728	0.167221900000186	epochs	3.0
1102.136191278473	0.16102119999982278	epochs	3.0
1102.2972124784728	0.30516800000009425	epochs	2.0
1102.2972124784728	0.15526390000013635	epochs	3.0
1102.452476378473	0.1499040999999579	epochs	3.0
1102.602380478473	0.28512529999989056	epochs	2.0
1102.602380478473	0.1449021000000812	epochs	3.0
1102.747282578473	0.14022319999980937	epochs	3.0
1102.8875057784728	0.267553800000087	epochs	2.0
1102.8875057784728	0.13583690000018578	epochs	3.0
1103.023342678473	0.13171689999990122	epochs	3.0
1103.155059578473	0.252022899999929	epochs	2.0
1103.155059578473	0.1278393000000051	epochs	3.0
1103.282898878473	0.1241835999999239	epochs	3.0
1103.4070824784728	0.23819649999995818	epochs	2.0
1103.4070824784728	0.12073110000005727	epochs	3.0
1103.527813578473	0.11746539999990091	epochs	3.0
1103.6452789784728	0.2258088000000953	epochs	2.0
1103.6452789784728	0.11437190000015107	epochs	3.0
1103.759650878473	0.11143689999994422	epochs	3.0
1103.8710877784729	0.21464599999990241	epochs	2.0
1103.8710877784729	0.10864889999993466	epochs	3.0
1103.9797366784728	0.10599709999996776	epochs	3.0
1104.0857337784728	0.20453500000007807	epochs	2.0
1104.0857337784728	0.10347150000006877	epochs	3.0
1104.1892052784729	0.1010635000000093	epochs	3.0
1104.2902687784729	0.19533400000000256	epochs	2.0
1104.2902687784729	0.09876510000003691	epochs	3.0
1104.389033878473	0.09656889999996565	epochs	3.0
1104.4856027784729	0.18692529999998442	epochs	2.0
1104.4856027784729	0.09446830000001682	epochs	3.0
1104.5800710784729	0.09245699999996759	epochs	3.0
1104.6725280784729	0.1792107000001124	epochs	2.0
1104.6725280784729	0.0905296000000817	epochs	3.0
1104.763057678473	0.08868110000003071	epochs	3.0
1104.851738778473	0.17210769999996955	epochs	2.0
1104.851738778473	0.08690630000000965	epochs	3.0
1104.938645078473	0.0852013999999599	epochs	3.0
1105.023846478473	0.16554640000003928	epochs	2.0
1105.023846478473	0.08356189999994967	epochs	3.0
1105.1074083784729	0.08198450000008961	epochs	3.0
1105.189392878473	0.15946710000002895	epochs	2.0
1105.189392878473	0.08046539999986635	epochs	3.0
1105.2698582784728	0.0790017000001626	epochs	3.0
1105.348859978473	0.1538183999998637	epochs	2.0
1105.348859978473	0.07759009999995214	epochs	3.0
1105.426450078473	0.07622829999991154	epochs	3.0
1105.5026783784729	0.14855639999996129	epochs	2.0
1105.5026783784729	0.07491329999993468	epochs	3.0
1105.5775916784728	0.0736431000000266	epochs	3.0
1105.6512347784728	0.14364240000008976	epochs	2.0
1105.6512347784728	0.07241500000009182	epochs	3.0
1105.723649778473	0.07122739999999794	epochs	3.0
1105.794877178473	0.13904309999998077	epochs	2.0
1105.794877178473	0.07007799999996678	epochs	3.0
1105.8649551784729	0.06896510000001399	epochs	3.0
1105.933920278473	0.1347293000001173	epochs	2.0
1105.933920278473	0.0678871000000072	epochs	3.0
1106.001807378473	0.0668422000001101	epochs	3.0
1106.068649578473	0.13067519999981414	epochs	2.0
1106.068649578473	0.06582909999997355	epochs	3.0
1106.134478678473	0.06484609999984059	epochs	3.0
1106.1993247784728	0.12685780000015257	epochs	2.0
1106.1993247784728	0.06389200000012352	epochs	3.0
1106.263216778473	0.06296580000002905	epochs	3.0
1106.326182578473	0.12325719999989815	epochs	2.0
1106.326182578473	0.06206580000002759	epochs	3.0
1106.388248378473	0.061191399999870555	epochs	3.0
1106.4494397784729	0.11985540000000583	epochs	2.0
1106.4494397784729	0.060341099999959624	epochs	3.0
1106.5097808784728	0.059514300000046205	epochs	3.0
1106.5692951784729	0.11663620000012997	epochs	2.0
1106.5692951784729	0.058709599999929196	epochs	3.0
1106.6280047784728	0.05792660000020078	epochs	3.0
1106.685931378473	0.11358559999985118	epochs	2.0
1106.685931378473	0.05716419999998834	epochs	3.0
1106.743095578473	0.05642139999986284	epochs	3.0
1106.7995169784729	0.11069050000014613	epochs	2.0
1106.7995169784729	0.055697900000041045	epochs	3.0
1106.855214878473	0.054992600000105085	epochs	3.0
1106.910207478473	0.10793909999983953	epochs	2.0
1106.910207478473	0.054304899999806366	epochs	3.0
1106.9645123784728	0.05363420000003316	epochs	3.0
1107.0181465784729	0.10532149999994544	epochs	2.0
1107.0181465784729	0.052980000000161453	epochs	3.0
1107.071126578473	0.05234149999978399	epochs	3.0
1107.1234680784728	0.10282760000018243	epochs	2.0
1107.1234680784728	0.05171810000001642	epochs	3.0
1107.1751861784728	0.05110950000016601	epochs	3.0
1107.226295678473	0.10044909999987794	epochs	2.0
1107.226295678473	0.0505148999998255	epochs	3.0
1107.2768105784728	0.04993420000005244	epochs	3.0
1107.3267447784729	0.0981782999999723	epochs	2.0
1107.3267447784729	0.04936659999998483	epochs	3.0
1107.3761113784728	0.04881169999998747	epochs	3.0
1107.4249230784728	0.09600780000005216	epochs	2.0
1107.4249230784728	0.04826920000004975	epochs	3.0
1107.4731922784729	0.04773860000000241	epochs	3.0
1107.5209308784729	0.09393120000004274	epochs	2.0
1107.5209308784729	0.04721949999998287	epochs	3.0
1107.5681503784729	0.046711700000059864	epochs	3.0
1107.614862078473	0.09194260000003851	epochs	2.0
1107.614862078473	0.046214599999984785	epochs	3.0
1107.661076678473	0.045728000000053726	epochs	3.0
1107.706804678473	0.09003629999983787	epochs	2.0
1107.706804678473	0.045251499999949374	epochs	3.0
1107.752056178473	0.04478479999988849	epochs	3.0
1107.7968409784728	0.08820760000003247	epochs	2.0
1107.7968409784728	0.044327800000019124	epochs	3.0
1107.8411687784728	0.04387980000001335	epochs	3.0
1107.8850485784728	0.0864516999999978	epochs	2.0
1107.8850485784728	0.04344100000002982	epochs	3.0
1107.9284895784729	0.04301069999996798	epochs	3.0
1107.9715002784728	0.08476429999996071	epochs	2.0
1107.9715002784728	0.04258900000013455	epochs	3.0
1108.014089278473	0.042175299999826166	epochs	3.0
1108.0562645784728	0.08314150000001064	epochs	2.0
1108.0562645784728	0.04176970000003166	epochs	3.0
1108.0980342784728	0.041371799999978975	epochs	3.0
1108.1394060784728	0.08157970000002024	epochs	2.0
1108.1394060784728	0.04098140000019157	epochs	3.0
1108.180387478473	0.04059829999982867	epochs	3.0
1108.2209857784728	0.08007550000002084	epochs	2.0
1108.2209857784728	0.040222300000095856	epochs	3.0
1108.261208078473	0.03985319999992498	epochs	3.0
1108.3010612784728	0.07862569999997504	epochs	2.0
1108.3010612784728	0.039490800000066884	epochs	3.0
1108.340552078473	0.03913489999990816	epochs	3.0
1108.3796869784728	0.07722760000001472	epochs	2.0
1108.3796869784728	0.038785400000051595	epochs	3.0
1108.4184723784729	0.03844219999996312	epochs	3.0
1108.4569145784728	0.07587820000003376	epochs	2.0
1108.4569145784728	0.03810480000015559	epochs	3.0
1108.495019378473	0.037773399999878166	epochs	3.0
1108.5327927784729	0.0745752000000266	epochs	2.0
1108.5327927784729	0.03744770000002973	epochs	3.0
1108.570240478473	0.03712749999999687	epochs	3.0
1108.607367978473	0.07331629999998768	epochs	2.0
1108.607367978473	0.0368129000000863	epochs	3.0
1108.644180878473	0.036503399999901376	epochs	3.0
1108.6806842784729	0.07209899999998015	epochs	2.0
1108.6806842784729	0.03619909999997617	epochs	3.0
1108.7168833784729	0.03589990000000398	epochs	3.0
1108.7527832784729	0.07092170000009901	epochs	2.0
1108.7527832784729	0.03560560000005353	epochs	3.0
1108.788388878473	0.03531610000004548	epochs	3.0
1108.823704978473	0.06978200000003199	epochs	2.0
1108.823704978473	0.03503120000004856	epochs	3.0
1108.858736178473	0.03475079999998343	epochs	3.0
1108.893486978473	0.06867859999988468	epochs	2.0
1108.893486978473	0.03447510000000875	epochs	3.0
1108.927962078473	0.03420349999987593	epochs	3.0
1108.9621655784729	0.06760929999995824	epochs	2.0
1108.9621655784729	0.033936199999970995	epochs	3.0
1108.9961017784728	0.033673099999987244	epochs	3.0
1109.0297748784728	0.06657289999998284	epochs	2.0
1109.0297748784728	0.03341399999999339	epochs	3.0
1109.0631888784728	0.033158899999989444	epochs	3.0
1109.0963477784728	0.06556780000005347	epochs	2.0
1109.0963477784728	0.03290770000012344	epochs	3.0
1109.129255478473	0.032660099999930026	epochs	3.0
1109.1619155784729	0.06459259999996902	epochs	2.0
1109.1619155784729	0.03241640000010193	epochs	3.0
1109.194331978473	0.032176199999867094	epochs	3.0
1109.2265081784728	0.06364600000006249	epochs	2.0
1109.2265081784728	0.03193959999998697	epochs	3.0
1109.2584477784728	0.03170640000007552	epochs	3.0
1109.290154178473	0.0627266999999847	epochs	2.0
1109.290154178473	0.031476599999905375	epochs	3.0
1109.3216307784728	0.03125010000007933	epochs	3.0
1109.352880878473	0.06183359999999993	epochs	2.0
1109.352880878473	0.03102689999991526	epochs	3.0
1109.3839077784728	0.030806700000084675	epochs	3.0
1109.414714478473	0.060965599999917686	epochs	2.0
1109.414714478473	0.030589799999916067	epochs	3.0
1109.4453042784728	0.030375800000001618	epochs	3.0
1109.4756800784728	0.06012160000000222	epochs	2.0
1109.4756800784728	0.030164900000045236	epochs	3.0
1109.5058449784729	0.02995669999995698	epochs	3.0
1109.5358016784728	0.05930069999999432	epochs	2.0
1109.5358016784728	0.029751600000054168	epochs	3.0
1109.5655532784729	0.029549099999940154	epochs	3.0
1109.5951023784728	0.058501800000158255	epochs	2.0
1109.5951023784728	0.02934940000000097	epochs	3.0
1109.6244517784728	0.029152400000157286	epochs	3.0
1109.653604178473	0.05772419999993872	epochs	2.0
1109.653604178473	0.028957999999875028	epochs	3.0
1109.6825621784728	0.02876620000006369	epochs	3.0
1109.711328378473	0.05696710000006533	epochs	2.0
1109.711328378473	0.028577000000041153	epochs	3.0
1109.739905378473	0.028390100000024177	epochs	3.0
1109.768295478473	0.05622949999997218	epochs	2.0
1109.768295478473	0.028205699999944045	epochs	3.0
1109.796501178473	0.028023800000028132	epochs	3.0
1109.824524978473	0.05551070000001346	epochs	2.0
1109.824524978473	0.027843999999959124	epochs	3.0
1109.852368978473	0.027666700000054334	epochs	3.0
1109.880035678473	0.054810200000019904	epochs	2.0
1109.880035678473	0.02749149999999645	epochs	3.0
1109.907527178473	0.027318700000023455	epochs	3.0
1109.934845878473	0.054126999999880354	epochs	2.0
1109.934845878473	0.027147799999966082	epochs	3.0
1109.961993678473	0.026979199999914272	epochs	3.0
1109.9889728784729	0.053460699999959616	epochs	2.0
1109.9889728784729	0.026812600000084785	epochs	3.0
1110.015785478473	0.02664809999987483	epochs	3.0
1110.0424335784728	0.05281070000000909	epochs	2.0
1110.0424335784728	0.026485600000114573	epochs	3.0
1110.068919178473	0.02632509999989452	epochs	3.0
1110.0952442784728	0.05217620000007628	epochs	2.0
1110.0952442784728	0.02616640000019288	epochs	3.0
1110.121410678473	0.0260097999998834	epochs	3.0
1110.147420478473	0.051556699999991906	epochs	2.0
1110.147420478473	0.025854799999933675	epochs	3.0
1110.1732752784728	0.02570190000005823	epochs	3.0
1110.198977178473	0.05095189999997274	epochs	2.0
1110.198977178473	0.025550699999939752	epochs	3.0
1110.2245278784728	0.025401200000032986	epochs	3.0
1110.2499290784729	0.05036100000006627	epochs	2.0
1110.2499290784729	0.025253499999962514	epochs	3.0
1110.2751825784728	0.025107500000103755	epochs	3.0
1110.300290078473	0.04978379999988647	epochs	2.0
1110.300290078473	0.02496320000000196	epochs	3.0
1110.325253278473	0.024820599999884507	epochs	3.0
1110.3500738784728	0.04921950000016295	epochs	2.0
1110.3500738784728	0.024679400000195528	epochs	3.0
1110.374753278473	0.024540099999967424	epochs	3.0
1110.399293378473	0.04866789999982757	epochs	2.0
1110.399293378473	0.024402099999861093	epochs	3.0
1110.4236954784728	0.024265799999966475	epochs	3.0
1110.4479612784728	0.04812860000015462	epochs	2.0
1110.4479612784728	0.024131000000124914	epochs	3.0
1110.472092278473	0.023997600000029706	epochs	3.0
1110.496089878473	0.04760109999983797	epochs	2.0
1110.496089878473	0.02386579999983951	epochs	3.0
1110.5199556784728	0.02373529999999846	epochs	3.0
1110.5436909784728	0.04708500000015192	epochs	2.0
1110.5436909784728	0.023606300000210467	epochs	3.0
1110.567297278473	0.023478699999941455	epochs	3.0
1110.590775978473	0.046579999999948996	epochs	2.0
1110.590775978473	0.023352499999873544	epochs	3.0
1110.6141284784728	0.02322750000007545	epochs	3.0
1110.637355978473	0.046085700000048746	epochs	2.0
1110.637355978473	0.023104000000103042	epochs	3.0
1110.660459978473	0.022981699999945704	epochs	3.0
1110.683441678473	0.045601799999985815	epochs	2.0
1110.683441678473	0.02286069999991014	epochs	3.0
1110.7063023784729	0.022741100000075676	epochs	3.0
1110.729043478473	0.045127899999897636	epochs	2.0
1110.729043478473	0.022622499999897627	epochs	3.0
1110.7516659784728	0.02250540000000001	epochs	3.0
1110.7741713784728	0.0446638000000803	epochs	2.0
1110.7741713784728	0.02238929999998618	epochs	3.0
1110.7965606784728	0.022274500000094122	epochs	3.0
1110.818835178473	0.04420920000006845	epochs	2.0
1110.818835178473	0.022160799999937808	epochs	3.0
1110.8409959784728	0.02204840000013064	epochs	3.0
1110.863044378473	0.04376359999992019	epochs	2.0
1110.863044378473	0.02193689999990056	epochs	3.0
1110.8849812784729	0.021826700000019628	epochs	3.0
1110.906807978473	0.04332709999994222	epochs	2.0
1110.906807978473	0.02171760000010181	epochs	3.0
1110.928525578473	0.02160949999984041	epochs	3.0
1110.9501350784728	0.04289900000003399	epochs	2.0
1110.9501350784728	0.02150249999999687	epochs	3.0
1110.9716375784728	0.021396500000037122	epochs	3.0
1110.9930340784729	0.04247950000012679	epochs	2.0
1110.9930340784729	0.021291700000119818	epochs	3.0
1111.014325778473	0.021187800000006973	epochs	3.0
1111.035513578473	0.04206789999989269	epochs	2.0
1111.035513578473	0.02108490000000529	epochs	3.0
1111.056598478473	0.020982999999887397	epochs	3.0
1111.077581478473	0.04166439999994509	epochs	2.0
1111.077581478473	0.020882199999959994	epochs	3.0
1111.0984636784729	0.020782199999985096	epochs	3.0
1111.1192458784728	0.04126850000011473	epochs	2.0
1111.1192458784728	0.020683299999973315	epochs	3.0
1111.1399291784728	0.020585200000141413	epochs	3.0
1111.160514378473	0.04088000000001557	epochs	2.0
1111.160514378473	0.020488099999965925	epochs	3.0
1111.181002478473	0.020391900000049645	epochs	3.0
1111.201394378473	0.04049880000002304	epochs	2.0
1111.201394378473	0.020296599999937825	epochs	3.0
1111.221690978473	0.020202200000085213	epochs	3.0
1111.241893178473	0.040124599999899146	epochs	2.0
1111.241893178473	0.020108699999809687	epochs	3.0
1111.2620018784728	0.02001590000008946	epochs	3.0
1111.282017778473	0.03975730000001931	epochs	2.0
1111.282017778473	0.019924200000104975	epochs	3.0
1111.301941978473	0.01983309999991434	epochs	3.0
1111.321775078473	0.03939669999999751	epochs	2.0
1111.321775078473	0.01974300000006224	epochs	3.0
1111.341518078473	0.01965369999993527	epochs	3.0
1111.361171778473	0.03904239999997117	epochs	2.0
1111.361171778473	0.019565099999908853	epochs	3.0
1111.3807368784728	0.019477300000062314	epochs	3.0
1111.4002141784729	0.038694600000098944	epochs	2.0
1111.4002141784729	0.019390400000020236	epochs	3.0
1111.419604578473	0.01930420000007871	epochs	3.0
1111.438908778473	0.038352899999836154	epochs	2.0
1111.438908778473	0.019218799999862313	epochs	3.0
1111.4581275784728	0.01913409999997384	epochs	3.0
1111.4772616784728	0.03801720000001296	epochs	2.0
1111.4772616784728	0.019050200000037876	epochs	3.0
1111.4963118784729	0.018966999999975087	epochs	3.0
1111.5152788784728	0.03768720000016401	epochs	2.0
1111.5152788784728	0.01888450000001285	epochs	3.0
1111.5341633784728	0.018802700000151162	epochs	3.0
1111.552966078473	0.03736309999999321	epochs	2.0
1111.552966078473	0.018721700000014607	epochs	3.0
1111.571687778473	0.018641399999978603	epochs	3.0
1111.590329178473	0.03704429999993408	epochs	2.0
1111.590329178473	0.018561599999884493	epochs	3.0
1111.6088907784729	0.01848270000004959	epochs	3.0
1111.627373478473	0.03673099999991791	epochs	2.0
1111.627373478473	0.018404299999929208	epochs	3.0
1111.6457777784728	0.018326699999988705	epochs	3.0
1111.6641044784728	0.03642290000016146	epochs	2.0
1111.6641044784728	0.018249599999990096	epochs	3.0
1111.6823540784728	0.018173300000171366	epochs	3.0
1111.700527378473	0.036120099999834565	epochs	2.0
1111.700527378473	0.01809759999991911	epochs	3.0
1111.718624978473	0.018022499999915453	epochs	3.0
1111.7366474784728	0.035822100000132195	epochs	2.0
1111.7366474784728	0.017947900000081063	epochs	3.0
1111.754595378473	0.017874200000051133	epochs	3.0
1111.772469578473	0.03552899999999681	epochs	2.0
1111.772469578473	0.017800800000031813	epochs	3.0
1111.790270378473	0.017728199999965	epochs	3.0
1111.807998578473	0.03524070000003121	epochs	2.0
1111.807998578473	0.01765609999984008	epochs	3.0
1111.8256546784728	0.01758460000019113	epochs	3.0
1111.843239278473	0.03495709999992869	epochs	2.0
1111.843239278473	0.017513699999881283	epochs	3.0
1111.8607529784729	0.017443400000047404	epochs	3.0
1111.878196378473	0.034677899999906	epochs	2.0
1111.878196378473	0.017373599999928047	epochs	3.0
1111.8955699784728	0.017304299999977957	epochs	3.0
1111.9128742784728	0.03440330000012182	epochs	2.0
1111.9128742784728	0.017235700000128418	epochs	3.0
1111.930109978473	0.0171675999999934	epochs	3.0
1111.947277578473	0.03413279999995211	epochs	2.0
1111.947277578473	0.01709989999994832	epochs	3.0
1111.964377478473	0.017032900000003792	epochs	3.0
1111.981410378473	0.03386670000008962	epochs	2.0
1111.981410378473	0.01696640000000116	epochs	3.0
1111.998376778473	0.016900300000088464	epochs	3.0
1112.015277078473	0.03360459999998966	epochs	2.0
1112.015277078473	0.01683479999996962	epochs	3.0
1112.032111878473	0.01676980000002004	epochs	3.0
1112.048881678473	0.033346599999958926	epochs	2.0
1112.048881678473	0.016705300000012357	epochs	3.0
1112.065586978473	0.01664129999994657	epochs	3.0
1112.082228278473	0.03309250000006614	epochs	2.0
1112.082228278473	0.016577800000050047	epochs	3.0
1112.098806078473	0.01651470000001609	epochs	3.0
1112.115320778473	0.03284229999985655	epochs	2.0
1112.115320778473	0.01645220000000336	epochs	3.0
1112.131772978473	0.01639009999985319	epochs	3.0
1112.1481630784729	0.03259570000000167	epochs	2.0
1112.1481630784729	0.016328400000020338	epochs	3.0
1112.1644914784729	0.016267299999981333	epochs	3.0
1112.1807587784729	0.032352899999978035	epochs	2.0
1112.1807587784729	0.016206600000032267	epochs	3.0
1112.196965378473	0.016146299999945768	epochs	3.0
1112.2131116784728	0.032113700000081735	epochs	2.0
1112.2131116784728	0.016086600000107865	epochs	3.0
1112.229198278473	0.01602709999997387	epochs	3.0
1112.245225378473	0.03187800000000607	epochs	2.0
1112.245225378473	0.015968200000088473	epochs	3.0
1112.261193578473	0.015909799999917595	epochs	3.0
1112.277103378473	0.03164569999989908	epochs	2.0
1112.277103378473	0.015851599999905375	epochs	3.0
1112.2929549784728	0.015794099999993705	epochs	3.0
1112.3087490784728	0.03141670000013619	epochs	2.0
1112.3087490784728	0.015736700000161363	epochs	3.0
1112.324485778473	0.015679999999974825	epochs	3.0
1112.340165778473	0.03119109999988723	epochs	2.0
1112.340165778473	0.015623600000026272	epochs	3.0
1112.355789378473	0.015567499999860956	epochs	3.0
1112.3713568784729	0.03096870000013041	epochs	2.0
1112.3713568784729	0.015511999999944237	epochs	3.0
1112.3868688784728	0.015456700000186174	epochs	3.0
1112.402325578473	0.030749499999956242	epochs	2.0
1112.402325578473	0.015401999999994587	epochs	3.0
1112.417727578473	0.015347499999961656	epochs	3.0
1112.433075078473	0.03053320000003623	epochs	2.0
1112.433075078473	0.015293400000018664	epochs	3.0
1112.448368478473	0.015239800000017567	epochs	3.0
1112.463608278473	0.030320099999926242	epochs	2.0
1112.463608278473	0.015186500000027081	epochs	3.0
1112.478794778473	0.015133599999899161	epochs	3.0
1112.493928378473	0.03010990000007041	epochs	2.0
1112.493928378473	0.015081000000009226	epochs	3.0
1112.509009378473	0.015028900000061185	epochs	3.0
1112.524038278473	0.029902499999934662	epochs	2.0
1112.524038278473	0.014976999999817053	epochs	3.0
1112.5390152784728	0.014925500000117609	epochs	3.0
1112.553940778473	0.029698099999905025	epochs	2.0
1112.553940778473	0.014874400000053356	epochs	3.0
1112.568815178473	0.01482369999985167	epochs	3.0
1112.5836388784728	0.029496300000118936	epochs	2.0
1112.5836388784728	0.014773200000036013	epochs	3.0
1112.5984120784728	0.014723100000082923	epochs	3.0
1112.613135178473	0.029297399999904883	epochs	2.0
1112.613135178473	0.014673399999992398	epochs	3.0
1112.627808578473	0.014623999999912485	epochs	3.0
1112.6424325784728	0.02910110000016175	epochs	2.0
1112.6424325784728	0.014574900000070556	epochs	3.0
1112.657007478473	0.014526200000091194	epochs	3.0
1112.671533678473	0.028907399999980044	epochs	2.0
1112.671533678473	0.01447769999981574	epochs	3.0
1112.6860113784728	0.014429700000164303	epochs	3.0
1112.700441078473	0.028716199999962555	epochs	2.0
1112.700441078473	0.014381799999910072	epochs	3.0
1112.714822878473	0.014334400000052483	epochs	3.0
1112.729157278473	0.02852759999996124	epochs	2.0
1112.729157278473	0.014287199999898803	epochs	3.0
1112.7434444784728	0.014240400000062436	epochs	3.0
1112.757684878473	0.028341400000044814	epochs	2.0
1112.757684878473	0.014193799999929979	epochs	3.0
1112.7718786784728	0.014147600000114835	epochs	3.0
1112.786026278473	0.028157700000065233	epochs	2.0
1112.786026278473	0.014101699999855555	epochs	3.0
1112.8001279784728	0.014056000000209679	epochs	3.0
1112.814183978473	0.02797629999986384	epochs	2.0
1112.814183978473	0.014010599999892293	epochs	3.0
1112.828194578473	0.013965699999971548	epochs	3.0
1112.8421602784729	0.027797200000122757	epochs	2.0
1112.8421602784729	0.013920800000050804	epochs	3.0
1112.856081078473	0.013876400000071953	epochs	3.0
1112.869957478473	0.027620399999932488	epochs	2.0
1112.869957478473	0.013832199999797012	epochs	3.0
1112.8837896784728	0.013788200000135475	epochs	3.0
1112.897577878473	0.027445899999975154	epochs	2.0
1112.897577878473	0.013744599999881757	epochs	3.0
1112.9113224784728	0.013701300000093397	epochs	3.0
1112.925023778473	0.0272735000000921	epochs	2.0
1112.925023778473	0.013658200000008947	epochs	3.0
1112.938681978473	0.013615300000083153	epochs	3.0
1112.952297278473	0.027103399999987232	epochs	2.0
1112.952297278473	0.01357279999979255	epochs	3.0
1112.9658700784728	0.013530600000194681	epochs	3.0
1112.979400678473	0.02693520000002536	epochs	2.0
1112.979400678473	0.01348839999991469	epochs	3.0
1112.992889078473	0.01344680000011067	epochs	3.0
1113.006335878473	0.026769199999989723	epochs	2.0
1113.006335878473	0.013405199999851902	epochs	3.0
1113.0197410784729	0.013364000000137821	epochs	3.0
1113.033105078473	0.026605199999949036	epochs	2.0
1113.033105078473	0.013322899999820947	epochs	3.0
1113.0464279784728	0.013282300000128089	epochs	3.0
1113.059710278473	0.0264431999999033	epochs	2.0
1113.059710278473	0.013241699999980483	epochs	3.0
1113.072951978473	0.013201499999922817	epochs	3.0
1113.0861534784729	0.026283200000079887	epochs	2.0
1113.0861534784729	0.013161500000023807	epochs	3.0
1113.0993149784729	0.01312170000005608	epochs	3.0
1113.112436678473	0.026124999999865395	epochs	2.0
1113.112436678473	0.013082100000019636	epochs	3.0
1113.125518778473	0.013042899999845758	epochs	3.0
1113.1385616784728	0.02596890000017993	epochs	2.0
1113.1385616784728	0.01300390000005791	epochs	3.0
1113.1515655784729	0.012965000000122018	epochs	3.0
1113.164530578473	0.025814500000024054	epochs	2.0
1113.164530578473	0.012926399999969362	epochs	3.0
1113.177456978473	0.012888100000054692	epochs	3.0
1113.190345078473	0.025661899999931848	epochs	2.0
1113.190345078473	0.012849899999991976	epochs	3.0
1113.203194978473	0.012811999999939871	epochs	3.0
1113.216006978473	0.025511199999982637	epochs	2.0
1113.216006978473	0.012774399999898378	epochs	3.0
1113.2287813784728	0.012736800000084258	epochs	3.0
1113.241518178473	0.025362300000097093	epochs	2.0
1113.241518178473	0.01269969999998466	epochs	3.0
1113.254217878473	0.012662600000112434	epochs	3.0
1113.266880478473	0.025214999999889187	epochs	2.0
1113.266880478473	0.012625799999796072	epochs	3.0
1113.2795062784728	0.012589200000093115	epochs	3.0
1113.292095478473	0.024584799999956886	epochs	2.0
1113.3157123784729	0.5	epochs	-1.0
1113.3166802784729	0.5167200000000776	epochs	1.0
1113.833400278473	0.48319999999989705	epochs	0.0
1114.8220000267029	0.08367999999995845	epochs	0.0
1114.8220000267029	0.03684429999998429	epochs	1.0
1114.8588443267029	0.00999139999998988	epochs	1.0
1114.8688357267029	0.03684429999998429	epochs	1.0
1114.9056800267028	2.0	epochs	0.0
1116.9056800267028	21.515679999999975	epochs	0.0
1116.9056800267028	1.0	epochs	1.0
1116.905752126703	0.5	epochs	-1.0
1117.405752126703	19.998959999999897	epochs	-1.0
1117.9056800267028	20.0	epochs	1.0
1117.9056800267028	4.356753900000058	epochs	-1.0
1117.9056800267028	1.9745872000000873	epochs	2.0
1117.9056800267028	1.0985622000000603	epochs	3.0
1119.004242226703	0.8760250000000269	epochs	3.0
1119.880267226703	1.3524075000000266	epochs	2.0
1119.880267226703	0.7286354999998821	epochs	3.0
1120.6089027267028	0.6237720000001445	epochs	3.0
1121.232674726703	1.029759199999944	epochs	2.0
1121.232674726703	0.5453292999998212	epochs	3.0
1121.7780040267028	0.48442990000012287	epochs	3.0
1122.262433926703	0.8317861999998968	epochs	2.0
1122.262433926703	0.4357763000000432	epochs	3.0
1122.698210226703	0.3960098999998536	epochs	3.0
1123.0942201267028	0.6977970000000369	epochs	2.0
1123.0942201267028	0.3628982000000178	epochs	3.0
1123.4571183267028	0.33489880000001904	epochs	3.0
1123.7920171267028	0.601045699999986	epochs	2.0
1123.7920171267028	0.3109123000001546	epochs	3.0
1124.102929426703	0.29013339999983145	epochs	3.0
1124.3930628267028	0.5278859000000011	epochs	2.0
1124.3930628267028	0.2719586000000618	epochs	3.0
1124.6650214267029	0.25592729999993935	epochs	3.0
1124.9209487267028	0.470619299999953	epochs	2.0
1124.9209487267028	0.241681299999982	epochs	3.0
1125.1626300267028	0.228937999999971	epochs	3.0
1125.3915680267028	0.4245704000002206	epochs	2.0
1125.3915680267028	0.21747140000002219	epochs	3.0
1125.6090394267028	0.20709900000019843	epochs	3.0
1125.816138426703	0.3867353999999068	epochs	2.0
1125.816138426703	0.19767109999997956	epochs	3.0
1126.013809526703	0.18906429999992724	epochs	3.0
1126.202873826703	0.35509529999990264	epochs	2.0
1126.202873826703	0.18117589999997108	epochs	3.0
1126.3840497267029	0.17391939999993156	epochs	3.0
1126.5579691267028	0.3282431000000088	epochs	2.0
1126.5579691267028	0.167221900000186	epochs	3.0
1126.725191026703	0.16102119999982278	epochs	3.0
1126.8862122267028	0.30516800000009425	epochs	2.0
1126.8862122267028	0.15526390000013635	epochs	3.0
1127.041476126703	0.1499040999999579	epochs	3.0
1127.191380226703	0.28512529999989056	epochs	2.0
1127.191380226703	0.1449021000000812	epochs	3.0
1127.336282326703	0.14022319999980937	epochs	3.0
1127.4765055267028	0.267553800000087	epochs	2.0
1127.4765055267028	0.13583690000018578	epochs	3.0
1127.612342426703	0.13171689999990122	epochs	3.0
1127.7440593267029	0.252022899999929	epochs	2.0
1127.7440593267029	0.1278393000000051	epochs	3.0
1127.871898626703	0.1241835999999239	epochs	3.0
1127.9960822267028	0.23819649999995818	epochs	2.0
1127.9960822267028	0.12073110000005727	epochs	3.0
1128.1168133267029	0.11746539999990091	epochs	3.0
1128.2342787267028	0.2258088000000953	epochs	2.0
1128.2342787267028	0.11437190000015107	epochs	3.0
1128.348650626703	0.11143689999994422	epochs	3.0
1128.4600875267029	0.21464599999990241	epochs	2.0
1128.4600875267029	0.10864889999993466	epochs	3.0
1128.5687364267028	0.10599709999996776	epochs	3.0
1128.6747335267028	0.20453500000007807	epochs	2.0
1128.6747335267028	0.10347150000006877	epochs	3.0
1128.7782050267028	0.1010635000000093	epochs	3.0
1128.8792685267028	0.19533400000000256	epochs	2.0
1128.8792685267028	0.09876510000003691	epochs	3.0
1128.9780336267029	0.09656889999996565	epochs	3.0
1129.0746025267028	0.18692529999998442	epochs	2.0
1129.0746025267028	0.09446830000001682	epochs	3.0
1129.1690708267029	0.09245699999996759	epochs	3.0
1129.2615278267028	0.1792107000001124	epochs	2.0
1129.2615278267028	0.0905296000000817	epochs	3.0
1129.352057426703	0.08868110000003071	epochs	3.0
1129.440738526703	0.17210769999996955	epochs	2.0
1129.440738526703	0.08690630000000965	epochs	3.0
1129.527644826703	0.0852013999999599	epochs	3.0
1129.612846226703	0.16554640000003928	epochs	2.0
1129.612846226703	0.08356189999994967	epochs	3.0
1129.6964081267029	0.08198450000008961	epochs	3.0
1129.778392626703	0.15946710000002895	epochs	2.0
1129.778392626703	0.08046539999986635	epochs	3.0
1129.8588580267028	0.0790017000001626	epochs	3.0
1129.937859726703	0.1538183999998637	epochs	2.0
1129.937859726703	0.07759009999995214	epochs	3.0
1130.015449826703	0.07622829999991154	epochs	3.0
1130.0916781267028	0.14855639999996129	epochs	2.0
1130.0916781267028	0.07491329999993468	epochs	3.0
1130.1665914267028	0.0736431000000266	epochs	3.0
1130.2402345267028	0.14364240000008976	epochs	2.0
1130.2402345267028	0.07241500000009182	epochs	3.0
1130.312649526703	0.07122739999999794	epochs	3.0
1130.383876926703	0.13904309999998077	epochs	2.0
1130.383876926703	0.07007799999996678	epochs	3.0
1130.4539549267029	0.06896510000001399	epochs	3.0
1130.5229200267029	0.1347293000001173	epochs	2.0
1130.5229200267029	0.0678871000000072	epochs	3.0
1130.5908071267029	0.0668422000001101	epochs	3.0
1130.657649326703	0.13067519999981414	epochs	2.0
1130.657649326703	0.06582909999997355	epochs	3.0
1130.723478426703	0.06484609999984059	epochs	3.0
1130.7883245267028	0.12685780000015257	epochs	2.0
1130.7883245267028	0.06389200000012352	epochs	3.0
1130.852216526703	0.06296580000002905	epochs	3.0
1130.915182326703	0.12325719999989815	epochs	2.0
1130.915182326703	0.06206580000002759	epochs	3.0
1130.977248126703	0.061191399999870555	epochs	3.0
1131.0384395267029	0.11985540000000583	epochs	2.0
1131.0384395267029	0.060341099999959624	epochs	3.0
1131.0987806267028	0.059514300000046205	epochs	3.0
1131.1582949267029	0.11663620000012997	epochs	2.0
1131.1582949267029	0.058709599999929196	epochs	3.0
1131.2170045267028	0.05792660000020078	epochs	3.0
1131.274931126703	0.11358559999985118	epochs	2.0
1131.274931126703	0.05716419999998834	epochs	3.0
1131.332095326703	0.05642139999986284	epochs	3.0
1131.3885167267028	0.11069050000014613	epochs	2.0
1131.3885167267028	0.055697900000041045	epochs	3.0
1131.444214626703	0.054992600000105085	epochs	3.0
1131.499207226703	0.10793909999983953	epochs	2.0
1131.499207226703	0.054304899999806366	epochs	3.0
1131.5535121267028	0.05363420000003316	epochs	3.0
1131.6071463267028	0.10532149999994544	epochs	2.0
1131.6071463267028	0.052980000000161453	epochs	3.0
1131.660126326703	0.05234149999978399	epochs	3.0
1131.7124678267028	0.10282760000018243	epochs	2.0
1131.7124678267028	0.05171810000001642	epochs	3.0
1131.7641859267028	0.05110950000016601	epochs	3.0
1131.815295426703	0.10044909999987794	epochs	2.0
1131.815295426703	0.0505148999998255	epochs	3.0
1131.8658103267028	0.04993420000005244	epochs	3.0
1131.9157445267028	0.0981782999999723	epochs	2.0
1131.9157445267028	0.04936659999998483	epochs	3.0
1131.9651111267028	0.04881169999998747	epochs	3.0
1132.0139228267028	0.09600780000005216	epochs	2.0
1132.0139228267028	0.04826920000004975	epochs	3.0
1132.0621920267029	0.04773860000000241	epochs	3.0
1132.1099306267029	0.09393120000004274	epochs	2.0
1132.1099306267029	0.04721949999998287	epochs	3.0
1132.1571501267028	0.046711700000059864	epochs	3.0
1132.203861826703	0.09194260000003851	epochs	2.0
1132.203861826703	0.046214599999984785	epochs	3.0
1132.250076426703	0.045728000000053726	epochs	3.0
1132.295804426703	0.09003629999983787	epochs	2.0
1132.295804426703	0.045251499999949374	epochs	3.0
1132.341055926703	0.04478479999988849	epochs	3.0
1132.3858407267028	0.08820760000003247	epochs	2.0
1132.3858407267028	0.044327800000019124	epochs	3.0
1132.4301685267028	0.04387980000001335	epochs	3.0
1132.4740483267028	0.0864516999999978	epochs	2.0
1132.4740483267028	0.04344100000002982	epochs	3.0
1132.5174893267028	0.04301069999996798	epochs	3.0
1132.5605000267028	0.08476429999996071	epochs	2.0
1132.5605000267028	0.04258900000013455	epochs	3.0
1132.603089026703	0.042175299999826166	epochs	3.0
1132.6452643267028	0.08314150000001064	epochs	2.0
1132.6452643267028	0.04176970000003166	epochs	3.0
1132.6870340267028	0.041371799999978975	epochs	3.0
1132.7284058267028	0.08157970000002024	epochs	2.0
1132.7284058267028	0.04098140000019157	epochs	3.0
1132.769387226703	0.04059829999982867	epochs	3.0
1132.8099855267028	0.08007550000002084	epochs	2.0
1132.8099855267028	0.040222300000095856	epochs	3.0
1132.850207826703	0.03985319999992498	epochs	3.0
1132.8900610267028	0.07862569999997504	epochs	2.0
1132.8900610267028	0.039490800000066884	epochs	3.0
1132.929551826703	0.03913489999990816	epochs	3.0
1132.9686867267028	0.07722760000001472	epochs	2.0
1132.9686867267028	0.038785400000051595	epochs	3.0
1133.0074721267029	0.03844219999996312	epochs	3.0
1133.0459143267028	0.07587820000003376	epochs	2.0
1133.0459143267028	0.03810480000015559	epochs	3.0
1133.084019126703	0.037773399999878166	epochs	3.0
1133.1217925267028	0.0745752000000266	epochs	2.0
1133.1217925267028	0.03744770000002973	epochs	3.0
1133.1592402267029	0.03712749999999687	epochs	3.0
1133.1963677267029	0.07331629999998768	epochs	2.0
1133.1963677267029	0.0368129000000863	epochs	3.0
1133.233180626703	0.036503399999901376	epochs	3.0
1133.2696840267029	0.07209899999998015	epochs	2.0
1133.2696840267029	0.03619909999997617	epochs	3.0
1133.3058831267028	0.03589990000000398	epochs	3.0
1133.3417830267028	0.07092170000009901	epochs	2.0
1133.3417830267028	0.03560560000005353	epochs	3.0
1133.377388626703	0.03531610000004548	epochs	3.0
1133.412704726703	0.06978200000003199	epochs	2.0
1133.412704726703	0.03503120000004856	epochs	3.0
1133.447735926703	0.03475079999998343	epochs	3.0
1133.482486726703	0.06867859999988468	epochs	2.0
1133.482486726703	0.03447510000000875	epochs	3.0
1133.516961826703	0.03420349999987593	epochs	3.0
1133.5511653267029	0.06760929999995824	epochs	2.0
1133.5511653267029	0.033936199999970995	epochs	3.0
1133.5851015267028	0.033673099999987244	epochs	3.0
1133.6187746267028	0.06657289999998284	epochs	2.0
1133.6187746267028	0.03341399999999339	epochs	3.0
1133.6521886267028	0.033158899999989444	epochs	3.0
1133.6853475267028	0.06556780000005347	epochs	2.0
1133.6853475267028	0.03290770000012344	epochs	3.0
1133.718255226703	0.032660099999930026	epochs	3.0
1133.7509153267029	0.06459259999996902	epochs	2.0
1133.7509153267029	0.03241640000010193	epochs	3.0
1133.783331726703	0.032176199999867094	epochs	3.0
1133.8155079267028	0.06364600000006249	epochs	2.0
1133.8155079267028	0.03193959999998697	epochs	3.0
1133.8474475267028	0.03170640000007552	epochs	3.0
1133.8791539267029	0.0627266999999847	epochs	2.0
1133.8791539267029	0.031476599999905375	epochs	3.0
1133.9106305267028	0.03125010000007933	epochs	3.0
1133.9418806267029	0.06183359999999993	epochs	2.0
1133.9418806267029	0.03102689999991526	epochs	3.0
1133.9729075267028	0.030806700000084675	epochs	3.0
1134.0037142267029	0.060965599999917686	epochs	2.0
1134.0037142267029	0.030589799999916067	epochs	3.0
1134.0343040267028	0.030375800000001618	epochs	3.0
1134.0646798267028	0.06012160000000222	epochs	2.0
1134.0646798267028	0.030164900000045236	epochs	3.0
1134.0948447267028	0.02995669999995698	epochs	3.0
1134.1248014267028	0.05930069999999432	epochs	2.0
1134.1248014267028	0.029751600000054168	epochs	3.0
1134.1545530267028	0.029549099999940154	epochs	3.0
1134.1841021267028	0.058501800000158255	epochs	2.0
1134.1841021267028	0.02934940000000097	epochs	3.0
1134.2134515267028	0.029152400000157286	epochs	3.0
1134.242603926703	0.05772419999993872	epochs	2.0
1134.242603926703	0.028957999999875028	epochs	3.0
1134.2715619267028	0.02876620000006369	epochs	3.0
1134.3003281267029	0.05696710000006533	epochs	2.0
1134.3003281267029	0.028577000000041153	epochs	3.0
1134.328905126703	0.028390100000024177	epochs	3.0
1134.357295226703	0.05622949999997218	epochs	2.0
1134.357295226703	0.028205699999944045	epochs	3.0
1134.385500926703	0.028023800000028132	epochs	3.0
1134.413524726703	0.05551070000001346	epochs	2.0
1134.413524726703	0.027843999999959124	epochs	3.0
1134.4413687267029	0.027666700000054334	epochs	3.0
1134.469035426703	0.054810200000019904	epochs	2.0
1134.469035426703	0.02749149999999645	epochs	3.0
1134.496526926703	0.027318700000023455	epochs	3.0
1134.523845626703	0.054126999999880354	epochs	2.0
1134.523845626703	0.027147799999966082	epochs	3.0
1134.550993426703	0.026979199999914272	epochs	3.0
1134.5779726267028	0.053460699999959616	epochs	2.0
1134.5779726267028	0.026812600000084785	epochs	3.0
1134.604785226703	0.02664809999987483	epochs	3.0
1134.6314333267028	0.05281070000000909	epochs	2.0
1134.6314333267028	0.026485600000114573	epochs	3.0
1134.657918926703	0.02632509999989452	epochs	3.0
1134.6842440267028	0.05217620000007628	epochs	2.0
1134.6842440267028	0.02616640000019288	epochs	3.0
1134.710410426703	0.0260097999998834	epochs	3.0
1134.7364202267029	0.051556699999991906	epochs	2.0
1134.7364202267029	0.025854799999933675	epochs	3.0
1134.7622750267028	0.02570190000005823	epochs	3.0
1134.7879769267029	0.05095189999997274	epochs	2.0
1134.7879769267029	0.025550699999939752	epochs	3.0
1134.8135276267028	0.025401200000032986	epochs	3.0
1134.8389288267028	0.05036100000006627	epochs	2.0
1134.8389288267028	0.025253499999962514	epochs	3.0
1134.8641823267028	0.025107500000103755	epochs	3.0
1134.889289826703	0.04978379999988647	epochs	2.0
1134.889289826703	0.02496320000000196	epochs	3.0
1134.914253026703	0.024820599999884507	epochs	3.0
1134.9390736267028	0.04921950000016295	epochs	2.0
1134.9390736267028	0.024679400000195528	epochs	3.0
1134.963753026703	0.024540099999967424	epochs	3.0
1134.988293126703	0.04866789999982757	epochs	2.0
1134.988293126703	0.024402099999861093	epochs	3.0
1135.0126952267028	0.024265799999966475	epochs	3.0
1135.0369610267028	0.04812860000015462	epochs	2.0
1135.0369610267028	0.024131000000124914	epochs	3.0
1135.061092026703	0.023997600000029706	epochs	3.0
1135.085089626703	0.04760109999983797	epochs	2.0
1135.085089626703	0.02386579999983951	epochs	3.0
1135.1089554267028	0.02373529999999846	epochs	3.0
1135.1326907267028	0.04708500000015192	epochs	2.0
1135.1326907267028	0.023606300000210467	epochs	3.0
1135.156297026703	0.023478699999941455	epochs	3.0
1135.179775726703	0.046579999999948996	epochs	2.0
1135.179775726703	0.023352499999873544	epochs	3.0
1135.2031282267028	0.02322750000007545	epochs	3.0
1135.2263557267029	0.046085700000048746	epochs	2.0
1135.2263557267029	0.023104000000103042	epochs	3.0
1135.249459726703	0.022981699999945704	epochs	3.0
1135.272441426703	0.045601799999985815	epochs	2.0
1135.272441426703	0.02286069999991014	epochs	3.0
1135.2953021267028	0.022741100000075676	epochs	3.0
1135.318043226703	0.045127899999897636	epochs	2.0
1135.318043226703	0.022622499999897627	epochs	3.0
1135.3406657267028	0.02250540000000001	epochs	3.0
1135.3631711267028	0.0446638000000803	epochs	2.0
1135.3631711267028	0.02238929999998618	epochs	3.0
1135.3855604267028	0.022274500000094122	epochs	3.0
1135.407834926703	0.04420920000006845	epochs	2.0
1135.407834926703	0.022160799999937808	epochs	3.0
1135.4299957267028	0.02204840000013064	epochs	3.0
1135.452044126703	0.04376359999992019	epochs	2.0
1135.452044126703	0.02193689999990056	epochs	3.0
1135.4739810267029	0.021826700000019628	epochs	3.0
1135.4958077267029	0.04332709999994222	epochs	2.0
1135.4958077267029	0.02171760000010181	epochs	3.0
1135.517525326703	0.02160949999984041	epochs	3.0
1135.5391348267028	0.04289900000003399	epochs	2.0
1135.5391348267028	0.02150249999999687	epochs	3.0
1135.5606373267028	0.021396500000037122	epochs	3.0
1135.5820338267029	0.04247950000012679	epochs	2.0
1135.5820338267029	0.021291700000119818	epochs	3.0
1135.603325526703	0.021187800000006973	epochs	3.0
1135.624513326703	0.04206789999989269	epochs	2.0
1135.624513326703	0.02108490000000529	epochs	3.0
1135.645598226703	0.020982999999887397	epochs	3.0
1135.6665812267029	0.04166439999994509	epochs	2.0
1135.6665812267029	0.020882199999959994	epochs	3.0
1135.6874634267028	0.020782199999985096	epochs	3.0
1135.7082456267028	0.04126850000011473	epochs	2.0
1135.7082456267028	0.020683299999973315	epochs	3.0
1135.7289289267028	0.020585200000141413	epochs	3.0
1135.749514126703	0.04088000000001557	epochs	2.0
1135.749514126703	0.020488099999965925	epochs	3.0
1135.770002226703	0.020391900000049645	epochs	3.0
1135.790394126703	0.04049880000002304	epochs	2.0
1135.790394126703	0.020296599999937825	epochs	3.0
1135.810690726703	0.020202200000085213	epochs	3.0
1135.830892926703	0.040124599999899146	epochs	2.0
1135.830892926703	0.020108699999809687	epochs	3.0
1135.8510016267028	0.02001590000008946	epochs	3.0
1135.8710175267029	0.03975730000001931	epochs	2.0
1135.8710175267029	0.019924200000104975	epochs	3.0
1135.890941726703	0.01983309999991434	epochs	3.0
1135.910774826703	0.03939669999999751	epochs	2.0
1135.910774826703	0.01974300000006224	epochs	3.0
1135.930517826703	0.01965369999993527	epochs	3.0
1135.950171526703	0.03904239999997117	epochs	2.0
1135.950171526703	0.019565099999908853	epochs	3.0
1135.9697366267028	0.019477300000062314	epochs	3.0
1135.9892139267029	0.038694600000098944	epochs	2.0
1135.9892139267029	0.019390400000020236	epochs	3.0
1136.0086043267029	0.01930420000007871	epochs	3.0
1136.027908526703	0.038352899999836154	epochs	2.0
1136.027908526703	0.019218799999862313	epochs	3.0
1136.0471273267028	0.01913409999997384	epochs	3.0
1136.0662614267028	0.03801720000001296	epochs	2.0
1136.0662614267028	0.019050200000037876	epochs	3.0
1136.0853116267028	0.018966999999975087	epochs	3.0
1136.1042786267028	0.03768720000016401	epochs	2.0
1136.1042786267028	0.01888450000001285	epochs	3.0
1136.1231631267028	0.018802700000151162	epochs	3.0
1136.141965826703	0.03736309999999321	epochs	2.0
1136.141965826703	0.018721700000014607	epochs	3.0
1136.160687526703	0.018641399999978603	epochs	3.0
1136.179328926703	0.03704429999993408	epochs	2.0
1136.179328926703	0.018561599999884493	epochs	3.0
1136.1978905267028	0.01848270000004959	epochs	3.0
1136.216373226703	0.03673099999991791	epochs	2.0
1136.216373226703	0.018404299999929208	epochs	3.0
1136.2347775267028	0.018326699999988705	epochs	3.0
1136.2531042267028	0.03642290000016146	epochs	2.0
1136.2531042267028	0.018249599999990096	epochs	3.0
1136.2713538267028	0.018173300000171366	epochs	3.0
1136.289527126703	0.036120099999834565	epochs	2.0
1136.289527126703	0.01809759999991911	epochs	3.0
1136.307624726703	0.018022499999915453	epochs	3.0
1136.3256472267028	0.035822100000132195	epochs	2.0
1136.3256472267028	0.017947900000081063	epochs	3.0
1136.343595126703	0.017874200000051133	epochs	3.0
1136.361469326703	0.03552899999999681	epochs	2.0
1136.361469326703	0.017800800000031813	epochs	3.0
1136.379270126703	0.017728199999965	epochs	3.0
1136.396998326703	0.03524070000003121	epochs	2.0
1136.396998326703	0.01765609999984008	epochs	3.0
1136.4146544267028	0.01758460000019113	epochs	3.0
1136.432239026703	0.03495709999992869	epochs	2.0
1136.432239026703	0.017513699999881283	epochs	3.0
1136.4497527267029	0.017443400000047404	epochs	3.0
1136.467196126703	0.034677899999906	epochs	2.0
1136.467196126703	0.017373599999928047	epochs	3.0
1136.4845697267028	0.017304299999977957	epochs	3.0
1136.5018740267028	0.03440330000012182	epochs	2.0
1136.5018740267028	0.017235700000128418	epochs	3.0
1136.519109726703	0.0171675999999934	epochs	3.0
1136.536277326703	0.03413279999995211	epochs	2.0
1136.536277326703	0.01709989999994832	epochs	3.0
1136.5533772267029	0.017032900000003792	epochs	3.0
1136.5704101267029	0.03386670000008962	epochs	2.0
1136.5704101267029	0.01696640000000116	epochs	3.0
1136.5873765267029	0.016900300000088464	epochs	3.0
1136.604276826703	0.03360459999998966	epochs	2.0
1136.604276826703	0.01683479999996962	epochs	3.0
1136.621111626703	0.01676980000002004	epochs	3.0
1136.637881426703	0.033346599999958926	epochs	2.0
1136.637881426703	0.016705300000012357	epochs	3.0
1136.654586726703	0.01664129999994657	epochs	3.0
1136.671228026703	0.03309250000006614	epochs	2.0
1136.671228026703	0.016577800000050047	epochs	3.0
1136.687805826703	0.01651470000001609	epochs	3.0
1136.704320526703	0.03284229999985655	epochs	2.0
1136.704320526703	0.01645220000000336	epochs	3.0
1136.720772726703	0.01639009999985319	epochs	3.0
1136.7371628267028	0.03259570000000167	epochs	2.0
1136.7371628267028	0.016328400000020338	epochs	3.0
1136.7534912267029	0.016267299999981333	epochs	3.0
1136.7697585267028	0.032352899999978035	epochs	2.0
1136.7697585267028	0.016206600000032267	epochs	3.0
1136.7859651267029	0.016146299999945768	epochs	3.0
1136.8021114267028	0.032113700000081735	epochs	2.0
1136.8021114267028	0.016086600000107865	epochs	3.0
1136.818198026703	0.01602709999997387	epochs	3.0
1136.834225126703	0.03187800000000607	epochs	2.0
1136.834225126703	0.015968200000088473	epochs	3.0
1136.850193326703	0.015909799999917595	epochs	3.0
1136.866103126703	0.03164569999989908	epochs	2.0
1136.866103126703	0.015851599999905375	epochs	3.0
1136.8819547267028	0.015794099999993705	epochs	3.0
1136.8977488267028	0.03141670000013619	epochs	2.0
1136.8977488267028	0.015736700000161363	epochs	3.0
1136.913485526703	0.015679999999974825	epochs	3.0
1136.929165526703	0.03119109999988723	epochs	2.0
1136.929165526703	0.015623600000026272	epochs	3.0
1136.944789126703	0.015567499999860956	epochs	3.0
1136.9603566267028	0.03096870000013041	epochs	2.0
1136.9603566267028	0.015511999999944237	epochs	3.0
1136.9758686267028	0.015456700000186174	epochs	3.0
1136.991325326703	0.030749499999956242	epochs	2.0
1136.991325326703	0.015401999999994587	epochs	3.0
1137.006727326703	0.015347499999961656	epochs	3.0
1137.022074826703	0.03053320000003623	epochs	2.0
1137.022074826703	0.015293400000018664	epochs	3.0
1137.037368226703	0.015239800000017567	epochs	3.0
1137.052608026703	0.030320099999926242	epochs	2.0
1137.052608026703	0.015186500000027081	epochs	3.0
1137.067794526703	0.015133599999899161	epochs	3.0
1137.0829281267029	0.03010990000007041	epochs	2.0
1137.0829281267029	0.015081000000009226	epochs	3.0
1137.098009126703	0.015028900000061185	epochs	3.0
1137.113038026703	0.029902499999934662	epochs	2.0
1137.113038026703	0.014976999999817053	epochs	3.0
1137.1280150267028	0.014925500000117609	epochs	3.0
1137.142940526703	0.029698099999905025	epochs	2.0
1137.142940526703	0.014874400000053356	epochs	3.0
1137.157814926703	0.01482369999985167	epochs	3.0
1137.1726386267028	0.029496300000118936	epochs	2.0
1137.1726386267028	0.014773200000036013	epochs	3.0
1137.1874118267028	0.014723100000082923	epochs	3.0
1137.202134926703	0.029297399999904883	epochs	2.0
1137.202134926703	0.014673399999992398	epochs	3.0
1137.216808326703	0.014623999999912485	epochs	3.0
1137.2314323267028	0.02910110000016175	epochs	2.0
1137.2314323267028	0.014574900000070556	epochs	3.0
1137.246007226703	0.014526200000091194	epochs	3.0
1137.260533426703	0.028907399999980044	epochs	2.0
1137.260533426703	0.01447769999981574	epochs	3.0
1137.2750111267028	0.014429700000164303	epochs	3.0
1137.289440826703	0.028716199999962555	epochs	2.0
1137.289440826703	0.014381799999910072	epochs	3.0
1137.3038226267029	0.014334400000052483	epochs	3.0
1137.318157026703	0.02852759999996124	epochs	2.0
1137.318157026703	0.014287199999898803	epochs	3.0
1137.3324442267028	0.014240400000062436	epochs	3.0
1137.3466846267029	0.028341400000044814	epochs	2.0
1137.3466846267029	0.014193799999929979	epochs	3.0
1137.3608784267028	0.014147600000114835	epochs	3.0
1137.375026026703	0.028157700000065233	epochs	2.0
1137.375026026703	0.014101699999855555	epochs	3.0
1137.3891277267028	0.014056000000209679	epochs	3.0
1137.403183726703	0.02797629999986384	epochs	2.0
1137.403183726703	0.014010599999892293	epochs	3.0
1137.4171943267029	0.013965699999971548	epochs	3.0
1137.4311600267029	0.027797200000122757	epochs	2.0
1137.4311600267029	0.013920800000050804	epochs	3.0
1137.445080826703	0.013876400000071953	epochs	3.0
1137.458957226703	0.027620399999932488	epochs	2.0
1137.458957226703	0.013832199999797012	epochs	3.0
1137.4727894267028	0.013788200000135475	epochs	3.0
1137.486577626703	0.027445899999975154	epochs	2.0
1137.486577626703	0.013744599999881757	epochs	3.0
1137.5003222267028	0.013701300000093397	epochs	3.0
1137.5140235267029	0.0272735000000921	epochs	2.0
1137.5140235267029	0.013658200000008947	epochs	3.0
1137.527681726703	0.013615300000083153	epochs	3.0
1137.541297026703	0.027103399999987232	epochs	2.0
1137.541297026703	0.01357279999979255	epochs	3.0
1137.5548698267028	0.013530600000194681	epochs	3.0
1137.568400426703	0.02693520000002536	epochs	2.0
1137.568400426703	0.01348839999991469	epochs	3.0
1137.5818888267029	0.01344680000011067	epochs	3.0
1137.595335626703	0.026769199999989723	epochs	2.0
1137.595335626703	0.013405199999851902	epochs	3.0
1137.6087408267028	0.013364000000137821	epochs	3.0
1137.622104826703	0.026605199999949036	epochs	2.0
1137.622104826703	0.013322899999820947	epochs	3.0
1137.6354277267028	0.013282300000128089	epochs	3.0
1137.648710026703	0.0264431999999033	epochs	2.0
1137.648710026703	0.013241699999980483	epochs	3.0
1137.661951726703	0.013201499999922817	epochs	3.0
1137.6751532267028	0.026283200000079887	epochs	2.0
1137.6751532267028	0.013161500000023807	epochs	3.0
1137.6883147267029	0.01312170000005608	epochs	3.0
1137.701436426703	0.026124999999865395	epochs	2.0
1137.701436426703	0.013082100000019636	epochs	3.0
1137.714518526703	0.013042899999845758	epochs	3.0
1137.7275614267028	0.02596890000017993	epochs	2.0
1137.7275614267028	0.01300390000005791	epochs	3.0
1137.7405653267028	0.012965000000122018	epochs	3.0
1137.753530326703	0.025814500000024054	epochs	2.0
1137.753530326703	0.012926399999969362	epochs	3.0
1137.766456726703	0.012888100000054692	epochs	3.0
1137.779344826703	0.025661899999931848	epochs	2.0
1137.779344826703	0.012849899999991976	epochs	3.0
1137.792194726703	0.012811999999939871	epochs	3.0
1137.805006726703	0.025511199999982637	epochs	2.0
1137.805006726703	0.012774399999898378	epochs	3.0
1137.8177811267028	0.012736800000084258	epochs	3.0
1137.830517926703	0.025362300000097093	epochs	2.0
1137.830517926703	0.01269969999998466	epochs	3.0
1137.8432176267029	0.012662600000112434	epochs	3.0
1137.855880226703	0.025214999999889187	epochs	2.0
1137.855880226703	0.012625799999796072	epochs	3.0
1137.8685060267028	0.012589200000093115	epochs	3.0
1137.8810952267029	0.024584799999956886	epochs	2.0
1137.9047121267029	0.5	epochs	-1.0
1137.9056800267028	0.5156799999999748	epochs	1.0
1138.4213600267028	0.4842399999999998	epochs	0.0
1139.4260001182556	0.08367999999995845	epochs	0.0
1139.4260001182556	0.03684429999998429	epochs	1.0
1139.4628444182556	0.00999139999998988	epochs	1.0
1139.4728358182556	0.03684429999998429	epochs	1.0
1139.5096801182556	2.0	epochs	0.0
1141.5096801182556	21.999919999999975	epochs	0.0
1141.5096801182556	1.0	epochs	1.0
1141.5097522182557	0.5	epochs	-1.0
1142.0097522182557	19.998959999999897	epochs	-1.0
1142.5096801182556	20.0	epochs	1.0
1142.5096801182556	4.356753900000058	epochs	-1.0
1142.5096801182556	1.9745872000000873	epochs	2.0
1142.5096801182556	1.0985622000000603	epochs	3.0
1143.6082423182556	0.8760250000000269	epochs	3.0
1144.4842673182557	1.3524075000000266	epochs	2.0
1144.4842673182557	0.7286354999998821	epochs	3.0
1145.2129028182555	0.6237720000001445	epochs	3.0
1145.8366748182557	1.029759199999944	epochs	2.0
1145.8366748182557	0.5453292999998212	epochs	3.0
1146.3820041182555	0.48442990000012287	epochs	3.0
1146.8664340182556	0.8317861999998968	epochs	2.0
1146.8664340182556	0.4357763000000432	epochs	3.0
1147.3022103182557	0.3960098999998536	epochs	3.0
1147.6982202182555	0.6977970000000369	epochs	2.0
1147.6982202182555	0.3628982000000178	epochs	3.0
1148.0611184182555	0.33489880000001904	epochs	3.0
1148.3960172182556	0.601045699999986	epochs	2.0
1148.3960172182556	0.3109123000001546	epochs	3.0
1148.7069295182557	0.29013339999983145	epochs	3.0
1148.9970629182556	0.5278859000000011	epochs	2.0
1148.9970629182556	0.2719586000000618	epochs	3.0
1149.2690215182556	0.25592729999993935	epochs	3.0
1149.5249488182556	0.470619299999953	epochs	2.0
1149.5249488182556	0.241681299999982	epochs	3.0
1149.7666301182555	0.228937999999971	epochs	3.0
1149.9955681182555	0.4245704000002206	epochs	2.0
1149.9955681182555	0.21747140000002219	epochs	3.0
1150.2130395182555	0.20709900000019843	epochs	3.0
1150.4201385182557	0.3867353999999068	epochs	2.0
1150.4201385182557	0.19767109999997956	epochs	3.0
1150.6178096182557	0.18906429999992724	epochs	3.0
1150.8068739182556	0.35509529999990264	epochs	2.0
1150.8068739182556	0.18117589999997108	epochs	3.0
1150.9880498182556	0.17391939999993156	epochs	3.0
1151.1619692182555	0.3282431000000088	epochs	2.0
1151.1619692182555	0.167221900000186	epochs	3.0
1151.3291911182557	0.16102119999982278	epochs	3.0
1151.4902123182555	0.30516800000009425	epochs	2.0
1151.4902123182555	0.15526390000013635	epochs	3.0
1151.6454762182557	0.1499040999999579	epochs	3.0
1151.7953803182556	0.28512529999989056	epochs	2.0
1151.7953803182556	0.1449021000000812	epochs	3.0
1151.9402824182557	0.14022319999980937	epochs	3.0
1152.0805056182555	0.267553800000087	epochs	2.0
1152.0805056182555	0.13583690000018578	epochs	3.0
1152.2163425182557	0.13171689999990122	epochs	3.0
1152.3480594182556	0.252022899999929	epochs	2.0
1152.3480594182556	0.1278393000000051	epochs	3.0
1152.4758987182556	0.1241835999999239	epochs	3.0
1152.6000823182555	0.23819649999995818	epochs	2.0
1152.6000823182555	0.12073110000005727	epochs	3.0
1152.7208134182556	0.11746539999990091	epochs	3.0
1152.8382788182555	0.2258088000000953	epochs	2.0
1152.8382788182555	0.11437190000015107	epochs	3.0
1152.9526507182557	0.11143689999994422	epochs	3.0
1153.0640876182556	0.21464599999990241	epochs	2.0
1153.0640876182556	0.10864889999993466	epochs	3.0
1153.1727365182555	0.10599709999996776	epochs	3.0
1153.2787336182555	0.20453500000007807	epochs	2.0
1153.2787336182555	0.10347150000006877	epochs	3.0
1153.3822051182556	0.1010635000000093	epochs	3.0
1153.4832686182556	0.19533400000000256	epochs	2.0
1153.4832686182556	0.09876510000003691	epochs	3.0
1153.5820337182556	0.09656889999996565	epochs	3.0
1153.6786026182556	0.18692529999998442	epochs	2.0
1153.6786026182556	0.09446830000001682	epochs	3.0
1153.7730709182556	0.09245699999996759	epochs	3.0
1153.8655279182556	0.1792107000001124	epochs	2.0
1153.8655279182556	0.0905296000000817	epochs	3.0
1153.9560575182556	0.08868110000003071	epochs	3.0
1154.0447386182557	0.17210769999996955	epochs	2.0
1154.0447386182557	0.08690630000000965	epochs	3.0
1154.1316449182557	0.0852013999999599	epochs	3.0
1154.2168463182556	0.16554640000003928	epochs	2.0
1154.2168463182556	0.08356189999994967	epochs	3.0
1154.3004082182556	0.08198450000008961	epochs	3.0
1154.3823927182557	0.15946710000002895	epochs	2.0
1154.3823927182557	0.08046539999986635	epochs	3.0
1154.4628581182556	0.0790017000001626	epochs	3.0
1154.5418598182557	0.1538183999998637	epochs	2.0
1154.5418598182557	0.07759009999995214	epochs	3.0
1154.6194499182557	0.07622829999991154	epochs	3.0
1154.6956782182556	0.14855639999996129	epochs	2.0
1154.6956782182556	0.07491329999993468	epochs	3.0
1154.7705915182555	0.0736431000000266	epochs	3.0
1154.8442346182555	0.14364240000008976	epochs	2.0
1154.8442346182555	0.07241500000009182	epochs	3.0
1154.9166496182556	0.07122739999999794	epochs	3.0
1154.9878770182556	0.13904309999998077	epochs	2.0
1154.9878770182556	0.07007799999996678	epochs	3.0
1155.0579550182556	0.06896510000001399	epochs	3.0
1155.1269201182556	0.1347293000001173	epochs	2.0
1155.1269201182556	0.0678871000000072	epochs	3.0
1155.1948072182556	0.0668422000001101	epochs	3.0
1155.2616494182557	0.13067519999981414	epochs	2.0
1155.2616494182557	0.06582909999997355	epochs	3.0
1155.3274785182557	0.06484609999984059	epochs	3.0
1155.3923246182555	0.12685780000015257	epochs	2.0
1155.3923246182555	0.06389200000012352	epochs	3.0
1155.4562166182557	0.06296580000002905	epochs	3.0
1155.5191824182557	0.12325719999989815	epochs	2.0
1155.5191824182557	0.06206580000002759	epochs	3.0
1155.5812482182557	0.061191399999870555	epochs	3.0
1155.6424396182556	0.11985540000000583	epochs	2.0
1155.6424396182556	0.060341099999959624	epochs	3.0
1155.7027807182556	0.059514300000046205	epochs	3.0
1155.7622950182556	0.11663620000012997	epochs	2.0
1155.7622950182556	0.058709599999929196	epochs	3.0
1155.8210046182555	0.05792660000020078	epochs	3.0
1155.8789312182557	0.11358559999985118	epochs	2.0
1155.8789312182557	0.05716419999998834	epochs	3.0
1155.9360954182557	0.05642139999986284	epochs	3.0
1155.9925168182556	0.11069050000014613	epochs	2.0
1155.9925168182556	0.055697900000041045	epochs	3.0
1156.0482147182556	0.054992600000105085	epochs	3.0
1156.1032073182557	0.10793909999983953	epochs	2.0
1156.1032073182557	0.054304899999806366	epochs	3.0
1156.1575122182555	0.05363420000003316	epochs	3.0
1156.2111464182556	0.10532149999994544	epochs	2.0
1156.2111464182556	0.052980000000161453	epochs	3.0
1156.2641264182557	0.05234149999978399	epochs	3.0
1156.3164679182555	0.10282760000018243	epochs	2.0
1156.3164679182555	0.05171810000001642	epochs	3.0
1156.3681860182555	0.05110950000016601	epochs	3.0
1156.4192955182557	0.10044909999987794	epochs	2.0
1156.4192955182557	0.0505148999998255	epochs	3.0
1156.4698104182555	0.04993420000005244	epochs	3.0
1156.5197446182556	0.0981782999999723	epochs	2.0
1156.5197446182556	0.04936659999998483	epochs	3.0
1156.5691112182556	0.04881169999998747	epochs	3.0
1156.6179229182555	0.09600780000005216	epochs	2.0
1156.6179229182555	0.04826920000004975	epochs	3.0
1156.6661921182556	0.04773860000000241	epochs	3.0
1156.7139307182556	0.09393120000004274	epochs	2.0
1156.7139307182556	0.04721949999998287	epochs	3.0
1156.7611502182556	0.046711700000059864	epochs	3.0
1156.8078619182556	0.09194260000003851	epochs	2.0
1156.8078619182556	0.046214599999984785	epochs	3.0
1156.8540765182556	0.045728000000053726	epochs	3.0
1156.8998045182557	0.09003629999983787	epochs	2.0
1156.8998045182557	0.045251499999949374	epochs	3.0
1156.9450560182556	0.04478479999988849	epochs	3.0
1156.9898408182555	0.08820760000003247	epochs	2.0
1156.9898408182555	0.044327800000019124	epochs	3.0
1157.0341686182555	0.04387980000001335	epochs	3.0
1157.0780484182555	0.0864516999999978	epochs	2.0
1157.0780484182555	0.04344100000002982	epochs	3.0
1157.1214894182556	0.04301069999996798	epochs	3.0
1157.1645001182555	0.08476429999996071	epochs	2.0
1157.1645001182555	0.04258900000013455	epochs	3.0
1157.2070891182557	0.042175299999826166	epochs	3.0
1157.2492644182555	0.08314150000001064	epochs	2.0
1157.2492644182555	0.04176970000003166	epochs	3.0
1157.2910341182555	0.041371799999978975	epochs	3.0
1157.3324059182555	0.08157970000002024	epochs	2.0
1157.3324059182555	0.04098140000019157	epochs	3.0
1157.3733873182557	0.04059829999982867	epochs	3.0
1157.4139856182555	0.08007550000002084	epochs	2.0
1157.4139856182555	0.040222300000095856	epochs	3.0
1157.4542079182556	0.03985319999992498	epochs	3.0
1157.4940611182556	0.07862569999997504	epochs	2.0
1157.4940611182556	0.039490800000066884	epochs	3.0
1157.5335519182556	0.03913489999990816	epochs	3.0
1157.5726868182555	0.07722760000001472	epochs	2.0
1157.5726868182555	0.038785400000051595	epochs	3.0
1157.6114722182556	0.03844219999996312	epochs	3.0
1157.6499144182555	0.07587820000003376	epochs	2.0
1157.6499144182555	0.03810480000015559	epochs	3.0
1157.6880192182557	0.037773399999878166	epochs	3.0
1157.7257926182556	0.0745752000000266	epochs	2.0
1157.7257926182556	0.03744770000002973	epochs	3.0
1157.7632403182556	0.03712749999999687	epochs	3.0
1157.8003678182556	0.07331629999998768	epochs	2.0
1157.8003678182556	0.0368129000000863	epochs	3.0
1157.8371807182557	0.036503399999901376	epochs	3.0
1157.8736841182556	0.07209899999998015	epochs	2.0
1157.8736841182556	0.03619909999997617	epochs	3.0
1157.9098832182556	0.03589990000000398	epochs	3.0
1157.9457831182556	0.07092170000009901	epochs	2.0
1157.9457831182556	0.03560560000005353	epochs	3.0
1157.9813887182556	0.03531610000004548	epochs	3.0
1158.0167048182557	0.06978200000003199	epochs	2.0
1158.0167048182557	0.03503120000004856	epochs	3.0
1158.0517360182557	0.03475079999998343	epochs	3.0
1158.0864868182557	0.06867859999988468	epochs	2.0
1158.0864868182557	0.03447510000000875	epochs	3.0
1158.1209619182557	0.03420349999987593	epochs	3.0
1158.1551654182556	0.06760929999995824	epochs	2.0
1158.1551654182556	0.033936199999970995	epochs	3.0
1158.1891016182556	0.033673099999987244	epochs	3.0
1158.2227747182556	0.06657289999998284	epochs	2.0
1158.2227747182556	0.03341399999999339	epochs	3.0
1158.2561887182555	0.033158899999989444	epochs	3.0
1158.2893476182555	0.06556780000005347	epochs	2.0
1158.2893476182555	0.03290770000012344	epochs	3.0
1158.3222553182557	0.032660099999930026	epochs	3.0
1158.3549154182556	0.06459259999996902	epochs	2.0
1158.3549154182556	0.03241640000010193	epochs	3.0
1158.3873318182557	0.032176199999867094	epochs	3.0
1158.4195080182556	0.06364600000006249	epochs	2.0
1158.4195080182556	0.03193959999998697	epochs	3.0
1158.4514476182555	0.03170640000007552	epochs	3.0
1158.4831540182556	0.0627266999999847	epochs	2.0
1158.4831540182556	0.031476599999905375	epochs	3.0
1158.5146306182555	0.03125010000007933	epochs	3.0
1158.5458807182556	0.06183359999999993	epochs	2.0
1158.5458807182556	0.03102689999991526	epochs	3.0
1158.5769076182555	0.030806700000084675	epochs	3.0
1158.6077143182556	0.060965599999917686	epochs	2.0
1158.6077143182556	0.030589799999916067	epochs	3.0
1158.6383041182555	0.030375800000001618	epochs	3.0
1158.6686799182555	0.06012160000000222	epochs	2.0
1158.6686799182555	0.030164900000045236	epochs	3.0
1158.6988448182556	0.02995669999995698	epochs	3.0
1158.7288015182555	0.05930069999999432	epochs	2.0
1158.7288015182555	0.029751600000054168	epochs	3.0
1158.7585531182556	0.029549099999940154	epochs	3.0
1158.7881022182555	0.058501800000158255	epochs	2.0
1158.7881022182555	0.02934940000000097	epochs	3.0
1158.8174516182555	0.029152400000157286	epochs	3.0
1158.8466040182557	0.05772419999993872	epochs	2.0
1158.8466040182557	0.028957999999875028	epochs	3.0
1158.8755620182556	0.02876620000006369	epochs	3.0
1158.9043282182556	0.05696710000006533	epochs	2.0
1158.9043282182556	0.028577000000041153	epochs	3.0
1158.9329052182557	0.028390100000024177	epochs	3.0
1158.9612953182557	0.05622949999997218	epochs	2.0
1158.9612953182557	0.028205699999944045	epochs	3.0
1158.9895010182556	0.028023800000028132	epochs	3.0
1159.0175248182557	0.05551070000001346	epochs	2.0
1159.0175248182557	0.027843999999959124	epochs	3.0
1159.0453688182556	0.027666700000054334	epochs	3.0
1159.0730355182557	0.054810200000019904	epochs	2.0
1159.0730355182557	0.02749149999999645	epochs	3.0
1159.1005270182557	0.027318700000023455	epochs	3.0
1159.1278457182557	0.054126999999880354	epochs	2.0
1159.1278457182557	0.027147799999966082	epochs	3.0
1159.1549935182557	0.026979199999914272	epochs	3.0
1159.1819727182556	0.053460699999959616	epochs	2.0
1159.1819727182556	0.026812600000084785	epochs	3.0
1159.2087853182557	0.02664809999987483	epochs	3.0
1159.2354334182555	0.05281070000000909	epochs	2.0
1159.2354334182555	0.026485600000114573	epochs	3.0
1159.2619190182556	0.02632509999989452	epochs	3.0
1159.2882441182555	0.05217620000007628	epochs	2.0
1159.2882441182555	0.02616640000019288	epochs	3.0
1159.3144105182557	0.0260097999998834	epochs	3.0
1159.3404203182556	0.051556699999991906	epochs	2.0
1159.3404203182556	0.025854799999933675	epochs	3.0
1159.3662751182555	0.02570190000005823	epochs	3.0
1159.3919770182556	0.05095189999997274	epochs	2.0
1159.3919770182556	0.025550699999939752	epochs	3.0
1159.4175277182555	0.025401200000032986	epochs	3.0
1159.4429289182556	0.05036100000006627	epochs	2.0
1159.4429289182556	0.025253499999962514	epochs	3.0
1159.4681824182555	0.025107500000103755	epochs	3.0
1159.4932899182556	0.04978379999988647	epochs	2.0
1159.4932899182556	0.02496320000000196	epochs	3.0
1159.5182531182556	0.024820599999884507	epochs	3.0
1159.5430737182555	0.04921950000016295	epochs	2.0
1159.5430737182555	0.024679400000195528	epochs	3.0
1159.5677531182557	0.024540099999967424	epochs	3.0
1159.5922932182557	0.04866789999982757	epochs	2.0
1159.5922932182557	0.024402099999861093	epochs	3.0
1159.6166953182556	0.024265799999966475	epochs	3.0
1159.6409611182555	0.04812860000015462	epochs	2.0
1159.6409611182555	0.024131000000124914	epochs	3.0
1159.6650921182556	0.023997600000029706	epochs	3.0
1159.6890897182557	0.04760109999983797	epochs	2.0
1159.6890897182557	0.02386579999983951	epochs	3.0
1159.7129555182555	0.02373529999999846	epochs	3.0
1159.7366908182555	0.04708500000015192	epochs	2.0
1159.7366908182555	0.023606300000210467	epochs	3.0
1159.7602971182557	0.023478699999941455	epochs	3.0
1159.7837758182557	0.046579999999948996	epochs	2.0
1159.7837758182557	0.023352499999873544	epochs	3.0
1159.8071283182555	0.02322750000007545	epochs	3.0
1159.8303558182556	0.046085700000048746	epochs	2.0
1159.8303558182556	0.023104000000103042	epochs	3.0
1159.8534598182557	0.022981699999945704	epochs	3.0
1159.8764415182557	0.045601799999985815	epochs	2.0
1159.8764415182557	0.02286069999991014	epochs	3.0
1159.8993022182556	0.022741100000075676	epochs	3.0
1159.9220433182556	0.045127899999897636	epochs	2.0
1159.9220433182556	0.022622499999897627	epochs	3.0
1159.9446658182555	0.02250540000000001	epochs	3.0
1159.9671712182555	0.0446638000000803	epochs	2.0
1159.9671712182555	0.02238929999998618	epochs	3.0
1159.9895605182555	0.022274500000094122	epochs	3.0
1160.0118350182556	0.04420920000006845	epochs	2.0
1160.0118350182556	0.022160799999937808	epochs	3.0
1160.0339958182556	0.02204840000013064	epochs	3.0
1160.0560442182557	0.04376359999992019	epochs	2.0
1160.0560442182557	0.02193689999990056	epochs	3.0
1160.0779811182556	0.021826700000019628	epochs	3.0
1160.0998078182556	0.04332709999994222	epochs	2.0
1160.0998078182556	0.02171760000010181	epochs	3.0
1160.1215254182557	0.02160949999984041	epochs	3.0
1160.1431349182556	0.04289900000003399	epochs	2.0
1160.1431349182556	0.02150249999999687	epochs	3.0
1160.1646374182556	0.021396500000037122	epochs	3.0
1160.1860339182556	0.04247950000012679	epochs	2.0
1160.1860339182556	0.021291700000119818	epochs	3.0
1160.2073256182557	0.021187800000006973	epochs	3.0
1160.2285134182557	0.04206789999989269	epochs	2.0
1160.2285134182557	0.02108490000000529	epochs	3.0
1160.2495983182557	0.020982999999887397	epochs	3.0
1160.2705813182556	0.04166439999994509	epochs	2.0
1160.2705813182556	0.020882199999959994	epochs	3.0
1160.2914635182556	0.020782199999985096	epochs	3.0
1160.3122457182556	0.04126850000011473	epochs	2.0
1160.3122457182556	0.020683299999973315	epochs	3.0
1160.3329290182555	0.020585200000141413	epochs	3.0
1160.3535142182557	0.04088000000001557	epochs	2.0
1160.3535142182557	0.020488099999965925	epochs	3.0
1160.3740023182556	0.020391900000049645	epochs	3.0
1160.3943942182557	0.04049880000002304	epochs	2.0
1160.3943942182557	0.020296599999937825	epochs	3.0
1160.4146908182556	0.020202200000085213	epochs	3.0
1160.4348930182557	0.040124599999899146	epochs	2.0
1160.4348930182557	0.020108699999809687	epochs	3.0
1160.4550017182555	0.02001590000008946	epochs	3.0
1160.4750176182556	0.03975730000001931	epochs	2.0
1160.4750176182556	0.019924200000104975	epochs	3.0
1160.4949418182557	0.01983309999991434	epochs	3.0
1160.5147749182556	0.03939669999999751	epochs	2.0
1160.5147749182556	0.01974300000006224	epochs	3.0
1160.5345179182557	0.01965369999993527	epochs	3.0
1160.5541716182556	0.03904239999997117	epochs	2.0
1160.5541716182556	0.019565099999908853	epochs	3.0
1160.5737367182555	0.019477300000062314	epochs	3.0
1160.5932140182556	0.038694600000098944	epochs	2.0
1160.5932140182556	0.019390400000020236	epochs	3.0
1160.6126044182556	0.01930420000007871	epochs	3.0
1160.6319086182557	0.038352899999836154	epochs	2.0
1160.6319086182557	0.019218799999862313	epochs	3.0
1160.6511274182556	0.01913409999997384	epochs	3.0
1160.6702615182555	0.03801720000001296	epochs	2.0
1160.6702615182555	0.019050200000037876	epochs	3.0
1160.6893117182556	0.018966999999975087	epochs	3.0
1160.7082787182555	0.03768720000016401	epochs	2.0
1160.7082787182555	0.01888450000001285	epochs	3.0
1160.7271632182556	0.018802700000151162	epochs	3.0
1160.7459659182557	0.03736309999999321	epochs	2.0
1160.7459659182557	0.018721700000014607	epochs	3.0
1160.7646876182557	0.018641399999978603	epochs	3.0
1160.7833290182557	0.03704429999993408	epochs	2.0
1160.7833290182557	0.018561599999884493	epochs	3.0
1160.8018906182556	0.01848270000004959	epochs	3.0
1160.8203733182556	0.03673099999991791	epochs	2.0
1160.8203733182556	0.018404299999929208	epochs	3.0
1160.8387776182556	0.018326699999988705	epochs	3.0
1160.8571043182556	0.03642290000016146	epochs	2.0
1160.8571043182556	0.018249599999990096	epochs	3.0
1160.8753539182555	0.018173300000171366	epochs	3.0
1160.8935272182557	0.036120099999834565	epochs	2.0
1160.8935272182557	0.01809759999991911	epochs	3.0
1160.9116248182556	0.018022499999915453	epochs	3.0
1160.9296473182555	0.035822100000132195	epochs	2.0
1160.9296473182555	0.017947900000081063	epochs	3.0
1160.9475952182556	0.017874200000051133	epochs	3.0
1160.9654694182557	0.03552899999999681	epochs	2.0
1160.9654694182557	0.017800800000031813	epochs	3.0
1160.9832702182557	0.017728199999965	epochs	3.0
1161.0009984182557	0.03524070000003121	epochs	2.0
1161.0009984182557	0.01765609999984008	epochs	3.0
1161.0186545182555	0.01758460000019113	epochs	3.0
1161.0362391182557	0.03495709999992869	epochs	2.0
1161.0362391182557	0.017513699999881283	epochs	3.0
1161.0537528182556	0.017443400000047404	epochs	3.0
1161.0711962182556	0.034677899999906	epochs	2.0
1161.0711962182556	0.017373599999928047	epochs	3.0
1161.0885698182556	0.017304299999977957	epochs	3.0
1161.1058741182555	0.03440330000012182	epochs	2.0
1161.1058741182555	0.017235700000128418	epochs	3.0
1161.1231098182557	0.0171675999999934	epochs	3.0
1161.1402774182557	0.03413279999995211	epochs	2.0
1161.1402774182557	0.01709989999994832	epochs	3.0
1161.1573773182556	0.017032900000003792	epochs	3.0
1161.1744102182556	0.03386670000008962	epochs	2.0
1161.1744102182556	0.01696640000000116	epochs	3.0
1161.1913766182556	0.016900300000088464	epochs	3.0
1161.2082769182557	0.03360459999998966	epochs	2.0
1161.2082769182557	0.01683479999996962	epochs	3.0
1161.2251117182557	0.01676980000002004	epochs	3.0
1161.2418815182557	0.033346599999958926	epochs	2.0
1161.2418815182557	0.016705300000012357	epochs	3.0
1161.2585868182557	0.01664129999994657	epochs	3.0
1161.2752281182557	0.03309250000006614	epochs	2.0
1161.2752281182557	0.016577800000050047	epochs	3.0
1161.2918059182557	0.01651470000001609	epochs	3.0
1161.3083206182557	0.03284229999985655	epochs	2.0
1161.3083206182557	0.01645220000000336	epochs	3.0
1161.3247728182557	0.01639009999985319	epochs	3.0
1161.3411629182556	0.03259570000000167	epochs	2.0
1161.3411629182556	0.016328400000020338	epochs	3.0
1161.3574913182556	0.016267299999981333	epochs	3.0
1161.3737586182556	0.032352899999978035	epochs	2.0
1161.3737586182556	0.016206600000032267	epochs	3.0
1161.3899652182556	0.016146299999945768	epochs	3.0
1161.4061115182556	0.032113700000081735	epochs	2.0
1161.4061115182556	0.016086600000107865	epochs	3.0
1161.4221981182557	0.01602709999997387	epochs	3.0
1161.4382252182556	0.03187800000000607	epochs	2.0
1161.4382252182556	0.015968200000088473	epochs	3.0
1161.4541934182557	0.015909799999917595	epochs	3.0
1161.4701032182556	0.03164569999989908	epochs	2.0
1161.4701032182556	0.015851599999905375	epochs	3.0
1161.4859548182555	0.015794099999993705	epochs	3.0
1161.5017489182555	0.03141670000013619	epochs	2.0
1161.5017489182555	0.015736700000161363	epochs	3.0
1161.5174856182557	0.015679999999974825	epochs	3.0
1161.5331656182557	0.03119109999988723	epochs	2.0
1161.5331656182557	0.015623600000026272	epochs	3.0
1161.5487892182557	0.015567499999860956	epochs	3.0
1161.5643567182556	0.03096870000013041	epochs	2.0
1161.5643567182556	0.015511999999944237	epochs	3.0
1161.5798687182555	0.015456700000186174	epochs	3.0
1161.5953254182557	0.030749499999956242	epochs	2.0
1161.5953254182557	0.015401999999994587	epochs	3.0
1161.6107274182557	0.015347499999961656	epochs	3.0
1161.6260749182557	0.03053320000003623	epochs	2.0
1161.6260749182557	0.015293400000018664	epochs	3.0
1161.6413683182557	0.015239800000017567	epochs	3.0
1161.6566081182557	0.030320099999926242	epochs	2.0
1161.6566081182557	0.015186500000027081	epochs	3.0
1161.6717946182557	0.015133599999899161	epochs	3.0
1161.6869282182556	0.03010990000007041	epochs	2.0
1161.6869282182556	0.015081000000009226	epochs	3.0
1161.7020092182556	0.015028900000061185	epochs	3.0
1161.7170381182557	0.029902499999934662	epochs	2.0
1161.7170381182557	0.014976999999817053	epochs	3.0
1161.7320151182555	0.014925500000117609	epochs	3.0
1161.7469406182556	0.029698099999905025	epochs	2.0
1161.7469406182556	0.014874400000053356	epochs	3.0
1161.7618150182557	0.01482369999985167	epochs	3.0
1161.7766387182555	0.029496300000118936	epochs	2.0
1161.7766387182555	0.014773200000036013	epochs	3.0
1161.7914119182556	0.014723100000082923	epochs	3.0
1161.8061350182556	0.029297399999904883	epochs	2.0
1161.8061350182556	0.014673399999992398	epochs	3.0
1161.8208084182556	0.014623999999912485	epochs	3.0
1161.8354324182556	0.02910110000016175	epochs	2.0
1161.8354324182556	0.014574900000070556	epochs	3.0
1161.8500073182556	0.014526200000091194	epochs	3.0
1161.8645335182557	0.028907399999980044	epochs	2.0
1161.8645335182557	0.01447769999981574	epochs	3.0
1161.8790112182555	0.014429700000164303	epochs	3.0
1161.8934409182557	0.028716199999962555	epochs	2.0
1161.8934409182557	0.014381799999910072	epochs	3.0
1161.9078227182556	0.014334400000052483	epochs	3.0
1161.9221571182557	0.02852759999996124	epochs	2.0
1161.9221571182557	0.014287199999898803	epochs	3.0
1161.9364443182556	0.014240400000062436	epochs	3.0
1161.9506847182556	0.028341400000044814	epochs	2.0
1161.9506847182556	0.014193799999929979	epochs	3.0
1161.9648785182555	0.014147600000114835	epochs	3.0
1161.9790261182557	0.028157700000065233	epochs	2.0
1161.9790261182557	0.014101699999855555	epochs	3.0
1161.9931278182555	0.014056000000209679	epochs	3.0
1162.0071838182557	0.02797629999986384	epochs	2.0
1162.0071838182557	0.014010599999892293	epochs	3.0
1162.0211944182556	0.013965699999971548	epochs	3.0
1162.0351601182556	0.027797200000122757	epochs	2.0
1162.0351601182556	0.013920800000050804	epochs	3.0
1162.0490809182556	0.013876400000071953	epochs	3.0
1162.0629573182557	0.027620399999932488	epochs	2.0
1162.0629573182557	0.013832199999797012	epochs	3.0
1162.0767895182555	0.013788200000135475	epochs	3.0
1162.0905777182556	0.027445899999975154	epochs	2.0
1162.0905777182556	0.013744599999881757	epochs	3.0
1162.1043223182555	0.013701300000093397	epochs	3.0
1162.1180236182556	0.0272735000000921	epochs	2.0
1162.1180236182556	0.013658200000008947	epochs	3.0
1162.1316818182556	0.013615300000083153	epochs	3.0
1162.1452971182557	0.027103399999987232	epochs	2.0
1162.1452971182557	0.01357279999979255	epochs	3.0
1162.1588699182555	0.013530600000194681	epochs	3.0
1162.1724005182557	0.02693520000002536	epochs	2.0
1162.1724005182557	0.01348839999991469	epochs	3.0
1162.1858889182556	0.01344680000011067	epochs	3.0
1162.1993357182557	0.026769199999989723	epochs	2.0
1162.1993357182557	0.013405199999851902	epochs	3.0
1162.2127409182556	0.013364000000137821	epochs	3.0
1162.2261049182557	0.026605199999949036	epochs	2.0
1162.2261049182557	0.013322899999820947	epochs	3.0
1162.2394278182555	0.013282300000128089	epochs	3.0
1162.2527101182557	0.0264431999999033	epochs	2.0
1162.2527101182557	0.013241699999980483	epochs	3.0
1162.2659518182556	0.013201499999922817	epochs	3.0
1162.2791533182556	0.026283200000079887	epochs	2.0
1162.2791533182556	0.013161500000023807	epochs	3.0
1162.2923148182556	0.01312170000005608	epochs	3.0
1162.3054365182556	0.026124999999865395	epochs	2.0
1162.3054365182556	0.013082100000019636	epochs	3.0
1162.3185186182557	0.013042899999845758	epochs	3.0
1162.3315615182555	0.02596890000017993	epochs	2.0
1162.3315615182555	0.01300390000005791	epochs	3.0
1162.3445654182556	0.012965000000122018	epochs	3.0
1162.3575304182557	0.025814500000024054	epochs	2.0
1162.3575304182557	0.012926399999969362	epochs	3.0
1162.3704568182557	0.012888100000054692	epochs	3.0
1162.3833449182557	0.025661899999931848	epochs	2.0
1162.3833449182557	0.012849899999991976	epochs	3.0
1162.3961948182557	0.012811999999939871	epochs	3.0
1162.4090068182556	0.025511199999982637	epochs	2.0
1162.4090068182556	0.012774399999898378	epochs	3.0
1162.4217812182555	0.012736800000084258	epochs	3.0
1162.4345180182556	0.025362300000097093	epochs	2.0
1162.4345180182556	0.01269969999998466	epochs	3.0
1162.4472177182556	0.012662600000112434	epochs	3.0
1162.4598803182557	0.025214999999889187	epochs	2.0
1162.4598803182557	0.012625799999796072	epochs	3.0
1162.4725061182555	0.012589200000093115	epochs	3.0
1162.4850953182556	0.024584799999956886	epochs	2.0
1162.5087122182556	0.5	epochs	-1.0
1162.5096801182556	0.9999199999999746	epochs	1.0
1163.0087122182556	0.5	epochs	-1.0
1164.776999950409	0.08367999999995845	epochs	0.0
1164.776999950409	0.03684429999998429	epochs	1.0
1164.813844250409	0.00999139999998988	epochs	1.0
1164.823835650409	0.03684429999998429	epochs	1.0
1164.860679950409	2.0	epochs	0.0
1166.860679950409	0.5359200000000328	epochs	0.0
1166.860679950409	0.5359200000000328	epochs	1.0
1166.860752050409	0.5	epochs	-1.0
1167.360752050409	0.035847899999907895	epochs	-1.0
1167.396599950409	21.463999999999942	epochs	0.0
1168.7650003433228	0.08367999999995845	epochs	0.0
1168.7650003433228	0.03684429999998429	epochs	1.0
1168.8018446433227	0.00999139999998988	epochs	1.0
1168.8118360433227	0.03684429999998429	epochs	1.0
1168.8486803433227	2.0	epochs	0.0
1170.8486803433227	0.515920000000051	epochs	0.0
1170.8486803433227	0.515920000000051	epochs	1.0
1170.8487524433228	0.5	epochs	-1.0
1171.3487524433228	0.015847899999926085	epochs	-1.0
1171.3646003433228	21.483999999999924	epochs	0.0
1172.643000125885	0.08367999999995845	epochs	0.0
1172.643000125885	0.03684429999998429	epochs	1.0
1172.679844425885	0.00999139999998988	epochs	1.0
1172.689835825885	0.03684429999998429	epochs	1.0
1172.726680125885	2.0	epochs	0.0
1174.726680125885	21.515679999999975	epochs	0.0
1174.726680125885	1.0	epochs	1.0
1174.726752225885	0.5	epochs	-1.0
1175.226752225885	19.998959999999897	epochs	-1.0
1175.726680125885	20.0	epochs	1.0
1175.726680125885	4.356753900000058	epochs	-1.0
1175.726680125885	1.9745872000000873	epochs	2.0
1175.726680125885	1.0985622000000603	epochs	3.0
1176.825242325885	0.8760250000000269	epochs	3.0
1177.701267325885	1.3524075000000266	epochs	2.0
1177.701267325885	0.7286354999998821	epochs	3.0
1178.429902825885	0.6237720000001445	epochs	3.0
1179.053674825885	1.029759199999944	epochs	2.0
1179.053674825885	0.5453292999998212	epochs	3.0
1179.599004125885	0.48442990000012287	epochs	3.0
1180.083434025885	0.8317861999998968	epochs	2.0
1180.083434025885	0.4357763000000432	epochs	3.0
1180.519210325885	0.3960098999998536	epochs	3.0
1180.915220225885	0.6977970000000369	epochs	2.0
1180.915220225885	0.3628982000000178	epochs	3.0
1181.278118425885	0.33489880000001904	epochs	3.0
1181.613017225885	0.601045699999986	epochs	2.0
1181.613017225885	0.3109123000001546	epochs	3.0
1181.9239295258851	0.29013339999983145	epochs	3.0
1182.214062925885	0.5278859000000011	epochs	2.0
1182.214062925885	0.2719586000000618	epochs	3.0
1182.486021525885	0.25592729999993935	epochs	3.0
1182.741948825885	0.470619299999953	epochs	2.0
1182.741948825885	0.241681299999982	epochs	3.0
1182.983630125885	0.228937999999971	epochs	3.0
1183.212568125885	0.4245704000002206	epochs	2.0
1183.212568125885	0.21747140000002219	epochs	3.0
1183.430039525885	0.20709900000019843	epochs	3.0
1183.6371385258851	0.3867353999999068	epochs	2.0
1183.6371385258851	0.19767109999997956	epochs	3.0
1183.834809625885	0.18906429999992724	epochs	3.0
1184.023873925885	0.35509529999990264	epochs	2.0
1184.023873925885	0.18117589999997108	epochs	3.0
1184.205049825885	0.17391939999993156	epochs	3.0
1184.378969225885	0.3282431000000088	epochs	2.0
1184.378969225885	0.167221900000186	epochs	3.0
1184.5461911258851	0.16102119999982278	epochs	3.0
1184.707212325885	0.30516800000009425	epochs	2.0
1184.707212325885	0.15526390000013635	epochs	3.0
1184.862476225885	0.1499040999999579	epochs	3.0
1185.012380325885	0.28512529999989056	epochs	2.0
1185.012380325885	0.1449021000000812	epochs	3.0
1185.1572824258851	0.14022319999980937	epochs	3.0
1185.297505625885	0.267553800000087	epochs	2.0
1185.297505625885	0.13583690000018578	epochs	3.0
1185.433342525885	0.13171689999990122	epochs	3.0
1185.565059425885	0.252022899999929	epochs	2.0
1185.565059425885	0.1278393000000051	epochs	3.0
1185.692898725885	0.1241835999999239	epochs	3.0
1185.817082325885	0.23819649999995818	epochs	2.0
1185.817082325885	0.12073110000005727	epochs	3.0
1185.937813425885	0.11746539999990091	epochs	3.0
1186.055278825885	0.2258088000000953	epochs	2.0
1186.055278825885	0.11437190000015107	epochs	3.0
1186.169650725885	0.11143689999994422	epochs	3.0
1186.281087625885	0.21464599999990241	epochs	2.0
1186.281087625885	0.10864889999993466	epochs	3.0
1186.389736525885	0.10599709999996776	epochs	3.0
1186.495733625885	0.20453500000007807	epochs	2.0
1186.495733625885	0.10347150000006877	epochs	3.0
1186.599205125885	0.1010635000000093	epochs	3.0
1186.700268625885	0.19533400000000256	epochs	2.0
1186.700268625885	0.09876510000003691	epochs	3.0
1186.799033725885	0.09656889999996565	epochs	3.0
1186.895602625885	0.18692529999998442	epochs	2.0
1186.895602625885	0.09446830000001682	epochs	3.0
1186.990070925885	0.09245699999996759	epochs	3.0
1187.082527925885	0.1792107000001124	epochs	2.0
1187.082527925885	0.0905296000000817	epochs	3.0
1187.173057525885	0.08868110000003071	epochs	3.0
1187.261738625885	0.17210769999996955	epochs	2.0
1187.261738625885	0.08690630000000965	epochs	3.0
1187.348644925885	0.0852013999999599	epochs	3.0
1187.433846325885	0.16554640000003928	epochs	2.0
1187.433846325885	0.08356189999994967	epochs	3.0
1187.517408225885	0.08198450000008961	epochs	3.0
1187.599392725885	0.15946710000002895	epochs	2.0
1187.599392725885	0.08046539999986635	epochs	3.0
1187.679858125885	0.0790017000001626	epochs	3.0
1187.758859825885	0.1538183999998637	epochs	2.0
1187.758859825885	0.07759009999995214	epochs	3.0
1187.836449925885	0.07622829999991154	epochs	3.0
1187.912678225885	0.14855639999996129	epochs	2.0
1187.912678225885	0.07491329999993468	epochs	3.0
1187.987591525885	0.0736431000000266	epochs	3.0
1188.061234625885	0.14364240000008976	epochs	2.0
1188.061234625885	0.07241500000009182	epochs	3.0
1188.133649625885	0.07122739999999794	epochs	3.0
1188.204877025885	0.13904309999998077	epochs	2.0
1188.204877025885	0.07007799999996678	epochs	3.0
1188.274955025885	0.06896510000001399	epochs	3.0
1188.343920125885	0.1347293000001173	epochs	2.0
1188.343920125885	0.0678871000000072	epochs	3.0
1188.411807225885	0.0668422000001101	epochs	3.0
1188.4786494258851	0.13067519999981414	epochs	2.0
1188.4786494258851	0.06582909999997355	epochs	3.0
1188.544478525885	0.06484609999984059	epochs	3.0
1188.609324625885	0.12685780000015257	epochs	2.0
1188.609324625885	0.06389200000012352	epochs	3.0
1188.673216625885	0.06296580000002905	epochs	3.0
1188.736182425885	0.12325719999989815	epochs	2.0
1188.736182425885	0.06206580000002759	epochs	3.0
1188.7982482258851	0.061191399999870555	epochs	3.0
1188.859439625885	0.11985540000000583	epochs	2.0
1188.859439625885	0.060341099999959624	epochs	3.0
1188.919780725885	0.059514300000046205	epochs	3.0
1188.979295025885	0.11663620000012997	epochs	2.0
1188.979295025885	0.058709599999929196	epochs	3.0
1189.038004625885	0.05792660000020078	epochs	3.0
1189.0959312258851	0.11358559999985118	epochs	2.0
1189.0959312258851	0.05716419999998834	epochs	3.0
1189.153095425885	0.05642139999986284	epochs	3.0
1189.209516825885	0.11069050000014613	epochs	2.0
1189.209516825885	0.055697900000041045	epochs	3.0
1189.265214725885	0.054992600000105085	epochs	3.0
1189.3202073258851	0.10793909999983953	epochs	2.0
1189.3202073258851	0.054304899999806366	epochs	3.0
1189.374512225885	0.05363420000003316	epochs	3.0
1189.428146425885	0.10532149999994544	epochs	2.0
1189.428146425885	0.052980000000161453	epochs	3.0
1189.4811264258851	0.05234149999978399	epochs	3.0
1189.533467925885	0.10282760000018243	epochs	2.0
1189.533467925885	0.05171810000001642	epochs	3.0
1189.585186025885	0.05110950000016601	epochs	3.0
1189.636295525885	0.10044909999987794	epochs	2.0
1189.636295525885	0.0505148999998255	epochs	3.0
1189.686810425885	0.04993420000005244	epochs	3.0
1189.736744625885	0.0981782999999723	epochs	2.0
1189.736744625885	0.04936659999998483	epochs	3.0
1189.786111225885	0.04881169999998747	epochs	3.0
1189.834922925885	0.09600780000005216	epochs	2.0
1189.834922925885	0.04826920000004975	epochs	3.0
1189.883192125885	0.04773860000000241	epochs	3.0
1189.930930725885	0.09393120000004274	epochs	2.0
1189.930930725885	0.04721949999998287	epochs	3.0
1189.978150225885	0.046711700000059864	epochs	3.0
1190.024861925885	0.09194260000003851	epochs	2.0
1190.024861925885	0.046214599999984785	epochs	3.0
1190.071076525885	0.045728000000053726	epochs	3.0
1190.116804525885	0.09003629999983787	epochs	2.0
1190.116804525885	0.045251499999949374	epochs	3.0
1190.162056025885	0.04478479999988849	epochs	3.0
1190.206840825885	0.08820760000003247	epochs	2.0
1190.206840825885	0.044327800000019124	epochs	3.0
1190.251168625885	0.04387980000001335	epochs	3.0
1190.295048425885	0.0864516999999978	epochs	2.0
1190.295048425885	0.04344100000002982	epochs	3.0
1190.338489425885	0.04301069999996798	epochs	3.0
1190.381500125885	0.08476429999996071	epochs	2.0
1190.381500125885	0.04258900000013455	epochs	3.0
1190.424089125885	0.042175299999826166	epochs	3.0
1190.466264425885	0.08314150000001064	epochs	2.0
1190.466264425885	0.04176970000003166	epochs	3.0
1190.508034125885	0.041371799999978975	epochs	3.0
1190.549405925885	0.08157970000002024	epochs	2.0
1190.549405925885	0.04098140000019157	epochs	3.0
1190.590387325885	0.04059829999982867	epochs	3.0
1190.630985625885	0.08007550000002084	epochs	2.0
1190.630985625885	0.040222300000095856	epochs	3.0
1190.671207925885	0.03985319999992498	epochs	3.0
1190.711061125885	0.07862569999997504	epochs	2.0
1190.711061125885	0.039490800000066884	epochs	3.0
1190.750551925885	0.03913489999990816	epochs	3.0
1190.789686825885	0.07722760000001472	epochs	2.0
1190.789686825885	0.038785400000051595	epochs	3.0
1190.828472225885	0.03844219999996312	epochs	3.0
1190.866914425885	0.07587820000003376	epochs	2.0
1190.866914425885	0.03810480000015559	epochs	3.0
1190.905019225885	0.037773399999878166	epochs	3.0
1190.942792625885	0.0745752000000266	epochs	2.0
1190.942792625885	0.03744770000002973	epochs	3.0
1190.980240325885	0.03712749999999687	epochs	3.0
1191.017367825885	0.07331629999998768	epochs	2.0
1191.017367825885	0.0368129000000863	epochs	3.0
1191.054180725885	0.036503399999901376	epochs	3.0
1191.090684125885	0.07209899999998015	epochs	2.0
1191.090684125885	0.03619909999997617	epochs	3.0
1191.126883225885	0.03589990000000398	epochs	3.0
1191.162783125885	0.07092170000009901	epochs	2.0
1191.162783125885	0.03560560000005353	epochs	3.0
1191.198388725885	0.03531610000004548	epochs	3.0
1191.233704825885	0.06978200000003199	epochs	2.0
1191.233704825885	0.03503120000004856	epochs	3.0
1191.2687360258851	0.03475079999998343	epochs	3.0
1191.303486825885	0.06867859999988468	epochs	2.0
1191.303486825885	0.03447510000000875	epochs	3.0
1191.337961925885	0.03420349999987593	epochs	3.0
1191.372165425885	0.06760929999995824	epochs	2.0
1191.372165425885	0.033936199999970995	epochs	3.0
1191.406101625885	0.033673099999987244	epochs	3.0
1191.439774725885	0.06657289999998284	epochs	2.0
1191.439774725885	0.03341399999999339	epochs	3.0
1191.473188725885	0.033158899999989444	epochs	3.0
1191.506347625885	0.06556780000005347	epochs	2.0
1191.506347625885	0.03290770000012344	epochs	3.0
1191.539255325885	0.032660099999930026	epochs	3.0
1191.571915425885	0.06459259999996902	epochs	2.0
1191.571915425885	0.03241640000010193	epochs	3.0
1191.604331825885	0.032176199999867094	epochs	3.0
1191.636508025885	0.06364600000006249	epochs	2.0
1191.636508025885	0.03193959999998697	epochs	3.0
1191.668447625885	0.03170640000007552	epochs	3.0
1191.700154025885	0.0627266999999847	epochs	2.0
1191.700154025885	0.031476599999905375	epochs	3.0
1191.731630625885	0.03125010000007933	epochs	3.0
1191.762880725885	0.06183359999999993	epochs	2.0
1191.762880725885	0.03102689999991526	epochs	3.0
1191.793907625885	0.030806700000084675	epochs	3.0
1191.824714325885	0.060965599999917686	epochs	2.0
1191.824714325885	0.030589799999916067	epochs	3.0
1191.855304125885	0.030375800000001618	epochs	3.0
1191.885679925885	0.06012160000000222	epochs	2.0
1191.885679925885	0.030164900000045236	epochs	3.0
1191.915844825885	0.02995669999995698	epochs	3.0
1191.945801525885	0.05930069999999432	epochs	2.0
1191.945801525885	0.029751600000054168	epochs	3.0
1191.975553125885	0.029549099999940154	epochs	3.0
1192.005102225885	0.058501800000158255	epochs	2.0
1192.005102225885	0.02934940000000097	epochs	3.0
1192.034451625885	0.029152400000157286	epochs	3.0
1192.063604025885	0.05772419999993872	epochs	2.0
1192.063604025885	0.028957999999875028	epochs	3.0
1192.092562025885	0.02876620000006369	epochs	3.0
1192.121328225885	0.05696710000006533	epochs	2.0
1192.121328225885	0.028577000000041153	epochs	3.0
1192.149905225885	0.028390100000024177	epochs	3.0
1192.178295325885	0.05622949999997218	epochs	2.0
1192.178295325885	0.028205699999944045	epochs	3.0
1192.206501025885	0.028023800000028132	epochs	3.0
1192.234524825885	0.05551070000001346	epochs	2.0
1192.234524825885	0.027843999999959124	epochs	3.0
1192.262368825885	0.027666700000054334	epochs	3.0
1192.290035525885	0.054810200000019904	epochs	2.0
1192.290035525885	0.02749149999999645	epochs	3.0
1192.317527025885	0.027318700000023455	epochs	3.0
1192.344845725885	0.054126999999880354	epochs	2.0
1192.344845725885	0.027147799999966082	epochs	3.0
1192.371993525885	0.026979199999914272	epochs	3.0
1192.398972725885	0.053460699999959616	epochs	2.0
1192.398972725885	0.026812600000084785	epochs	3.0
1192.425785325885	0.02664809999987483	epochs	3.0
1192.452433425885	0.05281070000000909	epochs	2.0
1192.452433425885	0.026485600000114573	epochs	3.0
1192.478919025885	0.02632509999989452	epochs	3.0
1192.505244125885	0.05217620000007628	epochs	2.0
1192.505244125885	0.02616640000019288	epochs	3.0
1192.5314105258851	0.0260097999998834	epochs	3.0
1192.557420325885	0.051556699999991906	epochs	2.0
1192.557420325885	0.025854799999933675	epochs	3.0
1192.583275125885	0.02570190000005823	epochs	3.0
1192.608977025885	0.05095189999997274	epochs	2.0
1192.608977025885	0.025550699999939752	epochs	3.0
1192.634527725885	0.025401200000032986	epochs	3.0
1192.659928925885	0.05036100000006627	epochs	2.0
1192.659928925885	0.025253499999962514	epochs	3.0
1192.685182425885	0.025107500000103755	epochs	3.0
1192.710289925885	0.04978379999988647	epochs	2.0
1192.710289925885	0.02496320000000196	epochs	3.0
1192.735253125885	0.024820599999884507	epochs	3.0
1192.760073725885	0.04921950000016295	epochs	2.0
1192.760073725885	0.024679400000195528	epochs	3.0
1192.7847531258851	0.024540099999967424	epochs	3.0
1192.809293225885	0.04866789999982757	epochs	2.0
1192.809293225885	0.024402099999861093	epochs	3.0
1192.833695325885	0.024265799999966475	epochs	3.0
1192.857961125885	0.04812860000015462	epochs	2.0
1192.857961125885	0.024131000000124914	epochs	3.0
1192.882092125885	0.023997600000029706	epochs	3.0
1192.906089725885	0.04760109999983797	epochs	2.0
1192.906089725885	0.02386579999983951	epochs	3.0
1192.929955525885	0.02373529999999846	epochs	3.0
1192.953690825885	0.04708500000015192	epochs	2.0
1192.953690825885	0.023606300000210467	epochs	3.0
1192.9772971258851	0.023478699999941455	epochs	3.0
1193.000775825885	0.046579999999948996	epochs	2.0
1193.000775825885	0.023352499999873544	epochs	3.0
1193.024128325885	0.02322750000007545	epochs	3.0
1193.047355825885	0.046085700000048746	epochs	2.0
1193.047355825885	0.023104000000103042	epochs	3.0
1193.070459825885	0.022981699999945704	epochs	3.0
1193.093441525885	0.045601799999985815	epochs	2.0
1193.093441525885	0.02286069999991014	epochs	3.0
1193.116302225885	0.022741100000075676	epochs	3.0
1193.139043325885	0.045127899999897636	epochs	2.0
1193.139043325885	0.022622499999897627	epochs	3.0
1193.161665825885	0.02250540000000001	epochs	3.0
1193.184171225885	0.0446638000000803	epochs	2.0
1193.184171225885	0.02238929999998618	epochs	3.0
1193.206560525885	0.022274500000094122	epochs	3.0
1193.228835025885	0.04420920000006845	epochs	2.0
1193.228835025885	0.022160799999937808	epochs	3.0
1193.250995825885	0.02204840000013064	epochs	3.0
1193.273044225885	0.04376359999992019	epochs	2.0
1193.273044225885	0.02193689999990056	epochs	3.0
1193.294981125885	0.021826700000019628	epochs	3.0
1193.316807825885	0.04332709999994222	epochs	2.0
1193.316807825885	0.02171760000010181	epochs	3.0
1193.338525425885	0.02160949999984041	epochs	3.0
1193.360134925885	0.04289900000003399	epochs	2.0
1193.360134925885	0.02150249999999687	epochs	3.0
1193.381637425885	0.021396500000037122	epochs	3.0
1193.403033925885	0.04247950000012679	epochs	2.0
1193.403033925885	0.021291700000119818	epochs	3.0
1193.424325625885	0.021187800000006973	epochs	3.0
1193.445513425885	0.04206789999989269	epochs	2.0
1193.445513425885	0.02108490000000529	epochs	3.0
1193.4665983258851	0.020982999999887397	epochs	3.0
1193.487581325885	0.04166439999994509	epochs	2.0
1193.487581325885	0.020882199999959994	epochs	3.0
1193.508463525885	0.020782199999985096	epochs	3.0
1193.529245725885	0.04126850000011473	epochs	2.0
1193.529245725885	0.020683299999973315	epochs	3.0
1193.549929025885	0.020585200000141413	epochs	3.0
1193.570514225885	0.04088000000001557	epochs	2.0
1193.570514225885	0.020488099999965925	epochs	3.0
1193.591002325885	0.020391900000049645	epochs	3.0
1193.611394225885	0.04049880000002304	epochs	2.0
1193.611394225885	0.020296599999937825	epochs	3.0
1193.631690825885	0.020202200000085213	epochs	3.0
1193.651893025885	0.040124599999899146	epochs	2.0
1193.651893025885	0.020108699999809687	epochs	3.0
1193.672001725885	0.02001590000008946	epochs	3.0
1193.692017625885	0.03975730000001931	epochs	2.0
1193.692017625885	0.019924200000104975	epochs	3.0
1193.711941825885	0.01983309999991434	epochs	3.0
1193.731774925885	0.03939669999999751	epochs	2.0
1193.731774925885	0.01974300000006224	epochs	3.0
1193.751517925885	0.01965369999993527	epochs	3.0
1193.771171625885	0.03904239999997117	epochs	2.0
1193.771171625885	0.019565099999908853	epochs	3.0
1193.790736725885	0.019477300000062314	epochs	3.0
1193.810214025885	0.038694600000098944	epochs	2.0
1193.810214025885	0.019390400000020236	epochs	3.0
1193.829604425885	0.01930420000007871	epochs	3.0
1193.848908625885	0.038352899999836154	epochs	2.0
1193.848908625885	0.019218799999862313	epochs	3.0
1193.868127425885	0.01913409999997384	epochs	3.0
1193.887261525885	0.03801720000001296	epochs	2.0
1193.887261525885	0.019050200000037876	epochs	3.0
1193.906311725885	0.018966999999975087	epochs	3.0
1193.925278725885	0.03768720000016401	epochs	2.0
1193.925278725885	0.01888450000001285	epochs	3.0
1193.944163225885	0.018802700000151162	epochs	3.0
1193.962965925885	0.03736309999999321	epochs	2.0
1193.962965925885	0.018721700000014607	epochs	3.0
1193.9816876258851	0.018641399999978603	epochs	3.0
1194.000329025885	0.03704429999993408	epochs	2.0
1194.000329025885	0.018561599999884493	epochs	3.0
1194.018890625885	0.01848270000004959	epochs	3.0
1194.037373325885	0.03673099999991791	epochs	2.0
1194.037373325885	0.018404299999929208	epochs	3.0
1194.055777625885	0.018326699999988705	epochs	3.0
1194.074104325885	0.03642290000016146	epochs	2.0
1194.074104325885	0.018249599999990096	epochs	3.0
1194.092353925885	0.018173300000171366	epochs	3.0
1194.110527225885	0.036120099999834565	epochs	2.0
1194.110527225885	0.01809759999991911	epochs	3.0
1194.128624825885	0.018022499999915453	epochs	3.0
1194.146647325885	0.035822100000132195	epochs	2.0
1194.146647325885	0.017947900000081063	epochs	3.0
1194.164595225885	0.017874200000051133	epochs	3.0
1194.182469425885	0.03552899999999681	epochs	2.0
1194.182469425885	0.017800800000031813	epochs	3.0
1194.200270225885	0.017728199999965	epochs	3.0
1194.217998425885	0.03524070000003121	epochs	2.0
1194.217998425885	0.01765609999984008	epochs	3.0
1194.235654525885	0.01758460000019113	epochs	3.0
1194.253239125885	0.03495709999992869	epochs	2.0
1194.253239125885	0.017513699999881283	epochs	3.0
1194.270752825885	0.017443400000047404	epochs	3.0
1194.288196225885	0.034677899999906	epochs	2.0
1194.288196225885	0.017373599999928047	epochs	3.0
1194.305569825885	0.017304299999977957	epochs	3.0
1194.322874125885	0.03440330000012182	epochs	2.0
1194.322874125885	0.017235700000128418	epochs	3.0
1194.340109825885	0.0171675999999934	epochs	3.0
1194.357277425885	0.03413279999995211	epochs	2.0
1194.357277425885	0.01709989999994832	epochs	3.0
1194.374377325885	0.017032900000003792	epochs	3.0
1194.391410225885	0.03386670000008962	epochs	2.0
1194.391410225885	0.01696640000000116	epochs	3.0
1194.408376625885	0.016900300000088464	epochs	3.0
1194.425276925885	0.03360459999998966	epochs	2.0
1194.425276925885	0.01683479999996962	epochs	3.0
1194.442111725885	0.01676980000002004	epochs	3.0
1194.458881525885	0.033346599999958926	epochs	2.0
1194.458881525885	0.016705300000012357	epochs	3.0
1194.475586825885	0.01664129999994657	epochs	3.0
1194.492228125885	0.03309250000006614	epochs	2.0
1194.492228125885	0.016577800000050047	epochs	3.0
1194.508805925885	0.01651470000001609	epochs	3.0
1194.5253206258851	0.03284229999985655	epochs	2.0
1194.5253206258851	0.01645220000000336	epochs	3.0
1194.5417728258851	0.01639009999985319	epochs	3.0
1194.558162925885	0.03259570000000167	epochs	2.0
1194.558162925885	0.016328400000020338	epochs	3.0
1194.574491325885	0.016267299999981333	epochs	3.0
1194.590758625885	0.032352899999978035	epochs	2.0
1194.590758625885	0.016206600000032267	epochs	3.0
1194.606965225885	0.016146299999945768	epochs	3.0
1194.623111525885	0.032113700000081735	epochs	2.0
1194.623111525885	0.016086600000107865	epochs	3.0
1194.639198125885	0.01602709999997387	epochs	3.0
1194.655225225885	0.03187800000000607	epochs	2.0
1194.655225225885	0.015968200000088473	epochs	3.0
1194.6711934258851	0.015909799999917595	epochs	3.0
1194.687103225885	0.03164569999989908	epochs	2.0
1194.687103225885	0.015851599999905375	epochs	3.0
1194.702954825885	0.015794099999993705	epochs	3.0
1194.718748925885	0.03141670000013619	epochs	2.0
1194.718748925885	0.015736700000161363	epochs	3.0
1194.734485625885	0.015679999999974825	epochs	3.0
1194.750165625885	0.03119109999988723	epochs	2.0
1194.750165625885	0.015623600000026272	epochs	3.0
1194.765789225885	0.015567499999860956	epochs	3.0
1194.781356725885	0.03096870000013041	epochs	2.0
1194.781356725885	0.015511999999944237	epochs	3.0
1194.796868725885	0.015456700000186174	epochs	3.0
1194.812325425885	0.030749499999956242	epochs	2.0
1194.812325425885	0.015401999999994587	epochs	3.0
1194.827727425885	0.015347499999961656	epochs	3.0
1194.843074925885	0.03053320000003623	epochs	2.0
1194.843074925885	0.015293400000018664	epochs	3.0
1194.858368325885	0.015239800000017567	epochs	3.0
1194.873608125885	0.030320099999926242	epochs	2.0
1194.873608125885	0.015186500000027081	epochs	3.0
1194.888794625885	0.015133599999899161	epochs	3.0
1194.903928225885	0.03010990000007041	epochs	2.0
1194.903928225885	0.015081000000009226	epochs	3.0
1194.919009225885	0.015028900000061185	epochs	3.0
1194.934038125885	0.029902499999934662	epochs	2.0
1194.934038125885	0.014976999999817053	epochs	3.0
1194.949015125885	0.014925500000117609	epochs	3.0
1194.963940625885	0.029698099999905025	epochs	2.0
1194.963940625885	0.014874400000053356	epochs	3.0
1194.978815025885	0.01482369999985167	epochs	3.0
1194.993638725885	0.029496300000118936	epochs	2.0
1194.993638725885	0.014773200000036013	epochs	3.0
1195.008411925885	0.014723100000082923	epochs	3.0
1195.023135025885	0.029297399999904883	epochs	2.0
1195.023135025885	0.014673399999992398	epochs	3.0
1195.037808425885	0.014623999999912485	epochs	3.0
1195.052432425885	0.02910110000016175	epochs	2.0
1195.052432425885	0.014574900000070556	epochs	3.0
1195.067007325885	0.014526200000091194	epochs	3.0
1195.081533525885	0.028907399999980044	epochs	2.0
1195.081533525885	0.01447769999981574	epochs	3.0
1195.096011225885	0.014429700000164303	epochs	3.0
1195.110440925885	0.028716199999962555	epochs	2.0
1195.110440925885	0.014381799999910072	epochs	3.0
1195.124822725885	0.014334400000052483	epochs	3.0
1195.139157125885	0.02852759999996124	epochs	2.0
1195.139157125885	0.014287199999898803	epochs	3.0
1195.153444325885	0.014240400000062436	epochs	3.0
1195.167684725885	0.028341400000044814	epochs	2.0
1195.167684725885	0.014193799999929979	epochs	3.0
1195.181878525885	0.014147600000114835	epochs	3.0
1195.196026125885	0.028157700000065233	epochs	2.0
1195.196026125885	0.014101699999855555	epochs	3.0
1195.210127825885	0.014056000000209679	epochs	3.0
1195.2241838258851	0.02797629999986384	epochs	2.0
1195.2241838258851	0.014010599999892293	epochs	3.0
1195.238194425885	0.013965699999971548	epochs	3.0
1195.252160125885	0.027797200000122757	epochs	2.0
1195.252160125885	0.013920800000050804	epochs	3.0
1195.266080925885	0.013876400000071953	epochs	3.0
1195.279957325885	0.027620399999932488	epochs	2.0
1195.279957325885	0.013832199999797012	epochs	3.0
1195.293789525885	0.013788200000135475	epochs	3.0
1195.307577725885	0.027445899999975154	epochs	2.0
1195.307577725885	0.013744599999881757	epochs	3.0
1195.321322325885	0.013701300000093397	epochs	3.0
1195.335023625885	0.0272735000000921	epochs	2.0
1195.335023625885	0.013658200000008947	epochs	3.0
1195.348681825885	0.013615300000083153	epochs	3.0
1195.362297125885	0.027103399999987232	epochs	2.0
1195.362297125885	0.01357279999979255	epochs	3.0
1195.375869925885	0.013530600000194681	epochs	3.0
1195.389400525885	0.02693520000002536	epochs	2.0
1195.389400525885	0.01348839999991469	epochs	3.0
1195.402888925885	0.01344680000011067	epochs	3.0
1195.4163357258851	0.026769199999989723	epochs	2.0
1195.4163357258851	0.013405199999851902	epochs	3.0
1195.429740925885	0.013364000000137821	epochs	3.0
1195.443104925885	0.026605199999949036	epochs	2.0
1195.443104925885	0.013322899999820947	epochs	3.0
1195.456427825885	0.013282300000128089	epochs	3.0
1195.469710125885	0.0264431999999033	epochs	2.0
1195.469710125885	0.013241699999980483	epochs	3.0
1195.482951825885	0.013201499999922817	epochs	3.0
1195.496153325885	0.026283200000079887	epochs	2.0
1195.496153325885	0.013161500000023807	epochs	3.0
1195.509314825885	0.01312170000005608	epochs	3.0
1195.522436525885	0.026124999999865395	epochs	2.0
1195.522436525885	0.013082100000019636	epochs	3.0
1195.535518625885	0.013042899999845758	epochs	3.0
1195.548561525885	0.02596890000017993	epochs	2.0
1195.548561525885	0.01300390000005791	epochs	3.0
1195.561565425885	0.012965000000122018	epochs	3.0
1195.574530425885	0.025814500000024054	epochs	2.0
1195.574530425885	0.012926399999969362	epochs	3.0
1195.587456825885	0.012888100000054692	epochs	3.0
1195.600344925885	0.025661899999931848	epochs	2.0
1195.600344925885	0.012849899999991976	epochs	3.0
1195.613194825885	0.012811999999939871	epochs	3.0
1195.626006825885	0.025511199999982637	epochs	2.0
1195.626006825885	0.012774399999898378	epochs	3.0
1195.638781225885	0.012736800000084258	epochs	3.0
1195.651518025885	0.025362300000097093	epochs	2.0
1195.651518025885	0.01269969999998466	epochs	3.0
1195.664217725885	0.012662600000112434	epochs	3.0
1195.6768803258851	0.025214999999889187	epochs	2.0
1195.6768803258851	0.012625799999796072	epochs	3.0
1195.689506125885	0.012589200000093115	epochs	3.0
1195.702095325885	0.024584799999956886	epochs	2.0
1195.725712225885	0.5	epochs	-1.0
1195.726680125885	0.5156799999999748	epochs	1.0
1196.242360125885	0.4842399999999998	epochs	0.0
1197.3730001449585	0.08367999999995845	epochs	0.0
1197.3730001449585	0.03684429999998429	epochs	1.0
1197.4098444449585	0.00999139999998988	epochs	1.0
1197.4198358449585	0.03684429999998429	epochs	1.0
1197.4566801449585	2.0	epochs	0.0
1199.4566801449585	0.515920000000051	epochs	0.0
1199.4566801449585	0.515920000000051	epochs	1.0
1199.4567522449586	0.5	epochs	-1.0
1199.9567522449586	0.015847899999926085	epochs	-1.0
1199.9726001449585	21.483999999999924	epochs	0.0
1201.263000011444	0.08367999999995845	epochs	0.0
1201.263000011444	0.03684429999998429	epochs	1.0
1201.299844311444	0.00999139999998988	epochs	1.0
1201.309835711444	0.03684429999998429	epochs	1.0
1201.346680011444	2.0	epochs	0.0
1203.346680011444	0.5168800000001283	epochs	0.0
1203.346680011444	0.5168800000001283	epochs	1.0
1203.3467521114442	0.5	epochs	-1.0
1203.8467521114442	0.01680790000000343	epochs	-1.0
1203.8635600114442	21.483039999999846	epochs	0.0
1205.1540002822876	0.08367999999995845	epochs	0.0
1205.1540002822876	0.03684429999998429	epochs	1.0
1205.1908445822876	0.00999139999998988	epochs	1.0
1205.2008359822876	0.03684429999998429	epochs	1.0
1205.2376802822876	2.0	epochs	0.0
1207.2376802822876	0.515920000000051	epochs	0.0
1207.2376802822876	0.515920000000051	epochs	1.0
1207.2377523822877	0.5	epochs	-1.0
1207.7377523822877	0.015847899999926085	epochs	-1.0
1207.7536002822876	21.483999999999924	epochs	0.0
1209.0420002937317	0.08367999999995845	epochs	0.0
1209.0420002937317	0.03684429999998429	epochs	1.0
1209.0788445937317	0.00999139999998988	epochs	1.0
1209.0888359937317	0.03684429999998429	epochs	1.0
1209.1256802937316	2.0	epochs	0.0
1211.1256802937316	0.515920000000051	epochs	0.0
1211.1256802937316	0.515920000000051	epochs	1.0
1211.1257523937318	0.5	epochs	-1.0
1211.6257523937318	0.015847899999926085	epochs	-1.0
1211.6416002937317	21.483999999999924	epochs	0.0
1212.9310002326965	0.08367999999995845	epochs	0.0
1212.9310002326965	0.03684429999998429	epochs	1.0
1212.9678445326965	0.00999139999998988	epochs	1.0
1212.9778359326965	0.03684429999998429	epochs	1.0
1213.0146802326965	2.0	epochs	0.0
1215.0146802326965	0.515920000000051	epochs	0.0
1215.0146802326965	0.515920000000051	epochs	1.0
1215.0147523326966	0.5	epochs	-1.0
1215.5147523326966	0.015847899999926085	epochs	-1.0
1215.5306002326965	21.483999999999924	epochs	0.0
1216.7969999313354	0.08367999999995845	epochs	0.0
1216.7969999313354	0.03684429999998429	epochs	1.0
1216.8338442313354	0.00999139999998988	epochs	1.0
1216.8438356313354	0.03684429999998429	epochs	1.0
1216.8806799313354	2.0	epochs	0.0
1218.8806799313354	0.515920000000051	epochs	0.0
1218.8806799313354	0.515920000000051	epochs	1.0
1218.8807520313355	0.5	epochs	-1.0
1219.3807520313355	0.015847899999926085	epochs	-1.0
1219.3965999313355	21.483999999999924	epochs	0.0
1220.7179999351501	0.08367999999995845	epochs	0.0
1220.7179999351501	0.03684429999998429	epochs	1.0
1220.7548442351501	0.00999139999998988	epochs	1.0
1220.7648356351501	0.03684429999998429	epochs	1.0
1220.80167993515	2.0	epochs	0.0
1222.80167993515	0.515920000000051	epochs	0.0
1222.80167993515	0.515920000000051	epochs	1.0
1222.8017520351502	0.5	epochs	-1.0
1223.3017520351502	0.015847899999926085	epochs	-1.0
1223.3175999351502	21.483999999999924	epochs	0.0
1224.6100001335144	0.08367999999995845	epochs	0.0
1224.6100001335144	0.03684429999998429	epochs	1.0
1224.6468444335144	0.00999139999998988	epochs	1.0
1224.6568358335144	0.03684429999998429	epochs	1.0
1224.6936801335144	2.0	epochs	0.0
1226.6936801335144	0.515920000000051	epochs	0.0
1226.6936801335144	0.515920000000051	epochs	1.0
1226.6937522335145	0.5	epochs	-1.0
1227.1937522335145	0.015847899999926085	epochs	-1.0
1227.2096001335144	21.483999999999924	epochs	0.0
1228.5290002822876	0.08367999999995845	epochs	0.0
1228.5290002822876	0.03684429999998429	epochs	1.0
1228.5658445822876	0.00999139999998988	epochs	1.0
1228.5758359822876	0.03684429999998429	epochs	1.0
1228.6126802822876	2.0	epochs	0.0
1230.6126802822876	0.515920000000051	epochs	0.0
1230.6126802822876	0.515920000000051	epochs	1.0
1230.6127523822877	0.5	epochs	-1.0
1231.1127523822877	0.015847899999926085	epochs	-1.0
1231.1286002822876	21.483999999999924	epochs	0.0
1260.3850002288818	0.08367999999995845	epochs	0.0
1260.3850002288818	0.03684429999998429	epochs	1.0
1260.4218445288818	0.00999139999998988	epochs	1.0
1260.4318359288818	0.03684429999998429	epochs	1.0
1260.4686802288818	0.2299199999999928	epochs	0.0
1260.4686802288818	0.049999999999954525	epochs	1.0
1260.5186802288817	0.009999999999990905	epochs	1.0
1260.5286802288817	0.0500000000001819	epochs	1.0
1260.578680228882	0.009999999999990905	epochs	1.0
1260.588680228882	0.049999999999954525	epochs	1.0
1260.6386802288819	0.009999999999990905	epochs	1.0
1260.6486802288819	0.04991999999992913	epochs	1.0
