onset	duration	nwb_table	treelevel
8.933000087738037	0.09999999999999964	epochs	0.0
8.933000087738037	0.04499999999999993	epochs	1.0
8.978000087738037	0.009999999999999787	epochs	1.0
8.988000087738037	0.04499999999999993	epochs	1.0
9.033000087738037	0.7049950000000003	epochs	0.0
9.033000087738037	0.5	epochs	-1.0
9.033000087738037	0.5	epochs	-1.0
9.033000087738037	0.5	epochs	1.0
9.533000087738037	0.0600000000000005	epochs	-1.0
9.533000087738037	0.025000000000000355	epochs	-1.0
9.533000087738037	0.025000000000000355	epochs	1.0
9.558000087738037	0.009999999999999787	epochs	-1.0
9.558000087738037	0.009999999999999787	epochs	1.0
9.568000087738037	0.025000000000000355	epochs	-1.0
9.568000087738037	0.025000000000000355	epochs	1.0
9.593000087738037	0.0600000000000005	epochs	-1.0
9.593000087738037	0.025000000000000355	epochs	-1.0
9.593000087738037	0.025000000000000355	epochs	1.0
9.618000087738038	0.009999999999999787	epochs	-1.0
9.618000087738038	0.009999999999999787	epochs	1.0
9.628000087738037	0.025000000000000355	epochs	-1.0
9.628000087738037	0.025000000000000355	epochs	1.0
9.653000087738038	0.05999999999999872	epochs	-1.0
9.653000087738038	0.02499999999999858	epochs	-1.0
9.653000087738038	0.02499999999999858	epochs	1.0
9.678000087738036	0.010000000000001563	epochs	-1.0
9.678000087738036	0.010000000000001563	epochs	1.0
9.688000087738038	0.02499999999999858	epochs	-1.0
9.688000087738038	0.02499999999999858	epochs	1.0
9.713000087738036	0.024995000000000545	epochs	1.0
231.0939998626709	0.09999999999999432	epochs	0.0
231.0939998626709	0.044999999999987494	epochs	1.0
231.1389998626709	0.010000000000019327	epochs	1.0
231.1489998626709	0.044999999999987494	epochs	1.0
231.1939998626709	0.7049949999999967	epochs	0.0
231.1939998626709	0.5	epochs	-1.0
231.1939998626709	0.5	epochs	1.0
231.6939998626709	0.060000000000002274	epochs	-1.0
231.6939998626709	0.025000000000005684	epochs	-1.0
231.6939998626709	0.025000000000005684	epochs	1.0
231.7189998626709	0.009999999999990905	epochs	-1.0
231.7189998626709	0.009999999999990905	epochs	1.0
231.7289998626709	0.025000000000005684	epochs	-1.0
231.7289998626709	0.025000000000005684	epochs	1.0
231.7539998626709	0.060000000000002274	epochs	-1.0
231.7539998626709	0.025000000000005684	epochs	-1.0
231.7539998626709	0.025000000000005684	epochs	1.0
231.7789998626709	0.009999999999990905	epochs	-1.0
231.7789998626709	0.009999999999990905	epochs	1.0
231.7889998626709	0.025000000000005684	epochs	-1.0
231.7889998626709	0.025000000000005684	epochs	1.0
231.8139998626709	0.060000000000002274	epochs	-1.0
231.8139998626709	0.025000000000005684	epochs	-1.0
231.8139998626709	0.025000000000005684	epochs	1.0
231.8389998626709	0.009999999999990905	epochs	-1.0
231.8389998626709	0.009999999999990905	epochs	1.0
231.8489998626709	0.025000000000005684	epochs	-1.0
231.8489998626709	0.025000000000005684	epochs	1.0
231.8739998626709	0.024994999999989886	epochs	1.0
405.8010001182556	0.10000000000002274	epochs	0.0
405.8010001182556	0.045000000000015916	epochs	1.0
405.84600011825563	0.009999999999990905	epochs	1.0
405.8560001182556	0.045000000000015916	epochs	1.0
405.90100011825564	61.384995	epochs	0.0
405.90100011825564	0.5	epochs	-1.0
405.90100011825564	0.5	epochs	-1.0
405.90100011825564	0.5	epochs	1.0
406.40100011825564	0.060000000000002274	epochs	-1.0
406.40100011825564	0.024999999999977263	epochs	-1.0
406.40100011825564	0.024999999999977263	epochs	1.0
406.4260001182556	0.009999999999990905	epochs	-1.0
406.4260001182556	0.009999999999990905	epochs	1.0
406.4360001182556	0.025000000000034106	epochs	-1.0
406.4360001182556	0.025000000000034106	epochs	1.0
406.46100011825564	0.060000000000002274	epochs	-1.0
406.46100011825564	0.024999999999977263	epochs	-1.0
406.46100011825564	0.024999999999977263	epochs	1.0
406.4860001182556	0.009999999999990905	epochs	-1.0
406.4860001182556	0.009999999999990905	epochs	1.0
406.4960001182556	0.025000000000034106	epochs	-1.0
406.4960001182556	0.025000000000034106	epochs	1.0
406.52100011825564	0.05999999999994543	epochs	-1.0
406.52100011825564	0.024999999999977263	epochs	-1.0
406.52100011825564	0.024999999999977263	epochs	1.0
406.5460001182556	0.009999999999990905	epochs	-1.0
406.5460001182556	0.009999999999990905	epochs	1.0
406.5560001182556	0.024999999999977263	epochs	-1.0
406.5560001182556	0.024999999999977263	epochs	1.0
406.5810001182556	60.0	epochs	1.0
466.5810001182556	0.5	epochs	-1.0
466.5810001182556	0.5	epochs	-1.0
466.5810001182556	0.5	epochs	1.0
467.0810001182556	0.06000000000005912	epochs	-1.0
467.0810001182556	0.025000000000034106	epochs	-1.0
467.0810001182556	0.025000000000034106	epochs	1.0
467.1060001182556	0.009999999999990905	epochs	-1.0
467.1060001182556	0.009999999999990905	epochs	1.0
467.1160001182556	0.025000000000034106	epochs	-1.0
467.1160001182556	0.025000000000034106	epochs	1.0
467.14100011825565	0.05999999999994543	epochs	-1.0
467.14100011825565	0.024999999999977263	epochs	-1.0
467.14100011825565	0.024999999999977263	epochs	1.0
467.1660001182556	0.009999999999990905	epochs	-1.0
467.1660001182556	0.009999999999990905	epochs	1.0
467.1760001182556	0.024999999999977263	epochs	-1.0
467.1760001182556	0.024999999999977263	epochs	1.0
467.2010001182556	0.060000000000002274	epochs	-1.0
467.2010001182556	0.025000000000034106	epochs	-1.0
467.2010001182556	0.025000000000034106	epochs	1.0
467.2260001182556	0.009999999999990905	epochs	-1.0
467.2260001182556	0.009999999999990905	epochs	1.0
467.2360001182556	0.024999999999977263	epochs	-1.0
467.2360001182556	0.024999999999977263	epochs	1.0
467.2610001182556	0.02499500000004673	epochs	1.0
527.1139998435974	0.10000000000002274	epochs	0.0
527.1139998435974	0.04499999999995907	epochs	1.0
527.1589998435974	0.009999999999990905	epochs	1.0
527.1689998435974	0.04500000000007276	epochs	1.0
527.2139998435974	0.7049949999999399	epochs	0.0
527.2139998435974	0.5	epochs	-1.0
527.2139998435974	0.5	epochs	-1.0
527.2139998435974	0.5	epochs	1.0
527.7139998435974	0.05999999999994543	epochs	-1.0
527.7139998435974	0.024999999999977263	epochs	-1.0
527.7139998435974	0.024999999999977263	epochs	1.0
527.7389998435974	0.009999999999990905	epochs	-1.0
527.7389998435974	0.009999999999990905	epochs	1.0
527.7489998435974	0.024999999999977263	epochs	-1.0
527.7489998435974	0.024999999999977263	epochs	1.0
527.7739998435974	0.06000000000005912	epochs	-1.0
527.7739998435974	0.024999999999977263	epochs	-1.0
527.7739998435974	0.024999999999977263	epochs	1.0
527.7989998435974	0.010000000000104592	epochs	-1.0
527.7989998435974	0.010000000000104592	epochs	1.0
527.8089998435975	0.024999999999977263	epochs	-1.0
527.8089998435975	0.024999999999977263	epochs	1.0
527.8339998435974	0.05999999999994543	epochs	-1.0
527.8339998435974	0.024999999999977263	epochs	-1.0
527.8339998435974	0.024999999999977263	epochs	1.0
527.8589998435974	0.009999999999990905	epochs	-1.0
527.8589998435974	0.009999999999990905	epochs	1.0
527.8689998435974	0.024999999999977263	epochs	-1.0
527.8689998435974	0.024999999999977263	epochs	1.0
527.8939998435974	0.024994999999989886	epochs	1.0
591.5520000457764	0.06885999999997239	epochs	0.0
591.5520000457764	0.02943080000000009	epochs	1.0
591.5814308457764	0.009998399999972207	epochs	1.0
591.5914292457763	0.02943080000000009	epochs	1.0
591.6208600457763	5.9999800000000505	epochs	0.0
591.6208600457763	0.5	epochs	1.0
591.6208705457764	0.5	epochs	-1.0
591.6208705457764	0.5	epochs	-1.0
592.1208600457763	5.0	epochs	1.0
597.1208600457763	0.4999800000000505	epochs	1.0
597.1208705457764	0.49996950000002016	epochs	-1.0
603.2009997367859	0.06885999999997239	epochs	0.0
603.2009997367859	0.02943080000000009	epochs	1.0
603.2304305367859	0.009998399999972207	epochs	1.0
603.2404289367859	0.02943080000000009	epochs	1.0
603.2698597367859	2.5320199999999886	epochs	0.0
603.2698597367859	0.5	epochs	1.0
603.2698702367859	0.5	epochs	-1.0
603.7698597367859	1.0	epochs	1.0
604.7698597367859	1.0320199999999886	epochs	1.0
605.2698702367859	0.5	epochs	-1.0
605.8018797367858	0.9679600000000619	epochs	0.0
606.1349997520447	0.06885999999997239	epochs	0.0
606.1349997520447	0.02943080000000009	epochs	1.0
606.1644305520447	0.009998399999972207	epochs	1.0
606.1744289520447	0.02943080000000009	epochs	1.0
606.2038597520447	2.5310200000000123	epochs	0.0
606.2038597520447	0.5	epochs	1.0
606.2038702520447	0.5	epochs	-1.0
606.7038597520447	1.0	epochs	1.0
607.7038597520447	1.0310200000000123	epochs	1.0
608.2038702520447	0.5	epochs	-1.0
608.7348797520447	0.9689600000000382	epochs	0.0
609.0679998397827	0.06885999999997239	epochs	0.0
609.0679998397827	0.02943080000000009	epochs	1.0
609.0974306397827	0.009998399999972207	epochs	1.0
609.1074290397827	0.02943080000000009	epochs	1.0
609.1368598397827	0.5310000000000628	epochs	0.0
609.1368598397827	0.5	epochs	1.0
609.1368703397827	0.5	epochs	-1.0
609.6368598397827	0.031000000000062755	epochs	1.0
609.6678598397827	2.9689799999999877	epochs	0.0
622.228000164032	0.06885999999997239	epochs	0.0
622.228000164032	0.02943080000000009	epochs	1.0
622.257430964032	0.009998399999972207	epochs	1.0
622.267429364032	0.02943080000000009	epochs	1.0
622.296860164032	2.532040000000052	epochs	0.0
622.296860164032	0.5	epochs	1.0
622.296870664032	0.5	epochs	-1.0
622.796860164032	1.0	epochs	1.0
623.796860164032	1.0320400000000518	epochs	1.0
624.296870664032	0.5	epochs	-1.0
624.828900164032	0.9679399999999987	epochs	0.0
625.2129998207092	0.06885999999997239	epochs	0.0
625.2129998207092	0.02943080000000009	epochs	1.0
625.2424306207092	0.009998399999972207	epochs	1.0
625.2524290207092	0.02943080000000009	epochs	1.0
625.2818598207092	2.5310200000000123	epochs	0.0
625.2818598207092	0.5	epochs	1.0
625.2818703207092	0.5	epochs	-1.0
625.7818598207092	1.0	epochs	1.0
626.7818598207092	1.0310200000000123	epochs	1.0
627.2818703207092	0.5	epochs	-1.0
627.8128798207092	0.9689600000000382	epochs	0.0
628.1459999084473	0.06885999999997239	epochs	0.0
628.1459999084473	0.02943080000000009	epochs	1.0
628.1754307084473	0.009998399999972207	epochs	1.0
628.1854291084472	0.02943080000000009	epochs	1.0
628.2148599084472	2.551019999999994	epochs	0.0
628.2148599084472	0.5	epochs	1.0
628.2148704084473	0.5	epochs	-1.0
628.7148599084472	1.0	epochs	1.0
629.7148599084472	1.051019999999994	epochs	1.0
630.2148704084473	0.5	epochs	-1.0
630.7658799084472	0.9489600000000564	epochs	0.0
631.1459999084473	0.6499800000000278	epochs	0.0
631.1459999084473	0.049999999999954525	epochs	1.0
631.1959999084472	0.5	epochs	1.0
631.6959999084472	0.09998000000007323	epochs	1.0
632.2459998130798	0.6499800000000278	epochs	0.0
632.2459998130798	0.049999999999954525	epochs	1.0
632.2959998130798	0.5	epochs	1.0
632.7959998130798	0.09998000000007323	epochs	1.0
633.3020000457764	0.6499800000000278	epochs	0.0
633.3020000457764	0.049999999999954525	epochs	1.0
633.3520000457763	0.5	epochs	1.0
633.8520000457763	0.09998000000007323	epochs	1.0
634.3849997520447	0.6499800000000278	epochs	0.0
634.3849997520447	0.049999999999954525	epochs	1.0
634.4349997520446	0.5	epochs	1.0
634.9349997520446	0.09998000000007323	epochs	1.0
635.4689998626709	0.6499800000000278	epochs	0.0
635.4689998626709	0.049999999999954525	epochs	1.0
635.5189998626709	0.5	epochs	1.0
636.0189998626709	0.09998000000007323	epochs	1.0
636.5349998474121	0.6499800000000278	epochs	0.0
636.5349998474121	0.049999999999954525	epochs	1.0
636.5849998474121	0.5	epochs	1.0
637.0849998474121	0.09998000000007323	epochs	1.0
637.6019997596741	0.6499800000000278	epochs	0.0
637.6019997596741	0.049999999999954525	epochs	1.0
637.651999759674	0.5	epochs	1.0
638.151999759674	0.09998000000007323	epochs	1.0
638.7020001411438	0.6499800000000278	epochs	0.0
638.7020001411438	0.049999999999954525	epochs	1.0
638.7520001411438	0.5	epochs	1.0
639.2520001411438	0.09998000000007323	epochs	1.0
639.8020000457764	0.6499800000000278	epochs	0.0
639.8020000457764	0.049999999999954525	epochs	1.0
639.8520000457763	0.5	epochs	1.0
640.3520000457763	0.09998000000007323	epochs	1.0
640.9520001411438	0.06885999999997239	epochs	0.0
640.9520001411438	0.02943080000000009	epochs	1.0
640.9814309411438	0.009998399999972207	epochs	1.0
640.9914293411438	0.02943080000000009	epochs	1.0
641.0208601411438	2.5320199999999886	epochs	0.0
641.0208601411438	0.5	epochs	1.0
641.0208706411438	0.5	epochs	-1.0
641.5208601411438	1.0	epochs	1.0
642.5208601411438	1.0320199999999886	epochs	1.0
643.0208706411438	0.5	epochs	-1.0
643.5528801411438	2.967960000000062	epochs	0.0
646.2230000495911	0.06885999999997239	epochs	0.0
646.2230000495911	0.02943080000000009	epochs	1.0
646.2524308495911	0.009998399999972207	epochs	1.0
646.262429249591	0.02943080000000009	epochs	1.0
646.291860049591	2.5310400000000755	epochs	0.0
646.291860049591	0.5	epochs	1.0
646.2918705495911	0.5	epochs	-1.0
646.791860049591	1.0	epochs	1.0
647.791860049591	1.0310400000000755	epochs	1.0
648.2918705495911	0.5	epochs	-1.0
648.8229000495911	2.968939999999975	epochs	0.0
651.4899997711182	0.06885999999997239	epochs	0.0
651.4899997711182	0.02943080000000009	epochs	1.0
651.5194305711182	0.009998399999972207	epochs	1.0
651.5294289711181	0.02943080000000009	epochs	1.0
651.5588597711181	6.4999800000000505	epochs	0.0
651.5588597711181	0.5	epochs	1.0
651.5588702711182	0.5	epochs	-1.0
652.0588597711181	1.0	epochs	1.0
653.0588597711181	4.9999800000000505	epochs	1.0
653.5588702711182	0.5	epochs	-1.0
654.0588702711182	0.5	epochs	-1.0
654.5588702711182	0.5	epochs	-1.0
655.0588702711182	0.5	epochs	-1.0
655.5588702711182	0.5	epochs	-1.0
656.0588702711182	0.5	epochs	-1.0
656.5588702711182	0.5	epochs	-1.0
657.0588702711182	0.5	epochs	-1.0
658.6219997406006	0.06885999999997239	epochs	0.0
658.6219997406006	0.02943080000000009	epochs	1.0
658.6514305406006	0.009998399999972207	epochs	1.0
658.6614289406006	0.02943080000000009	epochs	1.0
658.6908597406006	0.5310200000000123	epochs	0.0
658.6908597406006	0.5	epochs	1.0
658.6908702406006	0.5	epochs	-1.0
659.1908597406006	0.03102000000001226	epochs	1.0
659.2218797406006	5.968960000000038	epochs	0.0
674.8759999275208	0.06885999999997239	epochs	0.0
674.8759999275208	0.02943080000000009	epochs	1.0
674.9054307275208	0.009998399999972207	epochs	1.0
674.9154291275207	0.02943080000000009	epochs	1.0
674.9448599275207	6.01204000000007	epochs	0.0
674.9448599275207	0.5	epochs	1.0
674.9448704275208	0.5	epochs	-1.0
675.4448599275207	1.0	epochs	1.0
676.4448599275207	4.51204000000007	epochs	1.0
676.9448704275208	0.5	epochs	-1.0
677.4448704275208	0.5	epochs	-1.0
677.9448704275208	0.5	epochs	-1.0
678.4448704275208	0.5	epochs	-1.0
678.9448704275208	0.5	epochs	-1.0
679.4448704275208	0.5	epochs	-1.0
679.9448704275208	0.5	epochs	-1.0
680.4448704275208	0.5	epochs	-1.0
680.9568999275208	0.4879399999999805	epochs	0.0
681.5260000228882	0.06885999999997239	epochs	0.0
681.5260000228882	0.02943080000000009	epochs	1.0
681.5554308228882	0.009998399999972207	epochs	1.0
681.5654292228882	0.02943080000000009	epochs	1.0
681.5948600228882	0.5310200000000123	epochs	0.0
681.5948600228882	0.5	epochs	1.0
681.5948705228882	0.5	epochs	-1.0
682.0948600228882	0.03102000000001226	epochs	1.0
682.1258800228882	5.968960000000038	epochs	0.0
697.7020001411438	0.06885999999997239	epochs	0.0
697.7020001411438	0.02943080000000009	epochs	1.0
697.7314309411438	0.009998399999972207	epochs	1.0
697.7414293411438	0.02943080000000009	epochs	1.0
697.7708601411438	2.5309799999999996	epochs	0.0
697.7708601411438	0.5	epochs	1.0
697.7708706411438	0.5	epochs	-1.0
698.2708601411438	1.0	epochs	1.0
699.2708601411438	1.0309799999999996	epochs	1.0
699.7708706411438	0.5	epochs	-1.0
700.3018401411438	3.969000000000051	epochs	0.0
700.8359999656677	0.06885999999997239	epochs	0.0
700.8359999656677	0.02943080000000009	epochs	1.0
700.8654307656677	0.009998399999972207	epochs	1.0
700.8754291656677	0.02943080000000009	epochs	1.0
700.9048599656677	6.4999800000000505	epochs	0.0
700.9048599656677	0.5	epochs	1.0
700.9048704656677	0.5	epochs	-1.0
701.4048599656677	1.0	epochs	1.0
702.4048599656677	4.9999800000000505	epochs	1.0
702.9048704656677	0.5	epochs	-1.0
703.4048704656677	0.5	epochs	-1.0
703.9048704656677	0.5	epochs	-1.0
704.4048704656677	0.5	epochs	-1.0
704.9048704656677	0.5	epochs	-1.0
705.4048704656677	0.5	epochs	-1.0
705.9048704656677	0.5	epochs	-1.0
706.4048704656677	0.5	epochs	-1.0
708.0240001678467	0.06885999999997239	epochs	0.0
708.0240001678467	0.02943080000000009	epochs	1.0
708.0534309678467	0.009998399999972207	epochs	1.0
708.0634293678467	0.02943080000000009	epochs	1.0
708.0928601678467	0.5311400000000503	epochs	0.0
708.0928601678467	0.5	epochs	1.0
708.0928706678467	0.5	epochs	-1.0
708.5928601678467	0.03114000000005035	epochs	1.0
708.6240001678467	5.96884	epochs	0.0
724.2430000305176	0.06885999999997239	epochs	0.0
724.2430000305176	0.02943080000000009	epochs	1.0
724.2724308305176	0.009998399999972207	epochs	1.0
724.2824292305176	0.02943080000000009	epochs	1.0
724.3118600305176	2.5311000000000377	epochs	0.0
724.3118600305176	0.5	epochs	1.0
724.3118705305176	0.5	epochs	-1.0
724.8118600305176	1.0	epochs	1.0
725.8118600305176	1.0311000000000377	epochs	1.0
726.3118705305176	0.5	epochs	-1.0
726.8429600305176	3.968880000000013	epochs	0.0
727.4270000457764	0.06885999999997239	epochs	0.0
727.4270000457764	0.02943080000000009	epochs	1.0
727.4564308457764	0.009998399999972207	epochs	1.0
727.4664292457763	0.02943080000000009	epochs	1.0
727.4958600457763	2.5310200000000123	epochs	0.0
727.4958600457763	0.5	epochs	1.0
727.4958705457764	0.5	epochs	-1.0
727.9958600457763	1.0	epochs	1.0
728.9958600457763	1.0310200000000123	epochs	1.0
729.4958705457764	0.5	epochs	-1.0
730.0268800457764	3.9689600000000382	epochs	0.0
730.5770001411438	0.06885999999997239	epochs	0.0
730.5770001411438	0.02943080000000009	epochs	1.0
730.6064309411438	0.009998399999972207	epochs	1.0
730.6164293411438	0.02943080000000009	epochs	1.0
730.6458601411438	6.4999800000000505	epochs	0.0
730.6458601411438	0.5	epochs	1.0
730.6458706411438	0.5	epochs	-1.0
731.1458601411438	1.0	epochs	1.0
732.1458601411438	4.9999800000000505	epochs	1.0
732.6458706411438	0.5	epochs	-1.0
733.1458706411438	0.5	epochs	-1.0
733.6458706411438	0.5	epochs	-1.0
734.1458706411438	0.5	epochs	-1.0
734.6458706411438	0.5	epochs	-1.0
735.1458706411438	0.5	epochs	-1.0
735.6458706411438	0.5	epochs	-1.0
736.1458706411438	0.5	epochs	-1.0
737.8259997367859	0.06885999999997239	epochs	0.0
737.8259997367859	0.02943080000000009	epochs	1.0
737.8554305367859	0.009998399999972207	epochs	1.0
737.8654289367859	0.02943080000000009	epochs	1.0
737.8948597367859	0.5311400000000503	epochs	0.0
737.8948597367859	0.5	epochs	1.0
737.8948702367859	0.5	epochs	-1.0
738.3948597367859	0.03114000000005035	epochs	1.0
738.4259997367859	5.96884	epochs	0.0
754.0269999504089	0.06885999999997239	epochs	0.0
754.0269999504089	0.02943080000000009	epochs	1.0
754.0564307504089	0.009998399999972207	epochs	1.0
754.0664291504089	0.02943080000000009	epochs	1.0
754.0958599504089	0.5320199999999886	epochs	0.0
754.0958599504089	0.5	epochs	1.0
754.0958704504089	0.5	epochs	-1.0
754.5958599504089	0.03201999999998861	epochs	1.0
754.6278799504089	5.967960000000062	epochs	0.0
755.2439999580383	0.06885999999997239	epochs	0.0
755.2439999580383	0.02943080000000009	epochs	1.0
755.2734307580383	0.009998399999972207	epochs	1.0
755.2834291580383	0.02943080000000009	epochs	1.0
755.3128599580383	0.5310200000000123	epochs	0.0
755.3128599580383	0.5	epochs	1.0
755.3128704580383	0.5	epochs	-1.0
755.8128599580383	0.03102000000001226	epochs	1.0
755.8438799580383	5.968960000000038	epochs	0.0
771.4299998283386	0.06885999999997239	epochs	0.0
771.4299998283386	0.02943080000000009	epochs	1.0
771.4594306283386	0.009998399999972207	epochs	1.0
771.4694290283386	0.02943080000000009	epochs	1.0
771.4988598283386	2.5310200000000123	epochs	0.0
771.4988598283386	0.5	epochs	1.0
771.4988703283386	0.5	epochs	-1.0
771.9988598283386	1.0	epochs	1.0
772.9988598283386	1.0310200000000123	epochs	1.0
773.4988703283386	0.5	epochs	-1.0
774.0298798283386	3.9689600000000382	epochs	0.0
774.7109999656677	0.06885999999997239	epochs	0.0
774.7109999656677	0.02943080000000009	epochs	1.0
774.7404307656677	0.009998399999972207	epochs	1.0
774.7504291656677	0.02943080000000009	epochs	1.0
774.7798599656677	2.5310200000000123	epochs	0.0
774.7798599656677	0.5	epochs	1.0
774.7798704656677	0.5	epochs	-1.0
775.2798599656677	1.0	epochs	1.0
776.2798599656677	1.0310200000000123	epochs	1.0
776.7798704656677	0.5	epochs	-1.0
777.3108799656677	3.9689600000000382	epochs	0.0
778.0609998703003	0.15297999999995682	epochs	0.0
778.0609998703003	0.049999999999954525	epochs	1.0
778.1109998703002	0.0030000000000427463	epochs	1.0
778.1139998703003	0.09997999999995955	epochs	1.0
778.8280000686646	0.15297999999995682	epochs	0.0
778.8280000686646	0.049999999999954525	epochs	1.0
778.8780000686645	0.0030000000000427463	epochs	1.0
778.8810000686645	0.09997999999995955	epochs	1.0
779.6449999809265	0.15297999999995682	epochs	0.0
779.6449999809265	0.049999999999954525	epochs	1.0
779.6949999809265	0.0030000000000427463	epochs	1.0
779.6979999809265	0.09997999999995955	epochs	1.0
780.4949998855591	0.15297999999995682	epochs	0.0
780.4949998855591	0.049999999999954525	epochs	1.0
780.544999885559	0.0030000000000427463	epochs	1.0
780.5479998855591	0.09997999999995955	epochs	1.0
781.295000076294	0.15297999999995682	epochs	0.0
781.295000076294	0.049999999999954525	epochs	1.0
781.3450000762939	0.0030000000000427463	epochs	1.0
781.3480000762939	0.09997999999995955	epochs	1.0
782.1449999809265	0.15297999999995682	epochs	0.0
782.1449999809265	0.049999999999954525	epochs	1.0
782.1949999809265	0.0030000000000427463	epochs	1.0
782.1979999809265	0.09997999999995955	epochs	1.0
782.9949998855591	0.15297999999995682	epochs	0.0
782.9949998855591	0.049999999999954525	epochs	1.0
783.044999885559	0.0030000000000427463	epochs	1.0
783.0479998855591	0.09997999999995955	epochs	1.0
783.856999874115	0.15297999999995682	epochs	0.0
783.856999874115	0.049999999999954525	epochs	1.0
783.906999874115	0.0030000000000427463	epochs	1.0
783.909999874115	0.09997999999995955	epochs	1.0
784.7230000495911	0.15297999999995682	epochs	0.0
784.7230000495911	0.049999999999954525	epochs	1.0
784.773000049591	0.0030000000000427463	epochs	1.0
784.7760000495911	0.09997999999995955	epochs	1.0
785.606999874115	0.15297999999995682	epochs	0.0
785.606999874115	0.049999999999954525	epochs	1.0
785.656999874115	0.0030000000000427463	epochs	1.0
785.659999874115	0.09997999999995955	epochs	1.0
786.4400000572205	0.15297999999995682	epochs	0.0
786.4400000572205	0.049999999999954525	epochs	1.0
786.4900000572204	0.0030000000000427463	epochs	1.0
786.4930000572205	0.09997999999995955	epochs	1.0
787.356999874115	0.15297999999995682	epochs	0.0
787.356999874115	0.049999999999954525	epochs	1.0
787.406999874115	0.0030000000000427463	epochs	1.0
787.409999874115	0.09997999999995955	epochs	1.0
788.2729997634888	0.15297999999995682	epochs	0.0
788.2729997634888	0.049999999999954525	epochs	1.0
788.3229997634887	0.0030000000000427463	epochs	1.0
788.3259997634888	0.09997999999995955	epochs	1.0
789.1570000648499	0.15297999999995682	epochs	0.0
789.1570000648499	0.049999999999954525	epochs	1.0
789.2070000648498	0.0030000000000427463	epochs	1.0
789.2100000648499	0.09997999999995955	epochs	1.0
790.0900001525879	0.15297999999995682	epochs	0.0
790.0900001525879	0.049999999999954525	epochs	1.0
790.1400001525878	0.0030000000000427463	epochs	1.0
790.1430001525879	0.09997999999995955	epochs	1.0
791.0570001602173	0.15297999999995682	epochs	0.0
791.0570001602173	0.049999999999954525	epochs	1.0
791.1070001602172	0.0030000000000427463	epochs	1.0
791.1100001602173	0.09997999999995955	epochs	1.0
792.0069999694824	0.15297999999995682	epochs	0.0
792.0069999694824	0.049999999999954525	epochs	1.0
792.0569999694824	0.0030000000000427463	epochs	1.0
792.0599999694824	0.09997999999995955	epochs	1.0
792.9569997787476	0.15297999999995682	epochs	0.0
792.9569997787476	0.049999999999954525	epochs	1.0
793.0069997787475	0.0030000000000427463	epochs	1.0
793.0099997787476	0.09997999999995955	epochs	1.0
793.9359998703003	0.15297999999995682	epochs	0.0
793.9359998703003	0.049999999999954525	epochs	1.0
793.9859998703002	0.0030000000000427463	epochs	1.0
793.9889998703003	0.09997999999995955	epochs	1.0
794.9689998626709	0.15297999999995682	epochs	0.0
794.9689998626709	0.049999999999954525	epochs	1.0
795.0189998626709	0.0030000000000427463	epochs	1.0
795.0219998626709	0.09997999999995955	epochs	1.0
796.0359997749329	0.06885999999997239	epochs	0.0
796.0359997749329	0.02943080000000009	epochs	1.0
796.0654305749329	0.009998399999972207	epochs	1.0
796.0754289749328	0.02943080000000009	epochs	1.0
796.1048597749328	0.5310200000000123	epochs	0.0
796.1048597749328	0.5	epochs	1.0
796.1048702749329	0.5	epochs	-1.0
796.6048597749328	0.0030000000000427463	epochs	1.0
796.6078597749329	0.028019999999969514	epochs	1.0
796.6358797749328	1.07195999999999	epochs	0.0
809.3540000915527	0.06885999999997239	epochs	0.0
809.3540000915527	0.02943080000000009	epochs	1.0
809.3834308915527	0.009998399999972207	epochs	1.0
809.3934292915527	0.02943080000000009	epochs	1.0
809.4228600915527	1.5310200000000123	epochs	0.0
809.4228600915527	0.5	epochs	1.0
809.4228705915527	0.5	epochs	-1.0
809.9228600915527	0.0030000000000427463	epochs	1.0
809.9258600915527	1.0280199999999695	epochs	1.0
810.4258705915528	0.5	epochs	-1.0
810.9538800915527	0.07195999999999003	epochs	0.0
811.686999797821	0.06885999999997239	epochs	0.0
811.686999797821	0.02943080000000009	epochs	1.0
811.716430597821	0.009998399999972207	epochs	1.0
811.726428997821	0.02943080000000009	epochs	1.0
811.755859797821	0.5310200000000123	epochs	0.0
811.755859797821	0.5	epochs	1.0
811.755870297821	0.5	epochs	-1.0
812.255859797821	0.0030000000000427463	epochs	1.0
812.2588597978211	0.028019999999969514	epochs	1.0
812.286879797821	1.07195999999999	epochs	0.0
825.021999835968	0.06885999999997239	epochs	0.0
825.021999835968	0.02943080000000009	epochs	1.0
825.051430635968	0.009998399999972207	epochs	1.0
825.061429035968	0.02943080000000009	epochs	1.0
825.090859835968	0.531060000000025	epochs	0.0
825.090859835968	0.5	epochs	1.0
825.090870335968	0.5	epochs	-1.0
825.590859835968	0.0030000000000427463	epochs	1.0
825.593859835968	0.02805999999998221	epochs	1.0
825.621919835968	1.0719199999999773	epochs	0.0
838.2979998588562	0.06885999999997239	epochs	0.0
838.2979998588562	0.02943080000000009	epochs	1.0
838.3274306588562	0.009998399999972207	epochs	1.0
838.3374290588562	0.02943080000000009	epochs	1.0
838.3668598588562	1.5310200000000123	epochs	0.0
838.3668598588562	0.5	epochs	1.0
838.3668703588562	0.5	epochs	-1.0
838.8668598588562	0.0030000000000427463	epochs	1.0
838.8698598588562	1.0280199999999695	epochs	1.0
839.3698703588562	0.5	epochs	-1.0
839.8978798588562	0.07195999999999003	epochs	0.0
840.6479997634888	0.06885999999997239	epochs	0.0
840.6479997634888	0.02943080000000009	epochs	1.0
840.6774305634888	0.009998399999972207	epochs	1.0
840.6874289634887	0.02943080000000009	epochs	1.0
840.7168597634887	1.530140000000074	epochs	0.0
840.7168597634887	0.5	epochs	1.0
840.7168702634888	0.5	epochs	-1.0
841.2168597634887	0.0030000000000427463	epochs	1.0
841.2198597634888	1.0271400000000313	epochs	1.0
841.7198702634888	0.5	epochs	-1.0
842.2469997634888	0.0728399999999283	epochs	0.0
842.9980001449585	0.06885999999997239	epochs	0.0
842.9980001449585	0.02943080000000009	epochs	1.0
843.0274309449585	0.009998399999972207	epochs	1.0
843.0374293449585	0.02943080000000009	epochs	1.0
843.0668601449585	1.5320199999999886	epochs	0.0
843.0668601449585	0.5	epochs	1.0
843.0668706449585	0.5	epochs	-1.0
843.5668601449585	0.0030000000000427463	epochs	1.0
843.5698601449585	1.0290199999999459	epochs	1.0
844.0698706449585	0.5	epochs	-1.0
844.5988801449585	0.07096000000001368	epochs	0.0
845.3730001449585	0.06885999999997239	epochs	0.0
845.3730001449585	0.02943080000000009	epochs	1.0
845.4024309449585	0.009998399999972207	epochs	1.0
845.4124293449585	0.02943080000000009	epochs	1.0
845.4418601449585	1.5310200000000123	epochs	0.0
845.4418601449585	0.5	epochs	1.0
845.4418706449585	0.5	epochs	-1.0
845.9418601449585	0.0030000000000427463	epochs	1.0
845.9448601449585	1.0280199999999695	epochs	1.0
846.4448706449585	0.5	epochs	-1.0
846.9728801449585	0.07195999999999003	epochs	0.0
847.7560000419617	0.06885999999997239	epochs	0.0
847.7560000419617	0.02943080000000009	epochs	1.0
847.7854308419617	0.009998399999972207	epochs	1.0
847.7954292419616	0.02943080000000009	epochs	1.0
847.8248600419616	1.6029800000000023	epochs	0.0
847.8248600419616	0.5	epochs	1.0
847.8248705419617	0.5	epochs	-1.0
848.3248600419616	0.0030000000000427463	epochs	1.0
848.3278600419617	1.0999799999999595	epochs	1.0
848.8278705419617	0.5	epochs	-1.0
850.2729997634888	0.06885999999997239	epochs	0.0
850.2729997634888	0.02943080000000009	epochs	1.0
850.3024305634888	0.009998399999972207	epochs	1.0
850.3124289634887	0.02943080000000009	epochs	1.0
850.3418597634887	1.5310200000000123	epochs	0.0
850.3418597634887	0.5	epochs	1.0
850.3418702634888	0.5	epochs	-1.0
850.8418597634887	0.0030000000000427463	epochs	1.0
850.8448597634888	1.0280199999999695	epochs	1.0
851.3448702634888	0.5	epochs	-1.0
851.8728797634888	0.07195999999999003	epochs	0.0
867.9359998703003	0.06885999999997239	epochs	0.0
867.9359998703003	0.02943080000000009	epochs	1.0
867.9654306703003	0.009998399999972207	epochs	1.0
867.9754290703003	0.02943080000000009	epochs	1.0
868.0048598703003	10.190940000000069	epochs	0.0
868.0048598703003	0.5	epochs	1.0
868.0048703703003	0.5	epochs	-1.0
868.5048598703003	9.690940000000069	epochs	1.0
877.1959398703003	0.9998600000000124	epochs	-1.0
877.1959398703003	0.03987999999992553	epochs	-1.0
877.6934303703003	0.5	epochs	-1.0
878.1957998703003	9.309039999999982	epochs	0.0
879.3239998817444	0.06885999999997239	epochs	0.0
879.3239998817444	0.02943080000000009	epochs	1.0
879.3534306817444	0.009998399999972207	epochs	1.0
879.3634290817444	0.02943080000000009	epochs	1.0
879.3928598817444	9.93295999999998	epochs	0.0
879.3928598817444	0.5	epochs	1.0
879.3928703817444	0.5	epochs	-1.0
879.8928598817444	9.43295999999998	epochs	1.0
888.3249398817444	1.0008799999999383	epochs	-1.0
888.3249398817444	0.040899999999965075	epochs	-1.0
888.8224303817444	0.5	epochs	-1.0
889.3258198817443	9.56702000000007	epochs	0.0
890.2160000801086	0.06885999999997239	epochs	0.0
890.2160000801086	0.02943080000000009	epochs	1.0
890.2454308801086	0.009998399999972207	epochs	1.0
890.2554292801086	0.02943080000000009	epochs	1.0
890.2848600801086	9.89196000000004	epochs	0.0
890.2848600801086	0.5	epochs	1.0
890.2848705801086	0.5	epochs	-1.0
890.7848600801086	9.39196000000004	epochs	1.0
899.1759400801086	1.000880000000052	epochs	-1.0
899.1759400801086	0.04090000000007876	epochs	-1.0
899.6734305801086	0.5	epochs	-1.0
900.1768200801087	9.60802000000001	epochs	0.0
913.2430000305176	0.06880000000001019	epochs	0.0
913.2430000305176	0.02940509999996266	epochs	1.0
913.2724051305175	0.00998980000008487	epochs	1.0
913.2823949305176	0.02940509999996266	epochs	1.0
913.3118000305176	2.0	epochs	0.0
915.3118000305176	21.53200000000004	epochs	0.0
915.3118000305176	1.0	epochs	1.0
915.3118705305176	0.5	epochs	-1.0
915.8118705305176	19.99951999999996	epochs	-1.0
916.3118000305176	20.0	epochs	1.0
916.3118000305176	4.356753899999944	epochs	-1.0
916.3118000305176	1.9745871999999736	epochs	2.0
916.3118000305176	1.0985621999999466	epochs	3.0
917.4103622305175	0.8760250000000269	epochs	3.0
918.2863872305176	1.3524075000000266	epochs	2.0
918.2863872305176	0.7286354999999958	epochs	3.0
919.0150227305176	0.6237720000000309	epochs	3.0
919.6387947305176	1.029759199999944	epochs	2.0
919.6387947305176	0.5453292999999348	epochs	3.0
920.1841240305175	0.4844299000000092	epochs	3.0
920.6685539305175	0.8317862000000105	epochs	2.0
920.6685539305175	0.4357763000000432	epochs	3.0
921.1043302305176	0.3960098999999673	epochs	3.0
921.5003401305175	0.6977970000000369	epochs	2.0
921.5003401305175	0.3628982000000178	epochs	3.0
921.8632383305176	0.33489880000001904	epochs	3.0
922.1981371305176	0.601045699999986	epochs	2.0
922.1981371305176	0.3109123000000409	epochs	3.0
922.5090494305176	0.29013339999994514	epochs	3.0
922.7991828305176	0.5278859000000011	epochs	2.0
922.7991828305176	0.2719586000000618	epochs	3.0
923.0711414305176	0.25592729999993935	epochs	3.0
923.3270687305176	0.4706193000000667	epochs	2.0
923.3270687305176	0.241681299999982	epochs	3.0
923.5687500305175	0.22893800000008468	epochs	3.0
923.7976880305176	0.42457039999999324	epochs	2.0
923.7976880305176	0.2174713999999085	epochs	3.0
924.0151594305175	0.20709900000008474	epochs	3.0
924.2222584305176	0.3867353999999068	epochs	2.0
924.2222584305176	0.19767109999997956	epochs	3.0
924.4199295305176	0.18906429999992724	epochs	3.0
924.6089938305175	0.3550953000000163	epochs	2.0
924.6089938305175	0.18117590000008477	epochs	3.0
924.7901697305176	0.17391939999993156	epochs	3.0
924.9640891305176	0.3282431000000088	epochs	2.0
924.9640891305176	0.1672219000000723	epochs	3.0
925.1313110305176	0.16102119999993647	epochs	3.0
925.2923322305176	0.30516799999998057	epochs	2.0
925.2923322305176	0.15526390000002266	epochs	3.0
925.4475961305176	0.1499040999999579	epochs	3.0
925.5975002305175	0.28512530000000424	epochs	2.0
925.5975002305175	0.1449021000000812	epochs	3.0
925.7424023305176	0.14022319999992305	epochs	3.0
925.8826255305175	0.267553800000087	epochs	2.0
925.8826255305175	0.1358369000000721	epochs	3.0
926.0184624305176	0.1317169000000149	epochs	3.0
926.1501793305176	0.252022899999929	epochs	2.0
926.1501793305176	0.1278393000000051	epochs	3.0
926.2780186305176	0.1241835999999239	epochs	3.0
926.4022022305176	0.23819650000007186	epochs	2.0
926.4022022305176	0.12073110000005727	epochs	3.0
926.5229333305176	0.1174654000000146	epochs	3.0
926.6403987305176	0.2258087999999816	epochs	2.0
926.6403987305176	0.1143718999999237	epochs	3.0
926.7547706305176	0.1114369000000579	epochs	3.0
926.8662075305176	0.2146460000000161	epochs	2.0
926.8662075305176	0.10864889999993466	epochs	3.0
926.9748564305175	0.10599710000008145	epochs	3.0
927.0808535305176	0.20453499999996438	epochs	2.0
927.0808535305176	0.10347149999995509	epochs	3.0
927.1843250305176	0.1010635000000093	epochs	3.0
927.2853885305176	0.19533400000000256	epochs	2.0
927.2853885305176	0.09876510000003691	epochs	3.0
927.3841536305176	0.09656889999996565	epochs	3.0
927.4807225305176	0.18692529999998442	epochs	2.0
927.4807225305176	0.09446830000001682	epochs	3.0
927.5751908305176	0.09245699999996759	epochs	3.0
927.6676478305176	0.17921069999999872	epochs	2.0
927.6676478305176	0.09052959999996801	epochs	3.0
927.7581774305175	0.08868110000003071	epochs	3.0
927.8468585305176	0.17210769999996955	epochs	2.0
927.8468585305176	0.08690630000000965	epochs	3.0
927.9337648305176	0.0852013999999599	epochs	3.0
928.0189662305175	0.16554640000003928	epochs	2.0
928.0189662305175	0.08356190000006336	epochs	3.0
928.1025281305176	0.08198449999997592	epochs	3.0
928.1845126305176	0.15946710000002895	epochs	2.0
928.1845126305176	0.08046539999998004	epochs	3.0
928.2649780305176	0.07900170000004891	epochs	3.0
928.3439797305176	0.15381839999997737	epochs	2.0
928.3439797305176	0.07759009999995214	epochs	3.0
928.4215698305176	0.07622830000002523	epochs	3.0
928.4977981305176	0.14855639999996129	epochs	2.0
928.4977981305176	0.07491329999993468	epochs	3.0
928.5727114305175	0.0736431000000266	epochs	3.0
928.6463545305176	0.14364239999997608	epochs	2.0
928.6463545305176	0.07241499999997814	epochs	3.0
928.7187695305175	0.07122739999999794	epochs	3.0
928.7899969305175	0.13904310000009446	epochs	2.0
928.7899969305175	0.07007800000008046	epochs	3.0
928.8600749305176	0.06896510000001399	epochs	3.0
928.9290400305176	0.1347293000000036	epochs	2.0
928.9290400305176	0.0678871000000072	epochs	3.0
928.9969271305176	0.06684219999999641	epochs	3.0
929.0637693305176	0.13067519999992783	epochs	2.0
929.0637693305176	0.06582909999997355	epochs	3.0
929.1295984305176	0.06484609999995428	epochs	3.0
929.1944445305176	0.12685780000003888	epochs	2.0
929.1944445305176	0.06389200000000983	epochs	3.0
929.2583365305176	0.06296580000002905	epochs	3.0
929.3213023305176	0.12325720000001184	epochs	2.0
929.3213023305176	0.06206580000002759	epochs	3.0
929.3833681305176	0.06119139999998424	epochs	3.0
929.4445595305176	0.11985540000000583	epochs	2.0
929.4445595305176	0.060341099999959624	epochs	3.0
929.5049006305176	0.059514300000046205	epochs	3.0
929.5644149305176	0.11663620000001629	epochs	2.0
929.5644149305176	0.058709599999929196	epochs	3.0
929.6231245305175	0.05792660000008709	epochs	3.0
929.6810511305176	0.11358559999996487	epochs	2.0
929.6810511305176	0.05716419999998834	epochs	3.0
929.7382153305176	0.05642139999997653	epochs	3.0
929.7946367305176	0.11069050000003244	epochs	2.0
929.7946367305176	0.055697900000041045	epochs	3.0
929.8503346305176	0.0549925999999914	epochs	3.0
929.9053272305176	0.10793909999995321	epochs	2.0
929.9053272305176	0.05430489999992005	epochs	3.0
929.9596321305175	0.05363420000003316	epochs	3.0
930.0132663305176	0.10532149999994544	epochs	2.0
930.0132663305176	0.05298000000004777	epochs	3.0
930.0662463305176	0.05234149999989768	epochs	3.0
930.1185878305175	0.10282760000006874	epochs	2.0
930.1185878305175	0.05171810000001642	epochs	3.0
930.1703059305175	0.05110950000005232	epochs	3.0
930.2214154305176	0.10044909999999163	epochs	2.0
930.2214154305176	0.05051489999993919	epochs	3.0
930.2719303305175	0.04993420000005244	epochs	3.0
930.3218645305176	0.0981782999999723	epochs	2.0
930.3218645305176	0.04936659999998483	epochs	3.0
930.3712311305176	0.04881169999998747	epochs	3.0
930.4200428305176	0.09600780000005216	epochs	2.0
930.4200428305176	0.04826920000004975	epochs	3.0
930.4683120305176	0.04773860000000241	epochs	3.0
930.5160506305176	0.09393119999992905	epochs	2.0
930.5160506305176	0.04721949999998287	epochs	3.0
930.5632701305176	0.04671169999994618	epochs	3.0
930.6099818305175	0.09194260000003851	epochs	2.0
930.6099818305175	0.046214599999984785	epochs	3.0
930.6561964305175	0.045728000000053726	epochs	3.0
930.7019244305176	0.09003629999995155	epochs	2.0
930.7019244305176	0.045251499999949374	epochs	3.0
930.7471759305175	0.04478480000000218	epochs	3.0
930.7919607305175	0.08820760000003247	epochs	2.0
930.7919607305175	0.044327800000019124	epochs	3.0
930.8362885305175	0.04387980000001335	epochs	3.0
930.8801683305176	0.0864516999999978	epochs	2.0
930.8801683305176	0.04344100000002982	epochs	3.0
930.9236093305176	0.04301069999996798	epochs	3.0
930.9666200305176	0.08476429999996071	epochs	2.0
930.9666200305176	0.04258900000002086	epochs	3.0
931.0092090305176	0.04217529999993985	epochs	3.0
931.0513843305175	0.08314150000001064	epochs	2.0
931.0513843305175	0.04176970000003166	epochs	3.0
931.0931540305176	0.041371799999978975	epochs	3.0
931.1345258305175	0.08157970000002024	epochs	2.0
931.1345258305175	0.04098140000007788	epochs	3.0
931.1755072305176	0.040598299999942355	epochs	3.0
931.2161055305176	0.08007550000002084	epochs	2.0
931.2161055305176	0.04022229999998217	epochs	3.0
931.2563278305175	0.03985320000003867	epochs	3.0
931.2961810305176	0.07862569999997504	epochs	2.0
931.2961810305176	0.0394907999999532	epochs	3.0
931.3356718305175	0.039134900000021844	epochs	3.0
931.3748067305175	0.07722760000001472	epochs	2.0
931.3748067305175	0.038785400000051595	epochs	3.0
931.4135921305176	0.03844219999996312	epochs	3.0
931.4520343305176	0.07587820000003376	epochs	2.0
931.4520343305176	0.038104800000041905	epochs	3.0
931.4901391305176	0.03777339999999185	epochs	3.0
931.5279125305176	0.0745752000000266	epochs	2.0
931.5279125305176	0.03744770000002973	epochs	3.0
931.5653602305176	0.03712749999999687	epochs	3.0
931.6024877305176	0.07331629999998768	epochs	2.0
931.6024877305176	0.036812899999972615	epochs	3.0
931.6393006305176	0.03650340000001506	epochs	3.0
931.6758040305176	0.07209899999998015	epochs	2.0
931.6758040305176	0.03619909999997617	epochs	3.0
931.7120031305176	0.03589990000000398	epochs	3.0
931.7479030305176	0.07092169999998532	epochs	2.0
931.7479030305176	0.03560559999993984	epochs	3.0
931.7835086305175	0.03531610000004548	epochs	3.0
931.8188247305176	0.06978200000003199	epochs	2.0
931.8188247305176	0.03503120000004856	epochs	3.0
931.8538559305176	0.03475079999998343	epochs	3.0
931.8886067305176	0.06867859999999837	epochs	2.0
931.8886067305176	0.03447510000000875	epochs	3.0
931.9230818305176	0.03420349999998962	epochs	3.0
931.9572853305176	0.06760929999995824	epochs	2.0
931.9572853305176	0.033936199999970995	epochs	3.0
931.9912215305176	0.033673099999987244	epochs	3.0
932.0248946305176	0.06657289999998284	epochs	2.0
932.0248946305176	0.03341399999999339	epochs	3.0
932.0583086305176	0.033158899999989444	epochs	3.0
932.0914675305175	0.06556780000005347	epochs	2.0
932.0914675305175	0.032907700000009754	epochs	3.0
932.1243752305176	0.03266010000004371	epochs	3.0
932.1570353305176	0.06459259999996902	epochs	2.0
932.1570353305176	0.032416399999988244	epochs	3.0
932.1894517305176	0.03217619999998078	epochs	3.0
932.2216279305176	0.06364600000006249	epochs	2.0
932.2216279305176	0.03193959999998697	epochs	3.0
932.2535675305176	0.03170640000007552	epochs	3.0
932.2852739305176	0.0627266999999847	epochs	2.0
932.2852739305176	0.031476599999905375	epochs	3.0
932.3167505305175	0.03125010000007933	epochs	3.0
932.3480006305176	0.06183359999999993	epochs	2.0
932.3480006305176	0.03102689999991526	epochs	3.0
932.3790275305175	0.030806700000084675	epochs	3.0
932.4098342305176	0.060965599999917686	epochs	2.0
932.4098342305176	0.030589799999916067	epochs	3.0
932.4404240305175	0.030375800000001618	epochs	3.0
932.4707998305175	0.06012160000000222	epochs	2.0
932.4707998305175	0.030164900000045236	epochs	3.0
932.5009647305176	0.02995669999995698	epochs	3.0
932.5309214305175	0.05930069999999432	epochs	2.0
932.5309214305175	0.029751600000054168	epochs	3.0
932.5606730305176	0.029549099999940154	epochs	3.0
932.5902221305175	0.05850180000004457	epochs	2.0
932.5902221305175	0.02934940000000097	epochs	3.0
932.6195715305175	0.0291524000000436	epochs	3.0
932.6487239305176	0.057724200000052406	epochs	2.0
932.6487239305176	0.028957999999988715	epochs	3.0
932.6776819305176	0.02876620000006369	epochs	3.0
932.7064481305176	0.05696709999995164	epochs	2.0
932.7064481305176	0.028576999999927466	epochs	3.0
932.7350251305176	0.028390100000024177	epochs	3.0
932.7634152305176	0.05622949999997218	epochs	2.0
932.7634152305176	0.028205699999944045	epochs	3.0
932.7916209305175	0.028023800000028132	epochs	3.0
932.8196447305176	0.05551070000001346	epochs	2.0
932.8196447305176	0.02784400000007281	epochs	3.0
932.8474887305176	0.027666699999940647	epochs	3.0
932.8751554305176	0.054810200000019904	epochs	2.0
932.8751554305176	0.02749149999999645	epochs	3.0
932.9026469305176	0.027318700000023455	epochs	3.0
932.9299656305176	0.05412699999999404	epochs	2.0
932.9299656305176	0.027147799999966082	epochs	3.0
932.9571134305176	0.02697920000002796	epochs	3.0
932.9840926305176	0.053460699999959616	epochs	2.0
932.9840926305176	0.0268125999999711	epochs	3.0
933.0109052305176	0.026648099999988517	epochs	3.0
933.0375533305175	0.05281070000000909	epochs	2.0
933.0375533305175	0.026485600000000886	epochs	3.0
933.0640389305175	0.026325100000008206	epochs	3.0
933.0903640305175	0.05217620000007628	epochs	2.0
933.0903640305175	0.026166400000079193	epochs	3.0
933.1165304305176	0.026009799999997085	epochs	3.0
933.1425402305176	0.051556699999991906	epochs	2.0
933.1425402305176	0.025854799999933675	epochs	3.0
933.1683950305176	0.02570190000005823	epochs	3.0
933.1940969305176	0.05095189999997274	epochs	2.0
933.1940969305176	0.025550699999939752	epochs	3.0
933.2196476305176	0.025401200000032986	epochs	3.0
933.2450488305176	0.05036099999995258	epochs	2.0
933.2450488305176	0.025253499999962514	epochs	3.0
933.2703023305176	0.02510749999999007	epochs	3.0
933.2954098305175	0.049783800000000156	epochs	2.0
933.2954098305175	0.02496320000000196	epochs	3.0
933.3203730305175	0.024820599999998194	epochs	3.0
933.3451936305175	0.049219500000049266	epochs	2.0
933.3451936305175	0.02467940000008184	epochs	3.0
933.3698730305176	0.024540099999967424	epochs	3.0
933.3944131305176	0.048667899999941255	epochs	2.0
933.3944131305176	0.02440209999997478	epochs	3.0
933.4188152305176	0.024265799999966475	epochs	3.0
933.4430810305175	0.04812860000004093	epochs	2.0
933.4430810305175	0.024131000000011227	epochs	3.0
933.4672120305175	0.023997600000029706	epochs	3.0
933.4912096305176	0.04760109999995166	epochs	2.0
933.4912096305176	0.023865799999953197	epochs	3.0
933.5150754305175	0.02373529999999846	epochs	3.0
933.5388107305175	0.047085000000038235	epochs	2.0
933.5388107305175	0.02360630000009678	epochs	3.0
933.5624170305176	0.023478699999941455	epochs	3.0
933.5858957305176	0.04658000000006268	epochs	2.0
933.5858957305176	0.02335249999998723	epochs	3.0
933.6092482305176	0.02322750000007545	epochs	3.0
933.6324757305176	0.04608569999993506	epochs	2.0
933.6324757305176	0.023103999999989355	epochs	3.0
933.6555797305176	0.022981699999945704	epochs	3.0
933.6785614305176	0.045601799999985815	epochs	2.0
933.6785614305176	0.022860700000023826	epochs	3.0
933.7014221305176	0.02274109999996199	epochs	3.0
933.7241632305175	0.04512790000001132	epochs	2.0
933.7241632305175	0.022622500000011314	epochs	3.0
933.7467857305176	0.02250540000000001	epochs	3.0
933.7692911305176	0.044663799999966614	epochs	2.0
933.7692911305176	0.02238929999998618	epochs	3.0
933.7916804305175	0.022274499999980435	epochs	3.0
933.8139549305175	0.04420920000006845	epochs	2.0
933.8139549305175	0.022160800000051495	epochs	3.0
933.8361157305176	0.022048400000016954	epochs	3.0
933.8581641305176	0.043763600000033875	epochs	2.0
933.8581641305176	0.021936900000014248	epochs	3.0
933.8801010305176	0.021826700000019628	epochs	3.0
933.9019277305176	0.04332709999994222	epochs	2.0
933.9019277305176	0.021717599999988124	epochs	3.0
933.9236453305176	0.021609499999954096	epochs	3.0
933.9452548305176	0.04289900000003399	epochs	2.0
933.9452548305176	0.02150249999999687	epochs	3.0
933.9667573305176	0.021396500000037122	epochs	3.0
933.9881538305176	0.042479500000013104	epochs	2.0
933.9881538305176	0.02129170000000613	epochs	3.0
934.0094455305176	0.021187800000006973	epochs	3.0
934.0306333305176	0.042067900000006375	epochs	2.0
934.0306333305176	0.02108490000000529	epochs	3.0
934.0517182305176	0.020983000000001084	epochs	3.0
934.0727012305176	0.04166439999994509	epochs	2.0
934.0727012305176	0.020882199999959994	epochs	3.0
934.0935834305176	0.020782199999985096	epochs	3.0
934.1143656305176	0.04126850000000104	epochs	2.0
934.1143656305176	0.020683299999973315	epochs	3.0
934.1350489305175	0.020585200000027726	epochs	3.0
934.1556341305176	0.04088000000001557	epochs	2.0
934.1556341305176	0.020488099999965925	epochs	3.0
934.1761222305175	0.020391900000049645	epochs	3.0
934.1965141305176	0.04049880000002304	epochs	2.0
934.1965141305176	0.020296600000051512	epochs	3.0
934.2168107305176	0.020202199999971526	epochs	3.0
934.2370129305176	0.04012460000001283	epochs	2.0
934.2370129305176	0.020108699999923374	epochs	3.0
934.2571216305175	0.02001590000008946	epochs	3.0
934.2771375305176	0.039757299999905626	epochs	2.0
934.2771375305176	0.019924199999991288	epochs	3.0
934.2970617305176	0.01983309999991434	epochs	3.0
934.3168948305175	0.03939669999999751	epochs	2.0
934.3168948305175	0.01974300000006224	epochs	3.0
934.3366378305176	0.01965369999993527	epochs	3.0
934.3562915305175	0.039042400000084854	epochs	2.0
934.3562915305175	0.01956510000002254	epochs	3.0
934.3758566305175	0.019477300000062314	epochs	3.0
934.3953339305176	0.03869459999998526	epochs	2.0
934.3953339305176	0.019390400000020236	epochs	3.0
934.4147243305176	0.01930419999996502	epochs	3.0
934.4340285305176	0.03835289999994984	epochs	2.0
934.4340285305176	0.019218799999976	epochs	3.0
934.4532473305176	0.01913409999997384	epochs	3.0
934.4723814305175	0.03801720000001296	epochs	2.0
934.4723814305175	0.019050200000037876	epochs	3.0
934.4914316305176	0.018966999999975087	epochs	3.0
934.5103986305176	0.037687200000050325	epochs	2.0
934.5103986305176	0.01888450000001285	epochs	3.0
934.5292831305176	0.018802700000037476	epochs	3.0
934.5480858305176	0.03736309999999321	epochs	2.0
934.5480858305176	0.018721700000014607	epochs	3.0
934.5668075305176	0.018641399999978603	epochs	3.0
934.5854489305176	0.03704429999993408	epochs	2.0
934.5854489305176	0.01856159999999818	epochs	3.0
934.6040105305176	0.018482699999935903	epochs	3.0
934.6224932305175	0.0367310000000316	epochs	2.0
934.6224932305175	0.018404300000042895	epochs	3.0
934.6408975305176	0.018326699999988705	epochs	3.0
934.6592242305176	0.036422900000047775	epochs	2.0
934.6592242305176	0.018249599999990096	epochs	3.0
934.6774738305176	0.01817330000005768	epochs	3.0
934.6956471305176	0.03612009999994825	epochs	2.0
934.6956471305176	0.01809759999991911	epochs	3.0
934.7137447305175	0.01802250000002914	epochs	3.0
934.7317672305176	0.03582210000001851	epochs	2.0
934.7317672305176	0.017947899999967376	epochs	3.0
934.7497151305175	0.017874200000051133	epochs	3.0
934.7675893305176	0.03552899999999681	epochs	2.0
934.7675893305176	0.017800800000031813	epochs	3.0
934.7853901305176	0.017728199999965	epochs	3.0
934.8031183305176	0.03524070000003121	epochs	2.0
934.8031183305176	0.017656099999953767	epochs	3.0
934.8207744305175	0.017584600000077444	epochs	3.0
934.8383590305176	0.03495709999992869	epochs	2.0
934.8383590305176	0.01751369999999497	epochs	3.0
934.8558727305176	0.017443399999933717	epochs	3.0
934.8733161305175	0.03467790000001969	epochs	2.0
934.8733161305175	0.017373600000041733	epochs	3.0
934.8906897305176	0.017304299999977957	epochs	3.0
934.9079940305176	0.03440330000000813	epochs	2.0
934.9079940305176	0.01723570000001473	epochs	3.0
934.9252297305176	0.0171675999999934	epochs	3.0
934.9423973305176	0.0341328000000658	epochs	2.0
934.9423973305176	0.017099900000062007	epochs	3.0
934.9594972305176	0.017032900000003792	epochs	3.0
934.9765301305176	0.033866699999975935	epochs	2.0
934.9765301305176	0.01696640000000116	epochs	3.0
934.9934965305176	0.016900299999974777	epochs	3.0
935.0103968305176	0.03360459999998966	epochs	2.0
935.0103968305176	0.01683479999996962	epochs	3.0
935.0272316305176	0.01676980000002004	epochs	3.0
935.0440014305176	0.033346599999958926	epochs	2.0
935.0440014305176	0.016705300000012357	epochs	3.0
935.0607067305176	0.01664129999994657	epochs	3.0
935.0773480305176	0.03309250000006614	epochs	2.0
935.0773480305176	0.016577800000050047	epochs	3.0
935.0939258305176	0.01651470000001609	epochs	3.0
935.1104405305176	0.03284229999997024	epochs	2.0
935.1104405305176	0.01645220000000336	epochs	3.0
935.1268927305176	0.01639009999996688	epochs	3.0
935.1432828305176	0.03259570000000167	epochs	2.0
935.1432828305176	0.016328400000020338	epochs	3.0
935.1596112305176	0.016267299999981333	epochs	3.0
935.1758785305176	0.032352899999978035	epochs	2.0
935.1758785305176	0.016206600000032267	epochs	3.0
935.1920851305176	0.016146299999945768	epochs	3.0
935.2082314305176	0.03211369999996805	epochs	2.0
935.2082314305176	0.016086599999994178	epochs	3.0
935.2243180305176	0.01602709999997387	epochs	3.0
935.2403451305175	0.03187800000000607	epochs	2.0
935.2403451305175	0.015968200000088473	epochs	3.0
935.2563133305176	0.015909799999917595	epochs	3.0
935.2722231305175	0.031645700000012766	epochs	2.0
935.2722231305175	0.01585160000001906	epochs	3.0
935.2880747305176	0.015794099999993705	epochs	3.0
935.3038688305176	0.0314167000000225	epochs	2.0
935.3038688305176	0.015736700000047676	epochs	3.0
935.3196055305176	0.015679999999974825	epochs	3.0
935.3352855305176	0.031191100000000915	epochs	2.0
935.3352855305176	0.015623600000026272	epochs	3.0
935.3509091305176	0.015567499999974643	epochs	3.0
935.3664766305176	0.030968700000016725	epochs	2.0
935.3664766305176	0.015511999999944237	epochs	3.0
935.3819886305175	0.015456700000072487	epochs	3.0
935.3974453305176	0.030749499999956242	epochs	2.0
935.3974453305176	0.015401999999994587	epochs	3.0
935.4128473305176	0.015347499999961656	epochs	3.0
935.4281948305176	0.03053320000003623	epochs	2.0
935.4281948305176	0.015293400000018664	epochs	3.0
935.4434882305176	0.015239800000017567	epochs	3.0
935.4587280305176	0.03032010000003993	epochs	2.0
935.4587280305176	0.015186500000027081	epochs	3.0
935.4739145305176	0.015133600000012848	epochs	3.0
935.4890481305176	0.030109899999956724	epochs	2.0
935.4890481305176	0.015080999999895539	epochs	3.0
935.5041291305175	0.015028900000061185	epochs	3.0
935.5191580305176	0.02990250000004835	epochs	2.0
935.5191580305176	0.014977000000044427	epochs	3.0
935.5341350305176	0.014925500000003922	epochs	3.0
935.5490605305176	0.029698099999905025	epochs	2.0
935.5490605305176	0.01487439999993967	epochs	3.0
935.5639349305176	0.014823699999965356	epochs	3.0
935.5787586305175	0.02949630000000525	epochs	2.0
935.5787586305175	0.014773200000036013	epochs	3.0
935.5935318305176	0.014723099999969236	epochs	3.0
935.6082549305175	0.02929740000001857	epochs	2.0
935.6082549305175	0.014673399999992398	epochs	3.0
935.6229283305175	0.014624000000026172	epochs	3.0
935.6375523305176	0.029101100000048064	epochs	2.0
935.6375523305176	0.014574900000070556	epochs	3.0
935.6521272305176	0.014526199999977507	epochs	3.0
935.6666534305176	0.028907399999980044	epochs	2.0
935.6666534305176	0.014477699999929428	epochs	3.0
935.6811311305175	0.014429700000050616	epochs	3.0
935.6955608305176	0.028716199999962555	epochs	2.0
935.6955608305176	0.014381800000023759	epochs	3.0
935.7099426305176	0.014334399999938796	epochs	3.0
935.7242770305176	0.028527600000074926	epochs	2.0
935.7242770305176	0.01428720000001249	epochs	3.0
935.7385642305176	0.014240400000062436	epochs	3.0
935.7528046305176	0.028341399999931127	epochs	2.0
935.7528046305176	0.014193799999929979	epochs	3.0
935.7669984305176	0.014147600000001148	epochs	3.0
935.7811460305176	0.028157700000065233	epochs	2.0
935.7811460305176	0.014101699999969242	epochs	3.0
935.7952477305175	0.014056000000095992	epochs	3.0
935.8093037305176	0.027976299999977527	epochs	2.0
935.8093037305176	0.01401060000000598	epochs	3.0
935.8233143305176	0.013965699999971548	epochs	3.0
935.8372800305176	0.02779720000000907	epochs	2.0
935.8372800305176	0.013920799999937117	epochs	3.0
935.8512008305175	0.013876400000071953	epochs	3.0
935.8650772305176	0.027620399999932488	epochs	2.0
935.8650772305176	0.0138321999999107	epochs	3.0
935.8789094305175	0.013788200000021789	epochs	3.0
935.8926976305175	0.02744590000008884	epochs	2.0
935.8926976305175	0.013744599999995444	epochs	3.0
935.9064422305175	0.013701300000093397	epochs	3.0
935.9201435305176	0.027273499999978412	epochs	2.0
935.9201435305176	0.01365819999989526	epochs	3.0
935.9338017305175	0.013615300000083153	epochs	3.0
935.9474170305176	0.027103399999987232	epochs	2.0
935.9474170305176	0.013572800000019924	epochs	3.0
935.9609898305176	0.013530599999967308	epochs	3.0
935.9745204305176	0.02693520000002536	epochs	2.0
935.9745204305176	0.013488400000028378	epochs	3.0
935.9880088305176	0.013446799999996983	epochs	3.0
936.0014556305176	0.026769199999989723	epochs	2.0
936.0014556305176	0.013405199999965589	epochs	3.0
936.0148608305176	0.013364000000024134	epochs	3.0
936.0282248305176	0.026605199999949036	epochs	2.0
936.0282248305176	0.013322899999934634	epochs	3.0
936.0415477305176	0.013282300000014402	epochs	3.0
936.0548300305176	0.026443200000016986	epochs	2.0
936.0548300305176	0.013241699999980483	epochs	3.0
936.0680717305175	0.013201500000036503	epochs	3.0
936.0812732305176	0.0262831999999662	epochs	2.0
936.0812732305176	0.013161500000023807	epochs	3.0
936.0944347305176	0.013121699999942393	epochs	3.0
936.1075564305175	0.02612499999997908	epochs	2.0
936.1075564305175	0.013082100000019636	epochs	3.0
936.1206385305176	0.013042899999959445	epochs	3.0
936.1336814305175	0.025968900000066242	epochs	2.0
936.1336814305175	0.01300390000005791	epochs	3.0
936.1466853305176	0.012965000000008331	epochs	3.0
936.1596503305176	0.025814500000024054	epochs	2.0
936.1596503305176	0.012926399999969362	epochs	3.0
936.1725767305176	0.012888100000054692	epochs	3.0
936.1854648305176	0.025661899999931848	epochs	2.0
936.1854648305176	0.012849899999991976	epochs	3.0
936.1983147305176	0.012811999999939871	epochs	3.0
936.2111267305175	0.025511199999982637	epochs	2.0
936.2111267305175	0.012774400000012065	epochs	3.0
936.2239011305176	0.012736799999970572	epochs	3.0
936.2366379305175	0.025362300000097093	epochs	2.0
936.2366379305175	0.012699700000098346	epochs	3.0
936.2493376305176	0.012662599999998747	epochs	3.0
936.2620002305176	0.025215000000002874	epochs	2.0
936.2620002305176	0.01262579999990976	epochs	3.0
936.2746260305175	0.012589200000093115	epochs	3.0
936.2872152305176	0.024584799999956886	epochs	2.0
936.3113905305175	0.5	epochs	-1.0
936.3118000305176	0.5320000000000391	epochs	1.0
936.8438000305176	0.4679199999999355	epochs	0.0
938.0279998779297	0.06880000000001019	epochs	0.0
938.0279998779297	0.02940509999996266	epochs	1.0
938.0574049779297	0.00998980000008487	epochs	1.0
938.0673947779297	0.02940509999996266	epochs	1.0
938.0967998779297	2.0	epochs	0.0
940.0967998779297	0.5507999999999811	epochs	0.0
940.0967998779297	0.5507999999999811	epochs	1.0
940.0968703779297	0.5	epochs	-1.0
940.5968703779297	0.05072949999998855	epochs	-1.0
940.6475998779297	21.449119999999994	epochs	0.0
941.9449996948242	0.06880000000001019	epochs	0.0
941.9449996948242	0.02940509999996266	epochs	1.0
941.9744047948242	0.00998980000008487	epochs	1.0
941.9843945948243	0.02940509999996266	epochs	1.0
942.0137996948242	2.0	epochs	0.0
944.0137996948242	0.5307999999999993	epochs	0.0
944.0137996948242	0.5307999999999993	epochs	1.0
944.0138701948242	0.5	epochs	-1.0
944.5138701948242	0.030729500000006738	epochs	-1.0
944.5445996948242	21.469119999999975	epochs	0.0
945.9390001296997	0.06880000000001019	epochs	0.0
945.9390001296997	0.02940509999996266	epochs	1.0
945.9684052296997	0.00998980000008487	epochs	1.0
945.9783950296998	0.02940509999996266	epochs	1.0
946.0078001296997	2.0	epochs	0.0
948.0078001296997	0.5307999999999993	epochs	0.0
948.0078001296997	0.5307999999999993	epochs	1.0
948.0078706296997	0.5	epochs	-1.0
948.5078706296997	0.030729500000006738	epochs	-1.0
948.5386001296997	21.469119999999975	epochs	0.0
949.8559999465942	0.06880000000001019	epochs	0.0
949.8559999465942	0.02940509999996266	epochs	1.0
949.8854050465942	0.00998980000008487	epochs	1.0
949.8953948465943	0.02940509999996266	epochs	1.0
949.9247999465942	2.0	epochs	0.0
951.9247999465942	0.5307999999999993	epochs	0.0
951.9247999465942	0.5307999999999993	epochs	1.0
951.9248704465942	0.5	epochs	-1.0
952.4248704465942	0.030729500000006738	epochs	-1.0
952.4555999465942	21.469119999999975	epochs	0.0
953.8059997558594	0.06880000000001019	epochs	0.0
953.8059997558594	0.02940509999996266	epochs	1.0
953.8354048558593	0.00998980000008487	epochs	1.0
953.8453946558594	0.02940509999996266	epochs	1.0
953.8747997558594	2.0	epochs	0.0
955.8747997558594	0.5307999999999993	epochs	0.0
955.8747997558594	0.5307999999999993	epochs	1.0
955.8748702558594	0.5	epochs	-1.0
956.3748702558594	0.030729500000006738	epochs	-1.0
956.4055997558594	21.469119999999975	epochs	0.0
957.6180000305176	0.06880000000001019	epochs	0.0
957.6180000305176	0.02940509999996266	epochs	1.0
957.6474051305175	0.00998980000008487	epochs	1.0
957.6573949305176	0.02940509999996266	epochs	1.0
957.6868000305176	2.0	epochs	0.0
959.6868000305176	0.5309599999999364	epochs	0.0
959.6868000305176	0.5309599999999364	epochs	1.0
959.6868705305176	0.5	epochs	-1.0
960.1868705305176	0.030889499999943837	epochs	-1.0
960.2177600305175	21.46896000000004	epochs	0.0
961.6180000305176	0.06880000000001019	epochs	0.0
961.6180000305176	0.02940509999996266	epochs	1.0
961.6474051305175	0.00998980000008487	epochs	1.0
961.6573949305176	0.02940509999996266	epochs	1.0
961.6868000305176	2.0	epochs	0.0
963.6868000305176	21.551919999999996	epochs	0.0
963.6868000305176	1.0	epochs	1.0
963.6868705305176	0.5	epochs	-1.0
964.1868705305176	19.99951999999996	epochs	-1.0
964.6868000305176	20.0	epochs	1.0
964.6868000305176	4.356753899999944	epochs	-1.0
964.6868000305176	1.9745871999999736	epochs	2.0
964.6868000305176	1.0985621999999466	epochs	3.0
965.7853622305175	0.8760250000000269	epochs	3.0
966.6613872305176	1.3524075000000266	epochs	2.0
966.6613872305176	0.7286354999999958	epochs	3.0
967.3900227305176	0.6237720000000309	epochs	3.0
968.0137947305176	1.029759199999944	epochs	2.0
968.0137947305176	0.5453292999999348	epochs	3.0
968.5591240305175	0.4844299000000092	epochs	3.0
969.0435539305175	0.8317862000000105	epochs	2.0
969.0435539305175	0.4357763000000432	epochs	3.0
969.4793302305176	0.3960098999999673	epochs	3.0
969.8753401305175	0.6977970000000369	epochs	2.0
969.8753401305175	0.3628982000000178	epochs	3.0
970.2382383305176	0.33489880000001904	epochs	3.0
970.5731371305176	0.601045699999986	epochs	2.0
970.5731371305176	0.3109123000000409	epochs	3.0
970.8840494305176	0.29013339999994514	epochs	3.0
971.1741828305176	0.5278859000000011	epochs	2.0
971.1741828305176	0.2719586000000618	epochs	3.0
971.4461414305176	0.25592729999993935	epochs	3.0
971.7020687305176	0.4706193000000667	epochs	2.0
971.7020687305176	0.241681299999982	epochs	3.0
971.9437500305175	0.22893800000008468	epochs	3.0
972.1726880305176	0.42457039999999324	epochs	2.0
972.1726880305176	0.2174713999999085	epochs	3.0
972.3901594305175	0.20709900000008474	epochs	3.0
972.5972584305176	0.3867353999999068	epochs	2.0
972.5972584305176	0.19767109999997956	epochs	3.0
972.7949295305176	0.18906429999992724	epochs	3.0
972.9839938305175	0.3550953000000163	epochs	2.0
972.9839938305175	0.18117590000008477	epochs	3.0
973.1651697305176	0.17391939999993156	epochs	3.0
973.3390891305176	0.3282431000000088	epochs	2.0
973.3390891305176	0.1672219000000723	epochs	3.0
973.5063110305176	0.16102119999993647	epochs	3.0
973.6673322305176	0.30516799999998057	epochs	2.0
973.6673322305176	0.15526390000002266	epochs	3.0
973.8225961305176	0.1499040999999579	epochs	3.0
973.9725002305175	0.28512530000000424	epochs	2.0
973.9725002305175	0.1449021000000812	epochs	3.0
974.1174023305176	0.14022319999992305	epochs	3.0
974.2576255305175	0.267553800000087	epochs	2.0
974.2576255305175	0.1358369000000721	epochs	3.0
974.3934624305176	0.1317169000000149	epochs	3.0
974.5251793305176	0.252022899999929	epochs	2.0
974.5251793305176	0.1278393000000051	epochs	3.0
974.6530186305176	0.1241835999999239	epochs	3.0
974.7772022305176	0.23819650000007186	epochs	2.0
974.7772022305176	0.12073110000005727	epochs	3.0
974.8979333305176	0.1174654000000146	epochs	3.0
975.0153987305176	0.2258087999999816	epochs	2.0
975.0153987305176	0.1143718999999237	epochs	3.0
975.1297706305176	0.1114369000000579	epochs	3.0
975.2412075305176	0.2146460000000161	epochs	2.0
975.2412075305176	0.10864889999993466	epochs	3.0
975.3498564305175	0.10599710000008145	epochs	3.0
975.4558535305176	0.20453499999996438	epochs	2.0
975.4558535305176	0.10347149999995509	epochs	3.0
975.5593250305176	0.1010635000000093	epochs	3.0
975.6603885305176	0.19533400000000256	epochs	2.0
975.6603885305176	0.09876510000003691	epochs	3.0
975.7591536305176	0.09656889999996565	epochs	3.0
975.8557225305176	0.18692529999998442	epochs	2.0
975.8557225305176	0.09446830000001682	epochs	3.0
975.9501908305176	0.09245699999996759	epochs	3.0
976.0426478305176	0.17921069999999872	epochs	2.0
976.0426478305176	0.09052959999996801	epochs	3.0
976.1331774305175	0.08868110000003071	epochs	3.0
976.2218585305176	0.17210769999996955	epochs	2.0
976.2218585305176	0.08690630000000965	epochs	3.0
976.3087648305176	0.0852013999999599	epochs	3.0
976.3939662305175	0.16554640000003928	epochs	2.0
976.3939662305175	0.08356190000006336	epochs	3.0
976.4775281305176	0.08198449999997592	epochs	3.0
976.5595126305176	0.15946710000002895	epochs	2.0
976.5595126305176	0.08046539999998004	epochs	3.0
976.6399780305176	0.07900170000004891	epochs	3.0
976.7189797305176	0.15381839999997737	epochs	2.0
976.7189797305176	0.07759009999995214	epochs	3.0
976.7965698305176	0.07622830000002523	epochs	3.0
976.8727981305176	0.14855639999996129	epochs	2.0
976.8727981305176	0.07491329999993468	epochs	3.0
976.9477114305175	0.0736431000000266	epochs	3.0
977.0213545305176	0.14364239999997608	epochs	2.0
977.0213545305176	0.07241499999997814	epochs	3.0
977.0937695305175	0.07122739999999794	epochs	3.0
977.1649969305175	0.13904310000009446	epochs	2.0
977.1649969305175	0.07007800000008046	epochs	3.0
977.2350749305176	0.06896510000001399	epochs	3.0
977.3040400305176	0.1347293000000036	epochs	2.0
977.3040400305176	0.0678871000000072	epochs	3.0
977.3719271305176	0.06684219999999641	epochs	3.0
977.4387693305176	0.13067519999992783	epochs	2.0
977.4387693305176	0.06582909999997355	epochs	3.0
977.5045984305176	0.06484609999995428	epochs	3.0
977.5694445305176	0.12685780000003888	epochs	2.0
977.5694445305176	0.06389200000000983	epochs	3.0
977.6333365305176	0.06296580000002905	epochs	3.0
977.6963023305176	0.12325720000001184	epochs	2.0
977.6963023305176	0.06206580000002759	epochs	3.0
977.7583681305176	0.06119139999998424	epochs	3.0
977.8195595305176	0.11985540000000583	epochs	2.0
977.8195595305176	0.060341099999959624	epochs	3.0
977.8799006305176	0.059514300000046205	epochs	3.0
977.9394149305176	0.11663620000001629	epochs	2.0
977.9394149305176	0.058709599999929196	epochs	3.0
977.9981245305175	0.05792660000008709	epochs	3.0
978.0560511305176	0.11358559999996487	epochs	2.0
978.0560511305176	0.05716419999998834	epochs	3.0
978.1132153305176	0.05642139999997653	epochs	3.0
978.1696367305176	0.11069050000003244	epochs	2.0
978.1696367305176	0.055697900000041045	epochs	3.0
978.2253346305176	0.0549925999999914	epochs	3.0
978.2803272305176	0.10793909999995321	epochs	2.0
978.2803272305176	0.05430489999992005	epochs	3.0
978.3346321305175	0.05363420000003316	epochs	3.0
978.3882663305176	0.10532149999994544	epochs	2.0
978.3882663305176	0.05298000000004777	epochs	3.0
978.4412463305176	0.05234149999989768	epochs	3.0
978.4935878305175	0.10282760000006874	epochs	2.0
978.4935878305175	0.05171810000001642	epochs	3.0
978.5453059305175	0.05110950000005232	epochs	3.0
978.5964154305176	0.10044909999999163	epochs	2.0
978.5964154305176	0.05051489999993919	epochs	3.0
978.6469303305175	0.04993420000005244	epochs	3.0
978.6968645305176	0.0981782999999723	epochs	2.0
978.6968645305176	0.04936659999998483	epochs	3.0
978.7462311305176	0.04881169999998747	epochs	3.0
978.7950428305176	0.09600780000005216	epochs	2.0
978.7950428305176	0.04826920000004975	epochs	3.0
978.8433120305176	0.04773860000000241	epochs	3.0
978.8910506305176	0.09393119999992905	epochs	2.0
978.8910506305176	0.04721949999998287	epochs	3.0
978.9382701305176	0.04671169999994618	epochs	3.0
978.9849818305175	0.09194260000003851	epochs	2.0
978.9849818305175	0.046214599999984785	epochs	3.0
979.0311964305175	0.045728000000053726	epochs	3.0
979.0769244305176	0.09003629999995155	epochs	2.0
979.0769244305176	0.045251499999949374	epochs	3.0
979.1221759305175	0.04478480000000218	epochs	3.0
979.1669607305175	0.08820760000003247	epochs	2.0
979.1669607305175	0.044327800000019124	epochs	3.0
979.2112885305175	0.04387980000001335	epochs	3.0
979.2551683305176	0.0864516999999978	epochs	2.0
979.2551683305176	0.04344100000002982	epochs	3.0
979.2986093305176	0.04301069999996798	epochs	3.0
979.3416200305176	0.08476429999996071	epochs	2.0
979.3416200305176	0.04258900000002086	epochs	3.0
979.3842090305176	0.04217529999993985	epochs	3.0
979.4263843305175	0.08314150000001064	epochs	2.0
979.4263843305175	0.04176970000003166	epochs	3.0
979.4681540305176	0.041371799999978975	epochs	3.0
979.5095258305175	0.08157970000002024	epochs	2.0
979.5095258305175	0.04098140000007788	epochs	3.0
979.5505072305176	0.040598299999942355	epochs	3.0
979.5911055305176	0.08007550000002084	epochs	2.0
979.5911055305176	0.04022229999998217	epochs	3.0
979.6313278305175	0.03985320000003867	epochs	3.0
979.6711810305176	0.07862569999997504	epochs	2.0
979.6711810305176	0.0394907999999532	epochs	3.0
979.7106718305175	0.039134900000021844	epochs	3.0
979.7498067305175	0.07722760000001472	epochs	2.0
979.7498067305175	0.038785400000051595	epochs	3.0
979.7885921305176	0.03844219999996312	epochs	3.0
979.8270343305176	0.07587820000003376	epochs	2.0
979.8270343305176	0.038104800000041905	epochs	3.0
979.8651391305176	0.03777339999999185	epochs	3.0
979.9029125305176	0.0745752000000266	epochs	2.0
979.9029125305176	0.03744770000002973	epochs	3.0
979.9403602305176	0.03712749999999687	epochs	3.0
979.9774877305176	0.07331629999998768	epochs	2.0
979.9774877305176	0.036812899999972615	epochs	3.0
980.0143006305176	0.03650340000001506	epochs	3.0
980.0508040305176	0.07209899999998015	epochs	2.0
980.0508040305176	0.03619909999997617	epochs	3.0
980.0870031305176	0.03589990000000398	epochs	3.0
980.1229030305176	0.07092169999998532	epochs	2.0
980.1229030305176	0.03560559999993984	epochs	3.0
980.1585086305175	0.03531610000004548	epochs	3.0
980.1938247305176	0.06978200000003199	epochs	2.0
980.1938247305176	0.03503120000004856	epochs	3.0
980.2288559305176	0.03475079999998343	epochs	3.0
980.2636067305176	0.06867859999999837	epochs	2.0
980.2636067305176	0.03447510000000875	epochs	3.0
980.2980818305176	0.03420349999998962	epochs	3.0
980.3322853305176	0.06760929999995824	epochs	2.0
980.3322853305176	0.033936199999970995	epochs	3.0
980.3662215305176	0.033673099999987244	epochs	3.0
980.3998946305176	0.06657289999998284	epochs	2.0
980.3998946305176	0.03341399999999339	epochs	3.0
980.4333086305176	0.033158899999989444	epochs	3.0
980.4664675305175	0.06556780000005347	epochs	2.0
980.4664675305175	0.032907700000009754	epochs	3.0
980.4993752305176	0.03266010000004371	epochs	3.0
980.5320353305176	0.06459259999996902	epochs	2.0
980.5320353305176	0.032416399999988244	epochs	3.0
980.5644517305176	0.03217619999998078	epochs	3.0
980.5966279305176	0.06364600000006249	epochs	2.0
980.5966279305176	0.03193959999998697	epochs	3.0
980.6285675305176	0.03170640000007552	epochs	3.0
980.6602739305176	0.0627266999999847	epochs	2.0
980.6602739305176	0.031476599999905375	epochs	3.0
980.6917505305175	0.03125010000007933	epochs	3.0
980.7230006305176	0.06183359999999993	epochs	2.0
980.7230006305176	0.03102689999991526	epochs	3.0
980.7540275305175	0.030806700000084675	epochs	3.0
980.7848342305176	0.060965599999917686	epochs	2.0
980.7848342305176	0.030589799999916067	epochs	3.0
980.8154240305175	0.030375800000001618	epochs	3.0
980.8457998305175	0.06012160000000222	epochs	2.0
980.8457998305175	0.030164900000045236	epochs	3.0
980.8759647305176	0.02995669999995698	epochs	3.0
980.9059214305175	0.05930069999999432	epochs	2.0
980.9059214305175	0.029751600000054168	epochs	3.0
980.9356730305176	0.029549099999940154	epochs	3.0
980.9652221305175	0.05850180000004457	epochs	2.0
980.9652221305175	0.02934940000000097	epochs	3.0
980.9945715305175	0.0291524000000436	epochs	3.0
981.0237239305176	0.057724200000052406	epochs	2.0
981.0237239305176	0.028957999999988715	epochs	3.0
981.0526819305176	0.02876620000006369	epochs	3.0
981.0814481305176	0.05696709999995164	epochs	2.0
981.0814481305176	0.028576999999927466	epochs	3.0
981.1100251305176	0.028390100000024177	epochs	3.0
981.1384152305176	0.05622949999997218	epochs	2.0
981.1384152305176	0.028205699999944045	epochs	3.0
981.1666209305175	0.028023800000028132	epochs	3.0
981.1946447305176	0.05551070000001346	epochs	2.0
981.1946447305176	0.02784400000007281	epochs	3.0
981.2224887305176	0.027666699999940647	epochs	3.0
981.2501554305176	0.054810200000019904	epochs	2.0
981.2501554305176	0.02749149999999645	epochs	3.0
981.2776469305176	0.027318700000023455	epochs	3.0
981.3049656305176	0.05412699999999404	epochs	2.0
981.3049656305176	0.027147799999966082	epochs	3.0
981.3321134305176	0.02697920000002796	epochs	3.0
981.3590926305176	0.053460699999959616	epochs	2.0
981.3590926305176	0.0268125999999711	epochs	3.0
981.3859052305176	0.026648099999988517	epochs	3.0
981.4125533305175	0.05281070000000909	epochs	2.0
981.4125533305175	0.026485600000000886	epochs	3.0
981.4390389305175	0.026325100000008206	epochs	3.0
981.4653640305175	0.05217620000007628	epochs	2.0
981.4653640305175	0.026166400000079193	epochs	3.0
981.4915304305176	0.026009799999997085	epochs	3.0
981.5175402305176	0.051556699999991906	epochs	2.0
981.5175402305176	0.025854799999933675	epochs	3.0
981.5433950305176	0.02570190000005823	epochs	3.0
981.5690969305176	0.05095189999997274	epochs	2.0
981.5690969305176	0.025550699999939752	epochs	3.0
981.5946476305176	0.025401200000032986	epochs	3.0
981.6200488305176	0.05036099999995258	epochs	2.0
981.6200488305176	0.025253499999962514	epochs	3.0
981.6453023305176	0.02510749999999007	epochs	3.0
981.6704098305175	0.049783800000000156	epochs	2.0
981.6704098305175	0.02496320000000196	epochs	3.0
981.6953730305175	0.024820599999998194	epochs	3.0
981.7201936305175	0.049219500000049266	epochs	2.0
981.7201936305175	0.02467940000008184	epochs	3.0
981.7448730305176	0.024540099999967424	epochs	3.0
981.7694131305176	0.048667899999941255	epochs	2.0
981.7694131305176	0.02440209999997478	epochs	3.0
981.7938152305176	0.024265799999966475	epochs	3.0
981.8180810305175	0.04812860000004093	epochs	2.0
981.8180810305175	0.024131000000011227	epochs	3.0
981.8422120305175	0.023997600000029706	epochs	3.0
981.8662096305176	0.04760109999995166	epochs	2.0
981.8662096305176	0.023865799999953197	epochs	3.0
981.8900754305175	0.02373529999999846	epochs	3.0
981.9138107305175	0.047085000000038235	epochs	2.0
981.9138107305175	0.02360630000009678	epochs	3.0
981.9374170305176	0.023478699999941455	epochs	3.0
981.9608957305176	0.04658000000006268	epochs	2.0
981.9608957305176	0.02335249999998723	epochs	3.0
981.9842482305176	0.02322750000007545	epochs	3.0
982.0074757305176	0.04608569999993506	epochs	2.0
982.0074757305176	0.023103999999989355	epochs	3.0
982.0305797305176	0.022981699999945704	epochs	3.0
982.0535614305176	0.045601799999985815	epochs	2.0
982.0535614305176	0.022860700000023826	epochs	3.0
982.0764221305176	0.02274109999996199	epochs	3.0
982.0991632305175	0.04512790000001132	epochs	2.0
982.0991632305175	0.022622500000011314	epochs	3.0
982.1217857305176	0.02250540000000001	epochs	3.0
982.1442911305176	0.044663799999966614	epochs	2.0
982.1442911305176	0.02238929999998618	epochs	3.0
982.1666804305175	0.022274499999980435	epochs	3.0
982.1889549305175	0.04420920000006845	epochs	2.0
982.1889549305175	0.022160800000051495	epochs	3.0
982.2111157305176	0.022048400000016954	epochs	3.0
982.2331641305176	0.043763600000033875	epochs	2.0
982.2331641305176	0.021936900000014248	epochs	3.0
982.2551010305176	0.021826700000019628	epochs	3.0
982.2769277305176	0.04332709999994222	epochs	2.0
982.2769277305176	0.021717599999988124	epochs	3.0
982.2986453305176	0.021609499999954096	epochs	3.0
982.3202548305176	0.04289900000003399	epochs	2.0
982.3202548305176	0.02150249999999687	epochs	3.0
982.3417573305176	0.021396500000037122	epochs	3.0
982.3631538305176	0.042479500000013104	epochs	2.0
982.3631538305176	0.02129170000000613	epochs	3.0
982.3844455305176	0.021187800000006973	epochs	3.0
982.4056333305176	0.042067900000006375	epochs	2.0
982.4056333305176	0.02108490000000529	epochs	3.0
982.4267182305176	0.020983000000001084	epochs	3.0
982.4477012305176	0.04166439999994509	epochs	2.0
982.4477012305176	0.020882199999959994	epochs	3.0
982.4685834305176	0.020782199999985096	epochs	3.0
982.4893656305176	0.04126850000000104	epochs	2.0
982.4893656305176	0.020683299999973315	epochs	3.0
982.5100489305175	0.020585200000027726	epochs	3.0
982.5306341305176	0.04088000000001557	epochs	2.0
982.5306341305176	0.020488099999965925	epochs	3.0
982.5511222305175	0.020391900000049645	epochs	3.0
982.5715141305176	0.04049880000002304	epochs	2.0
982.5715141305176	0.020296600000051512	epochs	3.0
982.5918107305176	0.020202199999971526	epochs	3.0
982.6120129305176	0.04012460000001283	epochs	2.0
982.6120129305176	0.020108699999923374	epochs	3.0
982.6321216305175	0.02001590000008946	epochs	3.0
982.6521375305176	0.039757299999905626	epochs	2.0
982.6521375305176	0.019924199999991288	epochs	3.0
982.6720617305176	0.01983309999991434	epochs	3.0
982.6918948305175	0.03939669999999751	epochs	2.0
982.6918948305175	0.01974300000006224	epochs	3.0
982.7116378305176	0.01965369999993527	epochs	3.0
982.7312915305175	0.039042400000084854	epochs	2.0
982.7312915305175	0.01956510000002254	epochs	3.0
982.7508566305175	0.019477300000062314	epochs	3.0
982.7703339305176	0.03869459999998526	epochs	2.0
982.7703339305176	0.019390400000020236	epochs	3.0
982.7897243305176	0.01930419999996502	epochs	3.0
982.8090285305176	0.03835289999994984	epochs	2.0
982.8090285305176	0.019218799999976	epochs	3.0
982.8282473305176	0.01913409999997384	epochs	3.0
982.8473814305175	0.03801720000001296	epochs	2.0
982.8473814305175	0.019050200000037876	epochs	3.0
982.8664316305176	0.018966999999975087	epochs	3.0
982.8853986305176	0.037687200000050325	epochs	2.0
982.8853986305176	0.01888450000001285	epochs	3.0
982.9042831305176	0.018802700000037476	epochs	3.0
982.9230858305176	0.03736309999999321	epochs	2.0
982.9230858305176	0.018721700000014607	epochs	3.0
982.9418075305176	0.018641399999978603	epochs	3.0
982.9604489305176	0.03704429999993408	epochs	2.0
982.9604489305176	0.01856159999999818	epochs	3.0
982.9790105305176	0.018482699999935903	epochs	3.0
982.9974932305175	0.0367310000000316	epochs	2.0
982.9974932305175	0.018404300000042895	epochs	3.0
983.0158975305176	0.018326699999988705	epochs	3.0
983.0342242305176	0.036422900000047775	epochs	2.0
983.0342242305176	0.018249599999990096	epochs	3.0
983.0524738305176	0.01817330000005768	epochs	3.0
983.0706471305176	0.03612009999994825	epochs	2.0
983.0706471305176	0.01809759999991911	epochs	3.0
983.0887447305175	0.01802250000002914	epochs	3.0
983.1067672305176	0.03582210000001851	epochs	2.0
983.1067672305176	0.017947899999967376	epochs	3.0
983.1247151305175	0.017874200000051133	epochs	3.0
983.1425893305176	0.03552899999999681	epochs	2.0
983.1425893305176	0.017800800000031813	epochs	3.0
983.1603901305176	0.017728199999965	epochs	3.0
983.1781183305176	0.03524070000003121	epochs	2.0
983.1781183305176	0.017656099999953767	epochs	3.0
983.1957744305175	0.017584600000077444	epochs	3.0
983.2133590305176	0.03495709999992869	epochs	2.0
983.2133590305176	0.01751369999999497	epochs	3.0
983.2308727305176	0.017443399999933717	epochs	3.0
983.2483161305175	0.03467790000001969	epochs	2.0
983.2483161305175	0.017373600000041733	epochs	3.0
983.2656897305176	0.017304299999977957	epochs	3.0
983.2829940305176	0.03440330000000813	epochs	2.0
983.2829940305176	0.01723570000001473	epochs	3.0
983.3002297305176	0.0171675999999934	epochs	3.0
983.3173973305176	0.0341328000000658	epochs	2.0
983.3173973305176	0.017099900000062007	epochs	3.0
983.3344972305176	0.017032900000003792	epochs	3.0
983.3515301305176	0.033866699999975935	epochs	2.0
983.3515301305176	0.01696640000000116	epochs	3.0
983.3684965305176	0.016900299999974777	epochs	3.0
983.3853968305176	0.03360459999998966	epochs	2.0
983.3853968305176	0.01683479999996962	epochs	3.0
983.4022316305176	0.01676980000002004	epochs	3.0
983.4190014305176	0.033346599999958926	epochs	2.0
983.4190014305176	0.016705300000012357	epochs	3.0
983.4357067305176	0.01664129999994657	epochs	3.0
983.4523480305176	0.03309250000006614	epochs	2.0
983.4523480305176	0.016577800000050047	epochs	3.0
983.4689258305176	0.01651470000001609	epochs	3.0
983.4854405305176	0.03284229999997024	epochs	2.0
983.4854405305176	0.01645220000000336	epochs	3.0
983.5018927305176	0.01639009999996688	epochs	3.0
983.5182828305176	0.03259570000000167	epochs	2.0
983.5182828305176	0.016328400000020338	epochs	3.0
983.5346112305176	0.016267299999981333	epochs	3.0
983.5508785305176	0.032352899999978035	epochs	2.0
983.5508785305176	0.016206600000032267	epochs	3.0
983.5670851305176	0.016146299999945768	epochs	3.0
983.5832314305176	0.03211369999996805	epochs	2.0
983.5832314305176	0.016086599999994178	epochs	3.0
983.5993180305176	0.01602709999997387	epochs	3.0
983.6153451305175	0.03187800000000607	epochs	2.0
983.6153451305175	0.015968200000088473	epochs	3.0
983.6313133305176	0.015909799999917595	epochs	3.0
983.6472231305175	0.031645700000012766	epochs	2.0
983.6472231305175	0.01585160000001906	epochs	3.0
983.6630747305176	0.015794099999993705	epochs	3.0
983.6788688305176	0.0314167000000225	epochs	2.0
983.6788688305176	0.015736700000047676	epochs	3.0
983.6946055305176	0.015679999999974825	epochs	3.0
983.7102855305176	0.031191100000000915	epochs	2.0
983.7102855305176	0.015623600000026272	epochs	3.0
983.7259091305176	0.015567499999974643	epochs	3.0
983.7414766305176	0.030968700000016725	epochs	2.0
983.7414766305176	0.015511999999944237	epochs	3.0
983.7569886305175	0.015456700000072487	epochs	3.0
983.7724453305176	0.030749499999956242	epochs	2.0
983.7724453305176	0.015401999999994587	epochs	3.0
983.7878473305176	0.015347499999961656	epochs	3.0
983.8031948305176	0.03053320000003623	epochs	2.0
983.8031948305176	0.015293400000018664	epochs	3.0
983.8184882305176	0.015239800000017567	epochs	3.0
983.8337280305176	0.03032010000003993	epochs	2.0
983.8337280305176	0.015186500000027081	epochs	3.0
983.8489145305176	0.015133600000012848	epochs	3.0
983.8640481305176	0.030109899999956724	epochs	2.0
983.8640481305176	0.015080999999895539	epochs	3.0
983.8791291305175	0.015028900000061185	epochs	3.0
983.8941580305176	0.02990250000004835	epochs	2.0
983.8941580305176	0.014977000000044427	epochs	3.0
983.9091350305176	0.014925500000003922	epochs	3.0
983.9240605305176	0.029698099999905025	epochs	2.0
983.9240605305176	0.01487439999993967	epochs	3.0
983.9389349305176	0.014823699999965356	epochs	3.0
983.9537586305175	0.02949630000000525	epochs	2.0
983.9537586305175	0.014773200000036013	epochs	3.0
983.9685318305176	0.014723099999969236	epochs	3.0
983.9832549305175	0.02929740000001857	epochs	2.0
983.9832549305175	0.014673399999992398	epochs	3.0
983.9979283305175	0.014624000000026172	epochs	3.0
984.0125523305176	0.029101100000048064	epochs	2.0
984.0125523305176	0.014574900000070556	epochs	3.0
984.0271272305176	0.014526199999977507	epochs	3.0
984.0416534305176	0.028907399999980044	epochs	2.0
984.0416534305176	0.014477699999929428	epochs	3.0
984.0561311305175	0.014429700000050616	epochs	3.0
984.0705608305176	0.028716199999962555	epochs	2.0
984.0705608305176	0.014381800000023759	epochs	3.0
984.0849426305176	0.014334399999938796	epochs	3.0
984.0992770305176	0.028527600000074926	epochs	2.0
984.0992770305176	0.01428720000001249	epochs	3.0
984.1135642305176	0.014240400000062436	epochs	3.0
984.1278046305176	0.028341399999931127	epochs	2.0
984.1278046305176	0.014193799999929979	epochs	3.0
984.1419984305176	0.014147600000001148	epochs	3.0
984.1561460305176	0.028157700000065233	epochs	2.0
984.1561460305176	0.014101699999969242	epochs	3.0
984.1702477305175	0.014056000000095992	epochs	3.0
984.1843037305176	0.027976299999977527	epochs	2.0
984.1843037305176	0.01401060000000598	epochs	3.0
984.1983143305176	0.013965699999971548	epochs	3.0
984.2122800305176	0.02779720000000907	epochs	2.0
984.2122800305176	0.013920799999937117	epochs	3.0
984.2262008305175	0.013876400000071953	epochs	3.0
984.2400772305176	0.027620399999932488	epochs	2.0
984.2400772305176	0.0138321999999107	epochs	3.0
984.2539094305175	0.013788200000021789	epochs	3.0
984.2676976305175	0.02744590000008884	epochs	2.0
984.2676976305175	0.013744599999995444	epochs	3.0
984.2814422305175	0.013701300000093397	epochs	3.0
984.2951435305176	0.027273499999978412	epochs	2.0
984.2951435305176	0.01365819999989526	epochs	3.0
984.3088017305175	0.013615300000083153	epochs	3.0
984.3224170305176	0.027103399999987232	epochs	2.0
984.3224170305176	0.013572800000019924	epochs	3.0
984.3359898305176	0.013530599999967308	epochs	3.0
984.3495204305176	0.02693520000002536	epochs	2.0
984.3495204305176	0.013488400000028378	epochs	3.0
984.3630088305176	0.013446799999996983	epochs	3.0
984.3764556305176	0.026769199999989723	epochs	2.0
984.3764556305176	0.013405199999965589	epochs	3.0
984.3898608305176	0.013364000000024134	epochs	3.0
984.4032248305176	0.026605199999949036	epochs	2.0
984.4032248305176	0.013322899999934634	epochs	3.0
984.4165477305176	0.013282300000014402	epochs	3.0
984.4298300305176	0.026443200000016986	epochs	2.0
984.4298300305176	0.013241699999980483	epochs	3.0
984.4430717305175	0.013201500000036503	epochs	3.0
984.4562732305176	0.0262831999999662	epochs	2.0
984.4562732305176	0.013161500000023807	epochs	3.0
984.4694347305176	0.013121699999942393	epochs	3.0
984.4825564305175	0.02612499999997908	epochs	2.0
984.4825564305175	0.013082100000019636	epochs	3.0
984.4956385305176	0.013042899999959445	epochs	3.0
984.5086814305175	0.025968900000066242	epochs	2.0
984.5086814305175	0.01300390000005791	epochs	3.0
984.5216853305176	0.012965000000008331	epochs	3.0
984.5346503305176	0.025814500000024054	epochs	2.0
984.5346503305176	0.012926399999969362	epochs	3.0
984.5475767305176	0.012888100000054692	epochs	3.0
984.5604648305176	0.025661899999931848	epochs	2.0
984.5604648305176	0.012849899999991976	epochs	3.0
984.5733147305176	0.012811999999939871	epochs	3.0
984.5861267305175	0.025511199999982637	epochs	2.0
984.5861267305175	0.012774400000012065	epochs	3.0
984.5989011305176	0.012736799999970572	epochs	3.0
984.6116379305175	0.025362300000097093	epochs	2.0
984.6116379305175	0.012699700000098346	epochs	3.0
984.6243376305176	0.012662599999998747	epochs	3.0
984.6370002305176	0.025215000000002874	epochs	2.0
984.6370002305176	0.01262579999990976	epochs	3.0
984.6496260305175	0.012589200000093115	epochs	3.0
984.6622152305176	0.024584799999956886	epochs	2.0
984.6863905305175	0.5	epochs	-1.0
984.6868000305176	0.5519199999999955	epochs	1.0
985.2387200305176	0.4479999999999791	epochs	0.0
986.2569999694824	0.06880000000001019	epochs	0.0
986.2569999694824	0.02940509999996266	epochs	1.0
986.2864050694824	0.00998980000008487	epochs	1.0
986.2963948694825	0.02940509999996266	epochs	1.0
986.3257999694824	2.0	epochs	0.0
988.3257999694824	0.5307999999999993	epochs	0.0
988.3257999694824	0.5307999999999993	epochs	1.0
988.3258704694824	0.5	epochs	-1.0
988.8258704694824	0.030729500000006738	epochs	-1.0
988.8565999694824	21.469119999999975	epochs	0.0
990.1230001449585	0.06880000000001019	epochs	0.0
990.1230001449585	0.02940509999996266	epochs	1.0
990.1524052449585	0.00998980000008487	epochs	1.0
990.1623950449585	0.02940509999996266	epochs	1.0
990.1918001449585	2.0	epochs	0.0
992.1918001449585	21.999919999999975	epochs	0.0
992.1918001449585	1.0	epochs	1.0
992.1918706449585	0.5	epochs	-1.0
992.6918706449585	19.99951999999996	epochs	-1.0
993.1918001449585	20.0	epochs	1.0
993.1918001449585	4.356753899999944	epochs	-1.0
993.1918001449585	1.9745871999999736	epochs	2.0
993.1918001449585	1.0985621999999466	epochs	3.0
994.2903623449585	0.8760250000000269	epochs	3.0
995.1663873449585	1.3524075000000266	epochs	2.0
995.1663873449585	0.7286354999999958	epochs	3.0
995.8950228449585	0.6237720000000309	epochs	3.0
996.5187948449585	1.029759199999944	epochs	2.0
996.5187948449585	0.5453292999999348	epochs	3.0
997.0641241449584	0.4844299000000092	epochs	3.0
997.5485540449585	0.8317862000000105	epochs	2.0
997.5485540449585	0.4357763000000432	epochs	3.0
997.9843303449585	0.3960098999999673	epochs	3.0
998.3803402449585	0.6977970000000369	epochs	2.0
998.3803402449585	0.3628982000000178	epochs	3.0
998.7432384449585	0.33489880000001904	epochs	3.0
999.0781372449585	0.601045699999986	epochs	2.0
999.0781372449585	0.3109123000000409	epochs	3.0
999.3890495449585	0.29013339999994514	epochs	3.0
999.6791829449585	0.5278859000000011	epochs	2.0
999.6791829449585	0.2719586000000618	epochs	3.0
999.9511415449585	0.25592729999993935	epochs	3.0
1000.2070688449585	0.4706193000000667	epochs	2.0
1000.2070688449585	0.241681299999982	epochs	3.0
1000.4487501449585	0.22893800000008468	epochs	3.0
1000.6776881449586	0.42457039999999324	epochs	2.0
1000.6776881449586	0.2174713999999085	epochs	3.0
1000.8951595449585	0.20709900000008474	epochs	3.0
1001.1022585449585	0.3867353999999068	epochs	2.0
1001.1022585449585	0.19767109999997956	epochs	3.0
1001.2999296449585	0.18906429999992724	epochs	3.0
1001.4889939449585	0.3550953000000163	epochs	2.0
1001.4889939449585	0.18117590000008477	epochs	3.0
1001.6701698449585	0.17391939999993156	epochs	3.0
1001.8440892449585	0.3282431000000088	epochs	2.0
1001.8440892449585	0.1672219000000723	epochs	3.0
1002.0113111449585	0.16102119999993647	epochs	3.0
1002.1723323449585	0.30516799999998057	epochs	2.0
1002.1723323449585	0.15526390000002266	epochs	3.0
1002.3275962449585	0.1499040999999579	epochs	3.0
1002.4775003449585	0.28512530000000424	epochs	2.0
1002.4775003449585	0.1449021000000812	epochs	3.0
1002.6224024449585	0.14022319999992305	epochs	3.0
1002.7626256449585	0.267553800000087	epochs	2.0
1002.7626256449585	0.1358369000000721	epochs	3.0
1002.8984625449585	0.1317169000000149	epochs	3.0
1003.0301794449585	0.252022899999929	epochs	2.0
1003.0301794449585	0.1278393000000051	epochs	3.0
1003.1580187449586	0.1241835999999239	epochs	3.0
1003.2822023449585	0.23819650000007186	epochs	2.0
1003.2822023449585	0.12073110000005727	epochs	3.0
1003.4029334449585	0.1174654000000146	epochs	3.0
1003.5203988449585	0.2258087999999816	epochs	2.0
1003.5203988449585	0.1143718999999237	epochs	3.0
1003.6347707449585	0.1114369000000579	epochs	3.0
1003.7462076449585	0.2146460000000161	epochs	2.0
1003.7462076449585	0.10864889999993466	epochs	3.0
1003.8548565449585	0.10599710000008145	epochs	3.0
1003.9608536449585	0.20453499999996438	epochs	2.0
1003.9608536449585	0.10347149999995509	epochs	3.0
1004.0643251449585	0.1010635000000093	epochs	3.0
1004.1653886449585	0.19533400000000256	epochs	2.0
1004.1653886449585	0.09876510000003691	epochs	3.0
1004.2641537449585	0.09656889999996565	epochs	3.0
1004.3607226449585	0.18692529999998442	epochs	2.0
1004.3607226449585	0.09446830000001682	epochs	3.0
1004.4551909449585	0.09245699999996759	epochs	3.0
1004.5476479449585	0.17921069999999872	epochs	2.0
1004.5476479449585	0.09052959999996801	epochs	3.0
1004.6381775449585	0.08868110000003071	epochs	3.0
1004.7268586449585	0.17210769999996955	epochs	2.0
1004.7268586449585	0.08690630000000965	epochs	3.0
1004.8137649449585	0.0852013999999599	epochs	3.0
1004.8989663449585	0.16554640000003928	epochs	2.0
1004.8989663449585	0.08356190000006336	epochs	3.0
1004.9825282449585	0.08198449999997592	epochs	3.0
1005.0645127449585	0.15946710000002895	epochs	2.0
1005.0645127449585	0.08046539999998004	epochs	3.0
1005.1449781449585	0.07900170000004891	epochs	3.0
1005.2239798449585	0.15381839999997737	epochs	2.0
1005.2239798449585	0.07759009999995214	epochs	3.0
1005.3015699449585	0.07622830000002523	epochs	3.0
1005.3777982449585	0.14855639999996129	epochs	2.0
1005.3777982449585	0.07491329999993468	epochs	3.0
1005.4527115449584	0.0736431000000266	epochs	3.0
1005.5263546449585	0.14364239999997608	epochs	2.0
1005.5263546449585	0.07241499999997814	epochs	3.0
1005.5987696449585	0.07122739999999794	epochs	3.0
1005.6699970449584	0.13904310000009446	epochs	2.0
1005.6699970449584	0.07007800000008046	epochs	3.0
1005.7400750449585	0.06896510000001399	epochs	3.0
1005.8090401449585	0.1347293000000036	epochs	2.0
1005.8090401449585	0.0678871000000072	epochs	3.0
1005.8769272449586	0.06684219999999641	epochs	3.0
1005.9437694449585	0.13067519999992783	epochs	2.0
1005.9437694449585	0.06582909999997355	epochs	3.0
1006.0095985449585	0.06484609999995428	epochs	3.0
1006.0744446449585	0.12685780000003888	epochs	2.0
1006.0744446449585	0.06389200000000983	epochs	3.0
1006.1383366449585	0.06296580000002905	epochs	3.0
1006.2013024449585	0.12325720000001184	epochs	2.0
1006.2013024449585	0.06206580000002759	epochs	3.0
1006.2633682449585	0.06119139999998424	epochs	3.0
1006.3245596449585	0.11985540000000583	epochs	2.0
1006.3245596449585	0.060341099999959624	epochs	3.0
1006.3849007449585	0.059514300000046205	epochs	3.0
1006.4444150449585	0.11663620000001629	epochs	2.0
1006.4444150449585	0.058709599999929196	epochs	3.0
1006.5031246449585	0.05792660000008709	epochs	3.0
1006.5610512449585	0.11358559999996487	epochs	2.0
1006.5610512449585	0.05716419999998834	epochs	3.0
1006.6182154449585	0.05642139999997653	epochs	3.0
1006.6746368449585	0.11069050000003244	epochs	2.0
1006.6746368449585	0.055697900000041045	epochs	3.0
1006.7303347449586	0.0549925999999914	epochs	3.0
1006.7853273449585	0.10793909999995321	epochs	2.0
1006.7853273449585	0.05430489999992005	epochs	3.0
1006.8396322449585	0.05363420000003316	epochs	3.0
1006.8932664449585	0.10532149999994544	epochs	2.0
1006.8932664449585	0.05298000000004777	epochs	3.0
1006.9462464449585	0.05234149999989768	epochs	3.0
1006.9985879449584	0.10282760000006874	epochs	2.0
1006.9985879449584	0.05171810000001642	epochs	3.0
1007.0503060449585	0.05110950000005232	epochs	3.0
1007.1014155449585	0.10044909999999163	epochs	2.0
1007.1014155449585	0.05051489999993919	epochs	3.0
1007.1519304449585	0.04993420000005244	epochs	3.0
1007.2018646449585	0.0981782999999723	epochs	2.0
1007.2018646449585	0.04936659999998483	epochs	3.0
1007.2512312449585	0.04881169999998747	epochs	3.0
1007.3000429449585	0.09600780000005216	epochs	2.0
1007.3000429449585	0.04826920000004975	epochs	3.0
1007.3483121449585	0.04773860000000241	epochs	3.0
1007.3960507449585	0.09393119999992905	epochs	2.0
1007.3960507449585	0.04721949999998287	epochs	3.0
1007.4432702449585	0.04671169999994618	epochs	3.0
1007.4899819449585	0.09194260000003851	epochs	2.0
1007.4899819449585	0.046214599999984785	epochs	3.0
1007.5361965449584	0.045728000000053726	epochs	3.0
1007.5819245449585	0.09003629999995155	epochs	2.0
1007.5819245449585	0.045251499999949374	epochs	3.0
1007.6271760449584	0.04478480000000218	epochs	3.0
1007.6719608449584	0.08820760000003247	epochs	2.0
1007.6719608449584	0.044327800000019124	epochs	3.0
1007.7162886449585	0.04387980000001335	epochs	3.0
1007.7601684449585	0.0864516999999978	epochs	2.0
1007.7601684449585	0.04344100000002982	epochs	3.0
1007.8036094449585	0.04301069999996798	epochs	3.0
1007.8466201449585	0.08476429999996071	epochs	2.0
1007.8466201449585	0.04258900000002086	epochs	3.0
1007.8892091449585	0.04217529999993985	epochs	3.0
1007.9313844449584	0.08314150000001064	epochs	2.0
1007.9313844449584	0.04176970000003166	epochs	3.0
1007.9731541449585	0.041371799999978975	epochs	3.0
1008.0145259449585	0.08157970000002024	epochs	2.0
1008.0145259449585	0.04098140000007788	epochs	3.0
1008.0555073449585	0.040598299999942355	epochs	3.0
1008.0961056449585	0.08007550000002084	epochs	2.0
1008.0961056449585	0.04022229999998217	epochs	3.0
1008.1363279449585	0.03985320000003867	epochs	3.0
1008.1761811449585	0.07862569999997504	epochs	2.0
1008.1761811449585	0.0394907999999532	epochs	3.0
1008.2156719449584	0.039134900000021844	epochs	3.0
1008.2548068449585	0.07722760000001472	epochs	2.0
1008.2548068449585	0.038785400000051595	epochs	3.0
1008.2935922449585	0.03844219999996312	epochs	3.0
1008.3320344449585	0.07587820000003376	epochs	2.0
1008.3320344449585	0.038104800000041905	epochs	3.0
1008.3701392449585	0.03777339999999185	epochs	3.0
1008.4079126449585	0.0745752000000266	epochs	2.0
1008.4079126449585	0.03744770000002973	epochs	3.0
1008.4453603449585	0.03712749999999687	epochs	3.0
1008.4824878449585	0.07331629999998768	epochs	2.0
1008.4824878449585	0.036812899999972615	epochs	3.0
1008.5193007449585	0.03650340000001506	epochs	3.0
1008.5558041449585	0.07209899999998015	epochs	2.0
1008.5558041449585	0.03619909999997617	epochs	3.0
1008.5920032449585	0.03589990000000398	epochs	3.0
1008.6279031449585	0.07092169999998532	epochs	2.0
1008.6279031449585	0.03560559999993984	epochs	3.0
1008.6635087449584	0.03531610000004548	epochs	3.0
1008.6988248449585	0.06978200000003199	epochs	2.0
1008.6988248449585	0.03503120000004856	epochs	3.0
1008.7338560449585	0.03475079999998343	epochs	3.0
1008.7686068449585	0.06867859999999837	epochs	2.0
1008.7686068449585	0.03447510000000875	epochs	3.0
1008.8030819449585	0.03420349999998962	epochs	3.0
1008.8372854449585	0.06760929999995824	epochs	2.0
1008.8372854449585	0.033936199999970995	epochs	3.0
1008.8712216449585	0.033673099999987244	epochs	3.0
1008.9048947449585	0.06657289999998284	epochs	2.0
1008.9048947449585	0.03341399999999339	epochs	3.0
1008.9383087449585	0.033158899999989444	epochs	3.0
1008.9714676449585	0.06556780000005347	epochs	2.0
1008.9714676449585	0.032907700000009754	epochs	3.0
1009.0043753449585	0.03266010000004371	epochs	3.0
1009.0370354449585	0.06459259999996902	epochs	2.0
1009.0370354449585	0.032416399999988244	epochs	3.0
1009.0694518449585	0.03217619999998078	epochs	3.0
1009.1016280449585	0.06364600000006249	epochs	2.0
1009.1016280449585	0.03193959999998697	epochs	3.0
1009.1335676449585	0.03170640000007552	epochs	3.0
1009.1652740449586	0.0627266999999847	epochs	2.0
1009.1652740449586	0.031476599999905375	epochs	3.0
1009.1967506449585	0.03125010000007933	epochs	3.0
1009.2280007449585	0.06183359999999993	epochs	2.0
1009.2280007449585	0.03102689999991526	epochs	3.0
1009.2590276449585	0.030806700000084675	epochs	3.0
1009.2898343449585	0.060965599999917686	epochs	2.0
1009.2898343449585	0.030589799999916067	epochs	3.0
1009.3204241449585	0.030375800000001618	epochs	3.0
1009.3507999449585	0.06012160000000222	epochs	2.0
1009.3507999449585	0.030164900000045236	epochs	3.0
1009.3809648449585	0.02995669999995698	epochs	3.0
1009.4109215449585	0.05930069999999432	epochs	2.0
1009.4109215449585	0.029751600000054168	epochs	3.0
1009.4406731449585	0.029549099999940154	epochs	3.0
1009.4702222449584	0.05850180000004457	epochs	2.0
1009.4702222449584	0.02934940000000097	epochs	3.0
1009.4995716449585	0.0291524000000436	epochs	3.0
1009.5287240449585	0.057724200000052406	epochs	2.0
1009.5287240449585	0.028957999999988715	epochs	3.0
1009.5576820449585	0.02876620000006369	epochs	3.0
1009.5864482449585	0.05696709999995164	epochs	2.0
1009.5864482449585	0.028576999999927466	epochs	3.0
1009.6150252449585	0.028390100000024177	epochs	3.0
1009.6434153449585	0.05622949999997218	epochs	2.0
1009.6434153449585	0.028205699999944045	epochs	3.0
1009.6716210449584	0.028023800000028132	epochs	3.0
1009.6996448449585	0.05551070000001346	epochs	2.0
1009.6996448449585	0.02784400000007281	epochs	3.0
1009.7274888449585	0.027666699999940647	epochs	3.0
1009.7551555449585	0.054810200000019904	epochs	2.0
1009.7551555449585	0.02749149999999645	epochs	3.0
1009.7826470449585	0.027318700000023455	epochs	3.0
1009.8099657449585	0.05412699999999404	epochs	2.0
1009.8099657449585	0.027147799999966082	epochs	3.0
1009.8371135449585	0.02697920000002796	epochs	3.0
1009.8640927449585	0.053460699999959616	epochs	2.0
1009.8640927449585	0.0268125999999711	epochs	3.0
1009.8909053449585	0.026648099999988517	epochs	3.0
1009.9175534449585	0.05281070000000909	epochs	2.0
1009.9175534449585	0.026485600000000886	epochs	3.0
1009.9440390449585	0.026325100000008206	epochs	3.0
1009.9703641449585	0.05217620000007628	epochs	2.0
1009.9703641449585	0.026166400000079193	epochs	3.0
1009.9965305449585	0.026009799999997085	epochs	3.0
1010.0225403449585	0.051556699999991906	epochs	2.0
1010.0225403449585	0.025854799999933675	epochs	3.0
1010.0483951449585	0.02570190000005823	epochs	3.0
1010.0740970449585	0.05095189999997274	epochs	2.0
1010.0740970449585	0.025550699999939752	epochs	3.0
1010.0996477449585	0.025401200000032986	epochs	3.0
1010.1250489449585	0.05036099999995258	epochs	2.0
1010.1250489449585	0.025253499999962514	epochs	3.0
1010.1503024449585	0.02510749999999007	epochs	3.0
1010.1754099449585	0.049783800000000156	epochs	2.0
1010.1754099449585	0.02496320000000196	epochs	3.0
1010.2003731449585	0.024820599999998194	epochs	3.0
1010.2251937449585	0.049219500000049266	epochs	2.0
1010.2251937449585	0.02467940000008184	epochs	3.0
1010.2498731449585	0.024540099999967424	epochs	3.0
1010.2744132449585	0.048667899999941255	epochs	2.0
1010.2744132449585	0.02440209999997478	epochs	3.0
1010.2988153449585	0.024265799999966475	epochs	3.0
1010.3230811449585	0.04812860000004093	epochs	2.0
1010.3230811449585	0.024131000000011227	epochs	3.0
1010.3472121449585	0.023997600000029706	epochs	3.0
1010.3712097449585	0.04760109999995166	epochs	2.0
1010.3712097449585	0.023865799999953197	epochs	3.0
1010.3950755449584	0.02373529999999846	epochs	3.0
1010.4188108449584	0.047085000000038235	epochs	2.0
1010.4188108449584	0.02360630000009678	epochs	3.0
1010.4424171449585	0.023478699999941455	epochs	3.0
1010.4658958449585	0.04658000000006268	epochs	2.0
1010.4658958449585	0.02335249999998723	epochs	3.0
1010.4892483449585	0.02322750000007545	epochs	3.0
1010.5124758449585	0.04608569999993506	epochs	2.0
1010.5124758449585	0.023103999999989355	epochs	3.0
1010.5355798449585	0.022981699999945704	epochs	3.0
1010.5585615449585	0.045601799999985815	epochs	2.0
1010.5585615449585	0.022860700000023826	epochs	3.0
1010.5814222449585	0.02274109999996199	epochs	3.0
1010.6041633449585	0.04512790000001132	epochs	2.0
1010.6041633449585	0.022622500000011314	epochs	3.0
1010.6267858449585	0.02250540000000001	epochs	3.0
1010.6492912449585	0.044663799999966614	epochs	2.0
1010.6492912449585	0.02238929999998618	epochs	3.0
1010.6716805449585	0.022274499999980435	epochs	3.0
1010.6939550449584	0.04420920000006845	epochs	2.0
1010.6939550449584	0.022160800000051495	epochs	3.0
1010.7161158449585	0.022048400000016954	epochs	3.0
1010.7381642449585	0.043763600000033875	epochs	2.0
1010.7381642449585	0.021936900000014248	epochs	3.0
1010.7601011449585	0.021826700000019628	epochs	3.0
1010.7819278449585	0.04332709999994222	epochs	2.0
1010.7819278449585	0.021717599999988124	epochs	3.0
1010.8036454449585	0.021609499999954096	epochs	3.0
1010.8252549449585	0.04289900000003399	epochs	2.0
1010.8252549449585	0.02150249999999687	epochs	3.0
1010.8467574449585	0.021396500000037122	epochs	3.0
1010.8681539449585	0.042479500000013104	epochs	2.0
1010.8681539449585	0.02129170000000613	epochs	3.0
1010.8894456449585	0.021187800000006973	epochs	3.0
1010.9106334449585	0.042067900000006375	epochs	2.0
1010.9106334449585	0.02108490000000529	epochs	3.0
1010.9317183449585	0.020983000000001084	epochs	3.0
1010.9527013449585	0.04166439999994509	epochs	2.0
1010.9527013449585	0.020882199999959994	epochs	3.0
1010.9735835449585	0.020782199999985096	epochs	3.0
1010.9943657449585	0.04126850000000104	epochs	2.0
1010.9943657449585	0.020683299999973315	epochs	3.0
1011.0150490449585	0.020585200000027726	epochs	3.0
1011.0356342449585	0.04088000000001557	epochs	2.0
1011.0356342449585	0.020488099999965925	epochs	3.0
1011.0561223449585	0.020391900000049645	epochs	3.0
1011.0765142449585	0.04049880000002304	epochs	2.0
1011.0765142449585	0.020296600000051512	epochs	3.0
1011.0968108449586	0.020202199999971526	epochs	3.0
1011.1170130449585	0.04012460000001283	epochs	2.0
1011.1170130449585	0.020108699999923374	epochs	3.0
1011.1371217449584	0.02001590000008946	epochs	3.0
1011.1571376449585	0.039757299999905626	epochs	2.0
1011.1571376449585	0.019924199999991288	epochs	3.0
1011.1770618449585	0.01983309999991434	epochs	3.0
1011.1968949449584	0.03939669999999751	epochs	2.0
1011.1968949449584	0.01974300000006224	epochs	3.0
1011.2166379449585	0.01965369999993527	epochs	3.0
1011.2362916449584	0.039042400000084854	epochs	2.0
1011.2362916449584	0.01956510000002254	epochs	3.0
1011.2558567449585	0.019477300000062314	epochs	3.0
1011.2753340449585	0.03869459999998526	epochs	2.0
1011.2753340449585	0.019390400000020236	epochs	3.0
1011.2947244449585	0.01930419999996502	epochs	3.0
1011.3140286449585	0.03835289999994984	epochs	2.0
1011.3140286449585	0.019218799999976	epochs	3.0
1011.3332474449585	0.01913409999997384	epochs	3.0
1011.3523815449585	0.03801720000001296	epochs	2.0
1011.3523815449585	0.019050200000037876	epochs	3.0
1011.3714317449585	0.018966999999975087	epochs	3.0
1011.3903987449585	0.037687200000050325	epochs	2.0
1011.3903987449585	0.01888450000001285	epochs	3.0
1011.4092832449585	0.018802700000037476	epochs	3.0
1011.4280859449585	0.03736309999999321	epochs	2.0
1011.4280859449585	0.018721700000014607	epochs	3.0
1011.4468076449585	0.018641399999978603	epochs	3.0
1011.4654490449585	0.03704429999993408	epochs	2.0
1011.4654490449585	0.01856159999999818	epochs	3.0
1011.4840106449585	0.018482699999935903	epochs	3.0
1011.5024933449585	0.0367310000000316	epochs	2.0
1011.5024933449585	0.018404300000042895	epochs	3.0
1011.5208976449585	0.018326699999988705	epochs	3.0
1011.5392243449585	0.036422900000047775	epochs	2.0
1011.5392243449585	0.018249599999990096	epochs	3.0
1011.5574739449585	0.01817330000005768	epochs	3.0
1011.5756472449585	0.03612009999994825	epochs	2.0
1011.5756472449585	0.01809759999991911	epochs	3.0
1011.5937448449585	0.01802250000002914	epochs	3.0
1011.6117673449585	0.03582210000001851	epochs	2.0
1011.6117673449585	0.017947899999967376	epochs	3.0
1011.6297152449584	0.017874200000051133	epochs	3.0
1011.6475894449585	0.03552899999999681	epochs	2.0
1011.6475894449585	0.017800800000031813	epochs	3.0
1011.6653902449585	0.017728199999965	epochs	3.0
1011.6831184449585	0.03524070000003121	epochs	2.0
1011.6831184449585	0.017656099999953767	epochs	3.0
1011.7007745449584	0.017584600000077444	epochs	3.0
1011.7183591449585	0.03495709999992869	epochs	2.0
1011.7183591449585	0.01751369999999497	epochs	3.0
1011.7358728449585	0.017443399999933717	epochs	3.0
1011.7533162449585	0.03467790000001969	epochs	2.0
1011.7533162449585	0.017373600000041733	epochs	3.0
1011.7706898449585	0.017304299999977957	epochs	3.0
1011.7879941449585	0.03440330000000813	epochs	2.0
1011.7879941449585	0.01723570000001473	epochs	3.0
1011.8052298449585	0.0171675999999934	epochs	3.0
1011.8223974449585	0.0341328000000658	epochs	2.0
1011.8223974449585	0.017099900000062007	epochs	3.0
1011.8394973449585	0.017032900000003792	epochs	3.0
1011.8565302449585	0.033866699999975935	epochs	2.0
1011.8565302449585	0.01696640000000116	epochs	3.0
1011.8734966449585	0.016900299999974777	epochs	3.0
1011.8903969449585	0.03360459999998966	epochs	2.0
1011.8903969449585	0.01683479999996962	epochs	3.0
1011.9072317449585	0.01676980000002004	epochs	3.0
1011.9240015449585	0.033346599999958926	epochs	2.0
1011.9240015449585	0.016705300000012357	epochs	3.0
1011.9407068449585	0.01664129999994657	epochs	3.0
1011.9573481449585	0.03309250000006614	epochs	2.0
1011.9573481449585	0.016577800000050047	epochs	3.0
1011.9739259449585	0.01651470000001609	epochs	3.0
1011.9904406449585	0.03284229999997024	epochs	2.0
1011.9904406449585	0.01645220000000336	epochs	3.0
1012.0068928449585	0.01639009999996688	epochs	3.0
1012.0232829449585	0.03259570000000167	epochs	2.0
1012.0232829449585	0.016328400000020338	epochs	3.0
1012.0396113449585	0.016267299999981333	epochs	3.0
1012.0558786449585	0.032352899999978035	epochs	2.0
1012.0558786449585	0.016206600000032267	epochs	3.0
1012.0720852449585	0.016146299999945768	epochs	3.0
1012.0882315449585	0.03211369999996805	epochs	2.0
1012.0882315449585	0.016086599999994178	epochs	3.0
1012.1043181449585	0.01602709999997387	epochs	3.0
1012.1203452449585	0.03187800000000607	epochs	2.0
1012.1203452449585	0.015968200000088473	epochs	3.0
1012.1363134449585	0.015909799999917595	epochs	3.0
1012.1522232449585	0.031645700000012766	epochs	2.0
1012.1522232449585	0.01585160000001906	epochs	3.0
1012.1680748449585	0.015794099999993705	epochs	3.0
1012.1838689449585	0.0314167000000225	epochs	2.0
1012.1838689449585	0.015736700000047676	epochs	3.0
1012.1996056449585	0.015679999999974825	epochs	3.0
1012.2152856449585	0.031191100000000915	epochs	2.0
1012.2152856449585	0.015623600000026272	epochs	3.0
1012.2309092449585	0.015567499999974643	epochs	3.0
1012.2464767449585	0.030968700000016725	epochs	2.0
1012.2464767449585	0.015511999999944237	epochs	3.0
1012.2619887449584	0.015456700000072487	epochs	3.0
1012.2774454449585	0.030749499999956242	epochs	2.0
1012.2774454449585	0.015401999999994587	epochs	3.0
1012.2928474449585	0.015347499999961656	epochs	3.0
1012.3081949449585	0.03053320000003623	epochs	2.0
1012.3081949449585	0.015293400000018664	epochs	3.0
1012.3234883449585	0.015239800000017567	epochs	3.0
1012.3387281449585	0.03032010000003993	epochs	2.0
1012.3387281449585	0.015186500000027081	epochs	3.0
1012.3539146449585	0.015133600000012848	epochs	3.0
1012.3690482449585	0.030109899999956724	epochs	2.0
1012.3690482449585	0.015080999999895539	epochs	3.0
1012.3841292449584	0.015028900000061185	epochs	3.0
1012.3991581449585	0.02990250000004835	epochs	2.0
1012.3991581449585	0.014977000000044427	epochs	3.0
1012.4141351449585	0.014925500000003922	epochs	3.0
1012.4290606449586	0.029698099999905025	epochs	2.0
1012.4290606449586	0.01487439999993967	epochs	3.0
1012.4439350449585	0.014823699999965356	epochs	3.0
1012.4587587449585	0.02949630000000525	epochs	2.0
1012.4587587449585	0.014773200000036013	epochs	3.0
1012.4735319449585	0.014723099999969236	epochs	3.0
1012.4882550449585	0.02929740000001857	epochs	2.0
1012.4882550449585	0.014673399999992398	epochs	3.0
1012.5029284449585	0.014624000000026172	epochs	3.0
1012.5175524449585	0.029101100000048064	epochs	2.0
1012.5175524449585	0.014574900000070556	epochs	3.0
1012.5321273449586	0.014526199999977507	epochs	3.0
1012.5466535449585	0.028907399999980044	epochs	2.0
1012.5466535449585	0.014477699999929428	epochs	3.0
1012.5611312449585	0.014429700000050616	epochs	3.0
1012.5755609449585	0.028716199999962555	epochs	2.0
1012.5755609449585	0.014381800000023759	epochs	3.0
1012.5899427449585	0.014334399999938796	epochs	3.0
1012.6042771449585	0.028527600000074926	epochs	2.0
1012.6042771449585	0.01428720000001249	epochs	3.0
1012.6185643449585	0.014240400000062436	epochs	3.0
1012.6328047449585	0.028341399999931127	epochs	2.0
1012.6328047449585	0.014193799999929979	epochs	3.0
1012.6469985449585	0.014147600000001148	epochs	3.0
1012.6611461449585	0.028157700000065233	epochs	2.0
1012.6611461449585	0.014101699999969242	epochs	3.0
1012.6752478449584	0.014056000000095992	epochs	3.0
1012.6893038449585	0.027976299999977527	epochs	2.0
1012.6893038449585	0.01401060000000598	epochs	3.0
1012.7033144449586	0.013965699999971548	epochs	3.0
1012.7172801449585	0.02779720000000907	epochs	2.0
1012.7172801449585	0.013920799999937117	epochs	3.0
1012.7312009449585	0.013876400000071953	epochs	3.0
1012.7450773449585	0.027620399999932488	epochs	2.0
1012.7450773449585	0.0138321999999107	epochs	3.0
1012.7589095449584	0.013788200000021789	epochs	3.0
1012.7726977449585	0.02744590000008884	epochs	2.0
1012.7726977449585	0.013744599999995444	epochs	3.0
1012.7864423449585	0.013701300000093397	epochs	3.0
1012.8001436449586	0.027273499999978412	epochs	2.0
1012.8001436449586	0.01365819999989526	epochs	3.0
1012.8138018449584	0.013615300000083153	epochs	3.0
1012.8274171449585	0.027103399999987232	epochs	2.0
1012.8274171449585	0.013572800000019924	epochs	3.0
1012.8409899449586	0.013530599999967308	epochs	3.0
1012.8545205449585	0.02693520000002536	epochs	2.0
1012.8545205449585	0.013488400000028378	epochs	3.0
1012.8680089449585	0.013446799999996983	epochs	3.0
1012.8814557449585	0.026769199999989723	epochs	2.0
1012.8814557449585	0.013405199999965589	epochs	3.0
1012.8948609449585	0.013364000000024134	epochs	3.0
1012.9082249449585	0.026605199999949036	epochs	2.0
1012.9082249449585	0.013322899999934634	epochs	3.0
1012.9215478449585	0.013282300000014402	epochs	3.0
1012.9348301449585	0.026443200000016986	epochs	2.0
1012.9348301449585	0.013241699999980483	epochs	3.0
1012.9480718449585	0.013201500000036503	epochs	3.0
1012.9612733449585	0.0262831999999662	epochs	2.0
1012.9612733449585	0.013161500000023807	epochs	3.0
1012.9744348449585	0.013121699999942393	epochs	3.0
1012.9875565449585	0.02612499999997908	epochs	2.0
1012.9875565449585	0.013082100000019636	epochs	3.0
1013.0006386449585	0.013042899999959445	epochs	3.0
1013.0136815449584	0.025968900000066242	epochs	2.0
1013.0136815449584	0.01300390000005791	epochs	3.0
1013.0266854449585	0.012965000000008331	epochs	3.0
1013.0396504449585	0.025814500000024054	epochs	2.0
1013.0396504449585	0.012926399999969362	epochs	3.0
1013.0525768449585	0.012888100000054692	epochs	3.0
1013.0654649449585	0.025661899999931848	epochs	2.0
1013.0654649449585	0.012849899999991976	epochs	3.0
1013.0783148449585	0.012811999999939871	epochs	3.0
1013.0911268449585	0.025511199999982637	epochs	2.0
1013.0911268449585	0.012774400000012065	epochs	3.0
1013.1039012449585	0.012736799999970572	epochs	3.0
1013.1166380449584	0.025362300000097093	epochs	2.0
1013.1166380449584	0.012699700000098346	epochs	3.0
1013.1293377449585	0.012662599999998747	epochs	3.0
1013.1420003449585	0.025215000000002874	epochs	2.0
1013.1420003449585	0.01262579999990976	epochs	3.0
1013.1546261449585	0.012589200000093115	epochs	3.0
1013.1672153449585	0.024584799999956886	epochs	2.0
1013.1913906449585	0.5	epochs	-1.0
1013.1918001449585	0.9999199999999746	epochs	1.0
1013.6913906449585	0.5	epochs	-1.0
1015.5120000839233	0.06880000000001019	epochs	0.0
1015.5120000839233	0.02940509999996266	epochs	1.0
1015.5414051839233	0.00998980000008487	epochs	1.0
1015.5513949839234	0.02940509999996266	epochs	1.0
1015.5808000839234	2.0	epochs	0.0
1017.5808000839234	0.5507999999999811	epochs	0.0
1017.5808000839234	0.5507999999999811	epochs	1.0
1017.5808705839233	0.5	epochs	-1.0
1018.0808705839233	0.05072949999998855	epochs	-1.0
1018.1316000839233	21.449119999999994	epochs	0.0
1029.6939997673035	0.06880000000001019	epochs	0.0
1029.6939997673035	0.029405100000076345	epochs	1.0
1029.7234048673035	0.009989799999857496	epochs	1.0
1029.7333946673034	0.029405100000076345	epochs	1.0
1029.7627997673035	0.2299199999999928	epochs	0.0
1029.7627997673035	0.049999999999954525	epochs	1.0
1029.8127997673034	0.009999999999990905	epochs	1.0
1029.8227997673034	0.049999999999954525	epochs	1.0
1029.8727997673034	0.009999999999990905	epochs	1.0
1029.8827997673034	0.0500000000001819	epochs	1.0
1029.9327997673035	0.009999999999990905	epochs	1.0
1029.9427997673035	0.04991999999992913	epochs	1.0
