onset	duration	nwb_table	treelevel
7.795000076293945	0.09999999999999964	epochs	0.0
7.795000076293945	0.04499999999999993	epochs	1.0
7.840000076293945	0.009999999999999787	epochs	1.0
7.850000076293945	0.04499999999999993	epochs	1.0
7.895000076293945	0.7049950000000003	epochs	0.0
7.895000076293945	0.5	epochs	-1.0
7.895000076293945	0.5	epochs	-1.0
7.895000076293945	0.5	epochs	1.0
8.395000076293945	0.0600000000000005	epochs	-1.0
8.395000076293945	0.025000000000000355	epochs	-1.0
8.395000076293945	0.025000000000000355	epochs	1.0
8.420000076293945	0.009999999999999787	epochs	-1.0
8.420000076293945	0.009999999999999787	epochs	1.0
8.430000076293945	0.025000000000000355	epochs	-1.0
8.430000076293945	0.025000000000000355	epochs	1.0
8.455000076293945	0.0600000000000005	epochs	-1.0
8.455000076293945	0.025000000000000355	epochs	-1.0
8.455000076293945	0.025000000000000355	epochs	1.0
8.480000076293946	0.009999999999999787	epochs	-1.0
8.480000076293946	0.009999999999999787	epochs	1.0
8.490000076293946	0.025000000000000355	epochs	-1.0
8.490000076293946	0.025000000000000355	epochs	1.0
8.515000076293946	0.05999999999999872	epochs	-1.0
8.515000076293946	0.02499999999999858	epochs	-1.0
8.515000076293946	0.02499999999999858	epochs	1.0
8.540000076293945	0.010000000000001563	epochs	-1.0
8.540000076293945	0.010000000000001563	epochs	1.0
8.550000076293946	0.02499999999999858	epochs	-1.0
8.550000076293946	0.02499999999999858	epochs	1.0
8.575000076293945	0.024995000000000545	epochs	1.0
418.20300006866455	0.10000000000002274	epochs	0.0
418.20300006866455	0.045000000000015916	epochs	1.0
418.24800006866457	0.009999999999990905	epochs	1.0
418.25800006866456	0.045000000000015916	epochs	1.0
418.3030000686646	0.7049949999999967	epochs	0.0
418.3030000686646	0.5	epochs	-1.0
418.3030000686646	0.5	epochs	1.0
418.8030000686646	0.060000000000002274	epochs	-1.0
418.8030000686646	0.024999999999977263	epochs	-1.0
418.8030000686646	0.024999999999977263	epochs	1.0
418.82800006866455	0.009999999999990905	epochs	-1.0
418.82800006866455	0.009999999999990905	epochs	1.0
418.83800006866454	0.025000000000034106	epochs	-1.0
418.83800006866454	0.025000000000034106	epochs	1.0
418.8630000686646	0.060000000000002274	epochs	-1.0
418.8630000686646	0.024999999999977263	epochs	-1.0
418.8630000686646	0.024999999999977263	epochs	1.0
418.88800006866455	0.009999999999990905	epochs	-1.0
418.88800006866455	0.009999999999990905	epochs	1.0
418.89800006866454	0.025000000000034106	epochs	-1.0
418.89800006866454	0.025000000000034106	epochs	1.0
418.9230000686646	0.05999999999994543	epochs	-1.0
418.9230000686646	0.024999999999977263	epochs	-1.0
418.9230000686646	0.024999999999977263	epochs	1.0
418.94800006866456	0.009999999999990905	epochs	-1.0
418.94800006866456	0.009999999999990905	epochs	1.0
418.95800006866455	0.024999999999977263	epochs	-1.0
418.95800006866455	0.024999999999977263	epochs	1.0
418.9830000686645	0.02499500000004673	epochs	1.0
556.1119999885559	0.10000000000002274	epochs	0.0
556.1119999885559	0.04499999999995907	epochs	1.0
556.1569999885559	0.009999999999990905	epochs	1.0
556.1669999885559	0.04500000000007276	epochs	1.0
556.2119999885559	61.384995	epochs	0.0
556.2119999885559	0.5	epochs	-1.0
556.2119999885559	0.5	epochs	-1.0
556.2119999885559	0.5	epochs	1.0
556.7119999885559	0.05999999999994543	epochs	-1.0
556.7119999885559	0.024999999999977263	epochs	-1.0
556.7119999885559	0.024999999999977263	epochs	1.0
556.7369999885559	0.009999999999990905	epochs	-1.0
556.7369999885559	0.009999999999990905	epochs	1.0
556.7469999885559	0.024999999999977263	epochs	-1.0
556.7469999885559	0.024999999999977263	epochs	1.0
556.7719999885559	0.06000000000005912	epochs	-1.0
556.7719999885559	0.024999999999977263	epochs	-1.0
556.7719999885559	0.024999999999977263	epochs	1.0
556.7969999885559	0.010000000000104592	epochs	-1.0
556.7969999885559	0.010000000000104592	epochs	1.0
556.806999988556	0.024999999999977263	epochs	-1.0
556.806999988556	0.024999999999977263	epochs	1.0
556.8319999885559	0.05999999999994543	epochs	-1.0
556.8319999885559	0.024999999999977263	epochs	-1.0
556.8319999885559	0.024999999999977263	epochs	1.0
556.8569999885559	0.009999999999990905	epochs	-1.0
556.8569999885559	0.009999999999990905	epochs	1.0
556.8669999885559	0.024999999999977263	epochs	-1.0
556.8669999885559	0.024999999999977263	epochs	1.0
556.8919999885559	60.0	epochs	1.0
616.8919999885559	0.5	epochs	-1.0
616.8919999885559	0.5	epochs	-1.0
616.8919999885559	0.5	epochs	1.0
617.3919999885559	0.06000000000005912	epochs	-1.0
617.3919999885559	0.024999999999977263	epochs	-1.0
617.3919999885559	0.024999999999977263	epochs	1.0
617.4169999885559	0.010000000000104592	epochs	-1.0
617.4169999885559	0.010000000000104592	epochs	1.0
617.426999988556	0.024999999999977263	epochs	-1.0
617.426999988556	0.024999999999977263	epochs	1.0
617.4519999885559	0.05999999999994543	epochs	-1.0
617.4519999885559	0.024999999999977263	epochs	-1.0
617.4519999885559	0.024999999999977263	epochs	1.0
617.4769999885559	0.009999999999990905	epochs	-1.0
617.4769999885559	0.009999999999990905	epochs	1.0
617.4869999885559	0.024999999999977263	epochs	-1.0
617.4869999885559	0.024999999999977263	epochs	1.0
617.5119999885559	0.06000000000005912	epochs	-1.0
617.5119999885559	0.024999999999977263	epochs	-1.0
617.5119999885559	0.024999999999977263	epochs	1.0
617.5369999885559	0.009999999999990905	epochs	-1.0
617.5369999885559	0.009999999999990905	epochs	1.0
617.5469999885559	0.02500000000009095	epochs	-1.0
617.5469999885559	0.02500000000009095	epochs	1.0
617.571999988556	0.024994999999989886	epochs	1.0
656.1300001144409	0.10000000000002274	epochs	0.0
656.1300001144409	0.04499999999995907	epochs	1.0
656.1750001144409	0.009999999999990905	epochs	1.0
656.1850001144409	0.04500000000007276	epochs	1.0
656.2300001144409	0.7049949999999399	epochs	0.0
656.2300001144409	0.5	epochs	-1.0
656.2300001144409	0.5	epochs	-1.0
656.2300001144409	0.5	epochs	1.0
656.7300001144409	0.05999999999994543	epochs	-1.0
656.7300001144409	0.024999999999977263	epochs	-1.0
656.7300001144409	0.024999999999977263	epochs	1.0
656.7550001144409	0.009999999999990905	epochs	-1.0
656.7550001144409	0.009999999999990905	epochs	1.0
656.7650001144409	0.024999999999977263	epochs	-1.0
656.7650001144409	0.024999999999977263	epochs	1.0
656.7900001144409	0.06000000000005912	epochs	-1.0
656.7900001144409	0.024999999999977263	epochs	-1.0
656.7900001144409	0.024999999999977263	epochs	1.0
656.8150001144409	0.010000000000104592	epochs	-1.0
656.8150001144409	0.010000000000104592	epochs	1.0
656.825000114441	0.024999999999977263	epochs	-1.0
656.825000114441	0.024999999999977263	epochs	1.0
656.850000114441	0.05999999999994543	epochs	-1.0
656.850000114441	0.024999999999977263	epochs	-1.0
656.850000114441	0.024999999999977263	epochs	1.0
656.8750001144409	0.009999999999990905	epochs	-1.0
656.8750001144409	0.009999999999990905	epochs	1.0
656.8850001144409	0.024999999999977263	epochs	-1.0
656.8850001144409	0.024999999999977263	epochs	1.0
656.9100001144409	0.024994999999989886	epochs	1.0
701.4850001335144	0.13660000000004402	epochs	0.0
701.4850001335144	0.06330040000000281	epochs	1.0
701.5483005335144	0.0099992000000384	epochs	1.0
701.5582997335144	0.06330040000000281	epochs	1.0
701.6216001335144	5.999979999999937	epochs	0.0
701.6216001335144	0.5	epochs	1.0
701.6216121335144	0.5	epochs	-1.0
701.6216121335144	0.5	epochs	-1.0
702.1216001335144	5.0	epochs	1.0
707.1216001335144	0.4999799999999368	epochs	1.0
707.1216121335144	0.4999679999999671	epochs	-1.0
710.045000076294	0.13660000000004402	epochs	0.0
710.045000076294	0.06330040000000281	epochs	1.0
710.108300476294	0.0099992000000384	epochs	1.0
710.118299676294	0.06330040000000281	epochs	1.0
710.181600076294	2.5231999999999744	epochs	0.0
710.181600076294	0.5	epochs	1.0
710.181612076294	0.5	epochs	-1.0
710.681600076294	1.0	epochs	1.0
711.681600076294	1.0231999999999744	epochs	1.0
712.181612076294	0.5	epochs	-1.0
712.704800076294	0.9767799999999625	epochs	0.0
713.045000076294	0.13660000000004402	epochs	0.0
713.045000076294	0.06330040000000281	epochs	1.0
713.108300476294	0.0099992000000384	epochs	1.0
713.118299676294	0.06330040000000281	epochs	1.0
713.181600076294	2.52383999999995	epochs	0.0
713.181600076294	0.5	epochs	1.0
713.181612076294	0.5	epochs	-1.0
713.681600076294	1.0	epochs	1.0
714.681600076294	1.0238399999999501	epochs	1.0
715.181612076294	0.5	epochs	-1.0
715.7054400762939	0.9761399999999867	epochs	0.0
715.9790000915527	0.13660000000004402	epochs	0.0
715.9790000915527	0.06330040000000281	epochs	1.0
716.0423004915527	0.0099992000000384	epochs	1.0
716.0522996915528	0.06330040000000281	epochs	1.0
716.1156000915528	3.499979999999937	epochs	0.0
716.1156000915528	0.5	epochs	1.0
716.1156120915527	0.5	epochs	-1.0
716.6156000915528	1.0	epochs	1.0
717.6156000915528	1.9999799999999368	epochs	1.0
718.1156120915527	0.5	epochs	-1.0
718.6156120915527	0.5	epochs	-1.0
719.9950003623962	0.13660000000004402	epochs	0.0
719.9950003623962	0.06330040000000281	epochs	1.0
720.0583007623962	0.0099992000000384	epochs	1.0
720.0682999623963	0.06330040000000281	epochs	1.0
720.1316003623963	3.023779999999988	epochs	0.0
720.1316003623963	0.5	epochs	1.0
720.1316123623963	0.5	epochs	-1.0
720.6316003623963	1.0	epochs	1.0
721.6316003623963	1.523779999999988	epochs	1.0
722.1316123623963	0.5	epochs	-1.0
722.6316123623963	0.5	epochs	-1.0
723.1553803623963	0.4761999999999489	epochs	0.0
723.5290002822876	0.13660000000004402	epochs	0.0
723.5290002822876	0.06330040000000281	epochs	1.0
723.5923006822876	0.0099992000000384	epochs	1.0
723.6022998822876	0.06330040000000281	epochs	1.0
723.6656002822876	3.023019999999974	epochs	0.0
723.6656002822876	0.5	epochs	1.0
723.6656122822876	0.5	epochs	-1.0
724.1656002822876	1.0	epochs	1.0
725.1656002822876	1.523019999999974	epochs	1.0
725.6656122822876	0.5	epochs	-1.0
726.1656122822876	0.5	epochs	-1.0
726.6886202822876	0.47695999999996275	epochs	0.0
727.0339999198914	0.13660000000004402	epochs	0.0
727.0339999198914	0.06330040000000281	epochs	1.0
727.0973003198914	0.0099992000000384	epochs	1.0
727.1072995198914	0.06330040000000281	epochs	1.0
727.1705999198914	3.0234199999999873	epochs	0.0
727.1705999198914	0.5	epochs	1.0
727.1706119198914	0.5	epochs	-1.0
727.6705999198914	1.0	epochs	1.0
728.6705999198914	1.5234199999999873	epochs	1.0
729.1706119198914	0.5	epochs	-1.0
729.6706119198914	0.5	epochs	-1.0
730.1940199198914	0.47655999999994947	epochs	0.0
730.5510001182556	0.6499800000000278	epochs	0.0
730.5510001182556	0.049999999999954525	epochs	1.0
730.6010001182556	0.5	epochs	1.0
731.1010001182556	0.09998000000007323	epochs	1.0
731.6340003013611	0.6499800000000278	epochs	0.0
731.6340003013611	0.049999999999954525	epochs	1.0
731.684000301361	0.5	epochs	1.0
732.184000301361	0.09998000000007323	epochs	1.0
732.6670002937317	0.6499800000000278	epochs	0.0
732.6670002937317	0.049999999999954525	epochs	1.0
732.7170002937316	0.5	epochs	1.0
733.2170002937316	0.09998000000007323	epochs	1.0
733.7170000076294	0.6499800000000278	epochs	0.0
733.7170000076294	0.049999999999954525	epochs	1.0
733.7670000076293	0.5	epochs	1.0
734.2670000076293	0.09998000000007323	epochs	1.0
734.7670001983643	0.6499800000000278	epochs	0.0
734.7670001983643	0.049999999999954525	epochs	1.0
734.8170001983642	0.5	epochs	1.0
735.3170001983642	0.09998000000007323	epochs	1.0
735.816999912262	0.6499800000000278	epochs	0.0
735.816999912262	0.049999999999954525	epochs	1.0
735.8669999122619	0.5	epochs	1.0
736.3669999122619	0.09998000000007323	epochs	1.0
736.8670001029968	0.6499800000000278	epochs	0.0
736.8670001029968	0.049999999999954525	epochs	1.0
736.9170001029968	0.5	epochs	1.0
737.4170001029968	0.09998000000007323	epochs	1.0
737.9840002059937	0.13660000000004402	epochs	0.0
737.9840002059937	0.06330040000000281	epochs	1.0
738.0473006059937	0.0099992000000384	epochs	1.0
738.0572998059937	0.06330040000000281	epochs	1.0
738.1206002059937	2.523719999999912	epochs	0.0
738.1206002059937	0.5	epochs	1.0
738.1206122059937	0.5	epochs	-1.0
738.6206002059937	1.0	epochs	1.0
739.6206002059937	1.023719999999912	epochs	1.0
740.1206121059937	0.5	epochs	-1.0
740.6443202059936	2.9762600000000248	epochs	0.0
743.2170000076294	0.13660000000004402	epochs	0.0
743.2170000076294	0.06330040000000281	epochs	1.0
743.2803004076294	0.0099992000000384	epochs	1.0
743.2902996076294	0.06330040000000281	epochs	1.0
743.3536000076294	2.5236999999999625	epochs	0.0
743.3536000076294	0.5	epochs	1.0
743.3536120076294	0.5	epochs	-1.0
743.8536000076294	1.0	epochs	1.0
744.8536000076294	1.0236999999999625	epochs	1.0
745.3536119076294	0.5	epochs	-1.0
745.8773000076294	2.9762799999999743	epochs	0.0
748.3840003013611	0.13660000000004402	epochs	0.0
748.3840003013611	0.06330040000000281	epochs	1.0
748.4473007013611	0.0099992000000384	epochs	1.0
748.4572999013611	0.06330040000000281	epochs	1.0
748.5206003013611	3.0231599999999617	epochs	0.0
748.5206003013611	0.5	epochs	1.0
748.5206123013611	0.5	epochs	-1.0
749.0206003013611	1.0	epochs	1.0
750.0206003013611	1.5231599999999617	epochs	1.0
750.5206122013611	0.5	epochs	-1.0
751.0206122013611	0.5	epochs	-1.0
751.5437603013611	2.476819999999975	epochs	0.0
753.7670001983643	0.13660000000004402	epochs	0.0
753.7670001983643	0.06330040000000281	epochs	1.0
753.8303005983643	0.0099992000000384	epochs	1.0
753.8402997983643	0.06330040000000281	epochs	1.0
753.9036001983643	0.5032599999999547	epochs	0.0
753.9036001983643	0.5	epochs	1.0
753.9036121983643	0.5	epochs	-1.0
754.4036001983643	0.0032599999999547435	epochs	1.0
754.4068601983643	4.996719999999982	epochs	0.0
758.9270000457764	0.13660000000004402	epochs	0.0
758.9270000457764	0.06330040000000281	epochs	1.0
758.9903004457764	0.0099992000000384	epochs	1.0
759.0002996457764	0.06330040000000281	epochs	1.0
759.0636000457764	3.503979999999956	epochs	0.0
759.0636000457764	0.5	epochs	1.0
759.0636120457764	0.5	epochs	-1.0
759.5636000457764	1.0	epochs	1.0
760.5636000457764	2.003979999999956	epochs	1.0
761.0636119457764	0.5	epochs	-1.0
761.5636119457764	0.5	epochs	-1.0
762.0636119457764	0.5	epochs	-1.0
762.5675800457764	1.995999999999981	epochs	0.0
764.1600003242493	0.13660000000004402	epochs	0.0
764.1600003242493	0.06330040000000281	epochs	1.0
764.2233007242493	0.0099992000000384	epochs	1.0
764.2332999242493	0.06330040000000281	epochs	1.0
764.2966003242493	3.503119999999967	epochs	0.0
764.2966003242493	0.5	epochs	1.0
764.2966123242493	0.5	epochs	-1.0
764.7966003242493	1.0	epochs	1.0
765.7966003242493	2.003119999999967	epochs	1.0
766.2966122242493	0.5	epochs	-1.0
766.7966122242493	0.5	epochs	-1.0
767.2966122242493	0.5	epochs	-1.0
767.7997203242493	1.9968599999999697	epochs	0.0
769.4300003051758	0.13660000000004402	epochs	0.0
769.4300003051758	0.06330040000000281	epochs	1.0
769.4933007051758	0.0099992000000384	epochs	1.0
769.5032999051758	0.06330040000000281	epochs	1.0
769.5666003051758	3.503379999999993	epochs	0.0
769.5666003051758	0.5	epochs	1.0
769.5666123051758	0.5	epochs	-1.0
770.0666003051758	1.0	epochs	1.0
771.0666003051758	2.003379999999993	epochs	1.0
771.5666123051758	0.5	epochs	-1.0
772.0666123051758	0.5	epochs	-1.0
772.5666123051758	0.5	epochs	-1.0
773.0699803051758	2.996599999999944	epochs	0.0
773.6800003051758	0.13660000000004402	epochs	0.0
773.6800003051758	0.06330040000000281	epochs	1.0
773.7433007051758	0.0099992000000384	epochs	1.0
773.7532999051758	0.06330040000000281	epochs	1.0
773.8166003051758	3.023399999999924	epochs	0.0
773.8166003051758	0.5	epochs	1.0
773.8166123051758	0.5	epochs	-1.0
774.3166003051758	1.0	epochs	1.0
775.3166003051758	1.5233999999999241	epochs	1.0
775.8166123051758	0.5	epochs	-1.0
776.3166123051758	0.5	epochs	-1.0
776.8400003051757	3.4765800000000127	epochs	0.0
777.3390002250671	0.13660000000004402	epochs	0.0
777.3390002250671	0.06330040000000281	epochs	1.0
777.4023006250671	0.0099992000000384	epochs	1.0
777.4122998250672	0.06330040000000281	epochs	1.0
777.4756002250672	3.02365999999995	epochs	0.0
777.4756002250672	0.5	epochs	1.0
777.4756122250672	0.5	epochs	-1.0
777.9756002250672	1.0	epochs	1.0
778.9756002250672	1.5236599999999498	epochs	1.0
779.4756122250672	0.5	epochs	-1.0
779.9756122250672	0.5	epochs	-1.0
780.4992602250671	3.476319999999987	epochs	0.0
781.0390000343323	0.13660000000004402	epochs	0.0
781.0390000343323	0.06330040000000281	epochs	1.0
781.1023004343323	0.0099992000000384	epochs	1.0
781.1122996343323	0.06330040000000281	epochs	1.0
781.1756000343323	3.0234199999999873	epochs	0.0
781.1756000343323	0.5	epochs	1.0
781.1756120343323	0.5	epochs	-1.0
781.6756000343323	1.0	epochs	1.0
782.6756000343323	1.5234199999999873	epochs	1.0
783.1756120343323	0.5	epochs	-1.0
783.6756120343323	0.5	epochs	-1.0
784.1990200343323	3.4765599999999495	epochs	0.0
784.704999923706	0.13660000000004402	epochs	0.0
784.704999923706	0.06330040000000281	epochs	1.0
784.7683003237061	0.0099992000000384	epochs	1.0
784.7782995237061	0.06330040000000281	epochs	1.0
784.8415999237061	3.0231599999999617	epochs	0.0
784.8415999237061	0.5	epochs	1.0
784.8416119237061	0.5	epochs	-1.0
785.3415999237061	1.0	epochs	1.0
786.3415999237061	1.5231599999999617	epochs	1.0
786.8416119237061	0.5	epochs	-1.0
787.3416119237061	0.5	epochs	-1.0
787.8647599237061	3.476819999999975	epochs	0.0
788.3770003318787	0.13660000000004402	epochs	0.0
788.3770003318787	0.06330040000000281	epochs	1.0
788.4403007318787	0.0099992000000384	epochs	1.0
788.4502999318787	0.06330040000000281	epochs	1.0
788.5136003318787	3.0232799999999997	epochs	0.0
788.5136003318787	0.5	epochs	1.0
788.5136123318787	0.5	epochs	-1.0
789.0136003318787	1.0	epochs	1.0
790.0136003318787	1.5232799999999997	epochs	1.0
790.5136123318787	0.5	epochs	-1.0
791.0136123318787	0.5	epochs	-1.0
791.5368803318787	3.476699999999937	epochs	0.0
792.1440000534058	0.15297999999995682	epochs	0.0
792.1440000534058	0.049999999999954525	epochs	1.0
792.1940000534057	0.0030000000000427463	epochs	1.0
792.1970000534058	0.09997999999995955	epochs	1.0
792.8940000534058	0.15297999999995682	epochs	0.0
792.8940000534058	0.049999999999954525	epochs	1.0
792.9440000534057	0.0030000000000427463	epochs	1.0
792.9470000534058	0.09997999999995955	epochs	1.0
793.6110000610352	0.15297999999995682	epochs	0.0
793.6110000610352	0.049999999999954525	epochs	1.0
793.6610000610351	0.0030000000000427463	epochs	1.0
793.6640000610352	0.09997999999995955	epochs	1.0
794.344000339508	0.15297999999995682	epochs	0.0
794.344000339508	0.049999999999954525	epochs	1.0
794.394000339508	0.0030000000000427463	epochs	1.0
794.397000339508	0.09997999999995955	epochs	1.0
795.0789999961853	0.15297999999995682	epochs	0.0
795.0789999961853	0.049999999999954525	epochs	1.0
795.1289999961853	0.0030000000000427463	epochs	1.0
795.1319999961853	0.09997999999995955	epochs	1.0
795.8289999961853	0.15297999999995682	epochs	0.0
795.8289999961853	0.049999999999954525	epochs	1.0
795.8789999961853	0.0030000000000427463	epochs	1.0
795.8819999961853	0.09997999999995955	epochs	1.0
796.6290001869202	0.15297999999995682	epochs	0.0
796.6290001869202	0.049999999999954525	epochs	1.0
796.6790001869201	0.0030000000000427463	epochs	1.0
796.6820001869202	0.09997999999995955	epochs	1.0
797.4120001792908	0.15297999999995682	epochs	0.0
797.4120001792908	0.049999999999954525	epochs	1.0
797.4620001792907	0.0030000000000427463	epochs	1.0
797.4650001792908	0.09997999999995955	epochs	1.0
798.2290000915527	0.15297999999995682	epochs	0.0
798.2290000915527	0.049999999999954525	epochs	1.0
798.2790000915527	0.0030000000000427463	epochs	1.0
798.2820000915527	0.09997999999995955	epochs	1.0
798.9790000915527	0.15297999999995682	epochs	0.0
798.9790000915527	0.049999999999954525	epochs	1.0
799.0290000915527	0.0030000000000427463	epochs	1.0
799.0320000915527	0.09997999999995955	epochs	1.0
799.7620000839233	0.13660000000004402	epochs	0.0
799.7620000839233	0.06330040000000281	epochs	1.0
799.8253004839233	0.0099992000000384	epochs	1.0
799.8352996839234	0.06330040000000281	epochs	1.0
799.8986000839234	1.5236599999999498	epochs	0.0
799.8986000839234	0.5	epochs	1.0
799.8986120839234	0.5	epochs	-1.0
800.3986000839234	0.0029999999999290594	epochs	1.0
800.4016000839233	1.0206600000000208	epochs	1.0
800.9016120839234	0.5	epochs	-1.0
801.4222600839233	0.07932000000005246	epochs	0.0
801.9950003623962	0.13660000000004402	epochs	0.0
801.9950003623962	0.06330040000000281	epochs	1.0
802.0583007623962	0.0099992000000384	epochs	1.0
802.0682999623963	0.06330040000000281	epochs	1.0
802.1316003623963	1.5231599999999617	epochs	0.0
802.1316003623963	0.5	epochs	1.0
802.1316123623963	0.5	epochs	-1.0
802.6316003623963	0.0029999999999290594	epochs	1.0
802.6346003623962	1.0201600000000326	epochs	1.0
803.1346123623963	0.5	epochs	-1.0
803.6547603623962	0.07982000000004064	epochs	0.0
804.2790002822876	0.13660000000004402	epochs	0.0
804.2790002822876	0.06330040000000281	epochs	1.0
804.3423006822876	0.0099992000000384	epochs	1.0
804.3522998822876	0.06330040000000281	epochs	1.0
804.4156002822876	4.5834599999999455	epochs	0.0
804.4156002822876	0.5	epochs	1.0
804.4156122822876	0.5	epochs	-1.0
804.9156002822876	4.0834599999999455	epochs	1.0
807.4994002822876	1.499659999999949	epochs	-1.0
807.4994002822876	0.03953999999998814	epochs	-1.0
807.9968922822876	0.5	epochs	-1.0
808.4968922822876	0.5	epochs	-1.0
808.9990602822876	14.916519999999991	epochs	0.0
809.8949999809265	0.13660000000004402	epochs	0.0
809.8949999809265	0.06330040000000281	epochs	1.0
809.9583003809265	0.0099992000000384	epochs	1.0
809.9682995809266	0.06330040000000281	epochs	1.0
810.0315999809266	4.684099999999944	epochs	0.0
810.0315999809266	0.5	epochs	1.0
810.0316119809265	0.5	epochs	-1.0
810.5315999809266	4.184099999999944	epochs	1.0
813.2155199809265	1.5001800000000003	epochs	-1.0
813.2155199809265	0.04017999999996391	epochs	-1.0
813.7130119809265	0.5	epochs	-1.0
814.2130119809265	0.5	epochs	-1.0
814.7156999809265	14.815879999999993	epochs	0.0
815.4190001487732	0.13660000000004402	epochs	0.0
815.4190001487732	0.06330040000000281	epochs	1.0
815.4823005487732	0.0099992000000384	epochs	1.0
815.4922997487732	0.06330040000000281	epochs	1.0
815.5556001487732	4.124119999999948	epochs	0.0
815.5556001487732	0.5	epochs	1.0
815.5556121487732	0.5	epochs	-1.0
816.0556001487732	3.624119999999948	epochs	1.0
818.6795201487732	1.0001999999999498	epochs	-1.0
818.6795201487732	0.039559999999937645	epochs	-1.0
819.1770121487732	0.5	epochs	-1.0
819.6797201487732	15.375859999999989	epochs	0.0
847.1960000991821	0.13656000000003132	epochs	0.0
847.1960000991821	0.06328189999999267	epochs	1.0
847.2592819991821	0.009996200000045974	epochs	1.0
847.2692781991822	0.06328189999999267	epochs	1.0
847.3325600991822	2.0	epochs	0.0
849.3325600991822	5.363200000000006	epochs	0.0
849.3325600991822	1.0	epochs	1.0
849.3326120991821	0.5	epochs	-1.0
849.8326120991821	4.863148000000024	epochs	-1.0
850.3325600991822	4.363200000000006	epochs	1.0
850.3325600991822	4.356753899999944	epochs	-1.0
850.3325600991822	1.9745871999999736	epochs	2.0
850.3325600991822	1.0985621999999466	epochs	3.0
851.4311222991821	0.8760250000000269	epochs	3.0
852.3071472991821	1.3524075000000266	epochs	2.0
852.3071472991821	0.7286354999999958	epochs	3.0
853.0357827991821	0.6237720000000309	epochs	3.0
853.6595547991822	1.029759199999944	epochs	2.0
853.6595547991822	0.5453292999999348	epochs	3.0
854.2048840991821	0.4844299000000092	epochs	3.0
854.6893139991821	0.006446100000061961	epochs	2.0
854.6893139991821	0.006446100000061961	epochs	3.0
854.6957600991822	16.63671999999997	epochs	0.0
855.5160002708435	0.13656000000003132	epochs	0.0
855.5160002708435	0.06328189999999267	epochs	1.0
855.5792821708435	0.009996200000045974	epochs	1.0
855.5892783708435	0.06328189999999267	epochs	1.0
855.6525602708435	2.0	epochs	0.0
857.6525602708435	21.543360000000007	epochs	0.0
857.6525602708435	1.0	epochs	1.0
857.6526122708435	0.5	epochs	-1.0
858.1526122708435	19.99720000000002	epochs	-1.0
858.6525602708435	20.0	epochs	1.0
858.6525602708435	4.356753899999944	epochs	-1.0
858.6525602708435	1.9745871999999736	epochs	2.0
858.6525602708435	1.0985621999999466	epochs	3.0
859.7511224708435	0.8760250000000269	epochs	3.0
860.6271474708435	1.3524075000000266	epochs	2.0
860.6271474708435	0.7286354999999958	epochs	3.0
861.3557829708435	0.6237720000000309	epochs	3.0
861.9795549708435	1.029759199999944	epochs	2.0
861.9795549708435	0.5453292999999348	epochs	3.0
862.5248842708435	0.4844299000000092	epochs	3.0
863.0093141708435	0.8317862000000105	epochs	2.0
863.0093141708435	0.4357763000000432	epochs	3.0
863.4450904708435	0.3960098999999673	epochs	3.0
863.8411003708435	0.6977970000000369	epochs	2.0
863.8411003708435	0.3628982000000178	epochs	3.0
864.2039985708435	0.33489880000001904	epochs	3.0
864.5388973708435	0.601045699999986	epochs	2.0
864.5388973708435	0.3109122999999272	epochs	3.0
864.8498096708435	0.2901334000000588	epochs	3.0
865.1399430708435	0.5278859000000011	epochs	2.0
865.1399430708435	0.2719585999999481	epochs	3.0
865.4119016708435	0.25592730000005304	epochs	3.0
865.6678289708435	0.470619299999953	epochs	2.0
865.6678289708435	0.241681299999982	epochs	3.0
865.9095102708435	0.228937999999971	epochs	3.0
866.1384482708435	0.42457039999999324	epochs	2.0
866.1384482708435	0.21747140000002219	epochs	3.0
866.3559196708435	0.20709899999997106	epochs	3.0
866.5630186708435	0.3867354000000205	epochs	2.0
866.5630186708435	0.19767110000009325	epochs	3.0
866.7606897708436	0.18906429999992724	epochs	3.0
866.9497540708435	0.3550953000000163	epochs	2.0
866.9497540708435	0.18117589999997108	epochs	3.0
867.1309299708435	0.17391940000004524	epochs	3.0
867.3048493708435	0.3282431000000088	epochs	2.0
867.3048493708435	0.16722189999995862	epochs	3.0
867.4720712708435	0.16102120000005016	epochs	3.0
867.6330924708435	0.30516799999998057	epochs	2.0
867.6330924708435	0.15526390000002266	epochs	3.0
867.7883563708435	0.1499040999999579	epochs	3.0
867.9382604708435	0.28512530000000424	epochs	2.0
867.9382604708435	0.1449020999999675	epochs	3.0
868.0831625708435	0.14022320000003674	epochs	3.0
868.2233857708435	0.2675537999999733	epochs	2.0
868.2233857708435	0.1358368999999584	epochs	3.0
868.3592226708435	0.1317169000000149	epochs	3.0
868.4909395708435	0.2520229000000427	epochs	2.0
868.4909395708435	0.1278393000000051	epochs	3.0
868.6187788708435	0.12418360000003759	epochs	3.0
868.7429624708435	0.23819649999995818	epochs	2.0
868.7429624708435	0.12073109999994358	epochs	3.0
868.8636935708435	0.1174654000000146	epochs	3.0
868.9811589708435	0.2258087999999816	epochs	2.0
868.9811589708435	0.11437190000003739	epochs	3.0
869.0955308708435	0.11143689999994422	epochs	3.0
869.2069677708434	0.2146460000000161	epochs	2.0
869.2069677708434	0.10864890000004834	epochs	3.0
869.3156166708435	0.10599709999996776	epochs	3.0
869.4216137708435	0.20453500000007807	epochs	2.0
869.4216137708435	0.10347150000006877	epochs	3.0
869.5250852708435	0.1010635000000093	epochs	3.0
869.6261487708435	0.19533400000000256	epochs	2.0
869.6261487708435	0.09876509999992322	epochs	3.0
869.7249138708435	0.09656890000007934	epochs	3.0
869.8214827708435	0.18692529999998442	epochs	2.0
869.8214827708435	0.09446829999990314	epochs	3.0
869.9159510708434	0.09245700000008128	epochs	3.0
870.0084080708435	0.17921069999999872	epochs	2.0
870.0084080708435	0.09052959999996801	epochs	3.0
870.0989376708435	0.08868110000003071	epochs	3.0
870.1876187708435	0.17210769999996955	epochs	2.0
870.1876187708435	0.08690630000000965	epochs	3.0
870.2745250708435	0.0852013999999599	epochs	3.0
870.3597264708435	0.16554640000003928	epochs	2.0
870.3597264708435	0.08356190000006336	epochs	3.0
870.4432883708436	0.08198449999997592	epochs	3.0
870.5252728708435	0.15946709999991526	epochs	2.0
870.5252728708435	0.08046539999998004	epochs	3.0
870.6057382708435	0.07900169999993523	epochs	3.0
870.6847399708435	0.15381840000009106	epochs	2.0
870.6847399708435	0.07759010000006583	epochs	3.0
870.7623300708435	0.07622830000002523	epochs	3.0
870.8385583708435	0.14855639999996129	epochs	2.0
870.8385583708435	0.07491329999993468	epochs	3.0
870.9134716708435	0.0736431000000266	epochs	3.0
870.9871147708435	0.14364239999997608	epochs	2.0
870.9871147708435	0.07241499999997814	epochs	3.0
871.0595297708435	0.07122739999999794	epochs	3.0
871.1307571708435	0.13904309999998077	epochs	2.0
871.1307571708435	0.07007800000008046	epochs	3.0
871.2008351708436	0.0689650999999003	epochs	3.0
871.2698002708435	0.1347293000000036	epochs	2.0
871.2698002708435	0.0678871000000072	epochs	3.0
871.3376873708435	0.06684219999999641	epochs	3.0
871.4045295708435	0.1306752000000415	epochs	2.0
871.4045295708435	0.06582910000008724	epochs	3.0
871.4703586708436	0.06484609999995428	epochs	3.0
871.5352047708435	0.12685780000003888	epochs	2.0
871.5352047708435	0.06389200000000983	epochs	3.0
871.5990967708435	0.06296580000002905	epochs	3.0
871.6620625708435	0.12325720000001184	epochs	2.0
871.6620625708435	0.062065799999913907	epochs	3.0
871.7241283708435	0.06119140000009793	epochs	3.0
871.7853197708436	0.11985539999989214	epochs	2.0
871.7853197708436	0.060341099999959624	epochs	3.0
871.8456608708435	0.05951429999993252	epochs	3.0
871.9051751708434	0.11663620000001629	epochs	2.0
871.9051751708434	0.05870960000004288	epochs	3.0
871.9638847708435	0.057926599999973405	epochs	3.0
872.0218113708435	0.11358560000007856	epochs	2.0
872.0218113708435	0.05716419999998834	epochs	3.0
872.0789755708435	0.056421400000090216	epochs	3.0
872.1353969708435	0.11069049999991876	epochs	2.0
872.1353969708435	0.05569789999992736	epochs	3.0
872.1910948708435	0.0549925999999914	epochs	3.0
872.2460874708435	0.1079391000000669	epochs	2.0
872.2460874708435	0.05430490000003374	epochs	3.0
872.3003923708435	0.05363420000003316	epochs	3.0
872.3540265708435	0.10532149999994544	epochs	2.0
872.3540265708435	0.05297999999993408	epochs	3.0
872.4070065708435	0.052341500000011365	epochs	3.0
872.4593480708435	0.10282760000006874	epochs	2.0
872.4593480708435	0.05171810000001642	epochs	3.0
872.5110661708435	0.05110950000005232	epochs	3.0
872.5621756708435	0.10044909999999163	epochs	2.0
872.5621756708435	0.05051489999993919	epochs	3.0
872.6126905708435	0.04993420000005244	epochs	3.0
872.6626247708435	0.0981782999999723	epochs	2.0
872.6626247708435	0.04936659999998483	epochs	3.0
872.7119913708435	0.04881169999998747	epochs	3.0
872.7608030708435	0.09600780000005216	epochs	2.0
872.7608030708435	0.04826920000004975	epochs	3.0
872.8090722708436	0.04773860000000241	epochs	3.0
872.8568108708436	0.09393119999992905	epochs	2.0
872.8568108708436	0.04721949999998287	epochs	3.0
872.9040303708435	0.04671169999994618	epochs	3.0
872.9507420708435	0.09194260000003851	epochs	2.0
872.9507420708435	0.046214599999984785	epochs	3.0
872.9969566708435	0.045728000000053726	epochs	3.0
873.0426846708435	0.09003629999995155	epochs	2.0
873.0426846708435	0.045251499999949374	epochs	3.0
873.0879361708435	0.04478480000000218	epochs	3.0
873.1327209708435	0.08820760000003247	epochs	2.0
873.1327209708435	0.044327800000019124	epochs	3.0
873.1770487708435	0.04387980000001335	epochs	3.0
873.2209285708435	0.0864516999999978	epochs	2.0
873.2209285708435	0.04344100000002982	epochs	3.0
873.2643695708435	0.04301069999996798	epochs	3.0
873.3073802708435	0.08476429999996071	epochs	2.0
873.3073802708435	0.04258900000002086	epochs	3.0
873.3499692708435	0.04217529999993985	epochs	3.0
873.3921445708435	0.08314150000001064	epochs	2.0
873.3921445708435	0.04176970000003166	epochs	3.0
873.4339142708435	0.041371799999978975	epochs	3.0
873.4752860708435	0.08157970000002024	epochs	2.0
873.4752860708435	0.04098140000007788	epochs	3.0
873.5162674708436	0.040598299999942355	epochs	3.0
873.5568657708435	0.08007550000002084	epochs	2.0
873.5568657708435	0.04022229999998217	epochs	3.0
873.5970880708435	0.03985320000003867	epochs	3.0
873.6369412708435	0.07862569999997504	epochs	2.0
873.6369412708435	0.0394907999999532	epochs	3.0
873.6764320708435	0.039134900000021844	epochs	3.0
873.7155669708435	0.07722760000001472	epochs	2.0
873.7155669708435	0.038785400000051595	epochs	3.0
873.7543523708435	0.03844219999996312	epochs	3.0
873.7927945708435	0.07587820000003376	epochs	2.0
873.7927945708435	0.038104800000041905	epochs	3.0
873.8308993708436	0.03777339999999185	epochs	3.0
873.8686727708435	0.07457519999991291	epochs	2.0
873.8686727708435	0.03744769999991604	epochs	3.0
873.9061204708435	0.03712749999999687	epochs	3.0
873.9432479708435	0.07331630000010136	epochs	2.0
873.9432479708435	0.0368129000000863	epochs	3.0
873.9800608708435	0.03650340000001506	epochs	3.0
874.0165642708436	0.07209899999998015	epochs	2.0
874.0165642708436	0.03619909999997617	epochs	3.0
874.0527633708435	0.03589990000000398	epochs	3.0
874.0886632708435	0.07092169999998532	epochs	2.0
874.0886632708435	0.03560559999993984	epochs	3.0
874.1242688708435	0.03531610000004548	epochs	3.0
874.1595849708435	0.06978200000003199	epochs	2.0
874.1595849708435	0.03503119999993487	epochs	3.0
874.1946161708435	0.034750800000097115	epochs	3.0
874.2293669708436	0.06867859999999837	epochs	2.0
874.2293669708436	0.034475099999895065	epochs	3.0
874.2638420708435	0.034203500000103304	epochs	3.0
874.2980455708436	0.06760929999995824	epochs	2.0
874.2980455708436	0.033936199999970995	epochs	3.0
874.3319817708435	0.033673099999987244	epochs	3.0
874.3656548708435	0.06657289999998284	epochs	2.0
874.3656548708435	0.03341399999999339	epochs	3.0
874.3990688708435	0.033158899999989444	epochs	3.0
874.4322277708435	0.06556780000005347	epochs	2.0
874.4322277708435	0.032907700000009754	epochs	3.0
874.4651354708435	0.03266010000004371	epochs	3.0
874.4977955708436	0.06459259999996902	epochs	2.0
874.4977955708436	0.032416399999988244	epochs	3.0
874.5302119708435	0.03217619999998078	epochs	3.0
874.5623881708435	0.0636459999999488	epochs	2.0
874.5623881708435	0.03193959999998697	epochs	3.0
874.5943277708435	0.03170639999996183	epochs	3.0
874.6260341708435	0.0627266999999847	epochs	2.0
874.6260341708435	0.03147660000001906	epochs	3.0
874.6575107708435	0.03125009999996564	epochs	3.0
874.6887608708435	0.06183359999999993	epochs	2.0
874.6887608708435	0.031026900000028945	epochs	3.0
874.7197877708435	0.030806699999970988	epochs	3.0
874.7505944708435	0.06096560000003137	epochs	2.0
874.7505944708435	0.030589800000029754	epochs	3.0
874.7811842708435	0.030375800000001618	epochs	3.0
874.8115600708435	0.06012160000000222	epochs	2.0
874.8115600708435	0.030164900000045236	epochs	3.0
874.8417249708435	0.02995669999995698	epochs	3.0
874.8716816708435	0.05930069999999432	epochs	2.0
874.8716816708435	0.029751600000054168	epochs	3.0
874.9014332708435	0.029549099999940154	epochs	3.0
874.9309823708435	0.05850180000004457	epochs	2.0
874.9309823708435	0.02934940000000097	epochs	3.0
874.9603317708435	0.0291524000000436	epochs	3.0
874.9894841708435	0.05772419999993872	epochs	2.0
874.9894841708435	0.028957999999988715	epochs	3.0
875.0184421708435	0.028766199999950004	epochs	3.0
875.0472083708435	0.05696710000006533	epochs	2.0
875.0472083708435	0.028577000000041153	epochs	3.0
875.0757853708435	0.028390100000024177	epochs	3.0
875.1041754708435	0.05622949999997218	epochs	2.0
875.1041754708435	0.028205699999944045	epochs	3.0
875.1323811708435	0.028023800000028132	epochs	3.0
875.1604049708435	0.05551070000001346	epochs	2.0
875.1604049708435	0.027843999999959124	epochs	3.0
875.1882489708435	0.027666700000054334	epochs	3.0
875.2159156708435	0.054810200000019904	epochs	2.0
875.2159156708435	0.02749149999999645	epochs	3.0
875.2434071708435	0.027318700000023455	epochs	3.0
875.2707258708435	0.05412699999999404	epochs	2.0
875.2707258708435	0.027147799999966082	epochs	3.0
875.2978736708435	0.02697920000002796	epochs	3.0
875.3248528708435	0.053460699999959616	epochs	2.0
875.3248528708435	0.0268125999999711	epochs	3.0
875.3516654708435	0.026648099999988517	epochs	3.0
875.3783135708435	0.05281070000000909	epochs	2.0
875.3783135708435	0.026485600000000886	epochs	3.0
875.4047991708435	0.026325100000008206	epochs	3.0
875.4311242708435	0.05217619999996259	epochs	2.0
875.4311242708435	0.026166399999965506	epochs	3.0
875.4572906708435	0.026009799999997085	epochs	3.0
875.4833004708435	0.051556699999991906	epochs	2.0
875.4833004708435	0.025854800000047362	epochs	3.0
875.5091552708435	0.025701899999944544	epochs	3.0
875.5348571708435	0.050951900000086425	epochs	2.0
875.5348571708435	0.02555070000005344	epochs	3.0
875.5604078708435	0.025401200000032986	epochs	3.0
875.5858090708435	0.05036099999995258	epochs	2.0
875.5858090708435	0.025253499999962514	epochs	3.0
875.6110625708435	0.02510749999999007	epochs	3.0
875.6361700708435	0.049783800000000156	epochs	2.0
875.6361700708435	0.02496320000000196	epochs	3.0
875.6611332708435	0.024820599999998194	epochs	3.0
875.6859538708435	0.049219500000049266	epochs	2.0
875.6859538708435	0.024679399999968155	epochs	3.0
875.7106332708435	0.02454010000008111	epochs	3.0
875.7351733708435	0.048667899999941255	epochs	2.0
875.7351733708435	0.02440209999997478	epochs	3.0
875.7595754708435	0.024265799999966475	epochs	3.0
875.7838412708435	0.04812860000004093	epochs	2.0
875.7838412708435	0.024131000000011227	epochs	3.0
875.8079722708435	0.023997600000029706	epochs	3.0
875.8319698708435	0.04760109999995166	epochs	2.0
875.8319698708435	0.023865799999953197	epochs	3.0
875.8558356708435	0.02373529999999846	epochs	3.0
875.8795709708435	0.047085000000038235	epochs	2.0
875.8795709708435	0.023606299999983094	epochs	3.0
875.9031772708435	0.02347870000005514	epochs	3.0
875.9266559708435	0.046579999999948996	epochs	2.0
875.9266559708435	0.02335249999998723	epochs	3.0
875.9500084708435	0.023227499999961765	epochs	3.0
875.9732359708435	0.046085700000048746	epochs	2.0
875.9732359708435	0.023103999999989355	epochs	3.0
875.9963399708435	0.02298170000005939	epochs	3.0
876.0193216708435	0.045601799999985815	epochs	2.0
876.0193216708435	0.022860700000023826	epochs	3.0
876.0421823708435	0.02274109999996199	epochs	3.0
876.0649234708435	0.04512790000001132	epochs	2.0
876.0649234708435	0.022622500000011314	epochs	3.0
876.0875459708435	0.02250540000000001	epochs	3.0
876.1100513708435	0.044663799999966614	epochs	2.0
876.1100513708435	0.02238929999998618	epochs	3.0
876.1324406708435	0.022274499999980435	epochs	3.0
876.1547151708435	0.04420920000006845	epochs	2.0
876.1547151708435	0.022160800000051495	epochs	3.0
876.1768759708435	0.022048400000016954	epochs	3.0
876.1989243708435	0.04376359999992019	epochs	2.0
876.1989243708435	0.021936900000014248	epochs	3.0
876.2208612708436	0.02182669999990594	epochs	3.0
876.2426879708435	0.04332710000005591	epochs	2.0
876.2426879708435	0.02171760000010181	epochs	3.0
876.2644055708436	0.021609499999954096	epochs	3.0
876.2860150708435	0.04289900000003399	epochs	2.0
876.2860150708435	0.02150249999999687	epochs	3.0
876.3075175708435	0.021396500000037122	epochs	3.0
876.3289140708436	0.04247949999989942	epochs	2.0
876.3289140708436	0.02129170000000613	epochs	3.0
876.3502057708436	0.021187799999893286	epochs	3.0
876.3713935708435	0.042067900000006375	epochs	2.0
876.3713935708435	0.02108490000000529	epochs	3.0
876.3924784708435	0.020983000000001084	epochs	3.0
876.4134614708435	0.04166440000005878	epochs	2.0
876.4134614708435	0.02088220000007368	epochs	3.0
876.4343436708435	0.020782199999985096	epochs	3.0
876.4551258708435	0.04126850000000104	epochs	2.0
876.4551258708435	0.020683299999973315	epochs	3.0
876.4758091708435	0.020585200000027726	epochs	3.0
876.4963943708435	0.04088000000001557	epochs	2.0
876.4963943708435	0.020488099999965925	epochs	3.0
876.5168824708435	0.020391900000049645	epochs	3.0
876.5372743708435	0.04049880000002304	epochs	2.0
876.5372743708435	0.020296599999937825	epochs	3.0
876.5575709708435	0.020202200000085213	epochs	3.0
876.5777731708436	0.040124599999899146	epochs	2.0
876.5777731708436	0.020108699999923374	epochs	3.0
876.5978818708435	0.020015899999975773	epochs	3.0
876.6178977708435	0.03975730000001931	epochs	2.0
876.6178977708435	0.019924200000104975	epochs	3.0
876.6378219708436	0.01983309999991434	epochs	3.0
876.6576550708435	0.03939669999999751	epochs	2.0
876.6576550708435	0.01974300000006224	epochs	3.0
876.6773980708435	0.01965369999993527	epochs	3.0
876.6970517708435	0.039042400000084854	epochs	2.0
876.6970517708435	0.01956510000002254	epochs	3.0
876.7166168708435	0.019477300000062314	epochs	3.0
876.7360941708436	0.03869459999998526	epochs	2.0
876.7360941708436	0.01939039999990655	epochs	3.0
876.7554845708435	0.01930420000007871	epochs	3.0
876.7747887708435	0.03835289999994984	epochs	2.0
876.7747887708435	0.019218799999976	epochs	3.0
876.7940075708435	0.01913409999997384	epochs	3.0
876.8131416708435	0.03801720000001296	epochs	2.0
876.8131416708435	0.019050200000037876	epochs	3.0
876.8321918708435	0.018966999999975087	epochs	3.0
876.8511588708435	0.037687200000050325	epochs	2.0
876.8511588708435	0.01888450000001285	epochs	3.0
876.8700433708435	0.018802700000037476	epochs	3.0
876.8888460708436	0.03736309999999321	epochs	2.0
876.8888460708436	0.01872169999990092	epochs	3.0
876.9075677708435	0.01864140000009229	epochs	3.0
876.9262091708435	0.03704429999993408	epochs	2.0
876.9262091708435	0.01856159999999818	epochs	3.0
876.9447707708435	0.018482699999935903	epochs	3.0
876.9632534708435	0.0367310000000316	epochs	2.0
876.9632534708435	0.018404300000042895	epochs	3.0
876.9816577708435	0.018326699999988705	epochs	3.0
876.9999844708435	0.036422900000047775	epochs	2.0
876.9999844708435	0.018249599999990096	epochs	3.0
877.0182340708435	0.01817330000005768	epochs	3.0
877.0364073708436	0.03612009999994825	epochs	2.0
877.0364073708436	0.01809759999991911	epochs	3.0
877.0545049708435	0.01802250000002914	epochs	3.0
877.0725274708435	0.03582210000001851	epochs	2.0
877.0725274708435	0.017947899999967376	epochs	3.0
877.0904753708435	0.017874200000051133	epochs	3.0
877.1083495708435	0.03552899999999681	epochs	2.0
877.1083495708435	0.017800800000031813	epochs	3.0
877.1261503708436	0.017728199999965	epochs	3.0
877.1438785708435	0.03524070000003121	epochs	2.0
877.1438785708435	0.017656099999953767	epochs	3.0
877.1615346708435	0.017584600000077444	epochs	3.0
877.1791192708436	0.03495709999992869	epochs	2.0
877.1791192708436	0.01751369999999497	epochs	3.0
877.1966329708436	0.017443399999933717	epochs	3.0
877.2140763708435	0.03467790000001969	epochs	2.0
877.2140763708435	0.017373600000041733	epochs	3.0
877.2314499708435	0.017304299999977957	epochs	3.0
877.2487542708435	0.03440330000000813	epochs	2.0
877.2487542708435	0.01723570000001473	epochs	3.0
877.2659899708435	0.0171675999999934	epochs	3.0
877.2831575708435	0.03413279999995211	epochs	2.0
877.2831575708435	0.01709989999994832	epochs	3.0
877.3002574708435	0.017032900000003792	epochs	3.0
877.3172903708435	0.03386670000008962	epochs	2.0
877.3172903708435	0.01696640000000116	epochs	3.0
877.3342567708435	0.016900300000088464	epochs	3.0
877.3511570708436	0.03360459999998966	epochs	2.0
877.3511570708436	0.01683479999996962	epochs	3.0
877.3679918708435	0.01676980000002004	epochs	3.0
877.3847616708435	0.033346599999958926	epochs	2.0
877.3847616708435	0.016705300000012357	epochs	3.0
877.4014669708436	0.01664129999994657	epochs	3.0
877.4181082708435	0.03309249999995245	epochs	2.0
877.4181082708435	0.016577800000050047	epochs	3.0
877.4346860708436	0.016514699999902405	epochs	3.0
877.4512007708435	0.032842300000083924	epochs	2.0
877.4512007708435	0.01645220000000336	epochs	3.0
877.4676529708435	0.016390100000080565	epochs	3.0
877.4840430708435	0.03259570000000167	epochs	2.0
877.4840430708435	0.01632839999990665	epochs	3.0
877.5003714708434	0.01626730000009502	epochs	3.0
877.5166387708435	0.032352899999978035	epochs	2.0
877.5166387708435	0.01620659999991858	epochs	3.0
877.5328453708435	0.016146300000059455	epochs	3.0
877.5489916708435	0.03211369999996805	epochs	2.0
877.5489916708435	0.016086599999994178	epochs	3.0
877.5650782708435	0.01602709999997387	epochs	3.0
877.5811053708435	0.03187800000000607	epochs	2.0
877.5811053708435	0.015968199999974786	epochs	3.0
877.5970735708435	0.015909800000031282	epochs	3.0
877.6129833708435	0.031645700000012766	epochs	2.0
877.6129833708435	0.01585160000001906	epochs	3.0
877.6288349708435	0.015794099999993705	epochs	3.0
877.6446290708435	0.0314167000000225	epochs	2.0
877.6446290708435	0.015736700000047676	epochs	3.0
877.6603657708436	0.015679999999974825	epochs	3.0
877.6760457708435	0.031191100000000915	epochs	2.0
877.6760457708435	0.015623600000026272	epochs	3.0
877.6916693708436	0.015567499999974643	epochs	3.0
877.7072368708435	0.030968700000016725	epochs	2.0
877.7072368708435	0.015511999999944237	epochs	3.0
877.7227488708435	0.015456700000072487	epochs	3.0
877.7382055708435	0.030749499999956242	epochs	2.0
877.7382055708435	0.015401999999994587	epochs	3.0
877.7536075708435	0.015347499999961656	epochs	3.0
877.7689550708435	0.03053320000003623	epochs	2.0
877.7689550708435	0.015293400000018664	epochs	3.0
877.7842484708435	0.015239800000017567	epochs	3.0
877.7994882708435	0.030320099999926242	epochs	2.0
877.7994882708435	0.015186499999913394	epochs	3.0
877.8146747708435	0.015133600000012848	epochs	3.0
877.8298083708435	0.03010990000007041	epochs	2.0
877.8298083708435	0.015081000000009226	epochs	3.0
877.8448893708435	0.015028900000061185	epochs	3.0
877.8599182708435	0.029902499999934662	epochs	2.0
877.8599182708435	0.01497699999993074	epochs	3.0
877.8748952708435	0.014925500000003922	epochs	3.0
877.8898207708435	0.029698100000018712	epochs	2.0
877.8898207708435	0.014874400000053356	epochs	3.0
877.9046951708435	0.014823699999965356	epochs	3.0
877.9195188708435	0.02949630000000525	epochs	2.0
877.9195188708435	0.014773200000036013	epochs	3.0
877.9342920708435	0.014723099999969236	epochs	3.0
877.9490151708435	0.02929740000001857	epochs	2.0
877.9490151708435	0.014673399999992398	epochs	3.0
877.9636885708435	0.014624000000026172	epochs	3.0
877.9783125708435	0.029101100000048064	epochs	2.0
877.9783125708435	0.01457489999995687	epochs	3.0
877.9928874708435	0.014526200000091194	epochs	3.0
878.0074136708436	0.028907399999980044	epochs	2.0
878.0074136708436	0.014477699999929428	epochs	3.0
878.0218913708435	0.014429700000050616	epochs	3.0
878.0363210708435	0.028716199999962555	epochs	2.0
878.0363210708435	0.014381799999910072	epochs	3.0
878.0507028708435	0.014334400000052483	epochs	3.0
878.0650372708435	0.02852759999996124	epochs	2.0
878.0650372708435	0.01428720000001249	epochs	3.0
878.0793244708435	0.01424039999994875	epochs	3.0
878.0935648708435	0.028341400000044814	epochs	2.0
878.0935648708435	0.014193800000043666	epochs	3.0
878.1077586708435	0.014147600000001148	epochs	3.0
878.1219062708435	0.028157699999951546	epochs	2.0
878.1219062708435	0.014101699999969242	epochs	3.0
878.1360079708435	0.014055999999982305	epochs	3.0
878.1500639708435	0.027976300000091214	epochs	2.0
878.1500639708435	0.01401060000000598	epochs	3.0
878.1640745708435	0.013965700000085235	epochs	3.0
878.1780402708436	0.02779720000000907	epochs	2.0
878.1780402708436	0.013920799999937117	epochs	3.0
878.1919610708435	0.013876400000071953	epochs	3.0
878.2058374708436	0.027620399999932488	epochs	2.0
878.2058374708436	0.0138321999999107	epochs	3.0
878.2196696708435	0.013788200000021789	epochs	3.0
878.2334578708435	0.027445899999975154	epochs	2.0
878.2334578708435	0.013744599999995444	epochs	3.0
878.2472024708435	0.01370129999997971	epochs	3.0
878.2609037708435	0.0272735000000921	epochs	2.0
878.2609037708435	0.013658200000008947	epochs	3.0
878.2745619708435	0.013615300000083153	epochs	3.0
878.2881772708436	0.027103399999987232	epochs	2.0
878.2881772708436	0.013572799999906238	epochs	3.0
878.3017500708435	0.013530600000080995	epochs	3.0
878.3152806708435	0.026935199999911674	epochs	2.0
878.3152806708435	0.01348839999991469	epochs	3.0
878.3287690708435	0.013446799999996983	epochs	3.0
878.3422158708435	0.02676920000010341	epochs	2.0
878.3422158708435	0.013405200000079276	epochs	3.0
878.3556210708435	0.013364000000024134	epochs	3.0
878.3689850708436	0.026605199999949036	epochs	2.0
878.3689850708436	0.013322899999934634	epochs	3.0
878.3823079708435	0.013282300000014402	epochs	3.0
878.3955902708435	0.026443200000016986	epochs	2.0
878.3955902708435	0.013241699999980483	epochs	3.0
878.4088319708435	0.013201500000036503	epochs	3.0
878.4220334708435	0.0262831999999662	epochs	2.0
878.4220334708435	0.013161500000023807	epochs	3.0
878.4351949708436	0.013121699999942393	epochs	3.0
878.4483166708435	0.02612499999997908	epochs	2.0
878.4483166708435	0.013082100000019636	epochs	3.0
878.4613987708435	0.013042899999959445	epochs	3.0
878.4744416708435	0.025968900000066242	epochs	2.0
878.4744416708435	0.01300390000005791	epochs	3.0
878.4874455708435	0.012965000000008331	epochs	3.0
878.5004105708435	0.025814499999910367	epochs	2.0
878.5004105708435	0.012926399999969362	epochs	3.0
878.5133369708435	0.012888099999941005	epochs	3.0
878.5262250708435	0.025661900000045534	epochs	2.0
878.5262250708435	0.012849900000105663	epochs	3.0
878.5390749708436	0.012811999999939871	epochs	3.0
878.5518869708435	0.025511199999982637	epochs	2.0
878.5518869708435	0.012774400000012065	epochs	3.0
878.5646613708435	0.012736799999970572	epochs	3.0
878.5773981708435	0.025362299999983406	epochs	2.0
878.5773981708435	0.01269969999998466	epochs	3.0
878.5900978708435	0.012662599999998747	epochs	3.0
878.6027604708435	0.025215000000002874	epochs	2.0
878.6027604708435	0.012625800000023446	epochs	3.0
878.6153862708435	0.012589199999979428	epochs	3.0
878.6279754708435	0.024584800000070572	epochs	2.0
878.6498122708435	0.5	epochs	-1.0
878.6525602708435	0.543360000000007	epochs	1.0
879.1959202708435	0.45655999999996766	epochs	0.0
880.1400003433228	0.13656000000003132	epochs	0.0
880.1400003433228	0.06328189999999267	epochs	1.0
880.2032822433227	0.009996200000045974	epochs	1.0
880.2132784433228	0.06328189999999267	epochs	1.0
880.2765603433228	2.0	epochs	0.0
882.2765603433228	21.523599999999988	epochs	0.0
882.2765603433228	1.0	epochs	1.0
882.2766123433228	0.5	epochs	-1.0
882.7766123433228	19.99720000000002	epochs	-1.0
883.2765603433228	20.0	epochs	1.0
883.2765603433228	4.356753899999944	epochs	-1.0
883.2765603433228	1.9745871999999736	epochs	2.0
883.2765603433228	1.0985621999999466	epochs	3.0
884.3751225433227	0.8760250000000269	epochs	3.0
885.2511475433228	1.3524075000000266	epochs	2.0
885.2511475433228	0.7286354999999958	epochs	3.0
885.9797830433228	0.6237720000000309	epochs	3.0
886.6035550433228	1.029759199999944	epochs	2.0
886.6035550433228	0.5453292999999348	epochs	3.0
887.1488843433227	0.4844299000000092	epochs	3.0
887.6333142433227	0.8317862000000105	epochs	2.0
887.6333142433227	0.4357763000000432	epochs	3.0
888.0690905433228	0.3960098999999673	epochs	3.0
888.4651004433227	0.6977970000000369	epochs	2.0
888.4651004433227	0.3628982000000178	epochs	3.0
888.8279986433228	0.33489880000001904	epochs	3.0
889.1628974433228	0.601045699999986	epochs	2.0
889.1628974433228	0.3109122999999272	epochs	3.0
889.4738097433227	0.2901334000000588	epochs	3.0
889.7639431433228	0.5278859000000011	epochs	2.0
889.7639431433228	0.2719585999999481	epochs	3.0
890.0359017433227	0.25592730000005304	epochs	3.0
890.2918290433228	0.470619299999953	epochs	2.0
890.2918290433228	0.241681299999982	epochs	3.0
890.5335103433227	0.228937999999971	epochs	3.0
890.7624483433227	0.42457039999999324	epochs	2.0
890.7624483433227	0.21747140000002219	epochs	3.0
890.9799197433227	0.20709899999997106	epochs	3.0
891.1870187433227	0.3867354000000205	epochs	2.0
891.1870187433227	0.19767110000009325	epochs	3.0
891.3846898433228	0.18906429999992724	epochs	3.0
891.5737541433227	0.3550953000000163	epochs	2.0
891.5737541433227	0.18117589999997108	epochs	3.0
891.7549300433227	0.17391940000004524	epochs	3.0
891.9288494433227	0.3282431000000088	epochs	2.0
891.9288494433227	0.16722189999995862	epochs	3.0
892.0960713433227	0.16102120000005016	epochs	3.0
892.2570925433228	0.30516799999998057	epochs	2.0
892.2570925433228	0.15526390000002266	epochs	3.0
892.4123564433228	0.1499040999999579	epochs	3.0
892.5622605433227	0.28512530000000424	epochs	2.0
892.5622605433227	0.1449020999999675	epochs	3.0
892.7071626433227	0.14022320000003674	epochs	3.0
892.8473858433227	0.2675537999999733	epochs	2.0
892.8473858433227	0.1358368999999584	epochs	3.0
892.9832227433227	0.1317169000000149	epochs	3.0
893.1149396433227	0.2520229000000427	epochs	2.0
893.1149396433227	0.1278393000000051	epochs	3.0
893.2427789433227	0.12418360000003759	epochs	3.0
893.3669625433228	0.23819649999995818	epochs	2.0
893.3669625433228	0.12073109999994358	epochs	3.0
893.4876936433227	0.1174654000000146	epochs	3.0
893.6051590433227	0.2258087999999816	epochs	2.0
893.6051590433227	0.11437190000003739	epochs	3.0
893.7195309433228	0.11143689999994422	epochs	3.0
893.8309678433227	0.2146460000000161	epochs	2.0
893.8309678433227	0.10864890000004834	epochs	3.0
893.9396167433227	0.10599709999996776	epochs	3.0
894.0456138433227	0.20453500000007807	epochs	2.0
894.0456138433227	0.10347150000006877	epochs	3.0
894.1490853433228	0.1010635000000093	epochs	3.0
894.2501488433228	0.19533400000000256	epochs	2.0
894.2501488433228	0.09876509999992322	epochs	3.0
894.3489139433227	0.09656890000007934	epochs	3.0
894.4454828433228	0.18692529999998442	epochs	2.0
894.4454828433228	0.09446829999990314	epochs	3.0
894.5399511433227	0.09245700000008128	epochs	3.0
894.6324081433228	0.17921069999999872	epochs	2.0
894.6324081433228	0.09052959999996801	epochs	3.0
894.7229377433227	0.08868110000003071	epochs	3.0
894.8116188433228	0.17210769999996955	epochs	2.0
894.8116188433228	0.08690630000000965	epochs	3.0
894.8985251433228	0.0852013999999599	epochs	3.0
894.9837265433227	0.16554640000003928	epochs	2.0
894.9837265433227	0.08356190000006336	epochs	3.0
895.0672884433228	0.08198449999997592	epochs	3.0
895.1492729433228	0.15946709999991526	epochs	2.0
895.1492729433228	0.08046539999998004	epochs	3.0
895.2297383433228	0.07900169999993523	epochs	3.0
895.3087400433227	0.15381840000009106	epochs	2.0
895.3087400433227	0.07759010000006583	epochs	3.0
895.3863301433228	0.07622830000002523	epochs	3.0
895.4625584433228	0.14855639999996129	epochs	2.0
895.4625584433228	0.07491329999993468	epochs	3.0
895.5374717433227	0.0736431000000266	epochs	3.0
895.6111148433228	0.14364239999997608	epochs	2.0
895.6111148433228	0.07241499999997814	epochs	3.0
895.6835298433227	0.07122739999999794	epochs	3.0
895.7547572433227	0.13904309999998077	epochs	2.0
895.7547572433227	0.07007800000008046	epochs	3.0
895.8248352433228	0.0689650999999003	epochs	3.0
895.8938003433227	0.1347293000000036	epochs	2.0
895.8938003433227	0.0678871000000072	epochs	3.0
895.9616874433227	0.06684219999999641	epochs	3.0
896.0285296433227	0.1306752000000415	epochs	2.0
896.0285296433227	0.06582910000008724	epochs	3.0
896.0943587433228	0.06484609999995428	epochs	3.0
896.1592048433228	0.12685780000003888	epochs	2.0
896.1592048433228	0.06389200000000983	epochs	3.0
896.2230968433228	0.06296580000002905	epochs	3.0
896.2860626433228	0.12325720000001184	epochs	2.0
896.2860626433228	0.062065799999913907	epochs	3.0
896.3481284433227	0.06119140000009793	epochs	3.0
896.4093198433228	0.11985539999989214	epochs	2.0
896.4093198433228	0.060341099999959624	epochs	3.0
896.4696609433228	0.05951429999993252	epochs	3.0
896.5291752433227	0.11663620000001629	epochs	2.0
896.5291752433227	0.05870960000004288	epochs	3.0
896.5878848433227	0.057926599999973405	epochs	3.0
896.6458114433227	0.11358560000007856	epochs	2.0
896.6458114433227	0.05716419999998834	epochs	3.0
896.7029756433227	0.056421400000090216	epochs	3.0
896.7593970433228	0.11069049999991876	epochs	2.0
896.7593970433228	0.05569789999992736	epochs	3.0
896.8150949433227	0.0549925999999914	epochs	3.0
896.8700875433227	0.1079391000000669	epochs	2.0
896.8700875433227	0.05430490000003374	epochs	3.0
896.9243924433227	0.05363420000003316	epochs	3.0
896.9780266433228	0.10532149999994544	epochs	2.0
896.9780266433228	0.05297999999993408	epochs	3.0
897.0310066433227	0.052341500000011365	epochs	3.0
897.0833481433227	0.10282760000006874	epochs	2.0
897.0833481433227	0.05171810000001642	epochs	3.0
897.1350662433227	0.05110950000005232	epochs	3.0
897.1861757433228	0.10044909999999163	epochs	2.0
897.1861757433228	0.05051489999993919	epochs	3.0
897.2366906433227	0.04993420000005244	epochs	3.0
897.2866248433228	0.0981782999999723	epochs	2.0
897.2866248433228	0.04936659999998483	epochs	3.0
897.3359914433228	0.04881169999998747	epochs	3.0
897.3848031433228	0.09600780000005216	epochs	2.0
897.3848031433228	0.04826920000004975	epochs	3.0
897.4330723433228	0.04773860000000241	epochs	3.0
897.4808109433228	0.09393119999992905	epochs	2.0
897.4808109433228	0.04721949999998287	epochs	3.0
897.5280304433228	0.04671169999994618	epochs	3.0
897.5747421433227	0.09194260000003851	epochs	2.0
897.5747421433227	0.046214599999984785	epochs	3.0
897.6209567433227	0.045728000000053726	epochs	3.0
897.6666847433228	0.09003629999995155	epochs	2.0
897.6666847433228	0.045251499999949374	epochs	3.0
897.7119362433227	0.04478480000000218	epochs	3.0
897.7567210433227	0.08820760000003247	epochs	2.0
897.7567210433227	0.044327800000019124	epochs	3.0
897.8010488433227	0.04387980000001335	epochs	3.0
897.8449286433228	0.0864516999999978	epochs	2.0
897.8449286433228	0.04344100000002982	epochs	3.0
897.8883696433228	0.04301069999996798	epochs	3.0
897.9313803433228	0.08476429999996071	epochs	2.0
897.9313803433228	0.04258900000002086	epochs	3.0
897.9739693433228	0.04217529999993985	epochs	3.0
898.0161446433227	0.08314150000001064	epochs	2.0
898.0161446433227	0.04176970000003166	epochs	3.0
898.0579143433228	0.041371799999978975	epochs	3.0
898.0992861433227	0.08157970000002024	epochs	2.0
898.0992861433227	0.04098140000007788	epochs	3.0
898.1402675433228	0.040598299999942355	epochs	3.0
898.1808658433227	0.08007550000002084	epochs	2.0
898.1808658433227	0.04022229999998217	epochs	3.0
898.2210881433227	0.03985320000003867	epochs	3.0
898.2609413433228	0.07862569999997504	epochs	2.0
898.2609413433228	0.0394907999999532	epochs	3.0
898.3004321433227	0.039134900000021844	epochs	3.0
898.3395670433227	0.07722760000001472	epochs	2.0
898.3395670433227	0.038785400000051595	epochs	3.0
898.3783524433228	0.03844219999996312	epochs	3.0
898.4167946433228	0.07587820000003376	epochs	2.0
898.4167946433228	0.038104800000041905	epochs	3.0
898.4548994433228	0.03777339999999185	epochs	3.0
898.4926728433228	0.07457519999991291	epochs	2.0
898.4926728433228	0.03744769999991604	epochs	3.0
898.5301205433227	0.03712749999999687	epochs	3.0
898.5672480433227	0.07331630000010136	epochs	2.0
898.5672480433227	0.0368129000000863	epochs	3.0
898.6040609433228	0.03650340000001506	epochs	3.0
898.6405643433228	0.07209899999998015	epochs	2.0
898.6405643433228	0.03619909999997617	epochs	3.0
898.6767634433228	0.03589990000000398	epochs	3.0
898.7126633433228	0.07092169999998532	epochs	2.0
898.7126633433228	0.03560559999993984	epochs	3.0
898.7482689433227	0.03531610000004548	epochs	3.0
898.7835850433228	0.06978200000003199	epochs	2.0
898.7835850433228	0.03503119999993487	epochs	3.0
898.8186162433227	0.034750800000097115	epochs	3.0
898.8533670433228	0.06867859999999837	epochs	2.0
898.8533670433228	0.034475099999895065	epochs	3.0
898.8878421433227	0.034203500000103304	epochs	3.0
898.9220456433228	0.06760929999995824	epochs	2.0
898.9220456433228	0.033936199999970995	epochs	3.0
898.9559818433228	0.033673099999987244	epochs	3.0
898.9896549433228	0.06657289999998284	epochs	2.0
898.9896549433228	0.03341399999999339	epochs	3.0
899.0230689433228	0.033158899999989444	epochs	3.0
899.0562278433227	0.06556780000005347	epochs	2.0
899.0562278433227	0.032907700000009754	epochs	3.0
899.0891355433228	0.03266010000004371	epochs	3.0
899.1217956433228	0.06459259999996902	epochs	2.0
899.1217956433228	0.032416399999988244	epochs	3.0
899.1542120433228	0.03217619999998078	epochs	3.0
899.1863882433228	0.0636459999999488	epochs	2.0
899.1863882433228	0.03193959999998697	epochs	3.0
899.2183278433228	0.03170639999996183	epochs	3.0
899.2500342433227	0.0627266999999847	epochs	2.0
899.2500342433227	0.03147660000001906	epochs	3.0
899.2815108433227	0.03125009999996564	epochs	3.0
899.3127609433227	0.06183359999999993	epochs	2.0
899.3127609433227	0.031026900000028945	epochs	3.0
899.3437878433227	0.030806699999970988	epochs	3.0
899.3745945433227	0.06096560000003137	epochs	2.0
899.3745945433227	0.030589800000029754	epochs	3.0
899.4051843433227	0.030375800000001618	epochs	3.0
899.4355601433227	0.06012160000000222	epochs	2.0
899.4355601433227	0.030164900000045236	epochs	3.0
899.4657250433228	0.02995669999995698	epochs	3.0
899.4956817433227	0.05930069999999432	epochs	2.0
899.4956817433227	0.029751600000054168	epochs	3.0
899.5254333433228	0.029549099999940154	epochs	3.0
899.5549824433227	0.05850180000004457	epochs	2.0
899.5549824433227	0.02934940000000097	epochs	3.0
899.5843318433227	0.0291524000000436	epochs	3.0
899.6134842433228	0.05772419999993872	epochs	2.0
899.6134842433228	0.028957999999988715	epochs	3.0
899.6424422433228	0.028766199999950004	epochs	3.0
899.6712084433227	0.05696710000006533	epochs	2.0
899.6712084433227	0.028577000000041153	epochs	3.0
899.6997854433228	0.028390100000024177	epochs	3.0
899.7281755433228	0.05622949999997218	epochs	2.0
899.7281755433228	0.028205699999944045	epochs	3.0
899.7563812433227	0.028023800000028132	epochs	3.0
899.7844050433227	0.05551070000001346	epochs	2.0
899.7844050433227	0.027843999999959124	epochs	3.0
899.8122490433227	0.027666700000054334	epochs	3.0
899.8399157433228	0.054810200000019904	epochs	2.0
899.8399157433228	0.02749149999999645	epochs	3.0
899.8674072433228	0.027318700000023455	epochs	3.0
899.8947259433228	0.05412699999999404	epochs	2.0
899.8947259433228	0.027147799999966082	epochs	3.0
899.9218737433227	0.02697920000002796	epochs	3.0
899.9488529433228	0.053460699999959616	epochs	2.0
899.9488529433228	0.0268125999999711	epochs	3.0
899.9756655433227	0.026648099999988517	epochs	3.0
900.0023136433227	0.05281070000000909	epochs	2.0
900.0023136433227	0.026485600000000886	epochs	3.0
900.0287992433227	0.026325100000008206	epochs	3.0
900.0551243433227	0.05217619999996259	epochs	2.0
900.0551243433227	0.026166399999965506	epochs	3.0
900.0812907433227	0.026009799999997085	epochs	3.0
900.1073005433227	0.051556699999991906	epochs	2.0
900.1073005433227	0.025854800000047362	epochs	3.0
900.1331553433228	0.025701899999944544	epochs	3.0
900.1588572433227	0.050951900000086425	epochs	2.0
900.1588572433227	0.02555070000005344	epochs	3.0
900.1844079433228	0.025401200000032986	epochs	3.0
900.2098091433228	0.05036099999995258	epochs	2.0
900.2098091433228	0.025253499999962514	epochs	3.0
900.2350626433227	0.02510749999999007	epochs	3.0
900.2601701433227	0.049783800000000156	epochs	2.0
900.2601701433227	0.02496320000000196	epochs	3.0
900.2851333433227	0.024820599999998194	epochs	3.0
900.3099539433227	0.049219500000049266	epochs	2.0
900.3099539433227	0.024679399999968155	epochs	3.0
900.3346333433227	0.02454010000008111	epochs	3.0
900.3591734433228	0.048667899999941255	epochs	2.0
900.3591734433228	0.02440209999997478	epochs	3.0
900.3835755433228	0.024265799999966475	epochs	3.0
900.4078413433227	0.04812860000004093	epochs	2.0
900.4078413433227	0.024131000000011227	epochs	3.0
900.4319723433227	0.023997600000029706	epochs	3.0
900.4559699433228	0.04760109999995166	epochs	2.0
900.4559699433228	0.023865799999953197	epochs	3.0
900.4798357433227	0.02373529999999846	epochs	3.0
900.5035710433227	0.047085000000038235	epochs	2.0
900.5035710433227	0.023606299999983094	epochs	3.0
900.5271773433227	0.02347870000005514	epochs	3.0
900.5506560433228	0.046579999999948996	epochs	2.0
900.5506560433228	0.02335249999998723	epochs	3.0
900.5740085433227	0.023227499999961765	epochs	3.0
900.5972360433227	0.046085700000048746	epochs	2.0
900.5972360433227	0.023103999999989355	epochs	3.0
900.6203400433227	0.02298170000005939	epochs	3.0
900.6433217433228	0.045601799999985815	epochs	2.0
900.6433217433228	0.022860700000023826	epochs	3.0
900.6661824433228	0.02274109999996199	epochs	3.0
900.6889235433227	0.04512790000001132	epochs	2.0
900.6889235433227	0.022622500000011314	epochs	3.0
900.7115460433228	0.02250540000000001	epochs	3.0
900.7340514433228	0.044663799999966614	epochs	2.0
900.7340514433228	0.02238929999998618	epochs	3.0
900.7564407433227	0.022274499999980435	epochs	3.0
900.7787152433227	0.04420920000006845	epochs	2.0
900.7787152433227	0.022160800000051495	epochs	3.0
900.8008760433228	0.022048400000016954	epochs	3.0
900.8229244433228	0.04376359999992019	epochs	2.0
900.8229244433228	0.021936900000014248	epochs	3.0
900.8448613433228	0.02182669999990594	epochs	3.0
900.8666880433227	0.04332710000005591	epochs	2.0
900.8666880433227	0.02171760000010181	epochs	3.0
900.8884056433228	0.021609499999954096	epochs	3.0
900.9100151433228	0.04289900000003399	epochs	2.0
900.9100151433228	0.02150249999999687	epochs	3.0
900.9315176433228	0.021396500000037122	epochs	3.0
900.9529141433228	0.04247949999989942	epochs	2.0
900.9529141433228	0.02129170000000613	epochs	3.0
900.9742058433228	0.021187799999893286	epochs	3.0
900.9953936433227	0.042067900000006375	epochs	2.0
900.9953936433227	0.02108490000000529	epochs	3.0
901.0164785433227	0.020983000000001084	epochs	3.0
901.0374615433227	0.04166440000005878	epochs	2.0
901.0374615433227	0.02088220000007368	epochs	3.0
901.0583437433228	0.020782199999985096	epochs	3.0
901.0791259433228	0.04126850000000104	epochs	2.0
901.0791259433228	0.020683299999973315	epochs	3.0
901.0998092433227	0.020585200000027726	epochs	3.0
901.1203944433228	0.04088000000001557	epochs	2.0
901.1203944433228	0.020488099999965925	epochs	3.0
901.1408825433227	0.020391900000049645	epochs	3.0
901.1612744433228	0.04049880000002304	epochs	2.0
901.1612744433228	0.020296599999937825	epochs	3.0
901.1815710433227	0.020202200000085213	epochs	3.0
901.2017732433228	0.040124599999899146	epochs	2.0
901.2017732433228	0.020108699999923374	epochs	3.0
901.2218819433227	0.020015899999975773	epochs	3.0
901.2418978433227	0.03975730000001931	epochs	2.0
901.2418978433227	0.019924200000104975	epochs	3.0
901.2618220433228	0.01983309999991434	epochs	3.0
901.2816551433227	0.03939669999999751	epochs	2.0
901.2816551433227	0.01974300000006224	epochs	3.0
901.3013981433228	0.01965369999993527	epochs	3.0
901.3210518433227	0.039042400000084854	epochs	2.0
901.3210518433227	0.01956510000002254	epochs	3.0
901.3406169433227	0.019477300000062314	epochs	3.0
901.3600942433228	0.03869459999998526	epochs	2.0
901.3600942433228	0.01939039999990655	epochs	3.0
901.3794846433227	0.01930420000007871	epochs	3.0
901.3987888433228	0.03835289999994984	epochs	2.0
901.3987888433228	0.019218799999976	epochs	3.0
901.4180076433228	0.01913409999997384	epochs	3.0
901.4371417433227	0.03801720000001296	epochs	2.0
901.4371417433227	0.019050200000037876	epochs	3.0
901.4561919433228	0.018966999999975087	epochs	3.0
901.4751589433228	0.037687200000050325	epochs	2.0
901.4751589433228	0.01888450000001285	epochs	3.0
901.4940434433228	0.018802700000037476	epochs	3.0
901.5128461433228	0.03736309999999321	epochs	2.0
901.5128461433228	0.01872169999990092	epochs	3.0
901.5315678433227	0.01864140000009229	epochs	3.0
901.5502092433228	0.03704429999993408	epochs	2.0
901.5502092433228	0.01856159999999818	epochs	3.0
901.5687708433228	0.018482699999935903	epochs	3.0
901.5872535433227	0.0367310000000316	epochs	2.0
901.5872535433227	0.018404300000042895	epochs	3.0
901.6056578433228	0.018326699999988705	epochs	3.0
901.6239845433228	0.036422900000047775	epochs	2.0
901.6239845433228	0.018249599999990096	epochs	3.0
901.6422341433228	0.01817330000005768	epochs	3.0
901.6604074433228	0.03612009999994825	epochs	2.0
901.6604074433228	0.01809759999991911	epochs	3.0
901.6785050433227	0.01802250000002914	epochs	3.0
901.6965275433228	0.03582210000001851	epochs	2.0
901.6965275433228	0.017947899999967376	epochs	3.0
901.7144754433227	0.017874200000051133	epochs	3.0
901.7323496433228	0.03552899999999681	epochs	2.0
901.7323496433228	0.017800800000031813	epochs	3.0
901.7501504433228	0.017728199999965	epochs	3.0
901.7678786433228	0.03524070000003121	epochs	2.0
901.7678786433228	0.017656099999953767	epochs	3.0
901.7855347433227	0.017584600000077444	epochs	3.0
901.8031193433228	0.03495709999992869	epochs	2.0
901.8031193433228	0.01751369999999497	epochs	3.0
901.8206330433228	0.017443399999933717	epochs	3.0
901.8380764433227	0.03467790000001969	epochs	2.0
901.8380764433227	0.017373600000041733	epochs	3.0
901.8554500433228	0.017304299999977957	epochs	3.0
901.8727543433228	0.03440330000000813	epochs	2.0
901.8727543433228	0.01723570000001473	epochs	3.0
901.8899900433228	0.0171675999999934	epochs	3.0
901.9071576433228	0.03413279999995211	epochs	2.0
901.9071576433228	0.01709989999994832	epochs	3.0
901.9242575433227	0.017032900000003792	epochs	3.0
901.9412904433227	0.03386670000008962	epochs	2.0
901.9412904433227	0.01696640000000116	epochs	3.0
901.9582568433227	0.016900300000088464	epochs	3.0
901.9751571433228	0.03360459999998966	epochs	2.0
901.9751571433228	0.01683479999996962	epochs	3.0
901.9919919433228	0.01676980000002004	epochs	3.0
902.0087617433228	0.033346599999958926	epochs	2.0
902.0087617433228	0.016705300000012357	epochs	3.0
902.0254670433228	0.01664129999994657	epochs	3.0
902.0421083433228	0.03309249999995245	epochs	2.0
902.0421083433228	0.016577800000050047	epochs	3.0
902.0586861433228	0.016514699999902405	epochs	3.0
902.0752008433227	0.032842300000083924	epochs	2.0
902.0752008433227	0.01645220000000336	epochs	3.0
902.0916530433227	0.016390100000080565	epochs	3.0
902.1080431433228	0.03259570000000167	epochs	2.0
902.1080431433228	0.01632839999990665	epochs	3.0
902.1243715433227	0.01626730000009502	epochs	3.0
902.1406388433228	0.032352899999978035	epochs	2.0
902.1406388433228	0.01620659999991858	epochs	3.0
902.1568454433227	0.016146300000059455	epochs	3.0
902.1729917433228	0.03211369999996805	epochs	2.0
902.1729917433228	0.016086599999994178	epochs	3.0
902.1890783433228	0.01602709999997387	epochs	3.0
902.2051054433227	0.03187800000000607	epochs	2.0
902.2051054433227	0.015968199999974786	epochs	3.0
902.2210736433227	0.015909800000031282	epochs	3.0
902.2369834433227	0.031645700000012766	epochs	2.0
902.2369834433227	0.01585160000001906	epochs	3.0
902.2528350433228	0.015794099999993705	epochs	3.0
902.2686291433228	0.0314167000000225	epochs	2.0
902.2686291433228	0.015736700000047676	epochs	3.0
902.2843658433228	0.015679999999974825	epochs	3.0
902.3000458433228	0.031191100000000915	epochs	2.0
902.3000458433228	0.015623600000026272	epochs	3.0
902.3156694433228	0.015567499999974643	epochs	3.0
902.3312369433228	0.030968700000016725	epochs	2.0
902.3312369433228	0.015511999999944237	epochs	3.0
902.3467489433227	0.015456700000072487	epochs	3.0
902.3622056433228	0.030749499999956242	epochs	2.0
902.3622056433228	0.015401999999994587	epochs	3.0
902.3776076433228	0.015347499999961656	epochs	3.0
902.3929551433228	0.03053320000003623	epochs	2.0
902.3929551433228	0.015293400000018664	epochs	3.0
902.4082485433228	0.015239800000017567	epochs	3.0
902.4234883433228	0.030320099999926242	epochs	2.0
902.4234883433228	0.015186499999913394	epochs	3.0
902.4386748433227	0.015133600000012848	epochs	3.0
902.4538084433227	0.03010990000007041	epochs	2.0
902.4538084433227	0.015081000000009226	epochs	3.0
902.4688894433227	0.015028900000061185	epochs	3.0
902.4839183433228	0.029902499999934662	epochs	2.0
902.4839183433228	0.01497699999993074	epochs	3.0
902.4988953433227	0.014925500000003922	epochs	3.0
902.5138208433227	0.029698100000018712	epochs	2.0
902.5138208433227	0.014874400000053356	epochs	3.0
902.5286952433228	0.014823699999965356	epochs	3.0
902.5435189433227	0.02949630000000525	epochs	2.0
902.5435189433227	0.014773200000036013	epochs	3.0
902.5582921433228	0.014723099999969236	epochs	3.0
902.5730152433227	0.02929740000001857	epochs	2.0
902.5730152433227	0.014673399999992398	epochs	3.0
902.5876886433227	0.014624000000026172	epochs	3.0
902.6023126433228	0.029101100000048064	epochs	2.0
902.6023126433228	0.01457489999995687	epochs	3.0
902.6168875433227	0.014526200000091194	epochs	3.0
902.6314137433228	0.028907399999980044	epochs	2.0
902.6314137433228	0.014477699999929428	epochs	3.0
902.6458914433227	0.014429700000050616	epochs	3.0
902.6603211433228	0.028716199999962555	epochs	2.0
902.6603211433228	0.014381799999910072	epochs	3.0
902.6747029433227	0.014334400000052483	epochs	3.0
902.6890373433228	0.02852759999996124	epochs	2.0
902.6890373433228	0.01428720000001249	epochs	3.0
902.7033245433228	0.01424039999994875	epochs	3.0
902.7175649433227	0.028341400000044814	epochs	2.0
902.7175649433227	0.014193800000043666	epochs	3.0
902.7317587433228	0.014147600000001148	epochs	3.0
902.7459063433228	0.028157699999951546	epochs	2.0
902.7459063433228	0.014101699999969242	epochs	3.0
902.7600080433227	0.014055999999982305	epochs	3.0
902.7740640433227	0.027976300000091214	epochs	2.0
902.7740640433227	0.01401060000000598	epochs	3.0
902.7880746433227	0.013965700000085235	epochs	3.0
902.8020403433228	0.02779720000000907	epochs	2.0
902.8020403433228	0.013920799999937117	epochs	3.0
902.8159611433227	0.013876400000071953	epochs	3.0
902.8298375433228	0.027620399999932488	epochs	2.0
902.8298375433228	0.0138321999999107	epochs	3.0
902.8436697433227	0.013788200000021789	epochs	3.0
902.8574579433227	0.027445899999975154	epochs	2.0
902.8574579433227	0.013744599999995444	epochs	3.0
902.8712025433227	0.01370129999997971	epochs	3.0
902.8849038433227	0.0272735000000921	epochs	2.0
902.8849038433227	0.013658200000008947	epochs	3.0
902.8985620433227	0.013615300000083153	epochs	3.0
902.9121773433228	0.027103399999987232	epochs	2.0
902.9121773433228	0.013572799999906238	epochs	3.0
902.9257501433227	0.013530600000080995	epochs	3.0
902.9392807433228	0.026935199999911674	epochs	2.0
902.9392807433228	0.01348839999991469	epochs	3.0
902.9527691433227	0.013446799999996983	epochs	3.0
902.9662159433227	0.02676920000010341	epochs	2.0
902.9662159433227	0.013405200000079276	epochs	3.0
902.9796211433228	0.013364000000024134	epochs	3.0
902.9929851433228	0.026605199999949036	epochs	2.0
902.9929851433228	0.013322899999934634	epochs	3.0
903.0063080433227	0.013282300000014402	epochs	3.0
903.0195903433228	0.026443200000016986	epochs	2.0
903.0195903433228	0.013241699999980483	epochs	3.0
903.0328320433227	0.013201500000036503	epochs	3.0
903.0460335433228	0.0262831999999662	epochs	2.0
903.0460335433228	0.013161500000023807	epochs	3.0
903.0591950433228	0.013121699999942393	epochs	3.0
903.0723167433227	0.02612499999997908	epochs	2.0
903.0723167433227	0.013082100000019636	epochs	3.0
903.0853988433228	0.013042899999959445	epochs	3.0
903.0984417433227	0.025968900000066242	epochs	2.0
903.0984417433227	0.01300390000005791	epochs	3.0
903.1114456433228	0.012965000000008331	epochs	3.0
903.1244106433228	0.025814499999910367	epochs	2.0
903.1244106433228	0.012926399999969362	epochs	3.0
903.1373370433228	0.012888099999941005	epochs	3.0
903.1502251433227	0.025661900000045534	epochs	2.0
903.1502251433227	0.012849900000105663	epochs	3.0
903.1630750433228	0.012811999999939871	epochs	3.0
903.1758870433227	0.025511199999982637	epochs	2.0
903.1758870433227	0.012774400000012065	epochs	3.0
903.1886614433228	0.012736799999970572	epochs	3.0
903.2013982433227	0.025362299999983406	epochs	2.0
903.2013982433227	0.01269969999998466	epochs	3.0
903.2140979433227	0.012662599999998747	epochs	3.0
903.2267605433227	0.025215000000002874	epochs	2.0
903.2267605433227	0.012625800000023446	epochs	3.0
903.2393863433227	0.012589199999979428	epochs	3.0
903.2519755433227	0.024584800000070572	epochs	2.0
903.2738123433228	0.5	epochs	-1.0
903.2765603433228	0.5235999999999876	epochs	1.0
903.8001603433228	0.476319999999987	epochs	0.0
904.6200003623962	0.13656000000003132	epochs	0.0
904.6200003623962	0.06328189999999267	epochs	1.0
904.6832822623962	0.009996200000045974	epochs	1.0
904.6932784623963	0.06328189999999267	epochs	1.0
904.7565603623963	2.0	epochs	0.0
906.7565603623963	5.363279999999918	epochs	0.0
906.7565603623963	1.0	epochs	1.0
906.7566123623963	0.5	epochs	-1.0
907.2566123623963	4.8632279999999355	epochs	-1.0
907.7565603623963	4.363279999999918	epochs	1.0
907.7565603623963	4.356753899999944	epochs	-1.0
907.7565603623963	1.9745871999999736	epochs	2.0
907.7565603623963	1.0985621999999466	epochs	3.0
908.8551225623962	0.8760250000000269	epochs	3.0
909.7311475623962	1.3524075000000266	epochs	2.0
909.7311475623962	0.7286354999999958	epochs	3.0
910.4597830623962	0.6237720000000309	epochs	3.0
911.0835550623963	1.029759199999944	epochs	2.0
911.0835550623963	0.5453292999999348	epochs	3.0
911.6288843623962	0.4844299000000092	epochs	3.0
912.1133142623962	0.006526099999973667	epochs	2.0
912.1133142623962	0.006526099999973667	epochs	3.0
912.1198403623962	16.636640000000057	epochs	0.0
912.9120001792908	0.13656000000003132	epochs	0.0
912.9120001792908	0.06328189999999267	epochs	1.0
912.9752820792908	0.009996200000045974	epochs	1.0
912.9852782792908	0.06328189999999267	epochs	1.0
913.0485601792908	2.0	epochs	0.0
915.0485601792908	5.402319999999918	epochs	0.0
915.0485601792908	1.0	epochs	1.0
915.0486121792908	0.5	epochs	-1.0
915.5486121792908	4.9022679999999355	epochs	-1.0
916.0485601792908	4.402319999999918	epochs	1.0
916.0485601792908	4.356753899999944	epochs	-1.0
916.0485601792908	1.9745871999999736	epochs	2.0
916.0485601792908	1.0985621999999466	epochs	3.0
917.1471223792907	0.8760250000000269	epochs	3.0
918.0231473792908	1.3524075000000266	epochs	2.0
918.0231473792908	0.7286354999999958	epochs	3.0
918.7517828792908	0.6237720000000309	epochs	3.0
919.3755548792908	1.029759199999944	epochs	2.0
919.3755548792908	0.5453292999999348	epochs	3.0
919.9208841792907	0.4844299000000092	epochs	3.0
920.4053140792907	0.04556609999997363	epochs	2.0
920.4053140792907	0.04556609999997363	epochs	3.0
920.4508801792907	16.597600000000057	epochs	0.0
921.219000339508	0.13656000000003132	epochs	0.0
921.219000339508	0.06328189999999267	epochs	1.0
921.282282239508	0.009996200000045974	epochs	1.0
921.2922784395081	0.06328189999999267	epochs	1.0
921.3555603395081	2.0	epochs	0.0
923.3555603395081	5.363279999999918	epochs	0.0
923.3555603395081	1.0	epochs	1.0
923.3556123395081	0.5	epochs	-1.0
923.8556123395081	4.8632279999999355	epochs	-1.0
924.3555603395081	4.363279999999918	epochs	1.0
924.3555603395081	4.356753899999944	epochs	-1.0
924.3555603395081	1.9745871999999736	epochs	2.0
924.3555603395081	1.0985621999999466	epochs	3.0
925.454122539508	0.8760250000000269	epochs	3.0
926.3301475395081	1.3524075000000266	epochs	2.0
926.3301475395081	0.7286354999999958	epochs	3.0
927.0587830395081	0.6237720000000309	epochs	3.0
927.6825550395081	1.029759199999944	epochs	2.0
927.6825550395081	0.5453292999999348	epochs	3.0
928.227884339508	0.4844299000000092	epochs	3.0
928.712314239508	0.006526099999973667	epochs	2.0
928.712314239508	0.006526099999973667	epochs	3.0
928.718840339508	16.636640000000057	epochs	0.0
929.5160002708435	0.13656000000003132	epochs	0.0
929.5160002708435	0.06328189999999267	epochs	1.0
929.5792821708435	0.009996200000045974	epochs	1.0
929.5892783708435	0.06328189999999267	epochs	1.0
929.6525602708435	2.0	epochs	0.0
931.6525602708435	5.36295999999993	epochs	0.0
931.6525602708435	1.0	epochs	1.0
931.6526122708435	0.5	epochs	-1.0
932.1526122708435	4.862907999999948	epochs	-1.0
932.6525602708435	4.36295999999993	epochs	1.0
932.6525602708435	4.356753899999944	epochs	-1.0
932.6525602708435	1.9745871999999736	epochs	2.0
932.6525602708435	1.0985621999999466	epochs	3.0
933.7511224708435	0.8760250000000269	epochs	3.0
934.6271474708435	1.3524075000000266	epochs	2.0
934.6271474708435	0.7286354999999958	epochs	3.0
935.3557829708435	0.6237720000000309	epochs	3.0
935.9795549708435	1.029759199999944	epochs	2.0
935.9795549708435	0.5453292999999348	epochs	3.0
936.5248842708435	0.4844299000000092	epochs	3.0
937.0093141708435	0.006206099999985781	epochs	2.0
937.0093141708435	0.006206099999985781	epochs	3.0
937.0155202708435	16.636960000000045	epochs	0.0
937.7990002632141	0.13656000000003132	epochs	0.0
937.7990002632141	0.06328189999999267	epochs	1.0
937.8622821632141	0.009996200000045974	epochs	1.0
937.8722783632141	0.06328189999999267	epochs	1.0
937.9355602632141	2.0	epochs	0.0
939.9355602632141	5.363039999999955	epochs	0.0
939.9355602632141	1.0	epochs	1.0
939.9356122632141	0.5	epochs	-1.0
940.4356122632141	4.862987999999973	epochs	-1.0
940.9355602632141	4.363039999999955	epochs	1.0
940.9355602632141	4.356753899999944	epochs	-1.0
940.9355602632141	1.9745871999999736	epochs	2.0
940.9355602632141	1.0985621999999466	epochs	3.0
942.0341224632141	0.8760250000000269	epochs	3.0
942.9101474632141	1.3524075000000266	epochs	2.0
942.9101474632141	0.7286354999999958	epochs	3.0
943.6387829632141	0.6237720000000309	epochs	3.0
944.2625549632141	1.029759199999944	epochs	2.0
944.2625549632141	0.5453292999999348	epochs	3.0
944.8078842632141	0.4844299000000092	epochs	3.0
945.2923141632141	0.006286100000011174	epochs	2.0
945.2923141632141	0.006286100000011174	epochs	3.0
945.2986002632141	16.63688000000002	epochs	0.0
946.1100001335144	0.13656000000003132	epochs	0.0
946.1100001335144	0.06328189999999267	epochs	1.0
946.1732820335144	0.009996200000045974	epochs	1.0
946.1832782335144	0.06328189999999267	epochs	1.0
946.2465601335144	2.0	epochs	0.0
948.2465601335144	21.52311999999995	epochs	0.0
948.2465601335144	1.0	epochs	1.0
948.2466121335144	0.5	epochs	-1.0
948.7466121335144	19.99720000000002	epochs	-1.0
949.2465601335144	20.0	epochs	1.0
949.2465601335144	4.356753899999944	epochs	-1.0
949.2465601335144	1.9745871999999736	epochs	2.0
949.2465601335144	1.0985621999999466	epochs	3.0
950.3451223335144	0.8760250000000269	epochs	3.0
951.2211473335144	1.3524075000000266	epochs	2.0
951.2211473335144	0.7286354999999958	epochs	3.0
951.9497828335144	0.6237720000000309	epochs	3.0
952.5735548335144	1.029759199999944	epochs	2.0
952.5735548335144	0.5453292999999348	epochs	3.0
953.1188841335144	0.4844299000000092	epochs	3.0
953.6033140335144	0.8317862000000105	epochs	2.0
953.6033140335144	0.4357763000000432	epochs	3.0
954.0390903335144	0.3960098999999673	epochs	3.0
954.4351002335144	0.6977970000000369	epochs	2.0
954.4351002335144	0.3628982000000178	epochs	3.0
954.7979984335144	0.33489880000001904	epochs	3.0
955.1328972335144	0.601045699999986	epochs	2.0
955.1328972335144	0.3109122999999272	epochs	3.0
955.4438095335144	0.2901334000000588	epochs	3.0
955.7339429335144	0.5278859000000011	epochs	2.0
955.7339429335144	0.2719585999999481	epochs	3.0
956.0059015335144	0.25592730000005304	epochs	3.0
956.2618288335144	0.470619299999953	epochs	2.0
956.2618288335144	0.241681299999982	epochs	3.0
956.5035101335144	0.228937999999971	epochs	3.0
956.7324481335144	0.42457039999999324	epochs	2.0
956.7324481335144	0.21747140000002219	epochs	3.0
956.9499195335144	0.20709899999997106	epochs	3.0
957.1570185335144	0.3867354000000205	epochs	2.0
957.1570185335144	0.19767110000009325	epochs	3.0
957.3546896335145	0.18906429999992724	epochs	3.0
957.5437539335144	0.3550953000000163	epochs	2.0
957.5437539335144	0.18117589999997108	epochs	3.0
957.7249298335144	0.17391940000004524	epochs	3.0
957.8988492335144	0.3282431000000088	epochs	2.0
957.8988492335144	0.16722189999995862	epochs	3.0
958.0660711335144	0.16102120000005016	epochs	3.0
958.2270923335144	0.30516799999998057	epochs	2.0
958.2270923335144	0.15526390000002266	epochs	3.0
958.3823562335144	0.1499040999999579	epochs	3.0
958.5322603335144	0.28512530000000424	epochs	2.0
958.5322603335144	0.1449020999999675	epochs	3.0
958.6771624335144	0.14022320000003674	epochs	3.0
958.8173856335144	0.2675537999999733	epochs	2.0
958.8173856335144	0.1358368999999584	epochs	3.0
958.9532225335143	0.1317169000000149	epochs	3.0
959.0849394335144	0.2520229000000427	epochs	2.0
959.0849394335144	0.1278393000000051	epochs	3.0
959.2127787335144	0.12418360000003759	epochs	3.0
959.3369623335144	0.23819649999995818	epochs	2.0
959.3369623335144	0.12073109999994358	epochs	3.0
959.4576934335144	0.1174654000000146	epochs	3.0
959.5751588335144	0.2258087999999816	epochs	2.0
959.5751588335144	0.11437190000003739	epochs	3.0
959.6895307335144	0.11143689999994422	epochs	3.0
959.8009676335143	0.2146460000000161	epochs	2.0
959.8009676335143	0.10864890000004834	epochs	3.0
959.9096165335144	0.10599709999996776	epochs	3.0
960.0156136335144	0.20453500000007807	epochs	2.0
960.0156136335144	0.10347150000006877	epochs	3.0
960.1190851335144	0.1010635000000093	epochs	3.0
960.2201486335144	0.19533400000000256	epochs	2.0
960.2201486335144	0.09876509999992322	epochs	3.0
960.3189137335144	0.09656890000007934	epochs	3.0
960.4154826335144	0.18692529999998442	epochs	2.0
960.4154826335144	0.09446829999990314	epochs	3.0
960.5099509335143	0.09245700000008128	epochs	3.0
960.6024079335144	0.17921069999999872	epochs	2.0
960.6024079335144	0.09052959999996801	epochs	3.0
960.6929375335144	0.08868110000003071	epochs	3.0
960.7816186335144	0.17210769999996955	epochs	2.0
960.7816186335144	0.08690630000000965	epochs	3.0
960.8685249335144	0.0852013999999599	epochs	3.0
960.9537263335144	0.16554640000003928	epochs	2.0
960.9537263335144	0.08356190000006336	epochs	3.0
961.0372882335145	0.08198449999997592	epochs	3.0
961.1192727335144	0.15946709999991526	epochs	2.0
961.1192727335144	0.08046539999998004	epochs	3.0
961.1997381335144	0.07900169999993523	epochs	3.0
961.2787398335144	0.15381840000009106	epochs	2.0
961.2787398335144	0.07759010000006583	epochs	3.0
961.3563299335144	0.07622830000002523	epochs	3.0
961.4325582335144	0.14855639999996129	epochs	2.0
961.4325582335144	0.07491329999993468	epochs	3.0
961.5074715335144	0.0736431000000266	epochs	3.0
961.5811146335144	0.14364239999997608	epochs	2.0
961.5811146335144	0.07241499999997814	epochs	3.0
961.6535296335144	0.07122739999999794	epochs	3.0
961.7247570335144	0.13904309999998077	epochs	2.0
961.7247570335144	0.07007800000008046	epochs	3.0
961.7948350335145	0.0689650999999003	epochs	3.0
961.8638001335144	0.1347293000000036	epochs	2.0
961.8638001335144	0.0678871000000072	epochs	3.0
961.9316872335144	0.06684219999999641	epochs	3.0
961.9985294335144	0.1306752000000415	epochs	2.0
961.9985294335144	0.06582910000008724	epochs	3.0
962.0643585335145	0.06484609999995428	epochs	3.0
962.1292046335144	0.12685780000003888	epochs	2.0
962.1292046335144	0.06389200000000983	epochs	3.0
962.1930966335144	0.06296580000002905	epochs	3.0
962.2560624335144	0.12325720000001184	epochs	2.0
962.2560624335144	0.062065799999913907	epochs	3.0
962.3181282335144	0.06119140000009793	epochs	3.0
962.3793196335145	0.11985539999989214	epochs	2.0
962.3793196335145	0.060341099999959624	epochs	3.0
962.4396607335144	0.05951429999993252	epochs	3.0
962.4991750335143	0.11663620000001629	epochs	2.0
962.4991750335143	0.05870960000004288	epochs	3.0
962.5578846335144	0.057926599999973405	epochs	3.0
962.6158112335144	0.11358560000007856	epochs	2.0
962.6158112335144	0.05716419999998834	epochs	3.0
962.6729754335144	0.056421400000090216	epochs	3.0
962.7293968335144	0.11069049999991876	epochs	2.0
962.7293968335144	0.05569789999992736	epochs	3.0
962.7850947335144	0.0549925999999914	epochs	3.0
962.8400873335144	0.1079391000000669	epochs	2.0
962.8400873335144	0.05430490000003374	epochs	3.0
962.8943922335144	0.05363420000003316	epochs	3.0
962.9480264335144	0.10532149999994544	epochs	2.0
962.9480264335144	0.05297999999993408	epochs	3.0
963.0010064335144	0.052341500000011365	epochs	3.0
963.0533479335144	0.10282760000006874	epochs	2.0
963.0533479335144	0.05171810000001642	epochs	3.0
963.1050660335144	0.05110950000005232	epochs	3.0
963.1561755335144	0.10044909999999163	epochs	2.0
963.1561755335144	0.05051489999993919	epochs	3.0
963.2066904335144	0.04993420000005244	epochs	3.0
963.2566246335144	0.0981782999999723	epochs	2.0
963.2566246335144	0.04936659999998483	epochs	3.0
963.3059912335144	0.04881169999998747	epochs	3.0
963.3548029335144	0.09600780000005216	epochs	2.0
963.3548029335144	0.04826920000004975	epochs	3.0
963.4030721335145	0.04773860000000241	epochs	3.0
963.4508107335145	0.09393119999992905	epochs	2.0
963.4508107335145	0.04721949999998287	epochs	3.0
963.4980302335144	0.04671169999994618	epochs	3.0
963.5447419335144	0.09194260000003851	epochs	2.0
963.5447419335144	0.046214599999984785	epochs	3.0
963.5909565335144	0.045728000000053726	epochs	3.0
963.6366845335144	0.09003629999995155	epochs	2.0
963.6366845335144	0.045251499999949374	epochs	3.0
963.6819360335144	0.04478480000000218	epochs	3.0
963.7267208335144	0.08820760000003247	epochs	2.0
963.7267208335144	0.044327800000019124	epochs	3.0
963.7710486335144	0.04387980000001335	epochs	3.0
963.8149284335144	0.0864516999999978	epochs	2.0
963.8149284335144	0.04344100000002982	epochs	3.0
963.8583694335144	0.04301069999996798	epochs	3.0
963.9013801335144	0.08476429999996071	epochs	2.0
963.9013801335144	0.04258900000002086	epochs	3.0
963.9439691335144	0.04217529999993985	epochs	3.0
963.9861444335144	0.08314150000001064	epochs	2.0
963.9861444335144	0.04176970000003166	epochs	3.0
964.0279141335144	0.041371799999978975	epochs	3.0
964.0692859335144	0.08157970000002024	epochs	2.0
964.0692859335144	0.04098140000007788	epochs	3.0
964.1102673335145	0.040598299999942355	epochs	3.0
964.1508656335144	0.08007550000002084	epochs	2.0
964.1508656335144	0.04022229999998217	epochs	3.0
964.1910879335144	0.03985320000003867	epochs	3.0
964.2309411335144	0.07862569999997504	epochs	2.0
964.2309411335144	0.0394907999999532	epochs	3.0
964.2704319335144	0.039134900000021844	epochs	3.0
964.3095668335144	0.07722760000001472	epochs	2.0
964.3095668335144	0.038785400000051595	epochs	3.0
964.3483522335144	0.03844219999996312	epochs	3.0
964.3867944335144	0.07587820000003376	epochs	2.0
964.3867944335144	0.038104800000041905	epochs	3.0
964.4248992335145	0.03777339999999185	epochs	3.0
964.4626726335144	0.07457519999991291	epochs	2.0
964.4626726335144	0.03744769999991604	epochs	3.0
964.5001203335144	0.03712749999999687	epochs	3.0
964.5372478335144	0.07331630000010136	epochs	2.0
964.5372478335144	0.0368129000000863	epochs	3.0
964.5740607335144	0.03650340000001506	epochs	3.0
964.6105641335145	0.07209899999998015	epochs	2.0
964.6105641335145	0.03619909999997617	epochs	3.0
964.6467632335144	0.03589990000000398	epochs	3.0
964.6826631335144	0.07092169999998532	epochs	2.0
964.6826631335144	0.03560559999993984	epochs	3.0
964.7182687335144	0.03531610000004548	epochs	3.0
964.7535848335144	0.06978200000003199	epochs	2.0
964.7535848335144	0.03503119999993487	epochs	3.0
964.7886160335144	0.034750800000097115	epochs	3.0
964.8233668335145	0.06867859999999837	epochs	2.0
964.8233668335145	0.034475099999895065	epochs	3.0
964.8578419335144	0.034203500000103304	epochs	3.0
964.8920454335145	0.06760929999995824	epochs	2.0
964.8920454335145	0.033936199999970995	epochs	3.0
964.9259816335144	0.033673099999987244	epochs	3.0
964.9596547335144	0.06657289999998284	epochs	2.0
964.9596547335144	0.03341399999999339	epochs	3.0
964.9930687335144	0.033158899999989444	epochs	3.0
965.0262276335144	0.06556780000005347	epochs	2.0
965.0262276335144	0.032907700000009754	epochs	3.0
965.0591353335144	0.03266010000004371	epochs	3.0
965.0917954335144	0.06459259999996902	epochs	2.0
965.0917954335144	0.032416399999988244	epochs	3.0
965.1242118335144	0.03217619999998078	epochs	3.0
965.1563880335144	0.0636459999999488	epochs	2.0
965.1563880335144	0.03193959999998697	epochs	3.0
965.1883276335144	0.03170639999996183	epochs	3.0
965.2200340335144	0.0627266999999847	epochs	2.0
965.2200340335144	0.03147660000001906	epochs	3.0
965.2515106335144	0.03125009999996564	epochs	3.0
965.2827607335144	0.06183359999999993	epochs	2.0
965.2827607335144	0.031026900000028945	epochs	3.0
965.3137876335144	0.030806699999970988	epochs	3.0
965.3445943335144	0.06096560000003137	epochs	2.0
965.3445943335144	0.030589800000029754	epochs	3.0
965.3751841335144	0.030375800000001618	epochs	3.0
965.4055599335144	0.06012160000000222	epochs	2.0
965.4055599335144	0.030164900000045236	epochs	3.0
965.4357248335144	0.02995669999995698	epochs	3.0
965.4656815335144	0.05930069999999432	epochs	2.0
965.4656815335144	0.029751600000054168	epochs	3.0
965.4954331335144	0.029549099999940154	epochs	3.0
965.5249822335144	0.05850180000004457	epochs	2.0
965.5249822335144	0.02934940000000097	epochs	3.0
965.5543316335144	0.0291524000000436	epochs	3.0
965.5834840335144	0.05772419999993872	epochs	2.0
965.5834840335144	0.028957999999988715	epochs	3.0
965.6124420335144	0.028766199999950004	epochs	3.0
965.6412082335144	0.05696710000006533	epochs	2.0
965.6412082335144	0.028577000000041153	epochs	3.0
965.6697852335144	0.028390100000024177	epochs	3.0
965.6981753335144	0.05622949999997218	epochs	2.0
965.6981753335144	0.028205699999944045	epochs	3.0
965.7263810335144	0.028023800000028132	epochs	3.0
965.7544048335144	0.05551070000001346	epochs	2.0
965.7544048335144	0.027843999999959124	epochs	3.0
965.7822488335144	0.027666700000054334	epochs	3.0
965.8099155335144	0.054810200000019904	epochs	2.0
965.8099155335144	0.02749149999999645	epochs	3.0
965.8374070335144	0.027318700000023455	epochs	3.0
965.8647257335144	0.05412699999999404	epochs	2.0
965.8647257335144	0.027147799999966082	epochs	3.0
965.8918735335144	0.02697920000002796	epochs	3.0
965.9188527335144	0.053460699999959616	epochs	2.0
965.9188527335144	0.0268125999999711	epochs	3.0
965.9456653335144	0.026648099999988517	epochs	3.0
965.9723134335144	0.05281070000000909	epochs	2.0
965.9723134335144	0.026485600000000886	epochs	3.0
965.9987990335144	0.026325100000008206	epochs	3.0
966.0251241335144	0.05217619999996259	epochs	2.0
966.0251241335144	0.026166399999965506	epochs	3.0
966.0512905335144	0.026009799999997085	epochs	3.0
966.0773003335144	0.051556699999991906	epochs	2.0
966.0773003335144	0.025854800000047362	epochs	3.0
966.1031551335144	0.025701899999944544	epochs	3.0
966.1288570335144	0.050951900000086425	epochs	2.0
966.1288570335144	0.02555070000005344	epochs	3.0
966.1544077335144	0.025401200000032986	epochs	3.0
966.1798089335144	0.05036099999995258	epochs	2.0
966.1798089335144	0.025253499999962514	epochs	3.0
966.2050624335144	0.02510749999999007	epochs	3.0
966.2301699335144	0.049783800000000156	epochs	2.0
966.2301699335144	0.02496320000000196	epochs	3.0
966.2551331335144	0.024820599999998194	epochs	3.0
966.2799537335144	0.049219500000049266	epochs	2.0
966.2799537335144	0.024679399999968155	epochs	3.0
966.3046331335144	0.02454010000008111	epochs	3.0
966.3291732335144	0.048667899999941255	epochs	2.0
966.3291732335144	0.02440209999997478	epochs	3.0
966.3535753335144	0.024265799999966475	epochs	3.0
966.3778411335144	0.04812860000004093	epochs	2.0
966.3778411335144	0.024131000000011227	epochs	3.0
966.4019721335144	0.023997600000029706	epochs	3.0
966.4259697335144	0.04760109999995166	epochs	2.0
966.4259697335144	0.023865799999953197	epochs	3.0
966.4498355335144	0.02373529999999846	epochs	3.0
966.4735708335144	0.047085000000038235	epochs	2.0
966.4735708335144	0.023606299999983094	epochs	3.0
966.4971771335144	0.02347870000005514	epochs	3.0
966.5206558335144	0.046579999999948996	epochs	2.0
966.5206558335144	0.02335249999998723	epochs	3.0
966.5440083335144	0.023227499999961765	epochs	3.0
966.5672358335144	0.046085700000048746	epochs	2.0
966.5672358335144	0.023103999999989355	epochs	3.0
966.5903398335143	0.02298170000005939	epochs	3.0
966.6133215335144	0.045601799999985815	epochs	2.0
966.6133215335144	0.022860700000023826	epochs	3.0
966.6361822335144	0.02274109999996199	epochs	3.0
966.6589233335144	0.04512790000001132	epochs	2.0
966.6589233335144	0.022622500000011314	epochs	3.0
966.6815458335144	0.02250540000000001	epochs	3.0
966.7040512335144	0.044663799999966614	epochs	2.0
966.7040512335144	0.02238929999998618	epochs	3.0
966.7264405335144	0.022274499999980435	epochs	3.0
966.7487150335144	0.04420920000006845	epochs	2.0
966.7487150335144	0.022160800000051495	epochs	3.0
966.7708758335144	0.022048400000016954	epochs	3.0
966.7929242335144	0.04376359999992019	epochs	2.0
966.7929242335144	0.021936900000014248	epochs	3.0
966.8148611335145	0.02182669999990594	epochs	3.0
966.8366878335144	0.04332710000005591	epochs	2.0
966.8366878335144	0.02171760000010181	epochs	3.0
966.8584054335145	0.021609499999954096	epochs	3.0
966.8800149335144	0.04289900000003399	epochs	2.0
966.8800149335144	0.02150249999999687	epochs	3.0
966.9015174335144	0.021396500000037122	epochs	3.0
966.9229139335145	0.04247949999989942	epochs	2.0
966.9229139335145	0.02129170000000613	epochs	3.0
966.9442056335145	0.021187799999893286	epochs	3.0
966.9653934335144	0.042067900000006375	epochs	2.0
966.9653934335144	0.02108490000000529	epochs	3.0
966.9864783335144	0.020983000000001084	epochs	3.0
967.0074613335144	0.04166440000005878	epochs	2.0
967.0074613335144	0.02088220000007368	epochs	3.0
967.0283435335144	0.020782199999985096	epochs	3.0
967.0491257335144	0.04126850000000104	epochs	2.0
967.0491257335144	0.020683299999973315	epochs	3.0
967.0698090335144	0.020585200000027726	epochs	3.0
967.0903942335144	0.04088000000001557	epochs	2.0
967.0903942335144	0.020488099999965925	epochs	3.0
967.1108823335144	0.020391900000049645	epochs	3.0
967.1312742335144	0.04049880000002304	epochs	2.0
967.1312742335144	0.020296599999937825	epochs	3.0
967.1515708335144	0.020202200000085213	epochs	3.0
967.1717730335145	0.040124599999899146	epochs	2.0
967.1717730335145	0.020108699999923374	epochs	3.0
967.1918817335144	0.020015899999975773	epochs	3.0
967.2118976335144	0.03975730000001931	epochs	2.0
967.2118976335144	0.019924200000104975	epochs	3.0
967.2318218335145	0.01983309999991434	epochs	3.0
967.2516549335144	0.03939669999999751	epochs	2.0
967.2516549335144	0.01974300000006224	epochs	3.0
967.2713979335144	0.01965369999993527	epochs	3.0
967.2910516335144	0.039042400000084854	epochs	2.0
967.2910516335144	0.01956510000002254	epochs	3.0
967.3106167335144	0.019477300000062314	epochs	3.0
967.3300940335145	0.03869459999998526	epochs	2.0
967.3300940335145	0.01939039999990655	epochs	3.0
967.3494844335144	0.01930420000007871	epochs	3.0
967.3687886335144	0.03835289999994984	epochs	2.0
967.3687886335144	0.019218799999976	epochs	3.0
967.3880074335144	0.01913409999997384	epochs	3.0
967.4071415335144	0.03801720000001296	epochs	2.0
967.4071415335144	0.019050200000037876	epochs	3.0
967.4261917335144	0.018966999999975087	epochs	3.0
967.4451587335144	0.037687200000050325	epochs	2.0
967.4451587335144	0.01888450000001285	epochs	3.0
967.4640432335144	0.018802700000037476	epochs	3.0
967.4828459335145	0.03736309999999321	epochs	2.0
967.4828459335145	0.01872169999990092	epochs	3.0
967.5015676335144	0.01864140000009229	epochs	3.0
967.5202090335144	0.03704429999993408	epochs	2.0
967.5202090335144	0.01856159999999818	epochs	3.0
967.5387706335144	0.018482699999935903	epochs	3.0
967.5572533335144	0.0367310000000316	epochs	2.0
967.5572533335144	0.018404300000042895	epochs	3.0
967.5756576335144	0.018326699999988705	epochs	3.0
967.5939843335144	0.036422900000047775	epochs	2.0
967.5939843335144	0.018249599999990096	epochs	3.0
967.6122339335144	0.01817330000005768	epochs	3.0
967.6304072335145	0.03612009999994825	epochs	2.0
967.6304072335145	0.01809759999991911	epochs	3.0
967.6485048335144	0.01802250000002914	epochs	3.0
967.6665273335144	0.03582210000001851	epochs	2.0
967.6665273335144	0.017947899999967376	epochs	3.0
967.6844752335144	0.017874200000051133	epochs	3.0
967.7023494335144	0.03552899999999681	epochs	2.0
967.7023494335144	0.017800800000031813	epochs	3.0
967.7201502335145	0.017728199999965	epochs	3.0
967.7378784335144	0.03524070000003121	epochs	2.0
967.7378784335144	0.017656099999953767	epochs	3.0
967.7555345335144	0.017584600000077444	epochs	3.0
967.7731191335145	0.03495709999992869	epochs	2.0
967.7731191335145	0.01751369999999497	epochs	3.0
967.7906328335145	0.017443399999933717	epochs	3.0
967.8080762335144	0.03467790000001969	epochs	2.0
967.8080762335144	0.017373600000041733	epochs	3.0
967.8254498335144	0.017304299999977957	epochs	3.0
967.8427541335144	0.03440330000000813	epochs	2.0
967.8427541335144	0.01723570000001473	epochs	3.0
967.8599898335144	0.0171675999999934	epochs	3.0
967.8771574335144	0.03413279999995211	epochs	2.0
967.8771574335144	0.01709989999994832	epochs	3.0
967.8942573335144	0.017032900000003792	epochs	3.0
967.9112902335144	0.03386670000008962	epochs	2.0
967.9112902335144	0.01696640000000116	epochs	3.0
967.9282566335144	0.016900300000088464	epochs	3.0
967.9451569335145	0.03360459999998966	epochs	2.0
967.9451569335145	0.01683479999996962	epochs	3.0
967.9619917335144	0.01676980000002004	epochs	3.0
967.9787615335144	0.033346599999958926	epochs	2.0
967.9787615335144	0.016705300000012357	epochs	3.0
967.9954668335145	0.01664129999994657	epochs	3.0
968.0121081335144	0.03309249999995245	epochs	2.0
968.0121081335144	0.016577800000050047	epochs	3.0
968.0286859335145	0.016514699999902405	epochs	3.0
968.0452006335144	0.032842300000083924	epochs	2.0
968.0452006335144	0.01645220000000336	epochs	3.0
968.0616528335144	0.016390100000080565	epochs	3.0
968.0780429335144	0.03259570000000167	epochs	2.0
968.0780429335144	0.01632839999990665	epochs	3.0
968.0943713335143	0.01626730000009502	epochs	3.0
968.1106386335144	0.032352899999978035	epochs	2.0
968.1106386335144	0.01620659999991858	epochs	3.0
968.1268452335144	0.016146300000059455	epochs	3.0
968.1429915335144	0.03211369999996805	epochs	2.0
968.1429915335144	0.016086599999994178	epochs	3.0
968.1590781335144	0.01602709999997387	epochs	3.0
968.1751052335144	0.03187800000000607	epochs	2.0
968.1751052335144	0.015968199999974786	epochs	3.0
968.1910734335144	0.015909800000031282	epochs	3.0
968.2069832335144	0.031645700000012766	epochs	2.0
968.2069832335144	0.01585160000001906	epochs	3.0
968.2228348335144	0.015794099999993705	epochs	3.0
968.2386289335144	0.0314167000000225	epochs	2.0
968.2386289335144	0.015736700000047676	epochs	3.0
968.2543656335145	0.015679999999974825	epochs	3.0
968.2700456335144	0.031191100000000915	epochs	2.0
968.2700456335144	0.015623600000026272	epochs	3.0
968.2856692335145	0.015567499999974643	epochs	3.0
968.3012367335144	0.030968700000016725	epochs	2.0
968.3012367335144	0.015511999999944237	epochs	3.0
968.3167487335144	0.015456700000072487	epochs	3.0
968.3322054335144	0.030749499999956242	epochs	2.0
968.3322054335144	0.015401999999994587	epochs	3.0
968.3476074335144	0.015347499999961656	epochs	3.0
968.3629549335144	0.03053320000003623	epochs	2.0
968.3629549335144	0.015293400000018664	epochs	3.0
968.3782483335144	0.015239800000017567	epochs	3.0
968.3934881335144	0.030320099999926242	epochs	2.0
968.3934881335144	0.015186499999913394	epochs	3.0
968.4086746335144	0.015133600000012848	epochs	3.0
968.4238082335144	0.03010990000007041	epochs	2.0
968.4238082335144	0.015081000000009226	epochs	3.0
968.4388892335144	0.015028900000061185	epochs	3.0
968.4539181335144	0.029902499999934662	epochs	2.0
968.4539181335144	0.01497699999993074	epochs	3.0
968.4688951335144	0.014925500000003922	epochs	3.0
968.4838206335144	0.029698100000018712	epochs	2.0
968.4838206335144	0.014874400000053356	epochs	3.0
968.4986950335144	0.014823699999965356	epochs	3.0
968.5135187335144	0.02949630000000525	epochs	2.0
968.5135187335144	0.014773200000036013	epochs	3.0
968.5282919335144	0.014723099999969236	epochs	3.0
968.5430150335144	0.02929740000001857	epochs	2.0
968.5430150335144	0.014673399999992398	epochs	3.0
968.5576884335144	0.014624000000026172	epochs	3.0
968.5723124335144	0.029101100000048064	epochs	2.0
968.5723124335144	0.01457489999995687	epochs	3.0
968.5868873335144	0.014526200000091194	epochs	3.0
968.6014135335145	0.028907399999980044	epochs	2.0
968.6014135335145	0.014477699999929428	epochs	3.0
968.6158912335144	0.014429700000050616	epochs	3.0
968.6303209335144	0.028716199999962555	epochs	2.0
968.6303209335144	0.014381799999910072	epochs	3.0
968.6447027335144	0.014334400000052483	epochs	3.0
968.6590371335144	0.02852759999996124	epochs	2.0
968.6590371335144	0.01428720000001249	epochs	3.0
968.6733243335144	0.01424039999994875	epochs	3.0
968.6875647335144	0.028341400000044814	epochs	2.0
968.6875647335144	0.014193800000043666	epochs	3.0
968.7017585335144	0.014147600000001148	epochs	3.0
968.7159061335144	0.028157699999951546	epochs	2.0
968.7159061335144	0.014101699999969242	epochs	3.0
968.7300078335144	0.014055999999982305	epochs	3.0
968.7440638335144	0.027976300000091214	epochs	2.0
968.7440638335144	0.01401060000000598	epochs	3.0
968.7580744335144	0.013965700000085235	epochs	3.0
968.7720401335145	0.02779720000000907	epochs	2.0
968.7720401335145	0.013920799999937117	epochs	3.0
968.7859609335144	0.013876400000071953	epochs	3.0
968.7998373335145	0.027620399999932488	epochs	2.0
968.7998373335145	0.0138321999999107	epochs	3.0
968.8136695335144	0.013788200000021789	epochs	3.0
968.8274577335144	0.027445899999975154	epochs	2.0
968.8274577335144	0.013744599999995444	epochs	3.0
968.8412023335144	0.01370129999997971	epochs	3.0
968.8549036335144	0.0272735000000921	epochs	2.0
968.8549036335144	0.013658200000008947	epochs	3.0
968.8685618335144	0.013615300000083153	epochs	3.0
968.8821771335145	0.027103399999987232	epochs	2.0
968.8821771335145	0.013572799999906238	epochs	3.0
968.8957499335144	0.013530600000080995	epochs	3.0
968.9092805335144	0.026935199999911674	epochs	2.0
968.9092805335144	0.01348839999991469	epochs	3.0
968.9227689335144	0.013446799999996983	epochs	3.0
968.9362157335144	0.02676920000010341	epochs	2.0
968.9362157335144	0.013405200000079276	epochs	3.0
968.9496209335144	0.013364000000024134	epochs	3.0
968.9629849335145	0.026605199999949036	epochs	2.0
968.9629849335145	0.013322899999934634	epochs	3.0
968.9763078335144	0.013282300000014402	epochs	3.0
968.9895901335144	0.026443200000016986	epochs	2.0
968.9895901335144	0.013241699999980483	epochs	3.0
969.0028318335144	0.013201500000036503	epochs	3.0
969.0160333335144	0.0262831999999662	epochs	2.0
969.0160333335144	0.013161500000023807	epochs	3.0
969.0291948335145	0.013121699999942393	epochs	3.0
969.0423165335144	0.02612499999997908	epochs	2.0
969.0423165335144	0.013082100000019636	epochs	3.0
969.0553986335144	0.013042899999959445	epochs	3.0
969.0684415335144	0.025968900000066242	epochs	2.0
969.0684415335144	0.01300390000005791	epochs	3.0
969.0814454335144	0.012965000000008331	epochs	3.0
969.0944104335144	0.025814499999910367	epochs	2.0
969.0944104335144	0.012926399999969362	epochs	3.0
969.1073368335144	0.012888099999941005	epochs	3.0
969.1202249335144	0.025661900000045534	epochs	2.0
969.1202249335144	0.012849900000105663	epochs	3.0
969.1330748335145	0.012811999999939871	epochs	3.0
969.1458868335144	0.025511199999982637	epochs	2.0
969.1458868335144	0.012774400000012065	epochs	3.0
969.1586612335144	0.012736799999970572	epochs	3.0
969.1713980335144	0.025362299999983406	epochs	2.0
969.1713980335144	0.01269969999998466	epochs	3.0
969.1840977335144	0.012662599999998747	epochs	3.0
969.1967603335144	0.025215000000002874	epochs	2.0
969.1967603335144	0.012625800000023446	epochs	3.0
969.2093861335144	0.012589199999979428	epochs	3.0
969.2219753335144	0.024584800000070572	epochs	2.0
969.2438121335144	0.5	epochs	-1.0
969.2465601335144	0.523119999999949	epochs	1.0
969.7696801335144	0.47680000000002565	epochs	0.0
987.2080001831055	0.13656000000003132	epochs	0.0
987.2080001831055	0.06328189999999267	epochs	1.0
987.2712820831055	0.009996200000045974	epochs	1.0
987.2812782831055	0.06328189999999267	epochs	1.0
987.3445601831055	2.0	epochs	0.0
989.3445601831055	5.36295999999993	epochs	0.0
989.3445601831055	1.0	epochs	1.0
989.3446121831055	0.5	epochs	-1.0
989.8446121831055	4.862907999999948	epochs	-1.0
990.3445601831055	4.36295999999993	epochs	1.0
990.3445601831055	4.356753899999944	epochs	-1.0
990.3445601831055	1.9745871999999736	epochs	2.0
990.3445601831055	1.0985621999999466	epochs	3.0
991.4431223831054	0.8760250000000269	epochs	3.0
992.3191473831055	1.3524075000000266	epochs	2.0
992.3191473831055	0.7286354999999958	epochs	3.0
993.0477828831055	0.6237720000000309	epochs	3.0
993.6715548831055	1.029759199999944	epochs	2.0
993.6715548831055	0.5453292999999348	epochs	3.0
994.2168841831054	0.4844299000000092	epochs	3.0
994.7013140831054	0.006206099999985781	epochs	2.0
994.7013140831054	0.006206099999985781	epochs	3.0
994.7075201831054	16.636960000000045	epochs	0.0
995.5230002403259	0.13656000000003132	epochs	0.0
995.5230002403259	0.06328189999999267	epochs	1.0
995.5862821403259	0.009996200000045974	epochs	1.0
995.596278340326	0.06328189999999267	epochs	1.0
995.659560240326	2.0	epochs	0.0
997.659560240326	5.363439999999969	epochs	0.0
997.659560240326	1.0	epochs	1.0
997.6596122403259	0.5	epochs	-1.0
998.1596122403259	4.863387999999986	epochs	-1.0
998.659560240326	4.363439999999969	epochs	1.0
998.659560240326	4.356753899999944	epochs	-1.0
998.659560240326	1.9745871999999736	epochs	2.0
998.659560240326	1.0985621999999466	epochs	3.0
999.7581224403259	0.8760250000000269	epochs	3.0
1000.6341474403259	1.3524075000000266	epochs	2.0
1000.6341474403259	0.7286354999999958	epochs	3.0
1001.3627829403259	0.6237720000000309	epochs	3.0
1001.986554940326	1.029759199999944	epochs	2.0
1001.986554940326	0.5453292999999348	epochs	3.0
1002.5318842403259	0.4844299000000092	epochs	3.0
1003.0163141403259	0.006686100000024453	epochs	2.0
1003.0163141403259	0.006686100000024453	epochs	3.0
1003.0230002403259	16.636480000000006	epochs	0.0
1003.8730001449585	0.13656000000003132	epochs	0.0
1003.8730001449585	0.06328189999999267	epochs	1.0
1003.9362820449585	0.009996200000045974	epochs	1.0
1003.9462782449585	0.06328189999999267	epochs	1.0
1004.0095601449585	2.0	epochs	0.0
1006.0095601449585	5.363519999999994	epochs	0.0
1006.0095601449585	1.0	epochs	1.0
1006.0096121449585	0.5	epochs	-1.0
1006.5096121449585	4.863468000000012	epochs	-1.0
1007.0095601449585	4.363519999999994	epochs	1.0
1007.0095601449585	4.356753899999944	epochs	-1.0
1007.0095601449585	1.9745871999999736	epochs	2.0
1007.0095601449585	1.0985621999999466	epochs	3.0
1008.1081223449585	0.8760250000000269	epochs	3.0
1008.9841473449585	1.3524075000000266	epochs	2.0
1008.9841473449585	0.7286354999999958	epochs	3.0
1009.7127828449585	0.6237720000000309	epochs	3.0
1010.3365548449585	1.029759199999944	epochs	2.0
1010.3365548449585	0.5453292999999348	epochs	3.0
1010.8818841449585	0.4844299000000092	epochs	3.0
1011.3663140449585	0.006766100000049846	epochs	2.0
1011.3663140449585	0.006766100000049846	epochs	3.0
1011.3730801449585	16.636399999999867	epochs	0.0
1012.2239999771118	0.13656000000003132	epochs	0.0
1012.2239999771118	0.06328189999999267	epochs	1.0
1012.2872818771118	0.009996200000045974	epochs	1.0
1012.2972780771119	0.06328189999999267	epochs	1.0
1012.3605599771118	2.0	epochs	0.0
1014.3605599771118	5.363039999999955	epochs	0.0
1014.3605599771118	1.0	epochs	1.0
1014.3606119771118	0.5	epochs	-1.0
1014.8606119771118	4.862987999999973	epochs	-1.0
1015.3605599771118	4.363039999999955	epochs	1.0
1015.3605599771118	4.356753899999944	epochs	-1.0
1015.3605599771118	1.9745871999999736	epochs	2.0
1015.3605599771118	1.0985621999999466	epochs	3.0
1016.4591221771118	0.8760250000000269	epochs	3.0
1017.3351471771118	1.3524075000000266	epochs	2.0
1017.3351471771118	0.7286354999999958	epochs	3.0
1018.0637826771118	0.6237720000000309	epochs	3.0
1018.6875546771118	1.029759199999944	epochs	2.0
1018.6875546771118	0.5453292999999348	epochs	3.0
1019.2328839771118	0.4844299000000092	epochs	3.0
1019.7173138771118	0.006286100000011174	epochs	2.0
1019.7173138771118	0.006286100000011174	epochs	3.0
1019.7235999771118	16.636879999999906	epochs	0.0
1020.558000087738	0.13656000000003132	epochs	0.0
1020.558000087738	0.06328189999999267	epochs	1.0
1020.621281987738	0.009996200000045974	epochs	1.0
1020.6312781877381	0.06328189999999267	epochs	1.0
1020.6945600877381	2.0	epochs	0.0
1022.6945600877381	21.543039999999905	epochs	0.0
1022.6945600877381	1.0	epochs	1.0
1022.694612087738	0.5	epochs	-1.0
1023.194612087738	19.99687999999992	epochs	-1.0
1023.6945600877381	19.999999999999886	epochs	1.0
1023.6945600877381	4.356753899999944	epochs	-1.0
1023.6945600877381	1.9745871999999736	epochs	2.0
1023.6945600877381	1.0985621999999466	epochs	3.0
1024.793122287738	0.8760250000000269	epochs	3.0
1025.669147287738	1.3524075000000266	epochs	2.0
1025.669147287738	0.7286354999998821	epochs	3.0
1026.397782787738	0.6237720000001445	epochs	3.0
1027.021554787738	1.029759199999944	epochs	2.0
1027.021554787738	0.5453293000000485	epochs	3.0
1027.5668840877381	0.4844298999998955	epochs	3.0
1028.051313987738	0.8317862000001242	epochs	2.0
1028.051313987738	0.4357763000000432	epochs	3.0
1028.487090287738	0.39600990000008096	epochs	3.0
1028.8831001877381	0.6977969999998095	epochs	2.0
1028.8831001877381	0.36289819999979045	epochs	3.0
1029.245998387738	0.33489880000001904	epochs	3.0
1029.580897187738	0.601045699999986	epochs	2.0
1029.580897187738	0.3109123000001546	epochs	3.0
1029.891809487738	0.29013339999983145	epochs	3.0
1030.181942887738	0.5278859000000011	epochs	2.0
1030.181942887738	0.2719586000000618	epochs	3.0
1030.453901487738	0.25592729999993935	epochs	3.0
1030.709828787738	0.4706193000001804	epochs	2.0
1030.709828787738	0.24168130000020938	epochs	3.0
1030.9515100877381	0.228937999999971	epochs	3.0
1031.1804480877381	0.42457039999999324	epochs	2.0
1031.1804480877381	0.21747140000002219	epochs	3.0
1031.3979194877381	0.20709899999997106	epochs	3.0
1031.605018487738	0.3867353999999068	epochs	2.0
1031.605018487738	0.19767109999997956	epochs	3.0
1031.802689587738	0.18906429999992724	epochs	3.0
1031.991753887738	0.35509530000013	epochs	2.0
1031.991753887738	0.18117589999997108	epochs	3.0
1032.172929787738	0.17391940000015893	epochs	3.0
1032.3468491877381	0.3282430999997814	epochs	2.0
1032.3468491877381	0.16722189999995862	epochs	3.0
1032.514071087738	0.16102119999982278	epochs	3.0
1032.675092287738	0.30516800000009425	epochs	2.0
1032.675092287738	0.15526390000013635	epochs	3.0
1032.830356187738	0.1499040999999579	epochs	3.0
1032.980260287738	0.28512530000011793	epochs	2.0
1032.980260287738	0.1449021000000812	epochs	3.0
1033.125162387738	0.14022320000003674	epochs	3.0
1033.2653855877381	0.2675537999998596	epochs	2.0
1033.2653855877381	0.1358368999999584	epochs	3.0
1033.401222487738	0.13171689999990122	epochs	3.0
1033.532939387738	0.252022899999929	epochs	2.0
1033.532939387738	0.1278393000000051	epochs	3.0
1033.660778687738	0.1241835999999239	epochs	3.0
1033.784962287738	0.23819650000018555	epochs	2.0
1033.784962287738	0.12073110000005727	epochs	3.0
1033.905693387738	0.11746540000012828	epochs	3.0
1034.023158787738	0.22580879999986792	epochs	2.0
1034.023158787738	0.1143718999999237	epochs	3.0
1034.137530687738	0.11143689999994422	epochs	3.0
1034.248967587738	0.2146460000001298	epochs	2.0
1034.248967587738	0.10864890000016203	epochs	3.0
1034.3576164877381	0.10599709999996776	epochs	3.0
1034.463613587738	0.2045349999998507	epochs	2.0
1034.463613587738	0.1034714999998414	epochs	3.0
1034.567085087738	0.1010635000000093	epochs	3.0
1034.668148587738	0.19533400000000256	epochs	2.0
1034.668148587738	0.09876510000003691	epochs	3.0
1034.766913687738	0.09656889999996565	epochs	3.0
1034.863482587738	0.18692529999998442	epochs	2.0
1034.863482587738	0.09446830000001682	epochs	3.0
1034.957950887738	0.09245699999996759	epochs	3.0
1035.050407887738	0.1792107000001124	epochs	2.0
1035.050407887738	0.0905296000000817	epochs	3.0
1035.140937487738	0.08868110000003071	epochs	3.0
1035.229618587738	0.17210769999996955	epochs	2.0
1035.229618587738	0.08690630000000965	epochs	3.0
1035.316524887738	0.0852013999999599	epochs	3.0
1035.401726287738	0.16554640000003928	epochs	2.0
1035.401726287738	0.08356189999994967	epochs	3.0
1035.485288187738	0.08198450000008961	epochs	3.0
1035.567272687738	0.15946710000002895	epochs	2.0
1035.567272687738	0.08046539999986635	epochs	3.0
1035.647738087738	0.0790017000001626	epochs	3.0
1035.726739787738	0.1538183999998637	epochs	2.0
1035.726739787738	0.07759009999995214	epochs	3.0
1035.804329887738	0.07622829999991154	epochs	3.0
1035.880558187738	0.14855640000018866	epochs	2.0
1035.880558187738	0.07491330000016205	epochs	3.0
1035.9554714877381	0.0736431000000266	epochs	3.0
1036.0291145877381	0.1436423999998624	epochs	2.0
1036.0291145877381	0.07241499999986445	epochs	3.0
1036.101529587738	0.07122739999999794	epochs	3.0
1036.172756987738	0.13904309999998077	epochs	2.0
1036.172756987738	0.07007799999996678	epochs	3.0
1036.242834987738	0.06896510000001399	epochs	3.0
1036.311800087738	0.1347293000001173	epochs	2.0
1036.311800087738	0.0678871000000072	epochs	3.0
1036.379687187738	0.0668422000001101	epochs	3.0
1036.446529387738	0.13067519999981414	epochs	2.0
1036.446529387738	0.06582909999997355	epochs	3.0
1036.512358487738	0.06484609999984059	epochs	3.0
1036.577204587738	0.12685780000015257	epochs	2.0
1036.577204587738	0.06389200000012352	epochs	3.0
1036.641096587738	0.06296580000002905	epochs	3.0
1036.704062387738	0.12325719999989815	epochs	2.0
1036.704062387738	0.06206580000002759	epochs	3.0
1036.766128187738	0.061191399999870555	epochs	3.0
1036.827319587738	0.11985540000000583	epochs	2.0
1036.827319587738	0.060341099999959624	epochs	3.0
1036.887660687738	0.059514300000046205	epochs	3.0
1036.947174987738	0.11663620000012997	epochs	2.0
1036.947174987738	0.05870960000015657	epochs	3.0
1037.0058845877381	0.057926599999973405	epochs	3.0
1037.063811187738	0.11358559999985118	epochs	2.0
1037.063811187738	0.05716419999998834	epochs	3.0
1037.120975387738	0.05642139999986284	epochs	3.0
1037.177396787738	0.11069050000014613	epochs	2.0
1037.177396787738	0.055697900000041045	epochs	3.0
1037.233094687738	0.054992600000105085	epochs	3.0
1037.288087287738	0.10793909999983953	epochs	2.0
1037.288087287738	0.05430490000003374	epochs	3.0
1037.3423921877381	0.05363419999980579	epochs	3.0
1037.396026387738	0.10532150000017282	epochs	2.0
1037.396026387738	0.052980000000161453	epochs	3.0
1037.449006387738	0.052341500000011365	epochs	3.0
1037.5013478877381	0.10282759999995505	epochs	2.0
1037.5013478877381	0.05171810000001642	epochs	3.0
1037.5530659877381	0.051109499999938635	epochs	3.0
1037.604175487738	0.10044909999987794	epochs	2.0
1037.604175487738	0.050514900000052876	epochs	3.0
1037.6546903877381	0.04993419999982507	epochs	3.0
1037.704624587738	0.0981782999999723	epochs	2.0
1037.704624587738	0.04936659999998483	epochs	3.0
1037.753991187738	0.04881169999998747	epochs	3.0
1037.802802887738	0.09600780000005216	epochs	2.0
1037.802802887738	0.04826920000004975	epochs	3.0
1037.851072087738	0.04773860000000241	epochs	3.0
1037.898810687738	0.09393120000004274	epochs	2.0
1037.898810687738	0.04721949999998287	epochs	3.0
1037.946030187738	0.046711700000059864	epochs	3.0
1037.992741887738	0.09194260000003851	epochs	2.0
1037.992741887738	0.046214599999984785	epochs	3.0
1038.038956487738	0.045728000000053726	epochs	3.0
1038.084684487738	0.09003630000006524	epochs	2.0
1038.084684487738	0.045251499999949374	epochs	3.0
1038.129935987738	0.044784800000115865	epochs	3.0
1038.1747207877381	0.0882075999998051	epochs	2.0
1038.1747207877381	0.044327800000019124	epochs	3.0
1038.2190485877381	0.04387979999978597	epochs	3.0
1038.262928387738	0.0864516999999978	epochs	2.0
1038.262928387738	0.04344100000002982	epochs	3.0
1038.306369387738	0.04301069999996798	epochs	3.0
1038.349380087738	0.08476430000018809	epochs	2.0
1038.349380087738	0.04258900000013455	epochs	3.0
1038.391969087738	0.04217530000005354	epochs	3.0
1038.4341443877381	0.08314150000001064	epochs	2.0
1038.4341443877381	0.04176970000003166	epochs	3.0
1038.4759140877381	0.041371799999978975	epochs	3.0
1038.5172858877381	0.08157970000002024	epochs	2.0
1038.5172858877381	0.040981399999964196	epochs	3.0
1038.558267287738	0.04059830000005604	epochs	3.0
1038.5988655877381	0.08007549999979346	epochs	2.0
1038.5988655877381	0.04022229999986848	epochs	3.0
1038.639087887738	0.03985319999992498	epochs	3.0
1038.678941087738	0.07862570000020241	epochs	2.0
1038.678941087738	0.039490800000066884	epochs	3.0
1038.718431887738	0.03913490000013553	epochs	3.0
1038.7575667877381	0.07722759999978734	epochs	2.0
1038.7575667877381	0.03878539999982422	epochs	3.0
1038.796352187738	0.03844219999996312	epochs	3.0
1038.834794387738	0.07587820000003376	epochs	2.0
1038.834794387738	0.03810480000015559	epochs	3.0
1038.872899187738	0.037773399999878166	epochs	3.0
1038.910672587738	0.0745752000000266	epochs	2.0
1038.910672587738	0.03744770000002973	epochs	3.0
1038.948120287738	0.03712749999999687	epochs	3.0
1038.985247787738	0.07331629999998768	epochs	2.0
1038.985247787738	0.0368129000000863	epochs	3.0
1039.022060687738	0.036503399999901376	epochs	3.0
1039.058564087738	0.07209899999998015	epochs	2.0
1039.058564087738	0.03619909999997617	epochs	3.0
1039.094763187738	0.03589990000000398	epochs	3.0
1039.130663087738	0.07092170000009901	epochs	2.0
1039.130663087738	0.03560560000005353	epochs	3.0
1039.166268687738	0.03531610000004548	epochs	3.0
1039.201584787738	0.06978200000003199	epochs	2.0
1039.201584787738	0.03503120000004856	epochs	3.0
1039.236615987738	0.03475079999998343	epochs	3.0
1039.271366787738	0.06867859999988468	epochs	2.0
1039.271366787738	0.03447510000000875	epochs	3.0
1039.305841887738	0.03420349999987593	epochs	3.0
1039.340045387738	0.06760929999995824	epochs	2.0
1039.340045387738	0.033936199999970995	epochs	3.0
1039.373981587738	0.033673099999987244	epochs	3.0
1039.407654687738	0.06657290000021021	epochs	2.0
1039.407654687738	0.03341400000022077	epochs	3.0
1039.4410686877382	0.033158899999989444	epochs	3.0
1039.4742275877381	0.06556779999982609	epochs	2.0
1039.4742275877381	0.03290769999989607	epochs	3.0
1039.507135287738	0.032660099999930026	epochs	3.0
1039.539795387738	0.06459259999996902	epochs	2.0
1039.539795387738	0.03241640000010193	epochs	3.0
1039.572211787738	0.032176199999867094	epochs	3.0
1039.604387987738	0.06364600000006249	epochs	2.0
1039.604387987738	0.03193959999998697	epochs	3.0
1039.636327587738	0.03170640000007552	epochs	3.0
1039.668033987738	0.0627266999999847	epochs	2.0
1039.668033987738	0.03147660000013275	epochs	3.0
1039.6995105877381	0.031250099999851955	epochs	3.0
1039.730760687738	0.06183359999999993	epochs	2.0
1039.730760687738	0.031026900000142632	epochs	3.0
1039.7617875877381	0.0308066999998573	epochs	3.0
1039.792594287738	0.06096560000014506	epochs	2.0
1039.792594287738	0.03058980000014344	epochs	3.0
1039.8231840877381	0.030375800000001618	epochs	3.0
1039.8535598877381	0.06012160000000222	epochs	2.0
1039.8535598877381	0.030164899999817862	epochs	3.0
1039.883724787738	0.029956700000184355	epochs	3.0
1039.9136814877381	0.05930069999999432	epochs	2.0
1039.9136814877381	0.029751599999826794	epochs	3.0
1039.943433087738	0.029549100000167527	epochs	3.0
1039.9729821877381	0.05850179999993088	epochs	2.0
1039.9729821877381	0.02934940000000097	epochs	3.0
1040.0023315877381	0.029152399999929912	epochs	3.0
1040.031483987738	0.05772419999993872	epochs	2.0
1040.031483987738	0.028957999999875028	epochs	3.0
1040.060441987738	0.02876620000006369	epochs	3.0
1040.089208187738	0.05696710000006533	epochs	2.0
1040.089208187738	0.028577000000041153	epochs	3.0
1040.117785187738	0.028390100000024177	epochs	3.0
1040.146175287738	0.05622949999997218	epochs	2.0
1040.146175287738	0.028205699999944045	epochs	3.0
1040.174380987738	0.028023800000028132	epochs	3.0
1040.202404787738	0.05551070000001346	epochs	2.0
1040.202404787738	0.027843999999959124	epochs	3.0
1040.230248787738	0.027666700000054334	epochs	3.0
1040.257915487738	0.054810200000019904	epochs	2.0
1040.257915487738	0.02749149999999645	epochs	3.0
1040.285406987738	0.027318700000023455	epochs	3.0
1040.312725687738	0.054126999999880354	epochs	2.0
1040.312725687738	0.027147799999966082	epochs	3.0
1040.339873487738	0.026979199999914272	epochs	3.0
1040.366852687738	0.05346070000018699	epochs	2.0
1040.366852687738	0.026812600000084785	epochs	3.0
1040.393665287738	0.026648100000102204	epochs	3.0
1040.4203133877381	0.05281070000000909	epochs	2.0
1040.4203133877381	0.0264855999998872	epochs	3.0
1040.446798987738	0.026325100000121893	epochs	3.0
1040.4731240877381	0.052176199999848905	epochs	2.0
1040.4731240877381	0.026166399999965506	epochs	3.0
1040.499290487738	0.0260097999998834	epochs	3.0
1040.525300287738	0.051556699999991906	epochs	2.0
1040.525300287738	0.02585480000016105	epochs	3.0
1040.5511550877382	0.025701899999830857	epochs	3.0
1040.576856987738	0.05095189999997274	epochs	2.0
1040.576856987738	0.025550699999939752	epochs	3.0
1040.602407687738	0.025401200000032986	epochs	3.0
1040.627808887738	0.05036100000006627	epochs	2.0
1040.627808887738	0.025253500000189888	epochs	3.0
1040.6530623877381	0.02510749999987638	epochs	3.0
1040.678169887738	0.04978380000011384	epochs	2.0
1040.678169887738	0.02496320000000196	epochs	3.0
1040.703133087738	0.02482060000011188	epochs	3.0
1040.7279536877381	0.04921949999993558	epochs	2.0
1040.7279536877381	0.024679399999968155	epochs	3.0
1040.752633087738	0.024540099999967424	epochs	3.0
1040.777173187738	0.04866790000005494	epochs	2.0
1040.777173187738	0.024402099999861093	epochs	3.0
1040.801575287738	0.02426580000019385	epochs	3.0
1040.8258410877381	0.048128599999927246	epochs	2.0
1040.8258410877381	0.02413099999989754	epochs	3.0
1040.849972087738	0.023997600000029706	epochs	3.0
1040.873969687738	0.047601100000065344	epochs	2.0
1040.873969687738	0.023865800000066884	epochs	3.0
1040.8978354877381	0.02373529999999846	epochs	3.0
1040.9215707877381	0.04708499999992455	epochs	2.0
1040.9215707877381	0.023606299999983094	epochs	3.0
1040.945177087738	0.023478699999941455	epochs	3.0
1040.968655787738	0.046579999999948996	epochs	2.0
1040.968655787738	0.023352500000100918	epochs	3.0
1040.9920082877381	0.023227499999848078	epochs	3.0
1041.015235787738	0.046085700000048746	epochs	2.0
1041.015235787738	0.023104000000103042	epochs	3.0
1041.038339787738	0.022981699999945704	epochs	3.0
1041.061321487738	0.045601799999985815	epochs	2.0
1041.061321487738	0.02286069999991014	epochs	3.0
1041.084182187738	0.022741100000075676	epochs	3.0
1041.106923287738	0.045127899999897636	epochs	2.0
1041.106923287738	0.022622500000125	epochs	3.0
1041.1295457877382	0.022505399999772635	epochs	3.0
1041.152051187738	0.0446638000000803	epochs	2.0
1041.152051187738	0.022389300000213552	epochs	3.0
1041.1744404877381	0.022274499999866748	epochs	3.0
1041.196714987738	0.04420920000006845	epochs	2.0
1041.196714987738	0.022160799999937808	epochs	3.0
1041.218875787738	0.02204840000013064	epochs	3.0
1041.240924187738	0.04376359999992019	epochs	2.0
1041.240924187738	0.02193689999990056	epochs	3.0
1041.262861087738	0.021826700000019628	epochs	3.0
1041.284687787738	0.04332709999994222	epochs	2.0
1041.284687787738	0.02171760000010181	epochs	3.0
1041.306405387738	0.02160949999984041	epochs	3.0
1041.328014887738	0.04289900000003399	epochs	2.0
1041.328014887738	0.02150249999999687	epochs	3.0
1041.349517387738	0.021396500000037122	epochs	3.0
1041.370913887738	0.04247950000012679	epochs	2.0
1041.370913887738	0.021291700000119818	epochs	3.0
1041.392205587738	0.021187800000006973	epochs	3.0
1041.413393387738	0.04206789999989269	epochs	2.0
1041.413393387738	0.02108490000000529	epochs	3.0
1041.434478287738	0.020982999999887397	epochs	3.0
1041.455461287738	0.04166439999994509	epochs	2.0
1041.455461287738	0.020882199999959994	epochs	3.0
1041.476343487738	0.020782199999985096	epochs	3.0
1041.497125687738	0.04126850000011473	epochs	2.0
1041.497125687738	0.02068330000020069	epochs	3.0
1041.5178089877381	0.02058519999991404	epochs	3.0
1041.538394187738	0.04088000000001557	epochs	2.0
1041.538394187738	0.020488099999965925	epochs	3.0
1041.558882287738	0.020391900000049645	epochs	3.0
1041.579274187738	0.04049880000002304	epochs	2.0
1041.579274187738	0.020296599999937825	epochs	3.0
1041.599570787738	0.020202200000085213	epochs	3.0
1041.619772987738	0.040124599999899146	epochs	2.0
1041.619772987738	0.02010870000003706	epochs	3.0
1041.6398816877381	0.020015899999862086	epochs	3.0
1041.659897587738	0.03975730000001931	epochs	2.0
1041.659897587738	0.019924200000104975	epochs	3.0
1041.679821787738	0.01983309999991434	epochs	3.0
1041.699654887738	0.03939669999999751	epochs	2.0
1041.699654887738	0.01974300000006224	epochs	3.0
1041.719397887738	0.01965369999993527	epochs	3.0
1041.739051587738	0.03904239999997117	epochs	2.0
1041.739051587738	0.019565100000136226	epochs	3.0
1041.7586166877381	0.01947729999983494	epochs	3.0
1041.778093987738	0.038694600000098944	epochs	2.0
1041.778093987738	0.019390400000020236	epochs	3.0
1041.797484387738	0.01930420000007871	epochs	3.0
1041.816788587738	0.03835290000006353	epochs	2.0
1041.816788587738	0.019218799999862313	epochs	3.0
1041.836007387738	0.019134100000201215	epochs	3.0
1041.8551414877381	0.03801719999978559	epochs	2.0
1041.8551414877381	0.019050199999810502	epochs	3.0
1041.874191687738	0.018966999999975087	epochs	3.0
1041.893158687738	0.03768720000016401	epochs	2.0
1041.893158687738	0.01888450000001285	epochs	3.0
1041.912043187738	0.018802700000151162	epochs	3.0
1041.930845887738	0.03736309999999321	epochs	2.0
1041.930845887738	0.018721700000014607	epochs	3.0
1041.949567587738	0.018641399999978603	epochs	3.0
1041.968208987738	0.03704429999993408	epochs	2.0
1041.968208987738	0.018561599999884493	epochs	3.0
1041.986770587738	0.01848270000004959	epochs	3.0
1042.005253287738	0.03673099999991791	epochs	2.0
1042.005253287738	0.018404299999929208	epochs	3.0
1042.023657587738	0.018326699999988705	epochs	3.0
1042.041984287738	0.03642290000016146	epochs	2.0
1042.041984287738	0.018249599999990096	epochs	3.0
1042.060233887738	0.018173300000171366	epochs	3.0
1042.078407187738	0.036120099999834565	epochs	2.0
1042.078407187738	0.01809759999991911	epochs	3.0
1042.096504787738	0.018022499999915453	epochs	3.0
1042.114527287738	0.035822100000132195	epochs	2.0
1042.114527287738	0.017947900000081063	epochs	3.0
1042.132475187738	0.017874200000051133	epochs	3.0
1042.150349387738	0.03552899999999681	epochs	2.0
1042.150349387738	0.017800800000031813	epochs	3.0
1042.168150187738	0.017728199999965	epochs	3.0
1042.185878387738	0.03524070000003121	epochs	2.0
1042.185878387738	0.017656100000067454	epochs	3.0
1042.2035344877381	0.017584599999963757	epochs	3.0
1042.221119087738	0.03495709999992869	epochs	2.0
1042.221119087738	0.017513699999881283	epochs	3.0
1042.238632787738	0.017443400000047404	epochs	3.0
1042.256076187738	0.03467790000013338	epochs	2.0
1042.256076187738	0.017373599999928047	epochs	3.0
1042.273449787738	0.01730430000020533	epochs	3.0
1042.2907540877382	0.03440329999989444	epochs	2.0
1042.2907540877382	0.017235699999901044	epochs	3.0
1042.307989787738	0.0171675999999934	epochs	3.0
1042.325157387738	0.03413279999995211	epochs	2.0
1042.325157387738	0.01709989999994832	epochs	3.0
1042.342257287738	0.017032900000003792	epochs	3.0
1042.359290187738	0.03386670000008962	epochs	2.0
1042.359290187738	0.01696640000000116	epochs	3.0
1042.376256587738	0.016900300000088464	epochs	3.0
1042.393156887738	0.03360459999998966	epochs	2.0
1042.393156887738	0.01683479999996962	epochs	3.0
1042.409991687738	0.01676980000002004	epochs	3.0
1042.426761487738	0.033346599999958926	epochs	2.0
1042.426761487738	0.016705300000012357	epochs	3.0
1042.443466787738	0.01664129999994657	epochs	3.0
1042.460108087738	0.03309250000006614	epochs	2.0
1042.460108087738	0.016577800000050047	epochs	3.0
1042.476685887738	0.01651470000001609	epochs	3.0
1042.493200587738	0.03284229999985655	epochs	2.0
1042.493200587738	0.01645220000000336	epochs	3.0
1042.509652787738	0.01639009999985319	epochs	3.0
1042.526042887738	0.03259570000000167	epochs	2.0
1042.526042887738	0.016328400000020338	epochs	3.0
1042.542371287738	0.016267299999981333	epochs	3.0
1042.558638587738	0.032352899999978035	epochs	2.0
1042.558638587738	0.016206600000032267	epochs	3.0
1042.574845187738	0.016146299999945768	epochs	3.0
1042.590991487738	0.032113700000081735	epochs	2.0
1042.590991487738	0.016086600000107865	epochs	3.0
1042.607078087738	0.01602709999997387	epochs	3.0
1042.623105187738	0.03187800000000607	epochs	2.0
1042.623105187738	0.015968200000088473	epochs	3.0
1042.639073387738	0.015909799999917595	epochs	3.0
1042.654983187738	0.03164570000012645	epochs	2.0
1042.654983187738	0.015851599999905375	epochs	3.0
1042.670834787738	0.01579410000022108	epochs	3.0
1042.6866288877382	0.031416699999908815	epochs	2.0
1042.6866288877382	0.01573669999993399	epochs	3.0
1042.702365587738	0.015679999999974825	epochs	3.0
1042.718045587738	0.03119109999988723	epochs	2.0
1042.718045587738	0.015623600000026272	epochs	3.0
1042.733669187738	0.015567499999860956	epochs	3.0
1042.749236687738	0.03096870000013041	epochs	2.0
1042.749236687738	0.01551200000017161	epochs	3.0
1042.7647486877381	0.0154566999999588	epochs	3.0
1042.780205387738	0.030749499999956242	epochs	2.0
1042.780205387738	0.015401999999994587	epochs	3.0
1042.795607387738	0.015347499999961656	epochs	3.0
1042.810954887738	0.03053320000003623	epochs	2.0
1042.810954887738	0.015293400000018664	epochs	3.0
1042.826248287738	0.015239800000017567	epochs	3.0
1042.841488087738	0.030320099999926242	epochs	2.0
1042.841488087738	0.015186500000027081	epochs	3.0
1042.856674587738	0.015133599999899161	epochs	3.0
1042.871808187738	0.03010990000007041	epochs	2.0
1042.871808187738	0.015081000000009226	epochs	3.0
1042.886889187738	0.015028900000061185	epochs	3.0
1042.901918087738	0.029902499999934662	epochs	2.0
1042.901918087738	0.014977000000044427	epochs	3.0
1042.916895087738	0.014925499999890235	epochs	3.0
1042.931820587738	0.0296981000001324	epochs	2.0
1042.931820587738	0.014874400000053356	epochs	3.0
1042.946694987738	0.014823700000079043	epochs	3.0
1042.9615186877381	0.029496299999891562	epochs	2.0
1042.9615186877381	0.01477319999980864	epochs	3.0
1042.976291887738	0.014723100000082923	epochs	3.0
1042.991014987738	0.029297399999904883	epochs	2.0
1042.991014987738	0.014673399999992398	epochs	3.0
1043.005688387738	0.014623999999912485	epochs	3.0
1043.020312387738	0.02910110000016175	epochs	2.0
1043.020312387738	0.014574900000070556	epochs	3.0
1043.034887287738	0.014526200000091194	epochs	3.0
1043.049413487738	0.028907399999980044	epochs	2.0
1043.049413487738	0.014477700000043114	epochs	3.0
1043.0638911877381	0.014429699999936929	epochs	3.0
1043.078320887738	0.028716199999962555	epochs	2.0
1043.078320887738	0.014381799999910072	epochs	3.0
1043.092702687738	0.014334400000052483	epochs	3.0
1043.107037087738	0.02852759999996124	epochs	2.0
1043.107037087738	0.014287199999898803	epochs	3.0
1043.121324287738	0.014240400000062436	epochs	3.0
1043.135564687738	0.028341400000044814	epochs	2.0
1043.135564687738	0.014193799999929979	epochs	3.0
1043.149758487738	0.014147600000114835	epochs	3.0
1043.163906087738	0.028157700000065233	epochs	2.0
1043.163906087738	0.014101700000082928	epochs	3.0
1043.1780077877381	0.014055999999982305	epochs	3.0
1043.192063787738	0.02797629999986384	epochs	2.0
1043.192063787738	0.014010599999892293	epochs	3.0
1043.206074387738	0.013965699999971548	epochs	3.0
1043.220040087738	0.027797200000122757	epochs	2.0
1043.220040087738	0.013920800000050804	epochs	3.0
1043.233960887738	0.013876400000071953	epochs	3.0
1043.247837287738	0.027620399999932488	epochs	2.0
1043.247837287738	0.013832200000024386	epochs	3.0
1043.2616694877381	0.013788199999908102	epochs	3.0
1043.275457687738	0.027445899999975154	epochs	2.0
1043.275457687738	0.01374460000010913	epochs	3.0
1043.2892022877381	0.013701299999866023	epochs	3.0
1043.302903587738	0.0272735000000921	epochs	2.0
1043.302903587738	0.013658200000008947	epochs	3.0
1043.316561787738	0.013615300000083153	epochs	3.0
1043.330177087738	0.027103399999987232	epochs	2.0
1043.330177087738	0.013572800000019924	epochs	3.0
1043.343749887738	0.013530599999967308	epochs	3.0
1043.357280487738	0.02693520000002536	epochs	2.0
1043.357280487738	0.01348839999991469	epochs	3.0
1043.370768887738	0.01344680000011067	epochs	3.0
1043.384215687738	0.026769199999989723	epochs	2.0
1043.384215687738	0.013405199999851902	epochs	3.0
1043.397620887738	0.013364000000137821	epochs	3.0
1043.410984887738	0.026605199999949036	epochs	2.0
1043.410984887738	0.013322900000048321	epochs	3.0
1043.4243077877381	0.013282299999900715	epochs	3.0
1043.437590087738	0.0264431999999033	epochs	2.0
1043.437590087738	0.013241699999980483	epochs	3.0
1043.450831787738	0.013201499999922817	epochs	3.0
1043.464033287738	0.026283200000079887	epochs	2.0
1043.464033287738	0.013161500000023807	epochs	3.0
1043.477194787738	0.01312170000005608	epochs	3.0
1043.490316487738	0.02612500000009277	epochs	2.0
1043.490316487738	0.013082100000019636	epochs	3.0
1043.503398587738	0.013042900000073132	epochs	3.0
1043.5164414877381	0.025968899999952555	epochs	2.0
1043.5164414877381	0.013003899999830537	epochs	3.0
1043.529445387738	0.012965000000122018	epochs	3.0
1043.542410387738	0.025814500000024054	epochs	2.0
1043.542410387738	0.012926399999969362	epochs	3.0
1043.555336787738	0.012888100000054692	epochs	3.0
1043.568224887738	0.025661899999931848	epochs	2.0
1043.568224887738	0.012849899999991976	epochs	3.0
1043.581074787738	0.012811999999939871	epochs	3.0
1043.593886787738	0.025511199999982637	epochs	2.0
1043.593886787738	0.012774399999898378	epochs	3.0
1043.606661187738	0.012736800000084258	epochs	3.0
1043.619397987738	0.025362300000097093	epochs	2.0
1043.619397987738	0.01269969999998466	epochs	3.0
1043.632097687738	0.012662600000112434	epochs	3.0
1043.644760287738	0.025214999999889187	epochs	2.0
1043.644760287738	0.012625800000023446	epochs	3.0
1043.6573860877381	0.012589199999865741	epochs	3.0
1043.669975287738	0.024584799999956886	epochs	2.0
1043.691492087738	0.5	epochs	-1.0
1043.694560087738	0.5430400000000191	epochs	1.0
1044.237600087738	0.45687999999995554	epochs	0.0
1045.1220002174377	0.13655999999991764	epochs	0.0
1045.1220002174377	0.06328189999999267	epochs	1.0
1045.1852821174377	0.009996199999932287	epochs	1.0
1045.1952783174377	0.06328189999999267	epochs	1.0
1045.2585602174377	2.0	epochs	0.0
1047.2585602174377	21.523120000000063	epochs	0.0
1047.2585602174377	1.0	epochs	1.0
1047.2586122174378	0.5	epochs	-1.0
1047.7586122174378	19.99687999999992	epochs	-1.0
1048.2585602174377	20.0	epochs	1.0
1048.2585602174377	4.356753900000058	epochs	-1.0
1048.2585602174377	1.9745872000000873	epochs	2.0
1048.2585602174377	1.0985622000000603	epochs	3.0
1049.3571224174377	0.8760250000000269	epochs	3.0
1050.2331474174377	1.3524075000000266	epochs	2.0
1050.2331474174377	0.7286354999998821	epochs	3.0
1050.9617829174376	0.6237720000001445	epochs	3.0
1051.5855549174378	1.029759199999944	epochs	2.0
1051.5855549174378	0.5453293000000485	epochs	3.0
1052.1308842174378	0.4844298999998955	epochs	3.0
1052.6153141174377	0.8317862000001242	epochs	2.0
1052.6153141174377	0.4357763000000432	epochs	3.0
1053.0510904174378	0.39600990000008096	epochs	3.0
1053.4471003174378	0.6977969999998095	epochs	2.0
1053.4471003174378	0.36289819999979045	epochs	3.0
1053.8099985174376	0.33489880000001904	epochs	3.0
1054.1448973174377	0.601045699999986	epochs	2.0
1054.1448973174377	0.3109123000001546	epochs	3.0
1054.4558096174378	0.29013339999983145	epochs	3.0
1054.7459430174376	0.5278859000000011	epochs	2.0
1054.7459430174376	0.2719586000000618	epochs	3.0
1055.0179016174377	0.25592729999993935	epochs	3.0
1055.2738289174376	0.4706193000001804	epochs	2.0
1055.2738289174376	0.24168130000020938	epochs	3.0
1055.5155102174378	0.228937999999971	epochs	3.0
1055.7444482174378	0.42457039999999324	epochs	2.0
1055.7444482174378	0.21747140000002219	epochs	3.0
1055.9619196174378	0.20709899999997106	epochs	3.0
1056.1690186174378	0.3867353999999068	epochs	2.0
1056.1690186174378	0.19767109999997956	epochs	3.0
1056.3666897174378	0.18906429999992724	epochs	3.0
1056.5557540174377	0.35509530000013	epochs	2.0
1056.5557540174377	0.18117589999997108	epochs	3.0
1056.7369299174377	0.17391940000015893	epochs	3.0
1056.9108493174379	0.3282430999997814	epochs	2.0
1056.9108493174379	0.16722189999995862	epochs	3.0
1057.0780712174378	0.16102119999982278	epochs	3.0
1057.2390924174376	0.30516800000009425	epochs	2.0
1057.2390924174376	0.15526390000013635	epochs	3.0
1057.3943563174378	0.1499040999999579	epochs	3.0
1057.5442604174377	0.28512530000011793	epochs	2.0
1057.5442604174377	0.1449021000000812	epochs	3.0
1057.6891625174378	0.14022320000003674	epochs	3.0
1057.8293857174378	0.2675537999998596	epochs	2.0
1057.8293857174378	0.1358368999999584	epochs	3.0
1057.9652226174378	0.13171689999990122	epochs	3.0
1058.0969395174377	0.252022899999929	epochs	2.0
1058.0969395174377	0.1278393000000051	epochs	3.0
1058.2247788174377	0.1241835999999239	epochs	3.0
1058.3489624174376	0.23819650000018555	epochs	2.0
1058.3489624174376	0.12073110000005727	epochs	3.0
1058.4696935174377	0.11746540000012828	epochs	3.0
1058.5871589174378	0.22580879999986792	epochs	2.0
1058.5871589174378	0.1143718999999237	epochs	3.0
1058.7015308174377	0.11143689999994422	epochs	3.0
1058.8129677174377	0.2146460000001298	epochs	2.0
1058.8129677174377	0.10864890000016203	epochs	3.0
1058.9216166174378	0.10599709999996776	epochs	3.0
1059.0276137174378	0.2045349999998507	epochs	2.0
1059.0276137174378	0.1034714999998414	epochs	3.0
1059.1310852174377	0.1010635000000093	epochs	3.0
1059.2321487174377	0.19533400000000256	epochs	2.0
1059.2321487174377	0.09876510000003691	epochs	3.0
1059.3309138174377	0.09656889999996565	epochs	3.0
1059.4274827174377	0.18692529999998442	epochs	2.0
1059.4274827174377	0.09446830000001682	epochs	3.0
1059.5219510174377	0.09245699999996759	epochs	3.0
1059.6144080174377	0.1792107000001124	epochs	2.0
1059.6144080174377	0.0905296000000817	epochs	3.0
1059.7049376174377	0.08868110000003071	epochs	3.0
1059.7936187174378	0.17210769999996955	epochs	2.0
1059.7936187174378	0.08690630000000965	epochs	3.0
1059.8805250174378	0.0852013999999599	epochs	3.0
1059.9657264174377	0.16554640000003928	epochs	2.0
1059.9657264174377	0.08356189999994967	epochs	3.0
1060.0492883174377	0.08198450000008961	epochs	3.0
1060.1312728174378	0.15946710000002895	epochs	2.0
1060.1312728174378	0.08046539999986635	epochs	3.0
1060.2117382174376	0.0790017000001626	epochs	3.0
1060.2907399174378	0.1538183999998637	epochs	2.0
1060.2907399174378	0.07759009999995214	epochs	3.0
1060.3683300174378	0.07622829999991154	epochs	3.0
1060.4445583174377	0.14855640000018866	epochs	2.0
1060.4445583174377	0.07491330000016205	epochs	3.0
1060.5194716174378	0.0736431000000266	epochs	3.0
1060.5931147174379	0.1436423999998624	epochs	2.0
1060.5931147174379	0.07241499999986445	epochs	3.0
1060.6655297174377	0.07122739999999794	epochs	3.0
1060.7367571174377	0.13904309999998077	epochs	2.0
1060.7367571174377	0.07007799999996678	epochs	3.0
1060.8068351174377	0.06896510000001399	epochs	3.0
1060.8758002174377	0.1347293000001173	epochs	2.0
1060.8758002174377	0.0678871000000072	epochs	3.0
1060.9436873174377	0.0668422000001101	epochs	3.0
1061.0105295174378	0.13067519999981414	epochs	2.0
1061.0105295174378	0.06582909999997355	epochs	3.0
1061.0763586174378	0.06484609999984059	epochs	3.0
1061.1412047174376	0.12685780000015257	epochs	2.0
1061.1412047174376	0.06389200000012352	epochs	3.0
1061.2050967174378	0.06296580000002905	epochs	3.0
1061.2680625174378	0.12325719999989815	epochs	2.0
1061.2680625174378	0.06206580000002759	epochs	3.0
1061.3301283174378	0.061191399999870555	epochs	3.0
1061.3913197174377	0.11985540000000583	epochs	2.0
1061.3913197174377	0.060341099999959624	epochs	3.0
1061.4516608174376	0.059514300000046205	epochs	3.0
1061.5111751174377	0.11663620000012997	epochs	2.0
1061.5111751174377	0.05870960000015657	epochs	3.0
1061.5698847174378	0.057926599999973405	epochs	3.0
1061.6278113174378	0.11358559999985118	epochs	2.0
1061.6278113174378	0.05716419999998834	epochs	3.0
1061.6849755174378	0.05642139999986284	epochs	3.0
1061.7413969174377	0.11069050000014613	epochs	2.0
1061.7413969174377	0.055697900000041045	epochs	3.0
1061.7970948174377	0.054992600000105085	epochs	3.0
1061.8520874174378	0.10793909999983953	epochs	2.0
1061.8520874174378	0.05430490000003374	epochs	3.0
1061.9063923174378	0.05363419999980579	epochs	3.0
1061.9600265174377	0.10532150000017282	epochs	2.0
1061.9600265174377	0.052980000000161453	epochs	3.0
1062.0130065174378	0.052341500000011365	epochs	3.0
1062.0653480174378	0.10282759999995505	epochs	2.0
1062.0653480174378	0.05171810000001642	epochs	3.0
1062.1170661174378	0.051109499999938635	epochs	3.0
1062.1681756174378	0.10044909999987794	epochs	2.0
1062.1681756174378	0.050514900000052876	epochs	3.0
1062.2186905174378	0.04993419999982507	epochs	3.0
1062.2686247174377	0.0981782999999723	epochs	2.0
1062.2686247174377	0.04936659999998483	epochs	3.0
1062.3179913174376	0.04881169999998747	epochs	3.0
1062.3668030174376	0.09600780000005216	epochs	2.0
1062.3668030174376	0.04826920000004975	epochs	3.0
1062.4150722174377	0.04773860000000241	epochs	3.0
1062.4628108174377	0.09393120000004274	epochs	2.0
1062.4628108174377	0.04721949999998287	epochs	3.0
1062.5100303174377	0.046711700000059864	epochs	3.0
1062.5567420174377	0.09194260000003851	epochs	2.0
1062.5567420174377	0.046214599999984785	epochs	3.0
1062.6029566174377	0.045728000000053726	epochs	3.0
1062.6486846174378	0.09003630000006524	epochs	2.0
1062.6486846174378	0.045251499999949374	epochs	3.0
1062.6939361174377	0.044784800000115865	epochs	3.0
1062.7387209174378	0.0882075999998051	epochs	2.0
1062.7387209174378	0.044327800000019124	epochs	3.0
1062.7830487174379	0.04387979999978597	epochs	3.0
1062.8269285174376	0.0864516999999978	epochs	2.0
1062.8269285174376	0.04344100000002982	epochs	3.0
1062.8703695174377	0.04301069999996798	epochs	3.0
1062.9133802174376	0.08476430000018809	epochs	2.0
1062.9133802174376	0.04258900000013455	epochs	3.0
1062.9559692174378	0.04217530000005354	epochs	3.0
1062.9981445174378	0.08314150000001064	epochs	2.0
1062.9981445174378	0.04176970000003166	epochs	3.0
1063.0399142174379	0.041371799999978975	epochs	3.0
1063.0812860174378	0.08157970000002024	epochs	2.0
1063.0812860174378	0.040981399999964196	epochs	3.0
1063.1222674174378	0.04059830000005604	epochs	3.0
1063.1628657174379	0.08007549999979346	epochs	2.0
1063.1628657174379	0.04022229999986848	epochs	3.0
1063.2030880174377	0.03985319999992498	epochs	3.0
1063.2429412174376	0.07862570000020241	epochs	2.0
1063.2429412174376	0.039490800000066884	epochs	3.0
1063.2824320174377	0.03913490000013553	epochs	3.0
1063.3215669174378	0.07722759999978734	epochs	2.0
1063.3215669174378	0.03878539999982422	epochs	3.0
1063.3603523174377	0.03844219999996312	epochs	3.0
1063.3987945174376	0.07587820000003376	epochs	2.0
1063.3987945174376	0.03810480000015559	epochs	3.0
1063.4368993174378	0.037773399999878166	epochs	3.0
1063.4746727174377	0.0745752000000266	epochs	2.0
1063.4746727174377	0.03744770000002973	epochs	3.0
1063.5121204174377	0.03712749999999687	epochs	3.0
1063.5492479174377	0.07331629999998768	epochs	2.0
1063.5492479174377	0.0368129000000863	epochs	3.0
1063.5860608174378	0.036503399999901376	epochs	3.0
1063.6225642174377	0.07209899999998015	epochs	2.0
1063.6225642174377	0.03619909999997617	epochs	3.0
1063.6587633174377	0.03589990000000398	epochs	3.0
1063.6946632174377	0.07092170000009901	epochs	2.0
1063.6946632174377	0.03560560000005353	epochs	3.0
1063.7302688174377	0.03531610000004548	epochs	3.0
1063.7655849174378	0.06978200000003199	epochs	2.0
1063.7655849174378	0.03503120000004856	epochs	3.0
1063.8006161174378	0.03475079999998343	epochs	3.0
1063.8353669174378	0.06867859999988468	epochs	2.0
1063.8353669174378	0.03447510000000875	epochs	3.0
1063.8698420174378	0.03420349999987593	epochs	3.0
1063.9040455174377	0.06760929999995824	epochs	2.0
1063.9040455174377	0.033936199999970995	epochs	3.0
1063.9379817174377	0.033673099999987244	epochs	3.0
1063.9716548174376	0.06657290000021021	epochs	2.0
1063.9716548174376	0.03341400000022077	epochs	3.0
1064.0050688174379	0.033158899999989444	epochs	3.0
1064.0382277174378	0.06556779999982609	epochs	2.0
1064.0382277174378	0.03290769999989607	epochs	3.0
1064.0711354174377	0.032660099999930026	epochs	3.0
1064.1037955174377	0.06459259999996902	epochs	2.0
1064.1037955174377	0.03241640000010193	epochs	3.0
1064.1362119174378	0.032176199999867094	epochs	3.0
1064.1683881174376	0.06364600000006249	epochs	2.0
1064.1683881174376	0.03193959999998697	epochs	3.0
1064.2003277174376	0.03170640000007552	epochs	3.0
1064.2320341174377	0.0627266999999847	epochs	2.0
1064.2320341174377	0.03147660000013275	epochs	3.0
1064.2635107174378	0.031250099999851955	epochs	3.0
1064.2947608174377	0.06183359999999993	epochs	2.0
1064.2947608174377	0.031026900000142632	epochs	3.0
1064.3257877174378	0.0308066999998573	epochs	3.0
1064.3565944174377	0.06096560000014506	epochs	2.0
1064.3565944174377	0.03058980000014344	epochs	3.0
1064.3871842174378	0.030375800000001618	epochs	3.0
1064.4175600174378	0.06012160000000222	epochs	2.0
1064.4175600174378	0.030164899999817862	epochs	3.0
1064.4477249174377	0.029956700000184355	epochs	3.0
1064.4776816174378	0.05930069999999432	epochs	2.0
1064.4776816174378	0.029751599999826794	epochs	3.0
1064.5074332174377	0.029549100000167527	epochs	3.0
1064.5369823174378	0.05850179999993088	epochs	2.0
1064.5369823174378	0.02934940000000097	epochs	3.0
1064.5663317174378	0.029152399999929912	epochs	3.0
1064.5954841174378	0.05772419999993872	epochs	2.0
1064.5954841174378	0.028957999999875028	epochs	3.0
1064.6244421174376	0.02876620000006369	epochs	3.0
1064.6532083174377	0.05696710000006533	epochs	2.0
1064.6532083174377	0.028577000000041153	epochs	3.0
1064.6817853174377	0.028390100000024177	epochs	3.0
1064.7101754174378	0.05622949999997218	epochs	2.0
1064.7101754174378	0.028205699999944045	epochs	3.0
1064.7383811174377	0.028023800000028132	epochs	3.0
1064.7664049174377	0.05551070000001346	epochs	2.0
1064.7664049174377	0.027843999999959124	epochs	3.0
1064.7942489174377	0.027666700000054334	epochs	3.0
1064.8219156174378	0.054810200000019904	epochs	2.0
1064.8219156174378	0.02749149999999645	epochs	3.0
1064.8494071174377	0.027318700000023455	epochs	3.0
1064.8767258174378	0.054126999999880354	epochs	2.0
1064.8767258174378	0.027147799999966082	epochs	3.0
1064.9038736174377	0.026979199999914272	epochs	3.0
1064.9308528174377	0.05346070000018699	epochs	2.0
1064.9308528174377	0.026812600000084785	epochs	3.0
1064.9576654174377	0.026648100000102204	epochs	3.0
1064.9843135174378	0.05281070000000909	epochs	2.0
1064.9843135174378	0.0264855999998872	epochs	3.0
1065.0107991174377	0.026325100000121893	epochs	3.0
1065.0371242174378	0.052176199999848905	epochs	2.0
1065.0371242174378	0.026166399999965506	epochs	3.0
1065.0632906174378	0.0260097999998834	epochs	3.0
1065.0893004174377	0.051556699999991906	epochs	2.0
1065.0893004174377	0.02585480000016105	epochs	3.0
1065.1151552174379	0.025701899999830857	epochs	3.0
1065.1408571174377	0.05095189999997274	epochs	2.0
1065.1408571174377	0.025550699999939752	epochs	3.0
1065.1664078174376	0.025401200000032986	epochs	3.0
1065.1918090174377	0.05036100000006627	epochs	2.0
1065.1918090174377	0.025253500000189888	epochs	3.0
1065.2170625174379	0.02510749999987638	epochs	3.0
1065.2421700174377	0.04978380000011384	epochs	2.0
1065.2421700174377	0.02496320000000196	epochs	3.0
1065.2671332174377	0.02482060000011188	epochs	3.0
1065.2919538174378	0.04921949999993558	epochs	2.0
1065.2919538174378	0.024679399999968155	epochs	3.0
1065.3166332174378	0.024540099999967424	epochs	3.0
1065.3411733174378	0.04866790000005494	epochs	2.0
1065.3411733174378	0.024402099999861093	epochs	3.0
1065.3655754174376	0.02426580000019385	epochs	3.0
1065.3898412174378	0.048128599999927246	epochs	2.0
1065.3898412174378	0.02413099999989754	epochs	3.0
1065.4139722174377	0.023997600000029706	epochs	3.0
1065.4379698174378	0.047601100000065344	epochs	2.0
1065.4379698174378	0.023865800000066884	epochs	3.0
1065.4618356174378	0.02373529999999846	epochs	3.0
1065.4855709174378	0.04708499999992455	epochs	2.0
1065.4855709174378	0.023606299999983094	epochs	3.0
1065.5091772174378	0.023478699999941455	epochs	3.0
1065.5326559174378	0.046579999999948996	epochs	2.0
1065.5326559174378	0.023352500000100918	epochs	3.0
1065.5560084174379	0.023227499999848078	epochs	3.0
1065.5792359174377	0.046085700000048746	epochs	2.0
1065.5792359174377	0.023104000000103042	epochs	3.0
1065.6023399174378	0.022981699999945704	epochs	3.0
1065.6253216174377	0.045601799999985815	epochs	2.0
1065.6253216174377	0.02286069999991014	epochs	3.0
1065.6481823174377	0.022741100000075676	epochs	3.0
1065.6709234174377	0.045127899999897636	epochs	2.0
1065.6709234174377	0.022622500000125	epochs	3.0
1065.6935459174379	0.022505399999772635	epochs	3.0
1065.7160513174376	0.0446638000000803	epochs	2.0
1065.7160513174376	0.022389300000213552	epochs	3.0
1065.7384406174378	0.022274499999866748	epochs	3.0
1065.7607151174377	0.04420920000006845	epochs	2.0
1065.7607151174377	0.022160799999937808	epochs	3.0
1065.7828759174377	0.02204840000013064	epochs	3.0
1065.8049243174378	0.04376359999992019	epochs	2.0
1065.8049243174378	0.02193689999990056	epochs	3.0
1065.8268612174377	0.021826700000019628	epochs	3.0
1065.8486879174377	0.04332709999994222	epochs	2.0
1065.8486879174377	0.02171760000010181	epochs	3.0
1065.8704055174378	0.02160949999984041	epochs	3.0
1065.8920150174376	0.04289900000003399	epochs	2.0
1065.8920150174376	0.02150249999999687	epochs	3.0
1065.9135175174376	0.021396500000037122	epochs	3.0
1065.9349140174377	0.04247950000012679	epochs	2.0
1065.9349140174377	0.021291700000119818	epochs	3.0
1065.9562057174378	0.021187800000006973	epochs	3.0
1065.9773935174378	0.04206789999989269	epochs	2.0
1065.9773935174378	0.02108490000000529	epochs	3.0
1065.9984784174378	0.020982999999887397	epochs	3.0
1066.0194614174377	0.04166439999994509	epochs	2.0
1066.0194614174377	0.020882199999959994	epochs	3.0
1066.0403436174377	0.020782199999985096	epochs	3.0
1066.0611258174376	0.04126850000011473	epochs	2.0
1066.0611258174376	0.02068330000020069	epochs	3.0
1066.0818091174378	0.02058519999991404	epochs	3.0
1066.1023943174378	0.04088000000001557	epochs	2.0
1066.1023943174378	0.020488099999965925	epochs	3.0
1066.1228824174377	0.020391900000049645	epochs	3.0
1066.1432743174378	0.04049880000002304	epochs	2.0
1066.1432743174378	0.020296599999937825	epochs	3.0
1066.1635709174377	0.020202200000085213	epochs	3.0
1066.1837731174378	0.040124599999899146	epochs	2.0
1066.1837731174378	0.02010870000003706	epochs	3.0
1066.2038818174378	0.020015899999862086	epochs	3.0
1066.2238977174377	0.03975730000001931	epochs	2.0
1066.2238977174377	0.019924200000104975	epochs	3.0
1066.2438219174378	0.01983309999991434	epochs	3.0
1066.2636550174377	0.03939669999999751	epochs	2.0
1066.2636550174377	0.01974300000006224	epochs	3.0
1066.2833980174378	0.01965369999993527	epochs	3.0
1066.3030517174377	0.03904239999997117	epochs	2.0
1066.3030517174377	0.019565100000136226	epochs	3.0
1066.3226168174378	0.01947729999983494	epochs	3.0
1066.3420941174377	0.038694600000098944	epochs	2.0
1066.3420941174377	0.019390400000020236	epochs	3.0
1066.3614845174377	0.01930420000007871	epochs	3.0
1066.3807887174378	0.03835290000006353	epochs	2.0
1066.3807887174378	0.019218799999862313	epochs	3.0
1066.4000075174376	0.019134100000201215	epochs	3.0
1066.4191416174378	0.03801719999978559	epochs	2.0
1066.4191416174378	0.019050199999810502	epochs	3.0
1066.4381918174377	0.018966999999975087	epochs	3.0
1066.4571588174376	0.03768720000016401	epochs	2.0
1066.4571588174376	0.01888450000001285	epochs	3.0
1066.4760433174376	0.018802700000151162	epochs	3.0
1066.4948460174378	0.03736309999999321	epochs	2.0
1066.4948460174378	0.018721700000014607	epochs	3.0
1066.5135677174378	0.018641399999978603	epochs	3.0
1066.5322091174378	0.03704429999993408	epochs	2.0
1066.5322091174378	0.018561599999884493	epochs	3.0
1066.5507707174377	0.01848270000004959	epochs	3.0
1066.5692534174377	0.03673099999991791	epochs	2.0
1066.5692534174377	0.018404299999929208	epochs	3.0
1066.5876577174377	0.018326699999988705	epochs	3.0
1066.6059844174376	0.03642290000016146	epochs	2.0
1066.6059844174376	0.018249599999990096	epochs	3.0
1066.6242340174376	0.018173300000171366	epochs	3.0
1066.6424073174378	0.036120099999834565	epochs	2.0
1066.6424073174378	0.01809759999991911	epochs	3.0
1066.6605049174377	0.018022499999915453	epochs	3.0
1066.6785274174376	0.035822100000132195	epochs	2.0
1066.6785274174376	0.017947900000081063	epochs	3.0
1066.6964753174377	0.017874200000051133	epochs	3.0
1066.7143495174378	0.03552899999999681	epochs	2.0
1066.7143495174378	0.017800800000031813	epochs	3.0
1066.7321503174378	0.017728199999965	epochs	3.0
1066.7498785174378	0.03524070000003121	epochs	2.0
1066.7498785174378	0.017656100000067454	epochs	3.0
1066.7675346174378	0.017584599999963757	epochs	3.0
1066.7851192174378	0.03495709999992869	epochs	2.0
1066.7851192174378	0.017513699999881283	epochs	3.0
1066.8026329174377	0.017443400000047404	epochs	3.0
1066.8200763174377	0.03467790000013338	epochs	2.0
1066.8200763174377	0.017373599999928047	epochs	3.0
1066.8374499174377	0.01730430000020533	epochs	3.0
1066.8547542174379	0.03440329999989444	epochs	2.0
1066.8547542174379	0.017235699999901044	epochs	3.0
1066.8719899174378	0.0171675999999934	epochs	3.0
1066.8891575174378	0.03413279999995211	epochs	2.0
1066.8891575174378	0.01709989999994832	epochs	3.0
1066.9062574174377	0.017032900000003792	epochs	3.0
1066.9232903174377	0.03386670000008962	epochs	2.0
1066.9232903174377	0.01696640000000116	epochs	3.0
1066.9402567174377	0.016900300000088464	epochs	3.0
1066.9571570174378	0.03360459999998966	epochs	2.0
1066.9571570174378	0.01683479999996962	epochs	3.0
1066.9739918174378	0.01676980000002004	epochs	3.0
1066.9907616174378	0.033346599999958926	epochs	2.0
1066.9907616174378	0.016705300000012357	epochs	3.0
1067.0074669174378	0.01664129999994657	epochs	3.0
1067.0241082174377	0.03309250000006614	epochs	2.0
1067.0241082174377	0.016577800000050047	epochs	3.0
1067.0406860174378	0.01651470000001609	epochs	3.0
1067.0572007174378	0.03284229999985655	epochs	2.0
1067.0572007174378	0.01645220000000336	epochs	3.0
1067.0736529174378	0.01639009999985319	epochs	3.0
1067.0900430174377	0.03259570000000167	epochs	2.0
1067.0900430174377	0.016328400000020338	epochs	3.0
1067.1063714174377	0.016267299999981333	epochs	3.0
1067.1226387174377	0.032352899999978035	epochs	2.0
1067.1226387174377	0.016206600000032267	epochs	3.0
1067.1388453174377	0.016146299999945768	epochs	3.0
1067.1549916174376	0.032113700000081735	epochs	2.0
1067.1549916174376	0.016086600000107865	epochs	3.0
1067.1710782174378	0.01602709999997387	epochs	3.0
1067.1871053174377	0.03187800000000607	epochs	2.0
1067.1871053174377	0.015968200000088473	epochs	3.0
1067.2030735174378	0.015909799999917595	epochs	3.0
1067.2189833174377	0.03164570000012645	epochs	2.0
1067.2189833174377	0.015851599999905375	epochs	3.0
1067.2348349174376	0.01579410000022108	epochs	3.0
1067.2506290174379	0.031416699999908815	epochs	2.0
1067.2506290174379	0.01573669999993399	epochs	3.0
1067.2663657174378	0.015679999999974825	epochs	3.0
1067.2820457174378	0.03119109999988723	epochs	2.0
1067.2820457174378	0.015623600000026272	epochs	3.0
1067.2976693174378	0.015567499999860956	epochs	3.0
1067.3132368174377	0.03096870000013041	epochs	2.0
1067.3132368174377	0.01551200000017161	epochs	3.0
1067.3287488174378	0.0154566999999588	epochs	3.0
1067.3442055174378	0.030749499999956242	epochs	2.0
1067.3442055174378	0.015401999999994587	epochs	3.0
1067.3596075174378	0.015347499999961656	epochs	3.0
1067.3749550174377	0.03053320000003623	epochs	2.0
1067.3749550174377	0.015293400000018664	epochs	3.0
1067.3902484174378	0.015239800000017567	epochs	3.0
1067.4054882174378	0.030320099999926242	epochs	2.0
1067.4054882174378	0.015186500000027081	epochs	3.0
1067.4206747174378	0.015133599999899161	epochs	3.0
1067.4358083174377	0.03010990000007041	epochs	2.0
1067.4358083174377	0.015081000000009226	epochs	3.0
1067.4508893174377	0.015028900000061185	epochs	3.0
1067.4659182174378	0.029902499999934662	epochs	2.0
1067.4659182174378	0.014977000000044427	epochs	3.0
1067.4808952174378	0.014925499999890235	epochs	3.0
1067.4958207174377	0.0296981000001324	epochs	2.0
1067.4958207174377	0.014874400000053356	epochs	3.0
1067.5106951174378	0.014823700000079043	epochs	3.0
1067.5255188174378	0.029496299999891562	epochs	2.0
1067.5255188174378	0.01477319999980864	epochs	3.0
1067.5402920174377	0.014723100000082923	epochs	3.0
1067.5550151174377	0.029297399999904883	epochs	2.0
1067.5550151174377	0.014673399999992398	epochs	3.0
1067.5696885174377	0.014623999999912485	epochs	3.0
1067.5843125174376	0.02910110000016175	epochs	2.0
1067.5843125174376	0.014574900000070556	epochs	3.0
1067.5988874174377	0.014526200000091194	epochs	3.0
1067.6134136174378	0.028907399999980044	epochs	2.0
1067.6134136174378	0.014477700000043114	epochs	3.0
1067.6278913174378	0.014429699999936929	epochs	3.0
1067.6423210174378	0.028716199999962555	epochs	2.0
1067.6423210174378	0.014381799999910072	epochs	3.0
1067.6567028174377	0.014334400000052483	epochs	3.0
1067.6710372174377	0.02852759999996124	epochs	2.0
1067.6710372174377	0.014287199999898803	epochs	3.0
1067.6853244174376	0.014240400000062436	epochs	3.0
1067.6995648174377	0.028341400000044814	epochs	2.0
1067.6995648174377	0.014193799999929979	epochs	3.0
1067.7137586174376	0.014147600000114835	epochs	3.0
1067.7279062174377	0.028157700000065233	epochs	2.0
1067.7279062174377	0.014101700000082928	epochs	3.0
1067.7420079174378	0.014055999999982305	epochs	3.0
1067.7560639174378	0.02797629999986384	epochs	2.0
1067.7560639174378	0.014010599999892293	epochs	3.0
1067.7700745174377	0.013965699999971548	epochs	3.0
1067.7840402174377	0.027797200000122757	epochs	2.0
1067.7840402174377	0.013920800000050804	epochs	3.0
1067.7979610174377	0.013876400000071953	epochs	3.0
1067.8118374174378	0.027620399999932488	epochs	2.0
1067.8118374174378	0.013832200000024386	epochs	3.0
1067.8256696174378	0.013788199999908102	epochs	3.0
1067.8394578174377	0.027445899999975154	epochs	2.0
1067.8394578174377	0.01374460000010913	epochs	3.0
1067.8532024174378	0.013701299999866023	epochs	3.0
1067.8669037174377	0.0272735000000921	epochs	2.0
1067.8669037174377	0.013658200000008947	epochs	3.0
1067.8805619174377	0.013615300000083153	epochs	3.0
1067.8941772174378	0.027103399999987232	epochs	2.0
1067.8941772174378	0.013572800000019924	epochs	3.0
1067.9077500174378	0.013530599999967308	epochs	3.0
1067.9212806174378	0.02693520000002536	epochs	2.0
1067.9212806174378	0.01348839999991469	epochs	3.0
1067.9347690174377	0.01344680000011067	epochs	3.0
1067.9482158174378	0.026769199999989723	epochs	2.0
1067.9482158174378	0.013405199999851902	epochs	3.0
1067.9616210174377	0.013364000000137821	epochs	3.0
1067.9749850174378	0.026605199999949036	epochs	2.0
1067.9749850174378	0.013322900000048321	epochs	3.0
1067.9883079174379	0.013282299999900715	epochs	3.0
1068.0015902174378	0.0264431999999033	epochs	2.0
1068.0015902174378	0.013241699999980483	epochs	3.0
1068.0148319174377	0.013201499999922817	epochs	3.0
1068.0280334174377	0.026283200000079887	epochs	2.0
1068.0280334174377	0.013161500000023807	epochs	3.0
1068.0411949174377	0.01312170000005608	epochs	3.0
1068.0543166174377	0.02612500000009277	epochs	2.0
1068.0543166174377	0.013082100000019636	epochs	3.0
1068.0673987174378	0.013042900000073132	epochs	3.0
1068.0804416174378	0.025968899999952555	epochs	2.0
1068.0804416174378	0.013003899999830537	epochs	3.0
1068.0934455174377	0.012965000000122018	epochs	3.0
1068.1064105174378	0.025814500000024054	epochs	2.0
1068.1064105174378	0.012926399999969362	epochs	3.0
1068.1193369174377	0.012888100000054692	epochs	3.0
1068.1322250174378	0.025661899999931848	epochs	2.0
1068.1322250174378	0.012849899999991976	epochs	3.0
1068.1450749174378	0.012811999999939871	epochs	3.0
1068.1578869174377	0.025511199999982637	epochs	2.0
1068.1578869174377	0.012774399999898378	epochs	3.0
1068.1706613174376	0.012736800000084258	epochs	3.0
1068.1833981174377	0.025362300000097093	epochs	2.0
1068.1833981174377	0.01269969999998466	epochs	3.0
1068.1960978174377	0.012662600000112434	epochs	3.0
1068.2087604174378	0.025214999999889187	epochs	2.0
1068.2087604174378	0.012625800000023446	epochs	3.0
1068.2213862174378	0.012589199999865741	epochs	3.0
1068.2339754174377	0.024584799999956886	epochs	2.0
1068.2554922174377	0.5	epochs	-1.0
1068.2585602174377	0.5231200000000626	epochs	1.0
1068.7816802174377	0.47679999999991196	epochs	0.0
1069.7090001106262	0.13655999999991764	epochs	0.0
1069.7090001106262	0.06328189999999267	epochs	1.0
1069.7722820106262	0.009996199999932287	epochs	1.0
1069.7822782106261	0.06328189999999267	epochs	1.0
1069.8455601106261	2.0	epochs	0.0
1071.8455601106261	0.5228799999999865	epochs	0.0
1071.8455601106261	0.5228799999999865	epochs	1.0
1071.8456121106262	0.5	epochs	-1.0
1072.3456121106262	0.02282799999989038	epochs	-1.0
1072.3684401106261	21.477039999999988	epochs	0.0
1073.4760003089905	0.13655999999991764	epochs	0.0
1073.4760003089905	0.06328189999999267	epochs	1.0
1073.5392822089905	0.009996199999932287	epochs	1.0
1073.5492784089904	0.06328189999999267	epochs	1.0
1073.6125603089904	2.0	epochs	0.0
1075.6125603089904	0.5233600000001388	epochs	0.0
1075.6125603089904	0.5233600000001388	epochs	1.0
1075.6126123089905	0.5	epochs	-1.0
1076.1126123089905	0.02330800000004274	epochs	-1.0
1076.1359203089905	21.476559999999836	epochs	0.0
1077.2290000915527	0.13655999999991764	epochs	0.0
1077.2290000915527	0.06328189999999267	epochs	1.0
1077.2922819915527	0.009996199999932287	epochs	1.0
1077.3022781915527	0.06328189999999267	epochs	1.0
1077.3655600915527	2.0	epochs	0.0
1079.3655600915527	0.5231200000000626	epochs	0.0
1079.3655600915527	0.5231200000000626	epochs	1.0
1079.3656120915527	0.5	epochs	-1.0
1079.8656120915527	0.02306799999996656	epochs	-1.0
1079.8886800915527	21.476799999999912	epochs	0.0
1080.9790000915527	0.13655999999991764	epochs	0.0
1080.9790000915527	0.06328189999999267	epochs	1.0
1081.0422819915527	0.009996199999932287	epochs	1.0
1081.0522781915527	0.06328189999999267	epochs	1.0
1081.1155600915527	2.0	epochs	0.0
1083.1155600915527	0.5237600000000384	epochs	0.0
1083.1155600915527	0.5237600000000384	epochs	1.0
1083.1156120915527	0.5	epochs	-1.0
1083.6156120915527	0.02370799999994233	epochs	-1.0
1083.6393200915527	21.476159999999936	epochs	0.0
1084.795000076294	0.13655999999991764	epochs	0.0
1084.795000076294	0.06328189999999267	epochs	1.0
1084.858281976294	0.009996199999932287	epochs	1.0
1084.8682781762939	0.06328189999999267	epochs	1.0
1084.9315600762939	2.0	epochs	0.0
1086.9315600762939	0.5233600000001388	epochs	0.0
1086.9315600762939	0.5233600000001388	epochs	1.0
1086.931612076294	0.5	epochs	-1.0
1087.431612076294	0.02330800000004274	epochs	-1.0
1087.454920076294	21.476559999999836	epochs	0.0
1110.8140001296997	0.13655999999991764	epochs	0.0
1110.8140001296997	0.06328189999999267	epochs	1.0
1110.8772820296997	0.009996199999932287	epochs	1.0
1110.8872782296996	0.06328189999999267	epochs	1.0
1110.9505601296996	0.2299199999999928	epochs	0.0
1110.9505601296996	0.0500000000001819	epochs	1.0
1111.0005601296998	0.009999999999990905	epochs	1.0
1111.0105601296998	0.049999999999954525	epochs	1.0
1111.0605601296998	0.009999999999990905	epochs	1.0
1111.0705601296997	0.049999999999954525	epochs	1.0
1111.1205601296997	0.009999999999990905	epochs	1.0
1111.1305601296997	0.04991999999992913	epochs	1.0
