onset	duration	nwb_table	treelevel
10.613999843597412	0.09999999999999964	epochs	0.0
10.613999843597412	0.04499999999999993	epochs	1.0
10.658999843597412	0.009999999999999787	epochs	1.0
10.668999843597412	0.04499999999999993	epochs	1.0
10.713999843597412	0.7049950000000003	epochs	0.0
10.713999843597412	0.5	epochs	-1.0
10.713999843597412	0.5	epochs	-1.0
10.713999843597412	0.5	epochs	1.0
11.213999843597412	0.0600000000000005	epochs	-1.0
11.213999843597412	0.025000000000000355	epochs	-1.0
11.213999843597412	0.025000000000000355	epochs	1.0
11.238999843597412	0.009999999999999787	epochs	-1.0
11.238999843597412	0.009999999999999787	epochs	1.0
11.248999843597412	0.025000000000000355	epochs	-1.0
11.248999843597412	0.025000000000000355	epochs	1.0
11.273999843597412	0.0600000000000005	epochs	-1.0
11.273999843597412	0.025000000000000355	epochs	-1.0
11.273999843597412	0.025000000000000355	epochs	1.0
11.298999843597413	0.009999999999999787	epochs	-1.0
11.298999843597413	0.009999999999999787	epochs	1.0
11.308999843597412	0.025000000000000355	epochs	-1.0
11.308999843597412	0.025000000000000355	epochs	1.0
11.333999843597413	0.05999999999999872	epochs	-1.0
11.333999843597413	0.02499999999999858	epochs	-1.0
11.333999843597413	0.02499999999999858	epochs	1.0
11.358999843597411	0.010000000000001563	epochs	-1.0
11.358999843597411	0.010000000000001563	epochs	1.0
11.368999843597413	0.02499999999999858	epochs	-1.0
11.368999843597413	0.02499999999999858	epochs	1.0
11.393999843597411	0.024995000000000545	epochs	1.0
1316.5780000686646	0.09999999999990905	epochs	0.0
1316.5780000686646	0.04500000000007276	epochs	1.0
1316.6230000686646	0.009999999999990905	epochs	1.0
1316.6330000686646	0.044999999999845386	epochs	1.0
1316.6780000686645	0.7049950000000536	epochs	0.0
1316.6780000686645	0.5	epochs	-1.0
1316.6780000686645	0.5	epochs	1.0
1317.1780000686645	0.060000000000172804	epochs	-1.0
1317.1780000686645	0.02500000000009095	epochs	-1.0
1317.1780000686645	0.02500000000009095	epochs	1.0
1317.2030000686646	0.009999999999990905	epochs	-1.0
1317.2030000686646	0.009999999999990905	epochs	1.0
1317.2130000686645	0.02500000000009095	epochs	-1.0
1317.2130000686645	0.02500000000009095	epochs	1.0
1317.2380000686646	0.05999999999994543	epochs	-1.0
1317.2380000686646	0.024999999999863576	epochs	-1.0
1317.2380000686646	0.024999999999863576	epochs	1.0
1317.2630000686645	0.009999999999990905	epochs	-1.0
1317.2630000686645	0.009999999999990905	epochs	1.0
1317.2730000686645	0.02500000000009095	epochs	-1.0
1317.2730000686645	0.02500000000009095	epochs	1.0
1317.2980000686646	0.05999999999994543	epochs	-1.0
1317.2980000686646	0.024999999999863576	epochs	-1.0
1317.2980000686646	0.024999999999863576	epochs	1.0
1317.3230000686644	0.010000000000218279	epochs	-1.0
1317.3230000686644	0.010000000000218279	epochs	1.0
1317.3330000686647	0.024999999999863576	epochs	-1.0
1317.3330000686647	0.024999999999863576	epochs	1.0
1317.3580000686645	0.024994999999989886	epochs	1.0
1361.936999797821	0.09999999999990905	epochs	0.0
1361.936999797821	0.04500000000007276	epochs	1.0
1361.9819997978211	0.009999999999990905	epochs	1.0
1361.991999797821	0.044999999999845386	epochs	1.0
1362.036999797821	61.38499500000012	epochs	0.0
1362.036999797821	0.5	epochs	-1.0
1362.036999797821	0.5	epochs	-1.0
1362.036999797821	0.5	epochs	1.0
1362.536999797821	0.060000000000172804	epochs	-1.0
1362.536999797821	0.02500000000009095	epochs	-1.0
1362.536999797821	0.02500000000009095	epochs	1.0
1362.561999797821	0.009999999999990905	epochs	-1.0
1362.561999797821	0.009999999999990905	epochs	1.0
1362.571999797821	0.02500000000009095	epochs	-1.0
1362.571999797821	0.02500000000009095	epochs	1.0
1362.5969997978211	0.05999999999994543	epochs	-1.0
1362.5969997978211	0.024999999999863576	epochs	-1.0
1362.5969997978211	0.024999999999863576	epochs	1.0
1362.621999797821	0.009999999999990905	epochs	-1.0
1362.621999797821	0.009999999999990905	epochs	1.0
1362.631999797821	0.02500000000009095	epochs	-1.0
1362.631999797821	0.02500000000009095	epochs	1.0
1362.656999797821	0.05999999999994543	epochs	-1.0
1362.656999797821	0.024999999999863576	epochs	-1.0
1362.656999797821	0.024999999999863576	epochs	1.0
1362.681999797821	0.010000000000218279	epochs	-1.0
1362.681999797821	0.010000000000218279	epochs	1.0
1362.6919997978212	0.024999999999863576	epochs	-1.0
1362.6919997978212	0.024999999999863576	epochs	1.0
1362.716999797821	60.0	epochs	1.0
1422.716999797821	0.5	epochs	-1.0
1422.716999797821	0.5	epochs	-1.0
1422.716999797821	0.5	epochs	1.0
1423.216999797821	0.05999999999994543	epochs	-1.0
1423.216999797821	0.02500000000009095	epochs	-1.0
1423.216999797821	0.02500000000009095	epochs	1.0
1423.241999797821	0.009999999999990905	epochs	-1.0
1423.241999797821	0.009999999999990905	epochs	1.0
1423.251999797821	0.024999999999863576	epochs	-1.0
1423.251999797821	0.024999999999863576	epochs	1.0
1423.276999797821	0.060000000000172804	epochs	-1.0
1423.276999797821	0.02500000000009095	epochs	-1.0
1423.276999797821	0.02500000000009095	epochs	1.0
1423.301999797821	0.009999999999990905	epochs	-1.0
1423.301999797821	0.009999999999990905	epochs	1.0
1423.311999797821	0.02500000000009095	epochs	-1.0
1423.311999797821	0.02500000000009095	epochs	1.0
1423.3369997978211	0.05999999999994543	epochs	-1.0
1423.3369997978211	0.024999999999863576	epochs	-1.0
1423.3369997978211	0.024999999999863576	epochs	1.0
1423.361999797821	0.009999999999990905	epochs	-1.0
1423.361999797821	0.009999999999990905	epochs	1.0
1423.371999797821	0.02500000000009095	epochs	-1.0
1423.371999797821	0.02500000000009095	epochs	1.0
1423.396999797821	0.024994999999989886	epochs	1.0
1468.6589999198914	0.09999999999990905	epochs	0.0
1468.6589999198914	0.04500000000007276	epochs	1.0
1468.7039999198914	0.009999999999990905	epochs	1.0
1468.7139999198914	0.044999999999845386	epochs	1.0
1468.7589999198913	0.7049950000000536	epochs	0.0
1468.7589999198913	0.5	epochs	-1.0
1468.7589999198913	0.5	epochs	-1.0
1468.7589999198913	0.5	epochs	1.0
1469.2589999198913	0.060000000000172804	epochs	-1.0
1469.2589999198913	0.02500000000009095	epochs	-1.0
1469.2589999198913	0.02500000000009095	epochs	1.0
1469.2839999198914	0.009999999999990905	epochs	-1.0
1469.2839999198914	0.009999999999990905	epochs	1.0
1469.2939999198913	0.02500000000009095	epochs	-1.0
1469.2939999198913	0.02500000000009095	epochs	1.0
1469.3189999198914	0.05999999999994543	epochs	-1.0
1469.3189999198914	0.024999999999863576	epochs	-1.0
1469.3189999198914	0.024999999999863576	epochs	1.0
1469.3439999198913	0.009999999999990905	epochs	-1.0
1469.3439999198913	0.009999999999990905	epochs	1.0
1469.3539999198913	0.02500000000009095	epochs	-1.0
1469.3539999198913	0.02500000000009095	epochs	1.0
1469.3789999198914	0.05999999999994543	epochs	-1.0
1469.3789999198914	0.024999999999863576	epochs	-1.0
1469.3789999198914	0.024999999999863576	epochs	1.0
1469.4039999198912	0.010000000000218279	epochs	-1.0
1469.4039999198912	0.010000000000218279	epochs	1.0
1469.4139999198915	0.024999999999863576	epochs	-1.0
1469.4139999198915	0.024999999999863576	epochs	1.0
1469.4389999198913	0.024994999999989886	epochs	1.0
1469.8610000610352	0.09999999999990905	epochs	0.0
1469.8610000610352	0.04500000000007276	epochs	1.0
1469.9060000610352	0.009999999999990905	epochs	1.0
1469.9160000610352	0.044999999999845386	epochs	1.0
1469.961000061035	0.7049950000000536	epochs	0.0
1469.961000061035	0.5	epochs	-1.0
1469.961000061035	0.5	epochs	-1.0
1469.961000061035	0.5	epochs	1.0
1470.461000061035	0.060000000000172804	epochs	-1.0
1470.461000061035	0.02500000000009095	epochs	-1.0
1470.461000061035	0.02500000000009095	epochs	1.0
1470.4860000610352	0.009999999999990905	epochs	-1.0
1470.4860000610352	0.009999999999990905	epochs	1.0
1470.4960000610351	0.02500000000009095	epochs	-1.0
1470.4960000610351	0.02500000000009095	epochs	1.0
1470.5210000610352	0.05999999999994543	epochs	-1.0
1470.5210000610352	0.024999999999863576	epochs	-1.0
1470.5210000610352	0.024999999999863576	epochs	1.0
1470.546000061035	0.009999999999990905	epochs	-1.0
1470.546000061035	0.009999999999990905	epochs	1.0
1470.556000061035	0.02500000000009095	epochs	-1.0
1470.556000061035	0.02500000000009095	epochs	1.0
1470.5810000610352	0.05999999999994543	epochs	-1.0
1470.5810000610352	0.024999999999863576	epochs	-1.0
1470.5810000610352	0.024999999999863576	epochs	1.0
1470.606000061035	0.010000000000218279	epochs	-1.0
1470.606000061035	0.010000000000218279	epochs	1.0
1470.6160000610353	0.024999999999863576	epochs	-1.0
1470.6160000610353	0.024999999999863576	epochs	1.0
1470.6410000610351	0.024994999999989886	epochs	1.0
1471.0250000953674	0.09999999999990905	epochs	0.0
1471.0250000953674	0.04500000000007276	epochs	1.0
1471.0700000953675	0.009999999999990905	epochs	1.0
1471.0800000953675	0.044999999999845386	epochs	1.0
1471.1250000953673	0.7049950000000536	epochs	0.0
1471.1250000953673	0.5	epochs	-1.0
1471.1250000953673	0.5	epochs	-1.0
1471.1250000953673	0.5	epochs	1.0
1471.6250000953673	0.060000000000172804	epochs	-1.0
1471.6250000953673	0.02500000000009095	epochs	-1.0
1471.6250000953673	0.02500000000009095	epochs	1.0
1471.6500000953674	0.009999999999990905	epochs	-1.0
1471.6500000953674	0.009999999999990905	epochs	1.0
1471.6600000953674	0.02500000000009095	epochs	-1.0
1471.6600000953674	0.02500000000009095	epochs	1.0
1471.6850000953675	0.05999999999994543	epochs	-1.0
1471.6850000953675	0.024999999999863576	epochs	-1.0
1471.6850000953675	0.024999999999863576	epochs	1.0
1471.7100000953674	0.009999999999990905	epochs	-1.0
1471.7100000953674	0.009999999999990905	epochs	1.0
1471.7200000953674	0.02500000000009095	epochs	-1.0
1471.7200000953674	0.02500000000009095	epochs	1.0
1471.7450000953675	0.05999999999994543	epochs	-1.0
1471.7450000953675	0.024999999999863576	epochs	-1.0
1471.7450000953675	0.024999999999863576	epochs	1.0
1471.7700000953673	0.010000000000218279	epochs	-1.0
1471.7700000953673	0.010000000000218279	epochs	1.0
1471.7800000953675	0.024999999999863576	epochs	-1.0
1471.7800000953675	0.024999999999863576	epochs	1.0
1471.8050000953674	0.024994999999989886	epochs	1.0
1512.478000164032	0.05505999999991218	epochs	0.0
1512.478000164032	0.02253059999998186	epochs	1.0
1512.500530764032	0.00999879999994846	epochs	1.0
1512.510529564032	0.02253059999998186	epochs	1.0
1512.533060164032	5.9999800000000505	epochs	0.0
1512.533060164032	0.5	epochs	1.0
1512.533066264032	0.5	epochs	-1.0
1512.533066264032	0.5	epochs	-1.0
1513.033060164032	5.0	epochs	1.0
1518.033060164032	0.4999800000000505	epochs	1.0
1518.033066264032	0.4999738999999863	epochs	-1.0
1523.5780000686646	0.05505999999991218	epochs	0.0
1523.5780000686646	0.02253059999998186	epochs	1.0
1523.6005306686645	0.00999879999994846	epochs	1.0
1523.6105294686645	0.02253059999998186	epochs	1.0
1523.6330600686645	2.505780000000186	epochs	0.0
1523.6330600686645	0.5	epochs	1.0
1523.6330661686645	0.5	epochs	-1.0
1524.1330600686645	1.0	epochs	1.0
1525.1330600686645	1.0057800000001862	epochs	1.0
1525.6330661686645	0.5	epochs	-1.0
1526.1388400686646	0.9941999999998643	epochs	0.0
1526.4829998016357	0.05505999999991218	epochs	0.0
1526.4829998016357	0.02253059999998186	epochs	1.0
1526.5055304016357	0.00999879999994846	epochs	1.0
1526.5155292016357	0.02253059999998186	epochs	1.0
1526.5380598016357	2.504760000000033	epochs	0.0
1526.5380598016357	0.5	epochs	1.0
1526.5380659016357	0.5	epochs	-1.0
1527.0380598016357	1.0	epochs	1.0
1528.0380598016357	1.004760000000033	epochs	1.0
1528.5380659016357	0.5	epochs	-1.0
1529.0428198016357	0.9952200000000175	epochs	0.0
1529.383999824524	0.05505999999991218	epochs	0.0
1529.383999824524	0.02253059999998186	epochs	1.0
1529.406530424524	0.00999879999994846	epochs	1.0
1529.4165292245239	0.02253059999998186	epochs	1.0
1529.4390598245238	2.5057600000000093	epochs	0.0
1529.4390598245238	0.5	epochs	1.0
1529.439065924524	0.5	epochs	-1.0
1529.9390598245238	1.0	epochs	1.0
1530.9390598245238	1.0057600000000093	epochs	1.0
1531.439065924524	0.5	epochs	-1.0
1531.9448198245238	0.9942200000000412	epochs	0.0
1532.3109998703003	0.05505999999991218	epochs	0.0
1532.3109998703003	0.02253059999998186	epochs	1.0
1532.3335304703003	0.00999879999994846	epochs	1.0
1532.3435292703002	0.02253059999998186	epochs	1.0
1532.3660598703002	2.5048000000001593	epochs	0.0
1532.3660598703002	0.5	epochs	1.0
1532.3660659703003	0.5	epochs	-1.0
1532.8660598703002	1.0	epochs	1.0
1533.8660598703002	1.0048000000001593	epochs	1.0
1534.3660659703003	0.5	epochs	-1.0
1534.8708598703004	0.9951799999998912	epochs	0.0
1535.21399974823	0.05505999999991218	epochs	0.0
1535.21399974823	0.02253059999998186	epochs	1.0
1535.23653034823	0.00999879999994846	epochs	1.0
1535.24652914823	0.02253059999998186	epochs	1.0
1535.26905974823	2.5047799999999825	epochs	0.0
1535.26905974823	0.5	epochs	1.0
1535.26906584823	0.5	epochs	-1.0
1535.76905974823	1.0	epochs	1.0
1536.76905974823	1.0047799999999825	epochs	1.0
1537.26906584823	0.5	epochs	-1.0
1537.7738397482299	0.995200000000068	epochs	0.0
1538.1679997444153	0.6499799999999141	epochs	0.0
1538.1679997444153	0.049999999999954525	epochs	1.0
1538.2179997444152	0.5	epochs	1.0
1538.7179997444152	0.09997999999995955	epochs	1.0
1539.2379999160767	0.6499799999999141	epochs	0.0
1539.2379999160767	0.049999999999954525	epochs	1.0
1539.2879999160766	0.5	epochs	1.0
1539.7879999160766	0.09997999999995955	epochs	1.0
1540.2789998054504	0.6499799999999141	epochs	0.0
1540.2789998054504	0.049999999999954525	epochs	1.0
1540.3289998054504	0.5	epochs	1.0
1540.8289998054504	0.09997999999995955	epochs	1.0
1541.340000152588	0.6499799999999141	epochs	0.0
1541.340000152588	0.049999999999954525	epochs	1.0
1541.3900001525878	0.5	epochs	1.0
1541.8900001525878	0.09997999999995955	epochs	1.0
1542.3870000839233	0.6499799999999141	epochs	0.0
1542.3870000839233	0.049999999999954525	epochs	1.0
1542.4370000839233	0.5	epochs	1.0
1542.9370000839233	0.09997999999995955	epochs	1.0
1543.441999912262	0.6499799999999141	epochs	0.0
1543.441999912262	0.049999999999954525	epochs	1.0
1543.491999912262	0.5	epochs	1.0
1543.991999912262	0.09997999999995955	epochs	1.0
1544.5159997940063	0.6499799999999141	epochs	0.0
1544.5159997940063	0.049999999999954525	epochs	1.0
1544.5659997940063	0.5	epochs	1.0
1545.0659997940063	0.09997999999995955	epochs	1.0
1545.6259999275208	0.05505999999991218	epochs	0.0
1545.6259999275208	0.02253059999998186	epochs	1.0
1545.6485305275207	0.00999879999994846	epochs	1.0
1545.6585293275207	0.02253059999998186	epochs	1.0
1545.6810599275207	2.5048000000001593	epochs	0.0
1545.6810599275207	0.5	epochs	1.0
1545.6810660275207	0.5	epochs	-1.0
1546.1810599275207	1.0	epochs	1.0
1547.1810599275207	1.0048000000001593	epochs	1.0
1547.6810660275207	0.5	epochs	-1.0
1548.1858599275208	2.995179999999891	epochs	0.0
1550.856999874115	0.05505999999991218	epochs	0.0
1550.856999874115	0.02253059999998186	epochs	1.0
1550.879530474115	0.00999879999994846	epochs	1.0
1550.889529274115	0.02253059999998186	epochs	1.0
1550.912059874115	2.504820000000109	epochs	0.0
1550.912059874115	0.5	epochs	1.0
1550.912065974115	0.5	epochs	-1.0
1551.412059874115	1.0	epochs	1.0
1552.412059874115	1.0048200000001088	epochs	1.0
1552.912065974115	0.5	epochs	-1.0
1553.416879874115	2.9951599999999416	epochs	0.0
1556.0699996948242	0.05505999999991218	epochs	0.0
1556.0699996948242	0.02253059999998186	epochs	1.0
1556.0925302948242	0.00999879999994846	epochs	1.0
1556.1025290948241	0.02253059999998186	epochs	1.0
1556.1250596948241	2.5047799999999825	epochs	0.0
1556.1250596948241	0.5	epochs	1.0
1556.1250657948242	0.5	epochs	-1.0
1556.6250596948241	1.0	epochs	1.0
1557.6250596948241	1.0047799999999825	epochs	1.0
1558.1250657948242	0.5	epochs	-1.0
1558.629839694824	2.995200000000068	epochs	0.0
1561.2739996910095	0.05505999999991218	epochs	0.0
1561.2739996910095	0.02253059999998186	epochs	1.0
1561.2965302910095	0.00999879999994846	epochs	1.0
1561.3065290910095	0.02253059999998186	epochs	1.0
1561.3290596910094	2.504760000000033	epochs	0.0
1561.3290596910094	0.5	epochs	1.0
1561.3290657910095	0.5	epochs	-1.0
1561.8290596910094	1.0	epochs	1.0
1562.8290596910094	1.004760000000033	epochs	1.0
1563.3290657910095	0.5	epochs	-1.0
1563.8338196910095	3.9952200000000175	epochs	0.0
1564.356999874115	0.05505999999991218	epochs	0.0
1564.356999874115	0.02253059999998186	epochs	1.0
1564.379530474115	0.00999879999994846	epochs	1.0
1564.389529274115	0.02253059999998186	epochs	1.0
1564.412059874115	2.5047799999999825	epochs	0.0
1564.412059874115	0.5	epochs	1.0
1564.412065974115	0.5	epochs	-1.0
1564.912059874115	1.0	epochs	1.0
1565.912059874115	1.0047799999999825	epochs	1.0
1566.412065974115	0.5	epochs	-1.0
1566.9168398741149	3.995200000000068	epochs	0.0
1567.4109997749329	0.05505999999991218	epochs	0.0
1567.4109997749329	0.02253059999998186	epochs	1.0
1567.4335303749328	0.00999879999994846	epochs	1.0
1567.4435291749328	0.02253059999998186	epochs	1.0
1567.4660597749328	2.5047799999999825	epochs	0.0
1567.4660597749328	0.5	epochs	1.0
1567.4660658749328	0.5	epochs	-1.0
1567.9660597749328	1.0	epochs	1.0
1568.9660597749328	1.0047799999999825	epochs	1.0
1569.4660658749328	0.5	epochs	-1.0
1569.9708397749328	3.995200000000068	epochs	0.0
1570.4889998435974	0.05505999999991218	epochs	0.0
1570.4889998435974	0.02253059999998186	epochs	1.0
1570.5115304435974	0.00999879999994846	epochs	1.0
1570.5215292435973	0.02253059999998186	epochs	1.0
1570.5440598435973	2.5048000000001593	epochs	0.0
1570.5440598435973	0.5	epochs	1.0
1570.5440659435974	0.5	epochs	-1.0
1571.0440598435973	1.0	epochs	1.0
1572.0440598435973	1.0048000000001593	epochs	1.0
1572.5440659435974	0.5	epochs	-1.0
1573.0488598435975	3.995179999999891	epochs	0.0
1573.5650000572205	0.05505999999991218	epochs	0.0
1573.5650000572205	0.02253059999998186	epochs	1.0
1573.5875306572204	0.00999879999994846	epochs	1.0
1573.5975294572204	0.02253059999998186	epochs	1.0
1573.6200600572204	2.5048000000001593	epochs	0.0
1573.6200600572204	0.5	epochs	1.0
1573.6200661572204	0.5	epochs	-1.0
1574.1200600572204	1.0	epochs	1.0
1575.1200600572204	1.0048000000001593	epochs	1.0
1575.6200661572204	0.5	epochs	-1.0
1576.1248600572205	3.995179999999891	epochs	0.0
1576.6679997444153	0.05505999999991218	epochs	0.0
1576.6679997444153	0.02253059999998186	epochs	1.0
1576.6905303444153	0.00999879999994846	epochs	1.0
1576.7005291444152	0.02253059999998186	epochs	1.0
1576.7230597444152	0.5458200000000488	epochs	0.0
1576.7230597444152	0.5	epochs	1.0
1576.7230658444153	0.5	epochs	-1.0
1577.2230597444152	0.04582000000004882	epochs	1.0
1577.2688797444152	5.954160000000002	epochs	0.0
1592.8239998817444	0.05505999999991218	epochs	0.0
1592.8239998817444	0.02253059999998186	epochs	1.0
1592.8465304817444	0.00999879999994846	epochs	1.0
1592.8565292817443	0.02253059999998186	epochs	1.0
1592.8790598817443	2.5047799999999825	epochs	0.0
1592.8790598817443	0.5	epochs	1.0
1592.8790659817444	0.5	epochs	-1.0
1593.3790598817443	1.0	epochs	1.0
1594.3790598817443	1.0047799999999825	epochs	1.0
1594.8790659817444	0.5	epochs	-1.0
1595.3838398817443	3.995200000000068	epochs	0.0
1595.9709997177124	0.1529800000000705	epochs	0.0
1595.9709997177124	0.049999999999954525	epochs	1.0
1596.0209997177124	0.003000000000156433	epochs	1.0
1596.0239997177125	0.09997999999995955	epochs	1.0
1596.6630001068115	0.1529800000000705	epochs	0.0
1596.6630001068115	0.049999999999954525	epochs	1.0
1596.7130001068115	0.003000000000156433	epochs	1.0
1596.7160001068116	0.09997999999995955	epochs	1.0
1597.378999710083	0.1529800000000705	epochs	0.0
1597.378999710083	0.049999999999954525	epochs	1.0
1597.428999710083	0.003000000000156433	epochs	1.0
1597.4319997100831	0.09997999999995955	epochs	1.0
1598.0829997062683	0.1529800000000705	epochs	0.0
1598.0829997062683	0.049999999999954525	epochs	1.0
1598.1329997062683	0.003000000000156433	epochs	1.0
1598.1359997062684	0.09997999999995955	epochs	1.0
1598.7859997749329	0.1529800000000705	epochs	0.0
1598.7859997749329	0.049999999999954525	epochs	1.0
1598.8359997749328	0.003000000000156433	epochs	1.0
1598.838999774933	0.09997999999995955	epochs	1.0
1599.5139999389648	0.1529800000000705	epochs	0.0
1599.5139999389648	0.049999999999954525	epochs	1.0
1599.5639999389648	0.003000000000156433	epochs	1.0
1599.566999938965	0.09997999999995955	epochs	1.0
1600.2490000724792	0.1529800000000705	epochs	0.0
1600.2490000724792	0.049999999999954525	epochs	1.0
1600.2990000724792	0.003000000000156433	epochs	1.0
1600.3020000724794	0.09997999999995955	epochs	1.0
1600.9920001029968	0.1529800000000705	epochs	0.0
1600.9920001029968	0.049999999999954525	epochs	1.0
1601.0420001029968	0.003000000000156433	epochs	1.0
1601.045000102997	0.09997999999995955	epochs	1.0
1601.704999923706	0.1529800000000705	epochs	0.0
1601.704999923706	0.049999999999954525	epochs	1.0
1601.754999923706	0.003000000000156433	epochs	1.0
1601.7579999237062	0.09997999999995955	epochs	1.0
1602.450999736786	0.1529800000000705	epochs	0.0
1602.450999736786	0.049999999999954525	epochs	1.0
1602.5009997367858	0.003000000000156433	epochs	1.0
1602.503999736786	0.09997999999995955	epochs	1.0
1603.218999862671	0.1529800000000705	epochs	0.0
1603.218999862671	0.049999999999954525	epochs	1.0
1603.2689998626709	0.003000000000156433	epochs	1.0
1603.271999862671	0.09997999999995955	epochs	1.0
1603.9939999580383	0.1529800000000705	epochs	0.0
1603.9939999580383	0.049999999999954525	epochs	1.0
1604.0439999580383	0.003000000000156433	epochs	1.0
1604.0469999580384	0.09997999999995955	epochs	1.0
1604.766999721527	0.1529800000000705	epochs	0.0
1604.766999721527	0.049999999999954525	epochs	1.0
1604.816999721527	0.003000000000156433	epochs	1.0
1604.8199997215272	0.09997999999995955	epochs	1.0
1605.5559997558594	0.1529800000000705	epochs	0.0
1605.5559997558594	0.049999999999954525	epochs	1.0
1605.6059997558593	0.003000000000156433	epochs	1.0
1605.6089997558595	0.09997999999995955	epochs	1.0
1606.351999759674	0.1529800000000705	epochs	0.0
1606.351999759674	0.049999999999954525	epochs	1.0
1606.401999759674	0.003000000000156433	epochs	1.0
1606.4049997596742	0.09997999999995955	epochs	1.0
1607.1500000953674	0.1529800000000705	epochs	0.0
1607.1500000953674	0.049999999999954525	epochs	1.0
1607.2000000953674	0.003000000000156433	epochs	1.0
1607.2030000953675	0.09997999999995955	epochs	1.0
1607.9390001296997	0.1529800000000705	epochs	0.0
1607.9390001296997	0.049999999999954525	epochs	1.0
1607.9890001296997	0.003000000000156433	epochs	1.0
1607.9920001296998	0.09997999999995955	epochs	1.0
1608.766999721527	0.1529800000000705	epochs	0.0
1608.766999721527	0.049999999999954525	epochs	1.0
1608.816999721527	0.003000000000156433	epochs	1.0
1608.8199997215272	0.09997999999995955	epochs	1.0
1609.5840001106262	0.1529800000000705	epochs	0.0
1609.5840001106262	0.049999999999954525	epochs	1.0
1609.6340001106262	0.003000000000156433	epochs	1.0
1609.6370001106263	0.09997999999995955	epochs	1.0
1610.4210000038147	0.1529800000000705	epochs	0.0
1610.4210000038147	0.049999999999954525	epochs	1.0
1610.4710000038147	0.003000000000156433	epochs	1.0
1610.4740000038148	0.09997999999995955	epochs	1.0
1611.3579998016357	0.05505999999991218	epochs	0.0
1611.3579998016357	0.02253059999998186	epochs	1.0
1611.3805304016357	0.00999879999994846	epochs	1.0
1611.3905292016357	0.02253059999998186	epochs	1.0
1611.4130598016357	1.5447599999999966	epochs	0.0
1611.4130598016357	0.5	epochs	1.0
1611.4130659016357	0.5	epochs	-1.0
1611.9130598016357	0.003000000000156433	epochs	1.0
1611.9160598016358	1.0417599999998401	epochs	1.0
1612.4160659016356	0.5	epochs	-1.0
1612.9578198016357	0.0582200000001194	epochs	0.0
1613.5879998207092	0.05505999999991218	epochs	0.0
1613.5879998207092	0.02253059999998186	epochs	1.0
1613.6105304207092	0.00999879999994846	epochs	1.0
1613.6205292207092	0.02253059999998186	epochs	1.0
1613.6430598207091	1.5058000000001357	epochs	0.0
1613.6430598207091	0.5	epochs	1.0
1613.6430659207092	0.5	epochs	-1.0
1614.1430598207091	0.003000000000156433	epochs	1.0
1614.1460598207093	1.0027999999999793	epochs	1.0
1614.6460659207091	0.5	epochs	-1.0
1615.1488598207093	0.09717999999998028	epochs	0.0
1615.7529997825623	0.05505999999991218	epochs	0.0
1615.7529997825623	0.02253059999998186	epochs	1.0
1615.7755303825622	0.00999879999994846	epochs	1.0
1615.7855291825622	0.02253059999998186	epochs	1.0
1615.8080597825622	1.5457800000001498	epochs	0.0
1615.8080597825622	0.5	epochs	1.0
1615.8080658825622	0.5	epochs	-1.0
1616.3080597825622	0.003000000000156433	epochs	1.0
1616.3110597825623	1.0427799999999934	epochs	1.0
1616.8110658825622	0.5	epochs	-1.0
1617.3538397825623	0.05719999999996617	epochs	0.0
1618.0679998397827	0.05505999999991218	epochs	0.0
1618.0679998397827	0.02253059999998186	epochs	1.0
1618.0905304397827	0.00999879999994846	epochs	1.0
1618.1005292397826	0.02253059999998186	epochs	1.0
1618.1230598397826	10.90560000000005	epochs	0.0
1618.1230598397826	0.5	epochs	1.0
1618.1230659397827	0.5	epochs	-1.0
1618.6230598397826	10.40560000000005	epochs	1.0
1628.0277998397828	1.000859999999875	epochs	-1.0
1628.0277998397828	0.03995999999983724	epochs	-1.0
1628.5252859397826	0.5	epochs	-1.0
1629.0286598397827	8.594380000000001	epochs	0.0
1629.8340001106262	0.05505999999991218	epochs	0.0
1629.8340001106262	0.02253059999998186	epochs	1.0
1629.8565307106262	0.00999879999994846	epochs	1.0
1629.8665295106262	0.02253059999998186	epochs	1.0
1629.8890601106261	10.764660000000049	epochs	0.0
1629.8890601106261	0.5	epochs	1.0
1629.8890662106262	0.5	epochs	-1.0
1630.3890601106261	10.264660000000049	epochs	1.0
1639.6538601106263	0.9998599999998987	epochs	-1.0
1639.6538601106263	0.03993999999988773	epochs	-1.0
1640.1513462106261	0.5	epochs	-1.0
1640.6537201106262	8.735320000000002	epochs	0.0
1641.391999721527	0.05505999999991218	epochs	0.0
1641.391999721527	0.02253059999998186	epochs	1.0
1641.414530321527	0.00999879999994846	epochs	1.0
1641.424529121527	0.02253059999998186	epochs	1.0
1641.447059721527	10.845600000000104	epochs	0.0
1641.447059721527	0.5	epochs	1.0
1641.447065821527	0.5	epochs	-1.0
1641.947059721527	10.345600000000104	epochs	1.0
1651.292779721527	0.9998800000000756	epochs	-1.0
1651.292779721527	0.03989999999998872	epochs	-1.0
1651.790265821527	0.5	epochs	-1.0
1652.2926597215271	8.654379999999946	epochs	0.0
1691.7789998054504	0.055039999999962674	epochs	0.0
1691.7789998054504	0.022522400000070775	epochs	1.0
1691.8015222054505	0.009995199999821125	epochs	1.0
1691.8115174054503	0.022522400000070775	epochs	1.0
1691.8340398054504	2.0	epochs	0.0
1693.8340398054504	5.3844799999999395	epochs	0.0
1693.8340398054504	1.0	epochs	1.0
1693.8340659054504	0.5	epochs	-1.0
1694.3340659054504	4.884453899999926	epochs	-1.0
1694.8340398054504	4.3844799999999395	epochs	1.0
1694.8340398054504	4.356753900000058	epochs	-1.0
1694.8340398054504	1.9745872000000873	epochs	2.0
1694.8340398054504	1.0985622000000603	epochs	3.0
1695.9326020054505	0.8760250000000269	epochs	3.0
1696.8086270054505	1.3524075000000266	epochs	2.0
1696.8086270054505	0.7286354999998821	epochs	3.0
1697.5372625054504	0.6237720000001445	epochs	3.0
1698.1610345054505	1.029759199999944	epochs	2.0
1698.1610345054505	0.5453292999998212	epochs	3.0
1698.7063638054503	0.48442990000012287	epochs	3.0
1699.1907937054505	0.027726099999881626	epochs	2.0
1699.1907937054505	0.027726099999881626	epochs	3.0
1699.2185198054503	16.615440000000035	epochs	0.0
1700.1999998092651	0.055039999999962674	epochs	0.0
1700.1999998092651	0.022522400000070775	epochs	1.0
1700.2225222092652	0.009995199999821125	epochs	1.0
1700.232517409265	0.022522400000070775	epochs	1.0
1700.255039809265	2.0	epochs	0.0
1702.255039809265	21.999919999999975	epochs	0.0
1702.255039809265	1.0	epochs	1.0
1702.255065909265	0.5	epochs	-1.0
1702.755065909265	19.99928	epochs	-1.0
1703.255039809265	20.0	epochs	1.0
1703.255039809265	4.356753900000058	epochs	-1.0
1703.255039809265	1.9745872000000873	epochs	2.0
1703.255039809265	1.0985622000000603	epochs	3.0
1704.3536020092652	0.8760250000000269	epochs	3.0
1705.2296270092652	1.3524075000000266	epochs	2.0
1705.2296270092652	0.7286354999998821	epochs	3.0
1705.958262509265	0.6237720000001445	epochs	3.0
1706.5820345092652	1.029759199999944	epochs	2.0
1706.5820345092652	0.5453292999998212	epochs	3.0
1707.127363809265	0.48442990000012287	epochs	3.0
1707.6117937092652	0.8317861999998968	epochs	2.0
1707.6117937092652	0.4357763000000432	epochs	3.0
1708.0475700092652	0.3960098999998536	epochs	3.0
1708.443579909265	0.6977970000000369	epochs	2.0
1708.443579909265	0.3628982000000178	epochs	3.0
1708.806478109265	0.33489880000001904	epochs	3.0
1709.141376909265	0.601045699999986	epochs	2.0
1709.141376909265	0.3109123000001546	epochs	3.0
1709.4522892092652	0.29013339999983145	epochs	3.0
1709.742422609265	0.5278859000000011	epochs	2.0
1709.742422609265	0.2719586000000618	epochs	3.0
1710.0143812092651	0.25592729999993935	epochs	3.0
1710.270308509265	0.470619299999953	epochs	2.0
1710.270308509265	0.241681299999982	epochs	3.0
1710.511989809265	0.228937999999971	epochs	3.0
1710.740927809265	0.42457039999999324	epochs	2.0
1710.740927809265	0.21747140000002219	epochs	3.0
1710.958399209265	0.20709899999997106	epochs	3.0
1711.165498209265	0.3867354000001342	epochs	2.0
1711.165498209265	0.19767110000020693	epochs	3.0
1711.3631693092652	0.18906429999992724	epochs	3.0
1711.5522336092652	0.35509529999990264	epochs	2.0
1711.5522336092652	0.18117589999997108	epochs	3.0
1711.7334095092651	0.17391939999993156	epochs	3.0
1711.907328909265	0.3282431000000088	epochs	2.0
1711.907328909265	0.167221900000186	epochs	3.0
1712.0745508092652	0.16102119999982278	epochs	3.0
1712.235572009265	0.30516800000009425	epochs	2.0
1712.235572009265	0.15526390000013635	epochs	3.0
1712.3908359092652	0.1499040999999579	epochs	3.0
1712.5407400092652	0.28512529999989056	epochs	2.0
1712.5407400092652	0.1449021000000812	epochs	3.0
1712.6856421092652	0.14022319999980937	epochs	3.0
1712.825865309265	0.267553800000087	epochs	2.0
1712.825865309265	0.13583690000018578	epochs	3.0
1712.9617022092652	0.13171689999990122	epochs	3.0
1713.0934191092651	0.252022899999929	epochs	2.0
1713.0934191092651	0.1278393000000051	epochs	3.0
1713.2212584092651	0.1241835999999239	epochs	3.0
1713.345442009265	0.23819649999995818	epochs	2.0
1713.345442009265	0.12073110000005727	epochs	3.0
1713.4661731092651	0.11746539999990091	epochs	3.0
1713.583638509265	0.2258088000000953	epochs	2.0
1713.583638509265	0.11437190000015107	epochs	3.0
1713.6980104092652	0.11143689999994422	epochs	3.0
1713.8094473092651	0.21464599999990241	epochs	2.0
1713.8094473092651	0.10864889999993466	epochs	3.0
1713.918096209265	0.10599709999996776	epochs	3.0
1714.024093309265	0.20453500000007807	epochs	2.0
1714.024093309265	0.10347150000006877	epochs	3.0
1714.127564809265	0.1010635000000093	epochs	3.0
1714.228628309265	0.19533400000000256	epochs	2.0
1714.228628309265	0.09876510000003691	epochs	3.0
1714.3273934092651	0.09656889999996565	epochs	3.0
1714.423962309265	0.18692529999998442	epochs	2.0
1714.423962309265	0.09446830000001682	epochs	3.0
1714.5184306092651	0.09245699999996759	epochs	3.0
1714.610887609265	0.1792107000001124	epochs	2.0
1714.610887609265	0.0905296000000817	epochs	3.0
1714.7014172092652	0.08868110000003071	epochs	3.0
1714.7900983092652	0.17210769999996955	epochs	2.0
1714.7900983092652	0.08690630000000965	epochs	3.0
1714.8770046092652	0.0852013999999599	epochs	3.0
1714.9622060092652	0.16554640000003928	epochs	2.0
1714.9622060092652	0.08356189999994967	epochs	3.0
1715.0457679092651	0.08198450000008961	epochs	3.0
1715.1277524092652	0.15946710000002895	epochs	2.0
1715.1277524092652	0.08046539999986635	epochs	3.0
1715.208217809265	0.0790017000001626	epochs	3.0
1715.2872195092652	0.1538183999998637	epochs	2.0
1715.2872195092652	0.07759009999995214	epochs	3.0
1715.3648096092652	0.07622829999991154	epochs	3.0
1715.441037909265	0.14855639999996129	epochs	2.0
1715.441037909265	0.07491329999993468	epochs	3.0
1715.515951209265	0.0736431000000266	epochs	3.0
1715.589594309265	0.14364240000008976	epochs	2.0
1715.589594309265	0.07241500000009182	epochs	3.0
1715.6620093092652	0.07122739999999794	epochs	3.0
1715.7332367092652	0.13904309999998077	epochs	2.0
1715.7332367092652	0.07007799999996678	epochs	3.0
1715.8033147092651	0.06896510000001399	epochs	3.0
1715.8722798092651	0.13472929999988992	epochs	2.0
1715.8722798092651	0.0678871000000072	epochs	3.0
1715.9401669092651	0.06684219999988272	epochs	3.0
1716.007009109265	0.1306752000000415	epochs	2.0
1716.007009109265	0.06582910000020092	epochs	3.0
1716.0728382092652	0.06484609999984059	epochs	3.0
1716.137684309265	0.12685780000015257	epochs	2.0
1716.137684309265	0.06389200000012352	epochs	3.0
1716.2015763092652	0.06296580000002905	epochs	3.0
1716.2645421092652	0.12325719999989815	epochs	2.0
1716.2645421092652	0.06206579999980022	epochs	3.0
1716.326607909265	0.06119140000009793	epochs	3.0
1716.3877993092651	0.11985540000000583	epochs	2.0
1716.3877993092651	0.060341099999959624	epochs	3.0
1716.448140409265	0.059514300000046205	epochs	3.0
1716.5076547092651	0.1166361999999026	epochs	2.0
1716.5076547092651	0.058709599999929196	epochs	3.0
1716.566364309265	0.057926599999973405	epochs	3.0
1716.624290909265	0.11358560000007856	epochs	2.0
1716.624290909265	0.057164200000215715	epochs	3.0
1716.6814551092652	0.05642139999986284	epochs	3.0
1716.737876509265	0.11069049999991876	epochs	2.0
1716.737876509265	0.055697900000041045	epochs	3.0
1716.7935744092651	0.05499259999987771	epochs	3.0
1716.848567009265	0.1079391000000669	epochs	2.0
1716.848567009265	0.05430490000003374	epochs	3.0
1716.902871909265	0.05363420000003316	epochs	3.0
1716.956506109265	0.10532149999994544	epochs	2.0
1716.956506109265	0.05297999999993408	epochs	3.0
1717.009486109265	0.052341500000011365	epochs	3.0
1717.061827609265	0.10282760000018243	epochs	2.0
1717.061827609265	0.05171810000001642	epochs	3.0
1717.113545709265	0.05110950000016601	epochs	3.0
1717.1646552092652	0.10044909999987794	epochs	2.0
1717.1646552092652	0.0505148999998255	epochs	3.0
1717.215170109265	0.04993420000005244	epochs	3.0
1717.265104309265	0.0981782999999723	epochs	2.0
1717.265104309265	0.04936659999998483	epochs	3.0
1717.314470909265	0.04881169999998747	epochs	3.0
1717.363282609265	0.09600780000005216	epochs	2.0
1717.363282609265	0.04826920000004975	epochs	3.0
1717.4115518092651	0.04773860000000241	epochs	3.0
1717.4592904092651	0.09393120000004274	epochs	2.0
1717.4592904092651	0.04721949999998287	epochs	3.0
1717.506509909265	0.046711700000059864	epochs	3.0
1717.5532216092652	0.09194260000003851	epochs	2.0
1717.5532216092652	0.046214599999984785	epochs	3.0
1717.5994362092651	0.045728000000053726	epochs	3.0
1717.6451642092652	0.09003629999983787	epochs	2.0
1717.6451642092652	0.045251499999949374	epochs	3.0
1717.6904157092652	0.04478479999988849	epochs	3.0
1717.735200509265	0.08820760000003247	epochs	2.0
1717.735200509265	0.044327800000019124	epochs	3.0
1717.779528309265	0.04387980000001335	epochs	3.0
1717.823408109265	0.0864516999999978	epochs	2.0
1717.823408109265	0.04344100000002982	epochs	3.0
1717.866849109265	0.04301069999996798	epochs	3.0
1717.909859809265	0.08476429999996071	epochs	2.0
1717.909859809265	0.04258900000013455	epochs	3.0
1717.9524488092652	0.042175299999826166	epochs	3.0
1717.994624109265	0.08314150000001064	epochs	2.0
1717.994624109265	0.04176970000003166	epochs	3.0
1718.036393809265	0.041371799999978975	epochs	3.0
1718.077765609265	0.08157970000002024	epochs	2.0
1718.077765609265	0.04098140000019157	epochs	3.0
1718.1187470092652	0.04059829999982867	epochs	3.0
1718.159345309265	0.08007550000002084	epochs	2.0
1718.159345309265	0.040222300000095856	epochs	3.0
1718.1995676092652	0.03985319999992498	epochs	3.0
1718.239420809265	0.07862569999997504	epochs	2.0
1718.239420809265	0.039490800000066884	epochs	3.0
1718.2789116092652	0.03913489999990816	epochs	3.0
1718.318046509265	0.07722760000001472	epochs	2.0
1718.318046509265	0.038785400000051595	epochs	3.0
1718.356831909265	0.03844219999996312	epochs	3.0
1718.395274109265	0.07587820000003376	epochs	2.0
1718.395274109265	0.03810480000015559	epochs	3.0
1718.4333789092652	0.037773399999878166	epochs	3.0
1718.471152309265	0.0745752000000266	epochs	2.0
1718.471152309265	0.03744770000002973	epochs	3.0
1718.5086000092651	0.03712749999999687	epochs	3.0
1718.5457275092651	0.07331629999998768	epochs	2.0
1718.5457275092651	0.0368129000000863	epochs	3.0
1718.5825404092652	0.036503399999901376	epochs	3.0
1718.6190438092651	0.07209899999998015	epochs	2.0
1718.6190438092651	0.03619909999997617	epochs	3.0
1718.655242909265	0.03589990000000398	epochs	3.0
1718.691142809265	0.07092170000009901	epochs	2.0
1718.691142809265	0.03560560000005353	epochs	3.0
1718.7267484092652	0.03531610000004548	epochs	3.0
1718.7620645092652	0.06978200000003199	epochs	2.0
1718.7620645092652	0.03503120000004856	epochs	3.0
1718.7970957092652	0.03475079999998343	epochs	3.0
1718.8318465092652	0.06867859999988468	epochs	2.0
1718.8318465092652	0.03447510000000875	epochs	3.0
1718.8663216092652	0.03420349999987593	epochs	3.0
1718.9005251092651	0.06760929999995824	epochs	2.0
1718.9005251092651	0.033936199999970995	epochs	3.0
1718.934461309265	0.033673099999987244	epochs	3.0
1718.968134409265	0.06657289999998284	epochs	2.0
1718.968134409265	0.03341399999999339	epochs	3.0
1719.001548409265	0.033158899999989444	epochs	3.0
1719.034707309265	0.06556780000005347	epochs	2.0
1719.034707309265	0.03290770000012344	epochs	3.0
1719.0676150092652	0.032660099999930026	epochs	3.0
1719.100275109265	0.06459259999996902	epochs	2.0
1719.100275109265	0.03241640000010193	epochs	3.0
1719.1326915092652	0.032176199999867094	epochs	3.0
1719.164867709265	0.06364600000006249	epochs	2.0
1719.164867709265	0.03193959999998697	epochs	3.0
1719.196807309265	0.03170640000007552	epochs	3.0
1719.2285137092651	0.0627266999999847	epochs	2.0
1719.2285137092651	0.031476599999905375	epochs	3.0
1719.259990309265	0.03125010000007933	epochs	3.0
1719.2912404092651	0.06183359999999993	epochs	2.0
1719.2912404092651	0.03102689999991526	epochs	3.0
1719.322267309265	0.030806700000084675	epochs	3.0
1719.3530740092651	0.060965599999917686	epochs	2.0
1719.3530740092651	0.030589799999916067	epochs	3.0
1719.383663809265	0.030375800000001618	epochs	3.0
1719.414039609265	0.06012160000000222	epochs	2.0
1719.414039609265	0.030164900000045236	epochs	3.0
1719.444204509265	0.02995669999995698	epochs	3.0
1719.474161209265	0.05930069999999432	epochs	2.0
1719.474161209265	0.029751600000054168	epochs	3.0
1719.503912809265	0.029549099999940154	epochs	3.0
1719.533461909265	0.058501800000158255	epochs	2.0
1719.533461909265	0.02934940000000097	epochs	3.0
1719.562811309265	0.029152400000157286	epochs	3.0
1719.5919637092652	0.05772419999993872	epochs	2.0
1719.5919637092652	0.028957999999875028	epochs	3.0
1719.620921709265	0.02876620000006369	epochs	3.0
1719.6496879092651	0.05696710000006533	epochs	2.0
1719.6496879092651	0.028577000000041153	epochs	3.0
1719.6782649092652	0.028390100000024177	epochs	3.0
1719.7066550092652	0.05622949999997218	epochs	2.0
1719.7066550092652	0.028205699999944045	epochs	3.0
1719.7348607092651	0.028023800000028132	epochs	3.0
1719.7628845092652	0.05551070000001346	epochs	2.0
1719.7628845092652	0.027843999999959124	epochs	3.0
1719.7907285092651	0.027666700000054334	epochs	3.0
1719.8183952092652	0.054810200000019904	epochs	2.0
1719.8183952092652	0.02749149999999645	epochs	3.0
1719.8458867092652	0.027318700000023455	epochs	3.0
1719.8732054092652	0.054126999999880354	epochs	2.0
1719.8732054092652	0.027147799999966082	epochs	3.0
1719.9003532092652	0.026979199999914272	epochs	3.0
1719.927332409265	0.053460699999959616	epochs	2.0
1719.927332409265	0.026812600000084785	epochs	3.0
1719.9541450092652	0.02664809999987483	epochs	3.0
1719.980793109265	0.05281070000000909	epochs	2.0
1719.980793109265	0.026485600000114573	epochs	3.0
1720.0072787092652	0.02632509999989452	epochs	3.0
1720.033603809265	0.05217620000007628	epochs	2.0
1720.033603809265	0.026166399999965506	epochs	3.0
1720.059770209265	0.026009800000110772	epochs	3.0
1720.0857800092651	0.051556699999991906	epochs	2.0
1720.0857800092651	0.025854799999933675	epochs	3.0
1720.111634809265	0.02570190000005823	epochs	3.0
1720.1373367092651	0.05095189999997274	epochs	2.0
1720.1373367092651	0.025550699999939752	epochs	3.0
1720.162887409265	0.025401200000032986	epochs	3.0
1720.188288609265	0.05036100000006627	epochs	2.0
1720.188288609265	0.025253499999962514	epochs	3.0
1720.213542109265	0.025107500000103755	epochs	3.0
1720.2386496092652	0.04978379999988647	epochs	2.0
1720.2386496092652	0.02496320000000196	epochs	3.0
1720.2636128092652	0.024820599999884507	epochs	3.0
1720.288433409265	0.04921950000016295	epochs	2.0
1720.288433409265	0.024679399999968155	epochs	3.0
1720.313112809265	0.024540100000194798	epochs	3.0
1720.3376529092652	0.04866789999982757	epochs	2.0
1720.3376529092652	0.024402099999861093	epochs	3.0
1720.362055009265	0.024265799999966475	epochs	3.0
1720.386320809265	0.04812860000015462	epochs	2.0
1720.386320809265	0.024131000000124914	epochs	3.0
1720.4104518092652	0.023997600000029706	epochs	3.0
1720.4344494092652	0.04760109999983797	epochs	2.0
1720.4344494092652	0.02386579999983951	epochs	3.0
1720.458315209265	0.02373529999999846	epochs	3.0
1720.482050509265	0.04708500000015192	epochs	2.0
1720.482050509265	0.023606300000210467	epochs	3.0
1720.5056568092652	0.023478699999941455	epochs	3.0
1720.5291355092652	0.046579999999948996	epochs	2.0
1720.5291355092652	0.023352499999873544	epochs	3.0
1720.552488009265	0.02322750000007545	epochs	3.0
1720.5757155092651	0.046085700000048746	epochs	2.0
1720.5757155092651	0.023104000000103042	epochs	3.0
1720.5988195092652	0.022981699999945704	epochs	3.0
1720.6218012092652	0.045601799999985815	epochs	2.0
1720.6218012092652	0.02286069999991014	epochs	3.0
1720.644661909265	0.022741100000075676	epochs	3.0
1720.6674030092652	0.045127899999897636	epochs	2.0
1720.6674030092652	0.022622499999897627	epochs	3.0
1720.690025509265	0.02250540000000001	epochs	3.0
1720.712530909265	0.0446638000000803	epochs	2.0
1720.712530909265	0.02238929999998618	epochs	3.0
1720.734920209265	0.022274500000094122	epochs	3.0
1720.7571947092651	0.04420920000006845	epochs	2.0
1720.7571947092651	0.022160799999937808	epochs	3.0
1720.779355509265	0.02204840000013064	epochs	3.0
1720.8014039092652	0.04376359999992019	epochs	2.0
1720.8014039092652	0.02193689999990056	epochs	3.0
1720.8233408092651	0.021826700000019628	epochs	3.0
1720.8451675092651	0.04332709999994222	epochs	2.0
1720.8451675092651	0.02171760000010181	epochs	3.0
1720.8668851092652	0.02160949999984041	epochs	3.0
1720.888494609265	0.04289900000003399	epochs	2.0
1720.888494609265	0.02150249999999687	epochs	3.0
1720.909997109265	0.021396500000037122	epochs	3.0
1720.9313936092651	0.04247950000012679	epochs	2.0
1720.9313936092651	0.021291700000119818	epochs	3.0
1720.9526853092652	0.021187800000006973	epochs	3.0
1720.9738731092652	0.04206789999989269	epochs	2.0
1720.9738731092652	0.02108490000000529	epochs	3.0
1720.9949580092652	0.020982999999887397	epochs	3.0
1721.0159410092651	0.04166439999994509	epochs	2.0
1721.0159410092651	0.020882199999959994	epochs	3.0
1721.036823209265	0.020782199999985096	epochs	3.0
1721.057605409265	0.04126850000011473	epochs	2.0
1721.057605409265	0.020683299999973315	epochs	3.0
1721.078288709265	0.020585200000141413	epochs	3.0
1721.0988739092652	0.04088000000001557	epochs	2.0
1721.0988739092652	0.020488099999965925	epochs	3.0
1721.1193620092652	0.020391900000049645	epochs	3.0
1721.1397539092652	0.04049880000002304	epochs	2.0
1721.1397539092652	0.020296599999937825	epochs	3.0
1721.1600505092651	0.020202200000085213	epochs	3.0
1721.1802527092652	0.040124599999899146	epochs	2.0
1721.1802527092652	0.020108699999809687	epochs	3.0
1721.200361409265	0.02001590000008946	epochs	3.0
1721.2203773092651	0.03975730000001931	epochs	2.0
1721.2203773092651	0.019924200000104975	epochs	3.0
1721.2403015092652	0.01983309999991434	epochs	3.0
1721.2601346092652	0.03939669999999751	epochs	2.0
1721.2601346092652	0.01974300000006224	epochs	3.0
1721.2798776092652	0.01965369999993527	epochs	3.0
1721.2995313092651	0.03904239999997117	epochs	2.0
1721.2995313092651	0.019565099999908853	epochs	3.0
1721.319096409265	0.019477300000062314	epochs	3.0
1721.3385737092651	0.038694600000098944	epochs	2.0
1721.3385737092651	0.019390400000020236	epochs	3.0
1721.3579641092651	0.01930420000007871	epochs	3.0
1721.3772683092652	0.038352899999836154	epochs	2.0
1721.3772683092652	0.019218799999862313	epochs	3.0
1721.396487109265	0.01913409999997384	epochs	3.0
1721.415621209265	0.03801720000001296	epochs	2.0
1721.415621209265	0.019050200000037876	epochs	3.0
1721.434671409265	0.018966999999975087	epochs	3.0
1721.453638409265	0.03768720000016401	epochs	2.0
1721.453638409265	0.01888450000001285	epochs	3.0
1721.472522909265	0.018802700000151162	epochs	3.0
1721.4913256092652	0.03736309999999321	epochs	2.0
1721.4913256092652	0.018721700000014607	epochs	3.0
1721.5100473092652	0.018641399999978603	epochs	3.0
1721.5286887092652	0.03704429999993408	epochs	2.0
1721.5286887092652	0.018561599999884493	epochs	3.0
1721.547250309265	0.01848270000004959	epochs	3.0
1721.5657330092652	0.03673099999991791	epochs	2.0
1721.5657330092652	0.018404299999929208	epochs	3.0
1721.584137309265	0.018326699999988705	epochs	3.0
1721.602464009265	0.03642290000016146	epochs	2.0
1721.602464009265	0.018249599999990096	epochs	3.0
1721.620713609265	0.018173300000171366	epochs	3.0
1721.6388869092652	0.036120099999834565	epochs	2.0
1721.6388869092652	0.01809759999991911	epochs	3.0
1721.6569845092652	0.018022499999915453	epochs	3.0
1721.675007009265	0.035822100000132195	epochs	2.0
1721.675007009265	0.017947900000081063	epochs	3.0
1721.6929549092652	0.017874200000051133	epochs	3.0
1721.7108291092652	0.03552899999999681	epochs	2.0
1721.7108291092652	0.017800800000031813	epochs	3.0
1721.7286299092652	0.017728199999965	epochs	3.0
1721.7463581092652	0.03524070000003121	epochs	2.0
1721.7463581092652	0.01765609999984008	epochs	3.0
1721.764014209265	0.01758460000019113	epochs	3.0
1721.7815988092652	0.03495709999992869	epochs	2.0
1721.7815988092652	0.017513699999881283	epochs	3.0
1721.7991125092651	0.017443400000047404	epochs	3.0
1721.8165559092652	0.034677899999906	epochs	2.0
1721.8165559092652	0.017373599999928047	epochs	3.0
1721.833929509265	0.017304299999977957	epochs	3.0
1721.851233809265	0.03440330000012182	epochs	2.0
1721.851233809265	0.017235700000128418	epochs	3.0
1721.8684695092652	0.0171675999999934	epochs	3.0
1721.8856371092652	0.03413279999995211	epochs	2.0
1721.8856371092652	0.01709989999994832	epochs	3.0
1721.9027370092651	0.017032900000003792	epochs	3.0
1721.9197699092651	0.03386670000008962	epochs	2.0
1721.9197699092651	0.01696640000000116	epochs	3.0
1721.9367363092651	0.016900300000088464	epochs	3.0
1721.9536366092652	0.03360459999998966	epochs	2.0
1721.9536366092652	0.01683479999996962	epochs	3.0
1721.9704714092652	0.01676980000002004	epochs	3.0
1721.9872412092652	0.033346599999958926	epochs	2.0
1721.9872412092652	0.016705300000012357	epochs	3.0
1722.0039465092652	0.01664129999994657	epochs	3.0
1722.0205878092652	0.03309250000006614	epochs	2.0
1722.0205878092652	0.016577800000050047	epochs	3.0
1722.0371656092652	0.01651470000001609	epochs	3.0
1722.0536803092652	0.03284229999985655	epochs	2.0
1722.0536803092652	0.016452199999775985	epochs	3.0
1722.070132509265	0.016390100000080565	epochs	3.0
1722.086522609265	0.03259570000000167	epochs	2.0
1722.086522609265	0.016328400000020338	epochs	3.0
1722.1028510092651	0.016267299999981333	epochs	3.0
1722.119118309265	0.032352899999978035	epochs	2.0
1722.119118309265	0.016206600000032267	epochs	3.0
1722.1353249092651	0.016146299999945768	epochs	3.0
1722.151471209265	0.032113700000081735	epochs	2.0
1722.151471209265	0.016086600000107865	epochs	3.0
1722.1675578092652	0.01602709999997387	epochs	3.0
1722.1835849092652	0.03187800000000607	epochs	2.0
1722.1835849092652	0.0159681999998611	epochs	3.0
1722.199553109265	0.01590980000014497	epochs	3.0
1722.2154629092652	0.03164569999989908	epochs	2.0
1722.2154629092652	0.015851599999905375	epochs	3.0
1722.231314509265	0.015794099999993705	epochs	3.0
1722.247108609265	0.03141670000013619	epochs	2.0
1722.247108609265	0.015736700000161363	epochs	3.0
1722.2628453092652	0.015679999999974825	epochs	3.0
1722.2785253092652	0.03119109999988723	epochs	2.0
1722.2785253092652	0.015623600000026272	epochs	3.0
1722.2941489092652	0.015567499999860956	epochs	3.0
1722.309716409265	0.03096870000013041	epochs	2.0
1722.309716409265	0.015511999999944237	epochs	3.0
1722.325228409265	0.015456700000186174	epochs	3.0
1722.3406851092652	0.030749499999956242	epochs	2.0
1722.3406851092652	0.015401999999994587	epochs	3.0
1722.3560871092652	0.015347499999961656	epochs	3.0
1722.3714346092652	0.03053320000003623	epochs	2.0
1722.3714346092652	0.015293400000018664	epochs	3.0
1722.3867280092652	0.015239800000017567	epochs	3.0
1722.4019678092652	0.030320099999926242	epochs	2.0
1722.4019678092652	0.015186500000027081	epochs	3.0
1722.4171543092652	0.015133599999899161	epochs	3.0
1722.4322879092651	0.03010990000007041	epochs	2.0
1722.4322879092651	0.015081000000009226	epochs	3.0
1722.4473689092652	0.015028900000061185	epochs	3.0
1722.4623978092652	0.029902499999934662	epochs	2.0
1722.4623978092652	0.014976999999817053	epochs	3.0
1722.477374809265	0.014925500000117609	epochs	3.0
1722.4923003092651	0.029698099999905025	epochs	2.0
1722.4923003092651	0.014874400000053356	epochs	3.0
1722.5071747092652	0.01482369999985167	epochs	3.0
1722.521998409265	0.029496300000118936	epochs	2.0
1722.521998409265	0.014773200000036013	epochs	3.0
1722.536771609265	0.014723100000082923	epochs	3.0
1722.5514947092652	0.029297399999904883	epochs	2.0
1722.5514947092652	0.014673399999992398	epochs	3.0
1722.5661681092652	0.014623999999912485	epochs	3.0
1722.580792109265	0.02910110000016175	epochs	2.0
1722.580792109265	0.014574900000070556	epochs	3.0
1722.5953670092651	0.014526200000091194	epochs	3.0
1722.6098932092652	0.028907399999980044	epochs	2.0
1722.6098932092652	0.01447769999981574	epochs	3.0
1722.624370909265	0.014429700000164303	epochs	3.0
1722.6388006092652	0.028716199999962555	epochs	2.0
1722.6388006092652	0.014381799999910072	epochs	3.0
1722.6531824092651	0.014334400000052483	epochs	3.0
1722.6675168092652	0.02852759999996124	epochs	2.0
1722.6675168092652	0.014287199999898803	epochs	3.0
1722.681804009265	0.014240400000062436	epochs	3.0
1722.6960444092651	0.028341400000044814	epochs	2.0
1722.6960444092651	0.014193799999929979	epochs	3.0
1722.710238209265	0.014147600000114835	epochs	3.0
1722.7243858092652	0.028157700000065233	epochs	2.0
1722.7243858092652	0.014101699999855555	epochs	3.0
1722.738487509265	0.014056000000209679	epochs	3.0
1722.7525435092653	0.02797629999986384	epochs	2.0
1722.7525435092653	0.014010599999892293	epochs	3.0
1722.7665541092651	0.013965699999971548	epochs	3.0
1722.7805198092651	0.027797200000122757	epochs	2.0
1722.7805198092651	0.013920800000050804	epochs	3.0
1722.7944406092652	0.013876400000071953	epochs	3.0
1722.8083170092652	0.027620399999932488	epochs	2.0
1722.8083170092652	0.013832199999797012	epochs	3.0
1722.822149209265	0.013788200000135475	epochs	3.0
1722.8359374092652	0.027445899999975154	epochs	2.0
1722.8359374092652	0.013744599999881757	epochs	3.0
1722.849682009265	0.013701300000093397	epochs	3.0
1722.8633833092651	0.0272735000000921	epochs	2.0
1722.8633833092651	0.013658200000008947	epochs	3.0
1722.8770415092652	0.013615300000083153	epochs	3.0
1722.8906568092652	0.027103399999987232	epochs	2.0
1722.8906568092652	0.01357279999979255	epochs	3.0
1722.904229609265	0.013530600000194681	epochs	3.0
1722.9177602092652	0.026935199999797987	epochs	2.0
1722.9177602092652	0.01348839999991469	epochs	3.0
1722.9312486092651	0.013446799999883297	epochs	3.0
1722.944695409265	0.026769200000217097	epochs	2.0
1722.944695409265	0.013405200000079276	epochs	3.0
1722.958100609265	0.013364000000137821	epochs	3.0
1722.9714646092652	0.026605199999949036	epochs	2.0
1722.9714646092652	0.013322899999820947	epochs	3.0
1722.984787509265	0.013282300000128089	epochs	3.0
1722.9980698092652	0.0264431999999033	epochs	2.0
1722.9980698092652	0.013241699999980483	epochs	3.0
1723.0113115092652	0.013201499999922817	epochs	3.0
1723.024513009265	0.026283200000079887	epochs	2.0
1723.024513009265	0.013161500000023807	epochs	3.0
1723.0376745092651	0.01312170000005608	epochs	3.0
1723.0507962092652	0.026124999999865395	epochs	2.0
1723.0507962092652	0.013082100000019636	epochs	3.0
1723.0638783092652	0.013042899999845758	epochs	3.0
1723.076921209265	0.02596890000017993	epochs	2.0
1723.076921209265	0.01300390000005791	epochs	3.0
1723.089925109265	0.012965000000122018	epochs	3.0
1723.1028901092652	0.025814500000024054	epochs	2.0
1723.1028901092652	0.012926399999969362	epochs	3.0
1723.1158165092652	0.012888100000054692	epochs	3.0
1723.1287046092652	0.025661899999931848	epochs	2.0
1723.1287046092652	0.012849899999991976	epochs	3.0
1723.1415545092652	0.012811999999939871	epochs	3.0
1723.1543665092652	0.025511199999982637	epochs	2.0
1723.1543665092652	0.012774399999898378	epochs	3.0
1723.167140909265	0.012736800000084258	epochs	3.0
1723.1798777092652	0.02536229999986972	epochs	2.0
1723.1798777092652	0.01269969999998466	epochs	3.0
1723.1925774092651	0.01266259999988506	epochs	3.0
1723.205240009265	0.02521500000011656	epochs	2.0
1723.205240009265	0.012625800000023446	epochs	3.0
1723.217865809265	0.012589200000093115	epochs	3.0
1723.2304550092651	0.024584799999956886	epochs	2.0
1723.254345909265	0.5	epochs	-1.0
1723.255039809265	0.9999199999999746	epochs	1.0
1723.754345909265	0.5	epochs	-1.0
1725.253999710083	0.055039999999962674	epochs	0.0
1725.253999710083	0.022522400000070775	epochs	1.0
1725.276522110083	0.009995199999821125	epochs	1.0
1725.286517310083	0.022522400000070775	epochs	1.0
1725.309039710083	2.0	epochs	0.0
1727.309039710083	21.545360000000073	epochs	0.0
1727.309039710083	1.0	epochs	1.0
1727.309065810083	0.5	epochs	-1.0
1727.809065810083	19.99928	epochs	-1.0
1728.309039710083	20.0	epochs	1.0
1728.309039710083	4.356753900000058	epochs	-1.0
1728.309039710083	1.9745872000000873	epochs	2.0
1728.309039710083	1.0985622000000603	epochs	3.0
1729.407601910083	0.8760250000000269	epochs	3.0
1730.283626910083	1.3524075000000266	epochs	2.0
1730.283626910083	0.7286354999998821	epochs	3.0
1731.012262410083	0.6237720000001445	epochs	3.0
1731.636034410083	1.029759199999944	epochs	2.0
1731.636034410083	0.5453292999998212	epochs	3.0
1732.181363710083	0.48442990000012287	epochs	3.0
1732.665793610083	0.8317861999998968	epochs	2.0
1732.665793610083	0.4357763000000432	epochs	3.0
1733.101569910083	0.3960098999998536	epochs	3.0
1733.497579810083	0.6977970000000369	epochs	2.0
1733.497579810083	0.3628982000000178	epochs	3.0
1733.860478010083	0.33489880000001904	epochs	3.0
1734.195376810083	0.601045699999986	epochs	2.0
1734.195376810083	0.3109123000001546	epochs	3.0
1734.5062891100831	0.29013339999983145	epochs	3.0
1734.796422510083	0.5278859000000011	epochs	2.0
1734.796422510083	0.2719586000000618	epochs	3.0
1735.068381110083	0.25592729999993935	epochs	3.0
1735.324308410083	0.470619299999953	epochs	2.0
1735.324308410083	0.241681299999982	epochs	3.0
1735.565989710083	0.228937999999971	epochs	3.0
1735.794927710083	0.42457039999999324	epochs	2.0
1735.794927710083	0.21747140000002219	epochs	3.0
1736.012399110083	0.20709899999997106	epochs	3.0
1736.219498110083	0.3867354000001342	epochs	2.0
1736.219498110083	0.19767110000020693	epochs	3.0
1736.417169210083	0.18906429999992724	epochs	3.0
1736.606233510083	0.35509529999990264	epochs	2.0
1736.606233510083	0.18117589999997108	epochs	3.0
1736.787409410083	0.17391939999993156	epochs	3.0
1736.961328810083	0.3282431000000088	epochs	2.0
1736.961328810083	0.167221900000186	epochs	3.0
1737.1285507100831	0.16102119999982278	epochs	3.0
1737.289571910083	0.30516800000009425	epochs	2.0
1737.289571910083	0.15526390000013635	epochs	3.0
1737.444835810083	0.1499040999999579	epochs	3.0
1737.594739910083	0.28512529999989056	epochs	2.0
1737.594739910083	0.1449021000000812	epochs	3.0
1737.7396420100831	0.14022319999980937	epochs	3.0
1737.879865210083	0.267553800000087	epochs	2.0
1737.879865210083	0.13583690000018578	epochs	3.0
1738.015702110083	0.13171689999990122	epochs	3.0
1738.147419010083	0.252022899999929	epochs	2.0
1738.147419010083	0.1278393000000051	epochs	3.0
1738.275258310083	0.1241835999999239	epochs	3.0
1738.399441910083	0.23819649999995818	epochs	2.0
1738.399441910083	0.12073110000005727	epochs	3.0
1738.520173010083	0.11746539999990091	epochs	3.0
1738.637638410083	0.2258088000000953	epochs	2.0
1738.637638410083	0.11437190000015107	epochs	3.0
1738.752010310083	0.11143689999994422	epochs	3.0
1738.863447210083	0.21464599999990241	epochs	2.0
1738.863447210083	0.10864889999993466	epochs	3.0
1738.972096110083	0.10599709999996776	epochs	3.0
1739.078093210083	0.20453500000007807	epochs	2.0
1739.078093210083	0.10347150000006877	epochs	3.0
1739.181564710083	0.1010635000000093	epochs	3.0
1739.282628210083	0.19533400000000256	epochs	2.0
1739.282628210083	0.09876510000003691	epochs	3.0
1739.381393310083	0.09656889999996565	epochs	3.0
1739.477962210083	0.18692529999998442	epochs	2.0
1739.477962210083	0.09446830000001682	epochs	3.0
1739.572430510083	0.09245699999996759	epochs	3.0
1739.664887510083	0.1792107000001124	epochs	2.0
1739.664887510083	0.0905296000000817	epochs	3.0
1739.755417110083	0.08868110000003071	epochs	3.0
1739.844098210083	0.17210769999996955	epochs	2.0
1739.844098210083	0.08690630000000965	epochs	3.0
1739.931004510083	0.0852013999999599	epochs	3.0
1740.016205910083	0.16554640000003928	epochs	2.0
1740.016205910083	0.08356189999994967	epochs	3.0
1740.099767810083	0.08198450000008961	epochs	3.0
1740.181752310083	0.15946710000002895	epochs	2.0
1740.181752310083	0.08046539999986635	epochs	3.0
1740.262217710083	0.0790017000001626	epochs	3.0
1740.341219410083	0.1538183999998637	epochs	2.0
1740.341219410083	0.07759009999995214	epochs	3.0
1740.418809510083	0.07622829999991154	epochs	3.0
1740.495037810083	0.14855639999996129	epochs	2.0
1740.495037810083	0.07491329999993468	epochs	3.0
1740.569951110083	0.0736431000000266	epochs	3.0
1740.643594210083	0.14364240000008976	epochs	2.0
1740.643594210083	0.07241500000009182	epochs	3.0
1740.716009210083	0.07122739999999794	epochs	3.0
1740.787236610083	0.13904309999998077	epochs	2.0
1740.787236610083	0.07007799999996678	epochs	3.0
1740.857314610083	0.06896510000001399	epochs	3.0
1740.926279710083	0.13472929999988992	epochs	2.0
1740.926279710083	0.0678871000000072	epochs	3.0
1740.994166810083	0.06684219999988272	epochs	3.0
1741.061009010083	0.1306752000000415	epochs	2.0
1741.061009010083	0.06582910000020092	epochs	3.0
1741.126838110083	0.06484609999984059	epochs	3.0
1741.191684210083	0.12685780000015257	epochs	2.0
1741.191684210083	0.06389200000012352	epochs	3.0
1741.255576210083	0.06296580000002905	epochs	3.0
1741.318542010083	0.12325719999989815	epochs	2.0
1741.318542010083	0.06206579999980022	epochs	3.0
1741.380607810083	0.06119140000009793	epochs	3.0
1741.441799210083	0.11985540000000583	epochs	2.0
1741.441799210083	0.060341099999959624	epochs	3.0
1741.502140310083	0.059514300000046205	epochs	3.0
1741.561654610083	0.1166361999999026	epochs	2.0
1741.561654610083	0.058709599999929196	epochs	3.0
1741.620364210083	0.057926599999973405	epochs	3.0
1741.678290810083	0.11358560000007856	epochs	2.0
1741.678290810083	0.057164200000215715	epochs	3.0
1741.7354550100831	0.05642139999986284	epochs	3.0
1741.791876410083	0.11069049999991876	epochs	2.0
1741.791876410083	0.055697900000041045	epochs	3.0
1741.847574310083	0.05499259999987771	epochs	3.0
1741.902566910083	0.1079391000000669	epochs	2.0
1741.902566910083	0.05430490000003374	epochs	3.0
1741.956871810083	0.05363420000003316	epochs	3.0
1742.010506010083	0.10532149999994544	epochs	2.0
1742.010506010083	0.05297999999993408	epochs	3.0
1742.063486010083	0.052341500000011365	epochs	3.0
1742.115827510083	0.10282760000018243	epochs	2.0
1742.115827510083	0.05171810000001642	epochs	3.0
1742.167545610083	0.05110950000016601	epochs	3.0
1742.218655110083	0.10044909999987794	epochs	2.0
1742.218655110083	0.0505148999998255	epochs	3.0
1742.269170010083	0.04993420000005244	epochs	3.0
1742.319104210083	0.0981782999999723	epochs	2.0
1742.319104210083	0.04936659999998483	epochs	3.0
1742.368470810083	0.04881169999998747	epochs	3.0
1742.417282510083	0.09600780000005216	epochs	2.0
1742.417282510083	0.04826920000004975	epochs	3.0
1742.465551710083	0.04773860000000241	epochs	3.0
1742.513290310083	0.09393120000004274	epochs	2.0
1742.513290310083	0.04721949999998287	epochs	3.0
1742.560509810083	0.046711700000059864	epochs	3.0
1742.607221510083	0.09194260000003851	epochs	2.0
1742.607221510083	0.046214599999984785	epochs	3.0
1742.653436110083	0.045728000000053726	epochs	3.0
1742.699164110083	0.09003629999983787	epochs	2.0
1742.699164110083	0.045251499999949374	epochs	3.0
1742.744415610083	0.04478479999988849	epochs	3.0
1742.789200410083	0.08820760000003247	epochs	2.0
1742.789200410083	0.044327800000019124	epochs	3.0
1742.833528210083	0.04387980000001335	epochs	3.0
1742.877408010083	0.0864516999999978	epochs	2.0
1742.877408010083	0.04344100000002982	epochs	3.0
1742.920849010083	0.04301069999996798	epochs	3.0
1742.963859710083	0.08476429999996071	epochs	2.0
1742.963859710083	0.04258900000013455	epochs	3.0
1743.006448710083	0.042175299999826166	epochs	3.0
1743.048624010083	0.08314150000001064	epochs	2.0
1743.048624010083	0.04176970000003166	epochs	3.0
1743.090393710083	0.041371799999978975	epochs	3.0
1743.131765510083	0.08157970000002024	epochs	2.0
1743.131765510083	0.04098140000019157	epochs	3.0
1743.172746910083	0.04059829999982867	epochs	3.0
1743.213345210083	0.08007550000002084	epochs	2.0
1743.213345210083	0.040222300000095856	epochs	3.0
1743.253567510083	0.03985319999992498	epochs	3.0
1743.293420710083	0.07862569999997504	epochs	2.0
1743.293420710083	0.039490800000066884	epochs	3.0
1743.332911510083	0.03913489999990816	epochs	3.0
1743.372046410083	0.07722760000001472	epochs	2.0
1743.372046410083	0.038785400000051595	epochs	3.0
1743.410831810083	0.03844219999996312	epochs	3.0
1743.449274010083	0.07587820000003376	epochs	2.0
1743.449274010083	0.03810480000015559	epochs	3.0
1743.487378810083	0.037773399999878166	epochs	3.0
1743.525152210083	0.0745752000000266	epochs	2.0
1743.525152210083	0.03744770000002973	epochs	3.0
1743.562599910083	0.03712749999999687	epochs	3.0
1743.599727410083	0.07331629999998768	epochs	2.0
1743.599727410083	0.0368129000000863	epochs	3.0
1743.636540310083	0.036503399999901376	epochs	3.0
1743.673043710083	0.07209899999998015	epochs	2.0
1743.673043710083	0.03619909999997617	epochs	3.0
1743.709242810083	0.03589990000000398	epochs	3.0
1743.745142710083	0.07092170000009901	epochs	2.0
1743.745142710083	0.03560560000005353	epochs	3.0
1743.780748310083	0.03531610000004548	epochs	3.0
1743.816064410083	0.06978200000003199	epochs	2.0
1743.816064410083	0.03503120000004856	epochs	3.0
1743.8510956100831	0.03475079999998343	epochs	3.0
1743.885846410083	0.06867859999988468	epochs	2.0
1743.885846410083	0.03447510000000875	epochs	3.0
1743.920321510083	0.03420349999987593	epochs	3.0
1743.954525010083	0.06760929999995824	epochs	2.0
1743.954525010083	0.033936199999970995	epochs	3.0
1743.988461210083	0.033673099999987244	epochs	3.0
1744.022134310083	0.06657289999998284	epochs	2.0
1744.022134310083	0.03341399999999339	epochs	3.0
1744.055548310083	0.033158899999989444	epochs	3.0
1744.088707210083	0.06556780000005347	epochs	2.0
1744.088707210083	0.03290770000012344	epochs	3.0
1744.121614910083	0.032660099999930026	epochs	3.0
1744.154275010083	0.06459259999996902	epochs	2.0
1744.154275010083	0.03241640000010193	epochs	3.0
1744.186691410083	0.032176199999867094	epochs	3.0
1744.218867610083	0.06364600000006249	epochs	2.0
1744.218867610083	0.03193959999998697	epochs	3.0
1744.250807210083	0.03170640000007552	epochs	3.0
1744.282513610083	0.0627266999999847	epochs	2.0
1744.282513610083	0.031476599999905375	epochs	3.0
1744.313990210083	0.03125010000007933	epochs	3.0
1744.345240310083	0.06183359999999993	epochs	2.0
1744.345240310083	0.03102689999991526	epochs	3.0
1744.376267210083	0.030806700000084675	epochs	3.0
1744.407073910083	0.060965599999917686	epochs	2.0
1744.407073910083	0.030589799999916067	epochs	3.0
1744.437663710083	0.030375800000001618	epochs	3.0
1744.468039510083	0.06012160000000222	epochs	2.0
1744.468039510083	0.030164900000045236	epochs	3.0
1744.498204410083	0.02995669999995698	epochs	3.0
1744.528161110083	0.05930069999999432	epochs	2.0
1744.528161110083	0.029751600000054168	epochs	3.0
1744.557912710083	0.029549099999940154	epochs	3.0
1744.587461810083	0.058501800000158255	epochs	2.0
1744.587461810083	0.02934940000000097	epochs	3.0
1744.616811210083	0.029152400000157286	epochs	3.0
1744.645963610083	0.05772419999993872	epochs	2.0
1744.645963610083	0.028957999999875028	epochs	3.0
1744.674921610083	0.02876620000006369	epochs	3.0
1744.703687810083	0.05696710000006533	epochs	2.0
1744.703687810083	0.028577000000041153	epochs	3.0
1744.732264810083	0.028390100000024177	epochs	3.0
1744.760654910083	0.05622949999997218	epochs	2.0
1744.760654910083	0.028205699999944045	epochs	3.0
1744.788860610083	0.028023800000028132	epochs	3.0
1744.816884410083	0.05551070000001346	epochs	2.0
1744.816884410083	0.027843999999959124	epochs	3.0
1744.844728410083	0.027666700000054334	epochs	3.0
1744.872395110083	0.054810200000019904	epochs	2.0
1744.872395110083	0.02749149999999645	epochs	3.0
1744.899886610083	0.027318700000023455	epochs	3.0
1744.927205310083	0.054126999999880354	epochs	2.0
1744.927205310083	0.027147799999966082	epochs	3.0
1744.954353110083	0.026979199999914272	epochs	3.0
1744.981332310083	0.053460699999959616	epochs	2.0
1744.981332310083	0.026812600000084785	epochs	3.0
1745.008144910083	0.02664809999987483	epochs	3.0
1745.034793010083	0.05281070000000909	epochs	2.0
1745.034793010083	0.026485600000114573	epochs	3.0
1745.061278610083	0.02632509999989452	epochs	3.0
1745.087603710083	0.05217620000007628	epochs	2.0
1745.087603710083	0.026166399999965506	epochs	3.0
1745.113770110083	0.026009800000110772	epochs	3.0
1745.139779910083	0.051556699999991906	epochs	2.0
1745.139779910083	0.025854799999933675	epochs	3.0
1745.165634710083	0.02570190000005823	epochs	3.0
1745.191336610083	0.05095189999997274	epochs	2.0
1745.191336610083	0.025550699999939752	epochs	3.0
1745.216887310083	0.025401200000032986	epochs	3.0
1745.242288510083	0.05036100000006627	epochs	2.0
1745.242288510083	0.025253499999962514	epochs	3.0
1745.267542010083	0.025107500000103755	epochs	3.0
1745.292649510083	0.04978379999988647	epochs	2.0
1745.292649510083	0.02496320000000196	epochs	3.0
1745.317612710083	0.024820599999884507	epochs	3.0
1745.342433310083	0.04921950000016295	epochs	2.0
1745.342433310083	0.024679399999968155	epochs	3.0
1745.367112710083	0.024540100000194798	epochs	3.0
1745.391652810083	0.04866789999982757	epochs	2.0
1745.391652810083	0.024402099999861093	epochs	3.0
1745.416054910083	0.024265799999966475	epochs	3.0
1745.440320710083	0.04812860000015462	epochs	2.0
1745.440320710083	0.024131000000124914	epochs	3.0
1745.464451710083	0.023997600000029706	epochs	3.0
1745.488449310083	0.04760109999983797	epochs	2.0
1745.488449310083	0.02386579999983951	epochs	3.0
1745.512315110083	0.02373529999999846	epochs	3.0
1745.536050410083	0.04708500000015192	epochs	2.0
1745.536050410083	0.023606300000210467	epochs	3.0
1745.5596567100831	0.023478699999941455	epochs	3.0
1745.583135410083	0.046579999999948996	epochs	2.0
1745.583135410083	0.023352499999873544	epochs	3.0
1745.606487910083	0.02322750000007545	epochs	3.0
1745.629715410083	0.046085700000048746	epochs	2.0
1745.629715410083	0.023104000000103042	epochs	3.0
1745.652819410083	0.022981699999945704	epochs	3.0
1745.675801110083	0.045601799999985815	epochs	2.0
1745.675801110083	0.02286069999991014	epochs	3.0
1745.698661810083	0.022741100000075676	epochs	3.0
1745.721402910083	0.045127899999897636	epochs	2.0
1745.721402910083	0.022622499999897627	epochs	3.0
1745.744025410083	0.02250540000000001	epochs	3.0
1745.766530810083	0.0446638000000803	epochs	2.0
1745.766530810083	0.02238929999998618	epochs	3.0
1745.788920110083	0.022274500000094122	epochs	3.0
1745.811194610083	0.04420920000006845	epochs	2.0
1745.811194610083	0.022160799999937808	epochs	3.0
1745.833355410083	0.02204840000013064	epochs	3.0
1745.855403810083	0.04376359999992019	epochs	2.0
1745.855403810083	0.02193689999990056	epochs	3.0
1745.877340710083	0.021826700000019628	epochs	3.0
1745.899167410083	0.04332709999994222	epochs	2.0
1745.899167410083	0.02171760000010181	epochs	3.0
1745.920885010083	0.02160949999984041	epochs	3.0
1745.942494510083	0.04289900000003399	epochs	2.0
1745.942494510083	0.02150249999999687	epochs	3.0
1745.963997010083	0.021396500000037122	epochs	3.0
1745.985393510083	0.04247950000012679	epochs	2.0
1745.985393510083	0.021291700000119818	epochs	3.0
1746.006685210083	0.021187800000006973	epochs	3.0
1746.027873010083	0.04206789999989269	epochs	2.0
1746.027873010083	0.02108490000000529	epochs	3.0
1746.0489579100831	0.020982999999887397	epochs	3.0
1746.069940910083	0.04166439999994509	epochs	2.0
1746.069940910083	0.020882199999959994	epochs	3.0
1746.090823110083	0.020782199999985096	epochs	3.0
1746.111605310083	0.04126850000011473	epochs	2.0
1746.111605310083	0.020683299999973315	epochs	3.0
1746.132288610083	0.020585200000141413	epochs	3.0
1746.152873810083	0.04088000000001557	epochs	2.0
1746.152873810083	0.020488099999965925	epochs	3.0
1746.173361910083	0.020391900000049645	epochs	3.0
1746.193753810083	0.04049880000002304	epochs	2.0
1746.193753810083	0.020296599999937825	epochs	3.0
1746.214050410083	0.020202200000085213	epochs	3.0
1746.234252610083	0.040124599999899146	epochs	2.0
1746.234252610083	0.020108699999809687	epochs	3.0
1746.254361310083	0.02001590000008946	epochs	3.0
1746.274377210083	0.03975730000001931	epochs	2.0
1746.274377210083	0.019924200000104975	epochs	3.0
1746.294301410083	0.01983309999991434	epochs	3.0
1746.314134510083	0.03939669999999751	epochs	2.0
1746.314134510083	0.01974300000006224	epochs	3.0
1746.333877510083	0.01965369999993527	epochs	3.0
1746.353531210083	0.03904239999997117	epochs	2.0
1746.353531210083	0.019565099999908853	epochs	3.0
1746.373096310083	0.019477300000062314	epochs	3.0
1746.392573610083	0.038694600000098944	epochs	2.0
1746.392573610083	0.019390400000020236	epochs	3.0
1746.411964010083	0.01930420000007871	epochs	3.0
1746.431268210083	0.038352899999836154	epochs	2.0
1746.431268210083	0.019218799999862313	epochs	3.0
1746.450487010083	0.01913409999997384	epochs	3.0
1746.469621110083	0.03801720000001296	epochs	2.0
1746.469621110083	0.019050200000037876	epochs	3.0
1746.488671310083	0.018966999999975087	epochs	3.0
1746.507638310083	0.03768720000016401	epochs	2.0
1746.507638310083	0.01888450000001285	epochs	3.0
1746.526522810083	0.018802700000151162	epochs	3.0
1746.545325510083	0.03736309999999321	epochs	2.0
1746.545325510083	0.018721700000014607	epochs	3.0
1746.5640472100831	0.018641399999978603	epochs	3.0
1746.582688610083	0.03704429999993408	epochs	2.0
1746.582688610083	0.018561599999884493	epochs	3.0
1746.601250210083	0.01848270000004959	epochs	3.0
1746.619732910083	0.03673099999991791	epochs	2.0
1746.619732910083	0.018404299999929208	epochs	3.0
1746.638137210083	0.018326699999988705	epochs	3.0
1746.656463910083	0.03642290000016146	epochs	2.0
1746.656463910083	0.018249599999990096	epochs	3.0
1746.674713510083	0.018173300000171366	epochs	3.0
1746.692886810083	0.036120099999834565	epochs	2.0
1746.692886810083	0.01809759999991911	epochs	3.0
1746.710984410083	0.018022499999915453	epochs	3.0
1746.729006910083	0.035822100000132195	epochs	2.0
1746.729006910083	0.017947900000081063	epochs	3.0
1746.746954810083	0.017874200000051133	epochs	3.0
1746.764829010083	0.03552899999999681	epochs	2.0
1746.764829010083	0.017800800000031813	epochs	3.0
1746.782629810083	0.017728199999965	epochs	3.0
1746.800358010083	0.03524070000003121	epochs	2.0
1746.800358010083	0.01765609999984008	epochs	3.0
1746.818014110083	0.01758460000019113	epochs	3.0
1746.835598710083	0.03495709999992869	epochs	2.0
1746.835598710083	0.017513699999881283	epochs	3.0
1746.853112410083	0.017443400000047404	epochs	3.0
1746.870555810083	0.034677899999906	epochs	2.0
1746.870555810083	0.017373599999928047	epochs	3.0
1746.887929410083	0.017304299999977957	epochs	3.0
1746.905233710083	0.03440330000012182	epochs	2.0
1746.905233710083	0.017235700000128418	epochs	3.0
1746.922469410083	0.0171675999999934	epochs	3.0
1746.939637010083	0.03413279999995211	epochs	2.0
1746.939637010083	0.01709989999994832	epochs	3.0
1746.956736910083	0.017032900000003792	epochs	3.0
1746.973769810083	0.03386670000008962	epochs	2.0
1746.973769810083	0.01696640000000116	epochs	3.0
1746.990736210083	0.016900300000088464	epochs	3.0
1747.007636510083	0.03360459999998966	epochs	2.0
1747.007636510083	0.01683479999996962	epochs	3.0
1747.024471310083	0.01676980000002004	epochs	3.0
1747.041241110083	0.033346599999958926	epochs	2.0
1747.041241110083	0.016705300000012357	epochs	3.0
1747.057946410083	0.01664129999994657	epochs	3.0
1747.074587710083	0.03309250000006614	epochs	2.0
1747.074587710083	0.016577800000050047	epochs	3.0
1747.091165510083	0.01651470000001609	epochs	3.0
1747.1076802100831	0.03284229999985655	epochs	2.0
1747.1076802100831	0.016452199999775985	epochs	3.0
1747.124132410083	0.016390100000080565	epochs	3.0
1747.140522510083	0.03259570000000167	epochs	2.0
1747.140522510083	0.016328400000020338	epochs	3.0
1747.156850910083	0.016267299999981333	epochs	3.0
1747.173118210083	0.032352899999978035	epochs	2.0
1747.173118210083	0.016206600000032267	epochs	3.0
1747.189324810083	0.016146299999945768	epochs	3.0
1747.205471110083	0.032113700000081735	epochs	2.0
1747.205471110083	0.016086600000107865	epochs	3.0
1747.221557710083	0.01602709999997387	epochs	3.0
1747.237584810083	0.03187800000000607	epochs	2.0
1747.237584810083	0.0159681999998611	epochs	3.0
1747.253553010083	0.01590980000014497	epochs	3.0
1747.269462810083	0.03164569999989908	epochs	2.0
1747.269462810083	0.015851599999905375	epochs	3.0
1747.285314410083	0.015794099999993705	epochs	3.0
1747.301108510083	0.03141670000013619	epochs	2.0
1747.301108510083	0.015736700000161363	epochs	3.0
1747.316845210083	0.015679999999974825	epochs	3.0
1747.332525210083	0.03119109999988723	epochs	2.0
1747.332525210083	0.015623600000026272	epochs	3.0
1747.348148810083	0.015567499999860956	epochs	3.0
1747.363716310083	0.03096870000013041	epochs	2.0
1747.363716310083	0.015511999999944237	epochs	3.0
1747.379228310083	0.015456700000186174	epochs	3.0
1747.394685010083	0.030749499999956242	epochs	2.0
1747.394685010083	0.015401999999994587	epochs	3.0
1747.410087010083	0.015347499999961656	epochs	3.0
1747.425434510083	0.03053320000003623	epochs	2.0
1747.425434510083	0.015293400000018664	epochs	3.0
1747.440727910083	0.015239800000017567	epochs	3.0
1747.455967710083	0.030320099999926242	epochs	2.0
1747.455967710083	0.015186500000027081	epochs	3.0
1747.4711542100831	0.015133599999899161	epochs	3.0
1747.486287810083	0.03010990000007041	epochs	2.0
1747.486287810083	0.015081000000009226	epochs	3.0
1747.501368810083	0.015028900000061185	epochs	3.0
1747.516397710083	0.029902499999934662	epochs	2.0
1747.516397710083	0.014976999999817053	epochs	3.0
1747.531374710083	0.014925500000117609	epochs	3.0
1747.546300210083	0.029698099999905025	epochs	2.0
1747.546300210083	0.014874400000053356	epochs	3.0
1747.561174610083	0.01482369999985167	epochs	3.0
1747.575998310083	0.029496300000118936	epochs	2.0
1747.575998310083	0.014773200000036013	epochs	3.0
1747.590771510083	0.014723100000082923	epochs	3.0
1747.605494610083	0.029297399999904883	epochs	2.0
1747.605494610083	0.014673399999992398	epochs	3.0
1747.620168010083	0.014623999999912485	epochs	3.0
1747.634792010083	0.02910110000016175	epochs	2.0
1747.634792010083	0.014574900000070556	epochs	3.0
1747.649366910083	0.014526200000091194	epochs	3.0
1747.663893110083	0.028907399999980044	epochs	2.0
1747.663893110083	0.01447769999981574	epochs	3.0
1747.678370810083	0.014429700000164303	epochs	3.0
1747.692800510083	0.028716199999962555	epochs	2.0
1747.692800510083	0.014381799999910072	epochs	3.0
1747.707182310083	0.014334400000052483	epochs	3.0
1747.721516710083	0.02852759999996124	epochs	2.0
1747.721516710083	0.014287199999898803	epochs	3.0
1747.735803910083	0.014240400000062436	epochs	3.0
1747.750044310083	0.028341400000044814	epochs	2.0
1747.750044310083	0.014193799999929979	epochs	3.0
1747.764238110083	0.014147600000114835	epochs	3.0
1747.778385710083	0.028157700000065233	epochs	2.0
1747.778385710083	0.014101699999855555	epochs	3.0
1747.792487410083	0.014056000000209679	epochs	3.0
1747.8065434100831	0.02797629999986384	epochs	2.0
1747.8065434100831	0.014010599999892293	epochs	3.0
1747.820554010083	0.013965699999971548	epochs	3.0
1747.834519710083	0.027797200000122757	epochs	2.0
1747.834519710083	0.013920800000050804	epochs	3.0
1747.848440510083	0.013876400000071953	epochs	3.0
1747.862316910083	0.027620399999932488	epochs	2.0
1747.862316910083	0.013832199999797012	epochs	3.0
1747.876149110083	0.013788200000135475	epochs	3.0
1747.889937310083	0.027445899999975154	epochs	2.0
1747.889937310083	0.013744599999881757	epochs	3.0
1747.903681910083	0.013701300000093397	epochs	3.0
1747.917383210083	0.0272735000000921	epochs	2.0
1747.917383210083	0.013658200000008947	epochs	3.0
1747.931041410083	0.013615300000083153	epochs	3.0
1747.944656710083	0.027103399999987232	epochs	2.0
1747.944656710083	0.01357279999979255	epochs	3.0
1747.958229510083	0.013530600000194681	epochs	3.0
1747.971760110083	0.026935199999797987	epochs	2.0
1747.971760110083	0.01348839999991469	epochs	3.0
1747.985248510083	0.013446799999883297	epochs	3.0
1747.998695310083	0.026769200000217097	epochs	2.0
1747.998695310083	0.013405200000079276	epochs	3.0
1748.012100510083	0.013364000000137821	epochs	3.0
1748.025464510083	0.026605199999949036	epochs	2.0
1748.025464510083	0.013322899999820947	epochs	3.0
1748.038787410083	0.013282300000128089	epochs	3.0
1748.052069710083	0.0264431999999033	epochs	2.0
1748.052069710083	0.013241699999980483	epochs	3.0
1748.065311410083	0.013201499999922817	epochs	3.0
1748.078512910083	0.026283200000079887	epochs	2.0
1748.078512910083	0.013161500000023807	epochs	3.0
1748.091674410083	0.01312170000005608	epochs	3.0
1748.104796110083	0.026124999999865395	epochs	2.0
1748.104796110083	0.013082100000019636	epochs	3.0
1748.117878210083	0.013042899999845758	epochs	3.0
1748.130921110083	0.02596890000017993	epochs	2.0
1748.130921110083	0.01300390000005791	epochs	3.0
1748.143925010083	0.012965000000122018	epochs	3.0
1748.156890010083	0.025814500000024054	epochs	2.0
1748.156890010083	0.012926399999969362	epochs	3.0
1748.169816410083	0.012888100000054692	epochs	3.0
1748.182704510083	0.025661899999931848	epochs	2.0
1748.182704510083	0.012849899999991976	epochs	3.0
1748.195554410083	0.012811999999939871	epochs	3.0
1748.208366410083	0.025511199999982637	epochs	2.0
1748.208366410083	0.012774399999898378	epochs	3.0
1748.221140810083	0.012736800000084258	epochs	3.0
1748.233877610083	0.02536229999986972	epochs	2.0
1748.233877610083	0.01269969999998466	epochs	3.0
1748.246577310083	0.01266259999988506	epochs	3.0
1748.259239910083	0.02521500000011656	epochs	2.0
1748.259239910083	0.012625800000023446	epochs	3.0
1748.271865710083	0.012589200000093115	epochs	3.0
1748.284454910083	0.024584799999956886	epochs	2.0
1748.308345810083	0.5	epochs	-1.0
1748.309039710083	0.5453600000000733	epochs	1.0
1748.854399710083	0.45455999999990127	epochs	0.0
1749.7020001411438	0.055039999999962674	epochs	0.0
1749.7020001411438	0.022522400000070775	epochs	1.0
1749.7245225411439	0.009995199999821125	epochs	1.0
1749.7345177411437	0.022522400000070775	epochs	1.0
1749.7570401411438	2.0	epochs	0.0
1751.7570401411438	21.999919999999975	epochs	0.0
1751.7570401411438	1.0	epochs	1.0
1751.7570662411438	0.5	epochs	-1.0
1752.2570662411438	19.99928	epochs	-1.0
1752.7570401411438	20.0	epochs	1.0
1752.7570401411438	4.356753900000058	epochs	-1.0
1752.7570401411438	1.9745872000000873	epochs	2.0
1752.7570401411438	1.0985622000000603	epochs	3.0
1753.8556023411438	0.8760250000000269	epochs	3.0
1754.7316273411438	1.3524075000000266	epochs	2.0
1754.7316273411438	0.7286354999998821	epochs	3.0
1755.4602628411437	0.6237720000001445	epochs	3.0
1756.0840348411439	1.029759199999944	epochs	2.0
1756.0840348411439	0.5453292999998212	epochs	3.0
1756.6293641411437	0.48442990000012287	epochs	3.0
1757.1137940411438	0.8317861999998968	epochs	2.0
1757.1137940411438	0.4357763000000432	epochs	3.0
1757.5495703411439	0.3960098999998536	epochs	3.0
1757.9455802411437	0.6977970000000369	epochs	2.0
1757.9455802411437	0.3628982000000178	epochs	3.0
1758.3084784411437	0.33489880000001904	epochs	3.0
1758.6433772411438	0.601045699999986	epochs	2.0
1758.6433772411438	0.3109123000001546	epochs	3.0
1758.954289541144	0.29013339999983145	epochs	3.0
1759.2444229411437	0.5278859000000011	epochs	2.0
1759.2444229411437	0.2719586000000618	epochs	3.0
1759.5163815411438	0.25592729999993935	epochs	3.0
1759.7723088411437	0.470619299999953	epochs	2.0
1759.7723088411437	0.241681299999982	epochs	3.0
1760.0139901411437	0.228937999999971	epochs	3.0
1760.2429281411437	0.42457039999999324	epochs	2.0
1760.2429281411437	0.21747140000002219	epochs	3.0
1760.4603995411437	0.20709899999997106	epochs	3.0
1760.6674985411437	0.3867354000001342	epochs	2.0
1760.6674985411437	0.19767110000020693	epochs	3.0
1760.865169641144	0.18906429999992724	epochs	3.0
1761.0542339411438	0.35509529999990264	epochs	2.0
1761.0542339411438	0.18117589999997108	epochs	3.0
1761.2354098411438	0.17391939999993156	epochs	3.0
1761.4093292411437	0.3282431000000088	epochs	2.0
1761.4093292411437	0.167221900000186	epochs	3.0
1761.576551141144	0.16102119999982278	epochs	3.0
1761.7375723411437	0.30516800000009425	epochs	2.0
1761.7375723411437	0.15526390000013635	epochs	3.0
1761.8928362411439	0.1499040999999579	epochs	3.0
1762.0427403411438	0.28512529999989056	epochs	2.0
1762.0427403411438	0.1449021000000812	epochs	3.0
1762.187642441144	0.14022319999980937	epochs	3.0
1762.3278656411437	0.267553800000087	epochs	2.0
1762.3278656411437	0.13583690000018578	epochs	3.0
1762.463702541144	0.13171689999990122	epochs	3.0
1762.5954194411438	0.252022899999929	epochs	2.0
1762.5954194411438	0.1278393000000051	epochs	3.0
1762.7232587411438	0.1241835999999239	epochs	3.0
1762.8474423411437	0.23819649999995818	epochs	2.0
1762.8474423411437	0.12073110000005727	epochs	3.0
1762.9681734411438	0.11746539999990091	epochs	3.0
1763.0856388411437	0.2258088000000953	epochs	2.0
1763.0856388411437	0.11437190000015107	epochs	3.0
1763.2000107411438	0.11143689999994422	epochs	3.0
1763.3114476411438	0.21464599999990241	epochs	2.0
1763.3114476411438	0.10864889999993466	epochs	3.0
1763.4200965411437	0.10599709999996776	epochs	3.0
1763.5260936411437	0.20453500000007807	epochs	2.0
1763.5260936411437	0.10347150000006877	epochs	3.0
1763.6295651411438	0.1010635000000093	epochs	3.0
1763.7306286411438	0.19533400000000256	epochs	2.0
1763.7306286411438	0.09876510000003691	epochs	3.0
1763.8293937411438	0.09656889999996565	epochs	3.0
1763.9259626411438	0.18692529999998442	epochs	2.0
1763.9259626411438	0.09446830000001682	epochs	3.0
1764.0204309411438	0.09245699999996759	epochs	3.0
1764.1128879411438	0.1792107000001124	epochs	2.0
1764.1128879411438	0.0905296000000817	epochs	3.0
1764.2034175411438	0.08868110000003071	epochs	3.0
1764.2920986411439	0.17210769999996955	epochs	2.0
1764.2920986411439	0.08690630000000965	epochs	3.0
1764.3790049411439	0.0852013999999599	epochs	3.0
1764.4642063411438	0.16554640000003928	epochs	2.0
1764.4642063411438	0.08356189999994967	epochs	3.0
1764.5477682411438	0.08198450000008961	epochs	3.0
1764.6297527411439	0.15946710000002895	epochs	2.0
1764.6297527411439	0.08046539999986635	epochs	3.0
1764.7102181411437	0.0790017000001626	epochs	3.0
1764.789219841144	0.1538183999998637	epochs	2.0
1764.789219841144	0.07759009999995214	epochs	3.0
1764.8668099411439	0.07622829999991154	epochs	3.0
1764.9430382411438	0.14855639999996129	epochs	2.0
1764.9430382411438	0.07491329999993468	epochs	3.0
1765.0179515411437	0.0736431000000266	epochs	3.0
1765.0915946411437	0.14364240000008976	epochs	2.0
1765.0915946411437	0.07241500000009182	epochs	3.0
1765.1640096411438	0.07122739999999794	epochs	3.0
1765.2352370411438	0.13904309999998077	epochs	2.0
1765.2352370411438	0.07007799999996678	epochs	3.0
1765.3053150411438	0.06896510000001399	epochs	3.0
1765.3742801411438	0.13472929999988992	epochs	2.0
1765.3742801411438	0.0678871000000072	epochs	3.0
1765.4421672411438	0.06684219999988272	epochs	3.0
1765.5090094411437	0.1306752000000415	epochs	2.0
1765.5090094411437	0.06582910000020092	epochs	3.0
1765.574838541144	0.06484609999984059	epochs	3.0
1765.6396846411437	0.12685780000015257	epochs	2.0
1765.6396846411437	0.06389200000012352	epochs	3.0
1765.7035766411439	0.06296580000002905	epochs	3.0
1765.7665424411439	0.12325719999989815	epochs	2.0
1765.7665424411439	0.06206579999980022	epochs	3.0
1765.8286082411437	0.06119140000009793	epochs	3.0
1765.8897996411438	0.11985540000000583	epochs	2.0
1765.8897996411438	0.060341099999959624	epochs	3.0
1765.9501407411437	0.059514300000046205	epochs	3.0
1766.0096550411438	0.1166361999999026	epochs	2.0
1766.0096550411438	0.058709599999929196	epochs	3.0
1766.0683646411437	0.057926599999973405	epochs	3.0
1766.1262912411437	0.11358560000007856	epochs	2.0
1766.1262912411437	0.057164200000215715	epochs	3.0
1766.183455441144	0.05642139999986284	epochs	3.0
1766.2398768411438	0.11069049999991876	epochs	2.0
1766.2398768411438	0.055697900000041045	epochs	3.0
1766.2955747411438	0.05499259999987771	epochs	3.0
1766.3505673411437	0.1079391000000669	epochs	2.0
1766.3505673411437	0.05430490000003374	epochs	3.0
1766.4048722411437	0.05363420000003316	epochs	3.0
1766.4585064411438	0.10532149999994544	epochs	2.0
1766.4585064411438	0.05297999999993408	epochs	3.0
1766.5114864411437	0.052341500000011365	epochs	3.0
1766.5638279411437	0.10282760000018243	epochs	2.0
1766.5638279411437	0.05171810000001642	epochs	3.0
1766.6155460411437	0.05110950000016601	epochs	3.0
1766.6666555411439	0.10044909999987794	epochs	2.0
1766.6666555411439	0.0505148999998255	epochs	3.0
1766.7171704411437	0.04993420000005244	epochs	3.0
1766.7671046411438	0.0981782999999723	epochs	2.0
1766.7671046411438	0.04936659999998483	epochs	3.0
1766.8164712411437	0.04881169999998747	epochs	3.0
1766.8652829411437	0.09600780000005216	epochs	2.0
1766.8652829411437	0.04826920000004975	epochs	3.0
1766.9135521411438	0.04773860000000241	epochs	3.0
1766.9612907411438	0.09393120000004274	epochs	2.0
1766.9612907411438	0.04721949999998287	epochs	3.0
1767.0085102411438	0.046711700000059864	epochs	3.0
1767.0552219411438	0.09194260000003851	epochs	2.0
1767.0552219411438	0.046214599999984785	epochs	3.0
1767.1014365411438	0.045728000000053726	epochs	3.0
1767.1471645411439	0.09003629999983787	epochs	2.0
1767.1471645411439	0.045251499999949374	epochs	3.0
1767.1924160411438	0.04478479999988849	epochs	3.0
1767.2372008411437	0.08820760000003247	epochs	2.0
1767.2372008411437	0.044327800000019124	epochs	3.0
1767.2815286411437	0.04387980000001335	epochs	3.0
1767.3254084411437	0.0864516999999978	epochs	2.0
1767.3254084411437	0.04344100000002982	epochs	3.0
1767.3688494411438	0.04301069999996798	epochs	3.0
1767.4118601411437	0.08476429999996071	epochs	2.0
1767.4118601411437	0.04258900000013455	epochs	3.0
1767.4544491411439	0.042175299999826166	epochs	3.0
1767.4966244411437	0.08314150000001064	epochs	2.0
1767.4966244411437	0.04176970000003166	epochs	3.0
1767.5383941411437	0.041371799999978975	epochs	3.0
1767.5797659411437	0.08157970000002024	epochs	2.0
1767.5797659411437	0.04098140000019157	epochs	3.0
1767.620747341144	0.04059829999982867	epochs	3.0
1767.6613456411437	0.08007550000002084	epochs	2.0
1767.6613456411437	0.040222300000095856	epochs	3.0
1767.7015679411438	0.03985319999992498	epochs	3.0
1767.7414211411437	0.07862569999997504	epochs	2.0
1767.7414211411437	0.039490800000066884	epochs	3.0
1767.7809119411438	0.03913489999990816	epochs	3.0
1767.8200468411437	0.07722760000001472	epochs	2.0
1767.8200468411437	0.038785400000051595	epochs	3.0
1767.8588322411438	0.03844219999996312	epochs	3.0
1767.8972744411437	0.07587820000003376	epochs	2.0
1767.8972744411437	0.03810480000015559	epochs	3.0
1767.935379241144	0.037773399999878166	epochs	3.0
1767.9731526411438	0.0745752000000266	epochs	2.0
1767.9731526411438	0.03744770000002973	epochs	3.0
1768.0106003411438	0.03712749999999687	epochs	3.0
1768.0477278411438	0.07331629999998768	epochs	2.0
1768.0477278411438	0.0368129000000863	epochs	3.0
1768.0845407411439	0.036503399999901376	epochs	3.0
1768.1210441411438	0.07209899999998015	epochs	2.0
1768.1210441411438	0.03619909999997617	epochs	3.0
1768.1572432411438	0.03589990000000398	epochs	3.0
1768.1931431411438	0.07092170000009901	epochs	2.0
1768.1931431411438	0.03560560000005353	epochs	3.0
1768.2287487411438	0.03531610000004548	epochs	3.0
1768.2640648411439	0.06978200000003199	epochs	2.0
1768.2640648411439	0.03503120000004856	epochs	3.0
1768.299096041144	0.03475079999998343	epochs	3.0
1768.333846841144	0.06867859999988468	epochs	2.0
1768.333846841144	0.03447510000000875	epochs	3.0
1768.368321941144	0.03420349999987593	epochs	3.0
1768.4025254411438	0.06760929999995824	epochs	2.0
1768.4025254411438	0.033936199999970995	epochs	3.0
1768.4364616411438	0.033673099999987244	epochs	3.0
1768.4701347411437	0.06657289999998284	epochs	2.0
1768.4701347411437	0.03341399999999339	epochs	3.0
1768.5035487411437	0.033158899999989444	epochs	3.0
1768.5367076411437	0.06556780000005347	epochs	2.0
1768.5367076411437	0.03290770000012344	epochs	3.0
1768.5696153411438	0.032660099999930026	epochs	3.0
1768.6022754411438	0.06459259999996902	epochs	2.0
1768.6022754411438	0.03241640000010193	epochs	3.0
1768.6346918411439	0.032176199999867094	epochs	3.0
1768.6668680411437	0.06364600000006249	epochs	2.0
1768.6668680411437	0.03193959999998697	epochs	3.0
1768.6988076411437	0.03170640000007552	epochs	3.0
1768.7305140411438	0.0627266999999847	epochs	2.0
1768.7305140411438	0.031476599999905375	epochs	3.0
1768.7619906411437	0.03125010000007933	epochs	3.0
1768.7932407411438	0.06183359999999993	epochs	2.0
1768.7932407411438	0.03102689999991526	epochs	3.0
1768.8242676411437	0.030806700000084675	epochs	3.0
1768.8550743411438	0.060965599999917686	epochs	2.0
1768.8550743411438	0.030589799999916067	epochs	3.0
1768.8856641411437	0.030375800000001618	epochs	3.0
1768.9160399411437	0.06012160000000222	epochs	2.0
1768.9160399411437	0.030164900000045236	epochs	3.0
1768.9462048411438	0.02995669999995698	epochs	3.0
1768.9761615411437	0.05930069999999432	epochs	2.0
1768.9761615411437	0.029751600000054168	epochs	3.0
1769.0059131411438	0.029549099999940154	epochs	3.0
1769.0354622411437	0.058501800000158255	epochs	2.0
1769.0354622411437	0.02934940000000097	epochs	3.0
1769.0648116411437	0.029152400000157286	epochs	3.0
1769.0939640411439	0.05772419999993872	epochs	2.0
1769.0939640411439	0.028957999999875028	epochs	3.0
1769.1229220411437	0.02876620000006369	epochs	3.0
1769.1516882411438	0.05696710000006533	epochs	2.0
1769.1516882411438	0.028577000000041153	epochs	3.0
1769.1802652411438	0.028390100000024177	epochs	3.0
1769.2086553411439	0.05622949999997218	epochs	2.0
1769.2086553411439	0.028205699999944045	epochs	3.0
1769.2368610411438	0.028023800000028132	epochs	3.0
1769.2648848411438	0.05551070000001346	epochs	2.0
1769.2648848411438	0.027843999999959124	epochs	3.0
1769.2927288411438	0.027666700000054334	epochs	3.0
1769.3203955411439	0.054810200000019904	epochs	2.0
1769.3203955411439	0.02749149999999645	epochs	3.0
1769.3478870411438	0.027318700000023455	epochs	3.0
1769.3752057411439	0.054126999999880354	epochs	2.0
1769.3752057411439	0.027147799999966082	epochs	3.0
1769.4023535411438	0.026979199999914272	epochs	3.0
1769.4293327411438	0.053460699999959616	epochs	2.0
1769.4293327411438	0.026812600000084785	epochs	3.0
1769.4561453411438	0.02664809999987483	epochs	3.0
1769.4827934411437	0.05281070000000909	epochs	2.0
1769.4827934411437	0.026485600000114573	epochs	3.0
1769.5092790411438	0.02632509999989452	epochs	3.0
1769.5356041411437	0.05217620000007628	epochs	2.0
1769.5356041411437	0.026166399999965506	epochs	3.0
1769.5617705411437	0.026009800000110772	epochs	3.0
1769.5877803411438	0.051556699999991906	epochs	2.0
1769.5877803411438	0.025854799999933675	epochs	3.0
1769.6136351411437	0.02570190000005823	epochs	3.0
1769.6393370411438	0.05095189999997274	epochs	2.0
1769.6393370411438	0.025550699999939752	epochs	3.0
1769.6648877411437	0.025401200000032986	epochs	3.0
1769.6902889411438	0.05036100000006627	epochs	2.0
1769.6902889411438	0.025253499999962514	epochs	3.0
1769.7155424411437	0.025107500000103755	epochs	3.0
1769.7406499411438	0.04978379999988647	epochs	2.0
1769.7406499411438	0.02496320000000196	epochs	3.0
1769.7656131411438	0.024820599999884507	epochs	3.0
1769.7904337411437	0.04921950000016295	epochs	2.0
1769.7904337411437	0.024679399999968155	epochs	3.0
1769.8151131411437	0.024540100000194798	epochs	3.0
1769.8396532411439	0.04866789999982757	epochs	2.0
1769.8396532411439	0.024402099999861093	epochs	3.0
1769.8640553411437	0.024265799999966475	epochs	3.0
1769.8883211411437	0.04812860000015462	epochs	2.0
1769.8883211411437	0.024131000000124914	epochs	3.0
1769.9124521411438	0.023997600000029706	epochs	3.0
1769.9364497411439	0.04760109999983797	epochs	2.0
1769.9364497411439	0.02386579999983951	epochs	3.0
1769.9603155411437	0.02373529999999846	epochs	3.0
1769.9840508411437	0.04708500000015192	epochs	2.0
1769.9840508411437	0.023606300000210467	epochs	3.0
1770.007657141144	0.023478699999941455	epochs	3.0
1770.0311358411439	0.046579999999948996	epochs	2.0
1770.0311358411439	0.023352499999873544	epochs	3.0
1770.0544883411437	0.02322750000007545	epochs	3.0
1770.0777158411438	0.046085700000048746	epochs	2.0
1770.0777158411438	0.023104000000103042	epochs	3.0
1770.100819841144	0.022981699999945704	epochs	3.0
1770.1238015411438	0.045601799999985815	epochs	2.0
1770.1238015411438	0.02286069999991014	epochs	3.0
1770.1466622411438	0.022741100000075676	epochs	3.0
1770.1694033411438	0.045127899999897636	epochs	2.0
1770.1694033411438	0.022622499999897627	epochs	3.0
1770.1920258411437	0.02250540000000001	epochs	3.0
1770.2145312411437	0.0446638000000803	epochs	2.0
1770.2145312411437	0.02238929999998618	epochs	3.0
1770.2369205411437	0.022274500000094122	epochs	3.0
1770.2591950411438	0.04420920000006845	epochs	2.0
1770.2591950411438	0.022160799999937808	epochs	3.0
1770.2813558411437	0.02204840000013064	epochs	3.0
1770.3034042411439	0.04376359999992019	epochs	2.0
1770.3034042411439	0.02193689999990056	epochs	3.0
1770.3253411411438	0.021826700000019628	epochs	3.0
1770.3471678411438	0.04332709999994222	epochs	2.0
1770.3471678411438	0.02171760000010181	epochs	3.0
1770.368885441144	0.02160949999984041	epochs	3.0
1770.3904949411437	0.04289900000003399	epochs	2.0
1770.3904949411437	0.02150249999999687	epochs	3.0
1770.4119974411437	0.021396500000037122	epochs	3.0
1770.4333939411438	0.04247950000012679	epochs	2.0
1770.4333939411438	0.021291700000119818	epochs	3.0
1770.454685641144	0.021187800000006973	epochs	3.0
1770.475873441144	0.04206789999989269	epochs	2.0
1770.475873441144	0.02108490000000529	epochs	3.0
1770.496958341144	0.020982999999887397	epochs	3.0
1770.5179413411438	0.04166439999994509	epochs	2.0
1770.5179413411438	0.020882199999959994	epochs	3.0
1770.5388235411438	0.020782199999985096	epochs	3.0
1770.5596057411437	0.04126850000011473	epochs	2.0
1770.5596057411437	0.020683299999973315	epochs	3.0
1770.5802890411437	0.020585200000141413	epochs	3.0
1770.6008742411439	0.04088000000001557	epochs	2.0
1770.6008742411439	0.020488099999965925	epochs	3.0
1770.6213623411438	0.020391900000049645	epochs	3.0
1770.6417542411439	0.04049880000002304	epochs	2.0
1770.6417542411439	0.020296599999937825	epochs	3.0
1770.6620508411438	0.020202200000085213	epochs	3.0
1770.682253041144	0.040124599999899146	epochs	2.0
1770.682253041144	0.020108699999809687	epochs	3.0
1770.7023617411437	0.02001590000008946	epochs	3.0
1770.7223776411438	0.03975730000001931	epochs	2.0
1770.7223776411438	0.019924200000104975	epochs	3.0
1770.742301841144	0.01983309999991434	epochs	3.0
1770.7621349411438	0.03939669999999751	epochs	2.0
1770.7621349411438	0.01974300000006224	epochs	3.0
1770.7818779411439	0.01965369999993527	epochs	3.0
1770.8015316411438	0.03904239999997117	epochs	2.0
1770.8015316411438	0.019565099999908853	epochs	3.0
1770.8210967411437	0.019477300000062314	epochs	3.0
1770.8405740411438	0.038694600000098944	epochs	2.0
1770.8405740411438	0.019390400000020236	epochs	3.0
1770.8599644411438	0.01930420000007871	epochs	3.0
1770.8792686411439	0.038352899999836154	epochs	2.0
1770.8792686411439	0.019218799999862313	epochs	3.0
1770.8984874411437	0.01913409999997384	epochs	3.0
1770.9176215411437	0.03801720000001296	epochs	2.0
1770.9176215411437	0.019050200000037876	epochs	3.0
1770.9366717411438	0.018966999999975087	epochs	3.0
1770.9556387411437	0.03768720000016401	epochs	2.0
1770.9556387411437	0.01888450000001285	epochs	3.0
1770.9745232411437	0.018802700000151162	epochs	3.0
1770.993325941144	0.03736309999999321	epochs	2.0
1770.993325941144	0.018721700000014607	epochs	3.0
1771.012047641144	0.018641399999978603	epochs	3.0
1771.030689041144	0.03704429999993408	epochs	2.0
1771.030689041144	0.018561599999884493	epochs	3.0
1771.0492506411438	0.01848270000004959	epochs	3.0
1771.0677333411438	0.03673099999991791	epochs	2.0
1771.0677333411438	0.018404299999929208	epochs	3.0
1771.0861376411438	0.018326699999988705	epochs	3.0
1771.1044643411437	0.03642290000016146	epochs	2.0
1771.1044643411437	0.018249599999990096	epochs	3.0
1771.1227139411437	0.018173300000171366	epochs	3.0
1771.140887241144	0.036120099999834565	epochs	2.0
1771.140887241144	0.01809759999991911	epochs	3.0
1771.1589848411438	0.018022499999915453	epochs	3.0
1771.1770073411437	0.035822100000132195	epochs	2.0
1771.1770073411437	0.017947900000081063	epochs	3.0
1771.1949552411438	0.017874200000051133	epochs	3.0
1771.2128294411439	0.03552899999999681	epochs	2.0
1771.2128294411439	0.017800800000031813	epochs	3.0
1771.230630241144	0.017728199999965	epochs	3.0
1771.2483584411439	0.03524070000003121	epochs	2.0
1771.2483584411439	0.01765609999984008	epochs	3.0
1771.2660145411437	0.01758460000019113	epochs	3.0
1771.283599141144	0.03495709999992869	epochs	2.0
1771.283599141144	0.017513699999881283	epochs	3.0
1771.3011128411438	0.017443400000047404	epochs	3.0
1771.3185562411438	0.034677899999906	epochs	2.0
1771.3185562411438	0.017373599999928047	epochs	3.0
1771.3359298411438	0.017304299999977957	epochs	3.0
1771.3532341411437	0.03440330000012182	epochs	2.0
1771.3532341411437	0.017235700000128418	epochs	3.0
1771.3704698411439	0.0171675999999934	epochs	3.0
1771.3876374411439	0.03413279999995211	epochs	2.0
1771.3876374411439	0.01709989999994832	epochs	3.0
1771.4047373411438	0.017032900000003792	epochs	3.0
1771.4217702411438	0.03386670000008962	epochs	2.0
1771.4217702411438	0.01696640000000116	epochs	3.0
1771.4387366411438	0.016900300000088464	epochs	3.0
1771.455636941144	0.03360459999998966	epochs	2.0
1771.455636941144	0.01683479999996962	epochs	3.0
1771.4724717411439	0.01676980000002004	epochs	3.0
1771.4892415411439	0.033346599999958926	epochs	2.0
1771.4892415411439	0.016705300000012357	epochs	3.0
1771.505946841144	0.01664129999994657	epochs	3.0
1771.5225881411438	0.03309250000006614	epochs	2.0
1771.5225881411438	0.016577800000050047	epochs	3.0
1771.539165941144	0.01651470000001609	epochs	3.0
1771.555680641144	0.03284229999985655	epochs	2.0
1771.555680641144	0.016452199999775985	epochs	3.0
1771.5721328411437	0.016390100000080565	epochs	3.0
1771.5885229411438	0.03259570000000167	epochs	2.0
1771.5885229411438	0.016328400000020338	epochs	3.0
1771.6048513411438	0.016267299999981333	epochs	3.0
1771.6211186411438	0.032352899999978035	epochs	2.0
1771.6211186411438	0.016206600000032267	epochs	3.0
1771.6373252411438	0.016146299999945768	epochs	3.0
1771.6534715411437	0.032113700000081735	epochs	2.0
1771.6534715411437	0.016086600000107865	epochs	3.0
1771.6695581411439	0.01602709999997387	epochs	3.0
1771.6855852411438	0.03187800000000607	epochs	2.0
1771.6855852411438	0.0159681999998611	epochs	3.0
1771.7015534411437	0.01590980000014497	epochs	3.0
1771.7174632411438	0.03164569999989908	epochs	2.0
1771.7174632411438	0.015851599999905375	epochs	3.0
1771.7333148411437	0.015794099999993705	epochs	3.0
1771.7491089411437	0.03141670000013619	epochs	2.0
1771.7491089411437	0.015736700000161363	epochs	3.0
1771.764845641144	0.015679999999974825	epochs	3.0
1771.7805256411439	0.03119109999988723	epochs	2.0
1771.7805256411439	0.015623600000026272	epochs	3.0
1771.796149241144	0.015567499999860956	epochs	3.0
1771.8117167411438	0.03096870000013041	epochs	2.0
1771.8117167411438	0.015511999999944237	epochs	3.0
1771.8272287411437	0.015456700000186174	epochs	3.0
1771.8426854411439	0.030749499999956242	epochs	2.0
1771.8426854411439	0.015401999999994587	epochs	3.0
1771.8580874411439	0.015347499999961656	epochs	3.0
1771.8734349411438	0.03053320000003623	epochs	2.0
1771.8734349411438	0.015293400000018664	epochs	3.0
1771.8887283411439	0.015239800000017567	epochs	3.0
1771.9039681411439	0.030320099999926242	epochs	2.0
1771.9039681411439	0.015186500000027081	epochs	3.0
1771.919154641144	0.015133599999899161	epochs	3.0
1771.9342882411438	0.03010990000007041	epochs	2.0
1771.9342882411438	0.015081000000009226	epochs	3.0
1771.9493692411438	0.015028900000061185	epochs	3.0
1771.9643981411439	0.029902499999934662	epochs	2.0
1771.9643981411439	0.014976999999817053	epochs	3.0
1771.9793751411437	0.014925500000117609	epochs	3.0
1771.9943006411438	0.029698099999905025	epochs	2.0
1771.9943006411438	0.014874400000053356	epochs	3.0
1772.0091750411439	0.01482369999985167	epochs	3.0
1772.0239987411437	0.029496300000118936	epochs	2.0
1772.0239987411437	0.014773200000036013	epochs	3.0
1772.0387719411438	0.014723100000082923	epochs	3.0
1772.0534950411438	0.029297399999904883	epochs	2.0
1772.0534950411438	0.014673399999992398	epochs	3.0
1772.0681684411438	0.014623999999912485	epochs	3.0
1772.0827924411437	0.02910110000016175	epochs	2.0
1772.0827924411437	0.014574900000070556	epochs	3.0
1772.0973673411438	0.014526200000091194	epochs	3.0
1772.111893541144	0.028907399999980044	epochs	2.0
1772.111893541144	0.01447769999981574	epochs	3.0
1772.1263712411437	0.014429700000164303	epochs	3.0
1772.1408009411439	0.028716199999962555	epochs	2.0
1772.1408009411439	0.014381799999910072	epochs	3.0
1772.1551827411438	0.014334400000052483	epochs	3.0
1772.1695171411438	0.02852759999996124	epochs	2.0
1772.1695171411438	0.014287199999898803	epochs	3.0
1772.1838043411437	0.014240400000062436	epochs	3.0
1772.1980447411438	0.028341400000044814	epochs	2.0
1772.1980447411438	0.014193799999929979	epochs	3.0
1772.2122385411437	0.014147600000114835	epochs	3.0
1772.2263861411438	0.028157700000065233	epochs	2.0
1772.2263861411438	0.014101699999855555	epochs	3.0
1772.2404878411437	0.014056000000209679	epochs	3.0
1772.254543841144	0.02797629999986384	epochs	2.0
1772.254543841144	0.014010599999892293	epochs	3.0
1772.2685544411438	0.013965699999971548	epochs	3.0
1772.2825201411438	0.027797200000122757	epochs	2.0
1772.2825201411438	0.013920800000050804	epochs	3.0
1772.2964409411438	0.013876400000071953	epochs	3.0
1772.310317341144	0.027620399999932488	epochs	2.0
1772.310317341144	0.013832199999797012	epochs	3.0
1772.3241495411437	0.013788200000135475	epochs	3.0
1772.3379377411438	0.027445899999975154	epochs	2.0
1772.3379377411438	0.013744599999881757	epochs	3.0
1772.3516823411437	0.013701300000093397	epochs	3.0
1772.3653836411438	0.0272735000000921	epochs	2.0
1772.3653836411438	0.013658200000008947	epochs	3.0
1772.3790418411438	0.013615300000083153	epochs	3.0
1772.392657141144	0.027103399999987232	epochs	2.0
1772.392657141144	0.01357279999979255	epochs	3.0
1772.4062299411437	0.013530600000194681	epochs	3.0
1772.419760541144	0.026935199999797987	epochs	2.0
1772.419760541144	0.01348839999991469	epochs	3.0
1772.4332489411438	0.013446799999883297	epochs	3.0
1772.4466957411437	0.026769200000217097	epochs	2.0
1772.4466957411437	0.013405200000079276	epochs	3.0
1772.4601009411438	0.013364000000137821	epochs	3.0
1772.473464941144	0.026605199999949036	epochs	2.0
1772.473464941144	0.013322899999820947	epochs	3.0
1772.4867878411437	0.013282300000128089	epochs	3.0
1772.5000701411439	0.0264431999999033	epochs	2.0
1772.5000701411439	0.013241699999980483	epochs	3.0
1772.5133118411438	0.013201499999922817	epochs	3.0
1772.5265133411438	0.026283200000079887	epochs	2.0
1772.5265133411438	0.013161500000023807	epochs	3.0
1772.5396748411438	0.01312170000005608	epochs	3.0
1772.5527965411438	0.026124999999865395	epochs	2.0
1772.5527965411438	0.013082100000019636	epochs	3.0
1772.5658786411439	0.013042899999845758	epochs	3.0
1772.5789215411437	0.02596890000017993	epochs	2.0
1772.5789215411437	0.01300390000005791	epochs	3.0
1772.5919254411438	0.012965000000122018	epochs	3.0
1772.6048904411439	0.025814500000024054	epochs	2.0
1772.6048904411439	0.012926399999969362	epochs	3.0
1772.6178168411438	0.012888100000054692	epochs	3.0
1772.630704941144	0.025661899999931848	epochs	2.0
1772.630704941144	0.012849899999991976	epochs	3.0
1772.643554841144	0.012811999999939871	epochs	3.0
1772.6563668411438	0.025511199999982637	epochs	2.0
1772.6563668411438	0.012774399999898378	epochs	3.0
1772.6691412411437	0.012736800000084258	epochs	3.0
1772.6818780411438	0.02536229999986972	epochs	2.0
1772.6818780411438	0.01269969999998466	epochs	3.0
1772.6945777411438	0.01266259999988506	epochs	3.0
1772.7072403411437	0.02521500000011656	epochs	2.0
1772.7072403411437	0.012625800000023446	epochs	3.0
1772.7198661411437	0.012589200000093115	epochs	3.0
1772.7324553411438	0.024584799999956886	epochs	2.0
1772.7563462411438	0.5	epochs	-1.0
1772.7570401411438	0.9999199999999746	epochs	1.0
1773.2563462411438	0.5	epochs	-1.0
1774.670000076294	0.055039999999962674	epochs	0.0
1774.670000076294	0.022522400000070775	epochs	1.0
1774.692522476294	0.009995199999821125	epochs	1.0
1774.7025176762938	0.022522400000070775	epochs	1.0
1774.725040076294	2.0	epochs	0.0
1776.725040076294	21.999919999999975	epochs	0.0
1776.725040076294	1.0	epochs	1.0
1776.725066176294	0.5	epochs	-1.0
1777.225066176294	19.99928	epochs	-1.0
1777.725040076294	20.0	epochs	1.0
1777.725040076294	4.356753900000058	epochs	-1.0
1777.725040076294	1.9745872000000873	epochs	2.0
1777.725040076294	1.0985622000000603	epochs	3.0
1778.823602276294	0.8760250000000269	epochs	3.0
1779.699627276294	1.3524075000000266	epochs	2.0
1779.699627276294	0.7286354999998821	epochs	3.0
1780.4282627762939	0.6237720000001445	epochs	3.0
1781.052034776294	1.029759199999944	epochs	2.0
1781.052034776294	0.5453292999998212	epochs	3.0
1781.5973640762938	0.48442990000012287	epochs	3.0
1782.081793976294	0.8317861999998968	epochs	2.0
1782.081793976294	0.4357763000000432	epochs	3.0
1782.517570276294	0.3960098999998536	epochs	3.0
1782.9135801762939	0.6977970000000369	epochs	2.0
1782.9135801762939	0.3628982000000178	epochs	3.0
1783.2764783762939	0.33489880000001904	epochs	3.0
1783.611377176294	0.601045699999986	epochs	2.0
1783.611377176294	0.3109123000001546	epochs	3.0
1783.922289476294	0.29013339999983145	epochs	3.0
1784.2124228762939	0.5278859000000011	epochs	2.0
1784.2124228762939	0.2719586000000618	epochs	3.0
1784.484381476294	0.25592729999993935	epochs	3.0
1784.740308776294	0.470619299999953	epochs	2.0
1784.740308776294	0.241681299999982	epochs	3.0
1784.9819900762939	0.228937999999971	epochs	3.0
1785.2109280762938	0.42457039999999324	epochs	2.0
1785.2109280762938	0.21747140000002219	epochs	3.0
1785.4283994762939	0.20709899999997106	epochs	3.0
1785.6354984762938	0.3867354000001342	epochs	2.0
1785.6354984762938	0.19767110000020693	epochs	3.0
1785.833169576294	0.18906429999992724	epochs	3.0
1786.022233876294	0.35509529999990264	epochs	2.0
1786.022233876294	0.18117589999997108	epochs	3.0
1786.203409776294	0.17391939999993156	epochs	3.0
1786.3773291762939	0.3282431000000088	epochs	2.0
1786.3773291762939	0.167221900000186	epochs	3.0
1786.544551076294	0.16102119999982278	epochs	3.0
1786.7055722762939	0.30516800000009425	epochs	2.0
1786.7055722762939	0.15526390000013635	epochs	3.0
1786.860836176294	0.1499040999999579	epochs	3.0
1787.010740276294	0.28512529999989056	epochs	2.0
1787.010740276294	0.1449021000000812	epochs	3.0
1787.155642376294	0.14022319999980937	epochs	3.0
1787.2958655762939	0.267553800000087	epochs	2.0
1787.2958655762939	0.13583690000018578	epochs	3.0
1787.431702476294	0.13171689999990122	epochs	3.0
1787.563419376294	0.252022899999929	epochs	2.0
1787.563419376294	0.1278393000000051	epochs	3.0
1787.691258676294	0.1241835999999239	epochs	3.0
1787.8154422762939	0.23819649999995818	epochs	2.0
1787.8154422762939	0.12073110000005727	epochs	3.0
1787.936173376294	0.11746539999990091	epochs	3.0
1788.0536387762938	0.2258088000000953	epochs	2.0
1788.0536387762938	0.11437190000015107	epochs	3.0
1788.168010676294	0.11143689999994422	epochs	3.0
1788.279447576294	0.21464599999990241	epochs	2.0
1788.279447576294	0.10864889999993466	epochs	3.0
1788.3880964762939	0.10599709999996776	epochs	3.0
1788.4940935762938	0.20453500000007807	epochs	2.0
1788.4940935762938	0.10347150000006877	epochs	3.0
1788.597565076294	0.1010635000000093	epochs	3.0
1788.698628576294	0.19533400000000256	epochs	2.0
1788.698628576294	0.09876510000003691	epochs	3.0
1788.797393676294	0.09656889999996565	epochs	3.0
1788.893962576294	0.18692529999998442	epochs	2.0
1788.893962576294	0.09446830000001682	epochs	3.0
1788.988430876294	0.09245699999996759	epochs	3.0
1789.080887876294	0.1792107000001124	epochs	2.0
1789.080887876294	0.0905296000000817	epochs	3.0
1789.171417476294	0.08868110000003071	epochs	3.0
1789.260098576294	0.17210769999996955	epochs	2.0
1789.260098576294	0.08690630000000965	epochs	3.0
1789.347004876294	0.0852013999999599	epochs	3.0
1789.432206276294	0.16554640000003928	epochs	2.0
1789.432206276294	0.08356189999994967	epochs	3.0
1789.515768176294	0.08198450000008961	epochs	3.0
1789.597752676294	0.15946710000002895	epochs	2.0
1789.597752676294	0.08046539999986635	epochs	3.0
1789.678218076294	0.0790017000001626	epochs	3.0
1789.757219776294	0.1538183999998637	epochs	2.0
1789.757219776294	0.07759009999995214	epochs	3.0
1789.834809876294	0.07622829999991154	epochs	3.0
1789.911038176294	0.14855639999996129	epochs	2.0
1789.911038176294	0.07491329999993468	epochs	3.0
1789.9859514762938	0.0736431000000266	epochs	3.0
1790.0595945762939	0.14364240000008976	epochs	2.0
1790.0595945762939	0.07241500000009182	epochs	3.0
1790.132009576294	0.07122739999999794	epochs	3.0
1790.203236976294	0.13904309999998077	epochs	2.0
1790.203236976294	0.07007799999996678	epochs	3.0
1790.273314976294	0.06896510000001399	epochs	3.0
1790.342280076294	0.13472929999988992	epochs	2.0
1790.342280076294	0.0678871000000072	epochs	3.0
1790.410167176294	0.06684219999988272	epochs	3.0
1790.4770093762938	0.1306752000000415	epochs	2.0
1790.4770093762938	0.06582910000020092	epochs	3.0
1790.542838476294	0.06484609999984059	epochs	3.0
1790.6076845762939	0.12685780000015257	epochs	2.0
1790.6076845762939	0.06389200000012352	epochs	3.0
1790.671576576294	0.06296580000002905	epochs	3.0
1790.734542376294	0.12325719999989815	epochs	2.0
1790.734542376294	0.06206579999980022	epochs	3.0
1790.7966081762938	0.06119140000009793	epochs	3.0
1790.857799576294	0.11985540000000583	epochs	2.0
1790.857799576294	0.060341099999959624	epochs	3.0
1790.918140676294	0.059514300000046205	epochs	3.0
1790.977654976294	0.1166361999999026	epochs	2.0
1790.977654976294	0.058709599999929196	epochs	3.0
1791.0363645762939	0.057926599999973405	epochs	3.0
1791.0942911762938	0.11358560000007856	epochs	2.0
1791.0942911762938	0.057164200000215715	epochs	3.0
1791.151455376294	0.05642139999986284	epochs	3.0
1791.207876776294	0.11069049999991876	epochs	2.0
1791.207876776294	0.055697900000041045	epochs	3.0
1791.263574676294	0.05499259999987771	epochs	3.0
1791.3185672762938	0.1079391000000669	epochs	2.0
1791.3185672762938	0.05430490000003374	epochs	3.0
1791.3728721762939	0.05363420000003316	epochs	3.0
1791.426506376294	0.10532149999994544	epochs	2.0
1791.426506376294	0.05297999999993408	epochs	3.0
1791.4794863762938	0.052341500000011365	epochs	3.0
1791.5318278762938	0.10282760000018243	epochs	2.0
1791.5318278762938	0.05171810000001642	epochs	3.0
1791.5835459762939	0.05110950000016601	epochs	3.0
1791.634655476294	0.10044909999987794	epochs	2.0
1791.634655476294	0.0505148999998255	epochs	3.0
1791.6851703762939	0.04993420000005244	epochs	3.0
1791.735104576294	0.0981782999999723	epochs	2.0
1791.735104576294	0.04936659999998483	epochs	3.0
1791.784471176294	0.04881169999998747	epochs	3.0
1791.8332828762939	0.09600780000005216	epochs	2.0
1791.8332828762939	0.04826920000004975	epochs	3.0
1791.881552076294	0.04773860000000241	epochs	3.0
1791.929290676294	0.09393120000004274	epochs	2.0
1791.929290676294	0.04721949999998287	epochs	3.0
1791.976510176294	0.046711700000059864	epochs	3.0
1792.023221876294	0.09194260000003851	epochs	2.0
1792.023221876294	0.046214599999984785	epochs	3.0
1792.069436476294	0.045728000000053726	epochs	3.0
1792.115164476294	0.09003629999983787	epochs	2.0
1792.115164476294	0.045251499999949374	epochs	3.0
1792.160415976294	0.04478479999988849	epochs	3.0
1792.2052007762939	0.08820760000003247	epochs	2.0
1792.2052007762939	0.044327800000019124	epochs	3.0
1792.2495285762939	0.04387980000001335	epochs	3.0
1792.2934083762939	0.0864516999999978	epochs	2.0
1792.2934083762939	0.04344100000002982	epochs	3.0
1792.336849376294	0.04301069999996798	epochs	3.0
1792.3798600762939	0.08476429999996071	epochs	2.0
1792.3798600762939	0.04258900000013455	epochs	3.0
1792.422449076294	0.042175299999826166	epochs	3.0
1792.4646243762938	0.08314150000001064	epochs	2.0
1792.4646243762938	0.04176970000003166	epochs	3.0
1792.5063940762939	0.041371799999978975	epochs	3.0
1792.5477658762939	0.08157970000002024	epochs	2.0
1792.5477658762939	0.04098140000019157	epochs	3.0
1792.588747276294	0.04059829999982867	epochs	3.0
1792.6293455762939	0.08007550000002084	epochs	2.0
1792.6293455762939	0.040222300000095856	epochs	3.0
1792.669567876294	0.03985319999992498	epochs	3.0
1792.709421076294	0.07862569999997504	epochs	2.0
1792.709421076294	0.039490800000066884	epochs	3.0
1792.748911876294	0.03913489999990816	epochs	3.0
1792.7880467762939	0.07722760000001472	epochs	2.0
1792.7880467762939	0.038785400000051595	epochs	3.0
1792.826832176294	0.03844219999996312	epochs	3.0
1792.8652743762939	0.07587820000003376	epochs	2.0
1792.8652743762939	0.03810480000015559	epochs	3.0
1792.903379176294	0.037773399999878166	epochs	3.0
1792.941152576294	0.0745752000000266	epochs	2.0
1792.941152576294	0.03744770000002973	epochs	3.0
1792.978600276294	0.03712749999999687	epochs	3.0
1793.015727776294	0.07331629999998768	epochs	2.0
1793.015727776294	0.0368129000000863	epochs	3.0
1793.052540676294	0.036503399999901376	epochs	3.0
1793.089044076294	0.07209899999998015	epochs	2.0
1793.089044076294	0.03619909999997617	epochs	3.0
1793.125243176294	0.03589990000000398	epochs	3.0
1793.161143076294	0.07092170000009901	epochs	2.0
1793.161143076294	0.03560560000005353	epochs	3.0
1793.196748676294	0.03531610000004548	epochs	3.0
1793.232064776294	0.06978200000003199	epochs	2.0
1793.232064776294	0.03503120000004856	epochs	3.0
1793.267095976294	0.03475079999998343	epochs	3.0
1793.301846776294	0.06867859999988468	epochs	2.0
1793.301846776294	0.03447510000000875	epochs	3.0
1793.336321876294	0.03420349999987593	epochs	3.0
1793.370525376294	0.06760929999995824	epochs	2.0
1793.370525376294	0.033936199999970995	epochs	3.0
1793.404461576294	0.033673099999987244	epochs	3.0
1793.4381346762939	0.06657289999998284	epochs	2.0
1793.4381346762939	0.03341399999999339	epochs	3.0
1793.4715486762939	0.033158899999989444	epochs	3.0
1793.5047075762939	0.06556780000005347	epochs	2.0
1793.5047075762939	0.03290770000012344	epochs	3.0
1793.537615276294	0.032660099999930026	epochs	3.0
1793.570275376294	0.06459259999996902	epochs	2.0
1793.570275376294	0.03241640000010193	epochs	3.0
1793.602691776294	0.032176199999867094	epochs	3.0
1793.634867976294	0.06364600000006249	epochs	2.0
1793.634867976294	0.03193959999998697	epochs	3.0
1793.6668075762939	0.03170640000007552	epochs	3.0
1793.698513976294	0.0627266999999847	epochs	2.0
1793.698513976294	0.031476599999905375	epochs	3.0
1793.7299905762939	0.03125010000007933	epochs	3.0
1793.761240676294	0.06183359999999993	epochs	2.0
1793.761240676294	0.03102689999991526	epochs	3.0
1793.7922675762939	0.030806700000084675	epochs	3.0
1793.823074276294	0.060965599999917686	epochs	2.0
1793.823074276294	0.030589799999916067	epochs	3.0
1793.8536640762939	0.030375800000001618	epochs	3.0
1793.8840398762939	0.06012160000000222	epochs	2.0
1793.8840398762939	0.030164900000045236	epochs	3.0
1793.914204776294	0.02995669999995698	epochs	3.0
1793.9441614762939	0.05930069999999432	epochs	2.0
1793.9441614762939	0.029751600000054168	epochs	3.0
1793.973913076294	0.029549099999940154	epochs	3.0
1794.0034621762939	0.058501800000158255	epochs	2.0
1794.0034621762939	0.02934940000000097	epochs	3.0
1794.0328115762939	0.029152400000157286	epochs	3.0
1794.061963976294	0.05772419999993872	epochs	2.0
1794.061963976294	0.028957999999875028	epochs	3.0
1794.0909219762939	0.02876620000006369	epochs	3.0
1794.119688176294	0.05696710000006533	epochs	2.0
1794.119688176294	0.028577000000041153	epochs	3.0
1794.148265176294	0.028390100000024177	epochs	3.0
1794.176655276294	0.05622949999997218	epochs	2.0
1794.176655276294	0.028205699999944045	epochs	3.0
1794.204860976294	0.028023800000028132	epochs	3.0
1794.232884776294	0.05551070000001346	epochs	2.0
1794.232884776294	0.027843999999959124	epochs	3.0
1794.260728776294	0.027666700000054334	epochs	3.0
1794.288395476294	0.054810200000019904	epochs	2.0
1794.288395476294	0.02749149999999645	epochs	3.0
1794.315886976294	0.027318700000023455	epochs	3.0
1794.343205676294	0.054126999999880354	epochs	2.0
1794.343205676294	0.027147799999966082	epochs	3.0
1794.370353476294	0.026979199999914272	epochs	3.0
1794.397332676294	0.053460699999959616	epochs	2.0
1794.397332676294	0.026812600000084785	epochs	3.0
1794.424145276294	0.02664809999987483	epochs	3.0
1794.4507933762939	0.05281070000000909	epochs	2.0
1794.4507933762939	0.026485600000114573	epochs	3.0
1794.477278976294	0.02632509999989452	epochs	3.0
1794.5036040762939	0.05217620000007628	epochs	2.0
1794.5036040762939	0.026166399999965506	epochs	3.0
1794.5297704762938	0.026009800000110772	epochs	3.0
1794.555780276294	0.051556699999991906	epochs	2.0
1794.555780276294	0.025854799999933675	epochs	3.0
1794.5816350762939	0.02570190000005823	epochs	3.0
1794.607336976294	0.05095189999997274	epochs	2.0
1794.607336976294	0.025550699999939752	epochs	3.0
1794.6328876762939	0.025401200000032986	epochs	3.0
1794.658288876294	0.05036100000006627	epochs	2.0
1794.658288876294	0.025253499999962514	epochs	3.0
1794.6835423762939	0.025107500000103755	epochs	3.0
1794.708649876294	0.04978379999988647	epochs	2.0
1794.708649876294	0.02496320000000196	epochs	3.0
1794.733613076294	0.024820599999884507	epochs	3.0
1794.7584336762939	0.04921950000016295	epochs	2.0
1794.7584336762939	0.024679399999968155	epochs	3.0
1794.7831130762938	0.024540100000194798	epochs	3.0
1794.807653176294	0.04866789999982757	epochs	2.0
1794.807653176294	0.024402099999861093	epochs	3.0
1794.8320552762939	0.024265799999966475	epochs	3.0
1794.8563210762939	0.04812860000015462	epochs	2.0
1794.8563210762939	0.024131000000124914	epochs	3.0
1794.880452076294	0.023997600000029706	epochs	3.0
1794.904449676294	0.04760109999983797	epochs	2.0
1794.904449676294	0.02386579999983951	epochs	3.0
1794.9283154762938	0.02373529999999846	epochs	3.0
1794.9520507762938	0.04708500000015192	epochs	2.0
1794.9520507762938	0.023606300000210467	epochs	3.0
1794.975657076294	0.023478699999941455	epochs	3.0
1794.999135776294	0.046579999999948996	epochs	2.0
1794.999135776294	0.023352499999873544	epochs	3.0
1795.0224882762939	0.02322750000007545	epochs	3.0
1795.045715776294	0.046085700000048746	epochs	2.0
1795.045715776294	0.023104000000103042	epochs	3.0
1795.068819776294	0.022981699999945704	epochs	3.0
1795.091801476294	0.045601799999985815	epochs	2.0
1795.091801476294	0.02286069999991014	epochs	3.0
1795.114662176294	0.022741100000075676	epochs	3.0
1795.137403276294	0.045127899999897636	epochs	2.0
1795.137403276294	0.022622499999897627	epochs	3.0
1795.1600257762939	0.02250540000000001	epochs	3.0
1795.1825311762939	0.0446638000000803	epochs	2.0
1795.1825311762939	0.02238929999998618	epochs	3.0
1795.2049204762939	0.022274500000094122	epochs	3.0
1795.227194976294	0.04420920000006845	epochs	2.0
1795.227194976294	0.022160799999937808	epochs	3.0
1795.249355776294	0.02204840000013064	epochs	3.0
1795.271404176294	0.04376359999992019	epochs	2.0
1795.271404176294	0.02193689999990056	epochs	3.0
1795.293341076294	0.021826700000019628	epochs	3.0
1795.315167776294	0.04332709999994222	epochs	2.0
1795.315167776294	0.02171760000010181	epochs	3.0
1795.336885376294	0.02160949999984041	epochs	3.0
1795.358494876294	0.04289900000003399	epochs	2.0
1795.358494876294	0.02150249999999687	epochs	3.0
1795.3799973762939	0.021396500000037122	epochs	3.0
1795.401393876294	0.04247950000012679	epochs	2.0
1795.401393876294	0.021291700000119818	epochs	3.0
1795.422685576294	0.021187800000006973	epochs	3.0
1795.443873376294	0.04206789999989269	epochs	2.0
1795.443873376294	0.02108490000000529	epochs	3.0
1795.464958276294	0.020982999999887397	epochs	3.0
1795.485941276294	0.04166439999994509	epochs	2.0
1795.485941276294	0.020882199999959994	epochs	3.0
1795.506823476294	0.020782199999985096	epochs	3.0
1795.527605676294	0.04126850000011473	epochs	2.0
1795.527605676294	0.020683299999973315	epochs	3.0
1795.5482889762939	0.020585200000141413	epochs	3.0
1795.568874176294	0.04088000000001557	epochs	2.0
1795.568874176294	0.020488099999965925	epochs	3.0
1795.589362276294	0.020391900000049645	epochs	3.0
1795.609754176294	0.04049880000002304	epochs	2.0
1795.609754176294	0.020296599999937825	epochs	3.0
1795.630050776294	0.020202200000085213	epochs	3.0
1795.650252976294	0.040124599999899146	epochs	2.0
1795.650252976294	0.020108699999809687	epochs	3.0
1795.6703616762939	0.02001590000008946	epochs	3.0
1795.690377576294	0.03975730000001931	epochs	2.0
1795.690377576294	0.019924200000104975	epochs	3.0
1795.710301776294	0.01983309999991434	epochs	3.0
1795.730134876294	0.03939669999999751	epochs	2.0
1795.730134876294	0.01974300000006224	epochs	3.0
1795.749877876294	0.01965369999993527	epochs	3.0
1795.769531576294	0.03904239999997117	epochs	2.0
1795.769531576294	0.019565099999908853	epochs	3.0
1795.7890966762939	0.019477300000062314	epochs	3.0
1795.808573976294	0.038694600000098944	epochs	2.0
1795.808573976294	0.019390400000020236	epochs	3.0
1795.827964376294	0.01930420000007871	epochs	3.0
1795.847268576294	0.038352899999836154	epochs	2.0
1795.847268576294	0.019218799999862313	epochs	3.0
1795.866487376294	0.01913409999997384	epochs	3.0
1795.8856214762939	0.03801720000001296	epochs	2.0
1795.8856214762939	0.019050200000037876	epochs	3.0
1795.904671676294	0.018966999999975087	epochs	3.0
1795.9236386762939	0.03768720000016401	epochs	2.0
1795.9236386762939	0.01888450000001285	epochs	3.0
1795.942523176294	0.018802700000151162	epochs	3.0
1795.961325876294	0.03736309999999321	epochs	2.0
1795.961325876294	0.018721700000014607	epochs	3.0
1795.980047576294	0.018641399999978603	epochs	3.0
1795.998688976294	0.03704429999993408	epochs	2.0
1795.998688976294	0.018561599999884493	epochs	3.0
1796.017250576294	0.01848270000004959	epochs	3.0
1796.035733276294	0.03673099999991791	epochs	2.0
1796.035733276294	0.018404299999929208	epochs	3.0
1796.054137576294	0.018326699999988705	epochs	3.0
1796.0724642762939	0.03642290000016146	epochs	2.0
1796.0724642762939	0.018249599999990096	epochs	3.0
1796.0907138762939	0.018173300000171366	epochs	3.0
1796.108887176294	0.036120099999834565	epochs	2.0
1796.108887176294	0.01809759999991911	epochs	3.0
1796.126984776294	0.018022499999915453	epochs	3.0
1796.1450072762939	0.035822100000132195	epochs	2.0
1796.1450072762939	0.017947900000081063	epochs	3.0
1796.162955176294	0.017874200000051133	epochs	3.0
1796.180829376294	0.03552899999999681	epochs	2.0
1796.180829376294	0.017800800000031813	epochs	3.0
1796.198630176294	0.017728199999965	epochs	3.0
1796.216358376294	0.03524070000003121	epochs	2.0
1796.216358376294	0.01765609999984008	epochs	3.0
1796.2340144762939	0.01758460000019113	epochs	3.0
1796.251599076294	0.03495709999992869	epochs	2.0
1796.251599076294	0.017513699999881283	epochs	3.0
1796.269112776294	0.017443400000047404	epochs	3.0
1796.286556176294	0.034677899999906	epochs	2.0
1796.286556176294	0.017373599999928047	epochs	3.0
1796.303929776294	0.017304299999977957	epochs	3.0
1796.3212340762939	0.03440330000012182	epochs	2.0
1796.3212340762939	0.017235700000128418	epochs	3.0
1796.338469776294	0.0171675999999934	epochs	3.0
1796.355637376294	0.03413279999995211	epochs	2.0
1796.355637376294	0.01709989999994832	epochs	3.0
1796.372737276294	0.017032900000003792	epochs	3.0
1796.389770176294	0.03386670000008962	epochs	2.0
1796.389770176294	0.01696640000000116	epochs	3.0
1796.406736576294	0.016900300000088464	epochs	3.0
1796.423636876294	0.03360459999998966	epochs	2.0
1796.423636876294	0.01683479999996962	epochs	3.0
1796.440471676294	0.01676980000002004	epochs	3.0
1796.457241476294	0.033346599999958926	epochs	2.0
1796.457241476294	0.016705300000012357	epochs	3.0
1796.473946776294	0.01664129999994657	epochs	3.0
1796.490588076294	0.03309250000006614	epochs	2.0
1796.490588076294	0.016577800000050047	epochs	3.0
1796.507165876294	0.01651470000001609	epochs	3.0
1796.523680576294	0.03284229999985655	epochs	2.0
1796.523680576294	0.016452199999775985	epochs	3.0
1796.5401327762938	0.016390100000080565	epochs	3.0
1796.556522876294	0.03259570000000167	epochs	2.0
1796.556522876294	0.016328400000020338	epochs	3.0
1796.572851276294	0.016267299999981333	epochs	3.0
1796.589118576294	0.032352899999978035	epochs	2.0
1796.589118576294	0.016206600000032267	epochs	3.0
1796.605325176294	0.016146299999945768	epochs	3.0
1796.621471476294	0.032113700000081735	epochs	2.0
1796.621471476294	0.016086600000107865	epochs	3.0
1796.637558076294	0.01602709999997387	epochs	3.0
1796.653585176294	0.03187800000000607	epochs	2.0
1796.653585176294	0.0159681999998611	epochs	3.0
1796.6695533762938	0.01590980000014497	epochs	3.0
1796.685463176294	0.03164569999989908	epochs	2.0
1796.685463176294	0.015851599999905375	epochs	3.0
1796.7013147762939	0.015794099999993705	epochs	3.0
1796.7171088762939	0.03141670000013619	epochs	2.0
1796.7171088762939	0.015736700000161363	epochs	3.0
1796.732845576294	0.015679999999974825	epochs	3.0
1796.748525576294	0.03119109999988723	epochs	2.0
1796.748525576294	0.015623600000026272	epochs	3.0
1796.764149176294	0.015567499999860956	epochs	3.0
1796.779716676294	0.03096870000013041	epochs	2.0
1796.779716676294	0.015511999999944237	epochs	3.0
1796.7952286762938	0.015456700000186174	epochs	3.0
1796.810685376294	0.030749499999956242	epochs	2.0
1796.810685376294	0.015401999999994587	epochs	3.0
1796.826087376294	0.015347499999961656	epochs	3.0
1796.841434876294	0.03053320000003623	epochs	2.0
1796.841434876294	0.015293400000018664	epochs	3.0
1796.856728276294	0.015239800000017567	epochs	3.0
1796.871968076294	0.030320099999926242	epochs	2.0
1796.871968076294	0.015186500000027081	epochs	3.0
1796.887154576294	0.015133599999899161	epochs	3.0
1796.902288176294	0.03010990000007041	epochs	2.0
1796.902288176294	0.015081000000009226	epochs	3.0
1796.917369176294	0.015028900000061185	epochs	3.0
1796.932398076294	0.029902499999934662	epochs	2.0
1796.932398076294	0.014976999999817053	epochs	3.0
1796.9473750762938	0.014925500000117609	epochs	3.0
1796.962300576294	0.029698099999905025	epochs	2.0
1796.962300576294	0.014874400000053356	epochs	3.0
1796.977174976294	0.01482369999985167	epochs	3.0
1796.9919986762939	0.029496300000118936	epochs	2.0
1796.9919986762939	0.014773200000036013	epochs	3.0
1797.006771876294	0.014723100000082923	epochs	3.0
1797.021494976294	0.029297399999904883	epochs	2.0
1797.021494976294	0.014673399999992398	epochs	3.0
1797.036168376294	0.014623999999912485	epochs	3.0
1797.0507923762939	0.02910110000016175	epochs	2.0
1797.0507923762939	0.014574900000070556	epochs	3.0
1797.065367276294	0.014526200000091194	epochs	3.0
1797.079893476294	0.028907399999980044	epochs	2.0
1797.079893476294	0.01447769999981574	epochs	3.0
1797.0943711762939	0.014429700000164303	epochs	3.0
1797.108800876294	0.028716199999962555	epochs	2.0
1797.108800876294	0.014381799999910072	epochs	3.0
1797.123182676294	0.014334400000052483	epochs	3.0
1797.137517076294	0.02852759999996124	epochs	2.0
1797.137517076294	0.014287199999898803	epochs	3.0
1797.151804276294	0.014240400000062436	epochs	3.0
1797.166044676294	0.028341400000044814	epochs	2.0
1797.166044676294	0.014193799999929979	epochs	3.0
1797.1802384762939	0.014147600000114835	epochs	3.0
1797.194386076294	0.028157700000065233	epochs	2.0
1797.194386076294	0.014101699999855555	epochs	3.0
1797.2084877762939	0.014056000000209679	epochs	3.0
1797.222543776294	0.02797629999986384	epochs	2.0
1797.222543776294	0.014010599999892293	epochs	3.0
1797.236554376294	0.013965699999971548	epochs	3.0
1797.250520076294	0.027797200000122757	epochs	2.0
1797.250520076294	0.013920800000050804	epochs	3.0
1797.264440876294	0.013876400000071953	epochs	3.0
1797.278317276294	0.027620399999932488	epochs	2.0
1797.278317276294	0.013832199999797012	epochs	3.0
1797.2921494762938	0.013788200000135475	epochs	3.0
1797.305937676294	0.027445899999975154	epochs	2.0
1797.305937676294	0.013744599999881757	epochs	3.0
1797.3196822762939	0.013701300000093397	epochs	3.0
1797.333383576294	0.0272735000000921	epochs	2.0
1797.333383576294	0.013658200000008947	epochs	3.0
1797.347041776294	0.013615300000083153	epochs	3.0
1797.360657076294	0.027103399999987232	epochs	2.0
1797.360657076294	0.01357279999979255	epochs	3.0
1797.3742298762938	0.013530600000194681	epochs	3.0
1797.387760476294	0.026935199999797987	epochs	2.0
1797.387760476294	0.01348839999991469	epochs	3.0
1797.401248876294	0.013446799999883297	epochs	3.0
1797.4146956762938	0.026769200000217097	epochs	2.0
1797.4146956762938	0.013405200000079276	epochs	3.0
1797.428100876294	0.013364000000137821	epochs	3.0
1797.441464876294	0.026605199999949036	epochs	2.0
1797.441464876294	0.013322899999820947	epochs	3.0
1797.4547877762939	0.013282300000128089	epochs	3.0
1797.468070076294	0.0264431999999033	epochs	2.0
1797.468070076294	0.013241699999980483	epochs	3.0
1797.481311776294	0.013201499999922817	epochs	3.0
1797.494513276294	0.026283200000079887	epochs	2.0
1797.494513276294	0.013161500000023807	epochs	3.0
1797.507674776294	0.01312170000005608	epochs	3.0
1797.520796476294	0.026124999999865395	epochs	2.0
1797.520796476294	0.013082100000019636	epochs	3.0
1797.533878576294	0.013042899999845758	epochs	3.0
1797.5469214762938	0.02596890000017993	epochs	2.0
1797.5469214762938	0.01300390000005791	epochs	3.0
1797.559925376294	0.012965000000122018	epochs	3.0
1797.572890376294	0.025814500000024054	epochs	2.0
1797.572890376294	0.012926399999969362	epochs	3.0
1797.585816776294	0.012888100000054692	epochs	3.0
1797.598704876294	0.025661899999931848	epochs	2.0
1797.598704876294	0.012849899999991976	epochs	3.0
1797.611554776294	0.012811999999939871	epochs	3.0
1797.624366776294	0.025511199999982637	epochs	2.0
1797.624366776294	0.012774399999898378	epochs	3.0
1797.6371411762939	0.012736800000084258	epochs	3.0
1797.649877976294	0.02536229999986972	epochs	2.0
1797.649877976294	0.01269969999998466	epochs	3.0
1797.662577676294	0.01266259999988506	epochs	3.0
1797.6752402762938	0.02521500000011656	epochs	2.0
1797.6752402762938	0.012625800000023446	epochs	3.0
1797.6878660762939	0.012589200000093115	epochs	3.0
1797.700455276294	0.024584799999956886	epochs	2.0
1797.724346176294	0.5	epochs	-1.0
1797.725040076294	0.9999199999999746	epochs	1.0
1798.224346176294	0.5	epochs	-1.0
1799.7620000839233	0.055039999999962674	epochs	0.0
1799.7620000839233	0.022522400000070775	epochs	1.0
1799.7845224839234	0.009995199999821125	epochs	1.0
1799.7945176839232	0.022522400000070775	epochs	1.0
1799.8170400839233	2.0	epochs	0.0
1801.8170400839233	0.5044800000000578	epochs	0.0
1801.8170400839233	0.5044800000000578	epochs	1.0
1801.8170661839233	0.5	epochs	-1.0
1802.3170661839233	0.0044539000000440865	epochs	-1.0
1802.3215200839234	21.495439999999917	epochs	0.0
1803.6640000343323	0.055039999999962674	epochs	0.0
1803.6640000343323	0.022522400000070775	epochs	1.0
1803.6865224343323	0.009995199999821125	epochs	1.0
1803.6965176343322	0.022522400000070775	epochs	1.0
1803.7190400343322	2.0	epochs	0.0
1805.7190400343322	21.504320000000007	epochs	0.0
1805.7190400343322	1.0	epochs	1.0
1805.7190661343323	0.5	epochs	-1.0
1806.2190661343323	19.99928	epochs	-1.0
1806.7190400343322	20.0	epochs	1.0
1806.7190400343322	4.356753900000058	epochs	-1.0
1806.7190400343322	1.9745872000000873	epochs	2.0
1806.7190400343322	1.0985622000000603	epochs	3.0
1807.8176022343323	0.8760250000000269	epochs	3.0
1808.6936272343323	1.3524075000000266	epochs	2.0
1808.6936272343323	0.7286354999998821	epochs	3.0
1809.4222627343322	0.6237720000001445	epochs	3.0
1810.0460347343324	1.029759199999944	epochs	2.0
1810.0460347343324	0.5453292999998212	epochs	3.0
1810.5913640343322	0.48442990000012287	epochs	3.0
1811.0757939343323	0.8317861999998968	epochs	2.0
1811.0757939343323	0.4357763000000432	epochs	3.0
1811.5115702343323	0.3960098999998536	epochs	3.0
1811.9075801343322	0.6977970000000369	epochs	2.0
1811.9075801343322	0.3628982000000178	epochs	3.0
1812.2704783343322	0.33489880000001904	epochs	3.0
1812.6053771343322	0.601045699999986	epochs	2.0
1812.6053771343322	0.3109123000001546	epochs	3.0
1812.9162894343324	0.29013339999983145	epochs	3.0
1813.2064228343322	0.5278859000000011	epochs	2.0
1813.2064228343322	0.2719586000000618	epochs	3.0
1813.4783814343323	0.25592729999993935	epochs	3.0
1813.7343087343322	0.470619299999953	epochs	2.0
1813.7343087343322	0.241681299999982	epochs	3.0
1813.9759900343322	0.228937999999971	epochs	3.0
1814.2049280343322	0.42457039999999324	epochs	2.0
1814.2049280343322	0.21747140000002219	epochs	3.0
1814.4223994343322	0.20709899999997106	epochs	3.0
1814.6294984343322	0.3867354000001342	epochs	2.0
1814.6294984343322	0.19767110000020693	epochs	3.0
1814.8271695343324	0.18906429999992724	epochs	3.0
1815.0162338343323	0.35509529999990264	epochs	2.0
1815.0162338343323	0.18117589999997108	epochs	3.0
1815.1974097343323	0.17391939999993156	epochs	3.0
1815.3713291343322	0.3282431000000088	epochs	2.0
1815.3713291343322	0.167221900000186	epochs	3.0
1815.5385510343324	0.16102119999982278	epochs	3.0
1815.6995722343322	0.30516800000009425	epochs	2.0
1815.6995722343322	0.15526390000013635	epochs	3.0
1815.8548361343323	0.1499040999999579	epochs	3.0
1816.0047402343323	0.28512529999989056	epochs	2.0
1816.0047402343323	0.1449021000000812	epochs	3.0
1816.1496423343324	0.14022319999980937	epochs	3.0
1816.2898655343322	0.267553800000087	epochs	2.0
1816.2898655343322	0.13583690000018578	epochs	3.0
1816.4257024343324	0.13171689999990122	epochs	3.0
1816.5574193343323	0.252022899999929	epochs	2.0
1816.5574193343323	0.1278393000000051	epochs	3.0
1816.6852586343323	0.1241835999999239	epochs	3.0
1816.8094422343322	0.23819649999995818	epochs	2.0
1816.8094422343322	0.12073110000005727	epochs	3.0
1816.9301733343323	0.11746539999990091	epochs	3.0
1817.0476387343322	0.2258088000000953	epochs	2.0
1817.0476387343322	0.11437190000015107	epochs	3.0
1817.1620106343323	0.11143689999994422	epochs	3.0
1817.2734475343323	0.21464599999990241	epochs	2.0
1817.2734475343323	0.10864889999993466	epochs	3.0
1817.3820964343322	0.10599709999996776	epochs	3.0
1817.4880935343322	0.20453500000007807	epochs	2.0
1817.4880935343322	0.10347150000006877	epochs	3.0
1817.5915650343322	0.1010635000000093	epochs	3.0
1817.6926285343322	0.19533400000000256	epochs	2.0
1817.6926285343322	0.09876510000003691	epochs	3.0
1817.7913936343323	0.09656889999996565	epochs	3.0
1817.8879625343322	0.18692529999998442	epochs	2.0
1817.8879625343322	0.09446830000001682	epochs	3.0
1817.9824308343323	0.09245699999996759	epochs	3.0
1818.0748878343322	0.1792107000001124	epochs	2.0
1818.0748878343322	0.0905296000000817	epochs	3.0
1818.1654174343323	0.08868110000003071	epochs	3.0
1818.2540985343323	0.17210769999996955	epochs	2.0
1818.2540985343323	0.08690630000000965	epochs	3.0
1818.3410048343324	0.0852013999999599	epochs	3.0
1818.4262062343323	0.16554640000003928	epochs	2.0
1818.4262062343323	0.08356189999994967	epochs	3.0
1818.5097681343323	0.08198450000008961	epochs	3.0
1818.5917526343324	0.15946710000002895	epochs	2.0
1818.5917526343324	0.08046539999986635	epochs	3.0
1818.6722180343322	0.0790017000001626	epochs	3.0
1818.7512197343324	0.1538183999998637	epochs	2.0
1818.7512197343324	0.07759009999995214	epochs	3.0
1818.8288098343323	0.07622829999991154	epochs	3.0
1818.9050381343322	0.14855639999996129	epochs	2.0
1818.9050381343322	0.07491329999993468	epochs	3.0
1818.9799514343322	0.0736431000000266	epochs	3.0
1819.0535945343322	0.14364240000008976	epochs	2.0
1819.0535945343322	0.07241500000009182	epochs	3.0
1819.1260095343323	0.07122739999999794	epochs	3.0
1819.1972369343323	0.13904309999998077	epochs	2.0
1819.1972369343323	0.07007799999996678	epochs	3.0
1819.2673149343323	0.06896510000001399	epochs	3.0
1819.3362800343323	0.13472929999988992	epochs	2.0
1819.3362800343323	0.0678871000000072	epochs	3.0
1819.4041671343323	0.06684219999988272	epochs	3.0
1819.4710093343322	0.1306752000000415	epochs	2.0
1819.4710093343322	0.06582910000020092	epochs	3.0
1819.5368384343324	0.06484609999984059	epochs	3.0
1819.6016845343322	0.12685780000015257	epochs	2.0
1819.6016845343322	0.06389200000012352	epochs	3.0
1819.6655765343323	0.06296580000002905	epochs	3.0
1819.7285423343324	0.12325719999989815	epochs	2.0
1819.7285423343324	0.06206579999980022	epochs	3.0
1819.7906081343322	0.06119140000009793	epochs	3.0
1819.8517995343323	0.11985540000000583	epochs	2.0
1819.8517995343323	0.060341099999959624	epochs	3.0
1819.9121406343322	0.059514300000046205	epochs	3.0
1819.9716549343323	0.1166361999999026	epochs	2.0
1819.9716549343323	0.058709599999929196	epochs	3.0
1820.0303645343322	0.057926599999973405	epochs	3.0
1820.0882911343322	0.11358560000007856	epochs	2.0
1820.0882911343322	0.057164200000215715	epochs	3.0
1820.1454553343324	0.05642139999986284	epochs	3.0
1820.2018767343322	0.11069049999991876	epochs	2.0
1820.2018767343322	0.055697900000041045	epochs	3.0
1820.2575746343323	0.05499259999987771	epochs	3.0
1820.3125672343322	0.1079391000000669	epochs	2.0
1820.3125672343322	0.05430490000003374	epochs	3.0
1820.3668721343322	0.05363420000003316	epochs	3.0
1820.4205063343322	0.10532149999994544	epochs	2.0
1820.4205063343322	0.05297999999993408	epochs	3.0
1820.4734863343322	0.052341500000011365	epochs	3.0
1820.5258278343322	0.10282760000018243	epochs	2.0
1820.5258278343322	0.05171810000001642	epochs	3.0
1820.5775459343322	0.05110950000016601	epochs	3.0
1820.6286554343324	0.10044909999987794	epochs	2.0
1820.6286554343324	0.0505148999998255	epochs	3.0
1820.6791703343322	0.04993420000005244	epochs	3.0
1820.7291045343322	0.0981782999999723	epochs	2.0
1820.7291045343322	0.04936659999998483	epochs	3.0
1820.7784711343322	0.04881169999998747	epochs	3.0
1820.8272828343322	0.09600780000005216	epochs	2.0
1820.8272828343322	0.04826920000004975	epochs	3.0
1820.8755520343323	0.04773860000000241	epochs	3.0
1820.9232906343323	0.09393120000004274	epochs	2.0
1820.9232906343323	0.04721949999998287	epochs	3.0
1820.9705101343322	0.046711700000059864	epochs	3.0
1821.0172218343323	0.09194260000003851	epochs	2.0
1821.0172218343323	0.046214599999984785	epochs	3.0
1821.0634364343323	0.045728000000053726	epochs	3.0
1821.1091644343323	0.09003629999983787	epochs	2.0
1821.1091644343323	0.045251499999949374	epochs	3.0
1821.1544159343323	0.04478479999988849	epochs	3.0
1821.1992007343322	0.08820760000003247	epochs	2.0
1821.1992007343322	0.044327800000019124	epochs	3.0
1821.2435285343322	0.04387980000001335	epochs	3.0
1821.2874083343322	0.0864516999999978	epochs	2.0
1821.2874083343322	0.04344100000002982	epochs	3.0
1821.3308493343322	0.04301069999996798	epochs	3.0
1821.3738600343322	0.08476429999996071	epochs	2.0
1821.3738600343322	0.04258900000013455	epochs	3.0
1821.4164490343323	0.042175299999826166	epochs	3.0
1821.4586243343322	0.08314150000001064	epochs	2.0
1821.4586243343322	0.04176970000003166	epochs	3.0
1821.5003940343322	0.041371799999978975	epochs	3.0
1821.5417658343322	0.08157970000002024	epochs	2.0
1821.5417658343322	0.04098140000019157	epochs	3.0
1821.5827472343324	0.04059829999982867	epochs	3.0
1821.6233455343322	0.08007550000002084	epochs	2.0
1821.6233455343322	0.040222300000095856	epochs	3.0
1821.6635678343323	0.03985319999992498	epochs	3.0
1821.7034210343322	0.07862569999997504	epochs	2.0
1821.7034210343322	0.039490800000066884	epochs	3.0
1821.7429118343323	0.03913489999990816	epochs	3.0
1821.7820467343322	0.07722760000001472	epochs	2.0
1821.7820467343322	0.038785400000051595	epochs	3.0
1821.8208321343322	0.03844219999996312	epochs	3.0
1821.8592743343322	0.07587820000003376	epochs	2.0
1821.8592743343322	0.03810480000015559	epochs	3.0
1821.8973791343324	0.037773399999878166	epochs	3.0
1821.9351525343322	0.0745752000000266	epochs	2.0
1821.9351525343322	0.03744770000002973	epochs	3.0
1821.9726002343323	0.03712749999999687	epochs	3.0
1822.0097277343323	0.07331629999998768	epochs	2.0
1822.0097277343323	0.0368129000000863	epochs	3.0
1822.0465406343324	0.036503399999901376	epochs	3.0
1822.0830440343323	0.07209899999998015	epochs	2.0
1822.0830440343323	0.03619909999997617	epochs	3.0
1822.1192431343322	0.03589990000000398	epochs	3.0
1822.1551430343322	0.07092170000009901	epochs	2.0
1822.1551430343322	0.03560560000005353	epochs	3.0
1822.1907486343323	0.03531610000004548	epochs	3.0
1822.2260647343323	0.06978200000003199	epochs	2.0
1822.2260647343323	0.03503120000004856	epochs	3.0
1822.2610959343324	0.03475079999998343	epochs	3.0
1822.2958467343324	0.06867859999988468	epochs	2.0
1822.2958467343324	0.03447510000000875	epochs	3.0
1822.3303218343324	0.03420349999987593	epochs	3.0
1822.3645253343323	0.06760929999995824	epochs	2.0
1822.3645253343323	0.033936199999970995	epochs	3.0
1822.3984615343322	0.033673099999987244	epochs	3.0
1822.4321346343322	0.06657289999998284	epochs	2.0
1822.4321346343322	0.03341399999999339	epochs	3.0
1822.4655486343322	0.033158899999989444	epochs	3.0
1822.4987075343322	0.06556780000005347	epochs	2.0
1822.4987075343322	0.03290770000012344	epochs	3.0
1822.5316152343323	0.032660099999930026	epochs	3.0
1822.5642753343323	0.06459259999996902	epochs	2.0
1822.5642753343323	0.03241640000010193	epochs	3.0
1822.5966917343324	0.032176199999867094	epochs	3.0
1822.6288679343322	0.06364600000006249	epochs	2.0
1822.6288679343322	0.03193959999998697	epochs	3.0
1822.6608075343322	0.03170640000007552	epochs	3.0
1822.6925139343323	0.0627266999999847	epochs	2.0
1822.6925139343323	0.031476599999905375	epochs	3.0
1822.7239905343322	0.03125010000007933	epochs	3.0
1822.7552406343323	0.06183359999999993	epochs	2.0
1822.7552406343323	0.03102689999991526	epochs	3.0
1822.7862675343322	0.030806700000084675	epochs	3.0
1822.8170742343323	0.060965599999917686	epochs	2.0
1822.8170742343323	0.030589799999916067	epochs	3.0
1822.8476640343322	0.030375800000001618	epochs	3.0
1822.8780398343322	0.06012160000000222	epochs	2.0
1822.8780398343322	0.030164900000045236	epochs	3.0
1822.9082047343322	0.02995669999995698	epochs	3.0
1822.9381614343322	0.05930069999999432	epochs	2.0
1822.9381614343322	0.029751600000054168	epochs	3.0
1822.9679130343322	0.029549099999940154	epochs	3.0
1822.9974621343322	0.058501800000158255	epochs	2.0
1822.9974621343322	0.02934940000000097	epochs	3.0
1823.0268115343322	0.029152400000157286	epochs	3.0
1823.0559639343323	0.05772419999993872	epochs	2.0
1823.0559639343323	0.028957999999875028	epochs	3.0
1823.0849219343322	0.02876620000006369	epochs	3.0
1823.1136881343323	0.05696710000006533	epochs	2.0
1823.1136881343323	0.028577000000041153	epochs	3.0
1823.1422651343323	0.028390100000024177	epochs	3.0
1823.1706552343323	0.05622949999997218	epochs	2.0
1823.1706552343323	0.028205699999944045	epochs	3.0
1823.1988609343323	0.028023800000028132	epochs	3.0
1823.2268847343323	0.05551070000001346	epochs	2.0
1823.2268847343323	0.027843999999959124	epochs	3.0
1823.2547287343323	0.027666700000054334	epochs	3.0
1823.2823954343323	0.054810200000019904	epochs	2.0
1823.2823954343323	0.02749149999999645	epochs	3.0
1823.3098869343323	0.027318700000023455	epochs	3.0
1823.3372056343323	0.054126999999880354	epochs	2.0
1823.3372056343323	0.027147799999966082	epochs	3.0
1823.3643534343323	0.026979199999914272	epochs	3.0
1823.3913326343322	0.053460699999959616	epochs	2.0
1823.3913326343322	0.026812600000084785	epochs	3.0
1823.4181452343323	0.02664809999987483	epochs	3.0
1823.4447933343322	0.05281070000000909	epochs	2.0
1823.4447933343322	0.026485600000114573	epochs	3.0
1823.4712789343323	0.02632509999989452	epochs	3.0
1823.4976040343322	0.05217620000007628	epochs	2.0
1823.4976040343322	0.026166399999965506	epochs	3.0
1823.5237704343322	0.026009800000110772	epochs	3.0
1823.5497802343323	0.051556699999991906	epochs	2.0
1823.5497802343323	0.025854799999933675	epochs	3.0
1823.5756350343322	0.02570190000005823	epochs	3.0
1823.6013369343323	0.05095189999997274	epochs	2.0
1823.6013369343323	0.025550699999939752	epochs	3.0
1823.6268876343322	0.025401200000032986	epochs	3.0
1823.6522888343322	0.05036100000006627	epochs	2.0
1823.6522888343322	0.025253499999962514	epochs	3.0
1823.6775423343322	0.025107500000103755	epochs	3.0
1823.7026498343323	0.04978379999988647	epochs	2.0
1823.7026498343323	0.02496320000000196	epochs	3.0
1823.7276130343323	0.024820599999884507	epochs	3.0
1823.7524336343322	0.04921950000016295	epochs	2.0
1823.7524336343322	0.024679399999968155	epochs	3.0
1823.7771130343322	0.024540100000194798	epochs	3.0
1823.8016531343324	0.04866789999982757	epochs	2.0
1823.8016531343324	0.024402099999861093	epochs	3.0
1823.8260552343322	0.024265799999966475	epochs	3.0
1823.8503210343322	0.04812860000015462	epochs	2.0
1823.8503210343322	0.024131000000124914	epochs	3.0
1823.8744520343323	0.023997600000029706	epochs	3.0
1823.8984496343323	0.04760109999983797	epochs	2.0
1823.8984496343323	0.02386579999983951	epochs	3.0
1823.9223154343322	0.02373529999999846	epochs	3.0
1823.9460507343322	0.04708500000015192	epochs	2.0
1823.9460507343322	0.023606300000210467	epochs	3.0
1823.9696570343324	0.023478699999941455	epochs	3.0
1823.9931357343323	0.046579999999948996	epochs	2.0
1823.9931357343323	0.023352499999873544	epochs	3.0
1824.0164882343322	0.02322750000007545	epochs	3.0
1824.0397157343323	0.046085700000048746	epochs	2.0
1824.0397157343323	0.023104000000103042	epochs	3.0
1824.0628197343324	0.022981699999945704	epochs	3.0
1824.0858014343323	0.045601799999985815	epochs	2.0
1824.0858014343323	0.02286069999991014	epochs	3.0
1824.1086621343322	0.022741100000075676	epochs	3.0
1824.1314032343323	0.045127899999897636	epochs	2.0
1824.1314032343323	0.022622499999897627	epochs	3.0
1824.1540257343322	0.02250540000000001	epochs	3.0
1824.1765311343322	0.0446638000000803	epochs	2.0
1824.1765311343322	0.02238929999998618	epochs	3.0
1824.1989204343322	0.022274500000094122	epochs	3.0
1824.2211949343323	0.04420920000006845	epochs	2.0
1824.2211949343323	0.022160799999937808	epochs	3.0
1824.2433557343322	0.02204840000013064	epochs	3.0
1824.2654041343324	0.04376359999992019	epochs	2.0
1824.2654041343324	0.02193689999990056	epochs	3.0
1824.2873410343323	0.021826700000019628	epochs	3.0
1824.3091677343323	0.04332709999994222	epochs	2.0
1824.3091677343323	0.02171760000010181	epochs	3.0
1824.3308853343324	0.02160949999984041	epochs	3.0
1824.3524948343322	0.04289900000003399	epochs	2.0
1824.3524948343322	0.02150249999999687	epochs	3.0
1824.3739973343322	0.021396500000037122	epochs	3.0
1824.3953938343323	0.04247950000012679	epochs	2.0
1824.3953938343323	0.021291700000119818	epochs	3.0
1824.4166855343324	0.021187800000006973	epochs	3.0
1824.4378733343324	0.04206789999989269	epochs	2.0
1824.4378733343324	0.02108490000000529	epochs	3.0
1824.4589582343324	0.020982999999887397	epochs	3.0
1824.4799412343323	0.04166439999994509	epochs	2.0
1824.4799412343323	0.020882199999959994	epochs	3.0
1824.5008234343322	0.020782199999985096	epochs	3.0
1824.5216056343322	0.04126850000011473	epochs	2.0
1824.5216056343322	0.020683299999973315	epochs	3.0
1824.5422889343322	0.020585200000141413	epochs	3.0
1824.5628741343323	0.04088000000001557	epochs	2.0
1824.5628741343323	0.020488099999965925	epochs	3.0
1824.5833622343323	0.020391900000049645	epochs	3.0
1824.6037541343323	0.04049880000002304	epochs	2.0
1824.6037541343323	0.020296599999937825	epochs	3.0
1824.6240507343323	0.020202200000085213	epochs	3.0
1824.6442529343324	0.040124599999899146	epochs	2.0
1824.6442529343324	0.020108699999809687	epochs	3.0
1824.6643616343322	0.02001590000008946	epochs	3.0
1824.6843775343323	0.03975730000001931	epochs	2.0
1824.6843775343323	0.019924200000104975	epochs	3.0
1824.7043017343324	0.01983309999991434	epochs	3.0
1824.7241348343323	0.03939669999999751	epochs	2.0
1824.7241348343323	0.01974300000006224	epochs	3.0
1824.7438778343324	0.01965369999993527	epochs	3.0
1824.7635315343323	0.03904239999997117	epochs	2.0
1824.7635315343323	0.019565099999908853	epochs	3.0
1824.7830966343322	0.019477300000062314	epochs	3.0
1824.8025739343323	0.038694600000098944	epochs	2.0
1824.8025739343323	0.019390400000020236	epochs	3.0
1824.8219643343323	0.01930420000007871	epochs	3.0
1824.8412685343324	0.038352899999836154	epochs	2.0
1824.8412685343324	0.019218799999862313	epochs	3.0
1824.8604873343322	0.01913409999997384	epochs	3.0
1824.8796214343322	0.03801720000001296	epochs	2.0
1824.8796214343322	0.019050200000037876	epochs	3.0
1824.8986716343322	0.018966999999975087	epochs	3.0
1824.9176386343322	0.03768720000016401	epochs	2.0
1824.9176386343322	0.01888450000001285	epochs	3.0
1824.9365231343322	0.018802700000151162	epochs	3.0
1824.9553258343324	0.03736309999999321	epochs	2.0
1824.9553258343324	0.018721700000014607	epochs	3.0
1824.9740475343324	0.018641399999978603	epochs	3.0
1824.9926889343324	0.03704429999993408	epochs	2.0
1824.9926889343324	0.018561599999884493	epochs	3.0
1825.0112505343322	0.01848270000004959	epochs	3.0
1825.0297332343323	0.03673099999991791	epochs	2.0
1825.0297332343323	0.018404299999929208	epochs	3.0
1825.0481375343322	0.018326699999988705	epochs	3.0
1825.0664642343322	0.03642290000016146	epochs	2.0
1825.0664642343322	0.018249599999990096	epochs	3.0
1825.0847138343322	0.018173300000171366	epochs	3.0
1825.1028871343324	0.036120099999834565	epochs	2.0
1825.1028871343324	0.01809759999991911	epochs	3.0
1825.1209847343323	0.018022499999915453	epochs	3.0
1825.1390072343322	0.035822100000132195	epochs	2.0
1825.1390072343322	0.017947900000081063	epochs	3.0
1825.1569551343323	0.017874200000051133	epochs	3.0
1825.1748293343323	0.03552899999999681	epochs	2.0
1825.1748293343323	0.017800800000031813	epochs	3.0
1825.1926301343324	0.017728199999965	epochs	3.0
1825.2103583343323	0.03524070000003121	epochs	2.0
1825.2103583343323	0.01765609999984008	epochs	3.0
1825.2280144343322	0.01758460000019113	epochs	3.0
1825.2455990343324	0.03495709999992869	epochs	2.0
1825.2455990343324	0.017513699999881283	epochs	3.0
1825.2631127343323	0.017443400000047404	epochs	3.0
1825.2805561343323	0.034677899999906	epochs	2.0
1825.2805561343323	0.017373599999928047	epochs	3.0
1825.2979297343322	0.017304299999977957	epochs	3.0
1825.3152340343322	0.03440330000012182	epochs	2.0
1825.3152340343322	0.017235700000128418	epochs	3.0
1825.3324697343323	0.0171675999999934	epochs	3.0
1825.3496373343323	0.03413279999995211	epochs	2.0
1825.3496373343323	0.01709989999994832	epochs	3.0
1825.3667372343323	0.017032900000003792	epochs	3.0
1825.3837701343323	0.03386670000008962	epochs	2.0
1825.3837701343323	0.01696640000000116	epochs	3.0
1825.4007365343323	0.016900300000088464	epochs	3.0
1825.4176368343324	0.03360459999998966	epochs	2.0
1825.4176368343324	0.01683479999996962	epochs	3.0
1825.4344716343323	0.01676980000002004	epochs	3.0
1825.4512414343324	0.033346599999958926	epochs	2.0
1825.4512414343324	0.016705300000012357	epochs	3.0
1825.4679467343324	0.01664129999994657	epochs	3.0
1825.4845880343323	0.03309250000006614	epochs	2.0
1825.4845880343323	0.016577800000050047	epochs	3.0
1825.5011658343324	0.01651470000001609	epochs	3.0
1825.5176805343324	0.03284229999985655	epochs	2.0
1825.5176805343324	0.016452199999775985	epochs	3.0
1825.5341327343322	0.016390100000080565	epochs	3.0
1825.5505228343322	0.03259570000000167	epochs	2.0
1825.5505228343322	0.016328400000020338	epochs	3.0
1825.5668512343323	0.016267299999981333	epochs	3.0
1825.5831185343322	0.032352899999978035	epochs	2.0
1825.5831185343322	0.016206600000032267	epochs	3.0
1825.5993251343323	0.016146299999945768	epochs	3.0
1825.6154714343322	0.032113700000081735	epochs	2.0
1825.6154714343322	0.016086600000107865	epochs	3.0
1825.6315580343323	0.01602709999997387	epochs	3.0
1825.6475851343323	0.03187800000000607	epochs	2.0
1825.6475851343323	0.0159681999998611	epochs	3.0
1825.6635533343322	0.01590980000014497	epochs	3.0
1825.6794631343323	0.03164569999989908	epochs	2.0
1825.6794631343323	0.015851599999905375	epochs	3.0
1825.6953147343322	0.015794099999993705	epochs	3.0
1825.7111088343322	0.03141670000013619	epochs	2.0
1825.7111088343322	0.015736700000161363	epochs	3.0
1825.7268455343324	0.015679999999974825	epochs	3.0
1825.7425255343323	0.03119109999988723	epochs	2.0
1825.7425255343323	0.015623600000026272	epochs	3.0
1825.7581491343324	0.015567499999860956	epochs	3.0
1825.7737166343322	0.03096870000013041	epochs	2.0
1825.7737166343322	0.015511999999944237	epochs	3.0
1825.7892286343322	0.015456700000186174	epochs	3.0
1825.8046853343324	0.030749499999956242	epochs	2.0
1825.8046853343324	0.015401999999994587	epochs	3.0
1825.8200873343324	0.015347499999961656	epochs	3.0
1825.8354348343323	0.03053320000003623	epochs	2.0
1825.8354348343323	0.015293400000018664	epochs	3.0
1825.8507282343323	0.015239800000017567	epochs	3.0
1825.8659680343324	0.030320099999926242	epochs	2.0
1825.8659680343324	0.015186500000027081	epochs	3.0
1825.8811545343324	0.015133599999899161	epochs	3.0
1825.8962881343323	0.03010990000007041	epochs	2.0
1825.8962881343323	0.015081000000009226	epochs	3.0
1825.9113691343323	0.015028900000061185	epochs	3.0
1825.9263980343324	0.029902499999934662	epochs	2.0
1825.9263980343324	0.014976999999817053	epochs	3.0
1825.9413750343322	0.014925500000117609	epochs	3.0
1825.9563005343323	0.029698099999905025	epochs	2.0
1825.9563005343323	0.014874400000053356	epochs	3.0
1825.9711749343323	0.01482369999985167	epochs	3.0
1825.9859986343322	0.029496300000118936	epochs	2.0
1825.9859986343322	0.014773200000036013	epochs	3.0
1826.0007718343322	0.014723100000082923	epochs	3.0
1826.0154949343323	0.029297399999904883	epochs	2.0
1826.0154949343323	0.014673399999992398	epochs	3.0
1826.0301683343323	0.014623999999912485	epochs	3.0
1826.0447923343322	0.02910110000016175	epochs	2.0
1826.0447923343322	0.014574900000070556	epochs	3.0
1826.0593672343323	0.014526200000091194	epochs	3.0
1826.0738934343324	0.028907399999980044	epochs	2.0
1826.0738934343324	0.01447769999981574	epochs	3.0
1826.0883711343322	0.014429700000164303	epochs	3.0
1826.1028008343324	0.028716199999962555	epochs	2.0
1826.1028008343324	0.014381799999910072	epochs	3.0
1826.1171826343323	0.014334400000052483	epochs	3.0
1826.1315170343323	0.02852759999996124	epochs	2.0
1826.1315170343323	0.014287199999898803	epochs	3.0
1826.1458042343322	0.014240400000062436	epochs	3.0
1826.1600446343323	0.028341400000044814	epochs	2.0
1826.1600446343323	0.014193799999929979	epochs	3.0
1826.1742384343322	0.014147600000114835	epochs	3.0
1826.1883860343323	0.028157700000065233	epochs	2.0
1826.1883860343323	0.014101699999855555	epochs	3.0
1826.2024877343322	0.014056000000209679	epochs	3.0
1826.2165437343324	0.02797629999986384	epochs	2.0
1826.2165437343324	0.014010599999892293	epochs	3.0
1826.2305543343323	0.013965699999971548	epochs	3.0
1826.2445200343323	0.027797200000122757	epochs	2.0
1826.2445200343323	0.013920800000050804	epochs	3.0
1826.2584408343323	0.013876400000071953	epochs	3.0
1826.2723172343324	0.027620399999932488	epochs	2.0
1826.2723172343324	0.013832199999797012	epochs	3.0
1826.2861494343322	0.013788200000135475	epochs	3.0
1826.2999376343323	0.027445899999975154	epochs	2.0
1826.2999376343323	0.013744599999881757	epochs	3.0
1826.3136822343322	0.013701300000093397	epochs	3.0
1826.3273835343323	0.0272735000000921	epochs	2.0
1826.3273835343323	0.013658200000008947	epochs	3.0
1826.3410417343323	0.013615300000083153	epochs	3.0
1826.3546570343324	0.027103399999987232	epochs	2.0
1826.3546570343324	0.01357279999979255	epochs	3.0
1826.3682298343322	0.013530600000194681	epochs	3.0
1826.3817604343324	0.026935199999797987	epochs	2.0
1826.3817604343324	0.01348839999991469	epochs	3.0
1826.3952488343323	0.013446799999883297	epochs	3.0
1826.4086956343322	0.026769200000217097	epochs	2.0
1826.4086956343322	0.013405200000079276	epochs	3.0
1826.4221008343322	0.013364000000137821	epochs	3.0
1826.4354648343324	0.026605199999949036	epochs	2.0
1826.4354648343324	0.013322899999820947	epochs	3.0
1826.4487877343322	0.013282300000128089	epochs	3.0
1826.4620700343323	0.0264431999999033	epochs	2.0
1826.4620700343323	0.013241699999980483	epochs	3.0
1826.4753117343323	0.013201499999922817	epochs	3.0
1826.4885132343322	0.026283200000079887	epochs	2.0
1826.4885132343322	0.013161500000023807	epochs	3.0
1826.5016747343323	0.01312170000005608	epochs	3.0
1826.5147964343323	0.026124999999865395	epochs	2.0
1826.5147964343323	0.013082100000019636	epochs	3.0
1826.5278785343323	0.013042899999845758	epochs	3.0
1826.5409214343322	0.02596890000017993	epochs	2.0
1826.5409214343322	0.01300390000005791	epochs	3.0
1826.5539253343322	0.012965000000122018	epochs	3.0
1826.5668903343324	0.025814500000024054	epochs	2.0
1826.5668903343324	0.012926399999969362	epochs	3.0
1826.5798167343323	0.012888100000054692	epochs	3.0
1826.5927048343324	0.025661899999931848	epochs	2.0
1826.5927048343324	0.012849899999991976	epochs	3.0
1826.6055547343324	0.012811999999939871	epochs	3.0
1826.6183667343323	0.025511199999982637	epochs	2.0
1826.6183667343323	0.012774399999898378	epochs	3.0
1826.6311411343322	0.012736800000084258	epochs	3.0
1826.6438779343323	0.02536229999986972	epochs	2.0
1826.6438779343323	0.01269969999998466	epochs	3.0
1826.6565776343323	0.01266259999988506	epochs	3.0
1826.6692402343322	0.02521500000011656	epochs	2.0
1826.6692402343322	0.012625800000023446	epochs	3.0
1826.6818660343322	0.012589200000093115	epochs	3.0
1826.6944552343323	0.024584799999956886	epochs	2.0
1826.7183461343323	0.5	epochs	-1.0
1826.7190400343322	0.504320000000007	epochs	1.0
1827.2233600343322	0.4955999999999676	epochs	0.0
1828.1389999389648	0.055039999999962674	epochs	0.0
1828.1389999389648	0.022522400000070775	epochs	1.0
1828.161522338965	0.009995199999821125	epochs	1.0
1828.1715175389647	0.022522400000070775	epochs	1.0
1828.1940399389648	2.0	epochs	0.0
1830.1940399389648	21.999919999999975	epochs	0.0
1830.1940399389648	1.0	epochs	1.0
1830.1940660389648	0.5	epochs	-1.0
1830.6940660389648	19.99928	epochs	-1.0
1831.1940399389648	20.0	epochs	1.0
1831.1940399389648	4.356753900000058	epochs	-1.0
1831.1940399389648	1.9745872000000873	epochs	2.0
1831.1940399389648	1.0985622000000603	epochs	3.0
1832.2926021389649	0.8760250000000269	epochs	3.0
1833.168627138965	1.3524075000000266	epochs	2.0
1833.168627138965	0.7286354999998821	epochs	3.0
1833.8972626389648	0.6237720000001445	epochs	3.0
1834.521034638965	1.029759199999944	epochs	2.0
1834.521034638965	0.5453292999998212	epochs	3.0
1835.0663639389647	0.48442990000012287	epochs	3.0
1835.5507938389649	0.8317861999998968	epochs	2.0
1835.5507938389649	0.4357763000000432	epochs	3.0
1835.986570138965	0.3960098999998536	epochs	3.0
1836.3825800389648	0.6977970000000369	epochs	2.0
1836.3825800389648	0.3628982000000178	epochs	3.0
1836.7454782389648	0.33489880000001904	epochs	3.0
1837.0803770389648	0.601045699999986	epochs	2.0
1837.0803770389648	0.3109123000001546	epochs	3.0
1837.391289338965	0.29013339999983145	epochs	3.0
1837.6814227389648	0.5278859000000011	epochs	2.0
1837.6814227389648	0.2719586000000618	epochs	3.0
1837.9533813389648	0.25592729999993935	epochs	3.0
1838.2093086389648	0.470619299999953	epochs	2.0
1838.2093086389648	0.241681299999982	epochs	3.0
1838.4509899389648	0.228937999999971	epochs	3.0
1838.6799279389647	0.42457039999999324	epochs	2.0
1838.6799279389647	0.21747140000002219	epochs	3.0
1838.8973993389648	0.20709899999997106	epochs	3.0
1839.1044983389647	0.3867354000001342	epochs	2.0
1839.1044983389647	0.19767110000020693	epochs	3.0
1839.302169438965	0.18906429999992724	epochs	3.0
1839.4912337389649	0.35509529999990264	epochs	2.0
1839.4912337389649	0.18117589999997108	epochs	3.0
1839.6724096389648	0.17391939999993156	epochs	3.0
1839.8463290389648	0.3282431000000088	epochs	2.0
1839.8463290389648	0.167221900000186	epochs	3.0
1840.013550938965	0.16102119999982278	epochs	3.0
1840.1745721389648	0.30516800000009425	epochs	2.0
1840.1745721389648	0.15526390000013635	epochs	3.0
1840.329836038965	0.1499040999999579	epochs	3.0
1840.4797401389649	0.28512529999989056	epochs	2.0
1840.4797401389649	0.1449021000000812	epochs	3.0
1840.624642238965	0.14022319999980937	epochs	3.0
1840.7648654389648	0.267553800000087	epochs	2.0
1840.7648654389648	0.13583690000018578	epochs	3.0
1840.900702338965	0.13171689999990122	epochs	3.0
1841.0324192389648	0.252022899999929	epochs	2.0
1841.0324192389648	0.1278393000000051	epochs	3.0
1841.1602585389649	0.1241835999999239	epochs	3.0
1841.2844421389648	0.23819649999995818	epochs	2.0
1841.2844421389648	0.12073110000005727	epochs	3.0
1841.4051732389648	0.11746539999990091	epochs	3.0
1841.5226386389647	0.2258088000000953	epochs	2.0
1841.5226386389647	0.11437190000015107	epochs	3.0
1841.637010538965	0.11143689999994422	epochs	3.0
1841.7484474389648	0.21464599999990241	epochs	2.0
1841.7484474389648	0.10864889999993466	epochs	3.0
1841.8570963389648	0.10599709999996776	epochs	3.0
1841.9630934389647	0.20453500000007807	epochs	2.0
1841.9630934389647	0.10347150000006877	epochs	3.0
1842.0665649389648	0.1010635000000093	epochs	3.0
1842.1676284389648	0.19533400000000256	epochs	2.0
1842.1676284389648	0.09876510000003691	epochs	3.0
1842.2663935389648	0.09656889999996565	epochs	3.0
1842.3629624389648	0.18692529999998442	epochs	2.0
1842.3629624389648	0.09446830000001682	epochs	3.0
1842.4574307389648	0.09245699999996759	epochs	3.0
1842.5498877389648	0.1792107000001124	epochs	2.0
1842.5498877389648	0.0905296000000817	epochs	3.0
1842.6404173389649	0.08868110000003071	epochs	3.0
1842.729098438965	0.17210769999996955	epochs	2.0
1842.729098438965	0.08690630000000965	epochs	3.0
1842.816004738965	0.0852013999999599	epochs	3.0
1842.9012061389649	0.16554640000003928	epochs	2.0
1842.9012061389649	0.08356189999994967	epochs	3.0
1842.9847680389648	0.08198450000008961	epochs	3.0
1843.066752538965	0.15946710000002895	epochs	2.0
1843.066752538965	0.08046539999986635	epochs	3.0
1843.1472179389648	0.0790017000001626	epochs	3.0
1843.226219638965	0.1538183999998637	epochs	2.0
1843.226219638965	0.07759009999995214	epochs	3.0
1843.303809738965	0.07622829999991154	epochs	3.0
1843.3800380389648	0.14855639999996129	epochs	2.0
1843.3800380389648	0.07491329999993468	epochs	3.0
1843.4549513389647	0.0736431000000266	epochs	3.0
1843.5285944389648	0.14364240000008976	epochs	2.0
1843.5285944389648	0.07241500000009182	epochs	3.0
1843.6010094389649	0.07122739999999794	epochs	3.0
1843.6722368389649	0.13904309999998077	epochs	2.0
1843.6722368389649	0.07007799999996678	epochs	3.0
1843.7423148389648	0.06896510000001399	epochs	3.0
1843.8112799389648	0.13472929999988992	epochs	2.0
1843.8112799389648	0.0678871000000072	epochs	3.0
1843.8791670389649	0.06684219999988272	epochs	3.0
1843.9460092389647	0.1306752000000415	epochs	2.0
1843.9460092389647	0.06582910000020092	epochs	3.0
1844.011838338965	0.06484609999984059	epochs	3.0
1844.0766844389648	0.12685780000015257	epochs	2.0
1844.0766844389648	0.06389200000012352	epochs	3.0
1844.140576438965	0.06296580000002905	epochs	3.0
1844.203542238965	0.12325719999989815	epochs	2.0
1844.203542238965	0.06206579999980022	epochs	3.0
1844.2656080389647	0.06119140000009793	epochs	3.0
1844.3267994389648	0.11985540000000583	epochs	2.0
1844.3267994389648	0.060341099999959624	epochs	3.0
1844.3871405389648	0.059514300000046205	epochs	3.0
1844.4466548389648	0.1166361999999026	epochs	2.0
1844.4466548389648	0.058709599999929196	epochs	3.0
1844.5053644389648	0.057926599999973405	epochs	3.0
1844.5632910389647	0.11358560000007856	epochs	2.0
1844.5632910389647	0.057164200000215715	epochs	3.0
1844.620455238965	0.05642139999986284	epochs	3.0
1844.6768766389648	0.11069049999991876	epochs	2.0
1844.6768766389648	0.055697900000041045	epochs	3.0
1844.7325745389649	0.05499259999987771	epochs	3.0
1844.7875671389647	0.1079391000000669	epochs	2.0
1844.7875671389647	0.05430490000003374	epochs	3.0
1844.8418720389648	0.05363420000003316	epochs	3.0
1844.8955062389648	0.10532149999994544	epochs	2.0
1844.8955062389648	0.05297999999993408	epochs	3.0
1844.9484862389647	0.052341500000011365	epochs	3.0
1845.0008277389647	0.10282760000018243	epochs	2.0
1845.0008277389647	0.05171810000001642	epochs	3.0
1845.0525458389648	0.05110950000016601	epochs	3.0
1845.103655338965	0.10044909999987794	epochs	2.0
1845.103655338965	0.0505148999998255	epochs	3.0
1845.1541702389648	0.04993420000005244	epochs	3.0
1845.2041044389648	0.0981782999999723	epochs	2.0
1845.2041044389648	0.04936659999998483	epochs	3.0
1845.2534710389648	0.04881169999998747	epochs	3.0
1845.3022827389648	0.09600780000005216	epochs	2.0
1845.3022827389648	0.04826920000004975	epochs	3.0
1845.3505519389648	0.04773860000000241	epochs	3.0
1845.3982905389648	0.09393120000004274	epochs	2.0
1845.3982905389648	0.04721949999998287	epochs	3.0
1845.4455100389648	0.046711700000059864	epochs	3.0
1845.4922217389649	0.09194260000003851	epochs	2.0
1845.4922217389649	0.046214599999984785	epochs	3.0
1845.5384363389649	0.045728000000053726	epochs	3.0
1845.584164338965	0.09003629999983787	epochs	2.0
1845.584164338965	0.045251499999949374	epochs	3.0
1845.6294158389649	0.04478479999988849	epochs	3.0
1845.6742006389647	0.08820760000003247	epochs	2.0
1845.6742006389647	0.044327800000019124	epochs	3.0
1845.7185284389648	0.04387980000001335	epochs	3.0
1845.7624082389648	0.0864516999999978	epochs	2.0
1845.7624082389648	0.04344100000002982	epochs	3.0
1845.8058492389648	0.04301069999996798	epochs	3.0
1845.8488599389648	0.08476429999996071	epochs	2.0
1845.8488599389648	0.04258900000013455	epochs	3.0
1845.891448938965	0.042175299999826166	epochs	3.0
1845.9336242389647	0.08314150000001064	epochs	2.0
1845.9336242389647	0.04176970000003166	epochs	3.0
1845.9753939389648	0.041371799999978975	epochs	3.0
1846.0167657389648	0.08157970000002024	epochs	2.0
1846.0167657389648	0.04098140000019157	epochs	3.0
1846.057747138965	0.04059829999982867	epochs	3.0
1846.0983454389648	0.08007550000002084	epochs	2.0
1846.0983454389648	0.040222300000095856	epochs	3.0
1846.1385677389649	0.03985319999992498	epochs	3.0
1846.1784209389648	0.07862569999997504	epochs	2.0
1846.1784209389648	0.039490800000066884	epochs	3.0
1846.2179117389649	0.03913489999990816	epochs	3.0
1846.2570466389648	0.07722760000001472	epochs	2.0
1846.2570466389648	0.038785400000051595	epochs	3.0
1846.2958320389648	0.03844219999996312	epochs	3.0
1846.3342742389648	0.07587820000003376	epochs	2.0
1846.3342742389648	0.03810480000015559	epochs	3.0
1846.372379038965	0.037773399999878166	epochs	3.0
1846.4101524389648	0.0745752000000266	epochs	2.0
1846.4101524389648	0.03744770000002973	epochs	3.0
1846.4476001389648	0.03712749999999687	epochs	3.0
1846.4847276389648	0.07331629999998768	epochs	2.0
1846.4847276389648	0.0368129000000863	epochs	3.0
1846.521540538965	0.036503399999901376	epochs	3.0
1846.5580439389648	0.07209899999998015	epochs	2.0
1846.5580439389648	0.03619909999997617	epochs	3.0
1846.5942430389648	0.03589990000000398	epochs	3.0
1846.6301429389648	0.07092170000009901	epochs	2.0
1846.6301429389648	0.03560560000005353	epochs	3.0
1846.6657485389649	0.03531610000004548	epochs	3.0
1846.701064638965	0.06978200000003199	epochs	2.0
1846.701064638965	0.03503120000004856	epochs	3.0
1846.736095838965	0.03475079999998343	epochs	3.0
1846.770846638965	0.06867859999988468	epochs	2.0
1846.770846638965	0.03447510000000875	epochs	3.0
1846.805321738965	0.03420349999987593	epochs	3.0
1846.8395252389648	0.06760929999995824	epochs	2.0
1846.8395252389648	0.033936199999970995	epochs	3.0
1846.8734614389648	0.033673099999987244	epochs	3.0
1846.9071345389648	0.06657289999998284	epochs	2.0
1846.9071345389648	0.03341399999999339	epochs	3.0
1846.9405485389648	0.033158899999989444	epochs	3.0
1846.9737074389648	0.06556780000005347	epochs	2.0
1846.9737074389648	0.03290770000012344	epochs	3.0
1847.006615138965	0.032660099999930026	epochs	3.0
1847.0392752389648	0.06459259999996902	epochs	2.0
1847.0392752389648	0.03241640000010193	epochs	3.0
1847.071691638965	0.032176199999867094	epochs	3.0
1847.1038678389648	0.06364600000006249	epochs	2.0
1847.1038678389648	0.03193959999998697	epochs	3.0
1847.1358074389648	0.03170640000007552	epochs	3.0
1847.1675138389649	0.0627266999999847	epochs	2.0
1847.1675138389649	0.031476599999905375	epochs	3.0
1847.1989904389648	0.03125010000007933	epochs	3.0
1847.2302405389648	0.06183359999999993	epochs	2.0
1847.2302405389648	0.03102689999991526	epochs	3.0
1847.2612674389648	0.030806700000084675	epochs	3.0
1847.2920741389648	0.060965599999917686	epochs	2.0
1847.2920741389648	0.030589799999916067	epochs	3.0
1847.3226639389648	0.030375800000001618	epochs	3.0
1847.3530397389648	0.06012160000000222	epochs	2.0
1847.3530397389648	0.030164900000045236	epochs	3.0
1847.3832046389648	0.02995669999995698	epochs	3.0
1847.4131613389648	0.05930069999999432	epochs	2.0
1847.4131613389648	0.029751600000054168	epochs	3.0
1847.4429129389648	0.029549099999940154	epochs	3.0
1847.4724620389647	0.058501800000158255	epochs	2.0
1847.4724620389647	0.02934940000000097	epochs	3.0
1847.5018114389648	0.029152400000157286	epochs	3.0
1847.530963838965	0.05772419999993872	epochs	2.0
1847.530963838965	0.028957999999875028	epochs	3.0
1847.5599218389648	0.02876620000006369	epochs	3.0
1847.5886880389648	0.05696710000006533	epochs	2.0
1847.5886880389648	0.028577000000041153	epochs	3.0
1847.617265038965	0.028390100000024177	epochs	3.0
1847.645655138965	0.05622949999997218	epochs	2.0
1847.645655138965	0.028205699999944045	epochs	3.0
1847.6738608389649	0.028023800000028132	epochs	3.0
1847.7018846389649	0.05551070000001346	epochs	2.0
1847.7018846389649	0.027843999999959124	epochs	3.0
1847.7297286389648	0.027666700000054334	epochs	3.0
1847.757395338965	0.054810200000019904	epochs	2.0
1847.757395338965	0.02749149999999645	epochs	3.0
1847.784886838965	0.027318700000023455	epochs	3.0
1847.812205538965	0.054126999999880354	epochs	2.0
1847.812205538965	0.027147799999966082	epochs	3.0
1847.8393533389649	0.026979199999914272	epochs	3.0
1847.8663325389648	0.053460699999959616	epochs	2.0
1847.8663325389648	0.026812600000084785	epochs	3.0
1847.8931451389649	0.02664809999987483	epochs	3.0
1847.9197932389648	0.05281070000000909	epochs	2.0
1847.9197932389648	0.026485600000114573	epochs	3.0
1847.9462788389649	0.02632509999989452	epochs	3.0
1847.9726039389648	0.05217620000007628	epochs	2.0
1847.9726039389648	0.026166399999965506	epochs	3.0
1847.9987703389647	0.026009800000110772	epochs	3.0
1848.0247801389648	0.051556699999991906	epochs	2.0
1848.0247801389648	0.025854799999933675	epochs	3.0
1848.0506349389648	0.02570190000005823	epochs	3.0
1848.0763368389648	0.05095189999997274	epochs	2.0
1848.0763368389648	0.025550699999939752	epochs	3.0
1848.1018875389648	0.025401200000032986	epochs	3.0
1848.1272887389648	0.05036100000006627	epochs	2.0
1848.1272887389648	0.025253499999962514	epochs	3.0
1848.1525422389648	0.025107500000103755	epochs	3.0
1848.1776497389649	0.04978379999988647	epochs	2.0
1848.1776497389649	0.02496320000000196	epochs	3.0
1848.2026129389649	0.024820599999884507	epochs	3.0
1848.2274335389648	0.04921950000016295	epochs	2.0
1848.2274335389648	0.024679399999968155	epochs	3.0
1848.2521129389647	0.024540100000194798	epochs	3.0
1848.276653038965	0.04866789999982757	epochs	2.0
1848.276653038965	0.024402099999861093	epochs	3.0
1848.3010551389648	0.024265799999966475	epochs	3.0
1848.3253209389648	0.04812860000015462	epochs	2.0
1848.3253209389648	0.024131000000124914	epochs	3.0
1848.3494519389649	0.023997600000029706	epochs	3.0
1848.373449538965	0.04760109999983797	epochs	2.0
1848.373449538965	0.02386579999983951	epochs	3.0
1848.3973153389647	0.02373529999999846	epochs	3.0
1848.4210506389647	0.04708500000015192	epochs	2.0
1848.4210506389647	0.023606300000210467	epochs	3.0
1848.444656938965	0.023478699999941455	epochs	3.0
1848.468135638965	0.046579999999948996	epochs	2.0
1848.468135638965	0.023352499999873544	epochs	3.0
1848.4914881389648	0.02322750000007545	epochs	3.0
1848.5147156389648	0.046085700000048746	epochs	2.0
1848.5147156389648	0.023104000000103042	epochs	3.0
1848.537819638965	0.022981699999945704	epochs	3.0
1848.560801338965	0.045601799999985815	epochs	2.0
1848.560801338965	0.02286069999991014	epochs	3.0
1848.5836620389648	0.022741100000075676	epochs	3.0
1848.6064031389649	0.045127899999897636	epochs	2.0
1848.6064031389649	0.022622499999897627	epochs	3.0
1848.6290256389648	0.02250540000000001	epochs	3.0
1848.6515310389648	0.0446638000000803	epochs	2.0
1848.6515310389648	0.02238929999998618	epochs	3.0
1848.6739203389648	0.022274500000094122	epochs	3.0
1848.6961948389649	0.04420920000006845	epochs	2.0
1848.6961948389649	0.022160799999937808	epochs	3.0
1848.7183556389648	0.02204840000013064	epochs	3.0
1848.740404038965	0.04376359999992019	epochs	2.0
1848.740404038965	0.02193689999990056	epochs	3.0
1848.7623409389648	0.021826700000019628	epochs	3.0
1848.7841676389648	0.04332709999994222	epochs	2.0
1848.7841676389648	0.02171760000010181	epochs	3.0
1848.805885238965	0.02160949999984041	epochs	3.0
1848.8274947389648	0.04289900000003399	epochs	2.0
1848.8274947389648	0.02150249999999687	epochs	3.0
1848.8489972389648	0.021396500000037122	epochs	3.0
1848.8703937389648	0.04247950000012679	epochs	2.0
1848.8703937389648	0.021291700000119818	epochs	3.0
1848.891685438965	0.021187800000006973	epochs	3.0
1848.912873238965	0.04206789999989269	epochs	2.0
1848.912873238965	0.02108490000000529	epochs	3.0
1848.933958138965	0.020982999999887397	epochs	3.0
1848.9549411389648	0.04166439999994509	epochs	2.0
1848.9549411389648	0.020882199999959994	epochs	3.0
1848.9758233389648	0.020782199999985096	epochs	3.0
1848.9966055389648	0.04126850000011473	epochs	2.0
1848.9966055389648	0.020683299999973315	epochs	3.0
1849.0172888389648	0.020585200000141413	epochs	3.0
1849.037874038965	0.04088000000001557	epochs	2.0
1849.037874038965	0.020488099999965925	epochs	3.0
1849.0583621389649	0.020391900000049645	epochs	3.0
1849.078754038965	0.04049880000002304	epochs	2.0
1849.078754038965	0.020296599999937825	epochs	3.0
1849.0990506389649	0.020202200000085213	epochs	3.0
1849.119252838965	0.040124599999899146	epochs	2.0
1849.119252838965	0.020108699999809687	epochs	3.0
1849.1393615389647	0.02001590000008946	epochs	3.0
1849.1593774389648	0.03975730000001931	epochs	2.0
1849.1593774389648	0.019924200000104975	epochs	3.0
1849.179301638965	0.01983309999991434	epochs	3.0
1849.1991347389649	0.03939669999999751	epochs	2.0
1849.1991347389649	0.01974300000006224	epochs	3.0
1849.218877738965	0.01965369999993527	epochs	3.0
1849.2385314389649	0.03904239999997117	epochs	2.0
1849.2385314389649	0.019565099999908853	epochs	3.0
1849.2580965389648	0.019477300000062314	epochs	3.0
1849.2775738389648	0.038694600000098944	epochs	2.0
1849.2775738389648	0.019390400000020236	epochs	3.0
1849.2969642389648	0.01930420000007871	epochs	3.0
1849.316268438965	0.038352899999836154	epochs	2.0
1849.316268438965	0.019218799999862313	epochs	3.0
1849.3354872389648	0.01913409999997384	epochs	3.0
1849.3546213389648	0.03801720000001296	epochs	2.0
1849.3546213389648	0.019050200000037876	epochs	3.0
1849.3736715389648	0.018966999999975087	epochs	3.0
1849.3926385389648	0.03768720000016401	epochs	2.0
1849.3926385389648	0.01888450000001285	epochs	3.0
1849.4115230389648	0.018802700000151162	epochs	3.0
1849.430325738965	0.03736309999999321	epochs	2.0
1849.430325738965	0.018721700000014607	epochs	3.0
1849.449047438965	0.018641399999978603	epochs	3.0
1849.467688838965	0.03704429999993408	epochs	2.0
1849.467688838965	0.018561599999884493	epochs	3.0
1849.4862504389648	0.01848270000004959	epochs	3.0
1849.5047331389649	0.03673099999991791	epochs	2.0
1849.5047331389649	0.018404299999929208	epochs	3.0
1849.5231374389648	0.018326699999988705	epochs	3.0
1849.5414641389648	0.03642290000016146	epochs	2.0
1849.5414641389648	0.018249599999990096	epochs	3.0
1849.5597137389648	0.018173300000171366	epochs	3.0
1849.577887038965	0.036120099999834565	epochs	2.0
1849.577887038965	0.01809759999991911	epochs	3.0
1849.5959846389649	0.018022499999915453	epochs	3.0
1849.6140071389648	0.035822100000132195	epochs	2.0
1849.6140071389648	0.017947900000081063	epochs	3.0
1849.6319550389649	0.017874200000051133	epochs	3.0
1849.649829238965	0.03552899999999681	epochs	2.0
1849.649829238965	0.017800800000031813	epochs	3.0
1849.667630038965	0.017728199999965	epochs	3.0
1849.685358238965	0.03524070000003121	epochs	2.0
1849.685358238965	0.01765609999984008	epochs	3.0
1849.7030143389647	0.01758460000019113	epochs	3.0
1849.720598938965	0.03495709999992869	epochs	2.0
1849.720598938965	0.017513699999881283	epochs	3.0
1849.7381126389648	0.017443400000047404	epochs	3.0
1849.7555560389649	0.034677899999906	epochs	2.0
1849.7555560389649	0.017373599999928047	epochs	3.0
1849.7729296389648	0.017304299999977957	epochs	3.0
1849.7902339389648	0.03440330000012182	epochs	2.0
1849.7902339389648	0.017235700000128418	epochs	3.0
1849.807469638965	0.0171675999999934	epochs	3.0
1849.824637238965	0.03413279999995211	epochs	2.0
1849.824637238965	0.01709989999994832	epochs	3.0
1849.8417371389648	0.017032900000003792	epochs	3.0
1849.8587700389648	0.03386670000008962	epochs	2.0
1849.8587700389648	0.01696640000000116	epochs	3.0
1849.8757364389649	0.016900300000088464	epochs	3.0
1849.892636738965	0.03360459999998966	epochs	2.0
1849.892636738965	0.01683479999996962	epochs	3.0
1849.909471538965	0.01676980000002004	epochs	3.0
1849.926241338965	0.033346599999958926	epochs	2.0
1849.926241338965	0.016705300000012357	epochs	3.0
1849.942946638965	0.01664129999994657	epochs	3.0
1849.959587938965	0.03309250000006614	epochs	2.0
1849.959587938965	0.016577800000050047	epochs	3.0
1849.976165738965	0.01651470000001609	epochs	3.0
1849.992680438965	0.03284229999985655	epochs	2.0
1849.992680438965	0.016452199999775985	epochs	3.0
1850.0091326389647	0.016390100000080565	epochs	3.0
1850.0255227389648	0.03259570000000167	epochs	2.0
1850.0255227389648	0.016328400000020338	epochs	3.0
1850.0418511389648	0.016267299999981333	epochs	3.0
1850.0581184389648	0.032352899999978035	epochs	2.0
1850.0581184389648	0.016206600000032267	epochs	3.0
1850.0743250389648	0.016146299999945768	epochs	3.0
1850.0904713389648	0.032113700000081735	epochs	2.0
1850.0904713389648	0.016086600000107865	epochs	3.0
1850.106557938965	0.01602709999997387	epochs	3.0
1850.1225850389649	0.03187800000000607	epochs	2.0
1850.1225850389649	0.0159681999998611	epochs	3.0
1850.1385532389647	0.01590980000014497	epochs	3.0
1850.1544630389649	0.03164569999989908	epochs	2.0
1850.1544630389649	0.015851599999905375	epochs	3.0
1850.1703146389648	0.015794099999993705	epochs	3.0
1850.1861087389648	0.03141670000013619	epochs	2.0
1850.1861087389648	0.015736700000161363	epochs	3.0
1850.201845438965	0.015679999999974825	epochs	3.0
1850.217525438965	0.03119109999988723	epochs	2.0
1850.217525438965	0.015623600000026272	epochs	3.0
1850.233149038965	0.015567499999860956	epochs	3.0
1850.2487165389648	0.03096870000013041	epochs	2.0
1850.2487165389648	0.015511999999944237	epochs	3.0
1850.2642285389647	0.015456700000186174	epochs	3.0
1850.279685238965	0.030749499999956242	epochs	2.0
1850.279685238965	0.015401999999994587	epochs	3.0
1850.295087238965	0.015347499999961656	epochs	3.0
1850.310434738965	0.03053320000003623	epochs	2.0
1850.310434738965	0.015293400000018664	epochs	3.0
1850.325728138965	0.015239800000017567	epochs	3.0
1850.340967938965	0.030320099999926242	epochs	2.0
1850.340967938965	0.015186500000027081	epochs	3.0
1850.356154438965	0.015133599999899161	epochs	3.0
1850.3712880389648	0.03010990000007041	epochs	2.0
1850.3712880389648	0.015081000000009226	epochs	3.0
1850.3863690389649	0.015028900000061185	epochs	3.0
1850.401397938965	0.029902499999934662	epochs	2.0
1850.401397938965	0.014976999999817053	epochs	3.0
1850.4163749389647	0.014925500000117609	epochs	3.0
1850.4313004389649	0.029698099999905025	epochs	2.0
1850.4313004389649	0.014874400000053356	epochs	3.0
1850.446174838965	0.01482369999985167	epochs	3.0
1850.4609985389648	0.029496300000118936	epochs	2.0
1850.4609985389648	0.014773200000036013	epochs	3.0
1850.4757717389648	0.014723100000082923	epochs	3.0
1850.4904948389649	0.029297399999904883	epochs	2.0
1850.4904948389649	0.014673399999992398	epochs	3.0
1850.5051682389649	0.014623999999912485	epochs	3.0
1850.5197922389648	0.02910110000016175	epochs	2.0
1850.5197922389648	0.014574900000070556	epochs	3.0
1850.5343671389649	0.014526200000091194	epochs	3.0
1850.548893338965	0.028907399999980044	epochs	2.0
1850.548893338965	0.01447769999981574	epochs	3.0
1850.5633710389648	0.014429700000164303	epochs	3.0
1850.577800738965	0.028716199999962555	epochs	2.0
1850.577800738965	0.014381799999910072	epochs	3.0
1850.5921825389648	0.014334400000052483	epochs	3.0
1850.606516938965	0.02852759999996124	epochs	2.0
1850.606516938965	0.014287199999898803	epochs	3.0
1850.6208041389648	0.014240400000062436	epochs	3.0
1850.6350445389648	0.028341400000044814	epochs	2.0
1850.6350445389648	0.014193799999929979	epochs	3.0
1850.6492383389648	0.014147600000114835	epochs	3.0
1850.663385938965	0.028157700000065233	epochs	2.0
1850.663385938965	0.014101699999855555	epochs	3.0
1850.6774876389647	0.014056000000209679	epochs	3.0
1850.691543638965	0.02797629999986384	epochs	2.0
1850.691543638965	0.014010599999892293	epochs	3.0
1850.7055542389649	0.013965699999971548	epochs	3.0
1850.7195199389648	0.027797200000122757	epochs	2.0
1850.7195199389648	0.013920800000050804	epochs	3.0
1850.7334407389649	0.013876400000071953	epochs	3.0
1850.747317138965	0.027620399999932488	epochs	2.0
1850.747317138965	0.013832199999797012	epochs	3.0
1850.7611493389647	0.013788200000135475	epochs	3.0
1850.7749375389649	0.027445899999975154	epochs	2.0
1850.7749375389649	0.013744599999881757	epochs	3.0
1850.7886821389648	0.013701300000093397	epochs	3.0
1850.8023834389649	0.0272735000000921	epochs	2.0
1850.8023834389649	0.013658200000008947	epochs	3.0
1850.8160416389649	0.013615300000083153	epochs	3.0
1850.829656938965	0.027103399999987232	epochs	2.0
1850.829656938965	0.01357279999979255	epochs	3.0
1850.8432297389647	0.013530600000194681	epochs	3.0
1850.856760338965	0.026935199999797987	epochs	2.0
1850.856760338965	0.01348839999991469	epochs	3.0
1850.8702487389648	0.013446799999883297	epochs	3.0
1850.8836955389647	0.026769200000217097	epochs	2.0
1850.8836955389647	0.013405200000079276	epochs	3.0
1850.8971007389648	0.013364000000137821	epochs	3.0
1850.910464738965	0.026605199999949036	epochs	2.0
1850.910464738965	0.013322899999820947	epochs	3.0
1850.9237876389648	0.013282300000128089	epochs	3.0
1850.937069938965	0.0264431999999033	epochs	2.0
1850.937069938965	0.013241699999980483	epochs	3.0
1850.9503116389649	0.013201499999922817	epochs	3.0
1850.9635131389648	0.026283200000079887	epochs	2.0
1850.9635131389648	0.013161500000023807	epochs	3.0
1850.9766746389648	0.01312170000005608	epochs	3.0
1850.9897963389649	0.026124999999865395	epochs	2.0
1850.9897963389649	0.013082100000019636	epochs	3.0
1851.002878438965	0.013042899999845758	epochs	3.0
1851.0159213389647	0.02596890000017993	epochs	2.0
1851.0159213389647	0.01300390000005791	epochs	3.0
1851.0289252389648	0.012965000000122018	epochs	3.0
1851.041890238965	0.025814500000024054	epochs	2.0
1851.041890238965	0.012926399999969362	epochs	3.0
1851.054816638965	0.012888100000054692	epochs	3.0
1851.067704738965	0.025661899999931848	epochs	2.0
1851.067704738965	0.012849899999991976	epochs	3.0
1851.080554638965	0.012811999999939871	epochs	3.0
1851.0933666389649	0.025511199999982637	epochs	2.0
1851.0933666389649	0.012774399999898378	epochs	3.0
1851.1061410389648	0.012736800000084258	epochs	3.0
1851.1188778389649	0.02536229999986972	epochs	2.0
1851.1188778389649	0.01269969999998466	epochs	3.0
1851.1315775389648	0.01266259999988506	epochs	3.0
1851.1442401389647	0.02521500000011656	epochs	2.0
1851.1442401389647	0.012625800000023446	epochs	3.0
1851.1568659389648	0.012589200000093115	epochs	3.0
1851.1694551389648	0.024584799999956886	epochs	2.0
1851.1933460389648	0.5	epochs	-1.0
1851.1940399389648	0.9999199999999746	epochs	1.0
1851.6933460389648	0.5	epochs	-1.0
1853.255000114441	0.055039999999962674	epochs	0.0
1853.255000114441	0.022522400000070775	epochs	1.0
1853.277522514441	0.009995199999821125	epochs	1.0
1853.2875177144408	0.022522400000070775	epochs	1.0
1853.3100401144409	2.0	epochs	0.0
1855.3100401144409	0.5045600000000832	epochs	0.0
1855.3100401144409	0.5045600000000832	epochs	1.0
1855.310066214441	0.5	epochs	-1.0
1855.810066214441	0.00453390000006948	epochs	-1.0
1855.814600114441	21.49535999999989	epochs	0.0
1857.1209998130798	0.055039999999962674	epochs	0.0
1857.1209998130798	0.022522400000070775	epochs	1.0
1857.14352221308	0.009995199999821125	epochs	1.0
1857.1535174130797	0.022522400000070775	epochs	1.0
1857.1760398130798	2.0	epochs	0.0
1859.1760398130798	0.5044800000000578	epochs	0.0
1859.1760398130798	0.5044800000000578	epochs	1.0
1859.1760659130798	0.5	epochs	-1.0
1859.6760659130798	0.0044539000000440865	epochs	-1.0
1859.6805198130799	21.495439999999917	epochs	0.0
1861.0859999656677	0.055039999999962674	epochs	0.0
1861.0859999656677	0.022522400000070775	epochs	1.0
1861.1085223656678	0.009995199999821125	epochs	1.0
1861.1185175656676	0.022522400000070775	epochs	1.0
1861.1410399656677	2.0	epochs	0.0
1863.1410399656677	0.5044800000000578	epochs	0.0
1863.1410399656677	0.5044800000000578	epochs	1.0
1863.1410660656677	0.5	epochs	-1.0
1863.6410660656677	0.0044539000000440865	epochs	-1.0
1863.6455199656677	21.495439999999917	epochs	0.0
1867.936999797821	0.055039999999962674	epochs	0.0
1867.936999797821	0.022522400000070775	epochs	1.0
1867.9595221978211	0.009995199999821125	epochs	1.0
1867.969517397821	0.022522400000070775	epochs	1.0
1867.992039797821	2.0	epochs	0.0
1869.992039797821	5.3844799999999395	epochs	0.0
1869.992039797821	1.0	epochs	1.0
1869.992065897821	0.5	epochs	-1.0
1870.492065897821	4.884453899999926	epochs	-1.0
1870.992039797821	4.3844799999999395	epochs	1.0
1870.992039797821	4.356753900000058	epochs	-1.0
1870.992039797821	1.9745872000000873	epochs	2.0
1870.992039797821	1.0985622000000603	epochs	3.0
1872.090601997821	0.8760250000000269	epochs	3.0
1872.966626997821	1.3524075000000266	epochs	2.0
1872.966626997821	0.7286354999998821	epochs	3.0
1873.695262497821	0.6237720000001445	epochs	3.0
1874.3190344978211	1.029759199999944	epochs	2.0
1874.3190344978211	0.5453292999998212	epochs	3.0
1874.864363797821	0.48442990000012287	epochs	3.0
1875.348793697821	0.027726099999881626	epochs	2.0
1875.348793697821	0.027726099999881626	epochs	3.0
1875.376519797821	16.615440000000035	epochs	0.0
1876.3420000076294	0.055039999999962674	epochs	0.0
1876.3420000076294	0.022522400000070775	epochs	1.0
1876.3645224076295	0.009995199999821125	epochs	1.0
1876.3745176076293	0.022522400000070775	epochs	1.0
1876.3970400076294	2.0	epochs	0.0
1878.3970400076294	0.5055199999999331	epochs	0.0
1878.3970400076294	0.5055199999999331	epochs	1.0
1878.3970661076294	0.5	epochs	-1.0
1878.8970661076294	0.005493899999919449	epochs	-1.0
1878.9025600076293	21.49440000000004	epochs	0.0
1880.2760000228882	0.055039999999962674	epochs	0.0
1880.2760000228882	0.022522400000070775	epochs	1.0
1880.2985224228883	0.009995199999821125	epochs	1.0
1880.308517622888	0.022522400000070775	epochs	1.0
1880.3310400228881	2.0	epochs	0.0
1882.3310400228881	21.504320000000007	epochs	0.0
1882.3310400228881	1.0	epochs	1.0
1882.3310661228882	0.5	epochs	-1.0
1882.8310661228882	19.99928	epochs	-1.0
1883.3310400228881	20.0	epochs	1.0
1883.3310400228881	4.356753900000058	epochs	-1.0
1883.3310400228881	1.9745872000000873	epochs	2.0
1883.3310400228881	1.0985622000000603	epochs	3.0
1884.4296022228882	0.8760250000000269	epochs	3.0
1885.3056272228882	1.3524075000000266	epochs	2.0
1885.3056272228882	0.7286354999998821	epochs	3.0
1886.0342627228881	0.6237720000001445	epochs	3.0
1886.6580347228883	1.029759199999944	epochs	2.0
1886.6580347228883	0.5453292999998212	epochs	3.0
1887.203364022888	0.48442990000012287	epochs	3.0
1887.6877939228882	0.8317861999998968	epochs	2.0
1887.6877939228882	0.4357763000000432	epochs	3.0
1888.1235702228882	0.3960098999998536	epochs	3.0
1888.519580122888	0.6977970000000369	epochs	2.0
1888.519580122888	0.3628982000000178	epochs	3.0
1888.8824783228881	0.33489880000001904	epochs	3.0
1889.2173771228881	0.601045699999986	epochs	2.0
1889.2173771228881	0.3109123000001546	epochs	3.0
1889.5282894228883	0.29013339999983145	epochs	3.0
1889.8184228228881	0.5278859000000011	epochs	2.0
1889.8184228228881	0.2719586000000618	epochs	3.0
1890.0903814228882	0.25592729999993935	epochs	3.0
1890.3463087228881	0.470619299999953	epochs	2.0
1890.3463087228881	0.241681299999982	epochs	3.0
1890.587990022888	0.228937999999971	epochs	3.0
1890.816928022888	0.42457039999999324	epochs	2.0
1890.816928022888	0.21747140000002219	epochs	3.0
1891.034399422888	0.20709899999997106	epochs	3.0
1891.241498422888	0.3867354000001342	epochs	2.0
1891.241498422888	0.19767110000020693	epochs	3.0
1891.4391695228883	0.18906429999992724	epochs	3.0
1891.6282338228882	0.35509529999990264	epochs	2.0
1891.6282338228882	0.18117589999997108	epochs	3.0
1891.8094097228882	0.17391939999993156	epochs	3.0
1891.983329122888	0.3282431000000088	epochs	2.0
1891.983329122888	0.167221900000186	epochs	3.0
1892.1505510228883	0.16102119999982278	epochs	3.0
1892.3115722228881	0.30516800000009425	epochs	2.0
1892.3115722228881	0.15526390000013635	epochs	3.0
1892.4668361228883	0.1499040999999579	epochs	3.0
1892.6167402228882	0.28512529999989056	epochs	2.0
1892.6167402228882	0.1449021000000812	epochs	3.0
1892.7616423228883	0.14022319999980937	epochs	3.0
1892.901865522888	0.267553800000087	epochs	2.0
1892.901865522888	0.13583690000018578	epochs	3.0
1893.0377024228883	0.13171689999990122	epochs	3.0
1893.1694193228882	0.252022899999929	epochs	2.0
1893.1694193228882	0.1278393000000051	epochs	3.0
1893.2972586228882	0.1241835999999239	epochs	3.0
1893.4214422228881	0.23819649999995818	epochs	2.0
1893.4214422228881	0.12073110000005727	epochs	3.0
1893.5421733228882	0.11746539999990091	epochs	3.0
1893.659638722888	0.2258088000000953	epochs	2.0
1893.659638722888	0.11437190000015107	epochs	3.0
1893.7740106228882	0.11143689999994422	epochs	3.0
1893.8854475228882	0.21464599999990241	epochs	2.0
1893.8854475228882	0.10864889999993466	epochs	3.0
1893.994096422888	0.10599709999996776	epochs	3.0
1894.100093522888	0.20453500000007807	epochs	2.0
1894.100093522888	0.10347150000006877	epochs	3.0
1894.2035650228881	0.1010635000000093	epochs	3.0
1894.3046285228882	0.19533400000000256	epochs	2.0
1894.3046285228882	0.09876510000003691	epochs	3.0
1894.4033936228882	0.09656889999996565	epochs	3.0
1894.4999625228882	0.18692529999998442	epochs	2.0
1894.4999625228882	0.09446830000001682	epochs	3.0
1894.5944308228882	0.09245699999996759	epochs	3.0
1894.6868878228881	0.1792107000001124	epochs	2.0
1894.6868878228881	0.0905296000000817	epochs	3.0
1894.7774174228882	0.08868110000003071	epochs	3.0
1894.8660985228883	0.17210769999996955	epochs	2.0
1894.8660985228883	0.08690630000000965	epochs	3.0
1894.9530048228883	0.0852013999999599	epochs	3.0
1895.0382062228882	0.16554640000003928	epochs	2.0
1895.0382062228882	0.08356189999994967	epochs	3.0
1895.1217681228882	0.08198450000008961	epochs	3.0
1895.2037526228883	0.15946710000002895	epochs	2.0
1895.2037526228883	0.08046539999986635	epochs	3.0
1895.2842180228881	0.0790017000001626	epochs	3.0
1895.3632197228883	0.1538183999998637	epochs	2.0
1895.3632197228883	0.07759009999995214	epochs	3.0
1895.4408098228882	0.07622829999991154	epochs	3.0
1895.5170381228882	0.14855639999996129	epochs	2.0
1895.5170381228882	0.07491329999993468	epochs	3.0
1895.591951422888	0.0736431000000266	epochs	3.0
1895.6655945228881	0.14364240000008976	epochs	2.0
1895.6655945228881	0.07241500000009182	epochs	3.0
1895.7380095228882	0.07122739999999794	epochs	3.0
1895.8092369228882	0.13904309999998077	epochs	2.0
1895.8092369228882	0.07007799999996678	epochs	3.0
1895.8793149228882	0.06896510000001399	epochs	3.0
1895.9482800228882	0.13472929999988992	epochs	2.0
1895.9482800228882	0.0678871000000072	epochs	3.0
1896.0161671228882	0.06684219999988272	epochs	3.0
1896.083009322888	0.1306752000000415	epochs	2.0
1896.083009322888	0.06582910000020092	epochs	3.0
1896.1488384228883	0.06484609999984059	epochs	3.0
1896.2136845228881	0.12685780000015257	epochs	2.0
1896.2136845228881	0.06389200000012352	epochs	3.0
1896.2775765228882	0.06296580000002905	epochs	3.0
1896.3405423228883	0.12325719999989815	epochs	2.0
1896.3405423228883	0.06206579999980022	epochs	3.0
1896.402608122888	0.06119140000009793	epochs	3.0
1896.4637995228882	0.11985540000000583	epochs	2.0
1896.4637995228882	0.060341099999959624	epochs	3.0
1896.5241406228881	0.059514300000046205	epochs	3.0
1896.5836549228882	0.1166361999999026	epochs	2.0
1896.5836549228882	0.058709599999929196	epochs	3.0
1896.642364522888	0.057926599999973405	epochs	3.0
1896.700291122888	0.11358560000007856	epochs	2.0
1896.700291122888	0.057164200000215715	epochs	3.0
1896.7574553228883	0.05642139999986284	epochs	3.0
1896.8138767228882	0.11069049999991876	epochs	2.0
1896.8138767228882	0.055697900000041045	epochs	3.0
1896.8695746228882	0.05499259999987771	epochs	3.0
1896.924567222888	0.1079391000000669	epochs	2.0
1896.924567222888	0.05430490000003374	epochs	3.0
1896.978872122888	0.05363420000003316	epochs	3.0
1897.0325063228881	0.10532149999994544	epochs	2.0
1897.0325063228881	0.05297999999993408	epochs	3.0
1897.085486322888	0.052341500000011365	epochs	3.0
1897.137827822888	0.10282760000018243	epochs	2.0
1897.137827822888	0.05171810000001642	epochs	3.0
1897.189545922888	0.05110950000016601	epochs	3.0
1897.2406554228883	0.10044909999987794	epochs	2.0
1897.2406554228883	0.0505148999998255	epochs	3.0
1897.291170322888	0.04993420000005244	epochs	3.0
1897.3411045228881	0.0981782999999723	epochs	2.0
1897.3411045228881	0.04936659999998483	epochs	3.0
1897.3904711228881	0.04881169999998747	epochs	3.0
1897.4392828228881	0.09600780000005216	epochs	2.0
1897.4392828228881	0.04826920000004975	epochs	3.0
1897.4875520228882	0.04773860000000241	epochs	3.0
1897.5352906228882	0.09393120000004274	epochs	2.0
1897.5352906228882	0.04721949999998287	epochs	3.0
1897.5825101228882	0.046711700000059864	epochs	3.0
1897.6292218228882	0.09194260000003851	epochs	2.0
1897.6292218228882	0.046214599999984785	epochs	3.0
1897.6754364228882	0.045728000000053726	epochs	3.0
1897.7211644228883	0.09003629999983787	epochs	2.0
1897.7211644228883	0.045251499999949374	epochs	3.0
1897.7664159228882	0.04478479999988849	epochs	3.0
1897.811200722888	0.08820760000003247	epochs	2.0
1897.811200722888	0.044327800000019124	epochs	3.0
1897.855528522888	0.04387980000001335	epochs	3.0
1897.8994083228881	0.0864516999999978	epochs	2.0
1897.8994083228881	0.04344100000002982	epochs	3.0
1897.9428493228882	0.04301069999996798	epochs	3.0
1897.9858600228881	0.08476429999996071	epochs	2.0
1897.9858600228881	0.04258900000013455	epochs	3.0
1898.0284490228883	0.042175299999826166	epochs	3.0
1898.070624322888	0.08314150000001064	epochs	2.0
1898.070624322888	0.04176970000003166	epochs	3.0
1898.112394022888	0.041371799999978975	epochs	3.0
1898.153765822888	0.08157970000002024	epochs	2.0
1898.153765822888	0.04098140000019157	epochs	3.0
1898.1947472228883	0.04059829999982867	epochs	3.0
1898.235345522888	0.08007550000002084	epochs	2.0
1898.235345522888	0.040222300000095856	epochs	3.0
1898.2755678228882	0.03985319999992498	epochs	3.0
1898.3154210228881	0.07862569999997504	epochs	2.0
1898.3154210228881	0.039490800000066884	epochs	3.0
1898.3549118228882	0.03913489999990816	epochs	3.0
1898.394046722888	0.07722760000001472	epochs	2.0
1898.394046722888	0.038785400000051595	epochs	3.0
1898.4328321228882	0.03844219999996312	epochs	3.0
1898.4712743228881	0.07587820000003376	epochs	2.0
1898.4712743228881	0.03810480000015559	epochs	3.0
1898.5093791228883	0.037773399999878166	epochs	3.0
1898.5471525228882	0.0745752000000266	epochs	2.0
1898.5471525228882	0.03744770000002973	epochs	3.0
1898.5846002228882	0.03712749999999687	epochs	3.0
1898.6217277228882	0.07331629999998768	epochs	2.0
1898.6217277228882	0.0368129000000863	epochs	3.0
1898.6585406228883	0.036503399999901376	epochs	3.0
1898.6950440228882	0.07209899999998015	epochs	2.0
1898.6950440228882	0.03619909999997617	epochs	3.0
1898.7312431228881	0.03589990000000398	epochs	3.0
1898.7671430228881	0.07092170000009901	epochs	2.0
1898.7671430228881	0.03560560000005353	epochs	3.0
1898.8027486228882	0.03531610000004548	epochs	3.0
1898.8380647228882	0.06978200000003199	epochs	2.0
1898.8380647228882	0.03503120000004856	epochs	3.0
1898.8730959228883	0.03475079999998343	epochs	3.0
1898.9078467228883	0.06867859999988468	epochs	2.0
1898.9078467228883	0.03447510000000875	epochs	3.0
1898.9423218228883	0.03420349999987593	epochs	3.0
1898.9765253228882	0.06760929999995824	epochs	2.0
1898.9765253228882	0.033936199999970995	epochs	3.0
1899.0104615228881	0.033673099999987244	epochs	3.0
1899.0441346228881	0.06657289999998284	epochs	2.0
1899.0441346228881	0.03341399999999339	epochs	3.0
1899.0775486228881	0.033158899999989444	epochs	3.0
1899.110707522888	0.06556780000005347	epochs	2.0
1899.110707522888	0.03290770000012344	epochs	3.0
1899.1436152228882	0.032660099999930026	epochs	3.0
1899.1762753228882	0.06459259999996902	epochs	2.0
1899.1762753228882	0.03241640000010193	epochs	3.0
1899.2086917228883	0.032176199999867094	epochs	3.0
1899.2408679228881	0.06364600000006249	epochs	2.0
1899.2408679228881	0.03193959999998697	epochs	3.0
1899.2728075228881	0.03170640000007552	epochs	3.0
1899.3045139228882	0.0627266999999847	epochs	2.0
1899.3045139228882	0.031476599999905375	epochs	3.0
1899.335990522888	0.03125010000007933	epochs	3.0
1899.3672406228882	0.06183359999999993	epochs	2.0
1899.3672406228882	0.03102689999991526	epochs	3.0
1899.398267522888	0.030806700000084675	epochs	3.0
1899.4290742228882	0.060965599999917686	epochs	2.0
1899.4290742228882	0.030589799999916067	epochs	3.0
1899.459664022888	0.030375800000001618	epochs	3.0
1899.490039822888	0.06012160000000222	epochs	2.0
1899.490039822888	0.030164900000045236	epochs	3.0
1899.5202047228881	0.02995669999995698	epochs	3.0
1899.550161422888	0.05930069999999432	epochs	2.0
1899.550161422888	0.029751600000054168	epochs	3.0
1899.5799130228881	0.029549099999940154	epochs	3.0
1899.609462122888	0.058501800000158255	epochs	2.0
1899.609462122888	0.02934940000000097	epochs	3.0
1899.638811522888	0.029152400000157286	epochs	3.0
1899.6679639228882	0.05772419999993872	epochs	2.0
1899.6679639228882	0.028957999999875028	epochs	3.0
1899.6969219228881	0.02876620000006369	epochs	3.0
1899.7256881228882	0.05696710000006533	epochs	2.0
1899.7256881228882	0.028577000000041153	epochs	3.0
1899.7542651228882	0.028390100000024177	epochs	3.0
1899.7826552228883	0.05622949999997218	epochs	2.0
1899.7826552228883	0.028205699999944045	epochs	3.0
1899.8108609228882	0.028023800000028132	epochs	3.0
1899.8388847228882	0.05551070000001346	epochs	2.0
1899.8388847228882	0.027843999999959124	epochs	3.0
1899.8667287228882	0.027666700000054334	epochs	3.0
1899.8943954228882	0.054810200000019904	epochs	2.0
1899.8943954228882	0.02749149999999645	epochs	3.0
1899.9218869228882	0.027318700000023455	epochs	3.0
1899.9492056228883	0.054126999999880354	epochs	2.0
1899.9492056228883	0.027147799999966082	epochs	3.0
1899.9763534228882	0.026979199999914272	epochs	3.0
1900.0033326228881	0.053460699999959616	epochs	2.0
1900.0033326228881	0.026812600000084785	epochs	3.0
1900.0301452228882	0.02664809999987483	epochs	3.0
1900.056793322888	0.05281070000000909	epochs	2.0
1900.056793322888	0.026485600000114573	epochs	3.0
1900.0832789228882	0.02632509999989452	epochs	3.0
1900.109604022888	0.05217620000007628	epochs	2.0
1900.109604022888	0.026166399999965506	epochs	3.0
1900.135770422888	0.026009800000110772	epochs	3.0
1900.1617802228882	0.051556699999991906	epochs	2.0
1900.1617802228882	0.025854799999933675	epochs	3.0
1900.1876350228881	0.02570190000005823	epochs	3.0
1900.2133369228882	0.05095189999997274	epochs	2.0
1900.2133369228882	0.025550699999939752	epochs	3.0
1900.2388876228881	0.025401200000032986	epochs	3.0
1900.2642888228881	0.05036100000006627	epochs	2.0
1900.2642888228881	0.025253499999962514	epochs	3.0
1900.289542322888	0.025107500000103755	epochs	3.0
1900.3146498228882	0.04978379999988647	epochs	2.0
1900.3146498228882	0.02496320000000196	epochs	3.0
1900.3396130228882	0.024820599999884507	epochs	3.0
1900.364433622888	0.04921950000016295	epochs	2.0
1900.364433622888	0.024679399999968155	epochs	3.0
1900.389113022888	0.024540100000194798	epochs	3.0
1900.4136531228883	0.04866789999982757	epochs	2.0
1900.4136531228883	0.024402099999861093	epochs	3.0
1900.4380552228881	0.024265799999966475	epochs	3.0
1900.462321022888	0.04812860000015462	epochs	2.0
1900.462321022888	0.024131000000124914	epochs	3.0
1900.4864520228882	0.023997600000029706	epochs	3.0
1900.5104496228882	0.04760109999983797	epochs	2.0
1900.5104496228882	0.02386579999983951	epochs	3.0
1900.534315422888	0.02373529999999846	epochs	3.0
1900.558050722888	0.04708500000015192	epochs	2.0
1900.558050722888	0.023606300000210467	epochs	3.0
1900.5816570228883	0.023478699999941455	epochs	3.0
1900.6051357228882	0.046579999999948996	epochs	2.0
1900.6051357228882	0.023352499999873544	epochs	3.0
1900.628488222888	0.02322750000007545	epochs	3.0
1900.6517157228882	0.046085700000048746	epochs	2.0
1900.6517157228882	0.023104000000103042	epochs	3.0
1900.6748197228883	0.022981699999945704	epochs	3.0
1900.6978014228882	0.045601799999985815	epochs	2.0
1900.6978014228882	0.02286069999991014	epochs	3.0
1900.7206621228881	0.022741100000075676	epochs	3.0
1900.7434032228882	0.045127899999897636	epochs	2.0
1900.7434032228882	0.022622499999897627	epochs	3.0
1900.7660257228881	0.02250540000000001	epochs	3.0
1900.7885311228881	0.0446638000000803	epochs	2.0
1900.7885311228881	0.02238929999998618	epochs	3.0
1900.810920422888	0.022274500000094122	epochs	3.0
1900.8331949228882	0.04420920000006845	epochs	2.0
1900.8331949228882	0.022160799999937808	epochs	3.0
1900.8553557228881	0.02204840000013064	epochs	3.0
1900.8774041228883	0.04376359999992019	epochs	2.0
1900.8774041228883	0.02193689999990056	epochs	3.0
1900.8993410228882	0.021826700000019628	epochs	3.0
1900.9211677228882	0.04332709999994222	epochs	2.0
1900.9211677228882	0.02171760000010181	epochs	3.0
1900.9428853228883	0.02160949999984041	epochs	3.0
1900.9644948228881	0.04289900000003399	epochs	2.0
1900.9644948228881	0.02150249999999687	epochs	3.0
1900.9859973228881	0.021396500000037122	epochs	3.0
1901.0073938228882	0.04247950000012679	epochs	2.0
1901.0073938228882	0.021291700000119818	epochs	3.0
1901.0286855228883	0.021187800000006973	epochs	3.0
1901.0498733228883	0.04206789999989269	epochs	2.0
1901.0498733228883	0.02108490000000529	epochs	3.0
1901.0709582228883	0.020982999999887397	epochs	3.0
1901.0919412228882	0.04166439999994509	epochs	2.0
1901.0919412228882	0.020882199999959994	epochs	3.0
1901.1128234228881	0.020782199999985096	epochs	3.0
1901.1336056228881	0.04126850000011473	epochs	2.0
1901.1336056228881	0.020683299999973315	epochs	3.0
1901.154288922888	0.020585200000141413	epochs	3.0
1901.1748741228882	0.04088000000001557	epochs	2.0
1901.1748741228882	0.020488099999965925	epochs	3.0
1901.1953622228882	0.020391900000049645	epochs	3.0
1901.2157541228883	0.04049880000002304	epochs	2.0
1901.2157541228883	0.020296599999937825	epochs	3.0
1901.2360507228882	0.020202200000085213	epochs	3.0
1901.2562529228883	0.040124599999899146	epochs	2.0
1901.2562529228883	0.020108699999809687	epochs	3.0
1901.276361622888	0.02001590000008946	epochs	3.0
1901.2963775228882	0.03975730000001931	epochs	2.0
1901.2963775228882	0.019924200000104975	epochs	3.0
1901.3163017228883	0.01983309999991434	epochs	3.0
1901.3361348228882	0.03939669999999751	epochs	2.0
1901.3361348228882	0.01974300000006224	epochs	3.0
1901.3558778228883	0.01965369999993527	epochs	3.0
1901.3755315228882	0.03904239999997117	epochs	2.0
1901.3755315228882	0.019565099999908853	epochs	3.0
1901.395096622888	0.019477300000062314	epochs	3.0
1901.4145739228882	0.038694600000098944	epochs	2.0
1901.4145739228882	0.019390400000020236	epochs	3.0
1901.4339643228882	0.01930420000007871	epochs	3.0
1901.4532685228883	0.038352899999836154	epochs	2.0
1901.4532685228883	0.019218799999862313	epochs	3.0
1901.4724873228881	0.01913409999997384	epochs	3.0
1901.491621422888	0.03801720000001296	epochs	2.0
1901.491621422888	0.019050200000037876	epochs	3.0
1901.5106716228881	0.018966999999975087	epochs	3.0
1901.5296386228881	0.03768720000016401	epochs	2.0
1901.5296386228881	0.01888450000001285	epochs	3.0
1901.5485231228881	0.018802700000151162	epochs	3.0
1901.5673258228883	0.03736309999999321	epochs	2.0
1901.5673258228883	0.018721700000014607	epochs	3.0
1901.5860475228883	0.018641399999978603	epochs	3.0
1901.6046889228883	0.03704429999993408	epochs	2.0
1901.6046889228883	0.018561599999884493	epochs	3.0
1901.6232505228882	0.01848270000004959	epochs	3.0
1901.6417332228882	0.03673099999991791	epochs	2.0
1901.6417332228882	0.018404299999929208	epochs	3.0
1901.6601375228881	0.018326699999988705	epochs	3.0
1901.6784642228881	0.03642290000016146	epochs	2.0
1901.6784642228881	0.018249599999990096	epochs	3.0
1901.6967138228881	0.018173300000171366	epochs	3.0
1901.7148871228883	0.036120099999834565	epochs	2.0
1901.7148871228883	0.01809759999991911	epochs	3.0
1901.7329847228882	0.018022499999915453	epochs	3.0
1901.7510072228881	0.035822100000132195	epochs	2.0
1901.7510072228881	0.017947900000081063	epochs	3.0
1901.7689551228882	0.017874200000051133	epochs	3.0
1901.7868293228883	0.03552899999999681	epochs	2.0
1901.7868293228883	0.017800800000031813	epochs	3.0
1901.8046301228883	0.017728199999965	epochs	3.0
1901.8223583228882	0.03524070000003121	epochs	2.0
1901.8223583228882	0.01765609999984008	epochs	3.0
1901.840014422888	0.01758460000019113	epochs	3.0
1901.8575990228883	0.03495709999992869	epochs	2.0
1901.8575990228883	0.017513699999881283	epochs	3.0
1901.8751127228882	0.017443400000047404	epochs	3.0
1901.8925561228882	0.034677899999906	epochs	2.0
1901.8925561228882	0.017373599999928047	epochs	3.0
1901.9099297228881	0.017304299999977957	epochs	3.0
1901.9272340228881	0.03440330000012182	epochs	2.0
1901.9272340228881	0.017235700000128418	epochs	3.0
1901.9444697228882	0.0171675999999934	epochs	3.0
1901.9616373228882	0.03413279999995211	epochs	2.0
1901.9616373228882	0.01709989999994832	epochs	3.0
1901.9787372228882	0.017032900000003792	epochs	3.0
1901.9957701228882	0.03386670000008962	epochs	2.0
1901.9957701228882	0.01696640000000116	epochs	3.0
1902.0127365228882	0.016900300000088464	epochs	3.0
1902.0296368228883	0.03360459999998966	epochs	2.0
1902.0296368228883	0.01683479999996962	epochs	3.0
1902.0464716228882	0.01676980000002004	epochs	3.0
1902.0632414228883	0.033346599999958926	epochs	2.0
1902.0632414228883	0.016705300000012357	epochs	3.0
1902.0799467228883	0.01664129999994657	epochs	3.0
1902.0965880228882	0.03309250000006614	epochs	2.0
1902.0965880228882	0.016577800000050047	epochs	3.0
1902.1131658228883	0.01651470000001609	epochs	3.0
1902.1296805228883	0.03284229999985655	epochs	2.0
1902.1296805228883	0.016452199999775985	epochs	3.0
1902.146132722888	0.016390100000080565	epochs	3.0
1902.1625228228881	0.03259570000000167	epochs	2.0
1902.1625228228881	0.016328400000020338	epochs	3.0
1902.1788512228882	0.016267299999981333	epochs	3.0
1902.1951185228882	0.032352899999978035	epochs	2.0
1902.1951185228882	0.016206600000032267	epochs	3.0
1902.2113251228882	0.016146299999945768	epochs	3.0
1902.2274714228881	0.032113700000081735	epochs	2.0
1902.2274714228881	0.016086600000107865	epochs	3.0
1902.2435580228882	0.01602709999997387	epochs	3.0
1902.2595851228882	0.03187800000000607	epochs	2.0
1902.2595851228882	0.0159681999998611	epochs	3.0
1902.275553322888	0.01590980000014497	epochs	3.0
1902.2914631228882	0.03164569999989908	epochs	2.0
1902.2914631228882	0.015851599999905375	epochs	3.0
1902.3073147228881	0.015794099999993705	epochs	3.0
1902.3231088228881	0.03141670000013619	epochs	2.0
1902.3231088228881	0.015736700000161363	epochs	3.0
1902.3388455228883	0.015679999999974825	epochs	3.0
1902.3545255228883	0.03119109999988723	epochs	2.0
1902.3545255228883	0.015623600000026272	epochs	3.0
1902.3701491228883	0.015567499999860956	epochs	3.0
1902.3857166228881	0.03096870000013041	epochs	2.0
1902.3857166228881	0.015511999999944237	epochs	3.0
1902.401228622888	0.015456700000186174	epochs	3.0
1902.4166853228883	0.030749499999956242	epochs	2.0
1902.4166853228883	0.015401999999994587	epochs	3.0
1902.4320873228883	0.015347499999961656	epochs	3.0
1902.4474348228882	0.03053320000003623	epochs	2.0
1902.4474348228882	0.015293400000018664	epochs	3.0
1902.4627282228882	0.015239800000017567	epochs	3.0
1902.4779680228883	0.030320099999926242	epochs	2.0
1902.4779680228883	0.015186500000027081	epochs	3.0
1902.4931545228883	0.015133599999899161	epochs	3.0
1902.5082881228882	0.03010990000007041	epochs	2.0
1902.5082881228882	0.015081000000009226	epochs	3.0
1902.5233691228882	0.015028900000061185	epochs	3.0
1902.5383980228883	0.029902499999934662	epochs	2.0
1902.5383980228883	0.014976999999817053	epochs	3.0
1902.553375022888	0.014925500000117609	epochs	3.0
1902.5683005228882	0.029698099999905025	epochs	2.0
1902.5683005228882	0.014874400000053356	epochs	3.0
1902.5831749228882	0.01482369999985167	epochs	3.0
1902.597998622888	0.029496300000118936	epochs	2.0
1902.597998622888	0.014773200000036013	epochs	3.0
1902.6127718228881	0.014723100000082923	epochs	3.0
1902.6274949228882	0.029297399999904883	epochs	2.0
1902.6274949228882	0.014673399999992398	epochs	3.0
1902.6421683228882	0.014623999999912485	epochs	3.0
1902.6567923228881	0.02910110000016175	epochs	2.0
1902.6567923228881	0.014574900000070556	epochs	3.0
1902.6713672228882	0.014526200000091194	epochs	3.0
1902.6858934228883	0.028907399999980044	epochs	2.0
1902.6858934228883	0.01447769999981574	epochs	3.0
1902.700371122888	0.014429700000164303	epochs	3.0
1902.7148008228883	0.028716199999962555	epochs	2.0
1902.7148008228883	0.014381799999910072	epochs	3.0
1902.7291826228882	0.014334400000052483	epochs	3.0
1902.7435170228882	0.02852759999996124	epochs	2.0
1902.7435170228882	0.014287199999898803	epochs	3.0
1902.7578042228881	0.014240400000062436	epochs	3.0
1902.7720446228882	0.028341400000044814	epochs	2.0
1902.7720446228882	0.014193799999929979	epochs	3.0
1902.7862384228881	0.014147600000114835	epochs	3.0
1902.8003860228882	0.028157700000065233	epochs	2.0
1902.8003860228882	0.014101699999855555	epochs	3.0
1902.814487722888	0.014056000000209679	epochs	3.0
1902.8285437228883	0.02797629999986384	epochs	2.0
1902.8285437228883	0.014010599999892293	epochs	3.0
1902.8425543228882	0.013965699999971548	epochs	3.0
1902.8565200228882	0.027797200000122757	epochs	2.0
1902.8565200228882	0.013920800000050804	epochs	3.0
1902.8704408228882	0.013876400000071953	epochs	3.0
1902.8843172228883	0.027620399999932488	epochs	2.0
1902.8843172228883	0.013832199999797012	epochs	3.0
1902.898149422888	0.013788200000135475	epochs	3.0
1902.9119376228882	0.027445899999975154	epochs	2.0
1902.9119376228882	0.013744599999881757	epochs	3.0
1902.925682222888	0.013701300000093397	epochs	3.0
1902.9393835228882	0.0272735000000921	epochs	2.0
1902.9393835228882	0.013658200000008947	epochs	3.0
1902.9530417228882	0.013615300000083153	epochs	3.0
1902.9666570228883	0.027103399999987232	epochs	2.0
1902.9666570228883	0.01357279999979255	epochs	3.0
1902.980229822888	0.013530600000194681	epochs	3.0
1902.9937604228883	0.026935199999797987	epochs	2.0
1902.9937604228883	0.01348839999991469	epochs	3.0
1903.0072488228882	0.013446799999883297	epochs	3.0
1903.020695622888	0.026769200000217097	epochs	2.0
1903.020695622888	0.013405200000079276	epochs	3.0
1903.0341008228881	0.013364000000137821	epochs	3.0
1903.0474648228883	0.026605199999949036	epochs	2.0
1903.0474648228883	0.013322899999820947	epochs	3.0
1903.060787722888	0.013282300000128089	epochs	3.0
1903.0740700228882	0.0264431999999033	epochs	2.0
1903.0740700228882	0.013241699999980483	epochs	3.0
1903.0873117228882	0.013201499999922817	epochs	3.0
1903.1005132228881	0.026283200000079887	epochs	2.0
1903.1005132228881	0.013161500000023807	epochs	3.0
1903.1136747228882	0.01312170000005608	epochs	3.0
1903.1267964228882	0.026124999999865395	epochs	2.0
1903.1267964228882	0.013082100000019636	epochs	3.0
1903.1398785228882	0.013042899999845758	epochs	3.0
1903.152921422888	0.02596890000017993	epochs	2.0
1903.152921422888	0.01300390000005791	epochs	3.0
1903.1659253228881	0.012965000000122018	epochs	3.0
1903.1788903228883	0.025814500000024054	epochs	2.0
1903.1788903228883	0.012926399999969362	epochs	3.0
1903.1918167228882	0.012888100000054692	epochs	3.0
1903.2047048228883	0.025661899999931848	epochs	2.0
1903.2047048228883	0.012849899999991976	epochs	3.0
1903.2175547228883	0.012811999999939871	epochs	3.0
1903.2303667228882	0.025511199999982637	epochs	2.0
1903.2303667228882	0.012774399999898378	epochs	3.0
1903.2431411228881	0.012736800000084258	epochs	3.0
1903.2558779228882	0.02536229999986972	epochs	2.0
1903.2558779228882	0.01269969999998466	epochs	3.0
1903.2685776228882	0.01266259999988506	epochs	3.0
1903.281240222888	0.02521500000011656	epochs	2.0
1903.281240222888	0.012625800000023446	epochs	3.0
1903.293866022888	0.012589200000093115	epochs	3.0
1903.3064552228882	0.024584799999956886	epochs	2.0
1903.3303461228882	0.5	epochs	-1.0
1903.3310400228881	0.504320000000007	epochs	1.0
1903.8353600228882	0.4955999999999676	epochs	0.0
1904.8680000305176	0.055039999999962674	epochs	0.0
1904.8680000305176	0.022522400000070775	epochs	1.0
1904.8905224305176	0.009995199999821125	epochs	1.0
1904.9005176305175	0.022522400000070775	epochs	1.0
1904.9230400305175	2.0	epochs	0.0
1906.9230400305175	21.504400000000032	epochs	0.0
1906.9230400305175	1.0	epochs	1.0
1906.9230661305176	0.5	epochs	-1.0
1907.4230661305176	19.99928	epochs	-1.0
1907.9230400305175	20.0	epochs	1.0
1907.9230400305175	4.356753900000058	epochs	-1.0
1907.9230400305175	1.9745872000000873	epochs	2.0
1907.9230400305175	1.0985622000000603	epochs	3.0
1909.0216022305176	0.8760250000000269	epochs	3.0
1909.8976272305176	1.3524075000000266	epochs	2.0
1909.8976272305176	0.7286354999998821	epochs	3.0
1910.6262627305175	0.6237720000001445	epochs	3.0
1911.2500347305177	1.029759199999944	epochs	2.0
1911.2500347305177	0.5453292999998212	epochs	3.0
1911.7953640305175	0.48442990000012287	epochs	3.0
1912.2797939305176	0.8317861999998968	epochs	2.0
1912.2797939305176	0.4357763000000432	epochs	3.0
1912.7155702305176	0.3960098999998536	epochs	3.0
1913.1115801305175	0.6977970000000369	epochs	2.0
1913.1115801305175	0.3628982000000178	epochs	3.0
1913.4744783305175	0.33489880000001904	epochs	3.0
1913.8093771305175	0.601045699999986	epochs	2.0
1913.8093771305175	0.3109123000001546	epochs	3.0
1914.1202894305177	0.29013339999983145	epochs	3.0
1914.4104228305175	0.5278859000000011	epochs	2.0
1914.4104228305175	0.2719586000000618	epochs	3.0
1914.6823814305176	0.25592729999993935	epochs	3.0
1914.9383087305175	0.470619299999953	epochs	2.0
1914.9383087305175	0.241681299999982	epochs	3.0
1915.1799900305175	0.228937999999971	epochs	3.0
1915.4089280305175	0.42457039999999324	epochs	2.0
1915.4089280305175	0.21747140000002219	epochs	3.0
1915.6263994305175	0.20709899999997106	epochs	3.0
1915.8334984305175	0.3867354000001342	epochs	2.0
1915.8334984305175	0.19767110000020693	epochs	3.0
1916.0311695305177	0.18906429999992724	epochs	3.0
1916.2202338305176	0.35509529999990264	epochs	2.0
1916.2202338305176	0.18117589999997108	epochs	3.0
1916.4014097305176	0.17391939999993156	epochs	3.0
1916.5753291305175	0.3282431000000088	epochs	2.0
1916.5753291305175	0.167221900000186	epochs	3.0
1916.7425510305177	0.16102119999982278	epochs	3.0
1916.9035722305175	0.30516800000009425	epochs	2.0
1916.9035722305175	0.15526390000013635	epochs	3.0
1917.0588361305176	0.1499040999999579	epochs	3.0
1917.2087402305176	0.28512529999989056	epochs	2.0
1917.2087402305176	0.1449021000000812	epochs	3.0
1917.3536423305177	0.14022319999980937	epochs	3.0
1917.4938655305175	0.267553800000087	epochs	2.0
1917.4938655305175	0.13583690000018578	epochs	3.0
1917.6297024305177	0.13171689999990122	epochs	3.0
1917.7614193305176	0.252022899999929	epochs	2.0
1917.7614193305176	0.1278393000000051	epochs	3.0
1917.8892586305176	0.1241835999999239	epochs	3.0
1918.0134422305175	0.23819649999995818	epochs	2.0
1918.0134422305175	0.12073110000005727	epochs	3.0
1918.1341733305176	0.11746539999990091	epochs	3.0
1918.2516387305175	0.2258088000000953	epochs	2.0
1918.2516387305175	0.11437190000015107	epochs	3.0
1918.3660106305176	0.11143689999994422	epochs	3.0
1918.4774475305176	0.21464599999990241	epochs	2.0
1918.4774475305176	0.10864889999993466	epochs	3.0
1918.5860964305175	0.10599709999996776	epochs	3.0
1918.6920935305175	0.20453500000007807	epochs	2.0
1918.6920935305175	0.10347150000006877	epochs	3.0
1918.7955650305175	0.1010635000000093	epochs	3.0
1918.8966285305175	0.19533400000000256	epochs	2.0
1918.8966285305175	0.09876510000003691	epochs	3.0
1918.9953936305176	0.09656889999996565	epochs	3.0
1919.0919625305175	0.18692529999998442	epochs	2.0
1919.0919625305175	0.09446830000001682	epochs	3.0
1919.1864308305176	0.09245699999996759	epochs	3.0
1919.2788878305175	0.1792107000001124	epochs	2.0
1919.2788878305175	0.0905296000000817	epochs	3.0
1919.3694174305176	0.08868110000003071	epochs	3.0
1919.4580985305176	0.17210769999996955	epochs	2.0
1919.4580985305176	0.08690630000000965	epochs	3.0
1919.5450048305177	0.0852013999999599	epochs	3.0
1919.6302062305176	0.16554640000003928	epochs	2.0
1919.6302062305176	0.08356189999994967	epochs	3.0
1919.7137681305176	0.08198450000008961	epochs	3.0
1919.7957526305177	0.15946710000002895	epochs	2.0
1919.7957526305177	0.08046539999986635	epochs	3.0
1919.8762180305175	0.0790017000001626	epochs	3.0
1919.9552197305177	0.1538183999998637	epochs	2.0
1919.9552197305177	0.07759009999995214	epochs	3.0
1920.0328098305176	0.07622829999991154	epochs	3.0
1920.1090381305175	0.14855639999996129	epochs	2.0
1920.1090381305175	0.07491329999993468	epochs	3.0
1920.1839514305175	0.0736431000000266	epochs	3.0
1920.2575945305175	0.14364240000008976	epochs	2.0
1920.2575945305175	0.07241500000009182	epochs	3.0
1920.3300095305176	0.07122739999999794	epochs	3.0
1920.4012369305176	0.13904309999998077	epochs	2.0
1920.4012369305176	0.07007799999996678	epochs	3.0
1920.4713149305176	0.06896510000001399	epochs	3.0
1920.5402800305176	0.13472929999988992	epochs	2.0
1920.5402800305176	0.0678871000000072	epochs	3.0
1920.6081671305176	0.06684219999988272	epochs	3.0
1920.6750093305175	0.1306752000000415	epochs	2.0
1920.6750093305175	0.06582910000020092	epochs	3.0
1920.7408384305177	0.06484609999984059	epochs	3.0
1920.8056845305175	0.12685780000015257	epochs	2.0
1920.8056845305175	0.06389200000012352	epochs	3.0
1920.8695765305176	0.06296580000002905	epochs	3.0
1920.9325423305177	0.12325719999989815	epochs	2.0
1920.9325423305177	0.06206579999980022	epochs	3.0
1920.9946081305175	0.06119140000009793	epochs	3.0
1921.0557995305176	0.11985540000000583	epochs	2.0
1921.0557995305176	0.060341099999959624	epochs	3.0
1921.1161406305175	0.059514300000046205	epochs	3.0
1921.1756549305176	0.1166361999999026	epochs	2.0
1921.1756549305176	0.058709599999929196	epochs	3.0
1921.2343645305175	0.057926599999973405	epochs	3.0
1921.2922911305175	0.11358560000007856	epochs	2.0
1921.2922911305175	0.057164200000215715	epochs	3.0
1921.3494553305177	0.05642139999986284	epochs	3.0
1921.4058767305175	0.11069049999991876	epochs	2.0
1921.4058767305175	0.055697900000041045	epochs	3.0
1921.4615746305176	0.05499259999987771	epochs	3.0
1921.5165672305175	0.1079391000000669	epochs	2.0
1921.5165672305175	0.05430490000003374	epochs	3.0
1921.5708721305175	0.05363420000003316	epochs	3.0
1921.6245063305175	0.10532149999994544	epochs	2.0
1921.6245063305175	0.05297999999993408	epochs	3.0
1921.6774863305175	0.052341500000011365	epochs	3.0
1921.7298278305175	0.10282760000018243	epochs	2.0
1921.7298278305175	0.05171810000001642	epochs	3.0
1921.7815459305175	0.05110950000016601	epochs	3.0
1921.8326554305177	0.10044909999987794	epochs	2.0
1921.8326554305177	0.0505148999998255	epochs	3.0
1921.8831703305175	0.04993420000005244	epochs	3.0
1921.9331045305175	0.0981782999999723	epochs	2.0
1921.9331045305175	0.04936659999998483	epochs	3.0
1921.9824711305175	0.04881169999998747	epochs	3.0
1922.0312828305175	0.09600780000005216	epochs	2.0
1922.0312828305175	0.04826920000004975	epochs	3.0
1922.0795520305176	0.04773860000000241	epochs	3.0
1922.1272906305176	0.09393120000004274	epochs	2.0
1922.1272906305176	0.04721949999998287	epochs	3.0
1922.1745101305175	0.046711700000059864	epochs	3.0
1922.2212218305176	0.09194260000003851	epochs	2.0
1922.2212218305176	0.046214599999984785	epochs	3.0
1922.2674364305176	0.045728000000053726	epochs	3.0
1922.3131644305176	0.09003629999983787	epochs	2.0
1922.3131644305176	0.045251499999949374	epochs	3.0
1922.3584159305176	0.04478479999988849	epochs	3.0
1922.4032007305175	0.08820760000003247	epochs	2.0
1922.4032007305175	0.044327800000019124	epochs	3.0
1922.4475285305175	0.04387980000001335	epochs	3.0
1922.4914083305175	0.0864516999999978	epochs	2.0
1922.4914083305175	0.04344100000002982	epochs	3.0
1922.5348493305175	0.04301069999996798	epochs	3.0
1922.5778600305175	0.08476429999996071	epochs	2.0
1922.5778600305175	0.04258900000013455	epochs	3.0
1922.6204490305176	0.042175299999826166	epochs	3.0
1922.6626243305175	0.08314150000001064	epochs	2.0
1922.6626243305175	0.04176970000003166	epochs	3.0
1922.7043940305175	0.041371799999978975	epochs	3.0
1922.7457658305175	0.08157970000002024	epochs	2.0
1922.7457658305175	0.04098140000019157	epochs	3.0
1922.7867472305177	0.04059829999982867	epochs	3.0
1922.8273455305175	0.08007550000002084	epochs	2.0
1922.8273455305175	0.040222300000095856	epochs	3.0
1922.8675678305176	0.03985319999992498	epochs	3.0
1922.9074210305175	0.07862569999997504	epochs	2.0
1922.9074210305175	0.039490800000066884	epochs	3.0
1922.9469118305176	0.03913489999990816	epochs	3.0
1922.9860467305175	0.07722760000001472	epochs	2.0
1922.9860467305175	0.038785400000051595	epochs	3.0
1923.0248321305176	0.03844219999996312	epochs	3.0
1923.0632743305175	0.07587820000003376	epochs	2.0
1923.0632743305175	0.03810480000015559	epochs	3.0
1923.1013791305177	0.037773399999878166	epochs	3.0
1923.1391525305175	0.0745752000000266	epochs	2.0
1923.1391525305175	0.03744770000002973	epochs	3.0
1923.1766002305176	0.03712749999999687	epochs	3.0
1923.2137277305176	0.07331629999998768	epochs	2.0
1923.2137277305176	0.0368129000000863	epochs	3.0
1923.2505406305177	0.036503399999901376	epochs	3.0
1923.2870440305176	0.07209899999998015	epochs	2.0
1923.2870440305176	0.03619909999997617	epochs	3.0
1923.3232431305175	0.03589990000000398	epochs	3.0
1923.3591430305175	0.07092170000009901	epochs	2.0
1923.3591430305175	0.03560560000005353	epochs	3.0
1923.3947486305176	0.03531610000004548	epochs	3.0
1923.4300647305176	0.06978200000003199	epochs	2.0
1923.4300647305176	0.03503120000004856	epochs	3.0
1923.4650959305177	0.03475079999998343	epochs	3.0
1923.4998467305177	0.06867859999988468	epochs	2.0
1923.4998467305177	0.03447510000000875	epochs	3.0
1923.5343218305177	0.03420349999987593	epochs	3.0
1923.5685253305176	0.06760929999995824	epochs	2.0
1923.5685253305176	0.033936199999970995	epochs	3.0
1923.6024615305175	0.033673099999987244	epochs	3.0
1923.6361346305175	0.06657289999998284	epochs	2.0
1923.6361346305175	0.03341399999999339	epochs	3.0
1923.6695486305175	0.033158899999989444	epochs	3.0
1923.7027075305175	0.06556780000005347	epochs	2.0
1923.7027075305175	0.03290770000012344	epochs	3.0
1923.7356152305176	0.032660099999930026	epochs	3.0
1923.7682753305176	0.06459259999996902	epochs	2.0
1923.7682753305176	0.03241640000010193	epochs	3.0
1923.8006917305177	0.032176199999867094	epochs	3.0
1923.8328679305175	0.06364600000006249	epochs	2.0
1923.8328679305175	0.03193959999998697	epochs	3.0
1923.8648075305175	0.03170640000007552	epochs	3.0
1923.8965139305176	0.0627266999999847	epochs	2.0
1923.8965139305176	0.031476599999905375	epochs	3.0
1923.9279905305175	0.03125010000007933	epochs	3.0
1923.9592406305176	0.06183359999999993	epochs	2.0
1923.9592406305176	0.03102689999991526	epochs	3.0
1923.9902675305175	0.030806700000084675	epochs	3.0
1924.0210742305176	0.060965599999917686	epochs	2.0
1924.0210742305176	0.030589799999916067	epochs	3.0
1924.0516640305175	0.030375800000001618	epochs	3.0
1924.0820398305175	0.06012160000000222	epochs	2.0
1924.0820398305175	0.030164900000045236	epochs	3.0
1924.1122047305175	0.02995669999995698	epochs	3.0
1924.1421614305175	0.05930069999999432	epochs	2.0
1924.1421614305175	0.029751600000054168	epochs	3.0
1924.1719130305175	0.029549099999940154	epochs	3.0
1924.2014621305175	0.058501800000158255	epochs	2.0
1924.2014621305175	0.02934940000000097	epochs	3.0
1924.2308115305175	0.029152400000157286	epochs	3.0
1924.2599639305176	0.05772419999993872	epochs	2.0
1924.2599639305176	0.028957999999875028	epochs	3.0
1924.2889219305175	0.02876620000006369	epochs	3.0
1924.3176881305176	0.05696710000006533	epochs	2.0
1924.3176881305176	0.028577000000041153	epochs	3.0
1924.3462651305176	0.028390100000024177	epochs	3.0
1924.3746552305176	0.05622949999997218	epochs	2.0
1924.3746552305176	0.028205699999944045	epochs	3.0
1924.4028609305176	0.028023800000028132	epochs	3.0
1924.4308847305176	0.05551070000001346	epochs	2.0
1924.4308847305176	0.027843999999959124	epochs	3.0
1924.4587287305176	0.027666700000054334	epochs	3.0
1924.4863954305176	0.054810200000019904	epochs	2.0
1924.4863954305176	0.02749149999999645	epochs	3.0
1924.5138869305176	0.027318700000023455	epochs	3.0
1924.5412056305177	0.054126999999880354	epochs	2.0
1924.5412056305177	0.027147799999966082	epochs	3.0
1924.5683534305176	0.026979199999914272	epochs	3.0
1924.5953326305175	0.053460699999959616	epochs	2.0
1924.5953326305175	0.026812600000084785	epochs	3.0
1924.6221452305176	0.02664809999987483	epochs	3.0
1924.6487933305175	0.05281070000000909	epochs	2.0
1924.6487933305175	0.026485600000114573	epochs	3.0
1924.6752789305176	0.02632509999989452	epochs	3.0
1924.7016040305175	0.05217620000007628	epochs	2.0
1924.7016040305175	0.026166399999965506	epochs	3.0
1924.7277704305175	0.026009800000110772	epochs	3.0
1924.7537802305176	0.051556699999991906	epochs	2.0
1924.7537802305176	0.025854799999933675	epochs	3.0
1924.7796350305175	0.02570190000005823	epochs	3.0
1924.8053369305176	0.05095189999997274	epochs	2.0
1924.8053369305176	0.025550699999939752	epochs	3.0
1924.8308876305175	0.025401200000032986	epochs	3.0
1924.8562888305175	0.05036100000006627	epochs	2.0
1924.8562888305175	0.025253499999962514	epochs	3.0
1924.8815423305175	0.025107500000103755	epochs	3.0
1924.9066498305176	0.04978379999988647	epochs	2.0
1924.9066498305176	0.02496320000000196	epochs	3.0
1924.9316130305176	0.024820599999884507	epochs	3.0
1924.9564336305175	0.04921950000016295	epochs	2.0
1924.9564336305175	0.024679399999968155	epochs	3.0
1924.9811130305175	0.024540100000194798	epochs	3.0
1925.0056531305177	0.04866789999982757	epochs	2.0
1925.0056531305177	0.024402099999861093	epochs	3.0
1925.0300552305175	0.024265799999966475	epochs	3.0
1925.0543210305175	0.04812860000015462	epochs	2.0
1925.0543210305175	0.024131000000124914	epochs	3.0
1925.0784520305176	0.023997600000029706	epochs	3.0
1925.1024496305176	0.04760109999983797	epochs	2.0
1925.1024496305176	0.02386579999983951	epochs	3.0
1925.1263154305175	0.02373529999999846	epochs	3.0
1925.1500507305175	0.04708500000015192	epochs	2.0
1925.1500507305175	0.023606300000210467	epochs	3.0
1925.1736570305177	0.023478699999941455	epochs	3.0
1925.1971357305176	0.046579999999948996	epochs	2.0
1925.1971357305176	0.023352499999873544	epochs	3.0
1925.2204882305175	0.02322750000007545	epochs	3.0
1925.2437157305176	0.046085700000048746	epochs	2.0
1925.2437157305176	0.023104000000103042	epochs	3.0
1925.2668197305177	0.022981699999945704	epochs	3.0
1925.2898014305176	0.045601799999985815	epochs	2.0
1925.2898014305176	0.02286069999991014	epochs	3.0
1925.3126621305175	0.022741100000075676	epochs	3.0
1925.3354032305176	0.045127899999897636	epochs	2.0
1925.3354032305176	0.022622499999897627	epochs	3.0
1925.3580257305175	0.02250540000000001	epochs	3.0
1925.3805311305175	0.0446638000000803	epochs	2.0
1925.3805311305175	0.02238929999998618	epochs	3.0
1925.4029204305175	0.022274500000094122	epochs	3.0
1925.4251949305176	0.04420920000006845	epochs	2.0
1925.4251949305176	0.022160799999937808	epochs	3.0
1925.4473557305175	0.02204840000013064	epochs	3.0
1925.4694041305177	0.04376359999992019	epochs	2.0
1925.4694041305177	0.02193689999990056	epochs	3.0
1925.4913410305176	0.021826700000019628	epochs	3.0
1925.5131677305176	0.04332709999994222	epochs	2.0
1925.5131677305176	0.02171760000010181	epochs	3.0
1925.5348853305177	0.02160949999984041	epochs	3.0
1925.5564948305175	0.04289900000003399	epochs	2.0
1925.5564948305175	0.02150249999999687	epochs	3.0
1925.5779973305175	0.021396500000037122	epochs	3.0
1925.5993938305176	0.04247950000012679	epochs	2.0
1925.5993938305176	0.021291700000119818	epochs	3.0
1925.6206855305177	0.021187800000006973	epochs	3.0
1925.6418733305177	0.04206789999989269	epochs	2.0
1925.6418733305177	0.02108490000000529	epochs	3.0
1925.6629582305177	0.020982999999887397	epochs	3.0
1925.6839412305176	0.04166439999994509	epochs	2.0
1925.6839412305176	0.020882199999959994	epochs	3.0
1925.7048234305175	0.020782199999985096	epochs	3.0
1925.7256056305175	0.04126850000011473	epochs	2.0
1925.7256056305175	0.020683299999973315	epochs	3.0
1925.7462889305175	0.020585200000141413	epochs	3.0
1925.7668741305176	0.04088000000001557	epochs	2.0
1925.7668741305176	0.020488099999965925	epochs	3.0
1925.7873622305176	0.020391900000049645	epochs	3.0
1925.8077541305177	0.04049880000002304	epochs	2.0
1925.8077541305177	0.020296599999937825	epochs	3.0
1925.8280507305176	0.020202200000085213	epochs	3.0
1925.8482529305177	0.040124599999899146	epochs	2.0
1925.8482529305177	0.020108699999809687	epochs	3.0
1925.8683616305175	0.02001590000008946	epochs	3.0
1925.8883775305176	0.03975730000001931	epochs	2.0
1925.8883775305176	0.019924200000104975	epochs	3.0
1925.9083017305177	0.01983309999991434	epochs	3.0
1925.9281348305176	0.03939669999999751	epochs	2.0
1925.9281348305176	0.01974300000006224	epochs	3.0
1925.9478778305177	0.01965369999993527	epochs	3.0
1925.9675315305176	0.03904239999997117	epochs	2.0
1925.9675315305176	0.019565099999908853	epochs	3.0
1925.9870966305175	0.019477300000062314	epochs	3.0
1926.0065739305176	0.038694600000098944	epochs	2.0
1926.0065739305176	0.019390400000020236	epochs	3.0
1926.0259643305176	0.01930420000007871	epochs	3.0
1926.0452685305177	0.038352899999836154	epochs	2.0
1926.0452685305177	0.019218799999862313	epochs	3.0
1926.0644873305175	0.01913409999997384	epochs	3.0
1926.0836214305175	0.03801720000001296	epochs	2.0
1926.0836214305175	0.019050200000037876	epochs	3.0
1926.1026716305175	0.018966999999975087	epochs	3.0
1926.1216386305175	0.03768720000016401	epochs	2.0
1926.1216386305175	0.01888450000001285	epochs	3.0
1926.1405231305175	0.018802700000151162	epochs	3.0
1926.1593258305177	0.03736309999999321	epochs	2.0
1926.1593258305177	0.018721700000014607	epochs	3.0
1926.1780475305177	0.018641399999978603	epochs	3.0
1926.1966889305177	0.03704429999993408	epochs	2.0
1926.1966889305177	0.018561599999884493	epochs	3.0
1926.2152505305176	0.01848270000004959	epochs	3.0
1926.2337332305176	0.03673099999991791	epochs	2.0
1926.2337332305176	0.018404299999929208	epochs	3.0
1926.2521375305175	0.018326699999988705	epochs	3.0
1926.2704642305175	0.03642290000016146	epochs	2.0
1926.2704642305175	0.018249599999990096	epochs	3.0
1926.2887138305175	0.018173300000171366	epochs	3.0
1926.3068871305177	0.036120099999834565	epochs	2.0
1926.3068871305177	0.01809759999991911	epochs	3.0
1926.3249847305176	0.018022499999915453	epochs	3.0
1926.3430072305175	0.035822100000132195	epochs	2.0
1926.3430072305175	0.017947900000081063	epochs	3.0
1926.3609551305176	0.017874200000051133	epochs	3.0
1926.3788293305176	0.03552899999999681	epochs	2.0
1926.3788293305176	0.017800800000031813	epochs	3.0
1926.3966301305177	0.017728199999965	epochs	3.0
1926.4143583305176	0.03524070000003121	epochs	2.0
1926.4143583305176	0.01765609999984008	epochs	3.0
1926.4320144305175	0.01758460000019113	epochs	3.0
1926.4495990305177	0.03495709999992869	epochs	2.0
1926.4495990305177	0.017513699999881283	epochs	3.0
1926.4671127305176	0.017443400000047404	epochs	3.0
1926.4845561305176	0.034677899999906	epochs	2.0
1926.4845561305176	0.017373599999928047	epochs	3.0
1926.5019297305175	0.017304299999977957	epochs	3.0
1926.5192340305175	0.03440330000012182	epochs	2.0
1926.5192340305175	0.017235700000128418	epochs	3.0
1926.5364697305176	0.0171675999999934	epochs	3.0
1926.5536373305176	0.03413279999995211	epochs	2.0
1926.5536373305176	0.01709989999994832	epochs	3.0
1926.5707372305176	0.017032900000003792	epochs	3.0
1926.5877701305176	0.03386670000008962	epochs	2.0
1926.5877701305176	0.01696640000000116	epochs	3.0
1926.6047365305176	0.016900300000088464	epochs	3.0
1926.6216368305177	0.03360459999998966	epochs	2.0
1926.6216368305177	0.01683479999996962	epochs	3.0
1926.6384716305176	0.01676980000002004	epochs	3.0
1926.6552414305177	0.033346599999958926	epochs	2.0
1926.6552414305177	0.016705300000012357	epochs	3.0
1926.6719467305177	0.01664129999994657	epochs	3.0
1926.6885880305176	0.03309250000006614	epochs	2.0
1926.6885880305176	0.016577800000050047	epochs	3.0
1926.7051658305177	0.01651470000001609	epochs	3.0
1926.7216805305177	0.03284229999985655	epochs	2.0
1926.7216805305177	0.016452199999775985	epochs	3.0
1926.7381327305175	0.016390100000080565	epochs	3.0
1926.7545228305175	0.03259570000000167	epochs	2.0
1926.7545228305175	0.016328400000020338	epochs	3.0
1926.7708512305176	0.016267299999981333	epochs	3.0
1926.7871185305175	0.032352899999978035	epochs	2.0
1926.7871185305175	0.016206600000032267	epochs	3.0
1926.8033251305176	0.016146299999945768	epochs	3.0
1926.8194714305175	0.032113700000081735	epochs	2.0
1926.8194714305175	0.016086600000107865	epochs	3.0
1926.8355580305176	0.01602709999997387	epochs	3.0
1926.8515851305176	0.03187800000000607	epochs	2.0
1926.8515851305176	0.0159681999998611	epochs	3.0
1926.8675533305175	0.01590980000014497	epochs	3.0
1926.8834631305176	0.03164569999989908	epochs	2.0
1926.8834631305176	0.015851599999905375	epochs	3.0
1926.8993147305175	0.015794099999993705	epochs	3.0
1926.9151088305175	0.03141670000013619	epochs	2.0
1926.9151088305175	0.015736700000161363	epochs	3.0
1926.9308455305177	0.015679999999974825	epochs	3.0
1926.9465255305176	0.03119109999988723	epochs	2.0
1926.9465255305176	0.015623600000026272	epochs	3.0
1926.9621491305177	0.015567499999860956	epochs	3.0
1926.9777166305175	0.03096870000013041	epochs	2.0
1926.9777166305175	0.015511999999944237	epochs	3.0
1926.9932286305175	0.015456700000186174	epochs	3.0
1927.0086853305177	0.030749499999956242	epochs	2.0
1927.0086853305177	0.015401999999994587	epochs	3.0
1927.0240873305177	0.015347499999961656	epochs	3.0
1927.0394348305176	0.03053320000003623	epochs	2.0
1927.0394348305176	0.015293400000018664	epochs	3.0
1927.0547282305176	0.015239800000017567	epochs	3.0
1927.0699680305177	0.030320099999926242	epochs	2.0
1927.0699680305177	0.015186500000027081	epochs	3.0
1927.0851545305177	0.015133599999899161	epochs	3.0
1927.1002881305176	0.03010990000007041	epochs	2.0
1927.1002881305176	0.015081000000009226	epochs	3.0
1927.1153691305176	0.015028900000061185	epochs	3.0
1927.1303980305177	0.029902499999934662	epochs	2.0
1927.1303980305177	0.014976999999817053	epochs	3.0
1927.1453750305175	0.014925500000117609	epochs	3.0
1927.1603005305176	0.029698099999905025	epochs	2.0
1927.1603005305176	0.014874400000053356	epochs	3.0
1927.1751749305176	0.01482369999985167	epochs	3.0
1927.1899986305175	0.029496300000118936	epochs	2.0
1927.1899986305175	0.014773200000036013	epochs	3.0
1927.2047718305175	0.014723100000082923	epochs	3.0
1927.2194949305176	0.029297399999904883	epochs	2.0
1927.2194949305176	0.014673399999992398	epochs	3.0
1927.2341683305176	0.014623999999912485	epochs	3.0
1927.2487923305175	0.02910110000016175	epochs	2.0
1927.2487923305175	0.014574900000070556	epochs	3.0
1927.2633672305176	0.014526200000091194	epochs	3.0
1927.2778934305177	0.028907399999980044	epochs	2.0
1927.2778934305177	0.01447769999981574	epochs	3.0
1927.2923711305175	0.014429700000164303	epochs	3.0
1927.3068008305177	0.028716199999962555	epochs	2.0
1927.3068008305177	0.014381799999910072	epochs	3.0
1927.3211826305176	0.014334400000052483	epochs	3.0
1927.3355170305176	0.02852759999996124	epochs	2.0
1927.3355170305176	0.014287199999898803	epochs	3.0
1927.3498042305175	0.014240400000062436	epochs	3.0
1927.3640446305176	0.028341400000044814	epochs	2.0
1927.3640446305176	0.014193799999929979	epochs	3.0
1927.3782384305175	0.014147600000114835	epochs	3.0
1927.3923860305176	0.028157700000065233	epochs	2.0
1927.3923860305176	0.014101699999855555	epochs	3.0
1927.4064877305175	0.014056000000209679	epochs	3.0
1927.4205437305177	0.02797629999986384	epochs	2.0
1927.4205437305177	0.014010599999892293	epochs	3.0
1927.4345543305176	0.013965699999971548	epochs	3.0
1927.4485200305176	0.027797200000122757	epochs	2.0
1927.4485200305176	0.013920800000050804	epochs	3.0
1927.4624408305176	0.013876400000071953	epochs	3.0
1927.4763172305177	0.027620399999932488	epochs	2.0
1927.4763172305177	0.013832199999797012	epochs	3.0
1927.4901494305175	0.013788200000135475	epochs	3.0
1927.5039376305176	0.027445899999975154	epochs	2.0
1927.5039376305176	0.013744599999881757	epochs	3.0
1927.5176822305175	0.013701300000093397	epochs	3.0
1927.5313835305176	0.0272735000000921	epochs	2.0
1927.5313835305176	0.013658200000008947	epochs	3.0
1927.5450417305176	0.013615300000083153	epochs	3.0
1927.5586570305177	0.027103399999987232	epochs	2.0
1927.5586570305177	0.01357279999979255	epochs	3.0
1927.5722298305175	0.013530600000194681	epochs	3.0
1927.5857604305177	0.026935199999797987	epochs	2.0
1927.5857604305177	0.01348839999991469	epochs	3.0
1927.5992488305176	0.013446799999883297	epochs	3.0
1927.6126956305175	0.026769200000217097	epochs	2.0
1927.6126956305175	0.013405200000079276	epochs	3.0
1927.6261008305175	0.013364000000137821	epochs	3.0
1927.6394648305177	0.026605199999949036	epochs	2.0
1927.6394648305177	0.013322899999820947	epochs	3.0
1927.6527877305175	0.013282300000128089	epochs	3.0
1927.6660700305176	0.0264431999999033	epochs	2.0
1927.6660700305176	0.013241699999980483	epochs	3.0
1927.6793117305176	0.013201499999922817	epochs	3.0
1927.6925132305175	0.026283200000079887	epochs	2.0
1927.6925132305175	0.013161500000023807	epochs	3.0
1927.7056747305176	0.01312170000005608	epochs	3.0
1927.7187964305176	0.026124999999865395	epochs	2.0
1927.7187964305176	0.013082100000019636	epochs	3.0
1927.7318785305176	0.013042899999845758	epochs	3.0
1927.7449214305175	0.02596890000017993	epochs	2.0
1927.7449214305175	0.01300390000005791	epochs	3.0
1927.7579253305175	0.012965000000122018	epochs	3.0
1927.7708903305177	0.025814500000024054	epochs	2.0
1927.7708903305177	0.012926399999969362	epochs	3.0
1927.7838167305176	0.012888100000054692	epochs	3.0
1927.7967048305177	0.025661899999931848	epochs	2.0
1927.7967048305177	0.012849899999991976	epochs	3.0
1927.8095547305177	0.012811999999939871	epochs	3.0
1927.8223667305176	0.025511199999982637	epochs	2.0
1927.8223667305176	0.012774399999898378	epochs	3.0
1927.8351411305175	0.012736800000084258	epochs	3.0
1927.8478779305176	0.02536229999986972	epochs	2.0
1927.8478779305176	0.01269969999998466	epochs	3.0
1927.8605776305176	0.01266259999988506	epochs	3.0
1927.8732402305175	0.02521500000011656	epochs	2.0
1927.8732402305175	0.012625800000023446	epochs	3.0
1927.8858660305175	0.012589200000093115	epochs	3.0
1927.8984552305176	0.024584799999956886	epochs	2.0
1927.9223461305176	0.5	epochs	-1.0
1927.9230400305175	0.5044000000000324	epochs	1.0
1928.4274400305176	0.49551999999994223	epochs	0.0
1929.4499998092651	0.055039999999962674	epochs	0.0
1929.4499998092651	0.022522400000070775	epochs	1.0
1929.4725222092652	0.009995199999821125	epochs	1.0
1929.482517409265	0.022522400000070775	epochs	1.0
1929.505039809265	2.0	epochs	0.0
1931.505039809265	21.504320000000007	epochs	0.0
1931.505039809265	1.0	epochs	1.0
1931.505065909265	0.5	epochs	-1.0
1932.005065909265	19.99928	epochs	-1.0
1932.505039809265	20.0	epochs	1.0
1932.505039809265	4.356753900000058	epochs	-1.0
1932.505039809265	1.9745872000000873	epochs	2.0
1932.505039809265	1.0985622000000603	epochs	3.0
1933.6036020092652	0.8760250000000269	epochs	3.0
1934.4796270092652	1.3524075000000266	epochs	2.0
1934.4796270092652	0.7286354999998821	epochs	3.0
1935.208262509265	0.6237720000001445	epochs	3.0
1935.8320345092652	1.029759199999944	epochs	2.0
1935.8320345092652	0.5453292999998212	epochs	3.0
1936.377363809265	0.48442990000012287	epochs	3.0
1936.8617937092652	0.8317861999998968	epochs	2.0
1936.8617937092652	0.4357763000000432	epochs	3.0
1937.2975700092652	0.3960098999998536	epochs	3.0
1937.693579909265	0.6977970000000369	epochs	2.0
1937.693579909265	0.3628982000000178	epochs	3.0
1938.056478109265	0.33489880000001904	epochs	3.0
1938.391376909265	0.601045699999986	epochs	2.0
1938.391376909265	0.3109123000001546	epochs	3.0
1938.7022892092652	0.29013339999983145	epochs	3.0
1938.992422609265	0.5278859000000011	epochs	2.0
1938.992422609265	0.2719586000000618	epochs	3.0
1939.2643812092651	0.25592729999993935	epochs	3.0
1939.520308509265	0.470619299999953	epochs	2.0
1939.520308509265	0.241681299999982	epochs	3.0
1939.761989809265	0.228937999999971	epochs	3.0
1939.990927809265	0.42457039999999324	epochs	2.0
1939.990927809265	0.21747140000002219	epochs	3.0
1940.208399209265	0.20709899999997106	epochs	3.0
1940.415498209265	0.3867354000001342	epochs	2.0
1940.415498209265	0.19767110000020693	epochs	3.0
1940.6131693092652	0.18906429999992724	epochs	3.0
1940.8022336092652	0.35509529999990264	epochs	2.0
1940.8022336092652	0.18117589999997108	epochs	3.0
1940.9834095092651	0.17391939999993156	epochs	3.0
1941.157328909265	0.3282431000000088	epochs	2.0
1941.157328909265	0.167221900000186	epochs	3.0
1941.3245508092652	0.16102119999982278	epochs	3.0
1941.485572009265	0.30516800000009425	epochs	2.0
1941.485572009265	0.15526390000013635	epochs	3.0
1941.6408359092652	0.1499040999999579	epochs	3.0
1941.7907400092652	0.28512529999989056	epochs	2.0
1941.7907400092652	0.1449021000000812	epochs	3.0
1941.9356421092652	0.14022319999980937	epochs	3.0
1942.075865309265	0.267553800000087	epochs	2.0
1942.075865309265	0.13583690000018578	epochs	3.0
1942.2117022092652	0.13171689999990122	epochs	3.0
1942.3434191092651	0.252022899999929	epochs	2.0
1942.3434191092651	0.1278393000000051	epochs	3.0
1942.4712584092651	0.1241835999999239	epochs	3.0
1942.595442009265	0.23819649999995818	epochs	2.0
1942.595442009265	0.12073110000005727	epochs	3.0
1942.7161731092651	0.11746539999990091	epochs	3.0
1942.833638509265	0.2258088000000953	epochs	2.0
1942.833638509265	0.11437190000015107	epochs	3.0
1942.9480104092652	0.11143689999994422	epochs	3.0
1943.0594473092651	0.21464599999990241	epochs	2.0
1943.0594473092651	0.10864889999993466	epochs	3.0
1943.168096209265	0.10599709999996776	epochs	3.0
1943.274093309265	0.20453500000007807	epochs	2.0
1943.274093309265	0.10347150000006877	epochs	3.0
1943.377564809265	0.1010635000000093	epochs	3.0
1943.478628309265	0.19533400000000256	epochs	2.0
1943.478628309265	0.09876510000003691	epochs	3.0
1943.5773934092651	0.09656889999996565	epochs	3.0
1943.673962309265	0.18692529999998442	epochs	2.0
1943.673962309265	0.09446830000001682	epochs	3.0
1943.7684306092651	0.09245699999996759	epochs	3.0
1943.860887609265	0.1792107000001124	epochs	2.0
1943.860887609265	0.0905296000000817	epochs	3.0
1943.9514172092652	0.08868110000003071	epochs	3.0
1944.0400983092652	0.17210769999996955	epochs	2.0
1944.0400983092652	0.08690630000000965	epochs	3.0
1944.1270046092652	0.0852013999999599	epochs	3.0
1944.2122060092652	0.16554640000003928	epochs	2.0
1944.2122060092652	0.08356189999994967	epochs	3.0
1944.2957679092651	0.08198450000008961	epochs	3.0
1944.3777524092652	0.15946710000002895	epochs	2.0
1944.3777524092652	0.08046539999986635	epochs	3.0
1944.458217809265	0.0790017000001626	epochs	3.0
1944.5372195092652	0.1538183999998637	epochs	2.0
1944.5372195092652	0.07759009999995214	epochs	3.0
1944.6148096092652	0.07622829999991154	epochs	3.0
1944.691037909265	0.14855639999996129	epochs	2.0
1944.691037909265	0.07491329999993468	epochs	3.0
1944.765951209265	0.0736431000000266	epochs	3.0
1944.839594309265	0.14364240000008976	epochs	2.0
1944.839594309265	0.07241500000009182	epochs	3.0
1944.9120093092652	0.07122739999999794	epochs	3.0
1944.9832367092652	0.13904309999998077	epochs	2.0
1944.9832367092652	0.07007799999996678	epochs	3.0
1945.0533147092651	0.06896510000001399	epochs	3.0
1945.1222798092651	0.13472929999988992	epochs	2.0
1945.1222798092651	0.0678871000000072	epochs	3.0
1945.1901669092651	0.06684219999988272	epochs	3.0
1945.257009109265	0.1306752000000415	epochs	2.0
1945.257009109265	0.06582910000020092	epochs	3.0
1945.3228382092652	0.06484609999984059	epochs	3.0
1945.387684309265	0.12685780000015257	epochs	2.0
1945.387684309265	0.06389200000012352	epochs	3.0
1945.4515763092652	0.06296580000002905	epochs	3.0
1945.5145421092652	0.12325719999989815	epochs	2.0
1945.5145421092652	0.06206579999980022	epochs	3.0
1945.576607909265	0.06119140000009793	epochs	3.0
1945.6377993092651	0.11985540000000583	epochs	2.0
1945.6377993092651	0.060341099999959624	epochs	3.0
1945.698140409265	0.059514300000046205	epochs	3.0
1945.7576547092651	0.1166361999999026	epochs	2.0
1945.7576547092651	0.058709599999929196	epochs	3.0
1945.816364309265	0.057926599999973405	epochs	3.0
1945.874290909265	0.11358560000007856	epochs	2.0
1945.874290909265	0.057164200000215715	epochs	3.0
1945.9314551092652	0.05642139999986284	epochs	3.0
1945.987876509265	0.11069049999991876	epochs	2.0
1945.987876509265	0.055697900000041045	epochs	3.0
1946.0435744092651	0.05499259999987771	epochs	3.0
1946.098567009265	0.1079391000000669	epochs	2.0
1946.098567009265	0.05430490000003374	epochs	3.0
1946.152871909265	0.05363420000003316	epochs	3.0
1946.206506109265	0.10532149999994544	epochs	2.0
1946.206506109265	0.05297999999993408	epochs	3.0
1946.259486109265	0.052341500000011365	epochs	3.0
1946.311827609265	0.10282760000018243	epochs	2.0
1946.311827609265	0.05171810000001642	epochs	3.0
1946.363545709265	0.05110950000016601	epochs	3.0
1946.4146552092652	0.10044909999987794	epochs	2.0
1946.4146552092652	0.0505148999998255	epochs	3.0
1946.465170109265	0.04993420000005244	epochs	3.0
1946.515104309265	0.0981782999999723	epochs	2.0
1946.515104309265	0.04936659999998483	epochs	3.0
1946.564470909265	0.04881169999998747	epochs	3.0
1946.613282609265	0.09600780000005216	epochs	2.0
1946.613282609265	0.04826920000004975	epochs	3.0
1946.6615518092651	0.04773860000000241	epochs	3.0
1946.7092904092651	0.09393120000004274	epochs	2.0
1946.7092904092651	0.04721949999998287	epochs	3.0
1946.756509909265	0.046711700000059864	epochs	3.0
1946.8032216092652	0.09194260000003851	epochs	2.0
1946.8032216092652	0.046214599999984785	epochs	3.0
1946.8494362092651	0.045728000000053726	epochs	3.0
1946.8951642092652	0.09003629999983787	epochs	2.0
1946.8951642092652	0.045251499999949374	epochs	3.0
1946.9404157092652	0.04478479999988849	epochs	3.0
1946.985200509265	0.08820760000003247	epochs	2.0
1946.985200509265	0.044327800000019124	epochs	3.0
1947.029528309265	0.04387980000001335	epochs	3.0
1947.073408109265	0.0864516999999978	epochs	2.0
1947.073408109265	0.04344100000002982	epochs	3.0
1947.116849109265	0.04301069999996798	epochs	3.0
1947.159859809265	0.08476429999996071	epochs	2.0
1947.159859809265	0.04258900000013455	epochs	3.0
1947.2024488092652	0.042175299999826166	epochs	3.0
1947.244624109265	0.08314150000001064	epochs	2.0
1947.244624109265	0.04176970000003166	epochs	3.0
1947.286393809265	0.041371799999978975	epochs	3.0
1947.327765609265	0.08157970000002024	epochs	2.0
1947.327765609265	0.04098140000019157	epochs	3.0
1947.3687470092652	0.04059829999982867	epochs	3.0
1947.409345309265	0.08007550000002084	epochs	2.0
1947.409345309265	0.040222300000095856	epochs	3.0
1947.4495676092652	0.03985319999992498	epochs	3.0
1947.489420809265	0.07862569999997504	epochs	2.0
1947.489420809265	0.039490800000066884	epochs	3.0
1947.5289116092652	0.03913489999990816	epochs	3.0
1947.568046509265	0.07722760000001472	epochs	2.0
1947.568046509265	0.038785400000051595	epochs	3.0
1947.606831909265	0.03844219999996312	epochs	3.0
1947.645274109265	0.07587820000003376	epochs	2.0
1947.645274109265	0.03810480000015559	epochs	3.0
1947.6833789092652	0.037773399999878166	epochs	3.0
1947.721152309265	0.0745752000000266	epochs	2.0
1947.721152309265	0.03744770000002973	epochs	3.0
1947.7586000092651	0.03712749999999687	epochs	3.0
1947.7957275092651	0.07331629999998768	epochs	2.0
1947.7957275092651	0.0368129000000863	epochs	3.0
1947.8325404092652	0.036503399999901376	epochs	3.0
1947.8690438092651	0.07209899999998015	epochs	2.0
1947.8690438092651	0.03619909999997617	epochs	3.0
1947.905242909265	0.03589990000000398	epochs	3.0
1947.941142809265	0.07092170000009901	epochs	2.0
1947.941142809265	0.03560560000005353	epochs	3.0
1947.9767484092652	0.03531610000004548	epochs	3.0
1948.0120645092652	0.06978200000003199	epochs	2.0
1948.0120645092652	0.03503120000004856	epochs	3.0
1948.0470957092652	0.03475079999998343	epochs	3.0
1948.0818465092652	0.06867859999988468	epochs	2.0
1948.0818465092652	0.03447510000000875	epochs	3.0
1948.1163216092652	0.03420349999987593	epochs	3.0
1948.1505251092651	0.06760929999995824	epochs	2.0
1948.1505251092651	0.033936199999970995	epochs	3.0
1948.184461309265	0.033673099999987244	epochs	3.0
1948.218134409265	0.06657289999998284	epochs	2.0
1948.218134409265	0.03341399999999339	epochs	3.0
1948.251548409265	0.033158899999989444	epochs	3.0
1948.284707309265	0.06556780000005347	epochs	2.0
1948.284707309265	0.03290770000012344	epochs	3.0
1948.3176150092652	0.032660099999930026	epochs	3.0
1948.350275109265	0.06459259999996902	epochs	2.0
1948.350275109265	0.03241640000010193	epochs	3.0
1948.3826915092652	0.032176199999867094	epochs	3.0
1948.414867709265	0.06364600000006249	epochs	2.0
1948.414867709265	0.03193959999998697	epochs	3.0
1948.446807309265	0.03170640000007552	epochs	3.0
1948.4785137092651	0.0627266999999847	epochs	2.0
1948.4785137092651	0.031476599999905375	epochs	3.0
1948.509990309265	0.03125010000007933	epochs	3.0
1948.5412404092651	0.06183359999999993	epochs	2.0
1948.5412404092651	0.03102689999991526	epochs	3.0
1948.572267309265	0.030806700000084675	epochs	3.0
1948.6030740092651	0.060965599999917686	epochs	2.0
1948.6030740092651	0.030589799999916067	epochs	3.0
1948.633663809265	0.030375800000001618	epochs	3.0
1948.664039609265	0.06012160000000222	epochs	2.0
1948.664039609265	0.030164900000045236	epochs	3.0
1948.694204509265	0.02995669999995698	epochs	3.0
1948.724161209265	0.05930069999999432	epochs	2.0
1948.724161209265	0.029751600000054168	epochs	3.0
1948.753912809265	0.029549099999940154	epochs	3.0
1948.783461909265	0.058501800000158255	epochs	2.0
1948.783461909265	0.02934940000000097	epochs	3.0
1948.812811309265	0.029152400000157286	epochs	3.0
1948.8419637092652	0.05772419999993872	epochs	2.0
1948.8419637092652	0.028957999999875028	epochs	3.0
1948.870921709265	0.02876620000006369	epochs	3.0
1948.8996879092651	0.05696710000006533	epochs	2.0
1948.8996879092651	0.028577000000041153	epochs	3.0
1948.9282649092652	0.028390100000024177	epochs	3.0
1948.9566550092652	0.05622949999997218	epochs	2.0
1948.9566550092652	0.028205699999944045	epochs	3.0
1948.9848607092651	0.028023800000028132	epochs	3.0
1949.0128845092652	0.05551070000001346	epochs	2.0
1949.0128845092652	0.027843999999959124	epochs	3.0
1949.0407285092651	0.027666700000054334	epochs	3.0
1949.0683952092652	0.054810200000019904	epochs	2.0
1949.0683952092652	0.02749149999999645	epochs	3.0
1949.0958867092652	0.027318700000023455	epochs	3.0
1949.1232054092652	0.054126999999880354	epochs	2.0
1949.1232054092652	0.027147799999966082	epochs	3.0
1949.1503532092652	0.026979199999914272	epochs	3.0
1949.177332409265	0.053460699999959616	epochs	2.0
1949.177332409265	0.026812600000084785	epochs	3.0
1949.2041450092652	0.02664809999987483	epochs	3.0
1949.230793109265	0.05281070000000909	epochs	2.0
1949.230793109265	0.026485600000114573	epochs	3.0
1949.2572787092652	0.02632509999989452	epochs	3.0
1949.283603809265	0.05217620000007628	epochs	2.0
1949.283603809265	0.026166399999965506	epochs	3.0
1949.309770209265	0.026009800000110772	epochs	3.0
1949.3357800092651	0.051556699999991906	epochs	2.0
1949.3357800092651	0.025854799999933675	epochs	3.0
1949.361634809265	0.02570190000005823	epochs	3.0
1949.3873367092651	0.05095189999997274	epochs	2.0
1949.3873367092651	0.025550699999939752	epochs	3.0
1949.412887409265	0.025401200000032986	epochs	3.0
1949.438288609265	0.05036100000006627	epochs	2.0
1949.438288609265	0.025253499999962514	epochs	3.0
1949.463542109265	0.025107500000103755	epochs	3.0
1949.4886496092652	0.04978379999988647	epochs	2.0
1949.4886496092652	0.02496320000000196	epochs	3.0
1949.5136128092652	0.024820599999884507	epochs	3.0
1949.538433409265	0.04921950000016295	epochs	2.0
1949.538433409265	0.024679399999968155	epochs	3.0
1949.563112809265	0.024540100000194798	epochs	3.0
1949.5876529092652	0.04866789999982757	epochs	2.0
1949.5876529092652	0.024402099999861093	epochs	3.0
1949.612055009265	0.024265799999966475	epochs	3.0
1949.636320809265	0.04812860000015462	epochs	2.0
1949.636320809265	0.024131000000124914	epochs	3.0
1949.6604518092652	0.023997600000029706	epochs	3.0
1949.6844494092652	0.04760109999983797	epochs	2.0
1949.6844494092652	0.02386579999983951	epochs	3.0
1949.708315209265	0.02373529999999846	epochs	3.0
1949.732050509265	0.04708500000015192	epochs	2.0
1949.732050509265	0.023606300000210467	epochs	3.0
1949.7556568092652	0.023478699999941455	epochs	3.0
1949.7791355092652	0.046579999999948996	epochs	2.0
1949.7791355092652	0.023352499999873544	epochs	3.0
1949.802488009265	0.02322750000007545	epochs	3.0
1949.8257155092651	0.046085700000048746	epochs	2.0
1949.8257155092651	0.023104000000103042	epochs	3.0
1949.8488195092652	0.022981699999945704	epochs	3.0
1949.8718012092652	0.045601799999985815	epochs	2.0
1949.8718012092652	0.02286069999991014	epochs	3.0
1949.894661909265	0.022741100000075676	epochs	3.0
1949.9174030092652	0.045127899999897636	epochs	2.0
1949.9174030092652	0.022622499999897627	epochs	3.0
1949.940025509265	0.02250540000000001	epochs	3.0
1949.962530909265	0.0446638000000803	epochs	2.0
1949.962530909265	0.02238929999998618	epochs	3.0
1949.984920209265	0.022274500000094122	epochs	3.0
1950.0071947092651	0.04420920000006845	epochs	2.0
1950.0071947092651	0.022160799999937808	epochs	3.0
1950.029355509265	0.02204840000013064	epochs	3.0
1950.0514039092652	0.04376359999992019	epochs	2.0
1950.0514039092652	0.02193689999990056	epochs	3.0
1950.0733408092651	0.021826700000019628	epochs	3.0
1950.0951675092651	0.04332709999994222	epochs	2.0
1950.0951675092651	0.02171760000010181	epochs	3.0
1950.1168851092652	0.02160949999984041	epochs	3.0
1950.138494609265	0.04289900000003399	epochs	2.0
1950.138494609265	0.02150249999999687	epochs	3.0
1950.159997109265	0.021396500000037122	epochs	3.0
1950.1813936092651	0.04247950000012679	epochs	2.0
1950.1813936092651	0.021291700000119818	epochs	3.0
1950.2026853092652	0.021187800000006973	epochs	3.0
1950.2238731092652	0.04206789999989269	epochs	2.0
1950.2238731092652	0.02108490000000529	epochs	3.0
1950.2449580092652	0.020982999999887397	epochs	3.0
1950.2659410092651	0.04166439999994509	epochs	2.0
1950.2659410092651	0.020882199999959994	epochs	3.0
1950.286823209265	0.020782199999985096	epochs	3.0
1950.307605409265	0.04126850000011473	epochs	2.0
1950.307605409265	0.020683299999973315	epochs	3.0
1950.328288709265	0.020585200000141413	epochs	3.0
1950.3488739092652	0.04088000000001557	epochs	2.0
1950.3488739092652	0.020488099999965925	epochs	3.0
1950.3693620092652	0.020391900000049645	epochs	3.0
1950.3897539092652	0.04049880000002304	epochs	2.0
1950.3897539092652	0.020296599999937825	epochs	3.0
1950.4100505092651	0.020202200000085213	epochs	3.0
1950.4302527092652	0.040124599999899146	epochs	2.0
1950.4302527092652	0.020108699999809687	epochs	3.0
1950.450361409265	0.02001590000008946	epochs	3.0
1950.4703773092651	0.03975730000001931	epochs	2.0
1950.4703773092651	0.019924200000104975	epochs	3.0
1950.4903015092652	0.01983309999991434	epochs	3.0
1950.5101346092652	0.03939669999999751	epochs	2.0
1950.5101346092652	0.01974300000006224	epochs	3.0
1950.5298776092652	0.01965369999993527	epochs	3.0
1950.5495313092651	0.03904239999997117	epochs	2.0
1950.5495313092651	0.019565099999908853	epochs	3.0
1950.569096409265	0.019477300000062314	epochs	3.0
1950.5885737092651	0.038694600000098944	epochs	2.0
1950.5885737092651	0.019390400000020236	epochs	3.0
1950.6079641092651	0.01930420000007871	epochs	3.0
1950.6272683092652	0.038352899999836154	epochs	2.0
1950.6272683092652	0.019218799999862313	epochs	3.0
1950.646487109265	0.01913409999997384	epochs	3.0
1950.665621209265	0.03801720000001296	epochs	2.0
1950.665621209265	0.019050200000037876	epochs	3.0
1950.684671409265	0.018966999999975087	epochs	3.0
1950.703638409265	0.03768720000016401	epochs	2.0
1950.703638409265	0.01888450000001285	epochs	3.0
1950.722522909265	0.018802700000151162	epochs	3.0
1950.7413256092652	0.03736309999999321	epochs	2.0
1950.7413256092652	0.018721700000014607	epochs	3.0
1950.7600473092652	0.018641399999978603	epochs	3.0
1950.7786887092652	0.03704429999993408	epochs	2.0
1950.7786887092652	0.018561599999884493	epochs	3.0
1950.797250309265	0.01848270000004959	epochs	3.0
1950.8157330092652	0.03673099999991791	epochs	2.0
1950.8157330092652	0.018404299999929208	epochs	3.0
1950.834137309265	0.018326699999988705	epochs	3.0
1950.852464009265	0.03642290000016146	epochs	2.0
1950.852464009265	0.018249599999990096	epochs	3.0
1950.870713609265	0.018173300000171366	epochs	3.0
1950.8888869092652	0.036120099999834565	epochs	2.0
1950.8888869092652	0.01809759999991911	epochs	3.0
1950.9069845092652	0.018022499999915453	epochs	3.0
1950.925007009265	0.035822100000132195	epochs	2.0
1950.925007009265	0.017947900000081063	epochs	3.0
1950.9429549092652	0.017874200000051133	epochs	3.0
1950.9608291092652	0.03552899999999681	epochs	2.0
1950.9608291092652	0.017800800000031813	epochs	3.0
1950.9786299092652	0.017728199999965	epochs	3.0
1950.9963581092652	0.03524070000003121	epochs	2.0
1950.9963581092652	0.01765609999984008	epochs	3.0
1951.014014209265	0.01758460000019113	epochs	3.0
1951.0315988092652	0.03495709999992869	epochs	2.0
1951.0315988092652	0.017513699999881283	epochs	3.0
1951.0491125092651	0.017443400000047404	epochs	3.0
1951.0665559092652	0.034677899999906	epochs	2.0
1951.0665559092652	0.017373599999928047	epochs	3.0
1951.083929509265	0.017304299999977957	epochs	3.0
1951.101233809265	0.03440330000012182	epochs	2.0
1951.101233809265	0.017235700000128418	epochs	3.0
1951.1184695092652	0.0171675999999934	epochs	3.0
1951.1356371092652	0.03413279999995211	epochs	2.0
1951.1356371092652	0.01709989999994832	epochs	3.0
1951.1527370092651	0.017032900000003792	epochs	3.0
1951.1697699092651	0.03386670000008962	epochs	2.0
1951.1697699092651	0.01696640000000116	epochs	3.0
1951.1867363092651	0.016900300000088464	epochs	3.0
1951.2036366092652	0.03360459999998966	epochs	2.0
1951.2036366092652	0.01683479999996962	epochs	3.0
1951.2204714092652	0.01676980000002004	epochs	3.0
1951.2372412092652	0.033346599999958926	epochs	2.0
1951.2372412092652	0.016705300000012357	epochs	3.0
1951.2539465092652	0.01664129999994657	epochs	3.0
1951.2705878092652	0.03309250000006614	epochs	2.0
1951.2705878092652	0.016577800000050047	epochs	3.0
1951.2871656092652	0.01651470000001609	epochs	3.0
1951.3036803092652	0.03284229999985655	epochs	2.0
1951.3036803092652	0.016452199999775985	epochs	3.0
1951.320132509265	0.016390100000080565	epochs	3.0
1951.336522609265	0.03259570000000167	epochs	2.0
1951.336522609265	0.016328400000020338	epochs	3.0
1951.3528510092651	0.016267299999981333	epochs	3.0
1951.369118309265	0.032352899999978035	epochs	2.0
1951.369118309265	0.016206600000032267	epochs	3.0
1951.3853249092651	0.016146299999945768	epochs	3.0
1951.401471209265	0.032113700000081735	epochs	2.0
1951.401471209265	0.016086600000107865	epochs	3.0
1951.4175578092652	0.01602709999997387	epochs	3.0
1951.4335849092652	0.03187800000000607	epochs	2.0
1951.4335849092652	0.0159681999998611	epochs	3.0
1951.449553109265	0.01590980000014497	epochs	3.0
1951.4654629092652	0.03164569999989908	epochs	2.0
1951.4654629092652	0.015851599999905375	epochs	3.0
1951.481314509265	0.015794099999993705	epochs	3.0
1951.497108609265	0.03141670000013619	epochs	2.0
1951.497108609265	0.015736700000161363	epochs	3.0
1951.5128453092652	0.015679999999974825	epochs	3.0
1951.5285253092652	0.03119109999988723	epochs	2.0
1951.5285253092652	0.015623600000026272	epochs	3.0
1951.5441489092652	0.015567499999860956	epochs	3.0
1951.559716409265	0.03096870000013041	epochs	2.0
1951.559716409265	0.015511999999944237	epochs	3.0
1951.575228409265	0.015456700000186174	epochs	3.0
1951.5906851092652	0.030749499999956242	epochs	2.0
1951.5906851092652	0.015401999999994587	epochs	3.0
1951.6060871092652	0.015347499999961656	epochs	3.0
1951.6214346092652	0.03053320000003623	epochs	2.0
1951.6214346092652	0.015293400000018664	epochs	3.0
1951.6367280092652	0.015239800000017567	epochs	3.0
1951.6519678092652	0.030320099999926242	epochs	2.0
1951.6519678092652	0.015186500000027081	epochs	3.0
1951.6671543092652	0.015133599999899161	epochs	3.0
1951.6822879092651	0.03010990000007041	epochs	2.0
1951.6822879092651	0.015081000000009226	epochs	3.0
1951.6973689092652	0.015028900000061185	epochs	3.0
1951.7123978092652	0.029902499999934662	epochs	2.0
1951.7123978092652	0.014976999999817053	epochs	3.0
1951.727374809265	0.014925500000117609	epochs	3.0
1951.7423003092651	0.029698099999905025	epochs	2.0
1951.7423003092651	0.014874400000053356	epochs	3.0
1951.7571747092652	0.01482369999985167	epochs	3.0
1951.771998409265	0.029496300000118936	epochs	2.0
1951.771998409265	0.014773200000036013	epochs	3.0
1951.786771609265	0.014723100000082923	epochs	3.0
1951.8014947092652	0.029297399999904883	epochs	2.0
1951.8014947092652	0.014673399999992398	epochs	3.0
1951.8161681092652	0.014623999999912485	epochs	3.0
1951.830792109265	0.02910110000016175	epochs	2.0
1951.830792109265	0.014574900000070556	epochs	3.0
1951.8453670092651	0.014526200000091194	epochs	3.0
1951.8598932092652	0.028907399999980044	epochs	2.0
1951.8598932092652	0.01447769999981574	epochs	3.0
1951.874370909265	0.014429700000164303	epochs	3.0
1951.8888006092652	0.028716199999962555	epochs	2.0
1951.8888006092652	0.014381799999910072	epochs	3.0
1951.9031824092651	0.014334400000052483	epochs	3.0
1951.9175168092652	0.02852759999996124	epochs	2.0
1951.9175168092652	0.014287199999898803	epochs	3.0
1951.931804009265	0.014240400000062436	epochs	3.0
1951.9460444092651	0.028341400000044814	epochs	2.0
1951.9460444092651	0.014193799999929979	epochs	3.0
1951.960238209265	0.014147600000114835	epochs	3.0
1951.9743858092652	0.028157700000065233	epochs	2.0
1951.9743858092652	0.014101699999855555	epochs	3.0
1951.988487509265	0.014056000000209679	epochs	3.0
1952.0025435092653	0.02797629999986384	epochs	2.0
1952.0025435092653	0.014010599999892293	epochs	3.0
1952.0165541092651	0.013965699999971548	epochs	3.0
1952.0305198092651	0.027797200000122757	epochs	2.0
1952.0305198092651	0.013920800000050804	epochs	3.0
1952.0444406092652	0.013876400000071953	epochs	3.0
1952.0583170092652	0.027620399999932488	epochs	2.0
1952.0583170092652	0.013832199999797012	epochs	3.0
1952.072149209265	0.013788200000135475	epochs	3.0
1952.0859374092652	0.027445899999975154	epochs	2.0
1952.0859374092652	0.013744599999881757	epochs	3.0
1952.099682009265	0.013701300000093397	epochs	3.0
1952.1133833092651	0.0272735000000921	epochs	2.0
1952.1133833092651	0.013658200000008947	epochs	3.0
1952.1270415092652	0.013615300000083153	epochs	3.0
1952.1406568092652	0.027103399999987232	epochs	2.0
1952.1406568092652	0.01357279999979255	epochs	3.0
1952.154229609265	0.013530600000194681	epochs	3.0
1952.1677602092652	0.026935199999797987	epochs	2.0
1952.1677602092652	0.01348839999991469	epochs	3.0
1952.1812486092651	0.013446799999883297	epochs	3.0
1952.194695409265	0.026769200000217097	epochs	2.0
1952.194695409265	0.013405200000079276	epochs	3.0
1952.208100609265	0.013364000000137821	epochs	3.0
1952.2214646092652	0.026605199999949036	epochs	2.0
1952.2214646092652	0.013322899999820947	epochs	3.0
1952.234787509265	0.013282300000128089	epochs	3.0
1952.2480698092652	0.0264431999999033	epochs	2.0
1952.2480698092652	0.013241699999980483	epochs	3.0
1952.2613115092652	0.013201499999922817	epochs	3.0
1952.274513009265	0.026283200000079887	epochs	2.0
1952.274513009265	0.013161500000023807	epochs	3.0
1952.2876745092651	0.01312170000005608	epochs	3.0
1952.3007962092652	0.026124999999865395	epochs	2.0
1952.3007962092652	0.013082100000019636	epochs	3.0
1952.3138783092652	0.013042899999845758	epochs	3.0
1952.326921209265	0.02596890000017993	epochs	2.0
1952.326921209265	0.01300390000005791	epochs	3.0
1952.339925109265	0.012965000000122018	epochs	3.0
1952.3528901092652	0.025814500000024054	epochs	2.0
1952.3528901092652	0.012926399999969362	epochs	3.0
1952.3658165092652	0.012888100000054692	epochs	3.0
1952.3787046092652	0.025661899999931848	epochs	2.0
1952.3787046092652	0.012849899999991976	epochs	3.0
1952.3915545092652	0.012811999999939871	epochs	3.0
1952.4043665092652	0.025511199999982637	epochs	2.0
1952.4043665092652	0.012774399999898378	epochs	3.0
1952.417140909265	0.012736800000084258	epochs	3.0
1952.4298777092652	0.02536229999986972	epochs	2.0
1952.4298777092652	0.01269969999998466	epochs	3.0
1952.4425774092651	0.01266259999988506	epochs	3.0
1952.455240009265	0.02521500000011656	epochs	2.0
1952.455240009265	0.012625800000023446	epochs	3.0
1952.467865809265	0.012589200000093115	epochs	3.0
1952.4804550092651	0.024584799999956886	epochs	2.0
1952.504345909265	0.5	epochs	-1.0
1952.505039809265	0.504320000000007	epochs	1.0
1953.009359809265	0.4955999999999676	epochs	0.0
1964.8099999427795	0.055039999999962674	epochs	0.0
1964.8099999427795	0.022522400000070775	epochs	1.0
1964.8325223427796	0.009995199999821125	epochs	1.0
1964.8425175427794	0.022522400000070775	epochs	1.0
1964.8650399427795	2.0	epochs	0.0
1966.8650399427795	5.3844799999999395	epochs	0.0
1966.8650399427795	1.0	epochs	1.0
1966.8650660427795	0.5	epochs	-1.0
1967.3650660427795	4.884453899999926	epochs	-1.0
1967.8650399427795	4.3844799999999395	epochs	1.0
1967.8650399427795	4.356753900000058	epochs	-1.0
1967.8650399427795	1.9745872000000873	epochs	2.0
1967.8650399427795	1.0985622000000603	epochs	3.0
1968.9636021427796	0.8760250000000269	epochs	3.0
1969.8396271427796	1.3524075000000266	epochs	2.0
1969.8396271427796	0.7286354999998821	epochs	3.0
1970.5682626427795	0.6237720000001445	epochs	3.0
1971.1920346427796	1.029759199999944	epochs	2.0
1971.1920346427796	0.5453292999998212	epochs	3.0
1971.7373639427794	0.48442990000012287	epochs	3.0
1972.2217938427796	0.027726099999881626	epochs	2.0
1972.2217938427796	0.027726099999881626	epochs	3.0
1972.2495199427794	16.615440000000035	epochs	0.0
1973.3629999160767	0.055039999999962674	epochs	0.0
1973.3629999160767	0.022522400000070775	epochs	1.0
1973.3855223160767	0.009995199999821125	epochs	1.0
1973.3955175160766	0.022522400000070775	epochs	1.0
1973.4180399160766	2.0	epochs	0.0
1975.4180399160766	21.54431999999997	epochs	0.0
1975.4180399160766	1.0	epochs	1.0
1975.4180660160766	0.5	epochs	-1.0
1975.9180660160766	19.999039999999923	epochs	-1.0
1976.4180399160766	20.0	epochs	1.0
1976.4180399160766	4.356753900000058	epochs	-1.0
1976.4180399160766	1.9745872000000873	epochs	2.0
1976.4180399160766	1.0985622000000603	epochs	3.0
1977.5166021160767	0.8760250000000269	epochs	3.0
1978.3926271160767	1.3524075000000266	epochs	2.0
1978.3926271160767	0.7286354999998821	epochs	3.0
1979.1212626160766	0.6237720000001445	epochs	3.0
1979.7450346160767	1.029759199999944	epochs	2.0
1979.7450346160767	0.5453292999998212	epochs	3.0
1980.2903639160766	0.48442990000012287	epochs	3.0
1980.7747938160767	0.8317861999998968	epochs	2.0
1980.7747938160767	0.4357763000000432	epochs	3.0
1981.2105701160767	0.3960098999998536	epochs	3.0
1981.6065800160766	0.6977970000000369	epochs	2.0
1981.6065800160766	0.3628982000000178	epochs	3.0
1981.9694782160766	0.33489880000001904	epochs	3.0
1982.3043770160766	0.601045699999986	epochs	2.0
1982.3043770160766	0.3109123000001546	epochs	3.0
1982.6152893160768	0.29013339999983145	epochs	3.0
1982.9054227160766	0.5278859000000011	epochs	2.0
1982.9054227160766	0.2719586000000618	epochs	3.0
1983.1773813160767	0.25592729999993935	epochs	3.0
1983.4333086160766	0.470619299999953	epochs	2.0
1983.4333086160766	0.241681299999982	epochs	3.0
1983.6749899160766	0.228937999999971	epochs	3.0
1983.9039279160766	0.42457039999999324	epochs	2.0
1983.9039279160766	0.21747140000002219	epochs	3.0
1984.1213993160766	0.20709899999997106	epochs	3.0
1984.3284983160765	0.3867354000001342	epochs	2.0
1984.3284983160765	0.19767110000020693	epochs	3.0
1984.5261694160768	0.18906429999992724	epochs	3.0
1984.7152337160767	0.35509529999990264	epochs	2.0
1984.7152337160767	0.18117589999997108	epochs	3.0
1984.8964096160767	0.17391939999993156	epochs	3.0
1985.0703290160766	0.3282431000000088	epochs	2.0
1985.0703290160766	0.167221900000186	epochs	3.0
1985.2375509160768	0.16102119999982278	epochs	3.0
1985.3985721160766	0.30516800000009425	epochs	2.0
1985.3985721160766	0.15526390000013635	epochs	3.0
1985.5538360160767	0.1499040999999579	epochs	3.0
1985.7037401160767	0.28512529999989056	epochs	2.0
1985.7037401160767	0.1449021000000812	epochs	3.0
1985.8486422160768	0.14022319999980937	epochs	3.0
1985.9888654160766	0.267553800000087	epochs	2.0
1985.9888654160766	0.13583690000018578	epochs	3.0
1986.1247023160768	0.13171689999990122	epochs	3.0
1986.2564192160767	0.252022899999929	epochs	2.0
1986.2564192160767	0.1278393000000051	epochs	3.0
1986.3842585160767	0.1241835999999239	epochs	3.0
1986.5084421160766	0.23819649999995818	epochs	2.0
1986.5084421160766	0.12073110000005727	epochs	3.0
1986.6291732160767	0.11746539999990091	epochs	3.0
1986.7466386160766	0.2258088000000953	epochs	2.0
1986.7466386160766	0.11437190000015107	epochs	3.0
1986.8610105160767	0.11143689999994422	epochs	3.0
1986.9724474160766	0.21464599999990241	epochs	2.0
1986.9724474160766	0.10864889999993466	epochs	3.0
1987.0810963160766	0.10599709999996776	epochs	3.0
1987.1870934160766	0.20453500000007807	epochs	2.0
1987.1870934160766	0.10347150000006877	epochs	3.0
1987.2905649160766	0.1010635000000093	epochs	3.0
1987.3916284160766	0.19533400000000256	epochs	2.0
1987.3916284160766	0.09876510000003691	epochs	3.0
1987.4903935160767	0.09656889999996565	epochs	3.0
1987.5869624160766	0.18692529999998442	epochs	2.0
1987.5869624160766	0.09446830000001682	epochs	3.0
1987.6814307160766	0.09245699999996759	epochs	3.0
1987.7738877160766	0.1792107000001124	epochs	2.0
1987.7738877160766	0.0905296000000817	epochs	3.0
1987.8644173160767	0.08868110000003071	epochs	3.0
1987.9530984160767	0.17210769999996955	epochs	2.0
1987.9530984160767	0.08690630000000965	epochs	3.0
1988.0400047160767	0.0852013999999599	epochs	3.0
1988.1252061160767	0.16554640000003928	epochs	2.0
1988.1252061160767	0.08356189999994967	epochs	3.0
1988.2087680160766	0.08198450000008961	epochs	3.0
1988.2907525160767	0.15946710000002895	epochs	2.0
1988.2907525160767	0.08046539999986635	epochs	3.0
1988.3712179160766	0.0790017000001626	epochs	3.0
1988.4502196160768	0.1538183999998637	epochs	2.0
1988.4502196160768	0.07759009999995214	epochs	3.0
1988.5278097160767	0.07622829999991154	epochs	3.0
1988.6040380160766	0.14855639999996129	epochs	2.0
1988.6040380160766	0.07491329999993468	epochs	3.0
1988.6789513160766	0.0736431000000266	epochs	3.0
1988.7525944160766	0.14364240000008976	epochs	2.0
1988.7525944160766	0.07241500000009182	epochs	3.0
1988.8250094160767	0.07122739999999794	epochs	3.0
1988.8962368160767	0.13904309999998077	epochs	2.0
1988.8962368160767	0.07007799999996678	epochs	3.0
1988.9663148160766	0.06896510000001399	epochs	3.0
1989.0352799160767	0.13472929999988992	epochs	2.0
1989.0352799160767	0.0678871000000072	epochs	3.0
1989.1031670160767	0.06684219999988272	epochs	3.0
1989.1700092160766	0.1306752000000415	epochs	2.0
1989.1700092160766	0.06582910000020092	epochs	3.0
1989.2358383160768	0.06484609999984059	epochs	3.0
1989.3006844160766	0.12685780000015257	epochs	2.0
1989.3006844160766	0.06389200000012352	epochs	3.0
1989.3645764160767	0.06296580000002905	epochs	3.0
1989.4275422160767	0.12325719999989815	epochs	2.0
1989.4275422160767	0.06206579999980022	epochs	3.0
1989.4896080160765	0.06119140000009793	epochs	3.0
1989.5507994160766	0.11985540000000583	epochs	2.0
1989.5507994160766	0.060341099999959624	epochs	3.0
1989.6111405160766	0.059514300000046205	epochs	3.0
1989.6706548160766	0.1166361999999026	epochs	2.0
1989.6706548160766	0.058709599999929196	epochs	3.0
1989.7293644160766	0.057926599999973405	epochs	3.0
1989.7872910160766	0.11358560000007856	epochs	2.0
1989.7872910160766	0.057164200000215715	epochs	3.0
1989.8444552160768	0.05642139999986284	epochs	3.0
1989.9008766160766	0.11069049999991876	epochs	2.0
1989.9008766160766	0.055697900000041045	epochs	3.0
1989.9565745160767	0.05499259999987771	epochs	3.0
1990.0115671160765	0.1079391000000669	epochs	2.0
1990.0115671160765	0.05430490000003374	epochs	3.0
1990.0658720160766	0.05363420000003316	epochs	3.0
1990.1195062160766	0.10532149999994544	epochs	2.0
1990.1195062160766	0.05297999999993408	epochs	3.0
1990.1724862160765	0.052341500000011365	epochs	3.0
1990.2248277160766	0.10282760000018243	epochs	2.0
1990.2248277160766	0.05171810000001642	epochs	3.0
1990.2765458160766	0.05110950000016601	epochs	3.0
1990.3276553160767	0.10044909999987794	epochs	2.0
1990.3276553160767	0.0505148999998255	epochs	3.0
1990.3781702160766	0.04993420000005244	epochs	3.0
1990.4281044160766	0.0981782999999723	epochs	2.0
1990.4281044160766	0.04936659999998483	epochs	3.0
1990.4774710160766	0.04881169999998747	epochs	3.0
1990.5262827160766	0.09600780000005216	epochs	2.0
1990.5262827160766	0.04826920000004975	epochs	3.0
1990.5745519160766	0.04773860000000241	epochs	3.0
1990.6222905160766	0.09393120000004274	epochs	2.0
1990.6222905160766	0.04721949999998287	epochs	3.0
1990.6695100160766	0.046711700000059864	epochs	3.0
1990.7162217160767	0.09194260000003851	epochs	2.0
1990.7162217160767	0.046214599999984785	epochs	3.0
1990.7624363160767	0.045728000000053726	epochs	3.0
1990.8081643160767	0.09003629999983787	epochs	2.0
1990.8081643160767	0.045251499999949374	epochs	3.0
1990.8534158160767	0.04478479999988849	epochs	3.0
1990.8982006160766	0.08820760000003247	epochs	2.0
1990.8982006160766	0.044327800000019124	epochs	3.0
1990.9425284160766	0.04387980000001335	epochs	3.0
1990.9864082160766	0.0864516999999978	epochs	2.0
1990.9864082160766	0.04344100000002982	epochs	3.0
1991.0298492160766	0.04301069999996798	epochs	3.0
1991.0728599160766	0.08476429999996071	epochs	2.0
1991.0728599160766	0.04258900000013455	epochs	3.0
1991.1154489160767	0.042175299999826166	epochs	3.0
1991.1576242160766	0.08314150000001064	epochs	2.0
1991.1576242160766	0.04176970000003166	epochs	3.0
1991.1993939160766	0.041371799999978975	epochs	3.0
1991.2407657160766	0.08157970000002024	epochs	2.0
1991.2407657160766	0.04098140000019157	epochs	3.0
1991.2817471160768	0.04059829999982867	epochs	3.0
1991.3223454160766	0.08007550000002084	epochs	2.0
1991.3223454160766	0.040222300000095856	epochs	3.0
1991.3625677160767	0.03985319999992498	epochs	3.0
1991.4024209160766	0.07862569999997504	epochs	2.0
1991.4024209160766	0.039490800000066884	epochs	3.0
1991.4419117160767	0.03913489999990816	epochs	3.0
1991.4810466160766	0.07722760000001472	epochs	2.0
1991.4810466160766	0.038785400000051595	epochs	3.0
1991.5198320160766	0.03844219999996312	epochs	3.0
1991.5582742160766	0.07587820000003376	epochs	2.0
1991.5582742160766	0.03810480000015559	epochs	3.0
1991.5963790160768	0.037773399999878166	epochs	3.0
1991.6341524160766	0.0745752000000266	epochs	2.0
1991.6341524160766	0.03744770000002973	epochs	3.0
1991.6716001160767	0.03712749999999687	epochs	3.0
1991.7087276160767	0.07331629999998768	epochs	2.0
1991.7087276160767	0.0368129000000863	epochs	3.0
1991.7455405160767	0.036503399999901376	epochs	3.0
1991.7820439160766	0.07209899999998015	epochs	2.0
1991.7820439160766	0.03619909999997617	epochs	3.0
1991.8182430160766	0.03589990000000398	epochs	3.0
1991.8541429160766	0.07092170000009901	epochs	2.0
1991.8541429160766	0.03560560000005353	epochs	3.0
1991.8897485160767	0.03531610000004548	epochs	3.0
1991.9250646160767	0.06978200000003199	epochs	2.0
1991.9250646160767	0.03503120000004856	epochs	3.0
1991.9600958160768	0.03475079999998343	epochs	3.0
1991.9948466160768	0.06867859999988468	epochs	2.0
1991.9948466160768	0.03447510000000875	epochs	3.0
1992.0293217160768	0.03420349999987593	epochs	3.0
1992.0635252160766	0.06760929999995824	epochs	2.0
1992.0635252160766	0.033936199999970995	epochs	3.0
1992.0974614160766	0.033673099999987244	epochs	3.0
1992.1311345160766	0.06657289999998284	epochs	2.0
1992.1311345160766	0.03341399999999339	epochs	3.0
1992.1645485160766	0.033158899999989444	epochs	3.0
1992.1977074160766	0.06556780000005347	epochs	2.0
1992.1977074160766	0.03290770000012344	epochs	3.0
1992.2306151160767	0.032660099999930026	epochs	3.0
1992.2632752160766	0.06459259999996902	epochs	2.0
1992.2632752160766	0.03241640000010193	epochs	3.0
1992.2956916160767	0.032176199999867094	epochs	3.0
1992.3278678160766	0.06364600000006249	epochs	2.0
1992.3278678160766	0.03193959999998697	epochs	3.0
1992.3598074160766	0.03170640000007552	epochs	3.0
1992.3915138160767	0.0627266999999847	epochs	2.0
1992.3915138160767	0.031476599999905375	epochs	3.0
1992.4229904160766	0.03125010000007933	epochs	3.0
1992.4542405160767	0.06183359999999993	epochs	2.0
1992.4542405160767	0.03102689999991526	epochs	3.0
1992.4852674160766	0.030806700000084675	epochs	3.0
1992.5160741160767	0.060965599999917686	epochs	2.0
1992.5160741160767	0.030589799999916067	epochs	3.0
1992.5466639160766	0.030375800000001618	epochs	3.0
1992.5770397160766	0.06012160000000222	epochs	2.0
1992.5770397160766	0.030164900000045236	epochs	3.0
1992.6072046160766	0.02995669999995698	epochs	3.0
1992.6371613160766	0.05930069999999432	epochs	2.0
1992.6371613160766	0.029751600000054168	epochs	3.0
1992.6669129160766	0.029549099999940154	epochs	3.0
1992.6964620160766	0.058501800000158255	epochs	2.0
1992.6964620160766	0.02934940000000097	epochs	3.0
1992.7258114160766	0.029152400000157286	epochs	3.0
1992.7549638160767	0.05772419999993872	epochs	2.0
1992.7549638160767	0.028957999999875028	epochs	3.0
1992.7839218160766	0.02876620000006369	epochs	3.0
1992.8126880160767	0.05696710000006533	epochs	2.0
1992.8126880160767	0.028577000000041153	epochs	3.0
1992.8412650160767	0.028390100000024177	epochs	3.0
1992.8696551160767	0.05622949999997218	epochs	2.0
1992.8696551160767	0.028205699999944045	epochs	3.0
1992.8978608160767	0.028023800000028132	epochs	3.0
1992.9258846160767	0.05551070000001346	epochs	2.0
1992.9258846160767	0.027843999999959124	epochs	3.0
1992.9537286160767	0.027666700000054334	epochs	3.0
1992.9813953160767	0.054810200000019904	epochs	2.0
1992.9813953160767	0.02749149999999645	epochs	3.0
1993.0088868160767	0.027318700000023455	epochs	3.0
1993.0362055160767	0.054126999999880354	epochs	2.0
1993.0362055160767	0.027147799999966082	epochs	3.0
1993.0633533160767	0.026979199999914272	epochs	3.0
1993.0903325160766	0.053460699999959616	epochs	2.0
1993.0903325160766	0.026812600000084785	epochs	3.0
1993.1171451160767	0.02664809999987483	epochs	3.0
1993.1437932160766	0.05281070000000909	epochs	2.0
1993.1437932160766	0.026485600000114573	epochs	3.0
1993.1702788160767	0.02632509999989452	epochs	3.0
1993.1966039160766	0.05217620000007628	epochs	2.0
1993.1966039160766	0.026166399999965506	epochs	3.0
1993.2227703160765	0.026009800000110772	epochs	3.0
1993.2487801160767	0.051556699999991906	epochs	2.0
1993.2487801160767	0.025854799999933675	epochs	3.0
1993.2746349160766	0.02570190000005823	epochs	3.0
1993.3003368160767	0.05095189999997274	epochs	2.0
1993.3003368160767	0.025550699999939752	epochs	3.0
1993.3258875160766	0.025401200000032986	epochs	3.0
1993.3512887160766	0.05036100000006627	epochs	2.0
1993.3512887160766	0.025253499999962514	epochs	3.0
1993.3765422160766	0.025107500000103755	epochs	3.0
1993.4016497160767	0.04978379999988647	epochs	2.0
1993.4016497160767	0.02496320000000196	epochs	3.0
1993.4266129160767	0.024820599999884507	epochs	3.0
1993.4514335160766	0.04921950000016295	epochs	2.0
1993.4514335160766	0.024679399999968155	epochs	3.0
1993.4761129160765	0.024540100000194798	epochs	3.0
1993.5006530160767	0.04866789999982757	epochs	2.0
1993.5006530160767	0.024402099999861093	epochs	3.0
1993.5250551160766	0.024265799999966475	epochs	3.0
1993.5493209160766	0.04812860000015462	epochs	2.0
1993.5493209160766	0.024131000000124914	epochs	3.0
1993.5734519160767	0.023997600000029706	epochs	3.0
1993.5974495160767	0.04760109999983797	epochs	2.0
1993.5974495160767	0.02386579999983951	epochs	3.0
1993.6213153160766	0.02373529999999846	epochs	3.0
1993.6450506160766	0.04708500000015192	epochs	2.0
1993.6450506160766	0.023606300000210467	epochs	3.0
1993.6686569160768	0.023478699999941455	epochs	3.0
1993.6921356160767	0.046579999999948996	epochs	2.0
1993.6921356160767	0.023352499999873544	epochs	3.0
1993.7154881160766	0.02322750000007545	epochs	3.0
1993.7387156160767	0.046085700000048746	epochs	2.0
1993.7387156160767	0.023104000000103042	epochs	3.0
1993.7618196160768	0.022981699999945704	epochs	3.0
1993.7848013160767	0.045601799999985815	epochs	2.0
1993.7848013160767	0.02286069999991014	epochs	3.0
1993.8076620160766	0.022741100000075676	epochs	3.0
1993.8304031160767	0.045127899999897636	epochs	2.0
1993.8304031160767	0.022622499999897627	epochs	3.0
1993.8530256160766	0.02250540000000001	epochs	3.0
1993.8755310160766	0.0446638000000803	epochs	2.0
1993.8755310160766	0.02238929999998618	epochs	3.0
1993.8979203160766	0.022274500000094122	epochs	3.0
1993.9201948160767	0.04420920000006845	epochs	2.0
1993.9201948160767	0.022160799999937808	epochs	3.0
1993.9423556160766	0.02204840000013064	epochs	3.0
1993.9644040160767	0.04376359999992019	epochs	2.0
1993.9644040160767	0.02193689999990056	epochs	3.0
1993.9863409160766	0.021826700000019628	epochs	3.0
1994.0081676160767	0.04332709999994222	epochs	2.0
1994.0081676160767	0.02171760000010181	epochs	3.0
1994.0298852160768	0.02160949999984041	epochs	3.0
1994.0514947160766	0.04289900000003399	epochs	2.0
1994.0514947160766	0.02150249999999687	epochs	3.0
1994.0729972160766	0.021396500000037122	epochs	3.0
1994.0943937160766	0.04247950000012679	epochs	2.0
1994.0943937160766	0.021291700000119818	epochs	3.0
1994.1156854160768	0.021187800000006973	epochs	3.0
1994.1368732160768	0.04206789999989269	epochs	2.0
1994.1368732160768	0.02108490000000529	epochs	3.0
1994.1579581160768	0.020982999999887397	epochs	3.0
1994.1789411160767	0.04166439999994509	epochs	2.0
1994.1789411160767	0.020882199999959994	epochs	3.0
1994.1998233160766	0.020782199999985096	epochs	3.0
1994.2206055160766	0.04126850000011473	epochs	2.0
1994.2206055160766	0.020683299999973315	epochs	3.0
1994.2412888160766	0.020585200000141413	epochs	3.0
1994.2618740160767	0.04088000000001557	epochs	2.0
1994.2618740160767	0.020488099999965925	epochs	3.0
1994.2823621160767	0.020391900000049645	epochs	3.0
1994.3027540160767	0.04049880000002304	epochs	2.0
1994.3027540160767	0.020296599999937825	epochs	3.0
1994.3230506160767	0.020202200000085213	epochs	3.0
1994.3432528160768	0.040124599999899146	epochs	2.0
1994.3432528160768	0.020108699999809687	epochs	3.0
1994.3633615160766	0.02001590000008946	epochs	3.0
1994.3833774160767	0.03975730000001931	epochs	2.0
1994.3833774160767	0.019924200000104975	epochs	3.0
1994.4033016160768	0.01983309999991434	epochs	3.0
1994.4231347160767	0.03939669999999751	epochs	2.0
1994.4231347160767	0.01974300000006224	epochs	3.0
1994.4428777160767	0.01965369999993527	epochs	3.0
1994.4625314160767	0.03904239999997117	epochs	2.0
1994.4625314160767	0.019565099999908853	epochs	3.0
1994.4820965160766	0.019477300000062314	epochs	3.0
1994.5015738160766	0.038694600000098944	epochs	2.0
1994.5015738160766	0.019390400000020236	epochs	3.0
1994.5209642160767	0.01930420000007871	epochs	3.0
1994.5402684160767	0.038352899999836154	epochs	2.0
1994.5402684160767	0.019218799999862313	epochs	3.0
1994.5594872160766	0.01913409999997384	epochs	3.0
1994.5786213160766	0.03801720000001296	epochs	2.0
1994.5786213160766	0.019050200000037876	epochs	3.0
1994.5976715160766	0.018966999999975087	epochs	3.0
1994.6166385160766	0.03768720000016401	epochs	2.0
1994.6166385160766	0.01888450000001285	epochs	3.0
1994.6355230160766	0.018802700000151162	epochs	3.0
1994.6543257160768	0.03736309999999321	epochs	2.0
1994.6543257160768	0.018721700000014607	epochs	3.0
1994.6730474160768	0.018641399999978603	epochs	3.0
1994.6916888160767	0.03704429999993408	epochs	2.0
1994.6916888160767	0.018561599999884493	epochs	3.0
1994.7102504160766	0.01848270000004959	epochs	3.0
1994.7287331160767	0.03673099999991791	epochs	2.0
1994.7287331160767	0.018404299999929208	epochs	3.0
1994.7471374160766	0.018326699999988705	epochs	3.0
1994.7654641160766	0.03642290000016146	epochs	2.0
1994.7654641160766	0.018249599999990096	epochs	3.0
1994.7837137160766	0.018173300000171366	epochs	3.0
1994.8018870160768	0.036120099999834565	epochs	2.0
1994.8018870160768	0.01809759999991911	epochs	3.0
1994.8199846160767	0.018022499999915453	epochs	3.0
1994.8380071160766	0.035822100000132195	epochs	2.0
1994.8380071160766	0.017947900000081063	epochs	3.0
1994.8559550160767	0.017874200000051133	epochs	3.0
1994.8738292160767	0.03552899999999681	epochs	2.0
1994.8738292160767	0.017800800000031813	epochs	3.0
1994.8916300160768	0.017728199999965	epochs	3.0
1994.9093582160767	0.03524070000003121	epochs	2.0
1994.9093582160767	0.01765609999984008	epochs	3.0
1994.9270143160766	0.01758460000019113	epochs	3.0
1994.9445989160768	0.03495709999992869	epochs	2.0
1994.9445989160768	0.017513699999881283	epochs	3.0
1994.9621126160766	0.017443400000047404	epochs	3.0
1994.9795560160767	0.034677899999906	epochs	2.0
1994.9795560160767	0.017373599999928047	epochs	3.0
1994.9969296160766	0.017304299999977957	epochs	3.0
1995.0142339160766	0.03440330000012182	epochs	2.0
1995.0142339160766	0.017235700000128418	epochs	3.0
1995.0314696160767	0.0171675999999934	epochs	3.0
1995.0486372160767	0.03413279999995211	epochs	2.0
1995.0486372160767	0.01709989999994832	epochs	3.0
1995.0657371160767	0.017032900000003792	epochs	3.0
1995.0827700160767	0.03386670000008962	epochs	2.0
1995.0827700160767	0.01696640000000116	epochs	3.0
1995.0997364160767	0.016900300000088464	epochs	3.0
1995.1166367160768	0.03360459999998966	epochs	2.0
1995.1166367160768	0.01683479999996962	epochs	3.0
1995.1334715160767	0.01676980000002004	epochs	3.0
1995.1502413160767	0.033346599999958926	epochs	2.0
1995.1502413160767	0.016705300000012357	epochs	3.0
1995.1669466160768	0.01664129999994657	epochs	3.0
1995.1835879160767	0.03309250000006614	epochs	2.0
1995.1835879160767	0.016577800000050047	epochs	3.0
1995.2001657160768	0.01651470000001609	epochs	3.0
1995.2166804160768	0.03284229999985655	epochs	2.0
1995.2166804160768	0.016452199999775985	epochs	3.0
1995.2331326160765	0.016390100000080565	epochs	3.0
1995.2495227160766	0.03259570000000167	epochs	2.0
1995.2495227160766	0.016328400000020338	epochs	3.0
1995.2658511160766	0.016267299999981333	epochs	3.0
1995.2821184160766	0.032352899999978035	epochs	2.0
1995.2821184160766	0.016206600000032267	epochs	3.0
1995.2983250160767	0.016146299999945768	epochs	3.0
1995.3144713160766	0.032113700000081735	epochs	2.0
1995.3144713160766	0.016086600000107865	epochs	3.0
1995.3305579160767	0.01602709999997387	epochs	3.0
1995.3465850160767	0.03187800000000607	epochs	2.0
1995.3465850160767	0.0159681999998611	epochs	3.0
1995.3625532160765	0.01590980000014497	epochs	3.0
1995.3784630160767	0.03164569999989908	epochs	2.0
1995.3784630160767	0.015851599999905375	epochs	3.0
1995.3943146160766	0.015794099999993705	epochs	3.0
1995.4101087160766	0.03141670000013619	epochs	2.0
1995.4101087160766	0.015736700000161363	epochs	3.0
1995.4258454160768	0.015679999999974825	epochs	3.0
1995.4415254160767	0.03119109999988723	epochs	2.0
1995.4415254160767	0.015623600000026272	epochs	3.0
1995.4571490160768	0.015567499999860956	epochs	3.0
1995.4727165160766	0.03096870000013041	epochs	2.0
1995.4727165160766	0.015511999999944237	epochs	3.0
1995.4882285160766	0.015456700000186174	epochs	3.0
1995.5036852160767	0.030749499999956242	epochs	2.0
1995.5036852160767	0.015401999999994587	epochs	3.0
1995.5190872160767	0.015347499999961656	epochs	3.0
1995.5344347160767	0.03053320000003623	epochs	2.0
1995.5344347160767	0.015293400000018664	epochs	3.0
1995.5497281160767	0.015239800000017567	epochs	3.0
1995.5649679160767	0.030320099999926242	epochs	2.0
1995.5649679160767	0.015186500000027081	epochs	3.0
1995.5801544160768	0.015133599999899161	epochs	3.0
1995.5952880160767	0.03010990000007041	epochs	2.0
1995.5952880160767	0.015081000000009226	epochs	3.0
1995.6103690160767	0.015028900000061185	epochs	3.0
1995.6253979160767	0.029902499999934662	epochs	2.0
1995.6253979160767	0.014976999999817053	epochs	3.0
1995.6403749160766	0.014925500000117609	epochs	3.0
1995.6553004160767	0.029698099999905025	epochs	2.0
1995.6553004160767	0.014874400000053356	epochs	3.0
1995.6701748160767	0.01482369999985167	epochs	3.0
1995.6849985160766	0.029496300000118936	epochs	2.0
1995.6849985160766	0.014773200000036013	epochs	3.0
1995.6997717160766	0.014723100000082923	epochs	3.0
1995.7144948160767	0.029297399999904883	epochs	2.0
1995.7144948160767	0.014673399999992398	epochs	3.0
1995.7291682160767	0.014623999999912485	epochs	3.0
1995.7437922160766	0.02910110000016175	epochs	2.0
1995.7437922160766	0.014574900000070556	epochs	3.0
1995.7583671160767	0.014526200000091194	epochs	3.0
1995.7728933160768	0.028907399999980044	epochs	2.0
1995.7728933160768	0.01447769999981574	epochs	3.0
1995.7873710160766	0.014429700000164303	epochs	3.0
1995.8018007160767	0.028716199999962555	epochs	2.0
1995.8018007160767	0.014381799999910072	epochs	3.0
1995.8161825160767	0.014334400000052483	epochs	3.0
1995.8305169160767	0.02852759999996124	epochs	2.0
1995.8305169160767	0.014287199999898803	epochs	3.0
1995.8448041160766	0.014240400000062436	epochs	3.0
1995.8590445160767	0.028341400000044814	epochs	2.0
1995.8590445160767	0.014193799999929979	epochs	3.0
1995.8732383160766	0.014147600000114835	epochs	3.0
1995.8873859160767	0.028157700000065233	epochs	2.0
1995.8873859160767	0.014101699999855555	epochs	3.0
1995.9014876160766	0.014056000000209679	epochs	3.0
1995.9155436160768	0.02797629999986384	epochs	2.0
1995.9155436160768	0.014010599999892293	epochs	3.0
1995.9295542160767	0.013965699999971548	epochs	3.0
1995.9435199160766	0.027797200000122757	epochs	2.0
1995.9435199160766	0.013920800000050804	epochs	3.0
1995.9574407160767	0.013876400000071953	epochs	3.0
1995.9713171160768	0.027620399999932488	epochs	2.0
1995.9713171160768	0.013832199999797012	epochs	3.0
1995.9851493160766	0.013788200000135475	epochs	3.0
1995.9989375160767	0.027445899999975154	epochs	2.0
1995.9989375160767	0.013744599999881757	epochs	3.0
1996.0126821160766	0.013701300000093397	epochs	3.0
1996.0263834160767	0.0272735000000921	epochs	2.0
1996.0263834160767	0.013658200000008947	epochs	3.0
1996.0400416160767	0.013615300000083153	epochs	3.0
1996.0536569160768	0.027103399999987232	epochs	2.0
1996.0536569160768	0.01357279999979255	epochs	3.0
1996.0672297160766	0.013530600000194681	epochs	3.0
1996.0807603160767	0.026935199999797987	epochs	2.0
1996.0807603160767	0.01348839999991469	epochs	3.0
1996.0942487160767	0.013446799999883297	epochs	3.0
1996.1076955160765	0.026769200000217097	epochs	2.0
1996.1076955160765	0.013405200000079276	epochs	3.0
1996.1211007160766	0.013364000000137821	epochs	3.0
1996.1344647160768	0.026605199999949036	epochs	2.0
1996.1344647160768	0.013322899999820947	epochs	3.0
1996.1477876160766	0.013282300000128089	epochs	3.0
1996.1610699160767	0.0264431999999033	epochs	2.0
1996.1610699160767	0.013241699999980483	epochs	3.0
1996.1743116160767	0.013201499999922817	epochs	3.0
1996.1875131160766	0.026283200000079887	epochs	2.0
1996.1875131160766	0.013161500000023807	epochs	3.0
1996.2006746160766	0.01312170000005608	epochs	3.0
1996.2137963160767	0.026124999999865395	epochs	2.0
1996.2137963160767	0.013082100000019636	epochs	3.0
1996.2268784160767	0.013042899999845758	epochs	3.0
1996.2399213160766	0.02596890000017993	epochs	2.0
1996.2399213160766	0.01300390000005791	epochs	3.0
1996.2529252160766	0.012965000000122018	epochs	3.0
1996.2658902160767	0.025814500000024054	epochs	2.0
1996.2658902160767	0.012926399999969362	epochs	3.0
1996.2788166160767	0.012888100000054692	epochs	3.0
1996.2917047160768	0.025661899999931848	epochs	2.0
1996.2917047160768	0.012849899999991976	epochs	3.0
1996.3045546160768	0.012811999999939871	epochs	3.0
1996.3173666160767	0.025511199999982637	epochs	2.0
1996.3173666160767	0.012774399999898378	epochs	3.0
1996.3301410160766	0.012736800000084258	epochs	3.0
1996.3428778160767	0.02536229999986972	epochs	2.0
1996.3428778160767	0.01269969999998466	epochs	3.0
1996.3555775160767	0.01266259999988506	epochs	3.0
1996.3682401160765	0.02521500000011656	epochs	2.0
1996.3682401160765	0.012625800000023446	epochs	3.0
1996.3808659160766	0.012589200000093115	epochs	3.0
1996.3934551160767	0.024584799999956886	epochs	2.0
1996.4171060160766	0.5	epochs	-1.0
1996.4180399160766	0.5443199999999706	epochs	1.0
1996.9623599160766	0.455600000000004	epochs	0.0
1998.0809998512268	0.055039999999962674	epochs	0.0
1998.0809998512268	0.022522400000070775	epochs	1.0
1998.1035222512269	0.009995199999821125	epochs	1.0
1998.1135174512267	0.022522400000070775	epochs	1.0
1998.1360398512268	2.0	epochs	0.0
2000.1360398512268	21.504400000000032	epochs	0.0
2000.1360398512268	1.0	epochs	1.0
2000.1360659512268	0.5	epochs	-1.0
2000.6360659512268	19.999039999999923	epochs	-1.0
2001.1360398512268	20.0	epochs	1.0
2001.1360398512268	4.356753900000058	epochs	-1.0
2001.1360398512268	1.9745872000000873	epochs	2.0
2001.1360398512268	1.0985622000000603	epochs	3.0
2002.2346020512268	0.8760250000000269	epochs	3.0
2003.1106270512269	1.3524075000000266	epochs	2.0
2003.1106270512269	0.7286354999998821	epochs	3.0
2003.8392625512267	0.6237720000001445	epochs	3.0
2004.4630345512269	1.029759199999944	epochs	2.0
2004.4630345512269	0.5453292999998212	epochs	3.0
2005.0083638512267	0.48442990000012287	epochs	3.0
2005.4927937512268	0.8317861999998968	epochs	2.0
2005.4927937512268	0.4357763000000432	epochs	3.0
2005.9285700512269	0.3960098999998536	epochs	3.0
2006.3245799512267	0.6977970000000369	epochs	2.0
2006.3245799512267	0.3628982000000178	epochs	3.0
2006.6874781512267	0.33489880000001904	epochs	3.0
2007.0223769512268	0.601045699999986	epochs	2.0
2007.0223769512268	0.3109123000001546	epochs	3.0
2007.333289251227	0.29013339999983145	epochs	3.0
2007.6234226512267	0.5278859000000011	epochs	2.0
2007.6234226512267	0.2719586000000618	epochs	3.0
2007.8953812512268	0.25592729999993935	epochs	3.0
2008.1513085512267	0.470619299999953	epochs	2.0
2008.1513085512267	0.241681299999982	epochs	3.0
2008.3929898512267	0.228937999999971	epochs	3.0
2008.6219278512267	0.42457039999999324	epochs	2.0
2008.6219278512267	0.21747140000002219	epochs	3.0
2008.8393992512267	0.20709899999997106	epochs	3.0
2009.0464982512267	0.3867354000001342	epochs	2.0
2009.0464982512267	0.19767110000020693	epochs	3.0
2009.244169351227	0.18906429999992724	epochs	3.0
2009.4332336512268	0.35509529999990264	epochs	2.0
2009.4332336512268	0.18117589999997108	epochs	3.0
2009.6144095512268	0.17391939999993156	epochs	3.0
2009.7883289512267	0.3282431000000088	epochs	2.0
2009.7883289512267	0.167221900000186	epochs	3.0
2009.955550851227	0.16102119999982278	epochs	3.0
2010.1165720512267	0.30516800000009425	epochs	2.0
2010.1165720512267	0.15526390000013635	epochs	3.0
2010.2718359512269	0.1499040999999579	epochs	3.0
2010.4217400512268	0.28512529999989056	epochs	2.0
2010.4217400512268	0.1449021000000812	epochs	3.0
2010.566642151227	0.14022319999980937	epochs	3.0
2010.7068653512267	0.267553800000087	epochs	2.0
2010.7068653512267	0.13583690000018578	epochs	3.0
2010.842702251227	0.13171689999990122	epochs	3.0
2010.9744191512268	0.252022899999929	epochs	2.0
2010.9744191512268	0.1278393000000051	epochs	3.0
2011.1022584512268	0.1241835999999239	epochs	3.0
2011.2264420512267	0.23819649999995818	epochs	2.0
2011.2264420512267	0.12073110000005727	epochs	3.0
2011.3471731512268	0.11746539999990091	epochs	3.0
2011.4646385512267	0.2258088000000953	epochs	2.0
2011.4646385512267	0.11437190000015107	epochs	3.0
2011.5790104512268	0.11143689999994422	epochs	3.0
2011.6904473512268	0.21464599999990241	epochs	2.0
2011.6904473512268	0.10864889999993466	epochs	3.0
2011.7990962512267	0.10599709999996776	epochs	3.0
2011.9050933512267	0.20453500000007807	epochs	2.0
2011.9050933512267	0.10347150000006877	epochs	3.0
2012.0085648512268	0.1010635000000093	epochs	3.0
2012.1096283512268	0.19533400000000256	epochs	2.0
2012.1096283512268	0.09876510000003691	epochs	3.0
2012.2083934512268	0.09656889999996565	epochs	3.0
2012.3049623512268	0.18692529999998442	epochs	2.0
2012.3049623512268	0.09446830000001682	epochs	3.0
2012.3994306512268	0.09245699999996759	epochs	3.0
2012.4918876512268	0.1792107000001124	epochs	2.0
2012.4918876512268	0.0905296000000817	epochs	3.0
2012.5824172512268	0.08868110000003071	epochs	3.0
2012.6710983512269	0.17210769999996955	epochs	2.0
2012.6710983512269	0.08690630000000965	epochs	3.0
2012.7580046512269	0.0852013999999599	epochs	3.0
2012.8432060512268	0.16554640000003928	epochs	2.0
2012.8432060512268	0.08356189999994967	epochs	3.0
2012.9267679512268	0.08198450000008961	epochs	3.0
2013.0087524512269	0.15946710000002895	epochs	2.0
2013.0087524512269	0.08046539999986635	epochs	3.0
2013.0892178512267	0.0790017000001626	epochs	3.0
2013.168219551227	0.1538183999998637	epochs	2.0
2013.168219551227	0.07759009999995214	epochs	3.0
2013.2458096512269	0.07622829999991154	epochs	3.0
2013.3220379512268	0.14855639999996129	epochs	2.0
2013.3220379512268	0.07491329999993468	epochs	3.0
2013.3969512512267	0.0736431000000266	epochs	3.0
2013.4705943512267	0.14364240000008976	epochs	2.0
2013.4705943512267	0.07241500000009182	epochs	3.0
2013.5430093512268	0.07122739999999794	epochs	3.0
2013.6142367512268	0.13904309999998077	epochs	2.0
2013.6142367512268	0.07007799999996678	epochs	3.0
2013.6843147512268	0.06896510000001399	epochs	3.0
2013.7532798512268	0.13472929999988992	epochs	2.0
2013.7532798512268	0.0678871000000072	epochs	3.0
2013.8211669512268	0.06684219999988272	epochs	3.0
2013.8880091512267	0.1306752000000415	epochs	2.0
2013.8880091512267	0.06582910000020092	epochs	3.0
2013.953838251227	0.06484609999984059	epochs	3.0
2014.0186843512267	0.12685780000015257	epochs	2.0
2014.0186843512267	0.06389200000012352	epochs	3.0
2014.0825763512269	0.06296580000002905	epochs	3.0
2014.145542151227	0.12325719999989815	epochs	2.0
2014.145542151227	0.06206579999980022	epochs	3.0
2014.2076079512267	0.06119140000009793	epochs	3.0
2014.2687993512268	0.11985540000000583	epochs	2.0
2014.2687993512268	0.060341099999959624	epochs	3.0
2014.3291404512267	0.059514300000046205	epochs	3.0
2014.3886547512268	0.1166361999999026	epochs	2.0
2014.3886547512268	0.058709599999929196	epochs	3.0
2014.4473643512267	0.057926599999973405	epochs	3.0
2014.5052909512267	0.11358560000007856	epochs	2.0
2014.5052909512267	0.057164200000215715	epochs	3.0
2014.562455151227	0.05642139999986284	epochs	3.0
2014.6188765512268	0.11069049999991876	epochs	2.0
2014.6188765512268	0.055697900000041045	epochs	3.0
2014.6745744512268	0.05499259999987771	epochs	3.0
2014.7295670512267	0.1079391000000669	epochs	2.0
2014.7295670512267	0.05430490000003374	epochs	3.0
2014.7838719512267	0.05363420000003316	epochs	3.0
2014.8375061512268	0.10532149999994544	epochs	2.0
2014.8375061512268	0.05297999999993408	epochs	3.0
2014.8904861512267	0.052341500000011365	epochs	3.0
2014.9428276512267	0.10282760000018243	epochs	2.0
2014.9428276512267	0.05171810000001642	epochs	3.0
2014.9945457512267	0.05110950000016601	epochs	3.0
2015.045655251227	0.10044909999987794	epochs	2.0
2015.045655251227	0.0505148999998255	epochs	3.0
2015.0961701512267	0.04993420000005244	epochs	3.0
2015.1461043512268	0.0981782999999723	epochs	2.0
2015.1461043512268	0.04936659999998483	epochs	3.0
2015.1954709512268	0.04881169999998747	epochs	3.0
2015.2442826512267	0.09600780000005216	epochs	2.0
2015.2442826512267	0.04826920000004975	epochs	3.0
2015.2925518512268	0.04773860000000241	epochs	3.0
2015.3402904512268	0.09393120000004274	epochs	2.0
2015.3402904512268	0.04721949999998287	epochs	3.0
2015.3875099512268	0.046711700000059864	epochs	3.0
2015.4342216512268	0.09194260000003851	epochs	2.0
2015.4342216512268	0.046214599999984785	epochs	3.0
2015.4804362512268	0.045728000000053726	epochs	3.0
2015.5261642512269	0.09003629999983787	epochs	2.0
2015.5261642512269	0.045251499999949374	epochs	3.0
2015.5714157512268	0.04478479999988849	epochs	3.0
2015.6162005512267	0.08820760000003247	epochs	2.0
2015.6162005512267	0.044327800000019124	epochs	3.0
2015.6605283512267	0.04387980000001335	epochs	3.0
2015.7044081512267	0.0864516999999978	epochs	2.0
2015.7044081512267	0.04344100000002982	epochs	3.0
2015.7478491512268	0.04301069999996798	epochs	3.0
2015.7908598512267	0.08476429999996071	epochs	2.0
2015.7908598512267	0.04258900000013455	epochs	3.0
2015.8334488512269	0.042175299999826166	epochs	3.0
2015.8756241512267	0.08314150000001064	epochs	2.0
2015.8756241512267	0.04176970000003166	epochs	3.0
2015.9173938512267	0.041371799999978975	epochs	3.0
2015.9587656512267	0.08157970000002024	epochs	2.0
2015.9587656512267	0.04098140000019157	epochs	3.0
2015.999747051227	0.04059829999982867	epochs	3.0
2016.0403453512267	0.08007550000002084	epochs	2.0
2016.0403453512267	0.040222300000095856	epochs	3.0
2016.0805676512268	0.03985319999992498	epochs	3.0
2016.1204208512268	0.07862569999997504	epochs	2.0
2016.1204208512268	0.039490800000066884	epochs	3.0
2016.1599116512268	0.03913489999990816	epochs	3.0
2016.1990465512267	0.07722760000001472	epochs	2.0
2016.1990465512267	0.038785400000051595	epochs	3.0
2016.2378319512268	0.03844219999996312	epochs	3.0
2016.2762741512267	0.07587820000003376	epochs	2.0
2016.2762741512267	0.03810480000015559	epochs	3.0
2016.314378951227	0.037773399999878166	epochs	3.0
2016.3521523512268	0.0745752000000266	epochs	2.0
2016.3521523512268	0.03744770000002973	epochs	3.0
2016.3896000512268	0.03712749999999687	epochs	3.0
2016.4267275512268	0.07331629999998768	epochs	2.0
2016.4267275512268	0.0368129000000863	epochs	3.0
2016.463540451227	0.036503399999901376	epochs	3.0
2016.5000438512268	0.07209899999998015	epochs	2.0
2016.5000438512268	0.03619909999997617	epochs	3.0
2016.5362429512268	0.03589990000000398	epochs	3.0
2016.5721428512268	0.07092170000009901	epochs	2.0
2016.5721428512268	0.03560560000005353	epochs	3.0
2016.6077484512268	0.03531610000004548	epochs	3.0
2016.6430645512269	0.06978200000003199	epochs	2.0
2016.6430645512269	0.03503120000004856	epochs	3.0
2016.678095751227	0.03475079999998343	epochs	3.0
2016.712846551227	0.06867859999988468	epochs	2.0
2016.712846551227	0.03447510000000875	epochs	3.0
2016.747321651227	0.03420349999987593	epochs	3.0
2016.7815251512268	0.06760929999995824	epochs	2.0
2016.7815251512268	0.033936199999970995	epochs	3.0
2016.8154613512268	0.033673099999987244	epochs	3.0
2016.8491344512267	0.06657289999998284	epochs	2.0
2016.8491344512267	0.03341399999999339	epochs	3.0
2016.8825484512267	0.033158899999989444	epochs	3.0
2016.9157073512267	0.06556780000005347	epochs	2.0
2016.9157073512267	0.03290770000012344	epochs	3.0
2016.9486150512269	0.032660099999930026	epochs	3.0
2016.9812751512268	0.06459259999996902	epochs	2.0
2016.9812751512268	0.03241640000010193	epochs	3.0
2017.0136915512269	0.032176199999867094	epochs	3.0
2017.0458677512268	0.06364600000006249	epochs	2.0
2017.0458677512268	0.03193959999998697	epochs	3.0
2017.0778073512267	0.03170640000007552	epochs	3.0
2017.1095137512268	0.0627266999999847	epochs	2.0
2017.1095137512268	0.031476599999905375	epochs	3.0
2017.1409903512267	0.03125010000007933	epochs	3.0
2017.1722404512268	0.06183359999999993	epochs	2.0
2017.1722404512268	0.03102689999991526	epochs	3.0
2017.2032673512267	0.030806700000084675	epochs	3.0
2017.2340740512268	0.060965599999917686	epochs	2.0
2017.2340740512268	0.030589799999916067	epochs	3.0
2017.2646638512267	0.030375800000001618	epochs	3.0
2017.2950396512267	0.06012160000000222	epochs	2.0
2017.2950396512267	0.030164900000045236	epochs	3.0
2017.3252045512268	0.02995669999995698	epochs	3.0
2017.3551612512267	0.05930069999999432	epochs	2.0
2017.3551612512267	0.029751600000054168	epochs	3.0
2017.3849128512268	0.029549099999940154	epochs	3.0
2017.4144619512267	0.058501800000158255	epochs	2.0
2017.4144619512267	0.02934940000000097	epochs	3.0
2017.4438113512267	0.029152400000157286	epochs	3.0
2017.4729637512269	0.05772419999993872	epochs	2.0
2017.4729637512269	0.028957999999875028	epochs	3.0
2017.5019217512267	0.02876620000006369	epochs	3.0
2017.5306879512268	0.05696710000006533	epochs	2.0
2017.5306879512268	0.028577000000041153	epochs	3.0
2017.5592649512269	0.028390100000024177	epochs	3.0
2017.5876550512269	0.05622949999997218	epochs	2.0
2017.5876550512269	0.028205699999944045	epochs	3.0
2017.6158607512268	0.028023800000028132	epochs	3.0
2017.6438845512268	0.05551070000001346	epochs	2.0
2017.6438845512268	0.027843999999959124	epochs	3.0
2017.6717285512268	0.027666700000054334	epochs	3.0
2017.6993952512269	0.054810200000019904	epochs	2.0
2017.6993952512269	0.02749149999999645	epochs	3.0
2017.7268867512269	0.027318700000023455	epochs	3.0
2017.7542054512269	0.054126999999880354	epochs	2.0
2017.7542054512269	0.027147799999966082	epochs	3.0
2017.7813532512268	0.026979199999914272	epochs	3.0
2017.8083324512268	0.053460699999959616	epochs	2.0
2017.8083324512268	0.026812600000084785	epochs	3.0
2017.8351450512268	0.02664809999987483	epochs	3.0
2017.8617931512267	0.05281070000000909	epochs	2.0
2017.8617931512267	0.026485600000114573	epochs	3.0
2017.8882787512268	0.02632509999989452	epochs	3.0
2017.9146038512267	0.05217620000007628	epochs	2.0
2017.9146038512267	0.026166399999965506	epochs	3.0
2017.9407702512267	0.026009800000110772	epochs	3.0
2017.9667800512268	0.051556699999991906	epochs	2.0
2017.9667800512268	0.025854799999933675	epochs	3.0
2017.9926348512267	0.02570190000005823	epochs	3.0
2018.0183367512268	0.05095189999997274	epochs	2.0
2018.0183367512268	0.025550699999939752	epochs	3.0
2018.0438874512267	0.025401200000032986	epochs	3.0
2018.0692886512268	0.05036100000006627	epochs	2.0
2018.0692886512268	0.025253499999962514	epochs	3.0
2018.0945421512267	0.025107500000103755	epochs	3.0
2018.1196496512268	0.04978379999988647	epochs	2.0
2018.1196496512268	0.02496320000000196	epochs	3.0
2018.1446128512268	0.024820599999884507	epochs	3.0
2018.1694334512267	0.04921950000016295	epochs	2.0
2018.1694334512267	0.024679399999968155	epochs	3.0
2018.1941128512267	0.024540100000194798	epochs	3.0
2018.2186529512269	0.04866789999982757	epochs	2.0
2018.2186529512269	0.024402099999861093	epochs	3.0
2018.2430550512267	0.024265799999966475	epochs	3.0
2018.2673208512267	0.04812860000015462	epochs	2.0
2018.2673208512267	0.024131000000124914	epochs	3.0
2018.2914518512268	0.023997600000029706	epochs	3.0
2018.3154494512269	0.04760109999983797	epochs	2.0
2018.3154494512269	0.02386579999983951	epochs	3.0
2018.3393152512267	0.02373529999999846	epochs	3.0
2018.3630505512267	0.04708500000015192	epochs	2.0
2018.3630505512267	0.023606300000210467	epochs	3.0
2018.386656851227	0.023478699999941455	epochs	3.0
2018.4101355512269	0.046579999999948996	epochs	2.0
2018.4101355512269	0.023352499999873544	epochs	3.0
2018.4334880512267	0.02322750000007545	epochs	3.0
2018.4567155512268	0.046085700000048746	epochs	2.0
2018.4567155512268	0.023104000000103042	epochs	3.0
2018.479819551227	0.022981699999945704	epochs	3.0
2018.5028012512269	0.045601799999985815	epochs	2.0
2018.5028012512269	0.02286069999991014	epochs	3.0
2018.5256619512268	0.022741100000075676	epochs	3.0
2018.5484030512268	0.045127899999897636	epochs	2.0
2018.5484030512268	0.022622499999897627	epochs	3.0
2018.5710255512267	0.02250540000000001	epochs	3.0
2018.5935309512267	0.0446638000000803	epochs	2.0
2018.5935309512267	0.02238929999998618	epochs	3.0
2018.6159202512267	0.022274500000094122	epochs	3.0
2018.6381947512268	0.04420920000006845	epochs	2.0
2018.6381947512268	0.022160799999937808	epochs	3.0
2018.6603555512268	0.02204840000013064	epochs	3.0
2018.682403951227	0.04376359999992019	epochs	2.0
2018.682403951227	0.02193689999990056	epochs	3.0
2018.7043408512268	0.021826700000019628	epochs	3.0
2018.7261675512268	0.04332709999994222	epochs	2.0
2018.7261675512268	0.02171760000010181	epochs	3.0
2018.747885151227	0.02160949999984041	epochs	3.0
2018.7694946512268	0.04289900000003399	epochs	2.0
2018.7694946512268	0.02150249999999687	epochs	3.0
2018.7909971512267	0.021396500000037122	epochs	3.0
2018.8123936512268	0.04247950000012679	epochs	2.0
2018.8123936512268	0.021291700000119818	epochs	3.0
2018.833685351227	0.021187800000006973	epochs	3.0
2018.854873151227	0.04206789999989269	epochs	2.0
2018.854873151227	0.02108490000000529	epochs	3.0
2018.875958051227	0.020982999999887397	epochs	3.0
2018.8969410512268	0.04166439999994509	epochs	2.0
2018.8969410512268	0.020882199999959994	epochs	3.0
2018.9178232512268	0.020782199999985096	epochs	3.0
2018.9386054512267	0.04126850000011473	epochs	2.0
2018.9386054512267	0.020683299999973315	epochs	3.0
2018.9592887512267	0.020585200000141413	epochs	3.0
2018.9798739512269	0.04088000000001557	epochs	2.0
2018.9798739512269	0.020488099999965925	epochs	3.0
2019.0003620512268	0.020391900000049645	epochs	3.0
2019.0207539512269	0.04049880000002304	epochs	2.0
2019.0207539512269	0.020296599999937825	epochs	3.0
2019.0410505512268	0.020202200000085213	epochs	3.0
2019.061252751227	0.040124599999899146	epochs	2.0
2019.061252751227	0.020108699999809687	epochs	3.0
2019.0813614512267	0.02001590000008946	epochs	3.0
2019.1013773512268	0.03975730000001931	epochs	2.0
2019.1013773512268	0.019924200000104975	epochs	3.0
2019.121301551227	0.01983309999991434	epochs	3.0
2019.1411346512268	0.03939669999999751	epochs	2.0
2019.1411346512268	0.01974300000006224	epochs	3.0
2019.1608776512269	0.01965369999993527	epochs	3.0
2019.1805313512268	0.03904239999997117	epochs	2.0
2019.1805313512268	0.019565099999908853	epochs	3.0
2019.2000964512267	0.019477300000062314	epochs	3.0
2019.2195737512268	0.038694600000098944	epochs	2.0
2019.2195737512268	0.019390400000020236	epochs	3.0
2019.2389641512268	0.01930420000007871	epochs	3.0
2019.258268351227	0.038352899999836154	epochs	2.0
2019.258268351227	0.019218799999862313	epochs	3.0
2019.2774871512268	0.01913409999997384	epochs	3.0
2019.2966212512267	0.03801720000001296	epochs	2.0
2019.2966212512267	0.019050200000037876	epochs	3.0
2019.3156714512268	0.018966999999975087	epochs	3.0
2019.3346384512267	0.03768720000016401	epochs	2.0
2019.3346384512267	0.01888450000001285	epochs	3.0
2019.3535229512268	0.018802700000151162	epochs	3.0
2019.372325651227	0.03736309999999321	epochs	2.0
2019.372325651227	0.018721700000014607	epochs	3.0
2019.391047351227	0.018641399999978603	epochs	3.0
2019.409688751227	0.03704429999993408	epochs	2.0
2019.409688751227	0.018561599999884493	epochs	3.0
2019.4282503512268	0.01848270000004959	epochs	3.0
2019.4467330512268	0.03673099999991791	epochs	2.0
2019.4467330512268	0.018404299999929208	epochs	3.0
2019.4651373512268	0.018326699999988705	epochs	3.0
2019.4834640512267	0.03642290000016146	epochs	2.0
2019.4834640512267	0.018249599999990096	epochs	3.0
2019.5017136512267	0.018173300000171366	epochs	3.0
2019.519886951227	0.036120099999834565	epochs	2.0
2019.519886951227	0.01809759999991911	epochs	3.0
2019.5379845512268	0.018022499999915453	epochs	3.0
2019.5560070512267	0.035822100000132195	epochs	2.0
2019.5560070512267	0.017947900000081063	epochs	3.0
2019.5739549512268	0.017874200000051133	epochs	3.0
2019.5918291512269	0.03552899999999681	epochs	2.0
2019.5918291512269	0.017800800000031813	epochs	3.0
2019.609629951227	0.017728199999965	epochs	3.0
2019.6273581512269	0.03524070000003121	epochs	2.0
2019.6273581512269	0.01765609999984008	epochs	3.0
2019.6450142512267	0.01758460000019113	epochs	3.0
2019.662598851227	0.03495709999992869	epochs	2.0
2019.662598851227	0.017513699999881283	epochs	3.0
2019.6801125512268	0.017443400000047404	epochs	3.0
2019.6975559512268	0.034677899999906	epochs	2.0
2019.6975559512268	0.017373599999928047	epochs	3.0
2019.7149295512268	0.017304299999977957	epochs	3.0
2019.7322338512267	0.03440330000012182	epochs	2.0
2019.7322338512267	0.017235700000128418	epochs	3.0
2019.7494695512269	0.0171675999999934	epochs	3.0
2019.7666371512269	0.03413279999995211	epochs	2.0
2019.7666371512269	0.01709989999994832	epochs	3.0
2019.7837370512268	0.017032900000003792	epochs	3.0
2019.8007699512268	0.03386670000008962	epochs	2.0
2019.8007699512268	0.01696640000000116	epochs	3.0
2019.8177363512268	0.016900300000088464	epochs	3.0
2019.834636651227	0.03360459999998966	epochs	2.0
2019.834636651227	0.01683479999996962	epochs	3.0
2019.8514714512269	0.01676980000002004	epochs	3.0
2019.868241251227	0.033346599999958926	epochs	2.0
2019.868241251227	0.016705300000012357	epochs	3.0
2019.884946551227	0.01664129999994657	epochs	3.0
2019.9015878512269	0.03309250000006614	epochs	2.0
2019.9015878512269	0.016577800000050047	epochs	3.0
2019.918165651227	0.01651470000001609	epochs	3.0
2019.934680351227	0.03284229999985655	epochs	2.0
2019.934680351227	0.016452199999775985	epochs	3.0
2019.9511325512267	0.016390100000080565	epochs	3.0
2019.9675226512268	0.03259570000000167	epochs	2.0
2019.9675226512268	0.016328400000020338	epochs	3.0
2019.9838510512268	0.016267299999981333	epochs	3.0
2020.0001183512268	0.032352899999978035	epochs	2.0
2020.0001183512268	0.016206600000032267	epochs	3.0
2020.0163249512268	0.016146299999945768	epochs	3.0
2020.0324712512268	0.032113700000081735	epochs	2.0
2020.0324712512268	0.016086600000107865	epochs	3.0
2020.0485578512269	0.01602709999997387	epochs	3.0
2020.0645849512268	0.03187800000000607	epochs	2.0
2020.0645849512268	0.0159681999998611	epochs	3.0
2020.0805531512267	0.01590980000014497	epochs	3.0
2020.0964629512268	0.03164569999989908	epochs	2.0
2020.0964629512268	0.015851599999905375	epochs	3.0
2020.1123145512267	0.015794099999993705	epochs	3.0
2020.1281086512267	0.03141670000013619	epochs	2.0
2020.1281086512267	0.015736700000161363	epochs	3.0
2020.143845351227	0.015679999999974825	epochs	3.0
2020.1595253512269	0.03119109999988723	epochs	2.0
2020.1595253512269	0.015623600000026272	epochs	3.0
2020.175148951227	0.015567499999860956	epochs	3.0
2020.1907164512268	0.03096870000013041	epochs	2.0
2020.1907164512268	0.015511999999944237	epochs	3.0
2020.2062284512267	0.015456700000186174	epochs	3.0
2020.221685151227	0.030749499999956242	epochs	2.0
2020.221685151227	0.015401999999994587	epochs	3.0
2020.237087151227	0.015347499999961656	epochs	3.0
2020.2524346512268	0.03053320000003623	epochs	2.0
2020.2524346512268	0.015293400000018664	epochs	3.0
2020.2677280512269	0.015239800000017567	epochs	3.0
2020.2829678512269	0.030320099999926242	epochs	2.0
2020.2829678512269	0.015186500000027081	epochs	3.0
2020.298154351227	0.015133599999899161	epochs	3.0
2020.3132879512268	0.03010990000007041	epochs	2.0
2020.3132879512268	0.015081000000009226	epochs	3.0
2020.3283689512268	0.015028900000061185	epochs	3.0
2020.3433978512269	0.029902499999934662	epochs	2.0
2020.3433978512269	0.014976999999817053	epochs	3.0
2020.3583748512267	0.014925500000117609	epochs	3.0
2020.3733003512268	0.029698099999905025	epochs	2.0
2020.3733003512268	0.014874400000053356	epochs	3.0
2020.3881747512269	0.01482369999985167	epochs	3.0
2020.4029984512267	0.029496300000118936	epochs	2.0
2020.4029984512267	0.014773200000036013	epochs	3.0
2020.4177716512268	0.014723100000082923	epochs	3.0
2020.4324947512268	0.029297399999904883	epochs	2.0
2020.4324947512268	0.014673399999992398	epochs	3.0
2020.4471681512268	0.014623999999912485	epochs	3.0
2020.4617921512267	0.02910110000016175	epochs	2.0
2020.4617921512267	0.014574900000070556	epochs	3.0
2020.4763670512268	0.014526200000091194	epochs	3.0
2020.490893251227	0.028907399999980044	epochs	2.0
2020.490893251227	0.01447769999981574	epochs	3.0
2020.5053709512267	0.014429700000164303	epochs	3.0
2020.519800651227	0.028716199999962555	epochs	2.0
2020.519800651227	0.014381799999910072	epochs	3.0
2020.5341824512268	0.014334400000052483	epochs	3.0
2020.5485168512269	0.02852759999996124	epochs	2.0
2020.5485168512269	0.014287199999898803	epochs	3.0
2020.5628040512267	0.014240400000062436	epochs	3.0
2020.5770444512268	0.028341400000044814	epochs	2.0
2020.5770444512268	0.014193799999929979	epochs	3.0
2020.5912382512267	0.014147600000114835	epochs	3.0
2020.6053858512269	0.028157700000065233	epochs	2.0
2020.6053858512269	0.014101699999855555	epochs	3.0
2020.6194875512267	0.014056000000209679	epochs	3.0
2020.633543551227	0.02797629999986384	epochs	2.0
2020.633543551227	0.014010599999892293	epochs	3.0
2020.6475541512268	0.013965699999971548	epochs	3.0
2020.6615198512268	0.027797200000122757	epochs	2.0
2020.6615198512268	0.013920800000050804	epochs	3.0
2020.6754406512268	0.013876400000071953	epochs	3.0
2020.689317051227	0.027620399999932488	epochs	2.0
2020.689317051227	0.013832199999797012	epochs	3.0
2020.7031492512267	0.013788200000135475	epochs	3.0
2020.7169374512268	0.027445899999975154	epochs	2.0
2020.7169374512268	0.013744599999881757	epochs	3.0
2020.7306820512267	0.013701300000093397	epochs	3.0
2020.7443833512268	0.0272735000000921	epochs	2.0
2020.7443833512268	0.013658200000008947	epochs	3.0
2020.7580415512268	0.013615300000083153	epochs	3.0
2020.771656851227	0.027103399999987232	epochs	2.0
2020.771656851227	0.01357279999979255	epochs	3.0
2020.7852296512267	0.013530600000194681	epochs	3.0
2020.798760251227	0.026935199999797987	epochs	2.0
2020.798760251227	0.01348839999991469	epochs	3.0
2020.8122486512268	0.013446799999883297	epochs	3.0
2020.8256954512267	0.026769200000217097	epochs	2.0
2020.8256954512267	0.013405200000079276	epochs	3.0
2020.8391006512268	0.013364000000137821	epochs	3.0
2020.852464651227	0.026605199999949036	epochs	2.0
2020.852464651227	0.013322899999820947	epochs	3.0
2020.8657875512267	0.013282300000128089	epochs	3.0
2020.8790698512269	0.0264431999999033	epochs	2.0
2020.8790698512269	0.013241699999980483	epochs	3.0
2020.8923115512268	0.013201499999922817	epochs	3.0
2020.9055130512268	0.026283200000079887	epochs	2.0
2020.9055130512268	0.013161500000023807	epochs	3.0
2020.9186745512268	0.01312170000005608	epochs	3.0
2020.9317962512268	0.026124999999865395	epochs	2.0
2020.9317962512268	0.013082100000019636	epochs	3.0
2020.9448783512269	0.013042899999845758	epochs	3.0
2020.9579212512267	0.02596890000017993	epochs	2.0
2020.9579212512267	0.01300390000005791	epochs	3.0
2020.9709251512268	0.012965000000122018	epochs	3.0
2020.983890151227	0.025814500000024054	epochs	2.0
2020.983890151227	0.012926399999969362	epochs	3.0
2020.9968165512269	0.012888100000054692	epochs	3.0
2021.009704651227	0.025661899999931848	epochs	2.0
2021.009704651227	0.012849899999991976	epochs	3.0
2021.022554551227	0.012811999999939871	epochs	3.0
2021.0353665512268	0.025511199999982637	epochs	2.0
2021.0353665512268	0.012774399999898378	epochs	3.0
2021.0481409512267	0.012736800000084258	epochs	3.0
2021.0608777512268	0.02536229999986972	epochs	2.0
2021.0608777512268	0.01269969999998466	epochs	3.0
2021.0735774512268	0.01266259999988506	epochs	3.0
2021.0862400512267	0.02521500000011656	epochs	2.0
2021.0862400512267	0.012625800000023446	epochs	3.0
2021.0988658512267	0.012589200000093115	epochs	3.0
2021.1114550512268	0.024584799999956886	epochs	2.0
2021.1351059512267	0.5	epochs	-1.0
2021.1360398512268	0.5044000000000324	epochs	1.0
2021.6404398512268	0.49551999999994223	epochs	0.0
2022.781000137329	0.055039999999962674	epochs	0.0
2022.781000137329	0.022522400000070775	epochs	1.0
2022.8035225373292	0.009995199999821125	epochs	1.0
2022.813517737329	0.022522400000070775	epochs	1.0
2022.836040137329	2.0	epochs	0.0
2024.836040137329	21.504320000000007	epochs	0.0
2024.836040137329	1.0	epochs	1.0
2024.836066237329	0.5	epochs	-1.0
2025.336066237329	19.999039999999923	epochs	-1.0
2025.836040137329	20.0	epochs	1.0
2025.836040137329	4.356753900000058	epochs	-1.0
2025.836040137329	1.9745872000000873	epochs	2.0
2025.836040137329	1.0985622000000603	epochs	3.0
2026.9346023373291	0.8760250000000269	epochs	3.0
2027.8106273373292	1.3524075000000266	epochs	2.0
2027.8106273373292	0.7286354999998821	epochs	3.0
2028.539262837329	0.6237720000001445	epochs	3.0
2029.1630348373292	1.029759199999944	epochs	2.0
2029.1630348373292	0.5453292999998212	epochs	3.0
2029.708364137329	0.48442990000012287	epochs	3.0
2030.1927940373291	0.8317861999998968	epochs	2.0
2030.1927940373291	0.4357763000000432	epochs	3.0
2030.6285703373292	0.3960098999998536	epochs	3.0
2031.024580237329	0.6977970000000369	epochs	2.0
2031.024580237329	0.3628982000000178	epochs	3.0
2031.387478437329	0.33489880000001904	epochs	3.0
2031.722377237329	0.601045699999986	epochs	2.0
2031.722377237329	0.3109123000001546	epochs	3.0
2032.0332895373292	0.29013339999983145	epochs	3.0
2032.323422937329	0.5278859000000011	epochs	2.0
2032.323422937329	0.2719586000000618	epochs	3.0
2032.595381537329	0.25592729999993935	epochs	3.0
2032.851308837329	0.470619299999953	epochs	2.0
2032.851308837329	0.241681299999982	epochs	3.0
2033.092990137329	0.228937999999971	epochs	3.0
2033.321928137329	0.42457039999999324	epochs	2.0
2033.321928137329	0.21747140000002219	epochs	3.0
2033.539399537329	0.20709899999997106	epochs	3.0
2033.746498537329	0.3867354000001342	epochs	2.0
2033.746498537329	0.19767110000020693	epochs	3.0
2033.9441696373292	0.18906429999992724	epochs	3.0
2034.1332339373291	0.35509529999990264	epochs	2.0
2034.1332339373291	0.18117589999997108	epochs	3.0
2034.314409837329	0.17391939999993156	epochs	3.0
2034.488329237329	0.3282431000000088	epochs	2.0
2034.488329237329	0.167221900000186	epochs	3.0
2034.6555511373292	0.16102119999982278	epochs	3.0
2034.816572337329	0.30516800000009425	epochs	2.0
2034.816572337329	0.15526390000013635	epochs	3.0
2034.9718362373292	0.1499040999999579	epochs	3.0
2035.1217403373291	0.28512529999989056	epochs	2.0
2035.1217403373291	0.1449021000000812	epochs	3.0
2035.2666424373292	0.14022319999980937	epochs	3.0
2035.406865637329	0.267553800000087	epochs	2.0
2035.406865637329	0.13583690000018578	epochs	3.0
2035.5427025373292	0.13171689999990122	epochs	3.0
2035.674419437329	0.252022899999929	epochs	2.0
2035.674419437329	0.1278393000000051	epochs	3.0
2035.802258737329	0.1241835999999239	epochs	3.0
2035.926442337329	0.23819649999995818	epochs	2.0
2035.926442337329	0.12073110000005727	epochs	3.0
2036.047173437329	0.11746539999990091	epochs	3.0
2036.164638837329	0.2258088000000953	epochs	2.0
2036.164638837329	0.11437190000015107	epochs	3.0
2036.2790107373291	0.11143689999994422	epochs	3.0
2036.390447637329	0.21464599999990241	epochs	2.0
2036.390447637329	0.10864889999993466	epochs	3.0
2036.499096537329	0.10599709999996776	epochs	3.0
2036.605093637329	0.20453500000007807	epochs	2.0
2036.605093637329	0.10347150000006877	epochs	3.0
2036.708565137329	0.1010635000000093	epochs	3.0
2036.809628637329	0.19533400000000256	epochs	2.0
2036.809628637329	0.09876510000003691	epochs	3.0
2036.908393737329	0.09656889999996565	epochs	3.0
2037.004962637329	0.18692529999998442	epochs	2.0
2037.004962637329	0.09446830000001682	epochs	3.0
2037.099430937329	0.09245699999996759	epochs	3.0
2037.191887937329	0.1792107000001124	epochs	2.0
2037.191887937329	0.0905296000000817	epochs	3.0
2037.2824175373291	0.08868110000003071	epochs	3.0
2037.3710986373292	0.17210769999996955	epochs	2.0
2037.3710986373292	0.08690630000000965	epochs	3.0
2037.4580049373292	0.0852013999999599	epochs	3.0
2037.5432063373291	0.16554640000003928	epochs	2.0
2037.5432063373291	0.08356189999994967	epochs	3.0
2037.626768237329	0.08198450000008961	epochs	3.0
2037.7087527373292	0.15946710000002895	epochs	2.0
2037.7087527373292	0.08046539999986635	epochs	3.0
2037.789218137329	0.0790017000001626	epochs	3.0
2037.8682198373292	0.1538183999998637	epochs	2.0
2037.8682198373292	0.07759009999995214	epochs	3.0
2037.9458099373292	0.07622829999991154	epochs	3.0
2038.022038237329	0.14855639999996129	epochs	2.0
2038.022038237329	0.07491329999993468	epochs	3.0
2038.096951537329	0.0736431000000266	epochs	3.0
2038.170594637329	0.14364240000008976	epochs	2.0
2038.170594637329	0.07241500000009182	epochs	3.0
2038.2430096373291	0.07122739999999794	epochs	3.0
2038.3142370373291	0.13904309999998077	epochs	2.0
2038.3142370373291	0.07007799999996678	epochs	3.0
2038.384315037329	0.06896510000001399	epochs	3.0
2038.453280137329	0.13472929999988992	epochs	2.0
2038.453280137329	0.0678871000000072	epochs	3.0
2038.521167237329	0.06684219999988272	epochs	3.0
2038.588009437329	0.1306752000000415	epochs	2.0
2038.588009437329	0.06582910000020092	epochs	3.0
2038.6538385373292	0.06484609999984059	epochs	3.0
2038.718684637329	0.12685780000015257	epochs	2.0
2038.718684637329	0.06389200000012352	epochs	3.0
2038.7825766373292	0.06296580000002905	epochs	3.0
2038.8455424373292	0.12325719999989815	epochs	2.0
2038.8455424373292	0.06206579999980022	epochs	3.0
2038.907608237329	0.06119140000009793	epochs	3.0
2038.968799637329	0.11985540000000583	epochs	2.0
2038.968799637329	0.060341099999959624	epochs	3.0
2039.029140737329	0.059514300000046205	epochs	3.0
2039.088655037329	0.1166361999999026	epochs	2.0
2039.088655037329	0.058709599999929196	epochs	3.0
2039.147364637329	0.057926599999973405	epochs	3.0
2039.205291237329	0.11358560000007856	epochs	2.0
2039.205291237329	0.057164200000215715	epochs	3.0
2039.2624554373292	0.05642139999986284	epochs	3.0
2039.318876837329	0.11069049999991876	epochs	2.0
2039.318876837329	0.055697900000041045	epochs	3.0
2039.374574737329	0.05499259999987771	epochs	3.0
2039.429567337329	0.1079391000000669	epochs	2.0
2039.429567337329	0.05430490000003374	epochs	3.0
2039.483872237329	0.05363420000003316	epochs	3.0
2039.537506437329	0.10532149999994544	epochs	2.0
2039.537506437329	0.05297999999993408	epochs	3.0
2039.590486437329	0.052341500000011365	epochs	3.0
2039.642827937329	0.10282760000018243	epochs	2.0
2039.642827937329	0.05171810000001642	epochs	3.0
2039.694546037329	0.05110950000016601	epochs	3.0
2039.7456555373292	0.10044909999987794	epochs	2.0
2039.7456555373292	0.0505148999998255	epochs	3.0
2039.796170437329	0.04993420000005244	epochs	3.0
2039.846104637329	0.0981782999999723	epochs	2.0
2039.846104637329	0.04936659999998483	epochs	3.0
2039.895471237329	0.04881169999998747	epochs	3.0
2039.944282937329	0.09600780000005216	epochs	2.0
2039.944282937329	0.04826920000004975	epochs	3.0
2039.992552137329	0.04773860000000241	epochs	3.0
2040.040290737329	0.09393120000004274	epochs	2.0
2040.040290737329	0.04721949999998287	epochs	3.0
2040.087510237329	0.046711700000059864	epochs	3.0
2040.1342219373291	0.09194260000003851	epochs	2.0
2040.1342219373291	0.046214599999984785	epochs	3.0
2040.1804365373291	0.045728000000053726	epochs	3.0
2040.2261645373292	0.09003629999983787	epochs	2.0
2040.2261645373292	0.045251499999949374	epochs	3.0
2040.2714160373291	0.04478479999988849	epochs	3.0
2040.316200837329	0.08820760000003247	epochs	2.0
2040.316200837329	0.044327800000019124	epochs	3.0
2040.360528637329	0.04387980000001335	epochs	3.0
2040.404408437329	0.0864516999999978	epochs	2.0
2040.404408437329	0.04344100000002982	epochs	3.0
2040.447849437329	0.04301069999996798	epochs	3.0
2040.490860137329	0.08476429999996071	epochs	2.0
2040.490860137329	0.04258900000013455	epochs	3.0
2040.5334491373292	0.042175299999826166	epochs	3.0
2040.575624437329	0.08314150000001064	epochs	2.0
2040.575624437329	0.04176970000003166	epochs	3.0
2040.617394137329	0.041371799999978975	epochs	3.0
2040.658765937329	0.08157970000002024	epochs	2.0
2040.658765937329	0.04098140000019157	epochs	3.0
2040.6997473373292	0.04059829999982867	epochs	3.0
2040.740345637329	0.08007550000002084	epochs	2.0
2040.740345637329	0.040222300000095856	epochs	3.0
2040.7805679373291	0.03985319999992498	epochs	3.0
2040.820421137329	0.07862569999997504	epochs	2.0
2040.820421137329	0.039490800000066884	epochs	3.0
2040.8599119373291	0.03913489999990816	epochs	3.0
2040.899046837329	0.07722760000001472	epochs	2.0
2040.899046837329	0.038785400000051595	epochs	3.0
2040.937832237329	0.03844219999996312	epochs	3.0
2040.976274437329	0.07587820000003376	epochs	2.0
2040.976274437329	0.03810480000015559	epochs	3.0
2041.0143792373292	0.037773399999878166	epochs	3.0
2041.052152637329	0.0745752000000266	epochs	2.0
2041.052152637329	0.03744770000002973	epochs	3.0
2041.089600337329	0.03712749999999687	epochs	3.0
2041.126727837329	0.07331629999998768	epochs	2.0
2041.126727837329	0.0368129000000863	epochs	3.0
2041.1635407373292	0.036503399999901376	epochs	3.0
2041.200044137329	0.07209899999998015	epochs	2.0
2041.200044137329	0.03619909999997617	epochs	3.0
2041.236243237329	0.03589990000000398	epochs	3.0
2041.272143137329	0.07092170000009901	epochs	2.0
2041.272143137329	0.03560560000005353	epochs	3.0
2041.3077487373291	0.03531610000004548	epochs	3.0
2041.3430648373292	0.06978200000003199	epochs	2.0
2041.3430648373292	0.03503120000004856	epochs	3.0
2041.3780960373292	0.03475079999998343	epochs	3.0
2041.4128468373292	0.06867859999988468	epochs	2.0
2041.4128468373292	0.03447510000000875	epochs	3.0
2041.4473219373292	0.03420349999987593	epochs	3.0
2041.481525437329	0.06760929999995824	epochs	2.0
2041.481525437329	0.033936199999970995	epochs	3.0
2041.515461637329	0.033673099999987244	epochs	3.0
2041.549134737329	0.06657289999998284	epochs	2.0
2041.549134737329	0.03341399999999339	epochs	3.0
2041.582548737329	0.033158899999989444	epochs	3.0
2041.615707637329	0.06556780000005347	epochs	2.0
2041.615707637329	0.03290770000012344	epochs	3.0
2041.6486153373291	0.032660099999930026	epochs	3.0
2041.681275437329	0.06459259999996902	epochs	2.0
2041.681275437329	0.03241640000010193	epochs	3.0
2041.7136918373292	0.032176199999867094	epochs	3.0
2041.745868037329	0.06364600000006249	epochs	2.0
2041.745868037329	0.03193959999998697	epochs	3.0
2041.777807637329	0.03170640000007552	epochs	3.0
2041.809514037329	0.0627266999999847	epochs	2.0
2041.809514037329	0.031476599999905375	epochs	3.0
2041.840990637329	0.03125010000007933	epochs	3.0
2041.872240737329	0.06183359999999993	epochs	2.0
2041.872240737329	0.03102689999991526	epochs	3.0
2041.903267637329	0.030806700000084675	epochs	3.0
2041.934074337329	0.060965599999917686	epochs	2.0
2041.934074337329	0.030589799999916067	epochs	3.0
2041.964664137329	0.030375800000001618	epochs	3.0
2041.995039937329	0.06012160000000222	epochs	2.0
2041.995039937329	0.030164900000045236	epochs	3.0
2042.025204837329	0.02995669999995698	epochs	3.0
2042.055161537329	0.05930069999999432	epochs	2.0
2042.055161537329	0.029751600000054168	epochs	3.0
2042.084913137329	0.029549099999940154	epochs	3.0
2042.114462237329	0.058501800000158255	epochs	2.0
2042.114462237329	0.02934940000000097	epochs	3.0
2042.143811637329	0.029152400000157286	epochs	3.0
2042.1729640373292	0.05772419999993872	epochs	2.0
2042.1729640373292	0.028957999999875028	epochs	3.0
2042.201922037329	0.02876620000006369	epochs	3.0
2042.230688237329	0.05696710000006533	epochs	2.0
2042.230688237329	0.028577000000041153	epochs	3.0
2042.2592652373291	0.028390100000024177	epochs	3.0
2042.2876553373292	0.05622949999997218	epochs	2.0
2042.2876553373292	0.028205699999944045	epochs	3.0
2042.3158610373291	0.028023800000028132	epochs	3.0
2042.3438848373291	0.05551070000001346	epochs	2.0
2042.3438848373291	0.027843999999959124	epochs	3.0
2042.371728837329	0.027666700000054334	epochs	3.0
2042.3993955373292	0.054810200000019904	epochs	2.0
2042.3993955373292	0.02749149999999645	epochs	3.0
2042.4268870373292	0.027318700000023455	epochs	3.0
2042.4542057373292	0.054126999999880354	epochs	2.0
2042.4542057373292	0.027147799999966082	epochs	3.0
2042.4813535373291	0.026979199999914272	epochs	3.0
2042.508332737329	0.053460699999959616	epochs	2.0
2042.508332737329	0.026812600000084785	epochs	3.0
2042.5351453373291	0.02664809999987483	epochs	3.0
2042.561793437329	0.05281070000000909	epochs	2.0
2042.561793437329	0.026485600000114573	epochs	3.0
2042.5882790373291	0.02632509999989452	epochs	3.0
2042.614604137329	0.05217620000007628	epochs	2.0
2042.614604137329	0.026166399999965506	epochs	3.0
2042.640770537329	0.026009800000110772	epochs	3.0
2042.666780337329	0.051556699999991906	epochs	2.0
2042.666780337329	0.025854799999933675	epochs	3.0
2042.692635137329	0.02570190000005823	epochs	3.0
2042.718337037329	0.05095189999997274	epochs	2.0
2042.718337037329	0.025550699999939752	epochs	3.0
2042.743887737329	0.025401200000032986	epochs	3.0
2042.769288937329	0.05036100000006627	epochs	2.0
2042.769288937329	0.025253499999962514	epochs	3.0
2042.794542437329	0.025107500000103755	epochs	3.0
2042.8196499373291	0.04978379999988647	epochs	2.0
2042.8196499373291	0.02496320000000196	epochs	3.0
2042.8446131373291	0.024820599999884507	epochs	3.0
2042.869433737329	0.04921950000016295	epochs	2.0
2042.869433737329	0.024679399999968155	epochs	3.0
2042.894113137329	0.024540100000194798	epochs	3.0
2042.9186532373292	0.04866789999982757	epochs	2.0
2042.9186532373292	0.024402099999861093	epochs	3.0
2042.943055337329	0.024265799999966475	epochs	3.0
2042.967321137329	0.04812860000015462	epochs	2.0
2042.967321137329	0.024131000000124914	epochs	3.0
2042.9914521373291	0.023997600000029706	epochs	3.0
2043.0154497373292	0.04760109999983797	epochs	2.0
2043.0154497373292	0.02386579999983951	epochs	3.0
2043.039315537329	0.02373529999999846	epochs	3.0
2043.063050837329	0.04708500000015192	epochs	2.0
2043.063050837329	0.023606300000210467	epochs	3.0
2043.0866571373292	0.023478699999941455	epochs	3.0
2043.1101358373292	0.046579999999948996	epochs	2.0
2043.1101358373292	0.023352499999873544	epochs	3.0
2043.133488337329	0.02322750000007545	epochs	3.0
2043.156715837329	0.046085700000048746	epochs	2.0
2043.156715837329	0.023104000000103042	epochs	3.0
2043.1798198373292	0.022981699999945704	epochs	3.0
2043.2028015373292	0.045601799999985815	epochs	2.0
2043.2028015373292	0.02286069999991014	epochs	3.0
2043.225662237329	0.022741100000075676	epochs	3.0
2043.2484033373291	0.045127899999897636	epochs	2.0
2043.2484033373291	0.022622499999897627	epochs	3.0
2043.271025837329	0.02250540000000001	epochs	3.0
2043.293531237329	0.0446638000000803	epochs	2.0
2043.293531237329	0.02238929999998618	epochs	3.0
2043.315920537329	0.022274500000094122	epochs	3.0
2043.3381950373291	0.04420920000006845	epochs	2.0
2043.3381950373291	0.022160799999937808	epochs	3.0
2043.360355837329	0.02204840000013064	epochs	3.0
2043.3824042373292	0.04376359999992019	epochs	2.0
2043.3824042373292	0.02193689999990056	epochs	3.0
2043.404341137329	0.021826700000019628	epochs	3.0
2043.426167837329	0.04332709999994222	epochs	2.0
2043.426167837329	0.02171760000010181	epochs	3.0
2043.4478854373292	0.02160949999984041	epochs	3.0
2043.469494937329	0.04289900000003399	epochs	2.0
2043.469494937329	0.02150249999999687	epochs	3.0
2043.490997437329	0.021396500000037122	epochs	3.0
2043.512393937329	0.04247950000012679	epochs	2.0
2043.512393937329	0.021291700000119818	epochs	3.0
2043.5336856373292	0.021187800000006973	epochs	3.0
2043.5548734373292	0.04206789999989269	epochs	2.0
2043.5548734373292	0.02108490000000529	epochs	3.0
2043.5759583373292	0.020982999999887397	epochs	3.0
2043.596941337329	0.04166439999994509	epochs	2.0
2043.596941337329	0.020882199999959994	epochs	3.0
2043.617823537329	0.020782199999985096	epochs	3.0
2043.638605737329	0.04126850000011473	epochs	2.0
2043.638605737329	0.020683299999973315	epochs	3.0
2043.659289037329	0.020585200000141413	epochs	3.0
2043.6798742373292	0.04088000000001557	epochs	2.0
2043.6798742373292	0.020488099999965925	epochs	3.0
2043.7003623373291	0.020391900000049645	epochs	3.0
2043.7207542373292	0.04049880000002304	epochs	2.0
2043.7207542373292	0.020296599999937825	epochs	3.0
2043.741050837329	0.020202200000085213	epochs	3.0
2043.7612530373292	0.040124599999899146	epochs	2.0
2043.7612530373292	0.020108699999809687	epochs	3.0
2043.781361737329	0.02001590000008946	epochs	3.0
2043.801377637329	0.03975730000001931	epochs	2.0
2043.801377637329	0.019924200000104975	epochs	3.0
2043.8213018373292	0.01983309999991434	epochs	3.0
2043.8411349373291	0.03939669999999751	epochs	2.0
2043.8411349373291	0.01974300000006224	epochs	3.0
2043.8608779373292	0.01965369999993527	epochs	3.0
2043.880531637329	0.03904239999997117	epochs	2.0
2043.880531637329	0.019565099999908853	epochs	3.0
2043.900096737329	0.019477300000062314	epochs	3.0
2043.919574037329	0.038694600000098944	epochs	2.0
2043.919574037329	0.019390400000020236	epochs	3.0
2043.938964437329	0.01930420000007871	epochs	3.0
2043.9582686373292	0.038352899999836154	epochs	2.0
2043.9582686373292	0.019218799999862313	epochs	3.0
2043.977487437329	0.01913409999997384	epochs	3.0
2043.996621537329	0.03801720000001296	epochs	2.0
2043.996621537329	0.019050200000037876	epochs	3.0
2044.015671737329	0.018966999999975087	epochs	3.0
2044.034638737329	0.03768720000016401	epochs	2.0
2044.034638737329	0.01888450000001285	epochs	3.0
2044.053523237329	0.018802700000151162	epochs	3.0
2044.0723259373292	0.03736309999999321	epochs	2.0
2044.0723259373292	0.018721700000014607	epochs	3.0
2044.0910476373292	0.018641399999978603	epochs	3.0
2044.1096890373292	0.03704429999993408	epochs	2.0
2044.1096890373292	0.018561599999884493	epochs	3.0
2044.128250637329	0.01848270000004959	epochs	3.0
2044.1467333373291	0.03673099999991791	epochs	2.0
2044.1467333373291	0.018404299999929208	epochs	3.0
2044.165137637329	0.018326699999988705	epochs	3.0
2044.183464337329	0.03642290000016146	epochs	2.0
2044.183464337329	0.018249599999990096	epochs	3.0
2044.201713937329	0.018173300000171366	epochs	3.0
2044.2198872373292	0.036120099999834565	epochs	2.0
2044.2198872373292	0.01809759999991911	epochs	3.0
2044.2379848373291	0.018022499999915453	epochs	3.0
2044.256007337329	0.035822100000132195	epochs	2.0
2044.256007337329	0.017947900000081063	epochs	3.0
2044.2739552373291	0.017874200000051133	epochs	3.0
2044.2918294373292	0.03552899999999681	epochs	2.0
2044.2918294373292	0.017800800000031813	epochs	3.0
2044.3096302373292	0.017728199999965	epochs	3.0
2044.3273584373292	0.03524070000003121	epochs	2.0
2044.3273584373292	0.01765609999984008	epochs	3.0
2044.345014537329	0.01758460000019113	epochs	3.0
2044.3625991373292	0.03495709999992869	epochs	2.0
2044.3625991373292	0.017513699999881283	epochs	3.0
2044.380112837329	0.017443400000047404	epochs	3.0
2044.3975562373291	0.034677899999906	epochs	2.0
2044.3975562373291	0.017373599999928047	epochs	3.0
2044.414929837329	0.017304299999977957	epochs	3.0
2044.432234137329	0.03440330000012182	epochs	2.0
2044.432234137329	0.017235700000128418	epochs	3.0
2044.4494698373292	0.0171675999999934	epochs	3.0
2044.4666374373292	0.03413279999995211	epochs	2.0
2044.4666374373292	0.01709989999994832	epochs	3.0
2044.483737337329	0.017032900000003792	epochs	3.0
2044.500770237329	0.03386670000008962	epochs	2.0
2044.500770237329	0.01696640000000116	epochs	3.0
2044.517736637329	0.016900300000088464	epochs	3.0
2044.5346369373292	0.03360459999998966	epochs	2.0
2044.5346369373292	0.01683479999996962	epochs	3.0
2044.5514717373292	0.01676980000002004	epochs	3.0
2044.5682415373292	0.033346599999958926	epochs	2.0
2044.5682415373292	0.016705300000012357	epochs	3.0
2044.5849468373292	0.01664129999994657	epochs	3.0
2044.6015881373291	0.03309250000006614	epochs	2.0
2044.6015881373291	0.016577800000050047	epochs	3.0
2044.6181659373292	0.01651470000001609	epochs	3.0
2044.6346806373292	0.03284229999985655	epochs	2.0
2044.6346806373292	0.016452199999775985	epochs	3.0
2044.651132837329	0.016390100000080565	epochs	3.0
2044.667522937329	0.03259570000000167	epochs	2.0
2044.667522937329	0.016328400000020338	epochs	3.0
2044.683851337329	0.016267299999981333	epochs	3.0
2044.700118637329	0.032352899999978035	epochs	2.0
2044.700118637329	0.016206600000032267	epochs	3.0
2044.716325237329	0.016146299999945768	epochs	3.0
2044.732471537329	0.032113700000081735	epochs	2.0
2044.732471537329	0.016086600000107865	epochs	3.0
2044.7485581373292	0.01602709999997387	epochs	3.0
2044.7645852373291	0.03187800000000607	epochs	2.0
2044.7645852373291	0.0159681999998611	epochs	3.0
2044.780553437329	0.01590980000014497	epochs	3.0
2044.7964632373291	0.03164569999989908	epochs	2.0
2044.7964632373291	0.015851599999905375	epochs	3.0
2044.812314837329	0.015794099999993705	epochs	3.0
2044.828108937329	0.03141670000013619	epochs	2.0
2044.828108937329	0.015736700000161363	epochs	3.0
2044.8438456373292	0.015679999999974825	epochs	3.0
2044.8595256373292	0.03119109999988723	epochs	2.0
2044.8595256373292	0.015623600000026272	epochs	3.0
2044.8751492373292	0.015567499999860956	epochs	3.0
2044.890716737329	0.03096870000013041	epochs	2.0
2044.890716737329	0.015511999999944237	epochs	3.0
2044.906228737329	0.015456700000186174	epochs	3.0
2044.9216854373292	0.030749499999956242	epochs	2.0
2044.9216854373292	0.015401999999994587	epochs	3.0
2044.9370874373292	0.015347499999961656	epochs	3.0
2044.9524349373291	0.03053320000003623	epochs	2.0
2044.9524349373291	0.015293400000018664	epochs	3.0
2044.9677283373292	0.015239800000017567	epochs	3.0
2044.9829681373292	0.030320099999926242	epochs	2.0
2044.9829681373292	0.015186500000027081	epochs	3.0
2044.9981546373292	0.015133599999899161	epochs	3.0
2045.013288237329	0.03010990000007041	epochs	2.0
2045.013288237329	0.015081000000009226	epochs	3.0
2045.0283692373291	0.015028900000061185	epochs	3.0
2045.0433981373292	0.029902499999934662	epochs	2.0
2045.0433981373292	0.014976999999817053	epochs	3.0
2045.058375137329	0.014925500000117609	epochs	3.0
2045.073300637329	0.029698099999905025	epochs	2.0
2045.073300637329	0.014874400000053356	epochs	3.0
2045.0881750373292	0.01482369999985167	epochs	3.0
2045.102998737329	0.029496300000118936	epochs	2.0
2045.102998737329	0.014773200000036013	epochs	3.0
2045.117771937329	0.014723100000082923	epochs	3.0
2045.1324950373291	0.029297399999904883	epochs	2.0
2045.1324950373291	0.014673399999992398	epochs	3.0
2045.1471684373291	0.014623999999912485	epochs	3.0
2045.161792437329	0.02910110000016175	epochs	2.0
2045.161792437329	0.014574900000070556	epochs	3.0
2045.176367337329	0.014526200000091194	epochs	3.0
2045.1908935373292	0.028907399999980044	epochs	2.0
2045.1908935373292	0.01447769999981574	epochs	3.0
2045.205371237329	0.014429700000164303	epochs	3.0
2045.2198009373292	0.028716199999962555	epochs	2.0
2045.2198009373292	0.014381799999910072	epochs	3.0
2045.234182737329	0.014334400000052483	epochs	3.0
2045.2485171373291	0.02852759999996124	epochs	2.0
2045.2485171373291	0.014287199999898803	epochs	3.0
2045.262804337329	0.014240400000062436	epochs	3.0
2045.277044737329	0.028341400000044814	epochs	2.0
2045.277044737329	0.014193799999929979	epochs	3.0
2045.291238537329	0.014147600000114835	epochs	3.0
2045.3053861373292	0.028157700000065233	epochs	2.0
2045.3053861373292	0.014101699999855555	epochs	3.0
2045.319487837329	0.014056000000209679	epochs	3.0
2045.3335438373292	0.02797629999986384	epochs	2.0
2045.3335438373292	0.014010599999892293	epochs	3.0
2045.347554437329	0.013965699999971548	epochs	3.0
2045.361520137329	0.027797200000122757	epochs	2.0
2045.361520137329	0.013920800000050804	epochs	3.0
2045.3754409373291	0.013876400000071953	epochs	3.0
2045.3893173373292	0.027620399999932488	epochs	2.0
2045.3893173373292	0.013832199999797012	epochs	3.0
2045.403149537329	0.013788200000135475	epochs	3.0
2045.4169377373291	0.027445899999975154	epochs	2.0
2045.4169377373291	0.013744599999881757	epochs	3.0
2045.430682337329	0.013701300000093397	epochs	3.0
2045.444383637329	0.0272735000000921	epochs	2.0
2045.444383637329	0.013658200000008947	epochs	3.0
2045.4580418373291	0.013615300000083153	epochs	3.0
2045.4716571373292	0.027103399999987232	epochs	2.0
2045.4716571373292	0.01357279999979255	epochs	3.0
2045.485229937329	0.013530600000194681	epochs	3.0
2045.4987605373292	0.026935199999797987	epochs	2.0
2045.4987605373292	0.01348839999991469	epochs	3.0
2045.512248937329	0.013446799999883297	epochs	3.0
2045.525695737329	0.026769200000217097	epochs	2.0
2045.525695737329	0.013405200000079276	epochs	3.0
2045.539100937329	0.013364000000137821	epochs	3.0
2045.5524649373292	0.026605199999949036	epochs	2.0
2045.5524649373292	0.013322899999820947	epochs	3.0
2045.565787837329	0.013282300000128089	epochs	3.0
2045.5790701373292	0.0264431999999033	epochs	2.0
2045.5790701373292	0.013241699999980483	epochs	3.0
2045.5923118373291	0.013201499999922817	epochs	3.0
2045.605513337329	0.026283200000079887	epochs	2.0
2045.605513337329	0.013161500000023807	epochs	3.0
2045.618674837329	0.01312170000005608	epochs	3.0
2045.6317965373291	0.026124999999865395	epochs	2.0
2045.6317965373291	0.013082100000019636	epochs	3.0
2045.6448786373292	0.013042899999845758	epochs	3.0
2045.657921537329	0.02596890000017993	epochs	2.0
2045.657921537329	0.01300390000005791	epochs	3.0
2045.670925437329	0.012965000000122018	epochs	3.0
2045.6838904373292	0.025814500000024054	epochs	2.0
2045.6838904373292	0.012926399999969362	epochs	3.0
2045.6968168373292	0.012888100000054692	epochs	3.0
2045.7097049373292	0.025661899999931848	epochs	2.0
2045.7097049373292	0.012849899999991976	epochs	3.0
2045.7225548373292	0.012811999999939871	epochs	3.0
2045.7353668373291	0.025511199999982637	epochs	2.0
2045.7353668373291	0.012774399999898378	epochs	3.0
2045.748141237329	0.012736800000084258	epochs	3.0
2045.7608780373291	0.02536229999986972	epochs	2.0
2045.7608780373291	0.01269969999998466	epochs	3.0
2045.773577737329	0.01266259999988506	epochs	3.0
2045.786240337329	0.02521500000011656	epochs	2.0
2045.786240337329	0.012625800000023446	epochs	3.0
2045.798866137329	0.012589200000093115	epochs	3.0
2045.811455337329	0.024584799999956886	epochs	2.0
2045.835106237329	0.5	epochs	-1.0
2045.836040137329	0.504320000000007	epochs	1.0
2046.340360137329	0.4955999999999676	epochs	0.0
2067.784999847412	0.05504000000019005	epochs	0.0
2067.784999847412	0.022522400000070775	epochs	1.0
2067.807522247412	0.009995200000048499	epochs	1.0
2067.8175174474122	0.022522400000070775	epochs	1.0
2067.8400398474123	2.0	epochs	0.0
2069.8400398474123	0.5045599999998558	epochs	0.0
2069.8400398474123	0.5045599999998558	epochs	1.0
2069.8400659474123	0.5	epochs	-1.0
2070.3400659474123	0.004533899999842106	epochs	-1.0
2070.344599847412	21.49535999999989	epochs	0.0
2071.7249999046326	0.05504000000019005	epochs	0.0
2071.7249999046326	0.022522400000070775	epochs	1.0
2071.7475223046326	0.009995200000048499	epochs	1.0
2071.7575175046327	0.022522400000070775	epochs	1.0
2071.7800399046328	2.0	epochs	0.0
2073.7800399046328	5.384559999999965	epochs	0.0
2073.7800399046328	1.0	epochs	1.0
2073.7800660046328	0.5	epochs	-1.0
2074.2800660046328	4.884533899999951	epochs	-1.0
2074.7800399046328	4.384559999999965	epochs	1.0
2074.7800399046328	4.356753899999603	epochs	-1.0
2074.7800399046328	1.9745871999998599	epochs	2.0
2074.7800399046328	1.098562199999833	epochs	3.0
2075.8786021046326	0.8760250000000269	epochs	3.0
2076.7546271046326	1.3524075000000266	epochs	2.0
2076.7546271046326	0.7286355000001095	epochs	3.0
2077.4832626046327	0.6237719999999172	epochs	3.0
2078.1070346046326	1.0297591999997167	epochs	2.0
2078.1070346046326	0.5453293000000485	epochs	3.0
2078.6523639046327	0.4844298999996681	epochs	3.0
2079.1367938046324	0.027806100000361766	epochs	2.0
2079.1367938046324	0.027806100000361766	epochs	3.0
2079.1645999046327	16.615359999999782	epochs	0.0
2080.330999851227	0.05504000000019005	epochs	0.0
2080.330999851227	0.022522400000070775	epochs	1.0
2080.353522251227	0.009995200000048499	epochs	1.0
2080.363517451227	0.022522400000070775	epochs	1.0
2080.386039851227	2.0	epochs	0.0
2082.386039851227	0.5045599999998558	epochs	0.0
2082.386039851227	0.5045599999998558	epochs	1.0
2082.386065951227	0.5	epochs	-1.0
2082.886065951227	0.004533899999842106	epochs	-1.0
2082.890599851227	21.49535999999989	epochs	0.0
2084.3810000419617	0.05504000000019005	epochs	0.0
2084.3810000419617	0.022522400000070775	epochs	1.0
2084.4035224419617	0.009995200000048499	epochs	1.0
2084.413517641962	0.022522400000070775	epochs	1.0
2084.436040041962	2.0	epochs	0.0
2086.436040041962	21.504320000000007	epochs	0.0
2086.436040041962	1.0	epochs	1.0
2086.436066141962	0.5	epochs	-1.0
2086.936066141962	19.998879999999644	epochs	-1.0
2087.436040041962	20.0	epochs	1.0
2087.436040041962	4.356753899999603	epochs	-1.0
2087.436040041962	1.9745871999998599	epochs	2.0
2087.436040041962	1.098562199999833	epochs	3.0
2088.5346022419617	0.8760250000000269	epochs	3.0
2089.4106272419617	1.3524075000000266	epochs	2.0
2089.4106272419617	0.7286355000001095	epochs	3.0
2090.139262741962	0.6237719999999172	epochs	3.0
2090.7630347419617	1.0297591999997167	epochs	2.0
2090.7630347419617	0.5453293000000485	epochs	3.0
2091.308364041962	0.4844298999996681	epochs	3.0
2091.7927939419615	0.8317862000003515	epochs	2.0
2091.7927939419615	0.43577630000027057	epochs	3.0
2092.2285702419617	0.39600990000008096	epochs	3.0
2092.624580141962	0.6977969999998095	epochs	2.0
2092.624580141962	0.3628982000000178	epochs	3.0
2092.987478341962	0.33489879999979166	epochs	3.0
2093.3223771419616	0.6010457000002134	epochs	2.0
2093.3223771419616	0.3109122999999272	epochs	3.0
2093.6332894419616	0.2901334000002862	epochs	3.0
2093.923422841962	0.5278859000000011	epochs	2.0
2093.923422841962	0.2719585999998344	epochs	3.0
2094.1953814419617	0.2559273000001667	epochs	3.0
2094.451308741962	0.4706192999997256	epochs	2.0
2094.451308741962	0.241681299999982	epochs	3.0
2094.692990041962	0.22893799999974362	epochs	3.0
2094.9219280419616	0.42457039999999324	epochs	2.0
2094.9219280419616	0.21747140000024956	epochs	3.0
2095.139399441962	0.20709899999974368	epochs	3.0
2095.3464984419616	0.3867353999999068	epochs	2.0
2095.3464984419616	0.19767110000020693	epochs	3.0
2095.5441695419618	0.18906429999969987	epochs	3.0
2095.7332338419615	0.3550953000003574	epochs	2.0
2095.7332338419615	0.18117590000019845	epochs	3.0
2095.9144097419617	0.17391940000015893	epochs	3.0
2096.088329141962	0.3282430999997814	epochs	2.0
2096.088329141962	0.16722189999973125	epochs	3.0
2096.2555510419616	0.16102120000005016	epochs	3.0
2096.4165722419616	0.3051679999998669	epochs	2.0
2096.4165722419616	0.15526390000013635	epochs	3.0
2096.5718361419617	0.14990409999973053	epochs	3.0
2096.7217402419615	0.2851253000003453	epochs	2.0
2096.7217402419615	0.14490210000030856	epochs	3.0
2096.866642341962	0.14022320000003674	epochs	3.0
2097.006865541962	0.2675537999998596	epochs	2.0
2097.006865541962	0.1358368999999584	epochs	3.0
2097.142702441962	0.13171689999990122	epochs	3.0
2097.2744193419617	0.25202290000015637	epochs	2.0
2097.2744193419617	0.12783929999977772	epochs	3.0
2097.4022586419615	0.12418360000037865	epochs	3.0
2097.526442241962	0.23819649999995818	epochs	2.0
2097.526442241962	0.1207310999998299	epochs	3.0
2097.6471733419617	0.11746540000012828	epochs	3.0
2097.764638741962	0.22580879999986792	epochs	2.0
2097.764638741962	0.11437189999969632	epochs	3.0
2097.8790106419615	0.11143690000017159	epochs	3.0
2097.9904475419617	0.21464599999990241	epochs	2.0
2097.9904475419617	0.10864889999993466	epochs	3.0
2098.0990964419616	0.10599709999996776	epochs	3.0
2098.2050935419616	0.20453500000030544	epochs	2.0
2098.2050935419616	0.10347150000006877	epochs	3.0
2098.3085650419616	0.10106350000023667	epochs	3.0
2098.409628541962	0.19533400000000256	epochs	2.0
2098.409628541962	0.09876509999958216	epochs	3.0
2098.5083936419614	0.0965689000004204	epochs	3.0
2098.604962541962	0.18692529999998442	epochs	2.0
2098.604962541962	0.09446829999978945	epochs	3.0
2098.6994308419617	0.09245700000019497	epochs	3.0
2098.791887841962	0.17921069999965766	epochs	2.0
2098.791887841962	0.09052959999962695	epochs	3.0
2098.8824174419615	0.08868110000003071	epochs	3.0
2098.9710985419615	0.17210770000019693	epochs	2.0
2098.9710985419615	0.08690630000000965	epochs	3.0
2099.0580048419615	0.08520140000018728	epochs	3.0
2099.1432062419617	0.16554640000003928	epochs	2.0
2099.1432062419617	0.08356189999994967	epochs	3.0
2099.2267681419617	0.08198450000008961	epochs	3.0
2099.3087526419617	0.15946709999980158	epochs	2.0
2099.3087526419617	0.08046539999986635	epochs	3.0
2099.3892180419616	0.07900169999993523	epochs	3.0
2099.4682197419615	0.15381840000009106	epochs	2.0
2099.4682197419615	0.07759010000017952	epochs	3.0
2099.5458098419617	0.07622829999991154	epochs	3.0
2099.6220381419616	0.14855639999996129	epochs	2.0
2099.6220381419616	0.07491329999993468	epochs	3.0
2099.6969514419616	0.0736431000000266	epochs	3.0
2099.7705945419616	0.1436423999998624	epochs	2.0
2099.7705945419616	0.07241500000009182	epochs	3.0
2099.8430095419617	0.07122739999977057	epochs	3.0
2099.9142369419615	0.13904309999998077	epochs	2.0
2099.9142369419615	0.07007800000019415	epochs	3.0
2099.9843149419617	0.06896509999978662	epochs	3.0
2100.0532800419614	0.13472930000034467	epochs	2.0
2100.0532800419614	0.0678871000000072	epochs	3.0
2100.1211671419615	0.06684220000033747	epochs	3.0
2100.188009341962	0.1306752000000415	epochs	2.0
2100.188009341962	0.06582909999997355	epochs	3.0
2100.2538384419618	0.06484610000006796	epochs	3.0
2100.318684541962	0.1268577999999252	epochs	2.0
2100.318684541962	0.06389199999966877	epochs	3.0
2100.3825765419615	0.06296580000025642	epochs	3.0
2100.4455423419618	0.12325719999989815	epochs	2.0
2100.4455423419618	0.06206579999980022	epochs	3.0
2100.5076081419616	0.06119140000009793	epochs	3.0
2100.5687995419617	0.1198554000002332	epochs	2.0
2100.5687995419617	0.060341100000187	epochs	3.0
2100.629140641962	0.059514300000046205	epochs	3.0
2100.688654941962	0.1166361999999026	epochs	2.0
2100.688654941962	0.058709599999929196	epochs	3.0
2100.747364541962	0.057926599999973405	epochs	3.0
2100.805291141962	0.11358560000007856	epochs	2.0
2100.805291141962	0.05716419999998834	epochs	3.0
2100.862455341962	0.056421400000090216	epochs	3.0
2100.918876741962	0.11069049999969138	epochs	2.0
2100.918876741962	0.05569789999981367	epochs	3.0
2100.9745746419617	0.05499259999987771	epochs	3.0
2101.0295672419616	0.10793910000029427	epochs	2.0
2101.0295672419616	0.054304900000261114	epochs	3.0
2101.083872141962	0.05363420000003316	epochs	3.0
2101.137506341962	0.10532149999971807	epochs	2.0
2101.137506341962	0.05297999999993408	epochs	3.0
2101.190486341962	0.05234149999978399	epochs	3.0
2101.2428278419616	0.10282760000018243	epochs	2.0
2101.2428278419616	0.05171810000001642	epochs	3.0
2101.2945459419616	0.05110950000016601	epochs	3.0
2101.3456554419618	0.10044909999987794	epochs	2.0
2101.3456554419618	0.050514900000052876	epochs	3.0
2101.396170341962	0.04993419999982507	epochs	3.0
2101.4461045419616	0.09817830000019967	epochs	2.0
2101.4461045419616	0.0493666000002122	epochs	3.0
2101.495471141962	0.04881169999998747	epochs	3.0
2101.544282841962	0.09600779999982478	epochs	2.0
2101.544282841962	0.04826920000004975	epochs	3.0
2101.592552041962	0.04773859999977503	epochs	3.0
2101.6402906419617	0.09393120000004274	epochs	2.0
2101.6402906419617	0.047219500000210246	epochs	3.0
2101.687510141962	0.04671169999983249	epochs	3.0
2101.7342218419617	0.09194260000003851	epochs	2.0
2101.7342218419617	0.046214599999984785	epochs	3.0
2101.7804364419617	0.045728000000053726	epochs	3.0
2101.8261644419617	0.09003630000006524	epochs	2.0
2101.8261644419617	0.045251499999722	epochs	3.0
2101.8714159419615	0.04478480000034324	epochs	3.0
2101.916200741962	0.0882075999998051	epochs	2.0
2101.916200741962	0.04432779999979175	epochs	3.0
2101.9605285419616	0.04387980000001335	epochs	3.0
2102.0044083419616	0.0864516999999978	epochs	2.0
2102.0044083419616	0.04344100000025719	epochs	3.0
2102.047849341962	0.04301069999974061	epochs	3.0
2102.0908600419616	0.08476430000018809	epochs	2.0
2102.0908600419616	0.04258900000013455	epochs	3.0
2102.1334490419617	0.04217530000005354	epochs	3.0
2102.175624341962	0.08314149999978326	epochs	2.0
2102.175624341962	0.04176969999980429	epochs	3.0
2102.2173940419616	0.041371799999978975	epochs	3.0
2102.2587658419616	0.08157970000002024	epochs	2.0
2102.2587658419616	0.040981399999964196	epochs	3.0
2102.2997472419615	0.04059830000005604	epochs	3.0
2102.3403455419616	0.08007550000002084	epochs	2.0
2102.3403455419616	0.040222300000095856	epochs	3.0
2102.3805678419617	0.03985319999992498	epochs	3.0
2102.4204210419616	0.07862569999997504	epochs	2.0
2102.4204210419616	0.03949079999983951	epochs	3.0
2102.4599118419615	0.03913490000013553	epochs	3.0
2102.4990467419616	0.07722760000024209	epochs	2.0
2102.4990467419616	0.038785400000051595	epochs	3.0
2102.5378321419616	0.038442200000190496	epochs	3.0
2102.576274341962	0.07587819999980638	epochs	2.0
2102.576274341962	0.03810479999992822	epochs	3.0
2102.6143791419618	0.037773399999878166	epochs	3.0
2102.6521525419616	0.07457520000025397	epochs	2.0
2102.6521525419616	0.03744770000002973	epochs	3.0
2102.6896002419617	0.037127500000224245	epochs	3.0
2102.726727741962	0.07331629999998768	epochs	2.0
2102.726727741962	0.03681289999985893	epochs	3.0
2102.7635406419618	0.03650340000012875	epochs	3.0
2102.800044041962	0.07209899999998015	epochs	2.0
2102.800044041962	0.03619909999997617	epochs	3.0
2102.836243141962	0.03589990000000398	epochs	3.0
2102.872143041962	0.07092169999987163	epochs	2.0
2102.872143041962	0.03560559999959878	epochs	3.0
2102.9077486419615	0.035316100000272854	epochs	3.0
2102.9430647419617	0.06978200000003199	epochs	2.0
2102.9430647419617	0.03503120000004856	epochs	3.0
2102.978095941962	0.03475079999998343	epochs	3.0
2103.0128467419618	0.06867860000011206	epochs	2.0
2103.0128467419618	0.03447509999978138	epochs	3.0
2103.0473218419615	0.03420350000033068	epochs	3.0
2103.081525341962	0.06760929999973087	epochs	2.0
2103.081525341962	0.033936199999970995	epochs	3.0
2103.115461541962	0.03367309999975987	epochs	3.0
2103.1491346419616	0.06657290000021021	epochs	2.0
2103.1491346419616	0.03341399999999339	epochs	3.0
2103.1825486419616	0.03315890000021682	epochs	3.0
2103.215707541962	0.06556779999982609	epochs	2.0
2103.215707541962	0.032907699999668694	epochs	3.0
2103.2486152419615	0.0326601000001574	epochs	3.0
2103.2812753419616	0.0645926000001964	epochs	2.0
2103.2812753419616	0.03241639999987456	epochs	3.0
2103.3136917419615	0.03217620000032184	epochs	3.0
2103.345867941962	0.06364599999960774	epochs	2.0
2103.345867941962	0.03193959999998697	epochs	3.0
2103.377807541962	0.03170639999962077	epochs	3.0
2103.4095139419614	0.06272670000043945	epochs	2.0
2103.4095139419614	0.03147660000013275	epochs	3.0
2103.4409905419616	0.0312501000003067	epochs	3.0
2103.472240641962	0.06183359999977256	epochs	2.0
2103.472240641962	0.031026899999687885	epochs	3.0
2103.5032675419616	0.030806700000084675	epochs	3.0
2103.5340742419617	0.06096560000014506	epochs	2.0
2103.5340742419617	0.03058980000014344	epochs	3.0
2103.564664041962	0.030375800000001618	epochs	3.0
2103.595039841962	0.06012160000000222	epochs	2.0
2103.595039841962	0.030164899999817862	epochs	3.0
2103.6252047419616	0.029956700000184355	epochs	3.0
2103.655161441962	0.05930069999976695	epochs	2.0
2103.655161441962	0.029751600000054168	epochs	3.0
2103.684913041962	0.02954909999971278	epochs	3.0
2103.7144621419616	0.058501800000158255	epochs	2.0
2103.7144621419616	0.029349400000228343	epochs	3.0
2103.743811541962	0.029152399999929912	epochs	3.0
2103.7729639419617	0.05772419999993872	epochs	2.0
2103.7729639419617	0.028957999999875028	epochs	3.0
2103.8019219419616	0.02876620000006369	epochs	3.0
2103.8306881419617	0.056967099999837956	epochs	2.0
2103.8306881419617	0.028577000000041153	epochs	3.0
2103.8592651419617	0.028390099999796803	epochs	3.0
2103.8876552419615	0.05622949999997218	epochs	2.0
2103.8876552419615	0.028205699999944045	epochs	3.0
2103.9158609419615	0.028023800000028132	epochs	3.0
2103.9438847419615	0.05551070000001346	epochs	2.0
2103.9438847419615	0.027844000000186497	epochs	3.0
2103.9717287419617	0.02766669999982696	epochs	3.0
2103.9993954419615	0.05481020000024728	epochs	2.0
2103.9993954419615	0.02749149999999645	epochs	3.0
2104.0268869419615	0.02731870000025083	epochs	3.0
2104.0542056419617	0.054126999999880354	epochs	2.0
2104.0542056419617	0.027147799999966082	epochs	3.0
2104.0813534419617	0.026979199999914272	epochs	3.0
2104.1083326419616	0.053460699999959616	epochs	2.0
2104.1083326419616	0.026812600000084785	epochs	3.0
2104.1351452419617	0.02664809999987483	epochs	3.0
2104.1617933419616	0.05281070000000909	epochs	2.0
2104.1617933419616	0.0264855999998872	epochs	3.0
2104.1882789419615	0.026325100000121893	epochs	3.0
2104.2146040419616	0.05217620000030365	epochs	2.0
2104.2146040419616	0.026166399999965506	epochs	3.0
2104.2407704419616	0.026009800000338146	epochs	3.0
2104.266780241962	0.05155669999976453	epochs	2.0
2104.266780241962	0.0258547999997063	epochs	3.0
2104.2926350419616	0.02570190000005823	epochs	3.0
2104.3183369419617	0.05095190000020011	epochs	2.0
2104.3183369419617	0.025550700000167126	epochs	3.0
2104.343887641962	0.025401200000032986	epochs	3.0
2104.369288841962	0.05036099999961152	epochs	2.0
2104.369288841962	0.025253499999962514	epochs	3.0
2104.394542341962	0.025107499999649008	epochs	3.0
2104.4196498419615	0.04978380000011384	epochs	2.0
2104.4196498419615	0.02496320000000196	epochs	3.0
2104.4446130419615	0.02482060000011188	epochs	3.0
2104.4694336419616	0.04921950000016295	epochs	2.0
2104.4694336419616	0.024679399999968155	epochs	3.0
2104.4941130419616	0.024540100000194798	epochs	3.0
2104.5186531419617	0.04866790000005494	epochs	2.0
2104.5186531419617	0.024402099999861093	epochs	3.0
2104.5430552419616	0.02426580000019385	epochs	3.0
2104.567321041962	0.048128599999927246	epochs	2.0
2104.567321041962	0.024130999999670166	epochs	3.0
2104.5914520419615	0.02399760000025708	epochs	3.0
2104.6154496419617	0.047601100000065344	epochs	2.0
2104.6154496419617	0.02386579999983951	epochs	3.0
2104.6393154419616	0.023735300000225834	epochs	3.0
2104.663050741962	0.047084999999697175	epochs	2.0
2104.663050741962	0.02360629999975572	epochs	3.0
2104.6866570419616	0.023478699999941455	epochs	3.0
2104.7101357419615	0.04658000000017637	epochs	2.0
2104.7101357419615	0.02335250000032829	epochs	3.0
2104.733488241962	0.023227499999848078	epochs	3.0
2104.7567157419617	0.04608569999982137	epochs	2.0
2104.7567157419617	0.02310399999987567	epochs	3.0
2104.7798197419615	0.022981699999945704	epochs	3.0
2104.8028014419615	0.045601799999985815	epochs	2.0
2104.8028014419615	0.022860700000364886	epochs	3.0
2104.825662141962	0.02274109999962093	epochs	3.0
2104.8484032419615	0.04512790000035238	epochs	2.0
2104.8484032419615	0.022622500000125	epochs	3.0
2104.8710257419616	0.022505400000227382	epochs	3.0
2104.893531141962	0.04466379999985293	epochs	2.0
2104.893531141962	0.022389299999758805	epochs	3.0
2104.9159204419616	0.022274500000094122	epochs	3.0
2104.9381949419617	0.044209199999841076	epochs	2.0
2104.9381949419617	0.02216080000016518	epochs	3.0
2104.960355741962	0.022048399999675894	epochs	3.0
2104.9824041419615	0.04376360000014756	epochs	2.0
2104.9824041419615	0.021936900000127935	epochs	3.0
2105.0043410419617	0.021826700000019628	epochs	3.0
2105.0261677419617	0.043327100000169594	epochs	2.0
2105.0261677419617	0.02171760000010181	epochs	3.0
2105.047885341962	0.021609500000067783	epochs	3.0
2105.069494841962	0.04289900000003399	epochs	2.0
2105.069494841962	0.021502499999769498	epochs	3.0
2105.0909973419616	0.021396500000264496	epochs	3.0
2105.112393841962	0.04247949999989942	epochs	2.0
2105.112393841962	0.021291699999892444	epochs	3.0
2105.1336855419618	0.021187800000006973	epochs	3.0
2105.154873341962	0.04206789999989269	epochs	2.0
2105.154873341962	0.02108490000000529	epochs	3.0
2105.175958241962	0.020982999999887397	epochs	3.0
2105.1969412419617	0.041664400000172463	epochs	2.0
2105.1969412419617	0.020882199999959994	epochs	3.0
2105.2178234419616	0.02078220000021247	epochs	3.0
2105.238605641962	0.04126849999965998	epochs	2.0
2105.238605641962	0.02068329999974594	epochs	3.0
2105.2592889419616	0.02058519999991404	epochs	3.0
2105.2798741419615	0.04088000000001557	epochs	2.0
2105.2798741419615	0.020488099999965925	epochs	3.0
2105.3003622419615	0.020391900000049645	epochs	3.0
2105.3207541419615	0.04049880000002304	epochs	2.0
2105.3207541419615	0.0202966000001652	epochs	3.0
2105.3410507419617	0.02020219999985784	epochs	3.0
2105.3612529419615	0.04012460000012652	epochs	2.0
2105.3612529419615	0.02010870000003706	epochs	3.0
2105.3813616419616	0.02001590000008946	epochs	3.0
2105.4013775419617	0.03975730000001931	epochs	2.0
2105.4013775419617	0.0199241999998776	epochs	3.0
2105.4213017419615	0.019833100000141712	epochs	3.0
2105.4411348419617	0.03939669999999751	epochs	2.0
2105.4411348419617	0.019742999999834865	epochs	3.0
2105.4608778419615	0.019653700000162644	epochs	3.0
2105.4805315419617	0.03904240000019854	epochs	2.0
2105.4805315419617	0.019565099999908853	epochs	3.0
2105.5000966419616	0.019477300000289688	epochs	3.0
2105.519573941962	0.03869459999987157	epochs	2.0
2105.519573941962	0.019390399999792862	epochs	3.0
2105.5389643419617	0.01930420000007871	epochs	3.0
2105.5582685419618	0.03835290000006353	epochs	2.0
2105.5582685419618	0.019218800000089686	epochs	3.0
2105.577487341962	0.01913409999997384	epochs	3.0
2105.596621441962	0.03801720000001296	epochs	2.0
2105.596621441962	0.019050200000037876	epochs	3.0
2105.615671641962	0.018966999999975087	epochs	3.0
2105.634638641962	0.037687199999709264	epochs	2.0
2105.634638641962	0.018884499999785476	epochs	3.0
2105.6535231419616	0.01880269999992379	epochs	3.0
2105.6723258419615	0.037363100000220584	epochs	2.0
2105.6723258419615	0.01872170000024198	epochs	3.0
2105.691047541962	0.018641399999978603	epochs	3.0
2105.7096889419618	0.03704429999970671	epochs	2.0
2105.7096889419618	0.018561599999884493	epochs	3.0
2105.7282505419616	0.018482699999822216	epochs	3.0
2105.7467332419615	0.036731000000145286	epochs	2.0
2105.7467332419615	0.018404300000383955	epochs	3.0
2105.765137541962	0.01832669999976133	epochs	3.0
2105.7834642419616	0.03642290000016146	epochs	2.0
2105.7834642419616	0.01824960000021747	epochs	3.0
2105.801713841962	0.018173299999943993	epochs	3.0
2105.8198871419618	0.03612010000006194	epochs	2.0
2105.8198871419618	0.018097599999691738	epochs	3.0
2105.8379847419615	0.0180225000003702	epochs	3.0
2105.856007241962	0.03582209999967745	epochs	2.0
2105.856007241962	0.01794789999985369	epochs	3.0
2105.8739551419617	0.01787419999982376	epochs	3.0
2105.8918293419615	0.03552900000022419	epochs	2.0
2105.8918293419615	0.017800800000259187	epochs	3.0
2105.9096301419618	0.017728199999965	epochs	3.0
2105.9273583419617	0.03524070000003121	epochs	2.0
2105.9273583419617	0.01765609999984008	epochs	3.0
2105.9450144419616	0.01758460000019113	epochs	3.0
2105.9625990419618	0.03495709999970131	epochs	2.0
2105.9625990419618	0.017513700000108656	epochs	3.0
2105.980112741962	0.017443399999592657	epochs	3.0
2105.9975561419615	0.03467790000013338	epochs	2.0
2105.9975561419615	0.01737360000015542	epochs	3.0
2106.0149297419616	0.017304299999977957	epochs	3.0
2106.0322340419616	0.03440330000012182	epochs	2.0
2106.0322340419616	0.017235700000128418	epochs	3.0
2106.0494697419617	0.0171675999999934	epochs	3.0
2106.0666373419617	0.03413279999995211	epochs	2.0
2106.0666373419617	0.017099900000175694	epochs	3.0
2106.083737241962	0.01703289999977642	epochs	3.0
2106.1007701419617	0.03386670000008962	epochs	2.0
2106.1007701419617	0.01696640000000116	epochs	3.0
2106.1177365419617	0.016900300000088464	epochs	3.0
2106.1346368419618	0.033604599999762286	epochs	2.0
2106.1346368419618	0.016834799999742245	epochs	3.0
2106.1514716419615	0.01676980000002004	epochs	3.0
2106.1682414419615	0.0333466000001863	epochs	2.0
2106.1682414419615	0.016705300000012357	epochs	3.0
2106.1849467419615	0.016641300000173942	epochs	3.0
2106.2015880419617	0.033092499999838765	epochs	2.0
2106.2015880419617	0.016577800000050047	epochs	3.0
2106.2181658419618	0.016514699999788718	epochs	3.0
2106.2346805419616	0.032842300000083924	epochs	2.0
2106.2346805419616	0.01645220000000336	epochs	3.0
2106.2511327419616	0.016390100000080565	epochs	3.0
2106.2675228419616	0.03259570000000167	epochs	2.0
2106.2675228419616	0.016328400000020338	epochs	3.0
2106.2838512419617	0.016267299999981333	epochs	3.0
2106.3001185419616	0.03235290000020541	epochs	2.0
2106.3001185419616	0.01620660000025964	epochs	3.0
2106.316325141962	0.016146299999945768	epochs	3.0
2106.332471441962	0.03211369999962699	epochs	2.0
2106.332471441962	0.016086599999653117	epochs	3.0
2106.3485580419615	0.01602709999997387	epochs	3.0
2106.3645851419615	0.03187800000023344	epochs	2.0
2106.3645851419615	0.015968200000315846	epochs	3.0
2106.380553341962	0.015909799999917595	epochs	3.0
2106.3964631419617	0.03164569999989908	epochs	2.0
2106.3964631419617	0.01585160000013275	epochs	3.0
2106.412314741962	0.01579409999976633	epochs	3.0
2106.4281088419616	0.03141670000013619	epochs	2.0
2106.4281088419616	0.015736700000161363	epochs	3.0
2106.4438455419618	0.015679999999974825	epochs	3.0
2106.4595255419617	0.03119109999988723	epochs	2.0
2106.4595255419617	0.015623599999798898	epochs	3.0
2106.4751491419615	0.01556750000008833	epochs	3.0
2106.4907166419616	0.030968699999903038	epochs	2.0
2106.4907166419616	0.015511999999944237	epochs	3.0
2106.5062286419616	0.0154566999999588	epochs	3.0
2106.5216853419615	0.030749500000183616	epochs	2.0
2106.5216853419615	0.015401999999994587	epochs	3.0
2106.5370873419615	0.01534750000018903	epochs	3.0
2106.5524348419617	0.030533199999808858	epochs	2.0
2106.5524348419617	0.01529339999979129	epochs	3.0
2106.5677282419615	0.015239800000017567	epochs	3.0
2106.5829680419615	0.030320100000153616	epochs	2.0
2106.5829680419615	0.015186500000254455	epochs	3.0
2106.598154541962	0.015133599999899161	epochs	3.0
2106.6132881419617	0.030109899999843037	epochs	2.0
2106.6132881419617	0.015081000000009226	epochs	3.0
2106.6283691419617	0.015028899999833811	epochs	3.0
2106.6433980419615	0.029902499999934662	epochs	2.0
2106.6433980419615	0.0149770000002718	epochs	3.0
2106.658375041962	0.014925499999662861	epochs	3.0
2106.6733005419615	0.0296981000001324	epochs	2.0
2106.6733005419615	0.01487440000028073	epochs	3.0
2106.6881749419617	0.01482369999985167	epochs	3.0
2106.7029986419616	0.029496300000118936	epochs	2.0
2106.7029986419616	0.014773200000036013	epochs	3.0
2106.7177718419616	0.014723100000082923	epochs	3.0
2106.7324949419617	0.029297399999904883	epochs	2.0
2106.7324949419617	0.014673399999992398	epochs	3.0
2106.7471683419617	0.014623999999912485	epochs	3.0
2106.7617923419616	0.029101099999934377	epochs	2.0
2106.7617923419616	0.014574899999843183	epochs	3.0
2106.7763672419615	0.014526200000091194	epochs	3.0
2106.7908934419615	0.028907400000207417	epochs	2.0
2106.7908934419615	0.014477700000043114	epochs	3.0
2106.8053711419616	0.014429700000164303	epochs	3.0
2106.8198008419618	0.028716199999962555	epochs	2.0
2106.8198008419618	0.014381800000137446	epochs	3.0
2106.834182641962	0.01433439999982511	epochs	3.0
2106.8485170419617	0.02852759999996124	epochs	2.0
2106.8485170419617	0.014287200000126177	epochs	3.0
2106.862804241962	0.014240399999835063	epochs	3.0
2106.8770446419617	0.028341400000044814	epochs	2.0
2106.8770446419617	0.014193800000157353	epochs	3.0
2106.891238441962	0.014147599999887461	epochs	3.0
2106.9053860419617	0.028157700000065233	epochs	2.0
2106.9053860419617	0.014101700000082928	epochs	3.0
2106.919487741962	0.014055999999982305	epochs	3.0
2106.933543741962	0.02797629999986384	epochs	2.0
2106.933543741962	0.014010599999892293	epochs	3.0
2106.9475543419617	0.013965699999971548	epochs	3.0
2106.9615200419616	0.027797199999895383	epochs	2.0
2106.9615200419616	0.013920800000050804	epochs	3.0
2106.9754408419617	0.01387639999984458	epochs	3.0
2106.9893172419615	0.02762040000015986	epochs	2.0
2106.9893172419615	0.01383220000025176	epochs	3.0
2107.003149441962	0.013788199999908102	epochs	3.0
2107.0169376419617	0.02744589999974778	epochs	2.0
2107.0169376419617	0.013744599999881757	epochs	3.0
2107.0306822419616	0.013701299999866023	epochs	3.0
2107.0443835419615	0.027273500000319473	epochs	2.0
2107.0443835419615	0.013658200000008947	epochs	3.0
2107.0580417419615	0.013615300000310526	epochs	3.0
2107.0716570419618	0.02710339999975986	epochs	2.0
2107.0716570419618	0.013572800000019924	epochs	3.0
2107.085229841962	0.013530599999739934	epochs	3.0
2107.0987604419615	0.02693520000002536	epochs	2.0
2107.0987604419615	0.01348839999991469	epochs	3.0
2107.1122488419614	0.01344680000011067	epochs	3.0
2107.1256956419616	0.026769200000217097	epochs	2.0
2107.1256956419616	0.01340520000030665	epochs	3.0
2107.139100841962	0.013363999999910448	epochs	3.0
2107.152464841962	0.026605199999721663	epochs	2.0
2107.152464841962	0.013322899999820947	epochs	3.0
2107.1657877419616	0.013282299999900715	epochs	3.0
2107.1790700419615	0.026443200000358047	epochs	2.0
2107.1790700419615	0.013241699999980483	epochs	3.0
2107.1923117419615	0.013201500000377564	epochs	3.0
2107.205513241962	0.026283199999852513	epochs	2.0
2107.205513241962	0.013161500000023807	epochs	3.0
2107.218674741962	0.013121699999828706	epochs	3.0
2107.2317964419617	0.026124999999865395	epochs	2.0
2107.2317964419617	0.013082099999792263	epochs	3.0
2107.2448785419615	0.013042900000073132	epochs	3.0
2107.2579214419616	0.025968899999952555	epochs	2.0
2107.2579214419616	0.01300390000005791	epochs	3.0
2107.2709253419616	0.012964999999894644	epochs	3.0
2107.2838903419615	0.025814500000251428	epochs	2.0
2107.2838903419615	0.012926400000196736	epochs	3.0
2107.2968167419617	0.012888100000054692	epochs	3.0
2107.309704841962	0.025661899999704474	epochs	2.0
2107.309704841962	0.012849899999764602	epochs	3.0
2107.3225547419615	0.012811999999939871	epochs	3.0
2107.3353667419615	0.025511199999982637	epochs	2.0
2107.3353667419615	0.012774400000125752	epochs	3.0
2107.3481411419616	0.012736799999856885	epochs	3.0
2107.3608779419615	0.025362300000324467	epochs	2.0
2107.3608779419615	0.012699700000212033	epochs	3.0
2107.3735776419617	0.012662600000112434	epochs	3.0
2107.386240241962	0.025214999999661813	epochs	2.0
2107.386240241962	0.012625800000023446	epochs	3.0
2107.398866041962	0.012589199999638367	epochs	3.0
2107.4114552419614	0.024584800000411633	epochs	2.0
2107.4349461419615	0.5	epochs	-1.0
2107.436040041962	0.504320000000007	epochs	1.0
2107.940360041962	0.49559999999974025	epochs	0.0
2109.1129999160767	0.05504000000019005	epochs	0.0
2109.1129999160767	0.022522400000070775	epochs	1.0
2109.1355223160767	0.009995200000048499	epochs	1.0
2109.145517516077	0.022522400000070775	epochs	1.0
2109.168039916077	2.0	epochs	0.0
2111.168039916077	21.999919999999747	epochs	0.0
2111.168039916077	1.0	epochs	1.0
2111.168066016077	0.5	epochs	-1.0
2111.668066016077	19.998879999999644	epochs	-1.0
2112.168039916077	20.0	epochs	1.0
2112.168039916077	4.356753899999603	epochs	-1.0
2112.168039916077	1.9745871999998599	epochs	2.0
2112.168039916077	1.098562199999833	epochs	3.0
2113.2666021160767	0.8760250000000269	epochs	3.0
2114.1426271160767	1.3524075000000266	epochs	2.0
2114.1426271160767	0.7286355000001095	epochs	3.0
2114.871262616077	0.6237719999999172	epochs	3.0
2115.4950346160767	1.0297591999997167	epochs	2.0
2115.4950346160767	0.5453293000000485	epochs	3.0
2116.040363916077	0.4844298999996681	epochs	3.0
2116.5247938160765	0.8317862000003515	epochs	2.0
2116.5247938160765	0.43577630000027057	epochs	3.0
2116.9605701160767	0.39600990000008096	epochs	3.0
2117.356580016077	0.6977969999998095	epochs	2.0
2117.356580016077	0.3628982000000178	epochs	3.0
2117.719478216077	0.33489879999979166	epochs	3.0
2118.0543770160766	0.6010457000002134	epochs	2.0
2118.0543770160766	0.3109122999999272	epochs	3.0
2118.3652893160765	0.2901334000002862	epochs	3.0
2118.655422716077	0.5278859000000011	epochs	2.0
2118.655422716077	0.2719585999998344	epochs	3.0
2118.9273813160767	0.2559273000001667	epochs	3.0
2119.183308616077	0.4706192999997256	epochs	2.0
2119.183308616077	0.241681299999982	epochs	3.0
2119.424989916077	0.22893799999974362	epochs	3.0
2119.6539279160766	0.42457039999999324	epochs	2.0
2119.6539279160766	0.21747140000024956	epochs	3.0
2119.871399316077	0.20709899999974368	epochs	3.0
2120.0784983160765	0.3867353999999068	epochs	2.0
2120.0784983160765	0.19767110000020693	epochs	3.0
2120.2761694160768	0.18906429999969987	epochs	3.0
2120.4652337160765	0.3550953000003574	epochs	2.0
2120.4652337160765	0.18117590000019845	epochs	3.0
2120.6464096160767	0.17391940000015893	epochs	3.0
2120.820329016077	0.3282430999997814	epochs	2.0
2120.820329016077	0.16722189999973125	epochs	3.0
2120.9875509160765	0.16102120000005016	epochs	3.0
2121.1485721160766	0.3051679999998669	epochs	2.0
2121.1485721160766	0.15526390000013635	epochs	3.0
2121.3038360160767	0.14990409999973053	epochs	3.0
2121.4537401160765	0.2851253000003453	epochs	2.0
2121.4537401160765	0.14490210000030856	epochs	3.0
2121.5986422160768	0.14022320000003674	epochs	3.0
2121.738865416077	0.2675537999998596	epochs	2.0
2121.738865416077	0.1358368999999584	epochs	3.0
2121.8747023160768	0.13171689999990122	epochs	3.0
2122.0064192160767	0.25202290000015637	epochs	2.0
2122.0064192160767	0.12783929999977772	epochs	3.0
2122.1342585160764	0.12418360000037865	epochs	3.0
2122.258442116077	0.23819649999995818	epochs	2.0
2122.258442116077	0.1207310999998299	epochs	3.0
2122.3791732160767	0.11746540000012828	epochs	3.0
2122.496638616077	0.22580879999986792	epochs	2.0
2122.496638616077	0.11437189999969632	epochs	3.0
2122.6110105160765	0.11143690000017159	epochs	3.0
2122.7224474160766	0.21464599999990241	epochs	2.0
2122.7224474160766	0.10864889999993466	epochs	3.0
2122.8310963160766	0.10599709999996776	epochs	3.0
2122.9370934160766	0.20453500000030544	epochs	2.0
2122.9370934160766	0.10347150000006877	epochs	3.0
2123.0405649160766	0.10106350000023667	epochs	3.0
2123.141628416077	0.19533400000000256	epochs	2.0
2123.141628416077	0.09876509999958216	epochs	3.0
2123.2403935160764	0.0965689000004204	epochs	3.0
2123.336962416077	0.18692529999998442	epochs	2.0
2123.336962416077	0.09446829999978945	epochs	3.0
2123.4314307160766	0.09245700000019497	epochs	3.0
2123.523887716077	0.17921069999965766	epochs	2.0
2123.523887716077	0.09052959999962695	epochs	3.0
2123.6144173160765	0.08868110000003071	epochs	3.0
2123.7030984160765	0.17210770000019693	epochs	2.0
2123.7030984160765	0.08690630000000965	epochs	3.0
2123.7900047160765	0.08520140000018728	epochs	3.0
2123.8752061160767	0.16554640000003928	epochs	2.0
2123.8752061160767	0.08356189999994967	epochs	3.0
2123.9587680160766	0.08198450000008961	epochs	3.0
2124.0407525160767	0.15946709999980158	epochs	2.0
2124.0407525160767	0.08046539999986635	epochs	3.0
2124.1212179160766	0.07900169999993523	epochs	3.0
2124.2002196160765	0.15381840000009106	epochs	2.0
2124.2002196160765	0.07759010000017952	epochs	3.0
2124.2778097160767	0.07622829999991154	epochs	3.0
2124.3540380160766	0.14855639999996129	epochs	2.0
2124.3540380160766	0.07491329999993468	epochs	3.0
2124.4289513160766	0.0736431000000266	epochs	3.0
2124.5025944160766	0.1436423999998624	epochs	2.0
2124.5025944160766	0.07241500000009182	epochs	3.0
2124.5750094160767	0.07122739999977057	epochs	3.0
2124.6462368160765	0.13904309999998077	epochs	2.0
2124.6462368160765	0.07007800000019415	epochs	3.0
2124.7163148160766	0.06896509999978662	epochs	3.0
2124.7852799160764	0.13472930000034467	epochs	2.0
2124.7852799160764	0.0678871000000072	epochs	3.0
2124.8531670160764	0.06684220000033747	epochs	3.0
2124.920009216077	0.1306752000000415	epochs	2.0
2124.920009216077	0.06582909999997355	epochs	3.0
2124.9858383160768	0.06484610000006796	epochs	3.0
2125.050684416077	0.1268577999999252	epochs	2.0
2125.050684416077	0.06389199999966877	epochs	3.0
2125.1145764160765	0.06296580000025642	epochs	3.0
2125.1775422160767	0.12325719999989815	epochs	2.0
2125.1775422160767	0.06206579999980022	epochs	3.0
2125.2396080160765	0.06119140000009793	epochs	3.0
2125.3007994160766	0.1198554000002332	epochs	2.0
2125.3007994160766	0.060341100000187	epochs	3.0
2125.361140516077	0.059514300000046205	epochs	3.0
2125.420654816077	0.1166361999999026	epochs	2.0
2125.420654816077	0.058709599999929196	epochs	3.0
2125.479364416077	0.057926599999973405	epochs	3.0
2125.537291016077	0.11358560000007856	epochs	2.0
2125.537291016077	0.05716419999998834	epochs	3.0
2125.5944552160768	0.056421400000090216	epochs	3.0
2125.650876616077	0.11069049999969138	epochs	2.0
2125.650876616077	0.05569789999981367	epochs	3.0
2125.7065745160767	0.05499259999987771	epochs	3.0
2125.7615671160765	0.10793910000029427	epochs	2.0
2125.7615671160765	0.054304900000261114	epochs	3.0
2125.815872016077	0.05363420000003316	epochs	3.0
2125.869506216077	0.10532149999971807	epochs	2.0
2125.869506216077	0.05297999999993408	epochs	3.0
2125.922486216077	0.05234149999978399	epochs	3.0
2125.9748277160766	0.10282760000018243	epochs	2.0
2125.9748277160766	0.05171810000001642	epochs	3.0
2126.0265458160766	0.05110950000016601	epochs	3.0
2126.0776553160767	0.10044909999987794	epochs	2.0
2126.0776553160767	0.050514900000052876	epochs	3.0
2126.128170216077	0.04993419999982507	epochs	3.0
2126.1781044160766	0.09817830000019967	epochs	2.0
2126.1781044160766	0.0493666000002122	epochs	3.0
2126.227471016077	0.04881169999998747	epochs	3.0
2126.276282716077	0.09600779999982478	epochs	2.0
2126.276282716077	0.04826920000004975	epochs	3.0
2126.324551916077	0.04773859999977503	epochs	3.0
2126.3722905160766	0.09393120000004274	epochs	2.0
2126.3722905160766	0.047219500000210246	epochs	3.0
2126.419510016077	0.04671169999983249	epochs	3.0
2126.4662217160767	0.09194260000003851	epochs	2.0
2126.4662217160767	0.046214599999984785	epochs	3.0
2126.5124363160767	0.045728000000053726	epochs	3.0
2126.5581643160767	0.09003630000006524	epochs	2.0
2126.5581643160767	0.045251499999722	epochs	3.0
2126.6034158160764	0.04478480000034324	epochs	3.0
2126.648200616077	0.0882075999998051	epochs	2.0
2126.648200616077	0.04432779999979175	epochs	3.0
2126.6925284160766	0.04387980000001335	epochs	3.0
2126.7364082160766	0.0864516999999978	epochs	2.0
2126.7364082160766	0.04344100000025719	epochs	3.0
2126.779849216077	0.04301069999974061	epochs	3.0
2126.8228599160766	0.08476430000018809	epochs	2.0
2126.8228599160766	0.04258900000013455	epochs	3.0
2126.8654489160767	0.04217530000005354	epochs	3.0
2126.907624216077	0.08314149999978326	epochs	2.0
2126.907624216077	0.04176969999980429	epochs	3.0
2126.9493939160766	0.041371799999978975	epochs	3.0
2126.9907657160766	0.08157970000002024	epochs	2.0
2126.9907657160766	0.040981399999964196	epochs	3.0
2127.0317471160765	0.04059830000005604	epochs	3.0
2127.0723454160766	0.08007550000002084	epochs	2.0
2127.0723454160766	0.040222300000095856	epochs	3.0
2127.1125677160767	0.03985319999992498	epochs	3.0
2127.1524209160766	0.07862569999997504	epochs	2.0
2127.1524209160766	0.03949079999983951	epochs	3.0
2127.1919117160764	0.03913490000013553	epochs	3.0
2127.2310466160766	0.07722760000024209	epochs	2.0
2127.2310466160766	0.038785400000051595	epochs	3.0
2127.2698320160766	0.038442200000190496	epochs	3.0
2127.308274216077	0.07587819999980638	epochs	2.0
2127.308274216077	0.03810479999992822	epochs	3.0
2127.3463790160768	0.037773399999878166	epochs	3.0
2127.3841524160766	0.07457520000025397	epochs	2.0
2127.3841524160766	0.03744770000002973	epochs	3.0
2127.4216001160767	0.037127500000224245	epochs	3.0
2127.458727616077	0.07331629999998768	epochs	2.0
2127.458727616077	0.03681289999985893	epochs	3.0
2127.4955405160767	0.03650340000012875	epochs	3.0
2127.532043916077	0.07209899999998015	epochs	2.0
2127.532043916077	0.03619909999997617	epochs	3.0
2127.568243016077	0.03589990000000398	epochs	3.0
2127.604142916077	0.07092169999987163	epochs	2.0
2127.604142916077	0.03560559999959878	epochs	3.0
2127.6397485160765	0.035316100000272854	epochs	3.0
2127.6750646160767	0.06978200000003199	epochs	2.0
2127.6750646160767	0.03503120000004856	epochs	3.0
2127.710095816077	0.03475079999998343	epochs	3.0
2127.7448466160768	0.06867860000011206	epochs	2.0
2127.7448466160768	0.03447509999978138	epochs	3.0
2127.7793217160765	0.03420350000033068	epochs	3.0
2127.813525216077	0.06760929999973087	epochs	2.0
2127.813525216077	0.033936199999970995	epochs	3.0
2127.847461416077	0.03367309999975987	epochs	3.0
2127.8811345160766	0.06657290000021021	epochs	2.0
2127.8811345160766	0.03341399999999339	epochs	3.0
2127.9145485160766	0.03315890000021682	epochs	3.0
2127.947707416077	0.06556779999982609	epochs	2.0
2127.947707416077	0.032907699999668694	epochs	3.0
2127.9806151160765	0.0326601000001574	epochs	3.0
2128.0132752160766	0.0645926000001964	epochs	2.0
2128.0132752160766	0.03241639999987456	epochs	3.0
2128.0456916160765	0.03217620000032184	epochs	3.0
2128.077867816077	0.06364599999960774	epochs	2.0
2128.077867816077	0.03193959999998697	epochs	3.0
2128.109807416077	0.03170639999962077	epochs	3.0
2128.1415138160764	0.06272670000043945	epochs	2.0
2128.1415138160764	0.03147660000013275	epochs	3.0
2128.1729904160766	0.0312501000003067	epochs	3.0
2128.204240516077	0.06183359999977256	epochs	2.0
2128.204240516077	0.031026899999687885	epochs	3.0
2128.2352674160766	0.030806700000084675	epochs	3.0
2128.2660741160767	0.06096560000014506	epochs	2.0
2128.2660741160767	0.03058980000014344	epochs	3.0
2128.296663916077	0.030375800000001618	epochs	3.0
2128.327039716077	0.06012160000000222	epochs	2.0
2128.327039716077	0.030164899999817862	epochs	3.0
2128.3572046160766	0.029956700000184355	epochs	3.0
2128.387161316077	0.05930069999976695	epochs	2.0
2128.387161316077	0.029751600000054168	epochs	3.0
2128.416912916077	0.02954909999971278	epochs	3.0
2128.4464620160766	0.058501800000158255	epochs	2.0
2128.4464620160766	0.029349400000228343	epochs	3.0
2128.475811416077	0.029152399999929912	epochs	3.0
2128.5049638160767	0.05772419999993872	epochs	2.0
2128.5049638160767	0.028957999999875028	epochs	3.0
2128.5339218160766	0.02876620000006369	epochs	3.0
2128.5626880160767	0.056967099999837956	epochs	2.0
2128.5626880160767	0.028577000000041153	epochs	3.0
2128.5912650160767	0.028390099999796803	epochs	3.0
2128.6196551160765	0.05622949999997218	epochs	2.0
2128.6196551160765	0.028205699999944045	epochs	3.0
2128.6478608160764	0.028023800000028132	epochs	3.0
2128.6758846160765	0.05551070000001346	epochs	2.0
2128.6758846160765	0.027844000000186497	epochs	3.0
2128.7037286160767	0.02766669999982696	epochs	3.0
2128.7313953160765	0.05481020000024728	epochs	2.0
2128.7313953160765	0.02749149999999645	epochs	3.0
2128.7588868160765	0.02731870000025083	epochs	3.0
2128.7862055160767	0.054126999999880354	epochs	2.0
2128.7862055160767	0.027147799999966082	epochs	3.0
2128.8133533160767	0.026979199999914272	epochs	3.0
2128.8403325160766	0.053460699999959616	epochs	2.0
2128.8403325160766	0.026812600000084785	epochs	3.0
2128.8671451160767	0.02664809999987483	epochs	3.0
2128.8937932160766	0.05281070000000909	epochs	2.0
2128.8937932160766	0.0264855999998872	epochs	3.0
2128.9202788160765	0.026325100000121893	epochs	3.0
2128.9466039160766	0.05217620000030365	epochs	2.0
2128.9466039160766	0.026166399999965506	epochs	3.0
2128.9727703160765	0.026009800000338146	epochs	3.0
2128.998780116077	0.05155669999976453	epochs	2.0
2128.998780116077	0.0258547999997063	epochs	3.0
2129.0246349160766	0.02570190000005823	epochs	3.0
2129.0503368160767	0.05095190000020011	epochs	2.0
2129.0503368160767	0.025550700000167126	epochs	3.0
2129.075887516077	0.025401200000032986	epochs	3.0
2129.101288716077	0.05036099999961152	epochs	2.0
2129.101288716077	0.025253499999962514	epochs	3.0
2129.126542216077	0.025107499999649008	epochs	3.0
2129.1516497160765	0.04978380000011384	epochs	2.0
2129.1516497160765	0.02496320000000196	epochs	3.0
2129.1766129160765	0.02482060000011188	epochs	3.0
2129.2014335160766	0.04921950000016295	epochs	2.0
2129.2014335160766	0.024679399999968155	epochs	3.0
2129.2261129160765	0.024540100000194798	epochs	3.0
2129.2506530160767	0.04866790000005494	epochs	2.0
2129.2506530160767	0.024402099999861093	epochs	3.0
2129.2750551160766	0.02426580000019385	epochs	3.0
2129.299320916077	0.048128599999927246	epochs	2.0
2129.299320916077	0.024130999999670166	epochs	3.0
2129.3234519160765	0.02399760000025708	epochs	3.0
2129.3474495160767	0.047601100000065344	epochs	2.0
2129.3474495160767	0.02386579999983951	epochs	3.0
2129.3713153160766	0.023735300000225834	epochs	3.0
2129.395050616077	0.047084999999697175	epochs	2.0
2129.395050616077	0.02360629999975572	epochs	3.0
2129.4186569160765	0.023478699999941455	epochs	3.0
2129.4421356160765	0.04658000000017637	epochs	2.0
2129.4421356160765	0.02335250000032829	epochs	3.0
2129.465488116077	0.023227499999848078	epochs	3.0
2129.4887156160767	0.04608569999982137	epochs	2.0
2129.4887156160767	0.02310399999987567	epochs	3.0
2129.5118196160765	0.022981699999945704	epochs	3.0
2129.5348013160765	0.045601799999985815	epochs	2.0
2129.5348013160765	0.022860700000364886	epochs	3.0
2129.557662016077	0.02274109999962093	epochs	3.0
2129.5804031160765	0.04512790000035238	epochs	2.0
2129.5804031160765	0.022622500000125	epochs	3.0
2129.6030256160766	0.022505400000227382	epochs	3.0
2129.625531016077	0.04466379999985293	epochs	2.0
2129.625531016077	0.022389299999758805	epochs	3.0
2129.6479203160766	0.022274500000094122	epochs	3.0
2129.6701948160767	0.044209199999841076	epochs	2.0
2129.6701948160767	0.02216080000016518	epochs	3.0
2129.692355616077	0.022048399999675894	epochs	3.0
2129.7144040160765	0.04376360000014756	epochs	2.0
2129.7144040160765	0.021936900000127935	epochs	3.0
2129.7363409160766	0.021826700000019628	epochs	3.0
2129.7581676160767	0.043327100000169594	epochs	2.0
2129.7581676160767	0.02171760000010181	epochs	3.0
2129.7798852160768	0.021609500000067783	epochs	3.0
2129.801494716077	0.04289900000003399	epochs	2.0
2129.801494716077	0.021502499999769498	epochs	3.0
2129.8229972160766	0.021396500000264496	epochs	3.0
2129.844393716077	0.04247949999989942	epochs	2.0
2129.844393716077	0.021291699999892444	epochs	3.0
2129.8656854160768	0.021187800000006973	epochs	3.0
2129.8868732160768	0.04206789999989269	epochs	2.0
2129.8868732160768	0.02108490000000529	epochs	3.0
2129.9079581160768	0.020982999999887397	epochs	3.0
2129.9289411160767	0.041664400000172463	epochs	2.0
2129.9289411160767	0.020882199999959994	epochs	3.0
2129.9498233160766	0.02078220000021247	epochs	3.0
2129.970605516077	0.04126849999965998	epochs	2.0
2129.970605516077	0.02068329999974594	epochs	3.0
2129.9912888160766	0.02058519999991404	epochs	3.0
2130.0118740160765	0.04088000000001557	epochs	2.0
2130.0118740160765	0.020488099999965925	epochs	3.0
2130.0323621160765	0.020391900000049645	epochs	3.0
2130.0527540160765	0.04049880000002304	epochs	2.0
2130.0527540160765	0.0202966000001652	epochs	3.0
2130.0730506160767	0.02020219999985784	epochs	3.0
2130.0932528160765	0.04012460000012652	epochs	2.0
2130.0932528160765	0.02010870000003706	epochs	3.0
2130.1133615160766	0.02001590000008946	epochs	3.0
2130.1333774160767	0.03975730000001931	epochs	2.0
2130.1333774160767	0.0199241999998776	epochs	3.0
2130.1533016160765	0.019833100000141712	epochs	3.0
2130.1731347160767	0.03939669999999751	epochs	2.0
2130.1731347160767	0.019742999999834865	epochs	3.0
2130.1928777160765	0.019653700000162644	epochs	3.0
2130.2125314160767	0.03904240000019854	epochs	2.0
2130.2125314160767	0.019565099999908853	epochs	3.0
2130.2320965160766	0.019477300000289688	epochs	3.0
2130.251573816077	0.03869459999987157	epochs	2.0
2130.251573816077	0.019390399999792862	epochs	3.0
2130.2709642160767	0.01930420000007871	epochs	3.0
2130.2902684160767	0.03835290000006353	epochs	2.0
2130.2902684160767	0.019218800000089686	epochs	3.0
2130.309487216077	0.01913409999997384	epochs	3.0
2130.328621316077	0.03801720000001296	epochs	2.0
2130.328621316077	0.019050200000037876	epochs	3.0
2130.347671516077	0.018966999999975087	epochs	3.0
2130.366638516077	0.037687199999709264	epochs	2.0
2130.366638516077	0.018884499999785476	epochs	3.0
2130.3855230160766	0.01880269999992379	epochs	3.0
2130.4043257160765	0.037363100000220584	epochs	2.0
2130.4043257160765	0.01872170000024198	epochs	3.0
2130.4230474160768	0.018641399999978603	epochs	3.0
2130.4416888160767	0.03704429999970671	epochs	2.0
2130.4416888160767	0.018561599999884493	epochs	3.0
2130.4602504160766	0.018482699999822216	epochs	3.0
2130.4787331160765	0.036731000000145286	epochs	2.0
2130.4787331160765	0.018404300000383955	epochs	3.0
2130.497137416077	0.01832669999976133	epochs	3.0
2130.5154641160766	0.03642290000016146	epochs	2.0
2130.5154641160766	0.01824960000021747	epochs	3.0
2130.533713716077	0.018173299999943993	epochs	3.0
2130.5518870160768	0.03612010000006194	epochs	2.0
2130.5518870160768	0.018097599999691738	epochs	3.0
2130.5699846160765	0.0180225000003702	epochs	3.0
2130.588007116077	0.03582209999967745	epochs	2.0
2130.588007116077	0.01794789999985369	epochs	3.0
2130.6059550160767	0.01787419999982376	epochs	3.0
2130.6238292160765	0.03552900000022419	epochs	2.0
2130.6238292160765	0.017800800000259187	epochs	3.0
2130.6416300160768	0.017728199999965	epochs	3.0
2130.6593582160767	0.03524070000003121	epochs	2.0
2130.6593582160767	0.01765609999984008	epochs	3.0
2130.6770143160766	0.01758460000019113	epochs	3.0
2130.6945989160768	0.03495709999970131	epochs	2.0
2130.6945989160768	0.017513700000108656	epochs	3.0
2130.712112616077	0.017443399999592657	epochs	3.0
2130.7295560160765	0.03467790000013338	epochs	2.0
2130.7295560160765	0.01737360000015542	epochs	3.0
2130.7469296160766	0.017304299999977957	epochs	3.0
2130.7642339160766	0.03440330000012182	epochs	2.0
2130.7642339160766	0.017235700000128418	epochs	3.0
2130.7814696160767	0.0171675999999934	epochs	3.0
2130.7986372160767	0.03413279999995211	epochs	2.0
2130.7986372160767	0.017099900000175694	epochs	3.0
2130.815737116077	0.01703289999977642	epochs	3.0
2130.8327700160767	0.03386670000008962	epochs	2.0
2130.8327700160767	0.01696640000000116	epochs	3.0
2130.8497364160767	0.016900300000088464	epochs	3.0
2130.8666367160768	0.033604599999762286	epochs	2.0
2130.8666367160768	0.016834799999742245	epochs	3.0
2130.8834715160765	0.01676980000002004	epochs	3.0
2130.9002413160765	0.0333466000001863	epochs	2.0
2130.9002413160765	0.016705300000012357	epochs	3.0
2130.9169466160765	0.016641300000173942	epochs	3.0
2130.9335879160767	0.033092499999838765	epochs	2.0
2130.9335879160767	0.016577800000050047	epochs	3.0
2130.9501657160768	0.016514699999788718	epochs	3.0
2130.9666804160765	0.032842300000083924	epochs	2.0
2130.9666804160765	0.01645220000000336	epochs	3.0
2130.9831326160765	0.016390100000080565	epochs	3.0
2130.9995227160766	0.03259570000000167	epochs	2.0
2130.9995227160766	0.016328400000020338	epochs	3.0
2131.0158511160766	0.016267299999981333	epochs	3.0
2131.0321184160766	0.03235290000020541	epochs	2.0
2131.0321184160766	0.01620660000025964	epochs	3.0
2131.048325016077	0.016146299999945768	epochs	3.0
2131.064471316077	0.03211369999962699	epochs	2.0
2131.064471316077	0.016086599999653117	epochs	3.0
2131.0805579160765	0.01602709999997387	epochs	3.0
2131.0965850160765	0.03187800000023344	epochs	2.0
2131.0965850160765	0.015968200000315846	epochs	3.0
2131.112553216077	0.015909799999917595	epochs	3.0
2131.1284630160767	0.03164569999989908	epochs	2.0
2131.1284630160767	0.01585160000013275	epochs	3.0
2131.144314616077	0.01579409999976633	epochs	3.0
2131.1601087160766	0.03141670000013619	epochs	2.0
2131.1601087160766	0.015736700000161363	epochs	3.0
2131.1758454160768	0.015679999999974825	epochs	3.0
2131.1915254160767	0.03119109999988723	epochs	2.0
2131.1915254160767	0.015623599999798898	epochs	3.0
2131.2071490160765	0.01556750000008833	epochs	3.0
2131.2227165160766	0.030968699999903038	epochs	2.0
2131.2227165160766	0.015511999999944237	epochs	3.0
2131.2382285160766	0.0154566999999588	epochs	3.0
2131.2536852160765	0.030749500000183616	epochs	2.0
2131.2536852160765	0.015401999999994587	epochs	3.0
2131.2690872160765	0.01534750000018903	epochs	3.0
2131.2844347160767	0.030533199999808858	epochs	2.0
2131.2844347160767	0.01529339999979129	epochs	3.0
2131.2997281160765	0.015239800000017567	epochs	3.0
2131.3149679160765	0.030320100000153616	epochs	2.0
2131.3149679160765	0.015186500000254455	epochs	3.0
2131.3301544160768	0.015133599999899161	epochs	3.0
2131.3452880160767	0.030109899999843037	epochs	2.0
2131.3452880160767	0.015081000000009226	epochs	3.0
2131.3603690160767	0.015028899999833811	epochs	3.0
2131.3753979160765	0.029902499999934662	epochs	2.0
2131.3753979160765	0.0149770000002718	epochs	3.0
2131.390374916077	0.014925499999662861	epochs	3.0
2131.4053004160764	0.0296981000001324	epochs	2.0
2131.4053004160764	0.01487440000028073	epochs	3.0
2131.4201748160767	0.01482369999985167	epochs	3.0
2131.4349985160766	0.029496300000118936	epochs	2.0
2131.4349985160766	0.014773200000036013	epochs	3.0
2131.4497717160766	0.014723100000082923	epochs	3.0
2131.4644948160767	0.029297399999904883	epochs	2.0
2131.4644948160767	0.014673399999992398	epochs	3.0
2131.4791682160767	0.014623999999912485	epochs	3.0
2131.4937922160766	0.029101099999934377	epochs	2.0
2131.4937922160766	0.014574899999843183	epochs	3.0
2131.5083671160764	0.014526200000091194	epochs	3.0
2131.5228933160765	0.028907400000207417	epochs	2.0
2131.5228933160765	0.014477700000043114	epochs	3.0
2131.5373710160766	0.014429700000164303	epochs	3.0
2131.5518007160767	0.028716199999962555	epochs	2.0
2131.5518007160767	0.014381800000137446	epochs	3.0
2131.566182516077	0.01433439999982511	epochs	3.0
2131.5805169160767	0.02852759999996124	epochs	2.0
2131.5805169160767	0.014287200000126177	epochs	3.0
2131.594804116077	0.014240399999835063	epochs	3.0
2131.6090445160767	0.028341400000044814	epochs	2.0
2131.6090445160767	0.014193800000157353	epochs	3.0
2131.623238316077	0.014147599999887461	epochs	3.0
2131.6373859160767	0.028157700000065233	epochs	2.0
2131.6373859160767	0.014101700000082928	epochs	3.0
2131.651487616077	0.014055999999982305	epochs	3.0
2131.665543616077	0.02797629999986384	epochs	2.0
2131.665543616077	0.014010599999892293	epochs	3.0
2131.6795542160767	0.013965699999971548	epochs	3.0
2131.6935199160766	0.027797199999895383	epochs	2.0
2131.6935199160766	0.013920800000050804	epochs	3.0
2131.7074407160767	0.01387639999984458	epochs	3.0
2131.7213171160765	0.02762040000015986	epochs	2.0
2131.7213171160765	0.01383220000025176	epochs	3.0
2131.735149316077	0.013788199999908102	epochs	3.0
2131.7489375160767	0.02744589999974778	epochs	2.0
2131.7489375160767	0.013744599999881757	epochs	3.0
2131.7626821160766	0.013701299999866023	epochs	3.0
2131.7763834160764	0.027273500000319473	epochs	2.0
2131.7763834160764	0.013658200000008947	epochs	3.0
2131.7900416160765	0.013615300000310526	epochs	3.0
2131.8036569160768	0.02710339999975986	epochs	2.0
2131.8036569160768	0.013572800000019924	epochs	3.0
2131.817229716077	0.013530599999739934	epochs	3.0
2131.8307603160765	0.02693520000002536	epochs	2.0
2131.8307603160765	0.01348839999991469	epochs	3.0
2131.8442487160764	0.01344680000011067	epochs	3.0
2131.8576955160765	0.026769200000217097	epochs	2.0
2131.8576955160765	0.01340520000030665	epochs	3.0
2131.871100716077	0.013363999999910448	epochs	3.0
2131.8844647160768	0.026605199999721663	epochs	2.0
2131.8844647160768	0.013322899999820947	epochs	3.0
2131.8977876160766	0.013282299999900715	epochs	3.0
2131.9110699160765	0.026443200000358047	epochs	2.0
2131.9110699160765	0.013241699999980483	epochs	3.0
2131.9243116160765	0.013201500000377564	epochs	3.0
2131.937513116077	0.026283199999852513	epochs	2.0
2131.937513116077	0.013161500000023807	epochs	3.0
2131.950674616077	0.013121699999828706	epochs	3.0
2131.9637963160767	0.026124999999865395	epochs	2.0
2131.9637963160767	0.013082099999792263	epochs	3.0
2131.9768784160765	0.013042900000073132	epochs	3.0
2131.9899213160766	0.025968899999952555	epochs	2.0
2131.9899213160766	0.01300390000005791	epochs	3.0
2132.0029252160766	0.012964999999894644	epochs	3.0
2132.0158902160765	0.025814500000251428	epochs	2.0
2132.0158902160765	0.012926400000196736	epochs	3.0
2132.0288166160767	0.012888100000054692	epochs	3.0
2132.0417047160768	0.025661899999704474	epochs	2.0
2132.0417047160768	0.012849899999764602	epochs	3.0
2132.0545546160765	0.012811999999939871	epochs	3.0
2132.0673666160765	0.025511199999982637	epochs	2.0
2132.0673666160765	0.012774400000125752	epochs	3.0
2132.0801410160766	0.012736799999856885	epochs	3.0
2132.0928778160765	0.025362300000324467	epochs	2.0
2132.0928778160765	0.012699700000212033	epochs	3.0
2132.1055775160767	0.012662600000112434	epochs	3.0
2132.118240116077	0.025214999999661813	epochs	2.0
2132.118240116077	0.012625800000023446	epochs	3.0
2132.130865916077	0.012589199999638367	epochs	3.0
2132.1434551160764	0.024584800000411633	epochs	2.0
2132.1669460160765	0.5	epochs	-1.0
2132.168039916077	0.9999199999997472	epochs	1.0
2132.6669460160765	0.5	epochs	-1.0
2134.4800000190735	0.05504000000019005	epochs	0.0
2134.4800000190735	0.022522400000070775	epochs	1.0
2134.5025224190736	0.009995200000048499	epochs	1.0
2134.5125176190736	0.022522400000070775	epochs	1.0
2134.5350400190737	2.0	epochs	0.0
2136.5350400190737	0.5055199999997058	epochs	0.0
2136.5350400190737	0.5055199999997058	epochs	1.0
2136.5350661190737	0.5	epochs	-1.0
2137.0350661190737	0.005493899999692076	epochs	-1.0
2137.0405600190734	21.49440000000004	epochs	0.0
2138.325999736786	0.05504000000019005	epochs	0.0
2138.325999736786	0.022522400000070775	epochs	1.0
2138.348522136786	0.009995200000048499	epochs	1.0
2138.358517336786	0.022522400000070775	epochs	1.0
2138.381039736786	2.0	epochs	0.0
2140.381039736786	0.5045599999998558	epochs	0.0
2140.381039736786	0.5045599999998558	epochs	1.0
2140.381065836786	0.5	epochs	-1.0
2140.881065836786	0.004533899999842106	epochs	-1.0
2140.885599736786	21.49535999999989	epochs	0.0
2142.1089997291565	0.05504000000019005	epochs	0.0
2142.1089997291565	0.022522400000070775	epochs	1.0
2142.1315221291566	0.009995200000048499	epochs	1.0
2142.1415173291566	0.022522400000070775	epochs	1.0
2142.1640397291567	2.0	epochs	0.0
2144.1640397291567	0.5055199999997058	epochs	0.0
2144.1640397291567	0.5055199999997058	epochs	1.0
2144.1640658291567	0.5	epochs	-1.0
2144.6640658291567	0.005493899999692076	epochs	-1.0
2144.6695597291564	21.49440000000004	epochs	0.0
2145.950999736786	0.05504000000019005	epochs	0.0
2145.950999736786	0.022522400000070775	epochs	1.0
2145.973522136786	0.009995200000048499	epochs	1.0
2145.983517336786	0.022522400000070775	epochs	1.0
2146.006039736786	2.0	epochs	0.0
2148.006039736786	0.5045599999998558	epochs	0.0
2148.006039736786	0.5045599999998558	epochs	1.0
2148.006065836786	0.5	epochs	-1.0
2148.506065836786	0.004533899999842106	epochs	-1.0
2148.510599736786	21.49535999999989	epochs	0.0
2150.0060000419617	0.05504000000019005	epochs	0.0
2150.0060000419617	0.022522400000070775	epochs	1.0
2150.0285224419617	0.009995200000048499	epochs	1.0
2150.038517641962	0.022522400000070775	epochs	1.0
2150.061040041962	2.0	epochs	0.0
2152.061040041962	0.5045599999998558	epochs	0.0
2152.061040041962	0.5045599999998558	epochs	1.0
2152.061066141962	0.5	epochs	-1.0
2152.561066141962	0.004533899999842106	epochs	-1.0
2152.5656000419617	21.49535999999989	epochs	0.0
2180.690999984741	0.05504000000019005	epochs	0.0
2180.690999984741	0.022522400000070775	epochs	1.0
2180.7135223847413	0.009995200000048499	epochs	1.0
2180.7235175847413	0.022522400000070775	epochs	1.0
2180.7460399847414	2.0	epochs	0.0
2182.7460399847414	0.5055199999997058	epochs	0.0
2182.7460399847414	0.5055199999997058	epochs	1.0
2182.7460660847414	0.5	epochs	-1.0
2183.2460660847414	0.005493899999692076	epochs	-1.0
2183.251559984741	21.49440000000004	epochs	0.0
2185.454999923706	0.05504000000019005	epochs	0.0
2185.454999923706	0.022522400000070775	epochs	1.0
2185.477522323706	0.009995200000048499	epochs	1.0
2185.487517523706	0.022522400000070775	epochs	1.0
2185.5100399237062	2.0	epochs	0.0
2187.5100399237062	0.5045599999998558	epochs	0.0
2187.5100399237062	0.5045599999998558	epochs	1.0
2187.5100660237063	0.5	epochs	-1.0
2188.0100660237063	0.004533899999842106	epochs	-1.0
2188.014599923706	21.49535999999989	epochs	0.0
2189.281000137329	0.05504000000019005	epochs	0.0
2189.281000137329	0.022522400000070775	epochs	1.0
2189.303522537329	0.009995200000048499	epochs	1.0
2189.313517737329	0.022522400000070775	epochs	1.0
2189.3360401373293	2.0	epochs	0.0
2191.3360401373293	0.5045599999998558	epochs	0.0
2191.3360401373293	0.5045599999998558	epochs	1.0
2191.3360662373293	0.5	epochs	-1.0
2191.8360662373293	0.004533899999842106	epochs	-1.0
2191.840600137329	21.49535999999989	epochs	0.0
2193.1079998016357	0.05504000000019005	epochs	0.0
2193.1079998016357	0.022522400000070775	epochs	1.0
2193.130522201636	0.009995200000048499	epochs	1.0
2193.140517401636	0.022522400000070775	epochs	1.0
2193.163039801636	2.0	epochs	0.0
2195.163039801636	0.5045599999998558	epochs	0.0
2195.163039801636	0.5045599999998558	epochs	1.0
2195.163065901636	0.5	epochs	-1.0
2195.663065901636	0.004533899999842106	epochs	-1.0
2195.667599801636	21.49535999999989	epochs	0.0
2198.827000141144	0.05504000000019005	epochs	0.0
2198.827000141144	0.022522400000070775	epochs	1.0
2198.849522541144	0.009995200000048499	epochs	1.0
2198.859517741144	0.022522400000070775	epochs	1.0
2198.882040141144	2.0	epochs	0.0
2200.882040141144	5.384479999999712	epochs	0.0
2200.882040141144	1.0	epochs	1.0
2200.882066241144	0.5	epochs	-1.0
2201.382066241144	4.8844538999996985	epochs	-1.0
2201.882040141144	4.384479999999712	epochs	1.0
2201.882040141144	4.356753899999603	epochs	-1.0
2201.882040141144	1.9745871999998599	epochs	2.0
2201.882040141144	1.098562199999833	epochs	3.0
2202.980602341144	0.8760250000000269	epochs	3.0
2203.856627341144	1.3524075000000266	epochs	2.0
2203.856627341144	0.7286355000001095	epochs	3.0
2204.585262841144	0.6237719999999172	epochs	3.0
2205.209034841144	1.0297591999997167	epochs	2.0
2205.209034841144	0.5453293000000485	epochs	3.0
2205.754364141144	0.4844298999996681	epochs	3.0
2206.2387940411436	0.027726100000109	epochs	2.0
2206.2387940411436	0.027726100000109	epochs	3.0
2206.2665201411437	16.615440000000035	epochs	0.0
2207.490999698639	0.05504000000019005	epochs	0.0
2207.490999698639	0.022522400000070775	epochs	1.0
2207.513522098639	0.009995200000048499	epochs	1.0
2207.523517298639	0.022522400000070775	epochs	1.0
2207.546039698639	2.0	epochs	0.0
2209.546039698639	21.999919999999747	epochs	0.0
2209.546039698639	1.0	epochs	1.0
2209.546065798639	0.5	epochs	-1.0
2210.046065798639	19.998799999999846	epochs	-1.0
2210.546039698639	20.0	epochs	1.0
2210.546039698639	4.356753899999603	epochs	-1.0
2210.546039698639	1.9745871999998599	epochs	2.0
2210.546039698639	1.098562199999833	epochs	3.0
2211.644601898639	0.8760250000000269	epochs	3.0
2212.520626898639	1.3524075000000266	epochs	2.0
2212.520626898639	0.7286355000001095	epochs	3.0
2213.249262398639	0.6237719999999172	epochs	3.0
2213.873034398639	1.0297591999997167	epochs	2.0
2213.873034398639	0.5453293000000485	epochs	3.0
2214.418363698639	0.4844298999996681	epochs	3.0
2214.9027935986387	0.8317862000003515	epochs	2.0
2214.9027935986387	0.43577630000027057	epochs	3.0
2215.338569898639	0.39600990000008096	epochs	3.0
2215.734579798639	0.6977969999998095	epochs	2.0
2215.734579798639	0.3628982000000178	epochs	3.0
2216.097477998639	0.33489879999979166	epochs	3.0
2216.432376798639	0.6010457000002134	epochs	2.0
2216.432376798639	0.3109122999999272	epochs	3.0
2216.743289098639	0.2901334000002862	epochs	3.0
2217.033422498639	0.5278859000000011	epochs	2.0
2217.033422498639	0.2719585999998344	epochs	3.0
2217.305381098639	0.2559273000001667	epochs	3.0
2217.561308398639	0.4706192999997256	epochs	2.0
2217.561308398639	0.241681299999982	epochs	3.0
2217.802989698639	0.22893799999974362	epochs	3.0
2218.031927698639	0.42457039999999324	epochs	2.0
2218.031927698639	0.21747140000024956	epochs	3.0
2218.249399098639	0.20709899999974368	epochs	3.0
2218.456498098639	0.3867353999999068	epochs	2.0
2218.456498098639	0.19767110000020693	epochs	3.0
2218.654169198639	0.18906429999969987	epochs	3.0
2218.8432334986387	0.3550953000003574	epochs	2.0
2218.8432334986387	0.18117590000019845	epochs	3.0
2219.024409398639	0.17391940000015893	epochs	3.0
2219.198328798639	0.3282430999997814	epochs	2.0
2219.198328798639	0.16722189999973125	epochs	3.0
2219.365550698639	0.16102120000005016	epochs	3.0
2219.526571898639	0.3051679999998669	epochs	2.0
2219.526571898639	0.15526390000013635	epochs	3.0
2219.681835798639	0.14990409999973053	epochs	3.0
2219.8317398986387	0.2851253000003453	epochs	2.0
2219.8317398986387	0.14490210000030856	epochs	3.0
2219.976641998639	0.14022320000003674	epochs	3.0
2220.116865198639	0.2675537999998596	epochs	2.0
2220.116865198639	0.1358368999999584	epochs	3.0
2220.252702098639	0.13171689999990122	epochs	3.0
2220.384418998639	0.25202290000015637	epochs	2.0
2220.384418998639	0.12783929999977772	epochs	3.0
2220.5122582986387	0.12418360000037865	epochs	3.0
2220.636441898639	0.23819649999995818	epochs	2.0
2220.636441898639	0.1207310999998299	epochs	3.0
2220.757172998639	0.11746540000012828	epochs	3.0
2220.874638398639	0.22580879999986792	epochs	2.0
2220.874638398639	0.11437189999969632	epochs	3.0
2220.9890102986387	0.11143690000017159	epochs	3.0
2221.100447198639	0.21464599999990241	epochs	2.0
2221.100447198639	0.10864889999993466	epochs	3.0
2221.209096098639	0.10599709999996776	epochs	3.0
2221.315093198639	0.20453500000030544	epochs	2.0
2221.315093198639	0.10347150000006877	epochs	3.0
2221.418564698639	0.10106350000023667	epochs	3.0
2221.519628198639	0.19533400000000256	epochs	2.0
2221.519628198639	0.09876509999958216	epochs	3.0
2221.6183932986387	0.0965689000004204	epochs	3.0
2221.714962198639	0.18692529999998442	epochs	2.0
2221.714962198639	0.09446829999978945	epochs	3.0
2221.809430498639	0.09245700000019497	epochs	3.0
2221.901887498639	0.17921069999965766	epochs	2.0
2221.901887498639	0.09052959999962695	epochs	3.0
2221.9924170986387	0.08868110000003071	epochs	3.0
2222.0810981986388	0.17210770000019693	epochs	2.0
2222.0810981986388	0.08690630000000965	epochs	3.0
2222.1680044986388	0.08520140000018728	epochs	3.0
2222.253205898639	0.16554640000003928	epochs	2.0
2222.253205898639	0.08356189999994967	epochs	3.0
2222.336767798639	0.08198450000008961	epochs	3.0
2222.418752298639	0.15946709999980158	epochs	2.0
2222.418752298639	0.08046539999986635	epochs	3.0
2222.499217698639	0.07900169999993523	epochs	3.0
2222.578219398639	0.15381840000009106	epochs	2.0
2222.578219398639	0.07759010000017952	epochs	3.0
2222.655809498639	0.07622829999991154	epochs	3.0
2222.732037798639	0.14855639999996129	epochs	2.0
2222.732037798639	0.07491329999993468	epochs	3.0
2222.806951098639	0.0736431000000266	epochs	3.0
2222.880594198639	0.1436423999998624	epochs	2.0
2222.880594198639	0.07241500000009182	epochs	3.0
2222.953009198639	0.07122739999977057	epochs	3.0
2223.0242365986387	0.13904309999998077	epochs	2.0
2223.0242365986387	0.07007800000019415	epochs	3.0
2223.094314598639	0.06896509999978662	epochs	3.0
2223.1632796986387	0.13472930000034467	epochs	2.0
2223.1632796986387	0.0678871000000072	epochs	3.0
2223.2311667986387	0.06684220000033747	epochs	3.0
2223.298008998639	0.1306752000000415	epochs	2.0
2223.298008998639	0.06582909999997355	epochs	3.0
2223.363838098639	0.06484610000006796	epochs	3.0
2223.428684198639	0.1268577999999252	epochs	2.0
2223.428684198639	0.06389199999966877	epochs	3.0
2223.4925761986387	0.06296580000025642	epochs	3.0
2223.555541998639	0.12325719999989815	epochs	2.0
2223.555541998639	0.06206579999980022	epochs	3.0
2223.617607798639	0.06119140000009793	epochs	3.0
2223.678799198639	0.1198554000002332	epochs	2.0
2223.678799198639	0.060341100000187	epochs	3.0
2223.739140298639	0.059514300000046205	epochs	3.0
2223.798654598639	0.1166361999999026	epochs	2.0
2223.798654598639	0.058709599999929196	epochs	3.0
2223.857364198639	0.057926599999973405	epochs	3.0
2223.915290798639	0.11358560000007856	epochs	2.0
2223.915290798639	0.05716419999998834	epochs	3.0
2223.972454998639	0.056421400000090216	epochs	3.0
2224.028876398639	0.11069049999969138	epochs	2.0
2224.028876398639	0.05569789999981367	epochs	3.0
2224.084574298639	0.05499259999987771	epochs	3.0
2224.139566898639	0.10793910000029427	epochs	2.0
2224.139566898639	0.054304900000261114	epochs	3.0
2224.193871798639	0.05363420000003316	epochs	3.0
2224.247505998639	0.10532149999971807	epochs	2.0
2224.247505998639	0.05297999999993408	epochs	3.0
2224.300485998639	0.05234149999978399	epochs	3.0
2224.352827498639	0.10282760000018243	epochs	2.0
2224.352827498639	0.05171810000001642	epochs	3.0
2224.404545598639	0.05110950000016601	epochs	3.0
2224.455655098639	0.10044909999987794	epochs	2.0
2224.455655098639	0.050514900000052876	epochs	3.0
2224.506169998639	0.04993419999982507	epochs	3.0
2224.556104198639	0.09817830000019967	epochs	2.0
2224.556104198639	0.0493666000002122	epochs	3.0
2224.605470798639	0.04881169999998747	epochs	3.0
2224.654282498639	0.09600779999982478	epochs	2.0
2224.654282498639	0.04826920000004975	epochs	3.0
2224.702551698639	0.04773859999977503	epochs	3.0
2224.750290298639	0.09393120000004274	epochs	2.0
2224.750290298639	0.047219500000210246	epochs	3.0
2224.797509798639	0.04671169999983249	epochs	3.0
2224.844221498639	0.09194260000003851	epochs	2.0
2224.844221498639	0.046214599999984785	epochs	3.0
2224.890436098639	0.045728000000053726	epochs	3.0
2224.936164098639	0.09003630000006524	epochs	2.0
2224.936164098639	0.045251499999722	epochs	3.0
2224.9814155986387	0.04478480000034324	epochs	3.0
2225.026200398639	0.0882075999998051	epochs	2.0
2225.026200398639	0.04432779999979175	epochs	3.0
2225.070528198639	0.04387980000001335	epochs	3.0
2225.114407998639	0.0864516999999978	epochs	2.0
2225.114407998639	0.04344100000025719	epochs	3.0
2225.157848998639	0.04301069999974061	epochs	3.0
2225.200859698639	0.08476430000018809	epochs	2.0
2225.200859698639	0.04258900000013455	epochs	3.0
2225.243448698639	0.04217530000005354	epochs	3.0
2225.285623998639	0.08314149999978326	epochs	2.0
2225.285623998639	0.04176969999980429	epochs	3.0
2225.327393698639	0.041371799999978975	epochs	3.0
2225.368765498639	0.08157970000002024	epochs	2.0
2225.368765498639	0.040981399999964196	epochs	3.0
2225.409746898639	0.04059830000005604	epochs	3.0
2225.450345198639	0.08007550000002084	epochs	2.0
2225.450345198639	0.040222300000095856	epochs	3.0
2225.490567498639	0.03985319999992498	epochs	3.0
2225.530420698639	0.07862569999997504	epochs	2.0
2225.530420698639	0.03949079999983951	epochs	3.0
2225.5699114986387	0.03913490000013553	epochs	3.0
2225.609046398639	0.07722760000024209	epochs	2.0
2225.609046398639	0.038785400000051595	epochs	3.0
2225.647831798639	0.038442200000190496	epochs	3.0
2225.686273998639	0.07587819999980638	epochs	2.0
2225.686273998639	0.03810479999992822	epochs	3.0
2225.724378798639	0.037773399999878166	epochs	3.0
2225.762152198639	0.07457520000025397	epochs	2.0
2225.762152198639	0.03744770000002973	epochs	3.0
2225.799599898639	0.037127500000224245	epochs	3.0
2225.836727398639	0.07331629999998768	epochs	2.0
2225.836727398639	0.03681289999985893	epochs	3.0
2225.873540298639	0.03650340000012875	epochs	3.0
2225.910043698639	0.07209899999998015	epochs	2.0
2225.910043698639	0.03619909999997617	epochs	3.0
2225.946242798639	0.03589990000000398	epochs	3.0
2225.982142698639	0.07092169999987163	epochs	2.0
2225.982142698639	0.03560559999959878	epochs	3.0
2226.0177482986387	0.035316100000272854	epochs	3.0
2226.053064398639	0.06978200000003199	epochs	2.0
2226.053064398639	0.03503120000004856	epochs	3.0
2226.088095598639	0.03475079999998343	epochs	3.0
2226.122846398639	0.06867860000011206	epochs	2.0
2226.122846398639	0.03447509999978138	epochs	3.0
2226.157321498639	0.03420350000033068	epochs	3.0
2226.191524998639	0.06760929999973087	epochs	2.0
2226.191524998639	0.033936199999970995	epochs	3.0
2226.225461198639	0.03367309999975987	epochs	3.0
2226.259134298639	0.06657290000021021	epochs	2.0
2226.259134298639	0.03341399999999339	epochs	3.0
2226.292548298639	0.03315890000021682	epochs	3.0
2226.325707198639	0.06556779999982609	epochs	2.0
2226.325707198639	0.032907699999668694	epochs	3.0
2226.3586148986387	0.0326601000001574	epochs	3.0
2226.391274998639	0.0645926000001964	epochs	2.0
2226.391274998639	0.03241639999987456	epochs	3.0
2226.4236913986388	0.03217620000032184	epochs	3.0
2226.455867598639	0.06364599999960774	epochs	2.0
2226.455867598639	0.03193959999998697	epochs	3.0
2226.487807198639	0.03170639999962077	epochs	3.0
2226.5195135986387	0.06272670000043945	epochs	2.0
2226.5195135986387	0.03147660000013275	epochs	3.0
2226.550990198639	0.0312501000003067	epochs	3.0
2226.582240298639	0.06183359999977256	epochs	2.0
2226.582240298639	0.031026899999687885	epochs	3.0
2226.613267198639	0.030806700000084675	epochs	3.0
2226.644073898639	0.06096560000014506	epochs	2.0
2226.644073898639	0.03058980000014344	epochs	3.0
2226.674663698639	0.030375800000001618	epochs	3.0
2226.705039498639	0.06012160000000222	epochs	2.0
2226.705039498639	0.030164899999817862	epochs	3.0
2226.735204398639	0.029956700000184355	epochs	3.0
2226.765161098639	0.05930069999976695	epochs	2.0
2226.765161098639	0.029751600000054168	epochs	3.0
2226.794912698639	0.02954909999971278	epochs	3.0
2226.824461798639	0.058501800000158255	epochs	2.0
2226.824461798639	0.029349400000228343	epochs	3.0
2226.853811198639	0.029152399999929912	epochs	3.0
2226.882963598639	0.05772419999993872	epochs	2.0
2226.882963598639	0.028957999999875028	epochs	3.0
2226.911921598639	0.02876620000006369	epochs	3.0
2226.940687798639	0.056967099999837956	epochs	2.0
2226.940687798639	0.028577000000041153	epochs	3.0
2226.969264798639	0.028390099999796803	epochs	3.0
2226.9976548986388	0.05622949999997218	epochs	2.0
2226.9976548986388	0.028205699999944045	epochs	3.0
2227.0258605986387	0.028023800000028132	epochs	3.0
2227.0538843986387	0.05551070000001346	epochs	2.0
2227.0538843986387	0.027844000000186497	epochs	3.0
2227.081728398639	0.02766669999982696	epochs	3.0
2227.1093950986387	0.05481020000024728	epochs	2.0
2227.1093950986387	0.02749149999999645	epochs	3.0
2227.1368865986387	0.02731870000025083	epochs	3.0
2227.164205298639	0.054126999999880354	epochs	2.0
2227.164205298639	0.027147799999966082	epochs	3.0
2227.191353098639	0.026979199999914272	epochs	3.0
2227.218332298639	0.053460699999959616	epochs	2.0
2227.218332298639	0.026812600000084785	epochs	3.0
2227.245144898639	0.02664809999987483	epochs	3.0
2227.271792998639	0.05281070000000909	epochs	2.0
2227.271792998639	0.0264855999998872	epochs	3.0
2227.2982785986387	0.026325100000121893	epochs	3.0
2227.324603698639	0.05217620000030365	epochs	2.0
2227.324603698639	0.026166399999965506	epochs	3.0
2227.350770098639	0.026009800000338146	epochs	3.0
2227.376779898639	0.05155669999976453	epochs	2.0
2227.376779898639	0.0258547999997063	epochs	3.0
2227.402634698639	0.02570190000005823	epochs	3.0
2227.428336598639	0.05095190000020011	epochs	2.0
2227.428336598639	0.025550700000167126	epochs	3.0
2227.453887298639	0.025401200000032986	epochs	3.0
2227.479288498639	0.05036099999961152	epochs	2.0
2227.479288498639	0.025253499999962514	epochs	3.0
2227.504541998639	0.025107499999649008	epochs	3.0
2227.5296494986387	0.04978380000011384	epochs	2.0
2227.5296494986387	0.02496320000000196	epochs	3.0
2227.5546126986387	0.02482060000011188	epochs	3.0
2227.579433298639	0.04921950000016295	epochs	2.0
2227.579433298639	0.024679399999968155	epochs	3.0
2227.604112698639	0.024540100000194798	epochs	3.0
2227.628652798639	0.04866790000005494	epochs	2.0
2227.628652798639	0.024402099999861093	epochs	3.0
2227.653054898639	0.02426580000019385	epochs	3.0
2227.677320698639	0.048128599999927246	epochs	2.0
2227.677320698639	0.024130999999670166	epochs	3.0
2227.7014516986387	0.02399760000025708	epochs	3.0
2227.725449298639	0.047601100000065344	epochs	2.0
2227.725449298639	0.02386579999983951	epochs	3.0
2227.749315098639	0.023735300000225834	epochs	3.0
2227.773050398639	0.047084999999697175	epochs	2.0
2227.773050398639	0.02360629999975572	epochs	3.0
2227.796656698639	0.023478699999941455	epochs	3.0
2227.8201353986387	0.04658000000017637	epochs	2.0
2227.8201353986387	0.02335250000032829	epochs	3.0
2227.843487898639	0.023227499999848078	epochs	3.0
2227.866715398639	0.04608569999982137	epochs	2.0
2227.866715398639	0.02310399999987567	epochs	3.0
2227.889819398639	0.022981699999945704	epochs	3.0
2227.9128010986387	0.045601799999985815	epochs	2.0
2227.9128010986387	0.022860700000364886	epochs	3.0
2227.935661798639	0.02274109999962093	epochs	3.0
2227.9584028986387	0.04512790000035238	epochs	2.0
2227.9584028986387	0.022622500000125	epochs	3.0
2227.981025398639	0.022505400000227382	epochs	3.0
2228.003530798639	0.04466379999985293	epochs	2.0
2228.003530798639	0.022389299999758805	epochs	3.0
2228.025920098639	0.022274500000094122	epochs	3.0
2228.048194598639	0.044209199999841076	epochs	2.0
2228.048194598639	0.02216080000016518	epochs	3.0
2228.070355398639	0.022048399999675894	epochs	3.0
2228.0924037986388	0.04376360000014756	epochs	2.0
2228.0924037986388	0.021936900000127935	epochs	3.0
2228.114340698639	0.021826700000019628	epochs	3.0
2228.136167398639	0.043327100000169594	epochs	2.0
2228.136167398639	0.02171760000010181	epochs	3.0
2228.157884998639	0.021609500000067783	epochs	3.0
2228.179494498639	0.04289900000003399	epochs	2.0
2228.179494498639	0.021502499999769498	epochs	3.0
2228.200996998639	0.021396500000264496	epochs	3.0
2228.222393498639	0.04247949999989942	epochs	2.0
2228.222393498639	0.021291699999892444	epochs	3.0
2228.243685198639	0.021187800000006973	epochs	3.0
2228.264872998639	0.04206789999989269	epochs	2.0
2228.264872998639	0.02108490000000529	epochs	3.0
2228.285957898639	0.020982999999887397	epochs	3.0
2228.306940898639	0.041664400000172463	epochs	2.0
2228.306940898639	0.020882199999959994	epochs	3.0
2228.327823098639	0.02078220000021247	epochs	3.0
2228.348605298639	0.04126849999965998	epochs	2.0
2228.348605298639	0.02068329999974594	epochs	3.0
2228.369288598639	0.02058519999991404	epochs	3.0
2228.3898737986387	0.04088000000001557	epochs	2.0
2228.3898737986387	0.020488099999965925	epochs	3.0
2228.4103618986387	0.020391900000049645	epochs	3.0
2228.4307537986388	0.04049880000002304	epochs	2.0
2228.4307537986388	0.0202966000001652	epochs	3.0
2228.451050398639	0.02020219999985784	epochs	3.0
2228.471252598639	0.04012460000012652	epochs	2.0
2228.471252598639	0.02010870000003706	epochs	3.0
2228.491361298639	0.02001590000008946	epochs	3.0
2228.511377198639	0.03975730000001931	epochs	2.0
2228.511377198639	0.0199241999998776	epochs	3.0
2228.531301398639	0.019833100000141712	epochs	3.0
2228.551134498639	0.03939669999999751	epochs	2.0
2228.551134498639	0.019742999999834865	epochs	3.0
2228.5708774986388	0.019653700000162644	epochs	3.0
2228.590531198639	0.03904240000019854	epochs	2.0
2228.590531198639	0.019565099999908853	epochs	3.0
2228.610096298639	0.019477300000289688	epochs	3.0
2228.629573598639	0.03869459999987157	epochs	2.0
2228.629573598639	0.019390399999792862	epochs	3.0
2228.648963998639	0.01930420000007871	epochs	3.0
2228.668268198639	0.03835290000006353	epochs	2.0
2228.668268198639	0.019218800000089686	epochs	3.0
2228.687486998639	0.01913409999997384	epochs	3.0
2228.706621098639	0.03801720000001296	epochs	2.0
2228.706621098639	0.019050200000037876	epochs	3.0
2228.725671298639	0.018966999999975087	epochs	3.0
2228.744638298639	0.037687199999709264	epochs	2.0
2228.744638298639	0.018884499999785476	epochs	3.0
2228.763522798639	0.01880269999992379	epochs	3.0
2228.782325498639	0.037363100000220584	epochs	2.0
2228.782325498639	0.01872170000024198	epochs	3.0
2228.801047198639	0.018641399999978603	epochs	3.0
2228.819688598639	0.03704429999970671	epochs	2.0
2228.819688598639	0.018561599999884493	epochs	3.0
2228.838250198639	0.018482699999822216	epochs	3.0
2228.8567328986387	0.036731000000145286	epochs	2.0
2228.8567328986387	0.018404300000383955	epochs	3.0
2228.875137198639	0.01832669999976133	epochs	3.0
2228.893463898639	0.03642290000016146	epochs	2.0
2228.893463898639	0.01824960000021747	epochs	3.0
2228.911713498639	0.018173299999943993	epochs	3.0
2228.929886798639	0.03612010000006194	epochs	2.0
2228.929886798639	0.018097599999691738	epochs	3.0
2228.9479843986387	0.0180225000003702	epochs	3.0
2228.966006898639	0.03582209999967745	epochs	2.0
2228.966006898639	0.01794789999985369	epochs	3.0
2228.983954798639	0.01787419999982376	epochs	3.0
2229.0018289986388	0.03552900000022419	epochs	2.0
2229.0018289986388	0.017800800000259187	epochs	3.0
2229.019629798639	0.017728199999965	epochs	3.0
2229.037357998639	0.03524070000003121	epochs	2.0
2229.037357998639	0.01765609999984008	epochs	3.0
2229.055014098639	0.01758460000019113	epochs	3.0
2229.072598698639	0.03495709999970131	epochs	2.0
2229.072598698639	0.017513700000108656	epochs	3.0
2229.090112398639	0.017443399999592657	epochs	3.0
2229.1075557986387	0.03467790000013338	epochs	2.0
2229.1075557986387	0.01737360000015542	epochs	3.0
2229.124929398639	0.017304299999977957	epochs	3.0
2229.142233698639	0.03440330000012182	epochs	2.0
2229.142233698639	0.017235700000128418	epochs	3.0
2229.159469398639	0.0171675999999934	epochs	3.0
2229.176636998639	0.03413279999995211	epochs	2.0
2229.176636998639	0.017099900000175694	epochs	3.0
2229.193736898639	0.01703289999977642	epochs	3.0
2229.210769798639	0.03386670000008962	epochs	2.0
2229.210769798639	0.01696640000000116	epochs	3.0
2229.227736198639	0.016900300000088464	epochs	3.0
2229.244636498639	0.033604599999762286	epochs	2.0
2229.244636498639	0.016834799999742245	epochs	3.0
2229.2614712986388	0.01676980000002004	epochs	3.0
2229.278241098639	0.0333466000001863	epochs	2.0
2229.278241098639	0.016705300000012357	epochs	3.0
2229.294946398639	0.016641300000173942	epochs	3.0
2229.311587698639	0.033092499999838765	epochs	2.0
2229.311587698639	0.016577800000050047	epochs	3.0
2229.328165498639	0.016514699999788718	epochs	3.0
2229.344680198639	0.032842300000083924	epochs	2.0
2229.344680198639	0.01645220000000336	epochs	3.0
2229.361132398639	0.016390100000080565	epochs	3.0
2229.377522498639	0.03259570000000167	epochs	2.0
2229.377522498639	0.016328400000020338	epochs	3.0
2229.393850898639	0.016267299999981333	epochs	3.0
2229.410118198639	0.03235290000020541	epochs	2.0
2229.410118198639	0.01620660000025964	epochs	3.0
2229.426324798639	0.016146299999945768	epochs	3.0
2229.442471098639	0.03211369999962699	epochs	2.0
2229.442471098639	0.016086599999653117	epochs	3.0
2229.4585576986387	0.01602709999997387	epochs	3.0
2229.4745847986387	0.03187800000023344	epochs	2.0
2229.4745847986387	0.015968200000315846	epochs	3.0
2229.490552998639	0.015909799999917595	epochs	3.0
2229.506462798639	0.03164569999989908	epochs	2.0
2229.506462798639	0.01585160000013275	epochs	3.0
2229.522314398639	0.01579409999976633	epochs	3.0
2229.538108498639	0.03141670000013619	epochs	2.0
2229.538108498639	0.015736700000161363	epochs	3.0
2229.553845198639	0.015679999999974825	epochs	3.0
2229.569525198639	0.03119109999988723	epochs	2.0
2229.569525198639	0.015623599999798898	epochs	3.0
2229.585148798639	0.01556750000008833	epochs	3.0
2229.600716298639	0.030968699999903038	epochs	2.0
2229.600716298639	0.015511999999944237	epochs	3.0
2229.616228298639	0.0154566999999588	epochs	3.0
2229.631684998639	0.030749500000183616	epochs	2.0
2229.631684998639	0.015401999999994587	epochs	3.0
2229.6470869986388	0.01534750000018903	epochs	3.0
2229.662434498639	0.030533199999808858	epochs	2.0
2229.662434498639	0.01529339999979129	epochs	3.0
2229.6777278986388	0.015239800000017567	epochs	3.0
2229.6929676986388	0.030320100000153616	epochs	2.0
2229.6929676986388	0.015186500000254455	epochs	3.0
2229.708154198639	0.015133599999899161	epochs	3.0
2229.723287798639	0.030109899999843037	epochs	2.0
2229.723287798639	0.015081000000009226	epochs	3.0
2229.738368798639	0.015028899999833811	epochs	3.0
2229.7533976986388	0.029902499999934662	epochs	2.0
2229.7533976986388	0.0149770000002718	epochs	3.0
2229.768374698639	0.014925499999662861	epochs	3.0
2229.7833001986387	0.0296981000001324	epochs	2.0
2229.7833001986387	0.01487440000028073	epochs	3.0
2229.798174598639	0.01482369999985167	epochs	3.0
2229.812998298639	0.029496300000118936	epochs	2.0
2229.812998298639	0.014773200000036013	epochs	3.0
2229.827771498639	0.014723100000082923	epochs	3.0
2229.842494598639	0.029297399999904883	epochs	2.0
2229.842494598639	0.014673399999992398	epochs	3.0
2229.857167998639	0.014623999999912485	epochs	3.0
2229.871791998639	0.029101099999934377	epochs	2.0
2229.871791998639	0.014574899999843183	epochs	3.0
2229.8863668986387	0.014526200000091194	epochs	3.0
2229.900893098639	0.028907400000207417	epochs	2.0
2229.900893098639	0.014477700000043114	epochs	3.0
2229.915370798639	0.014429700000164303	epochs	3.0
2229.929800498639	0.028716199999962555	epochs	2.0
2229.929800498639	0.014381800000137446	epochs	3.0
2229.944182298639	0.01433439999982511	epochs	3.0
2229.958516698639	0.02852759999996124	epochs	2.0
2229.958516698639	0.014287200000126177	epochs	3.0
2229.972803898639	0.014240399999835063	epochs	3.0
2229.987044298639	0.028341400000044814	epochs	2.0
2229.987044298639	0.014193800000157353	epochs	3.0
2230.001238098639	0.014147599999887461	epochs	3.0
2230.015385698639	0.028157700000065233	epochs	2.0
2230.015385698639	0.014101700000082928	epochs	3.0
2230.029487398639	0.014055999999982305	epochs	3.0
2230.043543398639	0.02797629999986384	epochs	2.0
2230.043543398639	0.014010599999892293	epochs	3.0
2230.057553998639	0.013965699999971548	epochs	3.0
2230.071519698639	0.027797199999895383	epochs	2.0
2230.071519698639	0.013920800000050804	epochs	3.0
2230.085440498639	0.01387639999984458	epochs	3.0
2230.099316898639	0.02762040000015986	epochs	2.0
2230.099316898639	0.01383220000025176	epochs	3.0
2230.113149098639	0.013788199999908102	epochs	3.0
2230.126937298639	0.02744589999974778	epochs	2.0
2230.126937298639	0.013744599999881757	epochs	3.0
2230.140681898639	0.013701299999866023	epochs	3.0
2230.1543831986387	0.027273500000319473	epochs	2.0
2230.1543831986387	0.013658200000008947	epochs	3.0
2230.1680413986387	0.013615300000310526	epochs	3.0
2230.181656698639	0.02710339999975986	epochs	2.0
2230.181656698639	0.013572800000019924	epochs	3.0
2230.195229498639	0.013530599999739934	epochs	3.0
2230.208760098639	0.02693520000002536	epochs	2.0
2230.208760098639	0.01348839999991469	epochs	3.0
2230.2222484986387	0.01344680000011067	epochs	3.0
2230.235695298639	0.026769200000217097	epochs	2.0
2230.235695298639	0.01340520000030665	epochs	3.0
2230.249100498639	0.013363999999910448	epochs	3.0
2230.262464498639	0.026605199999721663	epochs	2.0
2230.262464498639	0.013322899999820947	epochs	3.0
2230.275787398639	0.013282299999900715	epochs	3.0
2230.2890696986387	0.026443200000358047	epochs	2.0
2230.2890696986387	0.013241699999980483	epochs	3.0
2230.3023113986387	0.013201500000377564	epochs	3.0
2230.315512898639	0.026283199999852513	epochs	2.0
2230.315512898639	0.013161500000023807	epochs	3.0
2230.328674398639	0.013121699999828706	epochs	3.0
2230.341796098639	0.026124999999865395	epochs	2.0
2230.341796098639	0.013082099999792263	epochs	3.0
2230.3548781986387	0.013042900000073132	epochs	3.0
2230.367921098639	0.025968899999952555	epochs	2.0
2230.367921098639	0.01300390000005791	epochs	3.0
2230.380924998639	0.012964999999894644	epochs	3.0
2230.3938899986388	0.025814500000251428	epochs	2.0
2230.3938899986388	0.012926400000196736	epochs	3.0
2230.406816398639	0.012888100000054692	epochs	3.0
2230.419704498639	0.025661899999704474	epochs	2.0
2230.419704498639	0.012849899999764602	epochs	3.0
2230.432554398639	0.012811999999939871	epochs	3.0
2230.4453663986387	0.025511199999982637	epochs	2.0
2230.4453663986387	0.012774400000125752	epochs	3.0
2230.458140798639	0.012736799999856885	epochs	3.0
2230.4708775986387	0.025362300000324467	epochs	2.0
2230.4708775986387	0.012699700000212033	epochs	3.0
2230.483577298639	0.012662600000112434	epochs	3.0
2230.496239898639	0.025214999999661813	epochs	2.0
2230.496239898639	0.012625800000023446	epochs	3.0
2230.508865698639	0.012589199999638367	epochs	3.0
2230.5214548986387	0.024584800000411633	epochs	2.0
2230.544865798639	0.5	epochs	-1.0
2230.546039698639	0.9999199999997472	epochs	1.0
2231.044865798639	0.5	epochs	-1.0
2232.9479999542236	0.05504000000019005	epochs	0.0
2232.9479999542236	0.022522400000070775	epochs	1.0
2232.9705223542237	0.009995200000048499	epochs	1.0
2232.9805175542238	0.022522400000070775	epochs	1.0
2233.003039954224	2.0	epochs	0.0
2235.003039954224	0.5045599999998558	epochs	0.0
2235.003039954224	0.5045599999998558	epochs	1.0
2235.003066054224	0.5	epochs	-1.0
2235.503066054224	0.004533899999842106	epochs	-1.0
2235.5075999542237	21.49535999999989	epochs	0.0
2237.3550000190735	0.05504000000019005	epochs	0.0
2237.3550000190735	0.022522400000070775	epochs	1.0
2237.3775224190736	0.009995200000048499	epochs	1.0
2237.3875176190736	0.022522400000070775	epochs	1.0
2237.4100400190737	2.0	epochs	0.0
2239.4100400190737	0.5045599999998558	epochs	0.0
2239.4100400190737	0.5045599999998558	epochs	1.0
2239.4100661190737	0.5	epochs	-1.0
2239.9100661190737	0.004533899999842106	epochs	-1.0
2239.9146000190735	21.49535999999989	epochs	0.0
2241.2509999275208	0.05504000000019005	epochs	0.0
2241.2509999275208	0.022522400000070775	epochs	1.0
2241.273522327521	0.009995200000048499	epochs	1.0
2241.283517527521	0.022522400000070775	epochs	1.0
2241.306039927521	2.0	epochs	0.0
2243.306039927521	0.5046399999996538	epochs	0.0
2243.306039927521	0.5046399999996538	epochs	1.0
2243.306066027521	0.5	epochs	-1.0
2243.806066027521	0.004613899999640125	epochs	-1.0
2243.8106799275206	21.495280000000093	epochs	0.0
2300.789999961853	0.1068000000000211	epochs	0.0
2300.789999961853	0.04840180000019245	epochs	1.0
2300.838401761853	0.009996399999636196	epochs	1.0
2300.848398161853	0.04840180000019245	epochs	1.0
2300.896799961853	2.0	epochs	0.0
2302.896799961853	5.3927199999998265	epochs	0.0
2302.896799961853	1.0	epochs	1.0
2302.896837561853	0.5	epochs	-1.0
2303.396837561853	4.892682400000012	epochs	-1.0
2303.896799961853	4.3927199999998265	epochs	1.0
2303.896799961853	4.356753900000058	epochs	-1.0
2303.896799961853	1.9745871999998599	epochs	2.0
2303.896799961853	1.098562199999833	epochs	3.0
2304.995362161853	0.8760250000000269	epochs	3.0
2305.871387161853	1.3524075000000266	epochs	2.0
2305.871387161853	0.7286355000001095	epochs	3.0
2306.600022661853	0.6237719999999172	epochs	3.0
2307.223794661853	1.0297592000001714	epochs	2.0
2307.223794661853	0.5453293000000485	epochs	3.0
2307.769123961853	0.48442990000012287	epochs	3.0
2308.253553861853	0.03596609999976863	epochs	2.0
2308.253553861853	0.03596609999976863	epochs	3.0
2308.289519961853	16.607200000000375	epochs	0.0
2309.6349997520447	0.1068000000000211	epochs	0.0
2309.6349997520447	0.04840180000019245	epochs	1.0
2309.683401552045	0.009996399999636196	epochs	1.0
2309.6933979520445	0.04840180000019245	epochs	1.0
2309.7417997520447	2.0	epochs	0.0
2311.7417997520447	21.533600000000206	epochs	0.0
2311.7417997520447	1.0	epochs	1.0
2311.7418373520445	0.5	epochs	-1.0
2312.2418373520445	19.998960000000352	epochs	-1.0
2312.7417997520447	20.0	epochs	1.0
2312.7417997520447	4.356753900000058	epochs	-1.0
2312.7417997520447	1.9745871999998599	epochs	2.0
2312.7417997520447	1.098562199999833	epochs	3.0
2313.8403619520445	0.8760250000000269	epochs	3.0
2314.7163869520446	1.3524075000000266	epochs	2.0
2314.7163869520446	0.7286355000001095	epochs	3.0
2315.4450224520447	0.6237719999999172	epochs	3.0
2316.0687944520446	1.0297592000001714	epochs	2.0
2316.0687944520446	0.5453293000000485	epochs	3.0
2316.6141237520446	0.48442990000012287	epochs	3.0
2317.0985536520448	0.8317861999998968	epochs	2.0
2317.0985536520448	0.4357762999998158	epochs	3.0
2317.5343299520446	0.39600990000008096	epochs	3.0
2317.9303398520447	0.6977969999998095	epochs	2.0
2317.9303398520447	0.3628982000000178	epochs	3.0
2318.2932380520447	0.33489879999979166	epochs	3.0
2318.6281368520445	0.6010457000002134	epochs	2.0
2318.6281368520445	0.31091230000038195	epochs	3.0
2318.939049152045	0.29013339999983145	epochs	3.0
2319.2291825520447	0.5278859000000011	epochs	2.0
2319.2291825520447	0.2719585999998344	epochs	3.0
2319.5011411520445	0.2559273000001667	epochs	3.0
2319.7570684520447	0.4706193000001804	epochs	2.0
2319.7570684520447	0.241681299999982	epochs	3.0
2319.9987497520447	0.22893800000019837	epochs	3.0
2320.227687752045	0.42457039999999324	epochs	2.0
2320.227687752045	0.2174713999997948	epochs	3.0
2320.4451591520447	0.20709900000019843	epochs	3.0
2320.652258152045	0.3867353999999068	epochs	2.0
2320.652258152045	0.1976710999997522	epochs	3.0
2320.8499292520446	0.18906430000015462	epochs	3.0
2321.0389935520448	0.35509529999990264	epochs	2.0
2321.0389935520448	0.1811758999997437	epochs	3.0
2321.2201694520445	0.17391940000015893	epochs	3.0
2321.3940888520447	0.32824310000023615	epochs	2.0
2321.3940888520447	0.167221900000186	epochs	3.0
2321.561310752045	0.16102120000005016	epochs	3.0
2321.722331952045	0.3051679999998669	epochs	2.0
2321.722331952045	0.1552638999996816	epochs	3.0
2321.8775958520446	0.14990410000018528	epochs	3.0
2322.0274999520448	0.28512529999989056	epochs	2.0
2322.0274999520448	0.14490209999985382	epochs	3.0
2322.1724020520446	0.14022320000003674	epochs	3.0
2322.3126252520447	0.2675537999998596	epochs	2.0
2322.3126252520447	0.1358368999999584	epochs	3.0
2322.4484621520446	0.13171689999990122	epochs	3.0
2322.5801790520445	0.25202290000015637	epochs	2.0
2322.5801790520445	0.12783930000023247	epochs	3.0
2322.7080183520447	0.1241835999999239	epochs	3.0
2322.8322019520447	0.23819649999995818	epochs	2.0
2322.8322019520447	0.1207310999998299	epochs	3.0
2322.9529330520445	0.11746540000012828	epochs	3.0
2323.0703984520446	0.22580879999986792	epochs	2.0
2323.0703984520446	0.11437190000015107	epochs	3.0
2323.184770352045	0.11143689999971684	epochs	3.0
2323.2962072520445	0.21464600000035716	epochs	2.0
2323.2962072520445	0.1086489000003894	epochs	3.0
2323.404856152045	0.10599709999996776	epochs	3.0
2323.510853252045	0.2045349999998507	epochs	2.0
2323.510853252045	0.10347149999961403	epochs	3.0
2323.6143247520445	0.10106350000023667	epochs	3.0
2323.7153882520447	0.19533400000000256	epochs	2.0
2323.7153882520447	0.09876510000003691	epochs	3.0
2323.8141533520447	0.09656889999996565	epochs	3.0
2323.9107222520447	0.18692529999998442	epochs	2.0
2323.9107222520447	0.09446829999978945	epochs	3.0
2324.0051905520445	0.09245700000019497	epochs	3.0
2324.0976475520447	0.1792107000001124	epochs	2.0
2324.0976475520447	0.0905296000000817	epochs	3.0
2324.188177152045	0.08868110000003071	epochs	3.0
2324.276858252045	0.17210769999974218	epochs	2.0
2324.276858252045	0.08690630000000965	epochs	3.0
2324.363764552045	0.08520139999973253	epochs	3.0
2324.4489659520445	0.16554640000003928	epochs	2.0
2324.4489659520445	0.08356189999994967	epochs	3.0
2324.5325278520445	0.08198450000008961	epochs	3.0
2324.6145123520446	0.15946710000025632	epochs	2.0
2324.6145123520446	0.08046539999986635	epochs	3.0
2324.6949777520445	0.07900170000038997	epochs	3.0
2324.773979452045	0.1538183999996363	epochs	2.0
2324.773979452045	0.07759009999972477	epochs	3.0
2324.8515695520446	0.07622829999991154	epochs	3.0
2324.9277978520445	0.14855640000041603	epochs	2.0
2324.9277978520445	0.07491330000038943	epochs	3.0
2325.002711152045	0.0736431000000266	epochs	3.0
2325.076354252045	0.1436423999998624	epochs	2.0
2325.076354252045	0.07241499999963708	epochs	3.0
2325.1487692520445	0.07122740000022532	epochs	3.0
2325.2199966520448	0.13904309999998077	epochs	2.0
2325.2199966520448	0.0700779999997394	epochs	3.0
2325.2900746520445	0.06896510000024136	epochs	3.0
2325.3590397520447	0.13472929999988992	epochs	2.0
2325.3590397520447	0.0678871000000072	epochs	3.0
2325.4269268520447	0.06684219999988272	epochs	3.0
2325.4937690520446	0.1306752000000415	epochs	2.0
2325.4937690520446	0.06582909999997355	epochs	3.0
2325.5595981520446	0.06484610000006796	epochs	3.0
2325.6244442520447	0.1268577999999252	epochs	2.0
2325.6244442520447	0.06389200000012352	epochs	3.0
2325.688336252045	0.06296579999980167	epochs	3.0
2325.7513020520446	0.12325719999989815	epochs	2.0
2325.7513020520446	0.06206580000025497	epochs	3.0
2325.813367852045	0.06119139999964318	epochs	3.0
2325.8745592520445	0.1198554000002332	epochs	2.0
2325.8745592520445	0.060341100000187	epochs	3.0
2325.9349003520447	0.059514300000046205	epochs	3.0
2325.9944146520447	0.1166361999999026	epochs	2.0
2325.9944146520447	0.058709599999929196	epochs	3.0
2326.0531242520447	0.057926599999973405	epochs	3.0
2326.1110508520446	0.11358560000007856	epochs	2.0
2326.1110508520446	0.05716419999998834	epochs	3.0
2326.1682150520446	0.056421400000090216	epochs	3.0
2326.2246364520447	0.11069050000014613	epochs	2.0
2326.2246364520447	0.05569789999981367	epochs	3.0
2326.2803343520445	0.05499260000033246	epochs	3.0
2326.335326952045	0.10793909999983953	epochs	2.0
2326.335326952045	0.054304899999806366	epochs	3.0
2326.3896318520447	0.05363420000003316	epochs	3.0
2326.4432660520447	0.10532150000017282	epochs	2.0
2326.4432660520447	0.05297999999993408	epochs	3.0
2326.4962460520446	0.05234150000023874	epochs	3.0
2326.548587552045	0.10282759999972768	epochs	2.0
2326.548587552045	0.05171810000001642	epochs	3.0
2326.600305652045	0.05110949999971126	epochs	3.0
2326.6514151520446	0.10044909999987794	epochs	2.0
2326.6514151520446	0.050514900000052876	epochs	3.0
2326.7019300520446	0.04993419999982507	epochs	3.0
2326.7518642520445	0.09817830000019967	epochs	2.0
2326.7518642520445	0.0493666000002122	epochs	3.0
2326.8012308520447	0.04881169999998747	epochs	3.0
2326.8500425520447	0.09600779999982478	epochs	2.0
2326.8500425520447	0.04826920000004975	epochs	3.0
2326.8983117520447	0.04773859999977503	epochs	3.0
2326.9460503520445	0.09393120000004274	epochs	2.0
2326.9460503520445	0.047219500000210246	epochs	3.0
2326.9932698520447	0.04671169999983249	epochs	3.0
2327.0399815520445	0.09194260000003851	epochs	2.0
2327.0399815520445	0.046214599999984785	epochs	3.0
2327.0861961520445	0.045728000000053726	epochs	3.0
2327.1319241520446	0.09003630000006524	epochs	2.0
2327.1319241520446	0.04525150000017675	epochs	3.0
2327.1771756520448	0.04478479999988849	epochs	3.0
2327.2219604520446	0.08820760000025984	epochs	2.0
2327.2219604520446	0.0443278000002465	epochs	3.0
2327.266288252045	0.04387980000001335	epochs	3.0
2327.310168052045	0.0864516999999978	epochs	2.0
2327.310168052045	0.04344099999980244	epochs	3.0
2327.3536090520447	0.04301070000019536	epochs	3.0
2327.396619752045	0.08476429999973334	epochs	2.0
2327.396619752045	0.0425889999996798	epochs	3.0
2327.4392087520446	0.04217530000005354	epochs	3.0
2327.4813840520446	0.08314150000023801	epochs	2.0
2327.4813840520446	0.041769700000259036	epochs	3.0
2327.523153752045	0.041371799999978975	epochs	3.0
2327.564525552045	0.08157970000002024	epochs	2.0
2327.564525552045	0.040981399999964196	epochs	3.0
2327.605506952045	0.04059830000005604	epochs	3.0
2327.646105252045	0.08007549999956609	epochs	2.0
2327.646105252045	0.04022229999964111	epochs	3.0
2327.6863275520445	0.03985319999992498	epochs	3.0
2327.7261807520445	0.07862570000042979	epochs	2.0
2327.7261807520445	0.03949080000029426	epochs	3.0
2327.7656715520448	0.03913490000013553	epochs	3.0
2327.804806452045	0.07722759999978734	epochs	2.0
2327.804806452045	0.03878539999959685	epochs	3.0
2327.8435918520445	0.038442200000190496	epochs	3.0
2327.8820340520447	0.07587819999980638	epochs	2.0
2327.8820340520447	0.03810479999992822	epochs	3.0
2327.9201388520446	0.037773399999878166	epochs	3.0
2327.9579122520445	0.07457520000025397	epochs	2.0
2327.9579122520445	0.03744770000002973	epochs	3.0
2327.9953599520445	0.037127500000224245	epochs	3.0
2328.0324874520447	0.07331629999998768	epochs	2.0
2328.0324874520447	0.03681289999985893	epochs	3.0
2328.0693003520446	0.03650340000012875	epochs	3.0
2328.1058037520447	0.07209899999998015	epochs	2.0
2328.1058037520447	0.03619909999997617	epochs	3.0
2328.1420028520447	0.03589990000000398	epochs	3.0
2328.1779027520447	0.07092169999987163	epochs	2.0
2328.1779027520447	0.03560560000005353	epochs	3.0
2328.2135083520448	0.03531609999981811	epochs	3.0
2328.2488244520446	0.06978200000003199	epochs	2.0
2328.2488244520446	0.03503120000004856	epochs	3.0
2328.2838556520446	0.03475079999998343	epochs	3.0
2328.3186064520446	0.06867860000011206	epochs	2.0
2328.3186064520446	0.034475100000236125	epochs	3.0
2328.353081552045	0.03420349999987593	epochs	3.0
2328.3872850520447	0.06760930000018561	epochs	2.0
2328.3872850520447	0.033936199999970995	epochs	3.0
2328.4212212520447	0.03367310000021462	epochs	3.0
2328.454894352045	0.06657289999975546	epochs	2.0
2328.454894352045	0.03341399999999339	epochs	3.0
2328.488308352045	0.03315889999976207	epochs	3.0
2328.5214672520447	0.06556779999982609	epochs	2.0
2328.5214672520447	0.03290770000012344	epochs	3.0
2328.554374952045	0.03266009999970265	epochs	3.0
2328.5870350520445	0.0645926000001964	epochs	2.0
2328.5870350520445	0.032416400000329304	epochs	3.0
2328.619451452045	0.032176199999867094	epochs	3.0
2328.6516276520447	0.06364600000006249	epochs	2.0
2328.6516276520447	0.03193959999998697	epochs	3.0
2328.6835672520447	0.03170640000007552	epochs	3.0
2328.7152736520447	0.0627266999999847	epochs	2.0
2328.7152736520447	0.03147660000013275	epochs	3.0
2328.746750252045	0.031250099999851955	epochs	3.0
2328.7780003520447	0.06183359999977256	epochs	2.0
2328.7780003520447	0.031026900000142632	epochs	3.0
2328.809027252045	0.030806699999629927	epochs	3.0
2328.8398339520445	0.06096560000014506	epochs	2.0
2328.8398339520445	0.03058980000014344	epochs	3.0
2328.8704237520446	0.030375800000001618	epochs	3.0
2328.9007995520446	0.06012160000000222	epochs	2.0
2328.9007995520446	0.030164899999817862	epochs	3.0
2328.9309644520445	0.029956700000184355	epochs	3.0
2328.9609211520446	0.059300700000221696	epochs	2.0
2328.9609211520446	0.029751600000054168	epochs	3.0
2328.9906727520447	0.029549100000167527	epochs	3.0
2329.020221852045	0.05850179999970351	epochs	2.0
2329.020221852045	0.029349399999773595	epochs	3.0
2329.0495712520446	0.029152399999929912	epochs	3.0
2329.0787236520446	0.05772419999993872	epochs	2.0
2329.0787236520446	0.028958000000329776	epochs	3.0
2329.107681652045	0.028766199999608943	epochs	3.0
2329.1364478520445	0.0569671000002927	epochs	2.0
2329.1364478520445	0.028577000000041153	epochs	3.0
2329.1650248520446	0.02839010000025155	epochs	3.0
2329.193414952045	0.05622949999997218	epochs	2.0
2329.193414952045	0.028205699999944045	epochs	3.0
2329.2216206520447	0.028023800000028132	epochs	3.0
2329.249644452045	0.05551070000001346	epochs	2.0
2329.249644452045	0.02784399999973175	epochs	3.0
2329.2774884520445	0.027666700000281708	epochs	3.0
2329.305155152045	0.05481019999979253	epochs	2.0
2329.305155152045	0.02749149999999645	epochs	3.0
2329.332646652045	0.02731869999979608	epochs	3.0
2329.3599653520446	0.054126999999880354	epochs	2.0
2329.3599653520446	0.027147799999966082	epochs	3.0
2329.3871131520445	0.026979199999914272	epochs	3.0
2329.4140923520445	0.05346070000041436	epochs	2.0
2329.4140923520445	0.026812600000084785	epochs	3.0
2329.4409049520445	0.026648100000329578	epochs	3.0
2329.467553052045	0.05281070000000909	epochs	2.0
2329.467553052045	0.0264855999998872	epochs	3.0
2329.4940386520448	0.026325100000121893	epochs	3.0
2329.520363752045	0.052176199999848905	epochs	2.0
2329.520363752045	0.026166399999965506	epochs	3.0
2329.546530152045	0.0260097999998834	epochs	3.0
2329.5725399520447	0.05155669999976453	epochs	2.0
2329.5725399520447	0.02585480000016105	epochs	3.0
2329.598394752045	0.025701899999603484	epochs	3.0
2329.6240966520445	0.05095190000020011	epochs	2.0
2329.6240966520445	0.025550700000167126	epochs	3.0
2329.6496473520447	0.025401200000032986	epochs	3.0
2329.6750485520447	0.05036100000006627	epochs	2.0
2329.6750485520447	0.025253499999962514	epochs	3.0
2329.7003020520447	0.025107500000103755	epochs	3.0
2329.7254095520448	0.04978380000011384	epochs	2.0
2329.7254095520448	0.02496320000000196	epochs	3.0
2329.7503727520448	0.02482060000011188	epochs	3.0
2329.775193352045	0.049219499999708205	epochs	2.0
2329.775193352045	0.024679399999968155	epochs	3.0
2329.799872752045	0.02454009999974005	epochs	3.0
2329.8244128520446	0.04866790000005494	epochs	2.0
2329.8244128520446	0.024402099999861093	epochs	3.0
2329.8488149520444	0.02426580000019385	epochs	3.0
2329.8730807520446	0.048128599999927246	epochs	2.0
2329.8730807520446	0.024131000000124914	epochs	3.0
2329.8972117520448	0.023997599999802333	epochs	3.0
2329.9212093520446	0.047601100000065344	epochs	2.0
2329.9212093520446	0.023865800000294257	epochs	3.0
2329.945075152045	0.023735299999771087	epochs	3.0
2329.9688104520446	0.04708500000015192	epochs	2.0
2329.9688104520446	0.023606300000210467	epochs	3.0
2329.992416752045	0.023478699999941455	epochs	3.0
2330.015895452045	0.04657999999972162	epochs	2.0
2330.015895452045	0.023352499999873544	epochs	3.0
2330.0392479520447	0.023227499999848078	epochs	3.0
2330.0624754520445	0.04608570000027612	epochs	2.0
2330.0624754520445	0.023104000000330416	epochs	3.0
2330.085579452045	0.022981699999945704	epochs	3.0
2330.108561152045	0.045601799999985815	epochs	2.0
2330.108561152045	0.02286069999991014	epochs	3.0
2330.1314218520447	0.022741100000075676	epochs	3.0
2330.1541629520448	0.045127899999897636	epochs	2.0
2330.1541629520448	0.022622500000125	epochs	3.0
2330.176785452045	0.022505399999772635	epochs	3.0
2330.1992908520447	0.04466379999985293	epochs	2.0
2330.1992908520447	0.022389300000213552	epochs	3.0
2330.221680152045	0.022274499999639374	epochs	3.0
2330.2439546520445	0.04420920000029582	epochs	2.0
2330.2439546520445	0.02216080000016518	epochs	3.0
2330.2661154520447	0.02204840000013064	epochs	3.0
2330.288163852045	0.043763599999692815	epochs	2.0
2330.288163852045	0.021936899999673187	epochs	3.0
2330.3101007520445	0.021826700000019628	epochs	3.0
2330.3319274520445	0.043327100000169594	epochs	2.0
2330.3319274520445	0.02171760000010181	epochs	3.0
2330.3536450520446	0.021609500000067783	epochs	3.0
2330.3752545520447	0.04289900000003399	epochs	2.0
2330.3752545520447	0.021502499999769498	epochs	3.0
2330.3967570520444	0.021396500000264496	epochs	3.0
2330.4181535520447	0.04247949999989942	epochs	2.0
2330.4181535520447	0.021291699999892444	epochs	3.0
2330.4394452520446	0.021187800000006973	epochs	3.0
2330.4606330520446	0.04206789999989269	epochs	2.0
2330.4606330520446	0.02108490000000529	epochs	3.0
2330.4817179520446	0.020982999999887397	epochs	3.0
2330.5027009520445	0.041664400000172463	epochs	2.0
2330.5027009520445	0.020882199999959994	epochs	3.0
2330.5235831520445	0.02078220000021247	epochs	3.0
2330.5443653520447	0.04126850000011473	epochs	2.0
2330.5443653520447	0.02068330000020069	epochs	3.0
2330.565048652045	0.02058519999991404	epochs	3.0
2330.585633852045	0.04088000000001557	epochs	2.0
2330.585633852045	0.020488099999965925	epochs	3.0
2330.6061219520448	0.020391900000049645	epochs	3.0
2330.626513852045	0.04049880000002304	epochs	2.0
2330.626513852045	0.020296599999710452	epochs	3.0
2330.6468104520445	0.020202200000312587	epochs	3.0
2330.667012652045	0.04012459999967177	epochs	2.0
2330.667012652045	0.02010870000003706	epochs	3.0
2330.687121352045	0.020015899999634712	epochs	3.0
2330.7071372520445	0.03975730000001931	epochs	2.0
2330.7071372520445	0.01992420000033235	epochs	3.0
2330.727061452045	0.019833099999686965	epochs	3.0
2330.7468945520445	0.03939669999999751	epochs	2.0
2330.7468945520445	0.019743000000289612	epochs	3.0
2330.766637552045	0.019653699999707896	epochs	3.0
2330.7862912520445	0.03904240000019854	epochs	2.0
2330.7862912520445	0.0195651000003636	epochs	3.0
2330.805856352045	0.01947729999983494	epochs	3.0
2330.8253336520447	0.03869459999987157	epochs	2.0
2330.8253336520447	0.019390399999792862	epochs	3.0
2330.8447240520445	0.01930420000007871	epochs	3.0
2330.8640282520446	0.03835290000006353	epochs	2.0
2330.8640282520446	0.019218800000089686	epochs	3.0
2330.8832470520447	0.01913409999997384	epochs	3.0
2330.9023811520447	0.03801720000001296	epochs	2.0
2330.9023811520447	0.019050200000037876	epochs	3.0
2330.9214313520447	0.018966999999975087	epochs	3.0
2330.9403983520447	0.03768720000016401	epochs	2.0
2330.9403983520447	0.018884499999785476	epochs	3.0
2330.9592828520445	0.018802700000378536	epochs	3.0
2330.978085552045	0.037363099999765836	epochs	2.0
2330.978085552045	0.018721699999787234	epochs	3.0
2330.9968072520446	0.018641399999978603	epochs	3.0
2331.0154486520446	0.037044300000161456	epochs	2.0
2331.0154486520446	0.018561599999884493	epochs	3.0
2331.0340102520445	0.018482700000276964	epochs	3.0
2331.0524929520448	0.03673099999969054	epochs	2.0
2331.0524929520448	0.018404299999929208	epochs	3.0
2331.0708972520447	0.01832669999976133	epochs	3.0
2331.0892239520444	0.03642290000016146	epochs	2.0
2331.0892239520444	0.01824960000021747	epochs	3.0
2331.1074735520447	0.018173299999943993	epochs	3.0
2331.1256468520446	0.03612010000006194	epochs	2.0
2331.1256468520446	0.018097600000146485	epochs	3.0
2331.1437444520448	0.018022499999915453	epochs	3.0
2331.1617669520447	0.035822100000132195	epochs	2.0
2331.1617669520447	0.01794789999985369	epochs	3.0
2331.1797148520445	0.017874200000278506	epochs	3.0
2331.197589052045	0.03552899999976944	epochs	2.0
2331.197589052045	0.01780079999980444	epochs	3.0
2331.2153898520446	0.017728199999965	epochs	3.0
2331.2331180520446	0.03524070000003121	epochs	2.0
2331.2331180520446	0.017656100000294828	epochs	3.0
2331.250774152045	0.017584599999736383	epochs	3.0
2331.2683587520446	0.03495710000015606	epochs	2.0
2331.2683587520446	0.017513700000108656	epochs	3.0
2331.2858724520447	0.017443400000047404	epochs	3.0
2331.3033158520448	0.03467790000013338	epochs	2.0
2331.3033158520448	0.017373599999700673	epochs	3.0
2331.3206894520445	0.017304300000432704	epochs	3.0
2331.337993752045	0.03440329999966707	epochs	2.0
2331.337993752045	0.01723569999967367	epochs	3.0
2331.3552294520446	0.0171675999999934	epochs	3.0
2331.3723970520446	0.03413279999995211	epochs	2.0
2331.3723970520446	0.017099900000175694	epochs	3.0
2331.3894969520447	0.01703289999977642	epochs	3.0
2331.4065298520445	0.03386670000008962	epochs	2.0
2331.4065298520445	0.01696640000000116	epochs	3.0
2331.4234962520445	0.016900300000088464	epochs	3.0
2331.4403965520446	0.03360460000021703	epochs	2.0
2331.4403965520446	0.016834800000196992	epochs	3.0
2331.457231352045	0.01676980000002004	epochs	3.0
2331.474001152045	0.03334659999973155	epochs	2.0
2331.474001152045	0.016705300000012357	epochs	3.0
2331.490706452045	0.016641299999719195	epochs	3.0
2331.5073477520446	0.03309250000029351	epochs	2.0
2331.5073477520446	0.016577800000050047	epochs	3.0
2331.5239255520446	0.016514700000243465	epochs	3.0
2331.540440252045	0.032842299999629176	epochs	2.0
2331.540440252045	0.01645220000000336	epochs	3.0
2331.556892452045	0.016390099999625818	epochs	3.0
2331.5732825520445	0.03259570000000167	epochs	2.0
2331.5732825520445	0.016328400000020338	epochs	3.0
2331.5896109520445	0.016267299999981333	epochs	3.0
2331.6058782520445	0.03235290000020541	epochs	2.0
2331.6058782520445	0.01620660000025964	epochs	3.0
2331.6220848520447	0.016146299999945768	epochs	3.0
2331.6382311520447	0.032113700000081735	epochs	2.0
2331.6382311520447	0.016086600000107865	epochs	3.0
2331.654317752045	0.01602709999997387	epochs	3.0
2331.6703448520448	0.031877999999778694	epochs	2.0
2331.6703448520448	0.0159681999998611	epochs	3.0
2331.6863130520446	0.015909799999917595	epochs	3.0
2331.7022228520445	0.03164570000035383	epochs	2.0
2331.7022228520445	0.01585160000013275	epochs	3.0
2331.7180744520447	0.01579410000022108	epochs	3.0
2331.733868552045	0.03141669999968144	epochs	2.0
2331.733868552045	0.015736699999706616	epochs	3.0
2331.7496052520446	0.015679999999974825	epochs	3.0
2331.7652852520446	0.03119109999988723	epochs	2.0
2331.7652852520446	0.015623600000253646	epochs	3.0
2331.780908852045	0.015567499999633583	epochs	3.0
2331.7964763520445	0.030968700000357785	epochs	2.0
2331.7964763520445	0.015512000000398984	epochs	3.0
2331.811988352045	0.0154566999999588	epochs	3.0
2331.827445052045	0.03074949999972887	epochs	2.0
2331.827445052045	0.015401999999994587	epochs	3.0
2331.842847052045	0.015347499999734282	epochs	3.0
2331.8581945520446	0.030533200000263605	epochs	2.0
2331.8581945520446	0.015293400000246038	epochs	3.0
2331.873487952045	0.015239800000017567	epochs	3.0
2331.888727752045	0.03032009999969887	epochs	2.0
2331.888727752045	0.015186499999799707	epochs	3.0
2331.9039142520446	0.015133599999899161	epochs	3.0
2331.9190478520445	0.030109900000297785	epochs	2.0
2331.9190478520445	0.015081000000009226	epochs	3.0
2331.9341288520445	0.015028900000288559	epochs	3.0
2331.949157752045	0.029902499999934662	epochs	2.0
2331.949157752045	0.014976999999817053	epochs	3.0
2331.9641347520446	0.014925500000117609	epochs	3.0
2331.9790602520447	0.0296981000001324	epochs	2.0
2331.9790602520447	0.014874399999825982	epochs	3.0
2331.9939346520446	0.014823700000306417	epochs	3.0
2332.008758352045	0.02949629999966419	epochs	2.0
2332.008758352045	0.014773199999581266	epochs	3.0
2332.0235315520445	0.014723100000082923	epochs	3.0
2332.0382546520445	0.02929740000035963	epochs	2.0
2332.0382546520445	0.014673399999992398	epochs	3.0
2332.0529280520445	0.014624000000367232	epochs	3.0
2332.067552052045	0.029101099999934377	epochs	2.0
2332.067552052045	0.014574899999843183	epochs	3.0
2332.0821269520447	0.014526200000091194	epochs	3.0
2332.096653152045	0.02890739999975267	epochs	2.0
2332.096653152045	0.014477700000043114	epochs	3.0
2332.111130852045	0.014429699999709555	epochs	3.0
2332.1255605520446	0.028716199999962555	epochs	2.0
2332.1255605520446	0.014381800000137446	epochs	3.0
2332.1399423520447	0.01433439999982511	epochs	3.0
2332.1542767520446	0.02852759999996124	epochs	2.0
2332.1542767520446	0.014287200000126177	epochs	3.0
2332.1685639520447	0.014240399999835063	epochs	3.0
2332.1828043520445	0.028341400000044814	epochs	2.0
2332.1828043520445	0.014193800000157353	epochs	3.0
2332.1969981520447	0.014147599999887461	epochs	3.0
2332.2111457520446	0.028157700000065233	epochs	2.0
2332.2111457520446	0.014101700000082928	epochs	3.0
2332.2252474520446	0.014055999999982305	epochs	3.0
2332.2393034520446	0.02797629999986384	epochs	2.0
2332.2393034520446	0.014010599999892293	epochs	3.0
2332.2533140520445	0.013965699999971548	epochs	3.0
2332.2672797520445	0.02779720000035013	epochs	2.0
2332.2672797520445	0.013920800000050804	epochs	3.0
2332.2812005520445	0.013876400000299327	epochs	3.0
2332.295076952045	0.027620399999705114	epochs	2.0
2332.295076952045	0.013832199999797012	epochs	3.0
2332.3089091520446	0.013788199999908102	epochs	3.0
2332.3226973520445	0.027445900000202528	epochs	2.0
2332.3226973520445	0.013744600000336504	epochs	3.0
2332.336441952045	0.013701299999866023	epochs	3.0
2332.3501432520447	0.027273499999864725	epochs	2.0
2332.3501432520447	0.013658200000008947	epochs	3.0
2332.3638014520448	0.013615299999855779	epochs	3.0
2332.3774167520446	0.027103400000214606	epochs	2.0
2332.3774167520446	0.013572800000019924	epochs	3.0
2332.3909895520446	0.013530600000194681	epochs	3.0
2332.404520152045	0.02693520000002536	epochs	2.0
2332.404520152045	0.01348839999991469	epochs	3.0
2332.4180085520447	0.01344680000011067	epochs	3.0
2332.431455352045	0.02676919999976235	epochs	2.0
2332.431455352045	0.013405199999851902	epochs	3.0
2332.4448605520447	0.013363999999910448	epochs	3.0
2332.4582245520446	0.02660520000017641	epochs	2.0
2332.4582245520446	0.013322900000275695	epochs	3.0
2332.471547452045	0.013282299999900715	epochs	3.0
2332.484829752045	0.0264431999999033	epochs	2.0
2332.484829752045	0.013241699999980483	epochs	3.0
2332.4980714520448	0.013201499999922817	epochs	3.0
2332.5112729520447	0.026283199999852513	epochs	2.0
2332.5112729520447	0.013161500000023807	epochs	3.0
2332.5244344520447	0.013121699999828706	epochs	3.0
2332.5375561520445	0.026125000000320142	epochs	2.0
2332.5375561520445	0.01308210000024701	epochs	3.0
2332.550638252045	0.013042900000073132	epochs	3.0
2332.563681152045	0.025968899999952555	epochs	2.0
2332.563681152045	0.013003899999603163	epochs	3.0
2332.5766850520445	0.012965000000349391	epochs	3.0
2332.589650052045	0.02581449999979668	epochs	2.0
2332.589650052045	0.012926399999741989	epochs	3.0
2332.6025764520446	0.012888100000054692	epochs	3.0
2332.6154645520446	0.02566190000015922	epochs	2.0
2332.6154645520446	0.01284990000021935	epochs	3.0
2332.628314452045	0.012811999999939871	epochs	3.0
2332.641126452045	0.025511199999982637	epochs	2.0
2332.641126452045	0.012774400000125752	epochs	3.0
2332.653900852045	0.012736799999856885	epochs	3.0
2332.6666376520448	0.02536229999986972	epochs	2.0
2332.6666376520448	0.012699699999757286	epochs	3.0
2332.6793373520445	0.012662600000112434	epochs	3.0
2332.6919999520446	0.02521500000011656	epochs	2.0
2332.6919999520446	0.012625800000023446	epochs	3.0
2332.7046257520446	0.012589200000093115	epochs	3.0
2332.7172149520447	0.024584799999956886	epochs	2.0
2332.740797352045	0.5	epochs	-1.0
2332.7417997520447	0.5336000000002059	epochs	1.0
2333.275399752045	0.46631999999999607	epochs	0.0
2334.7209997177124	0.1068000000000211	epochs	0.0
2334.7209997177124	0.04840180000019245	epochs	1.0
2334.7694015177126	0.009996399999636196	epochs	1.0
2334.7793979177122	0.04840180000019245	epochs	1.0
2334.8277997177124	2.0	epochs	0.0
2336.8277997177124	21.51256000000012	epochs	0.0
2336.8277997177124	1.0	epochs	1.0
2336.8278373177122	0.5	epochs	-1.0
2337.3278373177122	19.998960000000352	epochs	-1.0
2337.8277997177124	20.0	epochs	1.0
2337.8277997177124	4.356753900000058	epochs	-1.0
2337.8277997177124	1.9745871999998599	epochs	2.0
2337.8277997177124	1.098562199999833	epochs	3.0
2338.9263619177123	0.8760250000000269	epochs	3.0
2339.8023869177123	1.3524075000000266	epochs	2.0
2339.8023869177123	0.7286355000001095	epochs	3.0
2340.5310224177124	0.6237719999999172	epochs	3.0
2341.1547944177123	1.0297592000001714	epochs	2.0
2341.1547944177123	0.5453293000000485	epochs	3.0
2341.7001237177124	0.48442990000012287	epochs	3.0
2342.1845536177125	0.8317861999998968	epochs	2.0
2342.1845536177125	0.4357762999998158	epochs	3.0
2342.6203299177123	0.39600990000008096	epochs	3.0
2343.0163398177124	0.6977969999998095	epochs	2.0
2343.0163398177124	0.3628982000000178	epochs	3.0
2343.3792380177124	0.33489879999979166	epochs	3.0
2343.714136817712	0.6010457000002134	epochs	2.0
2343.714136817712	0.31091230000038195	epochs	3.0
2344.0250491177126	0.29013339999983145	epochs	3.0
2344.3151825177124	0.5278859000000011	epochs	2.0
2344.3151825177124	0.2719585999998344	epochs	3.0
2344.5871411177122	0.2559273000001667	epochs	3.0
2344.8430684177124	0.4706193000001804	epochs	2.0
2344.8430684177124	0.241681299999982	epochs	3.0
2345.0847497177124	0.22893800000019837	epochs	3.0
2345.3136877177126	0.42457039999999324	epochs	2.0
2345.3136877177126	0.2174713999997948	epochs	3.0
2345.5311591177124	0.20709900000019843	epochs	3.0
2345.7382581177126	0.3867353999999068	epochs	2.0
2345.7382581177126	0.1976710999997522	epochs	3.0
2345.9359292177123	0.18906430000015462	epochs	3.0
2346.1249935177125	0.35509529999990264	epochs	2.0
2346.1249935177125	0.1811758999997437	epochs	3.0
2346.306169417712	0.17391940000015893	epochs	3.0
2346.4800888177124	0.32824310000023615	epochs	2.0
2346.4800888177124	0.167221900000186	epochs	3.0
2346.6473107177126	0.16102120000005016	epochs	3.0
2346.8083319177126	0.3051679999998669	epochs	2.0
2346.8083319177126	0.1552638999996816	epochs	3.0
2346.9635958177123	0.14990410000018528	epochs	3.0
2347.1134999177125	0.28512529999989056	epochs	2.0
2347.1134999177125	0.14490209999985382	epochs	3.0
2347.2584020177123	0.14022320000003674	epochs	3.0
2347.3986252177124	0.2675537999998596	epochs	2.0
2347.3986252177124	0.1358368999999584	epochs	3.0
2347.5344621177123	0.13171689999990122	epochs	3.0
2347.6661790177122	0.25202290000015637	epochs	2.0
2347.6661790177122	0.12783930000023247	epochs	3.0
2347.7940183177125	0.1241835999999239	epochs	3.0
2347.9182019177124	0.23819649999995818	epochs	2.0
2347.9182019177124	0.1207310999998299	epochs	3.0
2348.038933017712	0.11746540000012828	epochs	3.0
2348.1563984177124	0.22580879999986792	epochs	2.0
2348.1563984177124	0.11437190000015107	epochs	3.0
2348.2707703177125	0.11143689999971684	epochs	3.0
2348.382207217712	0.21464600000035716	epochs	2.0
2348.382207217712	0.1086489000003894	epochs	3.0
2348.4908561177126	0.10599709999996776	epochs	3.0
2348.5968532177126	0.2045349999998507	epochs	2.0
2348.5968532177126	0.10347149999961403	epochs	3.0
2348.700324717712	0.10106350000023667	epochs	3.0
2348.8013882177124	0.19533400000000256	epochs	2.0
2348.8013882177124	0.09876510000003691	epochs	3.0
2348.9001533177125	0.09656889999996565	epochs	3.0
2348.9967222177124	0.18692529999998442	epochs	2.0
2348.9967222177124	0.09446829999978945	epochs	3.0
2349.091190517712	0.09245700000019497	epochs	3.0
2349.1836475177124	0.1792107000001124	epochs	2.0
2349.1836475177124	0.0905296000000817	epochs	3.0
2349.2741771177125	0.08868110000003071	epochs	3.0
2349.3628582177125	0.17210769999974218	epochs	2.0
2349.3628582177125	0.08690630000000965	epochs	3.0
2349.4497645177125	0.08520139999973253	epochs	3.0
2349.5349659177123	0.16554640000003928	epochs	2.0
2349.5349659177123	0.08356189999994967	epochs	3.0
2349.618527817712	0.08198450000008961	epochs	3.0
2349.7005123177123	0.15946710000025632	epochs	2.0
2349.7005123177123	0.08046539999986635	epochs	3.0
2349.780977717712	0.07900170000038997	epochs	3.0
2349.8599794177126	0.1538183999996363	epochs	2.0
2349.8599794177126	0.07759009999972477	epochs	3.0
2349.9375695177123	0.07622829999991154	epochs	3.0
2350.013797817712	0.14855640000041603	epochs	2.0
2350.013797817712	0.07491330000038943	epochs	3.0
2350.0887111177126	0.0736431000000266	epochs	3.0
2350.1623542177126	0.1436423999998624	epochs	2.0
2350.1623542177126	0.07241499999963708	epochs	3.0
2350.2347692177123	0.07122740000022532	epochs	3.0
2350.3059966177125	0.13904309999998077	epochs	2.0
2350.3059966177125	0.0700779999997394	epochs	3.0
2350.376074617712	0.06896510000024136	epochs	3.0
2350.4450397177125	0.13472929999988992	epochs	2.0
2350.4450397177125	0.0678871000000072	epochs	3.0
2350.5129268177125	0.06684219999988272	epochs	3.0
2350.5797690177124	0.1306752000000415	epochs	2.0
2350.5797690177124	0.06582909999997355	epochs	3.0
2350.6455981177123	0.06484610000006796	epochs	3.0
2350.7104442177124	0.1268577999999252	epochs	2.0
2350.7104442177124	0.06389200000012352	epochs	3.0
2350.7743362177125	0.06296579999980167	epochs	3.0
2350.8373020177123	0.12325719999989815	epochs	2.0
2350.8373020177123	0.06206580000025497	epochs	3.0
2350.8993678177126	0.06119139999964318	epochs	3.0
2350.960559217712	0.1198554000002332	epochs	2.0
2350.960559217712	0.060341100000187	epochs	3.0
2351.0209003177124	0.059514300000046205	epochs	3.0
2351.0804146177124	0.1166361999999026	epochs	2.0
2351.0804146177124	0.058709599999929196	epochs	3.0
2351.1391242177124	0.057926599999973405	epochs	3.0
2351.1970508177124	0.11358560000007856	epochs	2.0
2351.1970508177124	0.05716419999998834	epochs	3.0
2351.2542150177123	0.056421400000090216	epochs	3.0
2351.3106364177124	0.11069050000014613	epochs	2.0
2351.3106364177124	0.05569789999981367	epochs	3.0
2351.3663343177122	0.05499260000033246	epochs	3.0
2351.4213269177126	0.10793909999983953	epochs	2.0
2351.4213269177126	0.054304899999806366	epochs	3.0
2351.4756318177124	0.05363420000003316	epochs	3.0
2351.5292660177124	0.10532150000017282	epochs	2.0
2351.5292660177124	0.05297999999993408	epochs	3.0
2351.5822460177124	0.05234150000023874	epochs	3.0
2351.6345875177126	0.10282759999972768	epochs	2.0
2351.6345875177126	0.05171810000001642	epochs	3.0
2351.6863056177126	0.05110949999971126	epochs	3.0
2351.7374151177123	0.10044909999987794	epochs	2.0
2351.7374151177123	0.050514900000052876	epochs	3.0
2351.7879300177124	0.04993419999982507	epochs	3.0
2351.837864217712	0.09817830000019967	epochs	2.0
2351.837864217712	0.0493666000002122	epochs	3.0
2351.8872308177124	0.04881169999998747	epochs	3.0
2351.9360425177124	0.09600779999982478	epochs	2.0
2351.9360425177124	0.04826920000004975	epochs	3.0
2351.9843117177124	0.04773859999977503	epochs	3.0
2352.032050317712	0.09393120000004274	epochs	2.0
2352.032050317712	0.047219500000210246	epochs	3.0
2352.0792698177124	0.04671169999983249	epochs	3.0
2352.1259815177123	0.09194260000003851	epochs	2.0
2352.1259815177123	0.046214599999984785	epochs	3.0
2352.1721961177122	0.045728000000053726	epochs	3.0
2352.2179241177123	0.09003630000006524	epochs	2.0
2352.2179241177123	0.04525150000017675	epochs	3.0
2352.2631756177125	0.04478479999988849	epochs	3.0
2352.3079604177124	0.08820760000025984	epochs	2.0
2352.3079604177124	0.0443278000002465	epochs	3.0
2352.3522882177126	0.04387980000001335	epochs	3.0
2352.3961680177126	0.0864516999999978	epochs	2.0
2352.3961680177126	0.04344099999980244	epochs	3.0
2352.4396090177124	0.04301070000019536	epochs	3.0
2352.4826197177126	0.08476429999973334	epochs	2.0
2352.4826197177126	0.0425889999996798	epochs	3.0
2352.5252087177123	0.04217530000005354	epochs	3.0
2352.5673840177124	0.08314150000023801	epochs	2.0
2352.5673840177124	0.041769700000259036	epochs	3.0
2352.6091537177126	0.041371799999978975	epochs	3.0
2352.6505255177126	0.08157970000002024	epochs	2.0
2352.6505255177126	0.040981399999964196	epochs	3.0
2352.6915069177126	0.04059830000005604	epochs	3.0
2352.7321052177126	0.08007549999956609	epochs	2.0
2352.7321052177126	0.04022229999964111	epochs	3.0
2352.7723275177123	0.03985319999992498	epochs	3.0
2352.812180717712	0.07862570000042979	epochs	2.0
2352.812180717712	0.03949080000029426	epochs	3.0
2352.8516715177125	0.03913490000013553	epochs	3.0
2352.8908064177126	0.07722759999978734	epochs	2.0
2352.8908064177126	0.03878539999959685	epochs	3.0
2352.929591817712	0.038442200000190496	epochs	3.0
2352.9680340177124	0.07587819999980638	epochs	2.0
2352.9680340177124	0.03810479999992822	epochs	3.0
2353.0061388177123	0.037773399999878166	epochs	3.0
2353.043912217712	0.07457520000025397	epochs	2.0
2353.043912217712	0.03744770000002973	epochs	3.0
2353.0813599177122	0.037127500000224245	epochs	3.0
2353.1184874177125	0.07331629999998768	epochs	2.0
2353.1184874177125	0.03681289999985893	epochs	3.0
2353.1553003177123	0.03650340000012875	epochs	3.0
2353.1918037177124	0.07209899999998015	epochs	2.0
2353.1918037177124	0.03619909999997617	epochs	3.0
2353.2280028177124	0.03589990000000398	epochs	3.0
2353.2639027177124	0.07092169999987163	epochs	2.0
2353.2639027177124	0.03560560000005353	epochs	3.0
2353.2995083177125	0.03531609999981811	epochs	3.0
2353.3348244177123	0.06978200000003199	epochs	2.0
2353.3348244177123	0.03503120000004856	epochs	3.0
2353.3698556177123	0.03475079999998343	epochs	3.0
2353.4046064177123	0.06867860000011206	epochs	2.0
2353.4046064177123	0.034475100000236125	epochs	3.0
2353.4390815177126	0.03420349999987593	epochs	3.0
2353.4732850177124	0.06760930000018561	epochs	2.0
2353.4732850177124	0.033936199999970995	epochs	3.0
2353.5072212177124	0.03367310000021462	epochs	3.0
2353.5408943177126	0.06657289999975546	epochs	2.0
2353.5408943177126	0.03341399999999339	epochs	3.0
2353.5743083177126	0.03315889999976207	epochs	3.0
2353.6074672177124	0.06556779999982609	epochs	2.0
2353.6074672177124	0.03290770000012344	epochs	3.0
2353.6403749177125	0.03266009999970265	epochs	3.0
2353.673035017712	0.0645926000001964	epochs	2.0
2353.673035017712	0.032416400000329304	epochs	3.0
2353.7054514177125	0.032176199999867094	epochs	3.0
2353.7376276177124	0.06364600000006249	epochs	2.0
2353.7376276177124	0.03193959999998697	epochs	3.0
2353.7695672177124	0.03170640000007552	epochs	3.0
2353.8012736177125	0.0627266999999847	epochs	2.0
2353.8012736177125	0.03147660000013275	epochs	3.0
2353.8327502177126	0.031250099999851955	epochs	3.0
2353.8640003177125	0.06183359999977256	epochs	2.0
2353.8640003177125	0.031026900000142632	epochs	3.0
2353.8950272177126	0.030806699999629927	epochs	3.0
2353.925833917712	0.06096560000014506	epochs	2.0
2353.925833917712	0.03058980000014344	epochs	3.0
2353.9564237177124	0.030375800000001618	epochs	3.0
2353.9867995177124	0.06012160000000222	epochs	2.0
2353.9867995177124	0.030164899999817862	epochs	3.0
2354.016964417712	0.029956700000184355	epochs	3.0
2354.0469211177124	0.059300700000221696	epochs	2.0
2354.0469211177124	0.029751600000054168	epochs	3.0
2354.0766727177124	0.029549100000167527	epochs	3.0
2354.1062218177126	0.05850179999970351	epochs	2.0
2354.1062218177126	0.029349399999773595	epochs	3.0
2354.1355712177124	0.029152399999929912	epochs	3.0
2354.1647236177123	0.05772419999993872	epochs	2.0
2354.1647236177123	0.028958000000329776	epochs	3.0
2354.1936816177126	0.028766199999608943	epochs	3.0
2354.2224478177122	0.0569671000002927	epochs	2.0
2354.2224478177122	0.028577000000041153	epochs	3.0
2354.2510248177123	0.02839010000025155	epochs	3.0
2354.2794149177125	0.05622949999997218	epochs	2.0
2354.2794149177125	0.028205699999944045	epochs	3.0
2354.3076206177125	0.028023800000028132	epochs	3.0
2354.3356444177125	0.05551070000001346	epochs	2.0
2354.3356444177125	0.02784399999973175	epochs	3.0
2354.3634884177122	0.027666700000281708	epochs	3.0
2354.3911551177125	0.05481019999979253	epochs	2.0
2354.3911551177125	0.02749149999999645	epochs	3.0
2354.4186466177125	0.02731869999979608	epochs	3.0
2354.4459653177123	0.054126999999880354	epochs	2.0
2354.4459653177123	0.027147799999966082	epochs	3.0
2354.4731131177123	0.026979199999914272	epochs	3.0
2354.500092317712	0.05346070000041436	epochs	2.0
2354.500092317712	0.026812600000084785	epochs	3.0
2354.5269049177123	0.026648100000329578	epochs	3.0
2354.5535530177126	0.05281070000000909	epochs	2.0
2354.5535530177126	0.0264855999998872	epochs	3.0
2354.5800386177125	0.026325100000121893	epochs	3.0
2354.6063637177126	0.052176199999848905	epochs	2.0
2354.6063637177126	0.026166399999965506	epochs	3.0
2354.6325301177126	0.0260097999998834	epochs	3.0
2354.6585399177125	0.05155669999976453	epochs	2.0
2354.6585399177125	0.02585480000016105	epochs	3.0
2354.6843947177126	0.025701899999603484	epochs	3.0
2354.710096617712	0.05095190000020011	epochs	2.0
2354.710096617712	0.025550700000167126	epochs	3.0
2354.7356473177124	0.025401200000032986	epochs	3.0
2354.7610485177124	0.05036100000006627	epochs	2.0
2354.7610485177124	0.025253499999962514	epochs	3.0
2354.7863020177124	0.025107500000103755	epochs	3.0
2354.8114095177125	0.04978380000011384	epochs	2.0
2354.8114095177125	0.02496320000000196	epochs	3.0
2354.8363727177125	0.02482060000011188	epochs	3.0
2354.8611933177126	0.049219499999708205	epochs	2.0
2354.8611933177126	0.024679399999968155	epochs	3.0
2354.8858727177126	0.02454009999974005	epochs	3.0
2354.9104128177123	0.04866790000005494	epochs	2.0
2354.9104128177123	0.024402099999861093	epochs	3.0
2354.934814917712	0.02426580000019385	epochs	3.0
2354.9590807177124	0.048128599999927246	epochs	2.0
2354.9590807177124	0.024131000000124914	epochs	3.0
2354.9832117177125	0.023997599999802333	epochs	3.0
2355.0072093177123	0.047601100000065344	epochs	2.0
2355.0072093177123	0.023865800000294257	epochs	3.0
2355.0310751177126	0.023735299999771087	epochs	3.0
2355.0548104177124	0.04708500000015192	epochs	2.0
2355.0548104177124	0.023606300000210467	epochs	3.0
2355.0784167177126	0.023478699999941455	epochs	3.0
2355.1018954177125	0.04657999999972162	epochs	2.0
2355.1018954177125	0.023352499999873544	epochs	3.0
2355.1252479177124	0.023227499999848078	epochs	3.0
2355.1484754177122	0.04608570000027612	epochs	2.0
2355.1484754177122	0.023104000000330416	epochs	3.0
2355.1715794177126	0.022981699999945704	epochs	3.0
2355.1945611177125	0.045601799999985815	epochs	2.0
2355.1945611177125	0.02286069999991014	epochs	3.0
2355.2174218177124	0.022741100000075676	epochs	3.0
2355.2401629177125	0.045127899999897636	epochs	2.0
2355.2401629177125	0.022622500000125	epochs	3.0
2355.2627854177126	0.022505399999772635	epochs	3.0
2355.2852908177124	0.04466379999985293	epochs	2.0
2355.2852908177124	0.022389300000213552	epochs	3.0
2355.3076801177126	0.022274499999639374	epochs	3.0
2355.3299546177122	0.04420920000029582	epochs	2.0
2355.3299546177122	0.02216080000016518	epochs	3.0
2355.3521154177124	0.02204840000013064	epochs	3.0
2355.3741638177125	0.043763599999692815	epochs	2.0
2355.3741638177125	0.021936899999673187	epochs	3.0
2355.396100717712	0.021826700000019628	epochs	3.0
2355.4179274177122	0.043327100000169594	epochs	2.0
2355.4179274177122	0.02171760000010181	epochs	3.0
2355.4396450177123	0.021609500000067783	epochs	3.0
2355.4612545177124	0.04289900000003399	epochs	2.0
2355.4612545177124	0.021502499999769498	epochs	3.0
2355.482757017712	0.021396500000264496	epochs	3.0
2355.5041535177124	0.04247949999989942	epochs	2.0
2355.5041535177124	0.021291699999892444	epochs	3.0
2355.5254452177123	0.021187800000006973	epochs	3.0
2355.5466330177123	0.04206789999989269	epochs	2.0
2355.5466330177123	0.02108490000000529	epochs	3.0
2355.5677179177123	0.020982999999887397	epochs	3.0
2355.5887009177122	0.041664400000172463	epochs	2.0
2355.5887009177122	0.020882199999959994	epochs	3.0
2355.609583117712	0.02078220000021247	epochs	3.0
2355.6303653177124	0.04126850000011473	epochs	2.0
2355.6303653177124	0.02068330000020069	epochs	3.0
2355.6510486177126	0.02058519999991404	epochs	3.0
2355.6716338177125	0.04088000000001557	epochs	2.0
2355.6716338177125	0.020488099999965925	epochs	3.0
2355.6921219177125	0.020391900000049645	epochs	3.0
2355.7125138177125	0.04049880000002304	epochs	2.0
2355.7125138177125	0.020296599999710452	epochs	3.0
2355.7328104177122	0.020202200000312587	epochs	3.0
2355.7530126177126	0.04012459999967177	epochs	2.0
2355.7530126177126	0.02010870000003706	epochs	3.0
2355.7731213177126	0.020015899999634712	epochs	3.0
2355.7931372177122	0.03975730000001931	epochs	2.0
2355.7931372177122	0.01992420000033235	epochs	3.0
2355.8130614177126	0.019833099999686965	epochs	3.0
2355.8328945177122	0.03939669999999751	epochs	2.0
2355.8328945177122	0.019743000000289612	epochs	3.0
2355.8526375177125	0.019653699999707896	epochs	3.0
2355.8722912177122	0.03904240000019854	epochs	2.0
2355.8722912177122	0.0195651000003636	epochs	3.0
2355.8918563177126	0.01947729999983494	epochs	3.0
2355.9113336177124	0.03869459999987157	epochs	2.0
2355.9113336177124	0.019390399999792862	epochs	3.0
2355.9307240177122	0.01930420000007871	epochs	3.0
2355.9500282177123	0.03835290000006353	epochs	2.0
2355.9500282177123	0.019218800000089686	epochs	3.0
2355.9692470177124	0.01913409999997384	epochs	3.0
2355.9883811177124	0.03801720000001296	epochs	2.0
2355.9883811177124	0.019050200000037876	epochs	3.0
2356.0074313177124	0.018966999999975087	epochs	3.0
2356.0263983177124	0.03768720000016401	epochs	2.0
2356.0263983177124	0.018884499999785476	epochs	3.0
2356.045282817712	0.018802700000378536	epochs	3.0
2356.0640855177126	0.037363099999765836	epochs	2.0
2356.0640855177126	0.018721699999787234	epochs	3.0
2356.0828072177123	0.018641399999978603	epochs	3.0
2356.1014486177123	0.037044300000161456	epochs	2.0
2356.1014486177123	0.018561599999884493	epochs	3.0
2356.120010217712	0.018482700000276964	epochs	3.0
2356.1384929177125	0.03673099999969054	epochs	2.0
2356.1384929177125	0.018404299999929208	epochs	3.0
2356.1568972177124	0.01832669999976133	epochs	3.0
2356.175223917712	0.03642290000016146	epochs	2.0
2356.175223917712	0.01824960000021747	epochs	3.0
2356.1934735177124	0.018173299999943993	epochs	3.0
2356.2116468177123	0.03612010000006194	epochs	2.0
2356.2116468177123	0.018097600000146485	epochs	3.0
2356.2297444177125	0.018022499999915453	epochs	3.0
2356.2477669177124	0.035822100000132195	epochs	2.0
2356.2477669177124	0.01794789999985369	epochs	3.0
2356.2657148177123	0.017874200000278506	epochs	3.0
2356.2835890177125	0.03552899999976944	epochs	2.0
2356.2835890177125	0.01780079999980444	epochs	3.0
2356.3013898177123	0.017728199999965	epochs	3.0
2356.3191180177123	0.03524070000003121	epochs	2.0
2356.3191180177123	0.017656100000294828	epochs	3.0
2356.3367741177126	0.017584599999736383	epochs	3.0
2356.3543587177123	0.03495710000015606	epochs	2.0
2356.3543587177123	0.017513700000108656	epochs	3.0
2356.3718724177124	0.017443400000047404	epochs	3.0
2356.3893158177125	0.03467790000013338	epochs	2.0
2356.3893158177125	0.017373599999700673	epochs	3.0
2356.406689417712	0.017304300000432704	epochs	3.0
2356.4239937177126	0.03440329999966707	epochs	2.0
2356.4239937177126	0.01723569999967367	epochs	3.0
2356.4412294177123	0.0171675999999934	epochs	3.0
2356.4583970177123	0.03413279999995211	epochs	2.0
2356.4583970177123	0.017099900000175694	epochs	3.0
2356.4754969177125	0.01703289999977642	epochs	3.0
2356.4925298177122	0.03386670000008962	epochs	2.0
2356.4925298177122	0.01696640000000116	epochs	3.0
2356.5094962177122	0.016900300000088464	epochs	3.0
2356.5263965177123	0.03360460000021703	epochs	2.0
2356.5263965177123	0.016834800000196992	epochs	3.0
2356.5432313177125	0.01676980000002004	epochs	3.0
2356.5600011177125	0.03334659999973155	epochs	2.0
2356.5600011177125	0.016705300000012357	epochs	3.0
2356.5767064177126	0.016641299999719195	epochs	3.0
2356.5933477177123	0.03309250000029351	epochs	2.0
2356.5933477177123	0.016577800000050047	epochs	3.0
2356.6099255177123	0.016514700000243465	epochs	3.0
2356.6264402177126	0.032842299999629176	epochs	2.0
2356.6264402177126	0.01645220000000336	epochs	3.0
2356.6428924177126	0.016390099999625818	epochs	3.0
2356.659282517712	0.03259570000000167	epochs	2.0
2356.659282517712	0.016328400000020338	epochs	3.0
2356.675610917712	0.016267299999981333	epochs	3.0
2356.691878217712	0.03235290000020541	epochs	2.0
2356.691878217712	0.01620660000025964	epochs	3.0
2356.7080848177125	0.016146299999945768	epochs	3.0
2356.7242311177124	0.032113700000081735	epochs	2.0
2356.7242311177124	0.016086600000107865	epochs	3.0
2356.7403177177125	0.01602709999997387	epochs	3.0
2356.7563448177125	0.031877999999778694	epochs	2.0
2356.7563448177125	0.0159681999998611	epochs	3.0
2356.7723130177123	0.015909799999917595	epochs	3.0
2356.7882228177123	0.03164570000035383	epochs	2.0
2356.7882228177123	0.01585160000013275	epochs	3.0
2356.8040744177124	0.01579410000022108	epochs	3.0
2356.8198685177126	0.03141669999968144	epochs	2.0
2356.8198685177126	0.015736699999706616	epochs	3.0
2356.8356052177123	0.015679999999974825	epochs	3.0
2356.8512852177123	0.03119109999988723	epochs	2.0
2356.8512852177123	0.015623600000253646	epochs	3.0
2356.8669088177126	0.015567499999633583	epochs	3.0
2356.882476317712	0.030968700000357785	epochs	2.0
2356.882476317712	0.015512000000398984	epochs	3.0
2356.8979883177126	0.0154566999999588	epochs	3.0
2356.9134450177125	0.03074949999972887	epochs	2.0
2356.9134450177125	0.015401999999994587	epochs	3.0
2356.9288470177125	0.015347499999734282	epochs	3.0
2356.9441945177123	0.030533200000263605	epochs	2.0
2356.9441945177123	0.015293400000246038	epochs	3.0
2356.9594879177125	0.015239800000017567	epochs	3.0
2356.9747277177125	0.03032009999969887	epochs	2.0
2356.9747277177125	0.015186499999799707	epochs	3.0
2356.9899142177123	0.015133599999899161	epochs	3.0
2357.0050478177122	0.030109900000297785	epochs	2.0
2357.0050478177122	0.015081000000009226	epochs	3.0
2357.0201288177122	0.015028900000288559	epochs	3.0
2357.0351577177125	0.029902499999934662	epochs	2.0
2357.0351577177125	0.014976999999817053	epochs	3.0
2357.0501347177124	0.014925500000117609	epochs	3.0
2357.0650602177125	0.0296981000001324	epochs	2.0
2357.0650602177125	0.014874399999825982	epochs	3.0
2357.0799346177123	0.014823700000306417	epochs	3.0
2357.0947583177126	0.02949629999966419	epochs	2.0
2357.0947583177126	0.014773199999581266	epochs	3.0
2357.109531517712	0.014723100000082923	epochs	3.0
2357.1242546177123	0.02929740000035963	epochs	2.0
2357.1242546177123	0.014673399999992398	epochs	3.0
2357.1389280177123	0.014624000000367232	epochs	3.0
2357.1535520177126	0.029101099999934377	epochs	2.0
2357.1535520177126	0.014574899999843183	epochs	3.0
2357.1681269177125	0.014526200000091194	epochs	3.0
2357.1826531177126	0.02890739999975267	epochs	2.0
2357.1826531177126	0.014477700000043114	epochs	3.0
2357.1971308177126	0.014429699999709555	epochs	3.0
2357.2115605177123	0.028716199999962555	epochs	2.0
2357.2115605177123	0.014381800000137446	epochs	3.0
2357.2259423177125	0.01433439999982511	epochs	3.0
2357.2402767177123	0.02852759999996124	epochs	2.0
2357.2402767177123	0.014287200000126177	epochs	3.0
2357.2545639177124	0.014240399999835063	epochs	3.0
2357.2688043177122	0.028341400000044814	epochs	2.0
2357.2688043177122	0.014193800000157353	epochs	3.0
2357.2829981177124	0.014147599999887461	epochs	3.0
2357.2971457177123	0.028157700000065233	epochs	2.0
2357.2971457177123	0.014101700000082928	epochs	3.0
2357.3112474177124	0.014055999999982305	epochs	3.0
2357.3253034177123	0.02797629999986384	epochs	2.0
2357.3253034177123	0.014010599999892293	epochs	3.0
2357.3393140177122	0.013965699999971548	epochs	3.0
2357.353279717712	0.02779720000035013	epochs	2.0
2357.353279717712	0.013920800000050804	epochs	3.0
2357.3672005177123	0.013876400000299327	epochs	3.0
2357.3810769177126	0.027620399999705114	epochs	2.0
2357.3810769177126	0.013832199999797012	epochs	3.0
2357.3949091177124	0.013788199999908102	epochs	3.0
2357.4086973177123	0.027445900000202528	epochs	2.0
2357.4086973177123	0.013744600000336504	epochs	3.0
2357.4224419177126	0.013701299999866023	epochs	3.0
2357.4361432177125	0.027273499999864725	epochs	2.0
2357.4361432177125	0.013658200000008947	epochs	3.0
2357.4498014177125	0.013615299999855779	epochs	3.0
2357.4634167177123	0.027103400000214606	epochs	2.0
2357.4634167177123	0.013572800000019924	epochs	3.0
2357.4769895177124	0.013530600000194681	epochs	3.0
2357.4905201177125	0.02693520000002536	epochs	2.0
2357.4905201177125	0.01348839999991469	epochs	3.0
2357.5040085177125	0.01344680000011067	epochs	3.0
2357.5174553177126	0.02676919999976235	epochs	2.0
2357.5174553177126	0.013405199999851902	epochs	3.0
2357.5308605177124	0.013363999999910448	epochs	3.0
2357.5442245177123	0.02660520000017641	epochs	2.0
2357.5442245177123	0.013322900000275695	epochs	3.0
2357.5575474177126	0.013282299999900715	epochs	3.0
2357.5708297177125	0.0264431999999033	epochs	2.0
2357.5708297177125	0.013241699999980483	epochs	3.0
2357.5840714177125	0.013201499999922817	epochs	3.0
2357.5972729177124	0.026283199999852513	epochs	2.0
2357.5972729177124	0.013161500000023807	epochs	3.0
2357.6104344177124	0.013121699999828706	epochs	3.0
2357.6235561177123	0.026125000000320142	epochs	2.0
2357.6235561177123	0.01308210000024701	epochs	3.0
2357.6366382177125	0.013042900000073132	epochs	3.0
2357.6496811177126	0.025968899999952555	epochs	2.0
2357.6496811177126	0.013003899999603163	epochs	3.0
2357.662685017712	0.012965000000349391	epochs	3.0
2357.6756500177125	0.02581449999979668	epochs	2.0
2357.6756500177125	0.012926399999741989	epochs	3.0
2357.6885764177123	0.012888100000054692	epochs	3.0
2357.7014645177123	0.02566190000015922	epochs	2.0
2357.7014645177123	0.01284990000021935	epochs	3.0
2357.7143144177126	0.012811999999939871	epochs	3.0
2357.7271264177125	0.025511199999982637	epochs	2.0
2357.7271264177125	0.012774400000125752	epochs	3.0
2357.7399008177126	0.012736799999856885	epochs	3.0
2357.7526376177125	0.02536229999986972	epochs	2.0
2357.7526376177125	0.012699699999757286	epochs	3.0
2357.7653373177122	0.012662600000112434	epochs	3.0
2357.7779999177123	0.02521500000011656	epochs	2.0
2357.7779999177123	0.012625800000023446	epochs	3.0
2357.7906257177124	0.012589200000093115	epochs	3.0
2357.8032149177125	0.024584799999956886	epochs	2.0
2357.8267973177126	0.5	epochs	-1.0
2357.8277997177124	0.5125600000001214	epochs	1.0
2358.3403597177125	0.4873600000000806	epochs	0.0
2359.8319997787476	0.1068000000000211	epochs	0.0
2359.8319997787476	0.04840180000019245	epochs	1.0
2359.8804015787478	0.009996399999636196	epochs	1.0
2359.8903979787474	0.04840180000019245	epochs	1.0
2359.9387997787476	2.0	epochs	0.0
2361.9387997787476	21.532560000000103	epochs	0.0
2361.9387997787476	1.0	epochs	1.0
2361.9388373787474	0.5	epochs	-1.0
2362.4388373787474	19.998960000000352	epochs	-1.0
2362.9387997787476	20.0	epochs	1.0
2362.9387997787476	4.356753900000058	epochs	-1.0
2362.9387997787476	1.9745871999998599	epochs	2.0
2362.9387997787476	1.098562199999833	epochs	3.0
2364.0373619787474	0.8760250000000269	epochs	3.0
2364.9133869787474	1.3524075000000266	epochs	2.0
2364.9133869787474	0.7286355000001095	epochs	3.0
2365.6420224787475	0.6237719999999172	epochs	3.0
2366.2657944787475	1.0297592000001714	epochs	2.0
2366.2657944787475	0.5453293000000485	epochs	3.0
2366.8111237787475	0.48442990000012287	epochs	3.0
2367.2955536787476	0.8317861999998968	epochs	2.0
2367.2955536787476	0.4357762999998158	epochs	3.0
2367.7313299787475	0.39600990000008096	epochs	3.0
2368.1273398787475	0.6977969999998095	epochs	2.0
2368.1273398787475	0.3628982000000178	epochs	3.0
2368.4902380787476	0.33489879999979166	epochs	3.0
2368.8251368787473	0.6010457000002134	epochs	2.0
2368.8251368787473	0.31091230000038195	epochs	3.0
2369.1360491787477	0.29013339999983145	epochs	3.0
2369.4261825787476	0.5278859000000011	epochs	2.0
2369.4261825787476	0.2719585999998344	epochs	3.0
2369.6981411787474	0.2559273000001667	epochs	3.0
2369.9540684787476	0.4706193000001804	epochs	2.0
2369.9540684787476	0.241681299999982	epochs	3.0
2370.1957497787475	0.22893800000019837	epochs	3.0
2370.4246877787477	0.42457039999999324	epochs	2.0
2370.4246877787477	0.2174713999997948	epochs	3.0
2370.6421591787475	0.20709900000019843	epochs	3.0
2370.8492581787477	0.3867353999999068	epochs	2.0
2370.8492581787477	0.1976710999997522	epochs	3.0
2371.0469292787475	0.18906430000015462	epochs	3.0
2371.2359935787476	0.35509529999990264	epochs	2.0
2371.2359935787476	0.1811758999997437	epochs	3.0
2371.4171694787474	0.17391940000015893	epochs	3.0
2371.5910888787475	0.32824310000023615	epochs	2.0
2371.5910888787475	0.167221900000186	epochs	3.0
2371.7583107787477	0.16102120000005016	epochs	3.0
2371.919331978748	0.3051679999998669	epochs	2.0
2371.919331978748	0.1552638999996816	epochs	3.0
2372.0745958787475	0.14990410000018528	epochs	3.0
2372.2244999787476	0.28512529999989056	epochs	2.0
2372.2244999787476	0.14490209999985382	epochs	3.0
2372.3694020787475	0.14022320000003674	epochs	3.0
2372.5096252787475	0.2675537999998596	epochs	2.0
2372.5096252787475	0.1358368999999584	epochs	3.0
2372.6454621787475	0.13171689999990122	epochs	3.0
2372.7771790787474	0.25202290000015637	epochs	2.0
2372.7771790787474	0.12783930000023247	epochs	3.0
2372.9050183787476	0.1241835999999239	epochs	3.0
2373.0292019787476	0.23819649999995818	epochs	2.0
2373.0292019787476	0.1207310999998299	epochs	3.0
2373.1499330787474	0.11746540000012828	epochs	3.0
2373.2673984787475	0.22580879999986792	epochs	2.0
2373.2673984787475	0.11437190000015107	epochs	3.0
2373.3817703787477	0.11143689999971684	epochs	3.0
2373.4932072787474	0.21464600000035716	epochs	2.0
2373.4932072787474	0.1086489000003894	epochs	3.0
2373.6018561787478	0.10599709999996776	epochs	3.0
2373.7078532787477	0.2045349999998507	epochs	2.0
2373.7078532787477	0.10347149999961403	epochs	3.0
2373.8113247787473	0.10106350000023667	epochs	3.0
2373.9123882787476	0.19533400000000256	epochs	2.0
2373.9123882787476	0.09876510000003691	epochs	3.0
2374.0111533787476	0.09656889999996565	epochs	3.0
2374.1077222787476	0.18692529999998442	epochs	2.0
2374.1077222787476	0.09446829999978945	epochs	3.0
2374.2021905787474	0.09245700000019497	epochs	3.0
2374.2946475787476	0.1792107000001124	epochs	2.0
2374.2946475787476	0.0905296000000817	epochs	3.0
2374.3851771787477	0.08868110000003071	epochs	3.0
2374.4738582787477	0.17210769999974218	epochs	2.0
2374.4738582787477	0.08690630000000965	epochs	3.0
2374.5607645787477	0.08520139999973253	epochs	3.0
2374.6459659787474	0.16554640000003928	epochs	2.0
2374.6459659787474	0.08356189999994967	epochs	3.0
2374.7295278787474	0.08198450000008961	epochs	3.0
2374.8115123787475	0.15946710000025632	epochs	2.0
2374.8115123787475	0.08046539999986635	epochs	3.0
2374.8919777787473	0.07900170000038997	epochs	3.0
2374.9709794787477	0.1538183999996363	epochs	2.0
2374.9709794787477	0.07759009999972477	epochs	3.0
2375.0485695787474	0.07622829999991154	epochs	3.0
2375.1247978787474	0.14855640000041603	epochs	2.0
2375.1247978787474	0.07491330000038943	epochs	3.0
2375.1997111787477	0.0736431000000266	epochs	3.0
2375.273354278748	0.1436423999998624	epochs	2.0
2375.273354278748	0.07241499999963708	epochs	3.0
2375.3457692787474	0.07122740000022532	epochs	3.0
2375.4169966787476	0.13904309999998077	epochs	2.0
2375.4169966787476	0.0700779999997394	epochs	3.0
2375.4870746787474	0.06896510000024136	epochs	3.0
2375.5560397787476	0.13472929999988992	epochs	2.0
2375.5560397787476	0.0678871000000072	epochs	3.0
2375.6239268787476	0.06684219999988272	epochs	3.0
2375.6907690787475	0.1306752000000415	epochs	2.0
2375.6907690787475	0.06582909999997355	epochs	3.0
2375.7565981787475	0.06484610000006796	epochs	3.0
2375.8214442787475	0.1268577999999252	epochs	2.0
2375.8214442787475	0.06389200000012352	epochs	3.0
2375.8853362787477	0.06296579999980167	epochs	3.0
2375.9483020787475	0.12325719999989815	epochs	2.0
2375.9483020787475	0.06206580000025497	epochs	3.0
2376.0103678787477	0.06119139999964318	epochs	3.0
2376.0715592787474	0.1198554000002332	epochs	2.0
2376.0715592787474	0.060341100000187	epochs	3.0
2376.1319003787476	0.059514300000046205	epochs	3.0
2376.1914146787476	0.1166361999999026	epochs	2.0
2376.1914146787476	0.058709599999929196	epochs	3.0
2376.2501242787475	0.057926599999973405	epochs	3.0
2376.3080508787475	0.11358560000007856	epochs	2.0
2376.3080508787475	0.05716419999998834	epochs	3.0
2376.3652150787475	0.056421400000090216	epochs	3.0
2376.4216364787476	0.11069050000014613	epochs	2.0
2376.4216364787476	0.05569789999981367	epochs	3.0
2376.4773343787474	0.05499260000033246	epochs	3.0
2376.5323269787477	0.10793909999983953	epochs	2.0
2376.5323269787477	0.054304899999806366	epochs	3.0
2376.5866318787475	0.05363420000003316	epochs	3.0
2376.6402660787476	0.10532150000017282	epochs	2.0
2376.6402660787476	0.05297999999993408	epochs	3.0
2376.6932460787475	0.05234150000023874	epochs	3.0
2376.7455875787477	0.10282759999972768	epochs	2.0
2376.7455875787477	0.05171810000001642	epochs	3.0
2376.7973056787478	0.05110949999971126	epochs	3.0
2376.8484151787475	0.10044909999987794	epochs	2.0
2376.8484151787475	0.050514900000052876	epochs	3.0
2376.8989300787475	0.04993419999982507	epochs	3.0
2376.9488642787474	0.09817830000019967	epochs	2.0
2376.9488642787474	0.0493666000002122	epochs	3.0
2376.9982308787476	0.04881169999998747	epochs	3.0
2377.0470425787476	0.09600779999982478	epochs	2.0
2377.0470425787476	0.04826920000004975	epochs	3.0
2377.0953117787476	0.04773859999977503	epochs	3.0
2377.1430503787474	0.09393120000004274	epochs	2.0
2377.1430503787474	0.047219500000210246	epochs	3.0
2377.1902698787476	0.04671169999983249	epochs	3.0
2377.2369815787474	0.09194260000003851	epochs	2.0
2377.2369815787474	0.046214599999984785	epochs	3.0
2377.2831961787474	0.045728000000053726	epochs	3.0
2377.3289241787475	0.09003630000006524	epochs	2.0
2377.3289241787475	0.04525150000017675	epochs	3.0
2377.3741756787476	0.04478479999988849	epochs	3.0
2377.4189604787475	0.08820760000025984	epochs	2.0
2377.4189604787475	0.0443278000002465	epochs	3.0
2377.4632882787478	0.04387980000001335	epochs	3.0
2377.507168078748	0.0864516999999978	epochs	2.0
2377.507168078748	0.04344099999980244	epochs	3.0
2377.5506090787476	0.04301070000019536	epochs	3.0
2377.593619778748	0.08476429999973334	epochs	2.0
2377.593619778748	0.0425889999996798	epochs	3.0
2377.6362087787475	0.04217530000005354	epochs	3.0
2377.6783840787475	0.08314150000023801	epochs	2.0
2377.6783840787475	0.041769700000259036	epochs	3.0
2377.7201537787478	0.041371799999978975	epochs	3.0
2377.7615255787478	0.08157970000002024	epochs	2.0
2377.7615255787478	0.040981399999964196	epochs	3.0
2377.8025069787477	0.04059830000005604	epochs	3.0
2377.8431052787478	0.08007549999956609	epochs	2.0
2377.8431052787478	0.04022229999964111	epochs	3.0
2377.8833275787474	0.03985319999992498	epochs	3.0
2377.9231807787473	0.07862570000042979	epochs	2.0
2377.9231807787473	0.03949080000029426	epochs	3.0
2377.9626715787476	0.03913490000013553	epochs	3.0
2378.0018064787478	0.07722759999978734	epochs	2.0
2378.0018064787478	0.03878539999959685	epochs	3.0
2378.0405918787474	0.038442200000190496	epochs	3.0
2378.0790340787476	0.07587819999980638	epochs	2.0
2378.0790340787476	0.03810479999992822	epochs	3.0
2378.1171388787475	0.037773399999878166	epochs	3.0
2378.1549122787474	0.07457520000025397	epochs	2.0
2378.1549122787474	0.03744770000002973	epochs	3.0
2378.1923599787474	0.037127500000224245	epochs	3.0
2378.2294874787476	0.07331629999998768	epochs	2.0
2378.2294874787476	0.03681289999985893	epochs	3.0
2378.2663003787475	0.03650340000012875	epochs	3.0
2378.3028037787476	0.07209899999998015	epochs	2.0
2378.3028037787476	0.03619909999997617	epochs	3.0
2378.3390028787476	0.03589990000000398	epochs	3.0
2378.3749027787476	0.07092169999987163	epochs	2.0
2378.3749027787476	0.03560560000005353	epochs	3.0
2378.4105083787476	0.03531609999981811	epochs	3.0
2378.4458244787475	0.06978200000003199	epochs	2.0
2378.4458244787475	0.03503120000004856	epochs	3.0
2378.4808556787475	0.03475079999998343	epochs	3.0
2378.5156064787475	0.06867860000011206	epochs	2.0
2378.5156064787475	0.034475100000236125	epochs	3.0
2378.5500815787477	0.03420349999987593	epochs	3.0
2378.5842850787476	0.06760930000018561	epochs	2.0
2378.5842850787476	0.033936199999970995	epochs	3.0
2378.6182212787476	0.03367310000021462	epochs	3.0
2378.651894378748	0.06657289999975546	epochs	2.0
2378.651894378748	0.03341399999999339	epochs	3.0
2378.685308378748	0.03315889999976207	epochs	3.0
2378.7184672787475	0.06556779999982609	epochs	2.0
2378.7184672787475	0.03290770000012344	epochs	3.0
2378.7513749787477	0.03266009999970265	epochs	3.0
2378.7840350787474	0.0645926000001964	epochs	2.0
2378.7840350787474	0.032416400000329304	epochs	3.0
2378.8164514787477	0.032176199999867094	epochs	3.0
2378.8486276787476	0.06364600000006249	epochs	2.0
2378.8486276787476	0.03193959999998697	epochs	3.0
2378.8805672787475	0.03170640000007552	epochs	3.0
2378.9122736787476	0.0627266999999847	epochs	2.0
2378.9122736787476	0.03147660000013275	epochs	3.0
2378.9437502787478	0.031250099999851955	epochs	3.0
2378.9750003787476	0.06183359999977256	epochs	2.0
2378.9750003787476	0.031026900000142632	epochs	3.0
2379.0060272787478	0.030806699999629927	epochs	3.0
2379.0368339787474	0.06096560000014506	epochs	2.0
2379.0368339787474	0.03058980000014344	epochs	3.0
2379.0674237787475	0.030375800000001618	epochs	3.0
2379.0977995787475	0.06012160000000222	epochs	2.0
2379.0977995787475	0.030164899999817862	epochs	3.0
2379.1279644787473	0.029956700000184355	epochs	3.0
2379.1579211787475	0.059300700000221696	epochs	2.0
2379.1579211787475	0.029751600000054168	epochs	3.0
2379.1876727787476	0.029549100000167527	epochs	3.0
2379.2172218787478	0.05850179999970351	epochs	2.0
2379.2172218787478	0.029349399999773595	epochs	3.0
2379.2465712787475	0.029152399999929912	epochs	3.0
2379.2757236787475	0.05772419999993872	epochs	2.0
2379.2757236787475	0.028958000000329776	epochs	3.0
2379.304681678748	0.028766199999608943	epochs	3.0
2379.3334478787474	0.0569671000002927	epochs	2.0
2379.3334478787474	0.028577000000041153	epochs	3.0
2379.3620248787474	0.02839010000025155	epochs	3.0
2379.3904149787477	0.05622949999997218	epochs	2.0
2379.3904149787477	0.028205699999944045	epochs	3.0
2379.4186206787476	0.028023800000028132	epochs	3.0
2379.4466444787477	0.05551070000001346	epochs	2.0
2379.4466444787477	0.02784399999973175	epochs	3.0
2379.4744884787474	0.027666700000281708	epochs	3.0
2379.5021551787477	0.05481019999979253	epochs	2.0
2379.5021551787477	0.02749149999999645	epochs	3.0
2379.5296466787477	0.02731869999979608	epochs	3.0
2379.5569653787475	0.054126999999880354	epochs	2.0
2379.5569653787475	0.027147799999966082	epochs	3.0
2379.5841131787474	0.026979199999914272	epochs	3.0
2379.6110923787473	0.05346070000041436	epochs	2.0
2379.6110923787473	0.026812600000084785	epochs	3.0
2379.6379049787474	0.026648100000329578	epochs	3.0
2379.6645530787478	0.05281070000000909	epochs	2.0
2379.6645530787478	0.0264855999998872	epochs	3.0
2379.6910386787476	0.026325100000121893	epochs	3.0
2379.7173637787478	0.052176199999848905	epochs	2.0
2379.7173637787478	0.026166399999965506	epochs	3.0
2379.7435301787477	0.0260097999998834	epochs	3.0
2379.7695399787476	0.05155669999976453	epochs	2.0
2379.7695399787476	0.02585480000016105	epochs	3.0
2379.795394778748	0.025701899999603484	epochs	3.0
2379.8210966787474	0.05095190000020011	epochs	2.0
2379.8210966787474	0.025550700000167126	epochs	3.0
2379.8466473787475	0.025401200000032986	epochs	3.0
2379.8720485787476	0.05036100000006627	epochs	2.0
2379.8720485787476	0.025253499999962514	epochs	3.0
2379.8973020787475	0.025107500000103755	epochs	3.0
2379.9224095787476	0.04978380000011384	epochs	2.0
2379.9224095787476	0.02496320000000196	epochs	3.0
2379.9473727787476	0.02482060000011188	epochs	3.0
2379.9721933787478	0.049219499999708205	epochs	2.0
2379.9721933787478	0.024679399999968155	epochs	3.0
2379.9968727787477	0.02454009999974005	epochs	3.0
2380.0214128787475	0.04866790000005494	epochs	2.0
2380.0214128787475	0.024402099999861093	epochs	3.0
2380.0458149787473	0.02426580000019385	epochs	3.0
2380.0700807787475	0.048128599999927246	epochs	2.0
2380.0700807787475	0.024131000000124914	epochs	3.0
2380.0942117787476	0.023997599999802333	epochs	3.0
2380.1182093787475	0.047601100000065344	epochs	2.0
2380.1182093787475	0.023865800000294257	epochs	3.0
2380.1420751787477	0.023735299999771087	epochs	3.0
2380.1658104787475	0.04708500000015192	epochs	2.0
2380.1658104787475	0.023606300000210467	epochs	3.0
2380.1894167787477	0.023478699999941455	epochs	3.0
2380.2128954787477	0.04657999999972162	epochs	2.0
2380.2128954787477	0.023352499999873544	epochs	3.0
2380.2362479787475	0.023227499999848078	epochs	3.0
2380.2594754787474	0.04608570000027612	epochs	2.0
2380.2594754787474	0.023104000000330416	epochs	3.0
2380.2825794787477	0.022981699999945704	epochs	3.0
2380.3055611787477	0.045601799999985815	epochs	2.0
2380.3055611787477	0.02286069999991014	epochs	3.0
2380.3284218787476	0.022741100000075676	epochs	3.0
2380.3511629787477	0.045127899999897636	epochs	2.0
2380.3511629787477	0.022622500000125	epochs	3.0
2380.373785478748	0.022505399999772635	epochs	3.0
2380.3962908787475	0.04466379999985293	epochs	2.0
2380.3962908787475	0.022389300000213552	epochs	3.0
2380.4186801787478	0.022274499999639374	epochs	3.0
2380.4409546787474	0.04420920000029582	epochs	2.0
2380.4409546787474	0.02216080000016518	epochs	3.0
2380.4631154787476	0.02204840000013064	epochs	3.0
2380.4851638787477	0.043763599999692815	epochs	2.0
2380.4851638787477	0.021936899999673187	epochs	3.0
2380.5071007787474	0.021826700000019628	epochs	3.0
2380.5289274787474	0.043327100000169594	epochs	2.0
2380.5289274787474	0.02171760000010181	epochs	3.0
2380.5506450787475	0.021609500000067783	epochs	3.0
2380.5722545787476	0.04289900000003399	epochs	2.0
2380.5722545787476	0.021502499999769498	epochs	3.0
2380.5937570787473	0.021396500000264496	epochs	3.0
2380.6151535787476	0.04247949999989942	epochs	2.0
2380.6151535787476	0.021291699999892444	epochs	3.0
2380.6364452787475	0.021187800000006973	epochs	3.0
2380.6576330787475	0.04206789999989269	epochs	2.0
2380.6576330787475	0.02108490000000529	epochs	3.0
2380.6787179787475	0.020982999999887397	epochs	3.0
2380.6997009787474	0.041664400000172463	epochs	2.0
2380.6997009787474	0.020882199999959994	epochs	3.0
2380.7205831787473	0.02078220000021247	epochs	3.0
2380.7413653787476	0.04126850000011473	epochs	2.0
2380.7413653787476	0.02068330000020069	epochs	3.0
2380.7620486787478	0.02058519999991404	epochs	3.0
2380.7826338787477	0.04088000000001557	epochs	2.0
2380.7826338787477	0.020488099999965925	epochs	3.0
2380.8031219787476	0.020391900000049645	epochs	3.0
2380.8235138787477	0.04049880000002304	epochs	2.0
2380.8235138787477	0.020296599999710452	epochs	3.0
2380.8438104787474	0.020202200000312587	epochs	3.0
2380.8640126787477	0.04012459999967177	epochs	2.0
2380.8640126787477	0.02010870000003706	epochs	3.0
2380.8841213787477	0.020015899999634712	epochs	3.0
2380.9041372787474	0.03975730000001931	epochs	2.0
2380.9041372787474	0.01992420000033235	epochs	3.0
2380.9240614787477	0.019833099999686965	epochs	3.0
2380.9438945787474	0.03939669999999751	epochs	2.0
2380.9438945787474	0.019743000000289612	epochs	3.0
2380.9636375787477	0.019653699999707896	epochs	3.0
2380.9832912787474	0.03904240000019854	epochs	2.0
2380.9832912787474	0.0195651000003636	epochs	3.0
2381.0028563787478	0.01947729999983494	epochs	3.0
2381.0223336787476	0.03869459999987157	epochs	2.0
2381.0223336787476	0.019390399999792862	epochs	3.0
2381.0417240787474	0.01930420000007871	epochs	3.0
2381.0610282787475	0.03835290000006353	epochs	2.0
2381.0610282787475	0.019218800000089686	epochs	3.0
2381.0802470787476	0.01913409999997384	epochs	3.0
2381.0993811787475	0.03801720000001296	epochs	2.0
2381.0993811787475	0.019050200000037876	epochs	3.0
2381.1184313787476	0.018966999999975087	epochs	3.0
2381.1373983787475	0.03768720000016401	epochs	2.0
2381.1373983787475	0.018884499999785476	epochs	3.0
2381.1562828787473	0.018802700000378536	epochs	3.0
2381.1750855787477	0.037363099999765836	epochs	2.0
2381.1750855787477	0.018721699999787234	epochs	3.0
2381.1938072787475	0.018641399999978603	epochs	3.0
2381.2124486787475	0.037044300000161456	epochs	2.0
2381.2124486787475	0.018561599999884493	epochs	3.0
2381.2310102787474	0.018482700000276964	epochs	3.0
2381.2494929787476	0.03673099999969054	epochs	2.0
2381.2494929787476	0.018404299999929208	epochs	3.0
2381.2678972787476	0.01832669999976133	epochs	3.0
2381.2862239787473	0.03642290000016146	epochs	2.0
2381.2862239787473	0.01824960000021747	epochs	3.0
2381.3044735787475	0.018173299999943993	epochs	3.0
2381.3226468787475	0.03612010000006194	epochs	2.0
2381.3226468787475	0.018097600000146485	epochs	3.0
2381.3407444787476	0.018022499999915453	epochs	3.0
2381.3587669787476	0.035822100000132195	epochs	2.0
2381.3587669787476	0.01794789999985369	epochs	3.0
2381.3767148787474	0.017874200000278506	epochs	3.0
2381.3945890787477	0.03552899999976944	epochs	2.0
2381.3945890787477	0.01780079999980444	epochs	3.0
2381.4123898787475	0.017728199999965	epochs	3.0
2381.4301180787475	0.03524070000003121	epochs	2.0
2381.4301180787475	0.017656100000294828	epochs	3.0
2381.4477741787477	0.017584599999736383	epochs	3.0
2381.4653587787475	0.03495710000015606	epochs	2.0
2381.4653587787475	0.017513700000108656	epochs	3.0
2381.4828724787476	0.017443400000047404	epochs	3.0
2381.5003158787476	0.03467790000013338	epochs	2.0
2381.5003158787476	0.017373599999700673	epochs	3.0
2381.5176894787473	0.017304300000432704	epochs	3.0
2381.534993778748	0.03440329999966707	epochs	2.0
2381.534993778748	0.01723569999967367	epochs	3.0
2381.5522294787474	0.0171675999999934	epochs	3.0
2381.5693970787474	0.03413279999995211	epochs	2.0
2381.5693970787474	0.017099900000175694	epochs	3.0
2381.5864969787476	0.01703289999977642	epochs	3.0
2381.6035298787474	0.03386670000008962	epochs	2.0
2381.6035298787474	0.01696640000000116	epochs	3.0
2381.6204962787474	0.016900300000088464	epochs	3.0
2381.6373965787475	0.03360460000021703	epochs	2.0
2381.6373965787475	0.016834800000196992	epochs	3.0
2381.6542313787477	0.01676980000002004	epochs	3.0
2381.6710011787477	0.03334659999973155	epochs	2.0
2381.6710011787477	0.016705300000012357	epochs	3.0
2381.6877064787477	0.016641299999719195	epochs	3.0
2381.7043477787474	0.03309250000029351	epochs	2.0
2381.7043477787474	0.016577800000050047	epochs	3.0
2381.7209255787475	0.016514700000243465	epochs	3.0
2381.7374402787477	0.032842299999629176	epochs	2.0
2381.7374402787477	0.01645220000000336	epochs	3.0
2381.7538924787477	0.016390099999625818	epochs	3.0
2381.7702825787474	0.03259570000000167	epochs	2.0
2381.7702825787474	0.016328400000020338	epochs	3.0
2381.7866109787474	0.016267299999981333	epochs	3.0
2381.8028782787474	0.03235290000020541	epochs	2.0
2381.8028782787474	0.01620660000025964	epochs	3.0
2381.8190848787476	0.016146299999945768	epochs	3.0
2381.8352311787476	0.032113700000081735	epochs	2.0
2381.8352311787476	0.016086600000107865	epochs	3.0
2381.8513177787477	0.01602709999997387	epochs	3.0
2381.8673448787476	0.031877999999778694	epochs	2.0
2381.8673448787476	0.0159681999998611	epochs	3.0
2381.8833130787475	0.015909799999917595	epochs	3.0
2381.8992228787474	0.03164570000035383	epochs	2.0
2381.8992228787474	0.01585160000013275	epochs	3.0
2381.9150744787476	0.01579410000022108	epochs	3.0
2381.930868578748	0.03141669999968144	epochs	2.0
2381.930868578748	0.015736699999706616	epochs	3.0
2381.9466052787475	0.015679999999974825	epochs	3.0
2381.9622852787475	0.03119109999988723	epochs	2.0
2381.9622852787475	0.015623600000253646	epochs	3.0
2381.9779088787477	0.015567499999633583	epochs	3.0
2381.9934763787473	0.030968700000357785	epochs	2.0
2381.9934763787473	0.015512000000398984	epochs	3.0
2382.0089883787477	0.0154566999999588	epochs	3.0
2382.0244450787477	0.03074949999972887	epochs	2.0
2382.0244450787477	0.015401999999994587	epochs	3.0
2382.0398470787477	0.015347499999734282	epochs	3.0
2382.0551945787474	0.030533200000263605	epochs	2.0
2382.0551945787474	0.015293400000246038	epochs	3.0
2382.0704879787477	0.015239800000017567	epochs	3.0
2382.0857277787477	0.03032009999969887	epochs	2.0
2382.0857277787477	0.015186499999799707	epochs	3.0
2382.1009142787475	0.015133599999899161	epochs	3.0
2382.1160478787474	0.030109900000297785	epochs	2.0
2382.1160478787474	0.015081000000009226	epochs	3.0
2382.1311288787474	0.015028900000288559	epochs	3.0
2382.1461577787477	0.029902499999934662	epochs	2.0
2382.1461577787477	0.014976999999817053	epochs	3.0
2382.1611347787475	0.014925500000117609	epochs	3.0
2382.1760602787476	0.0296981000001324	epochs	2.0
2382.1760602787476	0.014874399999825982	epochs	3.0
2382.1909346787475	0.014823700000306417	epochs	3.0
2382.2057583787478	0.02949629999966419	epochs	2.0
2382.2057583787478	0.014773199999581266	epochs	3.0
2382.2205315787473	0.014723100000082923	epochs	3.0
2382.2352546787474	0.02929740000035963	epochs	2.0
2382.2352546787474	0.014673399999992398	epochs	3.0
2382.2499280787474	0.014624000000367232	epochs	3.0
2382.264552078748	0.029101099999934377	epochs	2.0
2382.264552078748	0.014574899999843183	epochs	3.0
2382.2791269787476	0.014526200000091194	epochs	3.0
2382.2936531787477	0.02890739999975267	epochs	2.0
2382.2936531787477	0.014477700000043114	epochs	3.0
2382.3081308787478	0.014429699999709555	epochs	3.0
2382.3225605787475	0.028716199999962555	epochs	2.0
2382.3225605787475	0.014381800000137446	epochs	3.0
2382.3369423787476	0.01433439999982511	epochs	3.0
2382.3512767787474	0.02852759999996124	epochs	2.0
2382.3512767787474	0.014287200000126177	epochs	3.0
2382.3655639787476	0.014240399999835063	epochs	3.0
2382.3798043787474	0.028341400000044814	epochs	2.0
2382.3798043787474	0.014193800000157353	epochs	3.0
2382.3939981787476	0.014147599999887461	epochs	3.0
2382.4081457787474	0.028157700000065233	epochs	2.0
2382.4081457787474	0.014101700000082928	epochs	3.0
2382.4222474787475	0.014055999999982305	epochs	3.0
2382.4363034787475	0.02797629999986384	epochs	2.0
2382.4363034787475	0.014010599999892293	epochs	3.0
2382.4503140787474	0.013965699999971548	epochs	3.0
2382.4642797787474	0.02779720000035013	epochs	2.0
2382.4642797787474	0.013920800000050804	epochs	3.0
2382.4782005787474	0.013876400000299327	epochs	3.0
2382.4920769787477	0.027620399999705114	epochs	2.0
2382.4920769787477	0.013832199999797012	epochs	3.0
2382.5059091787475	0.013788199999908102	epochs	3.0
2382.5196973787474	0.027445900000202528	epochs	2.0
2382.5196973787474	0.013744600000336504	epochs	3.0
2382.5334419787478	0.013701299999866023	epochs	3.0
2382.5471432787476	0.027273499999864725	epochs	2.0
2382.5471432787476	0.013658200000008947	epochs	3.0
2382.5608014787476	0.013615299999855779	epochs	3.0
2382.5744167787475	0.027103400000214606	epochs	2.0
2382.5744167787475	0.013572800000019924	epochs	3.0
2382.5879895787475	0.013530600000194681	epochs	3.0
2382.6015201787477	0.02693520000002536	epochs	2.0
2382.6015201787477	0.01348839999991469	epochs	3.0
2382.6150085787476	0.01344680000011067	epochs	3.0
2382.6284553787477	0.02676919999976235	epochs	2.0
2382.6284553787477	0.013405199999851902	epochs	3.0
2382.6418605787476	0.013363999999910448	epochs	3.0
2382.6552245787475	0.02660520000017641	epochs	2.0
2382.6552245787475	0.013322900000275695	epochs	3.0
2382.6685474787478	0.013282299999900715	epochs	3.0
2382.6818297787477	0.0264431999999033	epochs	2.0
2382.6818297787477	0.013241699999980483	epochs	3.0
2382.6950714787476	0.013201499999922817	epochs	3.0
2382.7082729787476	0.026283199999852513	epochs	2.0
2382.7082729787476	0.013161500000023807	epochs	3.0
2382.7214344787476	0.013121699999828706	epochs	3.0
2382.7345561787474	0.026125000000320142	epochs	2.0
2382.7345561787474	0.01308210000024701	epochs	3.0
2382.7476382787477	0.013042900000073132	epochs	3.0
2382.7606811787477	0.025968899999952555	epochs	2.0
2382.7606811787477	0.013003899999603163	epochs	3.0
2382.7736850787473	0.012965000000349391	epochs	3.0
2382.7866500787477	0.02581449999979668	epochs	2.0
2382.7866500787477	0.012926399999741989	epochs	3.0
2382.7995764787474	0.012888100000054692	epochs	3.0
2382.8124645787475	0.02566190000015922	epochs	2.0
2382.8124645787475	0.01284990000021935	epochs	3.0
2382.8253144787477	0.012811999999939871	epochs	3.0
2382.8381264787477	0.025511199999982637	epochs	2.0
2382.8381264787477	0.012774400000125752	epochs	3.0
2382.850900878748	0.012736799999856885	epochs	3.0
2382.8636376787476	0.02536229999986972	epochs	2.0
2382.8636376787476	0.012699699999757286	epochs	3.0
2382.8763373787474	0.012662600000112434	epochs	3.0
2382.8889999787475	0.02521500000011656	epochs	2.0
2382.8889999787475	0.012625800000023446	epochs	3.0
2382.9016257787475	0.012589200000093115	epochs	3.0
2382.9142149787476	0.024584799999956886	epochs	2.0
2382.9377973787477	0.5	epochs	-1.0
2382.9387997787476	0.5325600000001032	epochs	1.0
2383.4713597787477	0.4673600000000988	epochs	0.0
2394.4489998817444	0.1068000000000211	epochs	0.0
2394.4489998817444	0.04840180000019245	epochs	1.0
2394.4974016817446	0.009996399999636196	epochs	1.0
2394.507398081744	0.04840180000019245	epochs	1.0
2394.5557998817444	2.0	epochs	0.0
2396.5557998817444	0.5527999999999338	epochs	0.0
2396.5557998817444	0.5527999999999338	epochs	1.0
2396.555837481744	0.5	epochs	-1.0
2397.055837481744	0.05276240000011967	epochs	-1.0
2397.1085998817443	21.447120000000268	epochs	0.0
2398.540999889374	0.1068000000000211	epochs	0.0
2398.540999889374	0.04840180000019245	epochs	1.0
2398.589401689374	0.009996399999636196	epochs	1.0
2398.5993980893736	0.04840180000019245	epochs	1.0
2398.647799889374	2.0	epochs	0.0
2400.647799889374	0.5527999999999338	epochs	0.0
2400.647799889374	0.5527999999999338	epochs	1.0
2400.6478374893736	0.5	epochs	-1.0
2401.1478374893736	0.05276240000011967	epochs	-1.0
2401.2005998893737	21.447120000000268	epochs	0.0
2402.633999824524	0.1068000000000211	epochs	0.0
2402.633999824524	0.04840180000019245	epochs	1.0
2402.682401624524	0.009996399999636196	epochs	1.0
2402.6923980245238	0.04840180000019245	epochs	1.0
2402.740799824524	0.5938400000000001	epochs	0.0
2403.334639824524	23.406080000000202	epochs	0.0
2451.156000137329	0.14487999999983003	epochs	0.0
2451.156000137329	0.06744160000016564	epochs	1.0
2451.2234417373293	0.00999679999995351	epochs	1.0
2451.233438537329	0.06744159999971089	epochs	1.0
2451.300880137329	2.0	epochs	0.0
2453.300880137329	5.394639999999981	epochs	0.0
2453.300880137329	1.0	epochs	1.0
2453.300927637329	0.5	epochs	-1.0
2453.800927637329	4.894592499999817	epochs	-1.0
2454.300880137329	4.394639999999981	epochs	1.0
2454.300880137329	4.356753900000058	epochs	-1.0
2454.300880137329	1.9745872000003146	epochs	2.0
2454.300880137329	1.0985622000002877	epochs	3.0
2455.399442337329	0.8760250000000269	epochs	3.0
2456.2754673373292	1.3524075000000266	epochs	2.0
2456.2754673373292	0.7286354999996547	epochs	3.0
2457.004102837329	0.6237720000003719	epochs	3.0
2457.6278748373293	1.0297591999997167	epochs	2.0
2457.6278748373293	0.5453293000000485	epochs	3.0
2458.1732041373293	0.4844298999996681	epochs	3.0
2458.657634037329	0.03788609999992332	epochs	2.0
2458.657634037329	0.03788609999992332	epochs	3.0
2458.695520137329	16.60528000000022	epochs	0.0
2460.1760001182556	0.14487999999983003	epochs	0.0
2460.1760001182556	0.06744160000016564	epochs	1.0
2460.243441718256	0.00999679999995351	epochs	1.0
2460.2534385182557	0.06744159999971089	epochs	1.0
2460.3208801182554	2.0	epochs	0.0
2462.3208801182554	5.394639999999981	epochs	0.0
2462.3208801182554	1.0	epochs	1.0
2462.3209276182556	0.5	epochs	-1.0
2462.8209276182556	4.894592499999817	epochs	-1.0
2463.3208801182554	4.394639999999981	epochs	1.0
2463.3208801182554	4.356753900000058	epochs	-1.0
2463.3208801182554	1.9745872000003146	epochs	2.0
2463.3208801182554	1.0985622000002877	epochs	3.0
2464.4194423182557	0.8760250000000269	epochs	3.0
2465.2954673182558	1.3524075000000266	epochs	2.0
2465.2954673182558	0.7286354999996547	epochs	3.0
2466.0241028182554	0.6237720000003719	epochs	3.0
2466.647874818256	1.0297591999997167	epochs	2.0
2466.647874818256	0.5453293000000485	epochs	3.0
2467.193204118256	0.4844298999996681	epochs	3.0
2467.6776340182555	0.03788609999992332	epochs	2.0
2467.6776340182555	0.03788609999992332	epochs	3.0
2467.7155201182554	16.60528000000022	epochs	0.0
2469.178999900818	0.14487999999983003	epochs	0.0
2469.178999900818	0.06744160000016564	epochs	1.0
2469.246441500818	0.00999679999995351	epochs	1.0
2469.256438300818	0.06744159999971089	epochs	1.0
2469.3238799008177	2.0	epochs	0.0
2471.3238799008177	5.394639999999981	epochs	0.0
2471.3238799008177	1.0	epochs	1.0
2471.323927400818	0.5	epochs	-1.0
2471.823927400818	4.894592499999817	epochs	-1.0
2472.3238799008177	4.394639999999981	epochs	1.0
2472.3238799008177	4.356753900000058	epochs	-1.0
2472.3238799008177	1.9745872000003146	epochs	2.0
2472.3238799008177	1.0985622000002877	epochs	3.0
2473.422442100818	0.8760250000000269	epochs	3.0
2474.298467100818	1.3524075000000266	epochs	2.0
2474.298467100818	0.7286354999996547	epochs	3.0
2475.0271026008177	0.6237720000003719	epochs	3.0
2475.650874600818	1.0297591999997167	epochs	2.0
2475.650874600818	0.5453293000000485	epochs	3.0
2476.196203900818	0.4844298999996681	epochs	3.0
2476.6806338008178	0.03788609999992332	epochs	2.0
2476.6806338008178	0.03788609999992332	epochs	3.0
2476.7185199008177	16.60528000000022	epochs	0.0
2478.2160000801086	0.14487999999983003	epochs	0.0
2478.2160000801086	0.06744160000016564	epochs	1.0
2478.283441680109	0.00999679999995351	epochs	1.0
2478.2934384801088	0.06744159999971089	epochs	1.0
2478.3608800801085	2.0	epochs	0.0
2480.3608800801085	0.5147200000001249	epochs	0.0
2480.3608800801085	0.5147200000001249	epochs	1.0
2480.3609275801086	0.5	epochs	-1.0
2480.8609275801086	0.014672499999960564	epochs	-1.0
2480.8756000801086	21.485200000000077	epochs	0.0
2482.3769998550415	0.14487999999983003	epochs	0.0
2482.3769998550415	0.06744160000016564	epochs	1.0
2482.4444414550417	0.00999679999995351	epochs	1.0
2482.4544382550416	0.06744159999971089	epochs	1.0
2482.5218798550413	2.0	epochs	0.0
2484.5218798550413	0.5147200000001249	epochs	0.0
2484.5218798550413	0.5147200000001249	epochs	1.0
2484.5219273550415	0.5	epochs	-1.0
2485.0219273550415	0.014672499999960564	epochs	-1.0
2485.0365998550415	21.485200000000077	epochs	0.0
2486.5520000457764	0.14487999999983003	epochs	0.0
2486.5520000457764	0.06744160000016564	epochs	1.0
2486.6194416457765	0.00999679999995351	epochs	1.0
2486.6294384457765	0.06744159999971089	epochs	1.0
2486.696880045776	2.0	epochs	0.0
2488.696880045776	0.5156799999999748	epochs	0.0
2488.696880045776	0.5156799999999748	epochs	1.0
2488.6969275457764	0.5	epochs	-1.0
2489.1969275457764	0.015632499999810534	epochs	-1.0
2489.212560045776	21.484240000000227	epochs	0.0
2490.7300000190735	0.14487999999983003	epochs	0.0
2490.7300000190735	0.06744160000016564	epochs	1.0
2490.7974416190737	0.00999679999995351	epochs	1.0
2490.8074384190736	0.06744159999971089	epochs	1.0
2490.8748800190733	2.0	epochs	0.0
2492.8748800190733	0.5156799999999748	epochs	0.0
2492.8748800190733	0.5156799999999748	epochs	1.0
2492.8749275190735	0.5	epochs	-1.0
2493.3749275190735	0.015632499999810534	epochs	-1.0
2493.3905600190733	21.484240000000227	epochs	0.0
2494.909999847412	0.14487999999983003	epochs	0.0
2494.909999847412	0.06744160000016564	epochs	1.0
2494.9774414474123	0.00999679999995351	epochs	1.0
2494.9874382474122	0.06744159999971089	epochs	1.0
2495.054879847412	2.0	epochs	0.0
2497.054879847412	0.5147200000001249	epochs	0.0
2497.054879847412	0.5147200000001249	epochs	1.0
2497.054927347412	0.5	epochs	-1.0
2497.554927347412	0.014672499999960564	epochs	-1.0
2497.569599847412	21.485200000000077	epochs	0.0
2499.098000049591	0.14487999999983003	epochs	0.0
2499.098000049591	0.06744160000016564	epochs	1.0
2499.1654416495912	0.00999679999995351	epochs	1.0
2499.175438449591	0.06744159999971089	epochs	1.0
2499.242880049591	2.0	epochs	0.0
2501.242880049591	0.5147200000001249	epochs	0.0
2501.242880049591	0.5147200000001249	epochs	1.0
2501.242927549591	0.5	epochs	-1.0
2501.742927549591	0.014672499999960564	epochs	-1.0
2501.757600049591	21.485200000000077	epochs	0.0
2515.71799993515	0.14487999999983003	epochs	0.0
2515.71799993515	0.06744160000016564	epochs	1.0
2515.7854415351503	0.00999679999995351	epochs	1.0
2515.7954383351503	0.06744159999971089	epochs	1.0
2515.86287993515	2.0	epochs	0.0
2517.86287993515	0.22992000000022017	epochs	0.0
2517.86287993515	0.0500000000001819	epochs	1.0
2517.91287993515	0.009999999999763531	epochs	1.0
2517.92287993515	0.0500000000001819	epochs	1.0
2517.97287993515	0.010000000000218279	epochs	1.0
2517.9828799351503	0.04999999999972715	epochs	1.0
2518.03287993515	0.010000000000218279	epochs	1.0
2518.0428799351503	0.04991999999992913	epochs	1.0
