onset	duration	nwb_table	treelevel
8.165000438690186	0.09999999999999964	epochs	0.0
8.165000438690186	0.04499999999999993	epochs	1.0
8.210000438690185	0.009999999999999787	epochs	1.0
8.220000438690185	0.04499999999999993	epochs	1.0
8.265000438690185	0.7049950000000003	epochs	0.0
8.265000438690185	0.5	epochs	-1.0
8.265000438690185	0.5	epochs	-1.0
8.265000438690185	0.5	epochs	1.0
8.765000438690185	0.0600000000000005	epochs	-1.0
8.765000438690185	0.025000000000000355	epochs	-1.0
8.765000438690185	0.025000000000000355	epochs	1.0
8.790000438690186	0.009999999999999787	epochs	-1.0
8.790000438690186	0.009999999999999787	epochs	1.0
8.800000438690185	0.025000000000000355	epochs	-1.0
8.800000438690185	0.025000000000000355	epochs	1.0
8.825000438690186	0.0600000000000005	epochs	-1.0
8.825000438690186	0.025000000000000355	epochs	-1.0
8.825000438690186	0.025000000000000355	epochs	1.0
8.850000438690186	0.009999999999999787	epochs	-1.0
8.850000438690186	0.009999999999999787	epochs	1.0
8.860000438690186	0.025000000000000355	epochs	-1.0
8.860000438690186	0.025000000000000355	epochs	1.0
8.885000438690186	0.05999999999999872	epochs	-1.0
8.885000438690186	0.02499999999999858	epochs	-1.0
8.885000438690186	0.02499999999999858	epochs	1.0
8.910000438690185	0.010000000000001563	epochs	-1.0
8.910000438690185	0.010000000000001563	epochs	1.0
8.920000438690186	0.02499999999999858	epochs	-1.0
8.920000438690186	0.02499999999999858	epochs	1.0
8.945000438690185	0.024995000000000545	epochs	1.0
136.33100032806396	0.09999999999999432	epochs	0.0
136.33100032806396	0.044999999999987494	epochs	1.0
136.37600032806395	0.010000000000019327	epochs	1.0
136.38600032806397	0.044999999999987494	epochs	1.0
136.43100032806396	0.7049949999999967	epochs	0.0
136.43100032806396	0.5	epochs	-1.0
136.43100032806396	0.5	epochs	1.0
136.93100032806396	0.060000000000002274	epochs	-1.0
136.93100032806396	0.025000000000005684	epochs	-1.0
136.93100032806396	0.025000000000005684	epochs	1.0
136.95600032806396	0.009999999999990905	epochs	-1.0
136.95600032806396	0.009999999999990905	epochs	1.0
136.96600032806396	0.025000000000005684	epochs	-1.0
136.96600032806396	0.025000000000005684	epochs	1.0
136.99100032806396	0.060000000000002274	epochs	-1.0
136.99100032806396	0.025000000000005684	epochs	-1.0
136.99100032806396	0.025000000000005684	epochs	1.0
137.01600032806397	0.009999999999990905	epochs	-1.0
137.01600032806397	0.009999999999990905	epochs	1.0
137.02600032806396	0.025000000000005684	epochs	-1.0
137.02600032806396	0.025000000000005684	epochs	1.0
137.05100032806396	0.060000000000002274	epochs	-1.0
137.05100032806396	0.025000000000005684	epochs	-1.0
137.05100032806396	0.025000000000005684	epochs	1.0
137.07600032806397	0.009999999999990905	epochs	-1.0
137.07600032806397	0.009999999999990905	epochs	1.0
137.08600032806396	0.025000000000005684	epochs	-1.0
137.08600032806396	0.025000000000005684	epochs	1.0
137.11100032806397	0.024994999999989886	epochs	1.0
198.31800031661987	0.09999999999999432	epochs	0.0
198.31800031661987	0.044999999999987494	epochs	1.0
198.36300031661986	0.010000000000019327	epochs	1.0
198.37300031661988	0.044999999999987494	epochs	1.0
198.41800031661987	61.38499500000003	epochs	0.0
198.41800031661987	0.5	epochs	-1.0
198.41800031661987	0.5	epochs	-1.0
198.41800031661987	0.5	epochs	1.0
198.91800031661987	0.060000000000002274	epochs	-1.0
198.91800031661987	0.025000000000005684	epochs	-1.0
198.91800031661987	0.025000000000005684	epochs	1.0
198.94300031661987	0.009999999999990905	epochs	-1.0
198.94300031661987	0.009999999999990905	epochs	1.0
198.95300031661986	0.025000000000005684	epochs	-1.0
198.95300031661986	0.025000000000005684	epochs	1.0
198.97800031661987	0.060000000000002274	epochs	-1.0
198.97800031661987	0.025000000000005684	epochs	-1.0
198.97800031661987	0.025000000000005684	epochs	1.0
199.00300031661988	0.009999999999990905	epochs	-1.0
199.00300031661988	0.009999999999990905	epochs	1.0
199.01300031661987	0.025000000000005684	epochs	-1.0
199.01300031661987	0.025000000000005684	epochs	1.0
199.03800031661987	0.060000000000002274	epochs	-1.0
199.03800031661987	0.025000000000005684	epochs	-1.0
199.03800031661987	0.025000000000005684	epochs	1.0
199.06300031661988	0.009999999999990905	epochs	-1.0
199.06300031661988	0.009999999999990905	epochs	1.0
199.07300031661987	0.025000000000005684	epochs	-1.0
199.07300031661987	0.025000000000005684	epochs	1.0
199.09800031661987	59.99999999999997	epochs	1.0
259.09800031661985	0.5	epochs	-1.0
259.09800031661985	0.5	epochs	-1.0
259.09800031661985	0.5	epochs	1.0
259.59800031661985	0.06000000000005912	epochs	-1.0
259.59800031661985	0.025000000000034106	epochs	-1.0
259.59800031661985	0.025000000000034106	epochs	1.0
259.6230003166199	0.009999999999990905	epochs	-1.0
259.6230003166199	0.009999999999990905	epochs	1.0
259.63300031661987	0.025000000000034106	epochs	-1.0
259.63300031661987	0.025000000000034106	epochs	1.0
259.6580003166199	0.05999999999994543	epochs	-1.0
259.6580003166199	0.024999999999977263	epochs	-1.0
259.6580003166199	0.024999999999977263	epochs	1.0
259.6830003166199	0.009999999999990905	epochs	-1.0
259.6830003166199	0.009999999999990905	epochs	1.0
259.6930003166199	0.024999999999977263	epochs	-1.0
259.6930003166199	0.024999999999977263	epochs	1.0
259.71800031661985	0.060000000000002274	epochs	-1.0
259.71800031661985	0.025000000000034106	epochs	-1.0
259.71800031661985	0.025000000000034106	epochs	1.0
259.7430003166199	0.009999999999990905	epochs	-1.0
259.7430003166199	0.009999999999990905	epochs	1.0
259.7530003166199	0.024999999999977263	epochs	-1.0
259.7530003166199	0.024999999999977263	epochs	1.0
259.77800031661985	0.02499500000004673	epochs	1.0
303.728000164032	0.10000000000002274	epochs	0.0
303.728000164032	0.045000000000015916	epochs	1.0
303.773000164032	0.009999999999990905	epochs	1.0
303.783000164032	0.045000000000015916	epochs	1.0
303.828000164032	0.539799999999957	epochs	0.0
303.828000164032	0.5	epochs	-1.0
303.828000164032	0.5	epochs	-1.0
303.828000164032	0.5	epochs	1.0
304.328000164032	0.03979999999995698	epochs	-1.0
304.328000164032	0.024999999999977263	epochs	-1.0
304.328000164032	0.024999999999977263	epochs	1.0
304.353000164032	0.009999999999990905	epochs	-1.0
304.353000164032	0.009999999999990905	epochs	1.0
304.363000164032	0.004799999999988813	epochs	-1.0
304.363000164032	0.004799999999988813	epochs	1.0
304.36780016403196	0.16519500000003973	epochs	0.0
304.6360001564026	0.10000000000002274	epochs	0.0
304.6360001564026	0.045000000000015916	epochs	1.0
304.6810001564026	0.009999999999990905	epochs	1.0
304.6910001564026	0.045000000000015916	epochs	1.0
304.7360001564026	0.5399149999999509	epochs	0.0
304.7360001564026	0.5	epochs	-1.0
304.7360001564026	0.5	epochs	-1.0
304.7360001564026	0.5	epochs	1.0
305.2360001564026	0.03991499999995085	epochs	-1.0
305.2360001564026	0.024999999999977263	epochs	-1.0
305.2360001564026	0.024999999999977263	epochs	1.0
305.2610001564026	0.009999999999990905	epochs	-1.0
305.2610001564026	0.009999999999990905	epochs	1.0
305.2710001564026	0.004914999999982683	epochs	-1.0
305.2710001564026	0.004914999999982683	epochs	1.0
305.27591515640256	0.16508000000004586	epochs	0.0
305.54100036621094	0.10000000000002274	epochs	0.0
305.54100036621094	0.045000000000015916	epochs	1.0
305.58600036621095	0.009999999999990905	epochs	1.0
305.59600036621094	0.045000000000015916	epochs	1.0
305.64100036621096	0.5403199999999515	epochs	0.0
305.64100036621096	0.5	epochs	-1.0
305.64100036621096	0.5	epochs	-1.0
305.64100036621096	0.5	epochs	1.0
306.14100036621096	0.040319999999951506	epochs	-1.0
306.14100036621096	0.024999999999977263	epochs	-1.0
306.14100036621096	0.024999999999977263	epochs	1.0
306.16600036621094	0.009999999999990905	epochs	-1.0
306.16600036621094	0.009999999999990905	epochs	1.0
306.1760003662109	0.005319999999983338	epochs	-1.0
306.1760003662109	0.005319999999983338	epochs	1.0
306.1813203662109	0.1646750000000452	epochs	0.0
333.2829999923706	0.05464000000000624	epochs	0.0
333.2829999923706	0.02232040000001234	epochs	1.0
333.3053203923706	0.009999199999981556	epochs	1.0
333.3153195923706	0.02232040000001234	epochs	1.0
333.3376399923706	5.999979999999994	epochs	0.0
333.3376399923706	0.5	epochs	1.0
333.3376447923706	0.5	epochs	-1.0
333.3376447923706	0.5	epochs	-1.0
333.8376399923706	5.0	epochs	1.0
338.8376399923706	0.49997999999999365	epochs	1.0
338.8376447923706	0.4999751999999944	epochs	-1.0
341.85400009155273	0.05464000000000624	epochs	0.0
341.85400009155273	0.02232040000001234	epochs	1.0
341.87632049155275	0.009999199999981556	epochs	1.0
341.8863196915527	0.02232040000001234	epochs	1.0
341.90864009155274	2.505459999999971	epochs	0.0
341.90864009155274	0.5	epochs	1.0
341.90864489155274	0.5	epochs	-1.0
342.40864009155274	1.0	epochs	1.0
343.40864009155274	1.005459999999971	epochs	1.0
343.90864489155274	0.5	epochs	-1.0
344.4141000915527	0.9945200000000227	epochs	0.0
344.728000164032	0.05464000000000624	epochs	0.0
344.728000164032	0.02232040000001234	epochs	1.0
344.750320564032	0.009999199999981556	epochs	1.0
344.760319764032	0.02232040000001234	epochs	1.0
344.782640164032	2.5055399999999963	epochs	0.0
344.782640164032	0.5	epochs	1.0
344.782644964032	0.5	epochs	-1.0
345.282640164032	1.0	epochs	1.0
346.282640164032	1.0055399999999963	epochs	1.0
346.782644964032	0.5	epochs	-1.0
347.288180164032	0.9944399999999973	epochs	0.0
347.5860004425049	0.05464000000000624	epochs	0.0
347.5860004425049	0.02232040000001234	epochs	1.0
347.6083208425049	0.009999199999981556	epochs	1.0
347.6183200425049	0.02232040000001234	epochs	1.0
347.6406404425049	0.5452199999999721	epochs	0.0
347.6406404425049	0.5	epochs	1.0
347.6406452425049	0.5	epochs	-1.0
348.1406404425049	0.04521999999997206	epochs	1.0
348.18586044250486	2.9547600000000216	epochs	0.0
348.4700002670288	0.05464000000000624	epochs	0.0
348.4700002670288	0.02232040000001234	epochs	1.0
348.4923206670288	0.009999199999981556	epochs	1.0
348.5023198670288	0.02232040000001234	epochs	1.0
348.5246402670288	2.505080000000021	epochs	0.0
348.5246402670288	0.5	epochs	1.0
348.5246450670288	0.5	epochs	-1.0
349.0246402670288	1.0	epochs	1.0
350.0246402670288	1.0050800000000208	epochs	1.0
350.5246450670288	0.5	epochs	-1.0
351.02972026702884	0.9948999999999728	epochs	0.0
351.3380002975464	0.05464000000000624	epochs	0.0
351.3380002975464	0.02232040000001234	epochs	1.0
351.3603206975464	0.009999199999981556	epochs	1.0
351.3703198975464	0.02232040000001234	epochs	1.0
351.3926402975464	2.505799999999965	epochs	0.0
351.3926402975464	0.5	epochs	1.0
351.3926450975464	0.5	epochs	-1.0
351.8926402975464	1.0	epochs	1.0
352.8926402975464	1.0057999999999652	epochs	1.0
353.3926450975464	0.5	epochs	-1.0
353.89844029754636	0.9941800000000285	epochs	0.0
354.24700021743774	0.05464000000000624	epochs	0.0
354.24700021743774	0.02232040000001234	epochs	1.0
354.26932061743776	0.009999199999981556	epochs	1.0
354.27931981743774	0.02232040000001234	epochs	1.0
354.30164021743775	2.5049399999999764	epochs	0.0
354.30164021743775	0.5	epochs	1.0
354.30164501743775	0.5	epochs	-1.0
354.80164021743775	1.0	epochs	1.0
355.80164021743775	1.0049399999999764	epochs	1.0
356.30164501743775	0.5	epochs	-1.0
356.8065802174377	0.9950400000000172	epochs	0.0
357.1800003051758	0.6499800000000278	epochs	0.0
357.1800003051758	0.05000000000001137	epochs	1.0
357.2300003051758	0.5	epochs	1.0
357.7300003051758	0.09998000000001639	epochs	1.0
358.25200033187866	0.6499800000000278	epochs	0.0
358.25200033187866	0.05000000000001137	epochs	1.0
358.3020003318787	0.5	epochs	1.0
358.8020003318787	0.09998000000001639	epochs	1.0
359.31300020217896	0.6499800000000278	epochs	0.0
359.31300020217896	0.05000000000001137	epochs	1.0
359.36300020217897	0.5	epochs	1.0
359.86300020217897	0.09998000000001639	epochs	1.0
360.3880000114441	0.6499800000000278	epochs	0.0
360.3880000114441	0.05000000000001137	epochs	1.0
360.4380000114441	0.5	epochs	1.0
360.9380000114441	0.09998000000001639	epochs	1.0
361.4570002555847	0.6499800000000278	epochs	0.0
361.4570002555847	0.05000000000001137	epochs	1.0
361.5070002555847	0.5	epochs	1.0
362.0070002555847	0.09998000000001639	epochs	1.0
362.5130000114441	0.6499800000000278	epochs	0.0
362.5130000114441	0.05000000000001137	epochs	1.0
362.5630000114441	0.5	epochs	1.0
363.0630000114441	0.09998000000001639	epochs	1.0
363.65300035476685	0.05464000000000624	epochs	0.0
363.65300035476685	0.02232040000001234	epochs	1.0
363.67532075476686	0.009999199999981556	epochs	1.0
363.68531995476684	0.02232040000001234	epochs	1.0
363.70764035476685	2.5057600000000093	epochs	0.0
363.70764035476685	0.5	epochs	1.0
363.70764515476685	0.5	epochs	-1.0
364.20764035476685	1.0	epochs	1.0
365.20764035476685	1.0057600000000093	epochs	1.0
365.70764515476685	0.5	epochs	-1.0
366.21340035476686	2.9942199999999843	epochs	0.0
368.9079999923706	0.05464000000000624	epochs	0.0
368.9079999923706	0.02232040000001234	epochs	1.0
368.9303203923706	0.009999199999981556	epochs	1.0
368.9403195923706	0.02232040000001234	epochs	1.0
368.9626399923706	3.0058799999999906	epochs	0.0
368.9626399923706	0.5	epochs	1.0
368.9626447923706	0.5	epochs	-1.0
369.4626399923706	1.0	epochs	1.0
370.4626399923706	1.5058799999999906	epochs	1.0
370.9626447923706	0.5	epochs	-1.0
371.4626447923706	0.5	epochs	-1.0
371.9685199923706	2.494100000000003	epochs	0.0
374.11100006103516	0.05464000000000624	epochs	0.0
374.11100006103516	0.02232040000001234	epochs	1.0
374.13332046103517	0.009999199999981556	epochs	1.0
374.14331966103515	0.02232040000001234	epochs	1.0
374.16564006103516	3.5054400000000214	epochs	0.0
374.16564006103516	0.5	epochs	1.0
374.16564486103516	0.5	epochs	-1.0
374.66564006103516	1.0	epochs	1.0
375.66564006103516	2.0054400000000214	epochs	1.0
376.16564486103516	0.5	epochs	-1.0
376.66564486103516	0.5	epochs	-1.0
377.16564486103516	0.5	epochs	-1.0
377.6710800610352	1.9945399999999722	epochs	0.0
379.3320002555847	0.05464000000000624	epochs	0.0
379.3320002555847	0.02232040000001234	epochs	1.0
379.35432065558473	0.009999199999981556	epochs	1.0
379.3643198555847	0.02232040000001234	epochs	1.0
379.3866402555847	4.004939999999976	epochs	0.0
379.3866402555847	0.5	epochs	1.0
379.3866450555847	0.5	epochs	-1.0
379.8866402555847	1.0	epochs	1.0
380.8866402555847	2.5049399999999764	epochs	1.0
381.3866450555847	0.5	epochs	-1.0
381.8866450555847	0.5	epochs	-1.0
382.3866450555847	0.5	epochs	-1.0
382.8866450555847	0.5	epochs	-1.0
383.3915802555847	1.4950400000000172	epochs	0.0
384.57600021362305	0.05464000000000624	epochs	0.0
384.57600021362305	0.02232040000001234	epochs	1.0
384.59832061362306	0.009999199999981556	epochs	1.0
384.60831981362304	0.02232040000001234	epochs	1.0
384.63064021362305	2.5049000000000206	epochs	0.0
384.63064021362305	0.5	epochs	1.0
384.63064501362305	0.5	epochs	-1.0
385.13064021362305	1.0	epochs	1.0
386.13064021362305	1.0049000000000206	epochs	1.0
386.63064501362305	0.5	epochs	-1.0
387.1355402136231	3.995079999999973	epochs	0.0
387.6940002441406	0.05464000000000624	epochs	0.0
387.6940002441406	0.02232040000001234	epochs	1.0
387.71632064414064	0.009999199999981556	epochs	1.0
387.7263198441406	0.02232040000001234	epochs	1.0
387.74864024414063	3.004880000000014	epochs	0.0
387.74864024414063	0.5	epochs	1.0
387.74864504414063	0.5	epochs	-1.0
388.24864024414063	1.0	epochs	1.0
389.24864024414063	1.5048800000000142	epochs	1.0
389.74864504414063	0.5	epochs	-1.0
390.24864504414063	0.5	epochs	-1.0
390.75352024414065	3.4950999999999794	epochs	0.0
391.31600046157837	0.05464000000000624	epochs	0.0
391.31600046157837	0.02232040000001234	epochs	1.0
391.3383208615784	0.009999199999981556	epochs	1.0
391.34832006157836	0.02232040000001234	epochs	1.0
391.3706404615784	3.005240000000015	epochs	0.0
391.3706404615784	0.5	epochs	1.0
391.3706452615784	0.5	epochs	-1.0
391.8706404615784	1.0	epochs	1.0
392.8706404615784	1.5052400000000148	epochs	1.0
393.3706452615784	0.5	epochs	-1.0
393.8706452615784	0.5	epochs	-1.0
394.3758804615784	3.494739999999979	epochs	0.0
394.9010000228882	0.05464000000000624	epochs	0.0
394.9010000228882	0.02232040000001234	epochs	1.0
394.9233204228882	0.009999199999981556	epochs	1.0
394.9333196228882	0.02232040000001234	epochs	1.0
394.9556400228882	3.0050600000000145	epochs	0.0
394.9556400228882	0.5	epochs	1.0
394.9556448228882	0.5	epochs	-1.0
395.4556400228882	1.0	epochs	1.0
396.4556400228882	1.5050600000000145	epochs	1.0
396.9556448228882	0.5	epochs	-1.0
397.4556448228882	0.5	epochs	-1.0
397.9607000228882	3.494919999999979	epochs	0.0
398.51000022888184	0.05464000000000624	epochs	0.0
398.51000022888184	0.02232040000001234	epochs	1.0
398.53232062888185	0.009999199999981556	epochs	1.0
398.54231982888183	0.02232040000001234	epochs	1.0
398.56464022888184	3.0054999999999836	epochs	0.0
398.56464022888184	0.5	epochs	1.0
398.56464502888184	0.5	epochs	-1.0
399.06464022888184	1.0	epochs	1.0
400.06464022888184	1.5054999999999836	epochs	1.0
400.56464502888184	0.5	epochs	-1.0
401.06464502888184	0.5	epochs	-1.0
401.5701402288818	3.49448000000001	epochs	0.0
402.1780004501343	0.05464000000000624	epochs	0.0
402.1780004501343	0.02232040000001234	epochs	1.0
402.2003208501343	0.009999199999981556	epochs	1.0
402.21032005013427	0.02232040000001234	epochs	1.0
402.2326404501343	2.505799999999965	epochs	0.0
402.2326404501343	0.5	epochs	1.0
402.2326452501343	0.5	epochs	-1.0
402.7326404501343	1.0	epochs	1.0
403.7326404501343	1.0057999999999652	epochs	1.0
404.2326452501343	0.5	epochs	-1.0
404.73844045013425	3.9941800000000285	epochs	0.0
405.2940001487732	0.15298000000001366	epochs	0.0
405.2940001487732	0.05000000000001137	epochs	1.0
405.3440001487732	0.002999999999985903	epochs	1.0
405.3470001487732	0.09998000000001639	epochs	1.0
405.978000164032	0.15298000000001366	epochs	0.0
405.978000164032	0.05000000000001137	epochs	1.0
406.028000164032	0.002999999999985903	epochs	1.0
406.031000164032	0.09998000000001639	epochs	1.0
406.69900035858154	0.15298000000001366	epochs	0.0
406.69900035858154	0.05000000000001137	epochs	1.0
406.74900035858155	0.002999999999985903	epochs	1.0
406.75200035858154	0.09998000000001639	epochs	1.0
407.3780002593994	0.15298000000001366	epochs	0.0
407.3780002593994	0.05000000000001137	epochs	1.0
407.4280002593994	0.002999999999985903	epochs	1.0
407.4310002593994	0.09998000000001639	epochs	1.0
408.085000038147	0.15298000000001366	epochs	0.0
408.085000038147	0.05000000000001137	epochs	1.0
408.135000038147	0.002999999999985903	epochs	1.0
408.13800003814697	0.09998000000001639	epochs	1.0
408.8230004310608	0.15298000000001366	epochs	0.0
408.8230004310608	0.05000000000001137	epochs	1.0
408.8730004310608	0.002999999999985903	epochs	1.0
408.8760004310608	0.09998000000001639	epochs	1.0
409.5470004081726	0.15298000000001366	epochs	0.0
409.5470004081726	0.05000000000001137	epochs	1.0
409.5970004081726	0.002999999999985903	epochs	1.0
409.6000004081726	0.09998000000001639	epochs	1.0
410.26700019836426	0.15298000000001366	epochs	0.0
410.26700019836426	0.05000000000001137	epochs	1.0
410.31700019836427	0.002999999999985903	epochs	1.0
410.32000019836426	0.09998000000001639	epochs	1.0
410.96600008010864	0.15298000000001366	epochs	0.0
410.96600008010864	0.05000000000001137	epochs	1.0
411.01600008010865	0.002999999999985903	epochs	1.0
411.01900008010864	0.09998000000001639	epochs	1.0
411.6970000267029	0.15298000000001366	epochs	0.0
411.6970000267029	0.05000000000001137	epochs	1.0
411.7470000267029	0.002999999999985903	epochs	1.0
411.7500000267029	0.09998000000001639	epochs	1.0
412.43100023269653	0.15298000000001366	epochs	0.0
412.43100023269653	0.05000000000001137	epochs	1.0
412.48100023269654	0.002999999999985903	epochs	1.0
412.48400023269653	0.09998000000001639	epochs	1.0
413.1940002441406	0.15298000000001366	epochs	0.0
413.1940002441406	0.05000000000001137	epochs	1.0
413.24400024414064	0.002999999999985903	epochs	1.0
413.2470002441406	0.09998000000001639	epochs	1.0
413.9630002975464	0.15298000000001366	epochs	0.0
413.9630002975464	0.05000000000001137	epochs	1.0
414.0130002975464	0.002999999999985903	epochs	1.0
414.0160002975464	0.09998000000001639	epochs	1.0
414.76500034332275	0.05464000000000624	epochs	0.0
414.76500034332275	0.02232040000001234	epochs	1.0
414.78732074332277	0.009999199999981556	epochs	1.0
414.79731994332275	0.02232040000001234	epochs	1.0
414.81964034332276	1.545379999999966	epochs	0.0
414.81964034332276	0.5	epochs	1.0
414.81964514332276	0.5	epochs	-1.0
415.31964034332276	0.002999999999985903	epochs	1.0
415.32264034332275	1.04237999999998	epochs	1.0
415.82264514332275	0.5	epochs	-1.0
416.3650203433227	0.05760000000003629	epochs	0.0
416.89400005340576	0.05464000000000624	epochs	0.0
416.89400005340576	0.02232040000001234	epochs	1.0
416.9163204534058	0.009999199999981556	epochs	1.0
416.92631965340576	0.02232040000001234	epochs	1.0
416.94864005340577	1.5456199999999853	epochs	0.0
416.94864005340577	0.5	epochs	1.0
416.94864485340577	0.5	epochs	-1.0
417.44864005340577	0.002999999999985903	epochs	1.0
417.45164005340575	1.0426199999999994	epochs	1.0
417.95164485340575	0.5	epochs	-1.0
418.49426005340575	0.05736000000001695	epochs	0.0
419.1460003852844	0.05464000000000624	epochs	0.0
419.1460003852844	0.02232040000001234	epochs	1.0
419.16832078528444	0.009999199999981556	epochs	1.0
419.1783199852844	0.02232040000001234	epochs	1.0
419.20064038528443	1.545000000000016	epochs	0.0
419.20064038528443	0.5	epochs	1.0
419.20064518528443	0.5	epochs	-1.0
419.70064038528443	0.002999999999985903	epochs	1.0
419.7036403852844	1.04200000000003	epochs	1.0
420.2036451852844	0.5	epochs	-1.0
420.74564038528445	0.057979999999986376	epochs	0.0
421.4810004234314	0.05464000000000624	epochs	0.0
421.4810004234314	0.02232040000001234	epochs	1.0
421.5033208234314	0.009999199999981556	epochs	1.0
421.5133200234314	0.02232040000001234	epochs	1.0
421.5356404234314	7.325800000000015	epochs	0.0
421.5356404234314	0.5	epochs	1.0
421.5356452234314	0.5	epochs	-1.0
422.0356404234314	6.825800000000015	epochs	1.0
427.8614404234314	1.0	epochs	-1.0
427.8614404234314	0.04021999999997661	epochs	-1.0
428.3589252234314	0.5	epochs	-1.0
428.8614404234314	12.174179999999978	epochs	0.0
429.78700017929077	0.05464000000000624	epochs	0.0
429.78700017929077	0.02232040000001234	epochs	1.0
429.8093205792908	0.009999199999981556	epochs	1.0
429.81931977929077	0.02232040000001234	epochs	1.0
429.8416401792908	7.324880000000007	epochs	0.0
429.8416401792908	0.5	epochs	1.0
429.8416449792908	0.5	epochs	-1.0
430.3416401792908	6.824880000000007	epochs	1.0
436.1668401792908	0.9996800000000121	epochs	-1.0
436.1668401792908	0.03991999999999507	epochs	-1.0
436.66432497929077	0.5	epochs	-1.0
437.1665201792908	12.175099999999986	epochs	0.0
437.8500003814697	0.05464000000000624	epochs	0.0
437.8500003814697	0.02232040000001234	epochs	1.0
437.87232078146974	0.009999199999981556	epochs	1.0
437.8823199814697	0.02232040000001234	epochs	1.0
437.90464038146973	7.885119999999972	epochs	0.0
437.90464038146973	0.5	epochs	1.0
437.90464518146973	0.5	epochs	-1.0
438.40464038146973	7.385119999999972	epochs	1.0
444.2901203814697	1.4996399999999994	epochs	-1.0
444.2901203814697	0.03968000000003258	epochs	-1.0
444.7876051814697	0.5	epochs	-1.0
445.2876051814697	0.5	epochs	-1.0
445.7897603814697	11.614860000000022	epochs	0.0
461.93300008773804	0.05464000000000624	epochs	0.0
461.93300008773804	0.02232040000001234	epochs	1.0
461.95532048773805	0.009999199999981556	epochs	1.0
461.96531968773803	0.02232040000001234	epochs	1.0
461.98764008773804	2.0	epochs	0.0
463.98764008773804	0.5051199999999767	epochs	0.0
463.98764008773804	0.5051199999999767	epochs	1.0
463.98764488773804	0.5	epochs	-1.0
464.48764488773804	0.005115199999977449	epochs	-1.0
464.492760087738	21.494799999999998	epochs	0.0
465.768000125885	0.05464000000000624	epochs	0.0
465.768000125885	0.02232040000001234	epochs	1.0
465.790320525885	0.009999199999981556	epochs	1.0
465.800319725885	0.02232040000001234	epochs	1.0
465.822640125885	2.0	epochs	0.0
467.822640125885	0.5048800000000142	epochs	0.0
467.822640125885	0.5048800000000142	epochs	1.0
467.822644925885	0.5	epochs	-1.0
468.322644925885	0.0048752000000149565	epochs	-1.0
468.32752012588503	21.49503999999996	epochs	0.0
469.6190004348755	0.05464000000000624	epochs	0.0
469.6190004348755	0.02232040000001234	epochs	1.0
469.6413208348755	0.009999199999981556	epochs	1.0
469.6513200348755	0.02232040000001234	epochs	1.0
469.6736404348755	2.0	epochs	0.0
471.6736404348755	0.5048800000000142	epochs	0.0
471.6736404348755	0.5048800000000142	epochs	1.0
471.6736452348755	0.5	epochs	-1.0
472.1736452348755	0.0048752000000149565	epochs	-1.0
472.1785204348755	21.49503999999996	epochs	0.0
473.5130000114441	0.05464000000000624	epochs	0.0
473.5130000114441	0.02232040000001234	epochs	1.0
473.5353204114441	0.009999199999981556	epochs	1.0
473.5453196114441	0.02232040000001234	epochs	1.0
473.5676400114441	2.0	epochs	0.0
475.5676400114441	0.5046399999999949	epochs	0.0
475.5676400114441	0.5046399999999949	epochs	1.0
475.5676448114441	0.5	epochs	-1.0
476.0676448114441	0.004635199999995621	epochs	-1.0
476.0722800114441	21.49527999999998	epochs	0.0
477.3860001564026	0.05464000000000624	epochs	0.0
477.3860001564026	0.02232040000001234	epochs	1.0
477.4083205564026	0.009999199999981556	epochs	1.0
477.4183197564026	0.02232040000001234	epochs	1.0
477.4406401564026	2.0	epochs	0.0
479.4406401564026	0.50551999999999	epochs	0.0
479.4406401564026	0.50551999999999	epochs	1.0
479.4406449564026	0.5	epochs	-1.0
479.9406449564026	0.0055151999999907275	epochs	-1.0
479.9461601564026	21.494399999999985	epochs	0.0
481.2700004577637	0.05464000000000624	epochs	0.0
481.2700004577637	0.02232040000001234	epochs	1.0
481.2923208577637	0.009999199999981556	epochs	1.0
481.30232005776367	0.02232040000001234	epochs	1.0
481.3246404577637	2.0	epochs	0.0
483.3246404577637	5.38488000000001	epochs	0.0
483.3246404577637	1.0	epochs	1.0
483.3246452577637	0.5	epochs	-1.0
483.8246452577637	4.88487520000001	epochs	-1.0
484.3246404577637	4.38488000000001	epochs	1.0
484.3246404577637	4.356753900000001	epochs	-1.0
484.3246404577637	1.9745871999999736	epochs	2.0
484.3246404577637	1.0985622000000035	epochs	3.0
485.4232026577637	0.8760249999999701	epochs	3.0
486.29922765776365	1.3524075000000266	epochs	2.0
486.29922765776365	0.7286354999999958	epochs	3.0
487.02786315776365	0.6237720000000309	epochs	3.0
487.6516351577637	1.0297592000000009	epochs	2.0
487.6516351577637	0.5453292999999917	epochs	3.0
488.19696445776367	0.4844299000000092	epochs	3.0
488.6813943577637	0.02812610000000859	epochs	2.0
488.6813943577637	0.02812610000000859	epochs	3.0
488.7095204577637	16.615039999999965	epochs	0.0
489.64200019836426	0.05464000000000624	epochs	0.0
489.64200019836426	0.02232040000001234	epochs	1.0
489.66432059836427	0.009999199999981556	epochs	1.0
489.67431979836425	0.02232040000001234	epochs	1.0
489.69664019836426	2.0	epochs	0.0
491.69664019836426	0.5049599999999828	epochs	0.0
491.69664019836426	0.5049599999999828	epochs	1.0
491.69664499836426	0.5	epochs	-1.0
492.19664499836426	0.004955199999983506	epochs	-1.0
492.20160019836425	21.49496000000005	epochs	0.0
493.5620002746582	0.05464000000000624	epochs	0.0
493.5620002746582	0.02232040000001234	epochs	1.0
493.5843206746582	0.009999199999981556	epochs	1.0
493.5943198746582	0.02232040000001234	epochs	1.0
493.6166402746582	2.0	epochs	0.0
495.6166402746582	0.5050400000000081	epochs	0.0
495.6166402746582	0.5050400000000081	epochs	1.0
495.6166450746582	0.5	epochs	-1.0
496.1166450746582	0.005035200000008899	epochs	-1.0
496.1216802746582	21.494880000000023	epochs	0.0
497.4420003890991	0.05464000000000624	epochs	0.0
497.4420003890991	0.02232040000001234	epochs	1.0
497.46432078909913	0.009999199999981556	epochs	1.0
497.4743199890991	0.02232040000001234	epochs	1.0
497.4966403890991	2.0	epochs	0.0
499.4966403890991	0.5051199999999767	epochs	0.0
499.4966403890991	0.5051199999999767	epochs	1.0
499.4966451890991	0.5	epochs	-1.0
499.9966451890991	0.005115199999977449	epochs	-1.0
500.0017603890991	21.494800000000055	epochs	0.0
508.5700001716614	0.05464000000000624	epochs	0.0
508.5700001716614	0.02232040000001234	epochs	1.0
508.5923205716614	0.009999199999981556	epochs	1.0
508.60231977166137	0.02232040000001234	epochs	1.0
508.6246401716614	2.0	epochs	0.0
510.6246401716614	0.5052799999999706	epochs	0.0
510.6246401716614	0.5052799999999706	epochs	1.0
510.6246449716614	0.5	epochs	-1.0
511.1246449716614	0.005275199999971392	epochs	-1.0
511.12992017166135	21.49464000000006	epochs	0.0
512.5380001068115	0.054639999999949396	epochs	0.0
512.5380001068115	0.02232040000001234	epochs	1.0
512.5603205068115	0.0099992000000384	epochs	1.0
512.5703197068116	0.022320399999898655	epochs	1.0
512.5926401068115	2.0	epochs	0.0
514.5926401068115	0.5047200000000203	epochs	0.0
514.5926401068115	0.5047200000000203	epochs	1.0
514.5926449068115	0.5	epochs	-1.0
515.0926449068115	0.00471519999996417	epochs	-1.0
515.0973601068115	21.495200000000068	epochs	0.0
516.4530000686646	0.054639999999949396	epochs	0.0
516.4530000686646	0.02232040000001234	epochs	1.0
516.4753204686646	0.0099992000000384	epochs	1.0
516.4853196686646	0.022320399999898655	epochs	1.0
516.5076400686645	2.0	epochs	0.0
518.5076400686645	0.5050400000000081	epochs	0.0
518.5076400686645	0.5050400000000081	epochs	1.0
518.5076448686646	0.5	epochs	-1.0
519.0076448686646	0.005035199999952056	epochs	-1.0
519.0126800686645	21.49488000000008	epochs	0.0
520.2800002098083	0.054639999999949396	epochs	0.0
520.2800002098083	0.02232040000001234	epochs	1.0
520.3023206098084	0.0099992000000384	epochs	1.0
520.3123198098084	0.022320399999898655	epochs	1.0
520.3346402098083	2.0	epochs	0.0
522.3346402098083	5.3848800000000665	epochs	0.0
522.3346402098083	1.0	epochs	1.0
522.3346450098084	0.5	epochs	-1.0
522.8346450098084	4.88487520000001	epochs	-1.0
523.3346402098083	4.3848800000000665	epochs	1.0
523.3346402098083	4.356753900000058	epochs	-1.0
523.3346402098083	1.9745872000000873	epochs	2.0
523.3346402098083	1.0985622000000603	epochs	3.0
524.4332024098084	0.8760250000000269	epochs	3.0
525.3092274098084	1.352407499999913	epochs	2.0
525.3092274098084	0.7286354999999958	epochs	3.0
526.0378629098084	0.6237719999999172	epochs	3.0
526.6616349098083	1.0297592000000577	epochs	2.0
526.6616349098083	0.5453293000000485	epochs	3.0
527.2069642098083	0.4844299000000092	epochs	3.0
527.6913941098084	0.02812610000000859	epochs	2.0
527.6913941098084	0.02812610000000859	epochs	3.0
527.7195202098084	16.615040000000022	epochs	0.0
528.5430002212524	0.054639999999949396	epochs	0.0
528.5430002212524	0.02232040000001234	epochs	1.0
528.5653206212525	0.0099992000000384	epochs	1.0
528.5753198212525	0.022320399999898655	epochs	1.0
528.5976402212524	2.0	epochs	0.0
530.5976402212524	0.5051200000000335	epochs	0.0
530.5976402212524	0.5051200000000335	epochs	1.0
530.5976450212524	0.5	epochs	-1.0
531.0976450212524	0.005115199999977449	epochs	-1.0
531.1027602212524	21.494800000000055	epochs	0.0
532.5150003433228	0.054639999999949396	epochs	0.0
532.5150003433228	0.02232040000001234	epochs	1.0
532.5373207433228	0.0099992000000384	epochs	1.0
532.5473199433228	0.022320399999898655	epochs	1.0
532.5696403433227	2.0	epochs	0.0
534.5696403433227	0.5448000000000093	epochs	0.0
534.5696403433227	0.5448000000000093	epochs	1.0
534.5696451433228	0.5	epochs	-1.0
535.0696451433228	0.044795199999953184	epochs	-1.0
535.1144403433227	21.45512000000008	epochs	0.0
536.304000377655	0.054639999999949396	epochs	0.0
536.304000377655	0.02232040000001234	epochs	1.0
536.326320777655	0.0099992000000384	epochs	1.0
536.3363199776551	0.022320399999898655	epochs	1.0
536.358640377655	2.0	epochs	0.0
538.358640377655	21.99992000000009	epochs	0.0
538.358640377655	1.0	epochs	1.0
538.358645177655	0.5	epochs	-1.0
538.858645177655	19.999599999999987	epochs	-1.0
539.358640377655	20.0	epochs	1.0
539.358640377655	4.356753900000058	epochs	-1.0
539.358640377655	1.9745872000000873	epochs	2.0
539.358640377655	1.0985622000000603	epochs	3.0
540.457202577655	0.8760250000000269	epochs	3.0
541.3332275776551	1.352407499999913	epochs	2.0
541.3332275776551	0.7286354999999958	epochs	3.0
542.0618630776551	0.6237719999999172	epochs	3.0
542.685635077655	1.0297592000000577	epochs	2.0
542.685635077655	0.5453293000000485	epochs	3.0
543.230964377655	0.4844299000000092	epochs	3.0
543.715394277655	0.8317862000000105	epochs	2.0
543.715394277655	0.4357763000000432	epochs	3.0
544.1511705776551	0.3960098999999673	epochs	3.0
544.547180477655	0.6977970000000369	epochs	2.0
544.547180477655	0.3628982000000178	epochs	3.0
544.9100786776551	0.33489880000001904	epochs	3.0
545.2449774776551	0.601045699999986	epochs	2.0
545.2449774776551	0.3109122999999272	epochs	3.0
545.555889777655	0.2901334000000588	epochs	3.0
545.8460231776551	0.5278859000000011	epochs	2.0
545.8460231776551	0.2719585999999481	epochs	3.0
546.117981777655	0.25592730000005304	epochs	3.0
546.3739090776551	0.470619299999953	epochs	2.0
546.3739090776551	0.241681299999982	epochs	3.0
546.615590377655	0.228937999999971	epochs	3.0
546.844528377655	0.42457039999999324	epochs	2.0
546.844528377655	0.21747140000002219	epochs	3.0
547.061999777655	0.20709899999997106	epochs	3.0
547.269098777655	0.3867354000000205	epochs	2.0
547.269098777655	0.19767109999997956	epochs	3.0
547.466769877655	0.18906430000004093	epochs	3.0
547.655834177655	0.3550953000000163	epochs	2.0
547.655834177655	0.18117589999997108	epochs	3.0
547.837010077655	0.17391940000004524	epochs	3.0
548.010929477655	0.3282431000000088	epochs	2.0
548.010929477655	0.16722189999995862	epochs	3.0
548.178151377655	0.16102120000005016	epochs	3.0
548.3391725776551	0.30516799999998057	epochs	2.0
548.3391725776551	0.15526389999990897	epochs	3.0
548.494436477655	0.1499041000000716	epochs	3.0
548.644340577655	0.28512530000000424	epochs	2.0
548.644340577655	0.1449020999999675	epochs	3.0
548.789242677655	0.14022320000003674	epochs	3.0
548.929465877655	0.2675537999999733	epochs	2.0
548.929465877655	0.1358368999999584	epochs	3.0
549.065302777655	0.1317169000000149	epochs	3.0
549.197019677655	0.2520229000000427	epochs	2.0
549.197019677655	0.1278393000000051	epochs	3.0
549.324858977655	0.12418360000003759	epochs	3.0
549.4490425776551	0.23819649999995818	epochs	2.0
549.4490425776551	0.12073109999994358	epochs	3.0
549.569773677655	0.1174654000000146	epochs	3.0
549.687239077655	0.2258087999999816	epochs	2.0
549.687239077655	0.11437190000003739	epochs	3.0
549.8016109776551	0.11143689999994422	epochs	3.0
549.913047877655	0.2146460000000161	epochs	2.0
549.913047877655	0.10864890000004834	epochs	3.0
550.021696777655	0.10599709999996776	epochs	3.0
550.127693877655	0.20453499999996438	epochs	2.0
550.127693877655	0.10347149999995509	epochs	3.0
550.231165377655	0.1010635000000093	epochs	3.0
550.332228877655	0.19533400000000256	epochs	2.0
550.332228877655	0.09876510000003691	epochs	3.0
550.430993977655	0.09656889999996565	epochs	3.0
550.527562877655	0.1869253000000981	epochs	2.0
550.527562877655	0.09446830000001682	epochs	3.0
550.622031177655	0.09245700000008128	epochs	3.0
550.7144881776551	0.17921069999999872	epochs	2.0
550.7144881776551	0.09052959999996801	epochs	3.0
550.805017777655	0.08868110000003071	epochs	3.0
550.8936988776551	0.17210769999996955	epochs	2.0
550.8936988776551	0.08690629999989596	epochs	3.0
550.980605177655	0.08520140000007359	epochs	3.0
551.065806577655	0.1655463999999256	epochs	2.0
551.065806577655	0.08356189999994967	epochs	3.0
551.149368477655	0.08198449999997592	epochs	3.0
551.231352977655	0.15946710000002895	epochs	2.0
551.231352977655	0.08046540000009372	epochs	3.0
551.3118183776551	0.07900169999993523	epochs	3.0
551.390820077655	0.15381839999997737	epochs	2.0
551.390820077655	0.07759010000006583	epochs	3.0
551.4684101776551	0.07622829999991154	epochs	3.0
551.544638477655	0.14855640000007497	epochs	2.0
551.544638477655	0.07491330000004837	epochs	3.0
551.619551777655	0.0736431000000266	epochs	3.0
551.6931948776551	0.14364239999997608	epochs	2.0
551.6931948776551	0.07241499999997814	epochs	3.0
551.765609877655	0.07122739999999794	epochs	3.0
551.836837277655	0.13904309999998077	epochs	2.0
551.836837277655	0.07007799999996678	epochs	3.0
551.906915277655	0.06896510000001399	epochs	3.0
551.975880377655	0.1347293000000036	epochs	2.0
551.975880377655	0.0678871000000072	epochs	3.0
552.043767477655	0.06684219999999641	epochs	3.0
552.110609677655	0.1306752000000415	epochs	2.0
552.110609677655	0.06582909999997355	epochs	3.0
552.176438777655	0.06484610000006796	epochs	3.0
552.2412848776551	0.1268577999999252	epochs	2.0
552.2412848776551	0.06389200000000983	epochs	3.0
552.3051768776551	0.06296579999991536	epochs	3.0
552.368142677655	0.12325720000001184	epochs	2.0
552.368142677655	0.06206580000002759	epochs	3.0
552.430208477655	0.06119139999998424	epochs	3.0
552.491399877655	0.11985540000000583	epochs	2.0
552.491399877655	0.06034110000007331	epochs	3.0
552.5517409776551	0.05951429999993252	epochs	3.0
552.611255277655	0.11663620000001629	epochs	2.0
552.611255277655	0.05870960000004288	epochs	3.0
552.669964877655	0.057926599999973405	epochs	3.0
552.727891477655	0.11358559999996487	epochs	2.0
552.727891477655	0.05716419999998834	epochs	3.0
552.785055677655	0.05642139999997653	epochs	3.0
552.841477077655	0.11069050000003244	epochs	2.0
552.841477077655	0.055697900000041045	epochs	3.0
552.897174977655	0.0549925999999914	epochs	3.0
552.952167577655	0.1079391000000669	epochs	2.0
552.952167577655	0.05430490000003374	epochs	3.0
553.006472477655	0.05363420000003316	epochs	3.0
553.0601066776551	0.10532149999994544	epochs	2.0
553.0601066776551	0.05297999999993408	epochs	3.0
553.113086677655	0.052341500000011365	epochs	3.0
553.165428177655	0.10282759999995505	epochs	2.0
553.165428177655	0.05171810000001642	epochs	3.0
553.217146277655	0.051109499999938635	epochs	3.0
553.268255777655	0.10044909999999163	epochs	2.0
553.268255777655	0.050514900000052876	epochs	3.0
553.318770677655	0.049934199999938755	epochs	3.0
553.368704877655	0.09817830000008598	epochs	2.0
553.368704877655	0.049366600000098515	epochs	3.0
553.4180714776551	0.04881169999998747	epochs	3.0
553.4668831776551	0.09600779999993847	epochs	2.0
553.4668831776551	0.04826919999993606	epochs	3.0
553.515152377655	0.04773860000000241	epochs	3.0
553.562890977655	0.09393120000004274	epochs	2.0
553.562890977655	0.04721949999998287	epochs	3.0
553.610110477655	0.046711700000059864	epochs	3.0
553.656822177655	0.09194260000003851	epochs	2.0
553.656822177655	0.046214599999984785	epochs	3.0
553.703036777655	0.045728000000053726	epochs	3.0
553.7487647776551	0.09003629999995155	epochs	2.0
553.7487647776551	0.045251499999949374	epochs	3.0
553.794016277655	0.04478480000000218	epochs	3.0
553.838801077655	0.08820760000003247	epochs	2.0
553.838801077655	0.044327800000019124	epochs	3.0
553.883128877655	0.04387980000001335	epochs	3.0
553.9270086776551	0.0864516999999978	epochs	2.0
553.9270086776551	0.04344099999991613	epochs	3.0
553.970449677655	0.04301070000008167	epochs	3.0
554.0134603776551	0.08476429999996071	epochs	2.0
554.0134603776551	0.04258899999990717	epochs	3.0
554.056049377655	0.04217530000005354	epochs	3.0
554.098224677655	0.08314150000001064	epochs	2.0
554.098224677655	0.04176970000003166	epochs	3.0
554.1399943776551	0.041371799999978975	epochs	3.0
554.181366177655	0.08157970000002024	epochs	2.0
554.181366177655	0.040981399999964196	epochs	3.0
554.222347577655	0.04059830000005604	epochs	3.0
554.262945877655	0.08007550000002084	epochs	2.0
554.262945877655	0.04022229999998217	epochs	3.0
554.303168177655	0.03985320000003867	epochs	3.0
554.3430213776551	0.07862569999997504	epochs	2.0
554.3430213776551	0.0394907999999532	epochs	3.0
554.382512177655	0.039134900000021844	epochs	3.0
554.421647077655	0.07722760000001472	epochs	2.0
554.421647077655	0.03878539999993791	epochs	3.0
554.460432477655	0.03844220000007681	epochs	3.0
554.4988746776551	0.07587819999992007	epochs	2.0
554.4988746776551	0.03810479999992822	epochs	3.0
554.536979477655	0.03777339999999185	epochs	3.0
554.574752877655	0.0745752000000266	epochs	2.0
554.574752877655	0.03744770000002973	epochs	3.0
554.612200577655	0.03712749999999687	epochs	3.0
554.649328077655	0.07331629999998768	epochs	2.0
554.649328077655	0.036812899999972615	epochs	3.0
554.686140977655	0.03650340000001506	epochs	3.0
554.722644377655	0.07209899999998015	epochs	2.0
554.722644377655	0.03619909999997617	epochs	3.0
554.758843477655	0.03589990000000398	epochs	3.0
554.794743377655	0.07092170000009901	epochs	2.0
554.794743377655	0.03560560000005353	epochs	3.0
554.830348977655	0.03531610000004548	epochs	3.0
554.8656650776551	0.0697819999999183	epochs	2.0
554.8656650776551	0.03503119999993487	epochs	3.0
554.900696277655	0.03475079999998343	epochs	3.0
554.935447077655	0.06867859999999837	epochs	2.0
554.935447077655	0.03447510000000875	epochs	3.0
554.969922177655	0.03420349999998962	epochs	3.0
555.004125677655	0.06760930000007193	epochs	2.0
555.004125677655	0.03393620000008468	epochs	3.0
555.0380618776551	0.033673099999987244	epochs	3.0
555.0717349776551	0.06657289999998284	epochs	2.0
555.0717349776551	0.03341399999999339	epochs	3.0
555.1051489776551	0.033158899999989444	epochs	3.0
555.138307877655	0.06556779999993978	epochs	2.0
555.138307877655	0.032907700000009754	epochs	3.0
555.1712155776551	0.032660099999930026	epochs	3.0
555.203875677655	0.06459260000008271	epochs	2.0
555.203875677655	0.032416399999988244	epochs	3.0
555.236292077655	0.03217620000009447	epochs	3.0
555.2684682776551	0.0636459999999488	epochs	2.0
555.2684682776551	0.03193959999998697	epochs	3.0
555.3004078776551	0.03170639999996183	epochs	3.0
555.332114277655	0.0627266999999847	epochs	2.0
555.332114277655	0.03147660000001906	epochs	3.0
555.363590877655	0.03125009999996564	epochs	3.0
555.394840977655	0.06183359999999993	epochs	2.0
555.394840977655	0.031026900000028945	epochs	3.0
555.425867877655	0.030806699999970988	epochs	3.0
555.456674577655	0.06096560000003137	epochs	2.0
555.456674577655	0.030589800000029754	epochs	3.0
555.487264377655	0.030375800000001618	epochs	3.0
555.517640177655	0.06012160000000222	epochs	2.0
555.517640177655	0.030164900000045236	epochs	3.0
555.5478050776551	0.02995669999995698	epochs	3.0
555.577761777655	0.05930069999999432	epochs	2.0
555.577761777655	0.02975159999994048	epochs	3.0
555.607513377655	0.02954910000005384	epochs	3.0
555.637062477655	0.05850180000004457	epochs	2.0
555.637062477655	0.02934940000000097	epochs	3.0
555.666411877655	0.0291524000000436	epochs	3.0
555.6955642776551	0.05772419999993872	epochs	2.0
555.6955642776551	0.028957999999988715	epochs	3.0
555.7245222776551	0.028766199999950004	epochs	3.0
555.753288477655	0.05696709999995164	epochs	2.0
555.753288477655	0.028577000000041153	epochs	3.0
555.7818654776551	0.02839009999991049	epochs	3.0
555.810255577655	0.056229500000085864	epochs	2.0
555.810255577655	0.028205700000057732	epochs	3.0
555.838461277655	0.028023800000028132	epochs	3.0
555.866485077655	0.05551070000001346	epochs	2.0
555.866485077655	0.027843999999959124	epochs	3.0
555.894329077655	0.027666700000054334	epochs	3.0
555.9219957776551	0.05481019999990622	epochs	2.0
555.9219957776551	0.02749149999999645	epochs	3.0
555.9494872776551	0.027318699999909768	epochs	3.0
555.976805977655	0.05412700000010773	epochs	2.0
555.976805977655	0.02714780000007977	epochs	3.0
556.003953777655	0.02697920000002796	epochs	3.0
556.0309329776551	0.053460699999959616	epochs	2.0
556.0309329776551	0.0268125999999711	epochs	3.0
556.057745577655	0.026648099999988517	epochs	3.0
556.084393677655	0.05281070000000909	epochs	2.0
556.084393677655	0.026485600000000886	epochs	3.0
556.110879277655	0.026325100000008206	epochs	3.0
556.137204377655	0.05217619999996259	epochs	2.0
556.137204377655	0.026166399999965506	epochs	3.0
556.163370777655	0.026009799999997085	epochs	3.0
556.189380577655	0.051556699999991906	epochs	2.0
556.189380577655	0.025854800000047362	epochs	3.0
556.2152353776551	0.025701899999944544	epochs	3.0
556.240937277655	0.05095189999997274	epochs	2.0
556.240937277655	0.02555070000005344	epochs	3.0
556.2664879776551	0.0254011999999193	epochs	3.0
556.291889177655	0.05036100000006627	epochs	2.0
556.291889177655	0.0252535000000762	epochs	3.0
556.317142677655	0.02510749999999007	epochs	3.0
556.342250177655	0.049783800000000156	epochs	2.0
556.342250177655	0.02496320000000196	epochs	3.0
556.367213377655	0.024820599999998194	epochs	3.0
556.392033977655	0.04921949999993558	epochs	2.0
556.392033977655	0.024679399999968155	epochs	3.0
556.416713377655	0.024540099999967424	epochs	3.0
556.441253477655	0.04866790000005494	epochs	2.0
556.441253477655	0.024402100000088467	epochs	3.0
556.4656555776551	0.024265799999966475	epochs	3.0
556.489921377655	0.04812860000004093	epochs	2.0
556.489921377655	0.024131000000011227	epochs	3.0
556.514052377655	0.023997600000029706	epochs	3.0
556.5380499776551	0.04760109999995166	epochs	2.0
556.5380499776551	0.023865799999953197	epochs	3.0
556.561915777655	0.02373529999999846	epochs	3.0
556.585651077655	0.047085000000038235	epochs	2.0
556.585651077655	0.023606299999983094	epochs	3.0
556.609257377655	0.02347870000005514	epochs	3.0
556.6327360776551	0.046579999999948996	epochs	2.0
556.6327360776551	0.02335249999998723	epochs	3.0
556.656088577655	0.023227499999961765	epochs	3.0
556.679316077655	0.046085700000048746	epochs	2.0
556.679316077655	0.023103999999989355	epochs	3.0
556.702420077655	0.02298170000005939	epochs	3.0
556.7254017776551	0.045601799999985815	epochs	2.0
556.7254017776551	0.02286069999991014	epochs	3.0
556.748262477655	0.022741100000075676	epochs	3.0
556.771003577655	0.04512790000001132	epochs	2.0
556.771003577655	0.022622500000011314	epochs	3.0
556.7936260776551	0.02250540000000001	epochs	3.0
556.8161314776551	0.044663799999966614	epochs	2.0
556.8161314776551	0.02238929999998618	epochs	3.0
556.838520777655	0.022274499999980435	epochs	3.0
556.860795277655	0.04420919999995476	epochs	2.0
556.860795277655	0.022160800000051495	epochs	3.0
556.8829560776551	0.022048399999903268	epochs	3.0
556.905004477655	0.043763600000033875	epochs	2.0
556.905004477655	0.021936900000014248	epochs	3.0
556.926941377655	0.021826700000019628	epochs	3.0
556.948768077655	0.04332710000005591	epochs	2.0
556.948768077655	0.021717599999988124	epochs	3.0
556.970485677655	0.021609500000067783	epochs	3.0
556.9920951776551	0.042898999999920306	epochs	2.0
556.9920951776551	0.02150249999999687	epochs	3.0
557.0135976776551	0.021396499999923435	epochs	3.0
557.034994177655	0.042479500000013104	epochs	2.0
557.034994177655	0.02129170000000613	epochs	3.0
557.056285877655	0.021187800000006973	epochs	3.0
557.077473677655	0.042067900000006375	epochs	2.0
557.077473677655	0.02108490000000529	epochs	3.0
557.098558577655	0.020983000000001084	epochs	3.0
557.119541577655	0.04166440000005878	epochs	2.0
557.119541577655	0.02088220000007368	epochs	3.0
557.1404237776551	0.020782199999985096	epochs	3.0
557.1612059776551	0.04126850000000104	epochs	2.0
557.1612059776551	0.020683299999973315	epochs	3.0
557.181889277655	0.020585200000027726	epochs	3.0
557.2024744776551	0.040879999999901884	epochs	2.0
557.2024744776551	0.020488099999965925	epochs	3.0
557.222962577655	0.02039189999993596	epochs	3.0
557.243354477655	0.04049880000002304	epochs	2.0
557.243354477655	0.020296600000051512	epochs	3.0
557.263651077655	0.020202199999971526	epochs	3.0
557.283853277655	0.04012460000001283	epochs	2.0
557.283853277655	0.02010870000003706	epochs	3.0
557.303961977655	0.020015899999975773	epochs	3.0
557.323977877655	0.03975730000001931	epochs	2.0
557.323977877655	0.019924199999991288	epochs	3.0
557.343902077655	0.019833100000028026	epochs	3.0
557.363735177655	0.03939669999999751	epochs	2.0
557.363735177655	0.01974299999994855	epochs	3.0
557.383478177655	0.019653700000048957	epochs	3.0
557.403131877655	0.03904239999997117	epochs	2.0
557.403131877655	0.01956510000002254	epochs	3.0
557.422696977655	0.019477299999948627	epochs	3.0
557.442174277655	0.03869459999998526	epochs	2.0
557.442174277655	0.019390400000020236	epochs	3.0
557.461564677655	0.01930419999996502	epochs	3.0
557.480868877655	0.03835290000006353	epochs	2.0
557.480868877655	0.019218800000089686	epochs	3.0
557.5000876776551	0.01913409999997384	epochs	3.0
557.519221777655	0.03801720000001296	epochs	2.0
557.519221777655	0.019050200000037876	epochs	3.0
557.5382719776551	0.018966999999975087	epochs	3.0
557.5572389776551	0.03768719999993664	epochs	2.0
557.5572389776551	0.01888450000001285	epochs	3.0
557.5761234776551	0.01880269999992379	epochs	3.0
557.594926177655	0.03736309999999321	epochs	2.0
557.594926177655	0.018721700000014607	epochs	3.0
557.613647877655	0.018641399999978603	epochs	3.0
557.632289277655	0.03704430000004777	epochs	2.0
557.632289277655	0.01856159999999818	epochs	3.0
557.650850877655	0.01848270000004959	epochs	3.0
557.669333577655	0.0367310000000316	epochs	2.0
557.669333577655	0.018404300000042895	epochs	3.0
557.6877378776551	0.018326699999988705	epochs	3.0
557.7060645776551	0.03642289999993409	epochs	2.0
557.7060645776551	0.018249599999990096	epochs	3.0
557.7243141776551	0.018173299999943993	epochs	3.0
557.742487477655	0.03612010000006194	epochs	2.0
557.742487477655	0.0180976000000328	epochs	3.0
557.760585077655	0.01802250000002914	epochs	3.0
557.7786075776551	0.03582209999990482	epochs	2.0
557.7786075776551	0.017947899999967376	epochs	3.0
557.796555477655	0.017874199999937446	epochs	3.0
557.814429677655	0.0355290000001105	epochs	2.0
557.814429677655	0.017800800000031813	epochs	3.0
557.832230477655	0.017728200000078687	epochs	3.0
557.8499586776551	0.035240699999917524	epochs	2.0
557.8499586776551	0.017656099999953767	epochs	3.0
557.867614777655	0.017584599999963757	epochs	3.0
557.885199377655	0.034957100000042374	epochs	2.0
557.885199377655	0.01751369999999497	epochs	3.0
557.902713077655	0.017443400000047404	epochs	3.0
557.920156477655	0.03467790000001969	epochs	2.0
557.920156477655	0.017373600000041733	epochs	3.0
557.9375300776551	0.017304299999977957	epochs	3.0
557.9548343776551	0.03440330000000813	epochs	2.0
557.9548343776551	0.01723570000001473	epochs	3.0
557.9720700776551	0.0171675999999934	epochs	3.0
557.9892376776551	0.03413279999995211	epochs	2.0
557.9892376776551	0.01709989999994832	epochs	3.0
558.006337577655	0.017032900000003792	epochs	3.0
558.023370477655	0.033866699999975935	epochs	2.0
558.023370477655	0.01696640000000116	epochs	3.0
558.040336877655	0.016900299999974777	epochs	3.0
558.057237177655	0.03360459999998966	epochs	2.0
558.057237177655	0.016834800000083305	epochs	3.0
558.0740719776551	0.016769799999906354	epochs	3.0
558.090841777655	0.03334660000007261	epochs	2.0
558.090841777655	0.016705300000012357	epochs	3.0
558.107547077655	0.016641300000060255	epochs	3.0
558.1241883776551	0.03309249999995245	epochs	2.0
558.1241883776551	0.01657779999993636	epochs	3.0
558.140766177655	0.01651470000001609	epochs	3.0
558.157280877655	0.03284229999997024	epochs	2.0
558.157280877655	0.01645220000000336	epochs	3.0
558.173733077655	0.01639009999996688	epochs	3.0
558.190123177655	0.03259570000000167	epochs	2.0
558.190123177655	0.016328400000020338	epochs	3.0
558.206451577655	0.016267299999981333	epochs	3.0
558.222718877655	0.03235290000009172	epochs	2.0
558.222718877655	0.016206600000032267	epochs	3.0
558.238925477655	0.016146300000059455	epochs	3.0
558.2550717776551	0.03211369999996805	epochs	2.0
558.2550717776551	0.016086599999994178	epochs	3.0
558.2711583776551	0.01602709999997387	epochs	3.0
558.287185477655	0.03187800000000607	epochs	2.0
558.287185477655	0.015968199999974786	epochs	3.0
558.303153677655	0.015909800000031282	epochs	3.0
558.319063477655	0.031645700000012766	epochs	2.0
558.319063477655	0.01585160000001906	epochs	3.0
558.3349150776551	0.015794099999993705	epochs	3.0
558.3507091776551	0.031416699999908815	epochs	2.0
558.3507091776551	0.01573669999993399	epochs	3.0
558.366445877655	0.015679999999974825	epochs	3.0
558.382125877655	0.031191100000114602	epochs	2.0
558.382125877655	0.015623600000026272	epochs	3.0
558.397749477655	0.01556750000008833	epochs	3.0
558.4133169776551	0.030968699999903038	epochs	2.0
558.4133169776551	0.015511999999944237	epochs	3.0
558.428828977655	0.0154566999999588	epochs	3.0
558.444285677655	0.03074950000006993	epochs	2.0
558.444285677655	0.015401999999994587	epochs	3.0
558.459687677655	0.015347500000075343	epochs	3.0
558.4750351776551	0.030533199999922545	epochs	2.0
558.4750351776551	0.015293400000018664	epochs	3.0
558.4903285776551	0.01523979999990388	epochs	3.0
558.505568377655	0.03032010000003993	epochs	2.0
558.505568377655	0.015186500000027081	epochs	3.0
558.520754877655	0.015133600000012848	epochs	3.0
558.535888477655	0.030109899999956724	epochs	2.0
558.535888477655	0.015081000000009226	epochs	3.0
558.550969477655	0.015028899999947498	epochs	3.0
558.565998377655	0.02990250000004835	epochs	2.0
558.565998377655	0.014977000000044427	epochs	3.0
558.580975377655	0.014925500000003922	epochs	3.0
558.595900877655	0.029698100000018712	epochs	2.0
558.595900877655	0.014874400000053356	epochs	3.0
558.6107752776551	0.014823699999965356	epochs	3.0
558.625598977655	0.02949630000000525	epochs	2.0
558.625598977655	0.014773200000036013	epochs	3.0
558.6403721776551	0.014723099999969236	epochs	3.0
558.655095277655	0.02929740000001857	epochs	2.0
558.655095277655	0.014673399999992398	epochs	3.0
558.669768677655	0.014624000000026172	epochs	3.0
558.6843926776551	0.029101099999934377	epochs	2.0
558.6843926776551	0.01457489999995687	epochs	3.0
558.698967577655	0.014526199999977507	epochs	3.0
558.713493777655	0.028907399999980044	epochs	2.0
558.713493777655	0.014477700000043114	epochs	3.0
558.727971477655	0.014429699999936929	epochs	3.0
558.742401177655	0.028716200000076242	epochs	2.0
558.742401177655	0.014381800000023759	epochs	3.0
558.756782977655	0.014334400000052483	epochs	3.0
558.7711173776551	0.02852759999996124	epochs	2.0
558.7711173776551	0.01428720000001249	epochs	3.0
558.7854045776551	0.01424039999994875	epochs	3.0
558.799644977655	0.028341400000044814	epochs	2.0
558.799644977655	0.014193800000043666	epochs	3.0
558.8138387776551	0.014147600000001148	epochs	3.0
558.8279863776551	0.028157699999951546	epochs	2.0
558.8279863776551	0.014101699999969242	epochs	3.0
558.842088077655	0.014055999999982305	epochs	3.0
558.856144077655	0.027976299999977527	epochs	2.0
558.856144077655	0.01401060000000598	epochs	3.0
558.870154677655	0.013965699999971548	epochs	3.0
558.884120377655	0.02779720000000907	epochs	2.0
558.884120377655	0.013920800000050804	epochs	3.0
558.898041177655	0.013876399999958267	epochs	3.0
558.911917577655	0.027620400000046175	epochs	2.0
558.911917577655	0.013832200000024386	epochs	3.0
558.925749777655	0.013788200000021789	epochs	3.0
558.939537977655	0.027445899999975154	epochs	2.0
558.939537977655	0.013744599999995444	epochs	3.0
558.953282577655	0.01370129999997971	epochs	3.0
558.966983877655	0.027273499999978412	epochs	2.0
558.966983877655	0.013658200000008947	epochs	3.0
558.980642077655	0.013615299999969466	epochs	3.0
558.994257377655	0.027103399999987232	epochs	2.0
558.994257377655	0.013572800000019924	epochs	3.0
559.007830177655	0.013530599999967308	epochs	3.0
559.021360777655	0.02693520000002536	epochs	2.0
559.021360777655	0.013488400000028378	epochs	3.0
559.034849177655	0.013446799999996983	epochs	3.0
559.048295977655	0.026769199999989723	epochs	2.0
559.048295977655	0.013405199999965589	epochs	3.0
559.061701177655	0.013364000000024134	epochs	3.0
559.075065177655	0.026605200000062723	epochs	2.0
559.075065177655	0.013322900000048321	epochs	3.0
559.088388077655	0.013282300000014402	epochs	3.0
559.1016703776551	0.026443200000016986	epochs	2.0
559.1016703776551	0.013241699999980483	epochs	3.0
559.114912077655	0.013201500000036503	epochs	3.0
559.1281135776551	0.0262831999999662	epochs	2.0
559.1281135776551	0.01316149999991012	epochs	3.0
559.141275077655	0.01312170000005608	epochs	3.0
559.154396777655	0.02612499999997908	epochs	2.0
559.154396777655	0.013082100000019636	epochs	3.0
559.1674788776551	0.013042899999959445	epochs	3.0
559.180521777655	0.025968899999952555	epochs	2.0
559.180521777655	0.013003899999944224	epochs	3.0
559.193525677655	0.012965000000008331	epochs	3.0
559.206490677655	0.025814500000024054	epochs	2.0
559.206490677655	0.01292640000008305	epochs	3.0
559.2194170776551	0.012888099999941005	epochs	3.0
559.232305177655	0.025661900000045534	epochs	2.0
559.232305177655	0.012849899999991976	epochs	3.0
559.245155077655	0.012812000000053558	epochs	3.0
559.257967077655	0.025511199999982637	epochs	2.0
559.257967077655	0.012774400000012065	epochs	3.0
559.2707414776551	0.012736799999970572	epochs	3.0
559.283478277655	0.025362299999983406	epochs	2.0
559.283478277655	0.01269969999998466	epochs	3.0
559.296177977655	0.012662599999998747	epochs	3.0
559.308840577655	0.025215000000002874	epochs	2.0
559.308840577655	0.012625800000023446	epochs	3.0
559.321466377655	0.012589199999979428	epochs	3.0
559.334055577655	0.024584799999956886	epochs	2.0
559.358245177655	0.5	epochs	-1.0
559.358640377655	0.9999200000000883	epochs	1.0
559.858245177655	0.5	epochs	-1.0
561.5160002708435	0.054639999999949396	epochs	0.0
561.5160002708435	0.02232040000001234	epochs	1.0
561.5383206708435	0.0099992000000384	epochs	1.0
561.5483198708436	0.022320399999898655	epochs	1.0
561.5706402708435	2.0	epochs	0.0
563.5706402708435	0.5051200000000335	epochs	0.0
563.5706402708435	0.5051200000000335	epochs	1.0
563.5706450708435	0.5	epochs	-1.0
564.0706450708435	0.005115199999977449	epochs	-1.0
564.0757602708435	21.494800000000055	epochs	0.0
565.4550004005432	0.054639999999949396	epochs	0.0
565.4550004005432	0.02232040000001234	epochs	1.0
565.4773208005432	0.0099992000000384	epochs	1.0
565.4873200005433	0.022320399999898655	epochs	1.0
565.5096404005432	2.0	epochs	0.0
567.5096404005432	21.99992000000009	epochs	0.0
567.5096404005432	1.0	epochs	1.0
567.5096452005432	0.5	epochs	-1.0
568.0096452005432	19.999599999999987	epochs	-1.0
568.5096404005432	20.0	epochs	1.0
568.5096404005432	4.356753900000058	epochs	-1.0
568.5096404005432	1.9745872000000873	epochs	2.0
568.5096404005432	1.0985622000000603	epochs	3.0
569.6082026005432	0.8760250000000269	epochs	3.0
570.4842276005432	1.352407499999913	epochs	2.0
570.4842276005432	0.7286354999999958	epochs	3.0
571.2128631005432	0.6237719999999172	epochs	3.0
571.8366351005432	1.0297592000000577	epochs	2.0
571.8366351005432	0.5453293000000485	epochs	3.0
572.3819644005432	0.4844299000000092	epochs	3.0
572.8663943005432	0.8317862000000105	epochs	2.0
572.8663943005432	0.4357763000000432	epochs	3.0
573.3021706005433	0.3960098999999673	epochs	3.0
573.6981805005432	0.6977970000000369	epochs	2.0
573.6981805005432	0.3628982000000178	epochs	3.0
574.0610787005432	0.33489880000001904	epochs	3.0
574.3959775005433	0.601045699999986	epochs	2.0
574.3959775005433	0.3109122999999272	epochs	3.0
574.7068898005432	0.2901334000000588	epochs	3.0
574.9970232005433	0.5278859000000011	epochs	2.0
574.9970232005433	0.2719585999999481	epochs	3.0
575.2689818005432	0.25592730000005304	epochs	3.0
575.5249091005433	0.470619299999953	epochs	2.0
575.5249091005433	0.241681299999982	epochs	3.0
575.7665904005432	0.228937999999971	epochs	3.0
575.9955284005432	0.42457039999999324	epochs	2.0
575.9955284005432	0.21747140000002219	epochs	3.0
576.2129998005432	0.20709899999997106	epochs	3.0
576.4200988005432	0.3867354000000205	epochs	2.0
576.4200988005432	0.19767109999997956	epochs	3.0
576.6177699005432	0.18906430000004093	epochs	3.0
576.8068342005432	0.3550953000000163	epochs	2.0
576.8068342005432	0.18117589999997108	epochs	3.0
576.9880101005432	0.17391940000004524	epochs	3.0
577.1619295005432	0.3282431000000088	epochs	2.0
577.1619295005432	0.16722189999995862	epochs	3.0
577.3291514005432	0.16102120000005016	epochs	3.0
577.4901726005432	0.30516799999998057	epochs	2.0
577.4901726005432	0.15526389999990897	epochs	3.0
577.6454365005432	0.1499041000000716	epochs	3.0
577.7953406005432	0.28512530000000424	epochs	2.0
577.7953406005432	0.1449020999999675	epochs	3.0
577.9402427005432	0.14022320000003674	epochs	3.0
578.0804659005432	0.2675537999999733	epochs	2.0
578.0804659005432	0.1358368999999584	epochs	3.0
578.2163028005432	0.1317169000000149	epochs	3.0
578.3480197005432	0.2520229000000427	epochs	2.0
578.3480197005432	0.1278393000000051	epochs	3.0
578.4758590005432	0.12418360000003759	epochs	3.0
578.6000426005432	0.23819649999995818	epochs	2.0
578.6000426005432	0.12073109999994358	epochs	3.0
578.7207737005432	0.1174654000000146	epochs	3.0
578.8382391005432	0.2258087999999816	epochs	2.0
578.8382391005432	0.11437190000003739	epochs	3.0
578.9526110005432	0.11143689999994422	epochs	3.0
579.0640479005432	0.2146460000000161	epochs	2.0
579.0640479005432	0.10864890000004834	epochs	3.0
579.1726968005432	0.10599709999996776	epochs	3.0
579.2786939005432	0.20453499999996438	epochs	2.0
579.2786939005432	0.10347149999995509	epochs	3.0
579.3821654005432	0.1010635000000093	epochs	3.0
579.4832289005432	0.19533400000000256	epochs	2.0
579.4832289005432	0.09876510000003691	epochs	3.0
579.5819940005432	0.09656889999996565	epochs	3.0
579.6785629005432	0.1869253000000981	epochs	2.0
579.6785629005432	0.09446830000001682	epochs	3.0
579.7730312005432	0.09245700000008128	epochs	3.0
579.8654882005433	0.17921069999999872	epochs	2.0
579.8654882005433	0.09052959999996801	epochs	3.0
579.9560178005432	0.08868110000003071	epochs	3.0
580.0446989005433	0.17210769999996955	epochs	2.0
580.0446989005433	0.08690629999989596	epochs	3.0
580.1316052005432	0.08520140000007359	epochs	3.0
580.2168066005432	0.1655463999999256	epochs	2.0
580.2168066005432	0.08356189999994967	epochs	3.0
580.3003685005432	0.08198449999997592	epochs	3.0
580.3823530005432	0.15946710000002895	epochs	2.0
580.3823530005432	0.08046540000009372	epochs	3.0
580.4628184005433	0.07900169999993523	epochs	3.0
580.5418201005432	0.15381839999997737	epochs	2.0
580.5418201005432	0.07759010000006583	epochs	3.0
580.6194102005433	0.07622829999991154	epochs	3.0
580.6956385005432	0.14855640000007497	epochs	2.0
580.6956385005432	0.07491330000004837	epochs	3.0
580.7705518005432	0.0736431000000266	epochs	3.0
580.8441949005432	0.14364239999997608	epochs	2.0
580.8441949005432	0.07241499999997814	epochs	3.0
580.9166099005432	0.07122739999999794	epochs	3.0
580.9878373005432	0.13904309999998077	epochs	2.0
580.9878373005432	0.07007799999996678	epochs	3.0
581.0579153005432	0.06896510000001399	epochs	3.0
581.1268804005432	0.1347293000000036	epochs	2.0
581.1268804005432	0.0678871000000072	epochs	3.0
581.1947675005432	0.06684219999999641	epochs	3.0
581.2616097005432	0.1306752000000415	epochs	2.0
581.2616097005432	0.06582909999997355	epochs	3.0
581.3274388005432	0.06484610000006796	epochs	3.0
581.3922849005432	0.1268577999999252	epochs	2.0
581.3922849005432	0.06389200000000983	epochs	3.0
581.4561769005433	0.06296579999991536	epochs	3.0
581.5191427005432	0.12325720000001184	epochs	2.0
581.5191427005432	0.06206580000002759	epochs	3.0
581.5812085005432	0.06119139999998424	epochs	3.0
581.6423999005432	0.11985540000000583	epochs	2.0
581.6423999005432	0.06034110000007331	epochs	3.0
581.7027410005433	0.05951429999993252	epochs	3.0
581.7622553005432	0.11663620000001629	epochs	2.0
581.7622553005432	0.05870960000004288	epochs	3.0
581.8209649005432	0.057926599999973405	epochs	3.0
581.8788915005432	0.11358559999996487	epochs	2.0
581.8788915005432	0.05716419999998834	epochs	3.0
581.9360557005432	0.05642139999997653	epochs	3.0
581.9924771005432	0.11069050000003244	epochs	2.0
581.9924771005432	0.055697900000041045	epochs	3.0
582.0481750005432	0.0549925999999914	epochs	3.0
582.1031676005432	0.1079391000000669	epochs	2.0
582.1031676005432	0.05430490000003374	epochs	3.0
582.1574725005432	0.05363420000003316	epochs	3.0
582.2111067005433	0.10532149999994544	epochs	2.0
582.2111067005433	0.05297999999993408	epochs	3.0
582.2640867005432	0.052341500000011365	epochs	3.0
582.3164282005432	0.10282759999995505	epochs	2.0
582.3164282005432	0.05171810000001642	epochs	3.0
582.3681463005432	0.051109499999938635	epochs	3.0
582.4192558005432	0.10044909999999163	epochs	2.0
582.4192558005432	0.050514900000052876	epochs	3.0
582.4697707005432	0.049934199999938755	epochs	3.0
582.5197049005432	0.09817830000008598	epochs	2.0
582.5197049005432	0.049366600000098515	epochs	3.0
582.5690715005433	0.04881169999998747	epochs	3.0
582.6178832005432	0.09600779999993847	epochs	2.0
582.6178832005432	0.04826919999993606	epochs	3.0
582.6661524005432	0.04773860000000241	epochs	3.0
582.7138910005432	0.09393120000004274	epochs	2.0
582.7138910005432	0.04721949999998287	epochs	3.0
582.7611105005432	0.046711700000059864	epochs	3.0
582.8078222005432	0.09194260000003851	epochs	2.0
582.8078222005432	0.046214599999984785	epochs	3.0
582.8540368005432	0.045728000000053726	epochs	3.0
582.8997648005433	0.09003629999995155	epochs	2.0
582.8997648005433	0.045251499999949374	epochs	3.0
582.9450163005432	0.04478480000000218	epochs	3.0
582.9898011005432	0.08820760000003247	epochs	2.0
582.9898011005432	0.044327800000019124	epochs	3.0
583.0341289005432	0.04387980000001335	epochs	3.0
583.0780087005433	0.0864516999999978	epochs	2.0
583.0780087005433	0.04344099999991613	epochs	3.0
583.1214497005432	0.04301070000008167	epochs	3.0
583.1644604005432	0.08476429999996071	epochs	2.0
583.1644604005432	0.04258899999990717	epochs	3.0
583.2070494005432	0.04217530000005354	epochs	3.0
583.2492247005432	0.08314150000001064	epochs	2.0
583.2492247005432	0.04176970000003166	epochs	3.0
583.2909944005432	0.041371799999978975	epochs	3.0
583.3323662005432	0.08157970000002024	epochs	2.0
583.3323662005432	0.040981399999964196	epochs	3.0
583.3733476005432	0.04059830000005604	epochs	3.0
583.4139459005432	0.08007550000002084	epochs	2.0
583.4139459005432	0.04022229999998217	epochs	3.0
583.4541682005432	0.03985320000003867	epochs	3.0
583.4940214005433	0.07862569999997504	epochs	2.0
583.4940214005433	0.0394907999999532	epochs	3.0
583.5335122005432	0.039134900000021844	epochs	3.0
583.5726471005432	0.07722760000001472	epochs	2.0
583.5726471005432	0.03878539999993791	epochs	3.0
583.6114325005432	0.03844220000007681	epochs	3.0
583.6498747005433	0.07587819999992007	epochs	2.0
583.6498747005433	0.03810479999992822	epochs	3.0
583.6879795005432	0.03777339999999185	epochs	3.0
583.7257529005432	0.0745752000000266	epochs	2.0
583.7257529005432	0.03744770000002973	epochs	3.0
583.7632006005432	0.03712749999999687	epochs	3.0
583.8003281005432	0.07331629999998768	epochs	2.0
583.8003281005432	0.036812899999972615	epochs	3.0
583.8371410005432	0.03650340000001506	epochs	3.0
583.8736444005432	0.07209899999998015	epochs	2.0
583.8736444005432	0.03619909999997617	epochs	3.0
583.9098435005432	0.03589990000000398	epochs	3.0
583.9457434005432	0.07092170000009901	epochs	2.0
583.9457434005432	0.03560560000005353	epochs	3.0
583.9813490005432	0.03531610000004548	epochs	3.0
584.0166651005433	0.0697819999999183	epochs	2.0
584.0166651005433	0.03503119999993487	epochs	3.0
584.0516963005432	0.03475079999998343	epochs	3.0
584.0864471005432	0.06867859999999837	epochs	2.0
584.0864471005432	0.03447510000000875	epochs	3.0
584.1209222005432	0.03420349999998962	epochs	3.0
584.1551257005432	0.06760930000007193	epochs	2.0
584.1551257005432	0.03393620000008468	epochs	3.0
584.1890619005433	0.033673099999987244	epochs	3.0
584.2227350005433	0.06657289999998284	epochs	2.0
584.2227350005433	0.03341399999999339	epochs	3.0
584.2561490005432	0.033158899999989444	epochs	3.0
584.2893079005432	0.06556779999993978	epochs	2.0
584.2893079005432	0.032907700000009754	epochs	3.0
584.3222156005432	0.032660099999930026	epochs	3.0
584.3548757005432	0.06459260000008271	epochs	2.0
584.3548757005432	0.032416399999988244	epochs	3.0
584.3872921005432	0.03217620000009447	epochs	3.0
584.4194683005433	0.0636459999999488	epochs	2.0
584.4194683005433	0.03193959999998697	epochs	3.0
584.4514079005432	0.03170639999996183	epochs	3.0
584.4831143005432	0.0627266999999847	epochs	2.0
584.4831143005432	0.03147660000001906	epochs	3.0
584.5145909005432	0.03125009999996564	epochs	3.0
584.5458410005432	0.06183359999999993	epochs	2.0
584.5458410005432	0.031026900000028945	epochs	3.0
584.5768679005432	0.030806699999970988	epochs	3.0
584.6076746005432	0.06096560000003137	epochs	2.0
584.6076746005432	0.030589800000029754	epochs	3.0
584.6382644005432	0.030375800000001618	epochs	3.0
584.6686402005432	0.06012160000000222	epochs	2.0
584.6686402005432	0.030164900000045236	epochs	3.0
584.6988051005433	0.02995669999995698	epochs	3.0
584.7287618005432	0.05930069999999432	epochs	2.0
584.7287618005432	0.02975159999994048	epochs	3.0
584.7585134005432	0.02954910000005384	epochs	3.0
584.7880625005432	0.05850180000004457	epochs	2.0
584.7880625005432	0.02934940000000097	epochs	3.0
584.8174119005432	0.0291524000000436	epochs	3.0
584.8465643005433	0.05772419999993872	epochs	2.0
584.8465643005433	0.028957999999988715	epochs	3.0
584.8755223005433	0.028766199999950004	epochs	3.0
584.9042885005432	0.05696709999995164	epochs	2.0
584.9042885005432	0.028577000000041153	epochs	3.0
584.9328655005432	0.02839009999991049	epochs	3.0
584.9612556005432	0.056229500000085864	epochs	2.0
584.9612556005432	0.028205700000057732	epochs	3.0
584.9894613005432	0.028023800000028132	epochs	3.0
585.0174851005432	0.05551070000001346	epochs	2.0
585.0174851005432	0.027843999999959124	epochs	3.0
585.0453291005432	0.027666700000054334	epochs	3.0
585.0729958005433	0.05481019999990622	epochs	2.0
585.0729958005433	0.02749149999999645	epochs	3.0
585.1004873005433	0.027318699999909768	epochs	3.0
585.1278060005432	0.05412700000010773	epochs	2.0
585.1278060005432	0.02714780000007977	epochs	3.0
585.1549538005432	0.02697920000002796	epochs	3.0
585.1819330005433	0.053460699999959616	epochs	2.0
585.1819330005433	0.0268125999999711	epochs	3.0
585.2087456005432	0.026648099999988517	epochs	3.0
585.2353937005432	0.05281070000000909	epochs	2.0
585.2353937005432	0.026485600000000886	epochs	3.0
585.2618793005432	0.026325100000008206	epochs	3.0
585.2882044005432	0.05217619999996259	epochs	2.0
585.2882044005432	0.026166399999965506	epochs	3.0
585.3143708005432	0.026009799999997085	epochs	3.0
585.3403806005432	0.051556699999991906	epochs	2.0
585.3403806005432	0.025854800000047362	epochs	3.0
585.3662354005432	0.025701899999944544	epochs	3.0
585.3919373005432	0.05095189999997274	epochs	2.0
585.3919373005432	0.02555070000005344	epochs	3.0
585.4174880005432	0.0254011999999193	epochs	3.0
585.4428892005432	0.05036100000006627	epochs	2.0
585.4428892005432	0.0252535000000762	epochs	3.0
585.4681427005432	0.02510749999999007	epochs	3.0
585.4932502005432	0.049783800000000156	epochs	2.0
585.4932502005432	0.02496320000000196	epochs	3.0
585.5182134005432	0.024820599999998194	epochs	3.0
585.5430340005432	0.04921949999993558	epochs	2.0
585.5430340005432	0.024679399999968155	epochs	3.0
585.5677134005432	0.024540099999967424	epochs	3.0
585.5922535005432	0.04866790000005494	epochs	2.0
585.5922535005432	0.024402100000088467	epochs	3.0
585.6166556005433	0.024265799999966475	epochs	3.0
585.6409214005432	0.04812860000004093	epochs	2.0
585.6409214005432	0.024131000000011227	epochs	3.0
585.6650524005432	0.023997600000029706	epochs	3.0
585.6890500005433	0.04760109999995166	epochs	2.0
585.6890500005433	0.023865799999953197	epochs	3.0
585.7129158005432	0.02373529999999846	epochs	3.0
585.7366511005432	0.047085000000038235	epochs	2.0
585.7366511005432	0.023606299999983094	epochs	3.0
585.7602574005432	0.02347870000005514	epochs	3.0
585.7837361005433	0.046579999999948996	epochs	2.0
585.7837361005433	0.02335249999998723	epochs	3.0
585.8070886005432	0.023227499999961765	epochs	3.0
585.8303161005432	0.046085700000048746	epochs	2.0
585.8303161005432	0.023103999999989355	epochs	3.0
585.8534201005432	0.02298170000005939	epochs	3.0
585.8764018005432	0.045601799999985815	epochs	2.0
585.8764018005432	0.02286069999991014	epochs	3.0
585.8992625005432	0.022741100000075676	epochs	3.0
585.9220036005432	0.04512790000001132	epochs	2.0
585.9220036005432	0.022622500000011314	epochs	3.0
585.9446261005432	0.02250540000000001	epochs	3.0
585.9671315005432	0.044663799999966614	epochs	2.0
585.9671315005432	0.02238929999998618	epochs	3.0
585.9895208005432	0.022274499999980435	epochs	3.0
586.0117953005432	0.04420919999995476	epochs	2.0
586.0117953005432	0.022160800000051495	epochs	3.0
586.0339561005433	0.022048399999903268	epochs	3.0
586.0560045005432	0.043763600000033875	epochs	2.0
586.0560045005432	0.021936900000014248	epochs	3.0
586.0779414005432	0.021826700000019628	epochs	3.0
586.0997681005432	0.04332710000005591	epochs	2.0
586.0997681005432	0.021717599999988124	epochs	3.0
586.1214857005432	0.021609500000067783	epochs	3.0
586.1430952005433	0.042898999999920306	epochs	2.0
586.1430952005433	0.02150249999999687	epochs	3.0
586.1645977005433	0.021396499999923435	epochs	3.0
586.1859942005432	0.042479500000013104	epochs	2.0
586.1859942005432	0.02129170000000613	epochs	3.0
586.2072859005432	0.021187800000006973	epochs	3.0
586.2284737005432	0.042067900000006375	epochs	2.0
586.2284737005432	0.02108490000000529	epochs	3.0
586.2495586005432	0.020983000000001084	epochs	3.0
586.2705416005432	0.04166440000005878	epochs	2.0
586.2705416005432	0.02088220000007368	epochs	3.0
586.2914238005433	0.020782199999985096	epochs	3.0
586.3122060005433	0.04126850000000104	epochs	2.0
586.3122060005433	0.020683299999973315	epochs	3.0
586.3328893005432	0.020585200000027726	epochs	3.0
586.3534745005433	0.040879999999901884	epochs	2.0
586.3534745005433	0.020488099999965925	epochs	3.0
586.3739626005432	0.02039189999993596	epochs	3.0
586.3943545005432	0.04049880000002304	epochs	2.0
586.3943545005432	0.020296600000051512	epochs	3.0
586.4146511005432	0.020202199999971526	epochs	3.0
586.4348533005432	0.04012460000001283	epochs	2.0
586.4348533005432	0.02010870000003706	epochs	3.0
586.4549620005432	0.020015899999975773	epochs	3.0
586.4749779005432	0.03975730000001931	epochs	2.0
586.4749779005432	0.019924199999991288	epochs	3.0
586.4949021005432	0.019833100000028026	epochs	3.0
586.5147352005432	0.03939669999999751	epochs	2.0
586.5147352005432	0.01974299999994855	epochs	3.0
586.5344782005432	0.019653700000048957	epochs	3.0
586.5541319005432	0.03904239999997117	epochs	2.0
586.5541319005432	0.01956510000002254	epochs	3.0
586.5736970005432	0.019477299999948627	epochs	3.0
586.5931743005432	0.03869459999998526	epochs	2.0
586.5931743005432	0.019390400000020236	epochs	3.0
586.6125647005432	0.01930419999996502	epochs	3.0
586.6318689005432	0.03835290000006353	epochs	2.0
586.6318689005432	0.019218800000089686	epochs	3.0
586.6510877005433	0.01913409999997384	epochs	3.0
586.6702218005432	0.03801720000001296	epochs	2.0
586.6702218005432	0.019050200000037876	epochs	3.0
586.6892720005433	0.018966999999975087	epochs	3.0
586.7082390005432	0.03768719999993664	epochs	2.0
586.7082390005432	0.01888450000001285	epochs	3.0
586.7271235005433	0.01880269999992379	epochs	3.0
586.7459262005432	0.03736309999999321	epochs	2.0
586.7459262005432	0.018721700000014607	epochs	3.0
586.7646479005432	0.018641399999978603	epochs	3.0
586.7832893005432	0.03704430000004777	epochs	2.0
586.7832893005432	0.01856159999999818	epochs	3.0
586.8018509005432	0.01848270000004959	epochs	3.0
586.8203336005432	0.0367310000000316	epochs	2.0
586.8203336005432	0.018404300000042895	epochs	3.0
586.8387379005433	0.018326699999988705	epochs	3.0
586.8570646005433	0.03642289999993409	epochs	2.0
586.8570646005433	0.018249599999990096	epochs	3.0
586.8753142005432	0.018173299999943993	epochs	3.0
586.8934875005432	0.03612010000006194	epochs	2.0
586.8934875005432	0.0180976000000328	epochs	3.0
586.9115851005432	0.01802250000002914	epochs	3.0
586.9296076005432	0.03582209999990482	epochs	2.0
586.9296076005432	0.017947899999967376	epochs	3.0
586.9475555005432	0.017874199999937446	epochs	3.0
586.9654297005432	0.0355290000001105	epochs	2.0
586.9654297005432	0.017800800000031813	epochs	3.0
586.9832305005432	0.017728200000078687	epochs	3.0
587.0009587005433	0.035240699999917524	epochs	2.0
587.0009587005433	0.017656099999953767	epochs	3.0
587.0186148005432	0.017584599999963757	epochs	3.0
587.0361994005432	0.034957100000042374	epochs	2.0
587.0361994005432	0.01751369999999497	epochs	3.0
587.0537131005432	0.017443400000047404	epochs	3.0
587.0711565005432	0.03467790000001969	epochs	2.0
587.0711565005432	0.017373600000041733	epochs	3.0
587.0885301005433	0.017304299999977957	epochs	3.0
587.1058344005432	0.03440330000000813	epochs	2.0
587.1058344005432	0.01723570000001473	epochs	3.0
587.1230701005433	0.0171675999999934	epochs	3.0
587.1402377005433	0.03413279999995211	epochs	2.0
587.1402377005433	0.01709989999994832	epochs	3.0
587.1573376005432	0.017032900000003792	epochs	3.0
587.1743705005432	0.033866699999975935	epochs	2.0
587.1743705005432	0.01696640000000116	epochs	3.0
587.1913369005432	0.016900299999974777	epochs	3.0
587.2082372005432	0.03360459999998966	epochs	2.0
587.2082372005432	0.016834800000083305	epochs	3.0
587.2250720005433	0.016769799999906354	epochs	3.0
587.2418418005432	0.03334660000007261	epochs	2.0
587.2418418005432	0.016705300000012357	epochs	3.0
587.2585471005432	0.016641300000060255	epochs	3.0
587.2751884005432	0.03309249999995245	epochs	2.0
587.2751884005432	0.01657779999993636	epochs	3.0
587.2917662005432	0.01651470000001609	epochs	3.0
587.3082809005432	0.03284229999997024	epochs	2.0
587.3082809005432	0.01645220000000336	epochs	3.0
587.3247331005432	0.01639009999996688	epochs	3.0
587.3411232005432	0.03259570000000167	epochs	2.0
587.3411232005432	0.016328400000020338	epochs	3.0
587.3574516005432	0.016267299999981333	epochs	3.0
587.3737189005432	0.03235290000009172	epochs	2.0
587.3737189005432	0.016206600000032267	epochs	3.0
587.3899255005432	0.016146300000059455	epochs	3.0
587.4060718005433	0.03211369999996805	epochs	2.0
587.4060718005433	0.016086599999994178	epochs	3.0
587.4221584005433	0.01602709999997387	epochs	3.0
587.4381855005432	0.03187800000000607	epochs	2.0
587.4381855005432	0.015968199999974786	epochs	3.0
587.4541537005432	0.015909800000031282	epochs	3.0
587.4700635005432	0.031645700000012766	epochs	2.0
587.4700635005432	0.01585160000001906	epochs	3.0
587.4859151005433	0.015794099999993705	epochs	3.0
587.5017092005432	0.031416699999908815	epochs	2.0
587.5017092005432	0.01573669999993399	epochs	3.0
587.5174459005432	0.015679999999974825	epochs	3.0
587.5331259005432	0.031191100000114602	epochs	2.0
587.5331259005432	0.015623600000026272	epochs	3.0
587.5487495005432	0.01556750000008833	epochs	3.0
587.5643170005433	0.030968699999903038	epochs	2.0
587.5643170005433	0.015511999999944237	epochs	3.0
587.5798290005432	0.0154566999999588	epochs	3.0
587.5952857005432	0.03074950000006993	epochs	2.0
587.5952857005432	0.015401999999994587	epochs	3.0
587.6106877005432	0.015347500000075343	epochs	3.0
587.6260352005432	0.030533199999922545	epochs	2.0
587.6260352005432	0.015293400000018664	epochs	3.0
587.6413286005433	0.01523979999990388	epochs	3.0
587.6565684005432	0.03032010000003993	epochs	2.0
587.6565684005432	0.015186500000027081	epochs	3.0
587.6717549005432	0.015133600000012848	epochs	3.0
587.6868885005432	0.030109899999956724	epochs	2.0
587.6868885005432	0.015081000000009226	epochs	3.0
587.7019695005432	0.015028899999947498	epochs	3.0
587.7169984005432	0.02990250000004835	epochs	2.0
587.7169984005432	0.014977000000044427	epochs	3.0
587.7319754005432	0.014925500000003922	epochs	3.0
587.7469009005432	0.029698100000018712	epochs	2.0
587.7469009005432	0.014874400000053356	epochs	3.0
587.7617753005433	0.014823699999965356	epochs	3.0
587.7765990005432	0.02949630000000525	epochs	2.0
587.7765990005432	0.014773200000036013	epochs	3.0
587.7913722005433	0.014723099999969236	epochs	3.0
587.8060953005432	0.02929740000001857	epochs	2.0
587.8060953005432	0.014673399999992398	epochs	3.0
587.8207687005432	0.014624000000026172	epochs	3.0
587.8353927005433	0.029101099999934377	epochs	2.0
587.8353927005433	0.01457489999995687	epochs	3.0
587.8499676005432	0.014526199999977507	epochs	3.0
587.8644938005432	0.028907399999980044	epochs	2.0
587.8644938005432	0.014477700000043114	epochs	3.0
587.8789715005432	0.014429699999936929	epochs	3.0
587.8934012005432	0.028716200000076242	epochs	2.0
587.8934012005432	0.014381800000023759	epochs	3.0
587.9077830005432	0.014334400000052483	epochs	3.0
587.9221174005432	0.02852759999996124	epochs	2.0
587.9221174005432	0.01428720000001249	epochs	3.0
587.9364046005433	0.01424039999994875	epochs	3.0
587.9506450005432	0.028341400000044814	epochs	2.0
587.9506450005432	0.014193800000043666	epochs	3.0
587.9648388005432	0.014147600000001148	epochs	3.0
587.9789864005432	0.028157699999951546	epochs	2.0
587.9789864005432	0.014101699999969242	epochs	3.0
587.9930881005432	0.014055999999982305	epochs	3.0
588.0071441005432	0.027976299999977527	epochs	2.0
588.0071441005432	0.01401060000000598	epochs	3.0
588.0211547005432	0.013965699999971548	epochs	3.0
588.0351204005432	0.02779720000000907	epochs	2.0
588.0351204005432	0.013920800000050804	epochs	3.0
588.0490412005432	0.013876399999958267	epochs	3.0
588.0629176005432	0.027620400000046175	epochs	2.0
588.0629176005432	0.013832200000024386	epochs	3.0
588.0767498005432	0.013788200000021789	epochs	3.0
588.0905380005432	0.027445899999975154	epochs	2.0
588.0905380005432	0.013744599999995444	epochs	3.0
588.1042826005432	0.01370129999997971	epochs	3.0
588.1179839005432	0.027273499999978412	epochs	2.0
588.1179839005432	0.013658200000008947	epochs	3.0
588.1316421005432	0.013615299999969466	epochs	3.0
588.1452574005432	0.027103399999987232	epochs	2.0
588.1452574005432	0.013572800000019924	epochs	3.0
588.1588302005432	0.013530599999967308	epochs	3.0
588.1723608005432	0.02693520000002536	epochs	2.0
588.1723608005432	0.013488400000028378	epochs	3.0
588.1858492005432	0.013446799999996983	epochs	3.0
588.1992960005432	0.026769199999989723	epochs	2.0
588.1992960005432	0.013405199999965589	epochs	3.0
588.2127012005432	0.013364000000024134	epochs	3.0
588.2260652005432	0.026605200000062723	epochs	2.0
588.2260652005432	0.013322900000048321	epochs	3.0
588.2393881005432	0.013282300000014402	epochs	3.0
588.2526704005433	0.026443200000016986	epochs	2.0
588.2526704005433	0.013241699999980483	epochs	3.0
588.2659121005432	0.013201500000036503	epochs	3.0
588.2791136005433	0.0262831999999662	epochs	2.0
588.2791136005433	0.01316149999991012	epochs	3.0
588.2922751005432	0.01312170000005608	epochs	3.0
588.3053968005432	0.02612499999997908	epochs	2.0
588.3053968005432	0.013082100000019636	epochs	3.0
588.3184789005433	0.013042899999959445	epochs	3.0
588.3315218005432	0.025968899999952555	epochs	2.0
588.3315218005432	0.013003899999944224	epochs	3.0
588.3445257005432	0.012965000000008331	epochs	3.0
588.3574907005432	0.025814500000024054	epochs	2.0
588.3574907005432	0.01292640000008305	epochs	3.0
588.3704171005432	0.012888099999941005	epochs	3.0
588.3833052005432	0.025661900000045534	epochs	2.0
588.3833052005432	0.012849899999991976	epochs	3.0
588.3961551005432	0.012812000000053558	epochs	3.0
588.4089671005432	0.025511199999982637	epochs	2.0
588.4089671005432	0.012774400000012065	epochs	3.0
588.4217415005432	0.012736799999970572	epochs	3.0
588.4344783005432	0.025362299999983406	epochs	2.0
588.4344783005432	0.01269969999998466	epochs	3.0
588.4471780005432	0.012662599999998747	epochs	3.0
588.4598406005432	0.025215000000002874	epochs	2.0
588.4598406005432	0.012625800000023446	epochs	3.0
588.4724664005432	0.012589199999979428	epochs	3.0
588.4850556005432	0.024584799999956886	epochs	2.0
588.5092452005432	0.5	epochs	-1.0
588.5096404005432	0.9999200000000883	epochs	1.0
589.0092452005432	0.5	epochs	-1.0
609.7390003204346	0.054639999999949396	epochs	0.0
609.7390003204346	0.02232040000001234	epochs	1.0
609.7613207204346	0.0099992000000384	epochs	1.0
609.7713199204346	0.022320399999898655	epochs	1.0
609.7936403204345	2.0	epochs	0.0
611.7936403204345	0.5046399999999949	epochs	0.0
611.7936403204345	0.5046399999999949	epochs	1.0
611.7936451204346	0.5	epochs	-1.0
612.2936451204346	0.004635199999938777	epochs	-1.0
612.2982803204345	21.495280000000093	epochs	0.0
613.5860004425049	0.054639999999949396	epochs	0.0
613.5860004425049	0.02232040000001234	epochs	1.0
613.6083208425049	0.0099992000000384	epochs	1.0
613.6183200425049	0.022320399999898655	epochs	1.0
613.6406404425048	2.0	epochs	0.0
615.6406404425048	0.5051200000000335	epochs	0.0
615.6406404425048	0.5051200000000335	epochs	1.0
615.6406452425049	0.5	epochs	-1.0
616.1406452425049	0.005115199999977449	epochs	-1.0
616.1457604425049	21.494800000000055	epochs	0.0
617.4810004234314	0.054639999999949396	epochs	0.0
617.4810004234314	0.02232040000001234	epochs	1.0
617.5033208234314	0.0099992000000384	epochs	1.0
617.5133200234314	0.022320399999898655	epochs	1.0
617.5356404234313	2.0	epochs	0.0
619.5356404234313	0.5052800000000843	epochs	0.0
619.5356404234313	0.5052800000000843	epochs	1.0
619.5356452234314	0.5	epochs	-1.0
620.0356452234314	0.005275200000028235	epochs	-1.0
620.0409204234314	21.494640000000004	epochs	0.0
621.438000202179	0.054639999999949396	epochs	0.0
621.438000202179	0.02232040000001234	epochs	1.0
621.460320602179	0.0099992000000384	epochs	1.0
621.470319802179	0.022320399999898655	epochs	1.0
621.4926402021789	2.0	epochs	0.0
623.4926402021789	5.384960000000092	epochs	0.0
623.4926402021789	1.0	epochs	1.0
623.492645002179	0.5	epochs	-1.0
623.992645002179	4.884955200000036	epochs	-1.0
624.4926402021789	4.384960000000092	epochs	1.0
624.4926402021789	4.356753900000058	epochs	-1.0
624.4926402021789	1.9745872000000873	epochs	2.0
624.4926402021789	1.0985622000000603	epochs	3.0
625.591202402179	0.8760250000000269	epochs	3.0
626.467227402179	1.352407499999913	epochs	2.0
626.467227402179	0.7286354999999958	epochs	3.0
627.195862902179	0.6237719999999172	epochs	3.0
627.8196349021789	1.0297592000000577	epochs	2.0
627.8196349021789	0.5453293000000485	epochs	3.0
628.364964202179	0.4844299000000092	epochs	3.0
628.849394102179	0.028206100000033985	epochs	2.0
628.849394102179	0.028206100000033985	epochs	3.0
628.877600202179	16.614959999999996	epochs	0.0
629.8840003013611	0.054639999999949396	epochs	0.0
629.8840003013611	0.02232040000001234	epochs	1.0
629.9063207013611	0.0099992000000384	epochs	1.0
629.9163199013611	0.022320399999898655	epochs	1.0
629.938640301361	2.0	epochs	0.0
631.938640301361	21.99992000000009	epochs	0.0
631.938640301361	1.0	epochs	1.0
631.9386451013611	0.5	epochs	-1.0
632.4386451013611	19.999599999999987	epochs	-1.0
632.938640301361	20.0	epochs	1.0
632.938640301361	4.356753900000058	epochs	-1.0
632.938640301361	1.9745872000000873	epochs	2.0
632.938640301361	1.0985622000000603	epochs	3.0
634.0372025013611	0.8760250000000269	epochs	3.0
634.9132275013611	1.352407499999913	epochs	2.0
634.9132275013611	0.7286354999999958	epochs	3.0
635.6418630013611	0.6237719999999172	epochs	3.0
636.265635001361	1.0297592000000577	epochs	2.0
636.265635001361	0.5453293000000485	epochs	3.0
636.8109643013611	0.4844299000000092	epochs	3.0
637.2953942013611	0.8317862000000105	epochs	2.0
637.2953942013611	0.4357763000000432	epochs	3.0
637.7311705013611	0.3960098999999673	epochs	3.0
638.1271804013611	0.6977970000000369	epochs	2.0
638.1271804013611	0.3628982000000178	epochs	3.0
638.4900786013611	0.33489880000001904	epochs	3.0
638.8249774013611	0.601045699999986	epochs	2.0
638.8249774013611	0.3109122999999272	epochs	3.0
639.1358897013611	0.2901334000000588	epochs	3.0
639.4260231013611	0.5278859000000011	epochs	2.0
639.4260231013611	0.2719585999999481	epochs	3.0
639.6979817013611	0.25592730000005304	epochs	3.0
639.9539090013611	0.470619299999953	epochs	2.0
639.9539090013611	0.241681299999982	epochs	3.0
640.1955903013611	0.228937999999971	epochs	3.0
640.4245283013611	0.42457039999999324	epochs	2.0
640.4245283013611	0.21747140000002219	epochs	3.0
640.6419997013611	0.20709899999997106	epochs	3.0
640.8490987013611	0.3867354000000205	epochs	2.0
640.8490987013611	0.19767109999997956	epochs	3.0
641.046769801361	0.18906430000004093	epochs	3.0
641.2358341013611	0.3550953000000163	epochs	2.0
641.2358341013611	0.18117589999997108	epochs	3.0
641.4170100013611	0.17391940000004524	epochs	3.0
641.5909294013611	0.3282431000000088	epochs	2.0
641.5909294013611	0.16722189999995862	epochs	3.0
641.7581513013611	0.16102120000005016	epochs	3.0
641.9191725013611	0.30516799999998057	epochs	2.0
641.9191725013611	0.15526389999990897	epochs	3.0
642.074436401361	0.1499041000000716	epochs	3.0
642.2243405013611	0.28512530000000424	epochs	2.0
642.2243405013611	0.1449020999999675	epochs	3.0
642.3692426013611	0.14022320000003674	epochs	3.0
642.5094658013611	0.2675537999999733	epochs	2.0
642.5094658013611	0.1358368999999584	epochs	3.0
642.6453027013611	0.1317169000000149	epochs	3.0
642.7770196013611	0.2520229000000427	epochs	2.0
642.7770196013611	0.1278393000000051	epochs	3.0
642.9048589013611	0.12418360000003759	epochs	3.0
643.0290425013611	0.23819649999995818	epochs	2.0
643.0290425013611	0.12073109999994358	epochs	3.0
643.1497736013611	0.1174654000000146	epochs	3.0
643.2672390013611	0.2258087999999816	epochs	2.0
643.2672390013611	0.11437190000003739	epochs	3.0
643.3816109013611	0.11143689999994422	epochs	3.0
643.4930478013611	0.2146460000000161	epochs	2.0
643.4930478013611	0.10864890000004834	epochs	3.0
643.6016967013611	0.10599709999996776	epochs	3.0
643.7076938013611	0.20453499999996438	epochs	2.0
643.7076938013611	0.10347149999995509	epochs	3.0
643.811165301361	0.1010635000000093	epochs	3.0
643.912228801361	0.19533400000000256	epochs	2.0
643.912228801361	0.09876510000003691	epochs	3.0
644.0109939013611	0.09656889999996565	epochs	3.0
644.107562801361	0.1869253000000981	epochs	2.0
644.107562801361	0.09446830000001682	epochs	3.0
644.2020311013611	0.09245700000008128	epochs	3.0
644.2944881013611	0.17921069999999872	epochs	2.0
644.2944881013611	0.09052959999996801	epochs	3.0
644.3850177013611	0.08868110000003071	epochs	3.0
644.4736988013611	0.17210769999996955	epochs	2.0
644.4736988013611	0.08690629999989596	epochs	3.0
644.560605101361	0.08520140000007359	epochs	3.0
644.6458065013611	0.1655463999999256	epochs	2.0
644.6458065013611	0.08356189999994967	epochs	3.0
644.7293684013611	0.08198449999997592	epochs	3.0
644.811352901361	0.15946710000002895	epochs	2.0
644.811352901361	0.08046540000009372	epochs	3.0
644.8918183013611	0.07900169999993523	epochs	3.0
644.9708200013611	0.15381839999997737	epochs	2.0
644.9708200013611	0.07759010000006583	epochs	3.0
645.0484101013611	0.07622829999991154	epochs	3.0
645.124638401361	0.14855640000007497	epochs	2.0
645.124638401361	0.07491330000004837	epochs	3.0
645.1995517013611	0.0736431000000266	epochs	3.0
645.2731948013611	0.14364239999997608	epochs	2.0
645.2731948013611	0.07241499999997814	epochs	3.0
645.3456098013611	0.07122739999999794	epochs	3.0
645.4168372013611	0.13904309999998077	epochs	2.0
645.4168372013611	0.07007799999996678	epochs	3.0
645.4869152013611	0.06896510000001399	epochs	3.0
645.5558803013611	0.1347293000000036	epochs	2.0
645.5558803013611	0.0678871000000072	epochs	3.0
645.6237674013611	0.06684219999999641	epochs	3.0
645.6906096013611	0.1306752000000415	epochs	2.0
645.6906096013611	0.06582909999997355	epochs	3.0
645.756438701361	0.06484610000006796	epochs	3.0
645.8212848013611	0.1268577999999252	epochs	2.0
645.8212848013611	0.06389200000000983	epochs	3.0
645.8851768013611	0.06296579999991536	epochs	3.0
645.948142601361	0.12325720000001184	epochs	2.0
645.948142601361	0.06206580000002759	epochs	3.0
646.0102084013611	0.06119139999998424	epochs	3.0
646.071399801361	0.11985540000000583	epochs	2.0
646.071399801361	0.06034110000007331	epochs	3.0
646.1317409013611	0.05951429999993252	epochs	3.0
646.1912552013611	0.11663620000001629	epochs	2.0
646.1912552013611	0.05870960000004288	epochs	3.0
646.2499648013611	0.057926599999973405	epochs	3.0
646.3078914013611	0.11358559999996487	epochs	2.0
646.3078914013611	0.05716419999998834	epochs	3.0
646.3650556013611	0.05642139999997653	epochs	3.0
646.421477001361	0.11069050000003244	epochs	2.0
646.421477001361	0.055697900000041045	epochs	3.0
646.4771749013611	0.0549925999999914	epochs	3.0
646.5321675013611	0.1079391000000669	epochs	2.0
646.5321675013611	0.05430490000003374	epochs	3.0
646.5864724013611	0.05363420000003316	epochs	3.0
646.6401066013611	0.10532149999994544	epochs	2.0
646.6401066013611	0.05297999999993408	epochs	3.0
646.6930866013611	0.052341500000011365	epochs	3.0
646.7454281013611	0.10282759999995505	epochs	2.0
646.7454281013611	0.05171810000001642	epochs	3.0
646.7971462013611	0.051109499999938635	epochs	3.0
646.848255701361	0.10044909999999163	epochs	2.0
646.848255701361	0.050514900000052876	epochs	3.0
646.8987706013611	0.049934199999938755	epochs	3.0
646.948704801361	0.09817830000008598	epochs	2.0
646.948704801361	0.049366600000098515	epochs	3.0
646.9980714013611	0.04881169999998747	epochs	3.0
647.0468831013611	0.09600779999993847	epochs	2.0
647.0468831013611	0.04826919999993606	epochs	3.0
647.095152301361	0.04773860000000241	epochs	3.0
647.142890901361	0.09393120000004274	epochs	2.0
647.142890901361	0.04721949999998287	epochs	3.0
647.190110401361	0.046711700000059864	epochs	3.0
647.2368221013611	0.09194260000003851	epochs	2.0
647.2368221013611	0.046214599999984785	epochs	3.0
647.2830367013611	0.045728000000053726	epochs	3.0
647.3287647013611	0.09003629999995155	epochs	2.0
647.3287647013611	0.045251499999949374	epochs	3.0
647.3740162013611	0.04478480000000218	epochs	3.0
647.4188010013611	0.08820760000003247	epochs	2.0
647.4188010013611	0.044327800000019124	epochs	3.0
647.4631288013611	0.04387980000001335	epochs	3.0
647.5070086013611	0.0864516999999978	epochs	2.0
647.5070086013611	0.04344099999991613	epochs	3.0
647.550449601361	0.04301070000008167	epochs	3.0
647.5934603013611	0.08476429999996071	epochs	2.0
647.5934603013611	0.04258899999990717	epochs	3.0
647.636049301361	0.04217530000005354	epochs	3.0
647.6782246013611	0.08314150000001064	epochs	2.0
647.6782246013611	0.04176970000003166	epochs	3.0
647.7199943013611	0.041371799999978975	epochs	3.0
647.7613661013611	0.08157970000002024	epochs	2.0
647.7613661013611	0.040981399999964196	epochs	3.0
647.802347501361	0.04059830000005604	epochs	3.0
647.8429458013611	0.08007550000002084	epochs	2.0
647.8429458013611	0.04022229999998217	epochs	3.0
647.8831681013611	0.03985320000003867	epochs	3.0
647.9230213013611	0.07862569999997504	epochs	2.0
647.9230213013611	0.0394907999999532	epochs	3.0
647.9625121013611	0.039134900000021844	epochs	3.0
648.0016470013611	0.07722760000001472	epochs	2.0
648.0016470013611	0.03878539999993791	epochs	3.0
648.040432401361	0.03844220000007681	epochs	3.0
648.0788746013611	0.07587819999992007	epochs	2.0
648.0788746013611	0.03810479999992822	epochs	3.0
648.116979401361	0.03777339999999185	epochs	3.0
648.154752801361	0.0745752000000266	epochs	2.0
648.154752801361	0.03744770000002973	epochs	3.0
648.1922005013611	0.03712749999999687	epochs	3.0
648.2293280013611	0.07331629999998768	epochs	2.0
648.2293280013611	0.036812899999972615	epochs	3.0
648.266140901361	0.03650340000001506	epochs	3.0
648.302644301361	0.07209899999998015	epochs	2.0
648.302644301361	0.03619909999997617	epochs	3.0
648.338843401361	0.03589990000000398	epochs	3.0
648.374743301361	0.07092170000009901	epochs	2.0
648.374743301361	0.03560560000005353	epochs	3.0
648.4103489013611	0.03531610000004548	epochs	3.0
648.4456650013611	0.0697819999999183	epochs	2.0
648.4456650013611	0.03503119999993487	epochs	3.0
648.4806962013611	0.03475079999998343	epochs	3.0
648.515447001361	0.06867859999999837	epochs	2.0
648.515447001361	0.03447510000000875	epochs	3.0
648.5499221013611	0.03420349999998962	epochs	3.0
648.584125601361	0.06760930000007193	epochs	2.0
648.584125601361	0.03393620000008468	epochs	3.0
648.6180618013611	0.033673099999987244	epochs	3.0
648.6517349013611	0.06657289999998284	epochs	2.0
648.6517349013611	0.03341399999999339	epochs	3.0
648.6851489013611	0.033158899999989444	epochs	3.0
648.7183078013611	0.06556779999993978	epochs	2.0
648.7183078013611	0.032907700000009754	epochs	3.0
648.7512155013611	0.032660099999930026	epochs	3.0
648.783875601361	0.06459260000008271	epochs	2.0
648.783875601361	0.032416399999988244	epochs	3.0
648.816292001361	0.03217620000009447	epochs	3.0
648.8484682013611	0.0636459999999488	epochs	2.0
648.8484682013611	0.03193959999998697	epochs	3.0
648.8804078013611	0.03170639999996183	epochs	3.0
648.9121142013611	0.0627266999999847	epochs	2.0
648.9121142013611	0.03147660000001906	epochs	3.0
648.9435908013611	0.03125009999996564	epochs	3.0
648.9748409013611	0.06183359999999993	epochs	2.0
648.9748409013611	0.031026900000028945	epochs	3.0
649.0058678013611	0.030806699999970988	epochs	3.0
649.0366745013611	0.06096560000003137	epochs	2.0
649.0366745013611	0.030589800000029754	epochs	3.0
649.0672643013611	0.030375800000001618	epochs	3.0
649.0976401013611	0.06012160000000222	epochs	2.0
649.0976401013611	0.030164900000045236	epochs	3.0
649.1278050013611	0.02995669999995698	epochs	3.0
649.1577617013611	0.05930069999999432	epochs	2.0
649.1577617013611	0.02975159999994048	epochs	3.0
649.187513301361	0.02954910000005384	epochs	3.0
649.2170624013611	0.05850180000004457	epochs	2.0
649.2170624013611	0.02934940000000097	epochs	3.0
649.2464118013611	0.0291524000000436	epochs	3.0
649.2755642013611	0.05772419999993872	epochs	2.0
649.2755642013611	0.028957999999988715	epochs	3.0
649.3045222013611	0.028766199999950004	epochs	3.0
649.3332884013611	0.05696709999995164	epochs	2.0
649.3332884013611	0.028577000000041153	epochs	3.0
649.3618654013611	0.02839009999991049	epochs	3.0
649.390255501361	0.056229500000085864	epochs	2.0
649.390255501361	0.028205700000057732	epochs	3.0
649.4184612013611	0.028023800000028132	epochs	3.0
649.4464850013611	0.05551070000001346	epochs	2.0
649.4464850013611	0.027843999999959124	epochs	3.0
649.4743290013611	0.027666700000054334	epochs	3.0
649.5019957013611	0.05481019999990622	epochs	2.0
649.5019957013611	0.02749149999999645	epochs	3.0
649.5294872013611	0.027318699999909768	epochs	3.0
649.556805901361	0.05412700000010773	epochs	2.0
649.556805901361	0.02714780000007977	epochs	3.0
649.5839537013611	0.02697920000002796	epochs	3.0
649.6109329013611	0.053460699999959616	epochs	2.0
649.6109329013611	0.0268125999999711	epochs	3.0
649.6377455013611	0.026648099999988517	epochs	3.0
649.6643936013611	0.05281070000000909	epochs	2.0
649.6643936013611	0.026485600000000886	epochs	3.0
649.6908792013611	0.026325100000008206	epochs	3.0
649.7172043013611	0.05217619999996259	epochs	2.0
649.7172043013611	0.026166399999965506	epochs	3.0
649.7433707013611	0.026009799999997085	epochs	3.0
649.7693805013611	0.051556699999991906	epochs	2.0
649.7693805013611	0.025854800000047362	epochs	3.0
649.7952353013611	0.025701899999944544	epochs	3.0
649.8209372013611	0.05095189999997274	epochs	2.0
649.8209372013611	0.02555070000005344	epochs	3.0
649.8464879013611	0.0254011999999193	epochs	3.0
649.871889101361	0.05036100000006627	epochs	2.0
649.871889101361	0.0252535000000762	epochs	3.0
649.8971426013611	0.02510749999999007	epochs	3.0
649.9222501013611	0.049783800000000156	epochs	2.0
649.9222501013611	0.02496320000000196	epochs	3.0
649.9472133013611	0.024820599999998194	epochs	3.0
649.9720339013611	0.04921949999993558	epochs	2.0
649.9720339013611	0.024679399999968155	epochs	3.0
649.9967133013611	0.024540099999967424	epochs	3.0
650.021253401361	0.04866790000005494	epochs	2.0
650.021253401361	0.024402100000088467	epochs	3.0
650.0456555013611	0.024265799999966475	epochs	3.0
650.0699213013611	0.04812860000004093	epochs	2.0
650.0699213013611	0.024131000000011227	epochs	3.0
650.0940523013611	0.023997600000029706	epochs	3.0
650.1180499013611	0.04760109999995166	epochs	2.0
650.1180499013611	0.023865799999953197	epochs	3.0
650.1419157013611	0.02373529999999846	epochs	3.0
650.1656510013611	0.047085000000038235	epochs	2.0
650.1656510013611	0.023606299999983094	epochs	3.0
650.1892573013611	0.02347870000005514	epochs	3.0
650.2127360013611	0.046579999999948996	epochs	2.0
650.2127360013611	0.02335249999998723	epochs	3.0
650.2360885013611	0.023227499999961765	epochs	3.0
650.2593160013611	0.046085700000048746	epochs	2.0
650.2593160013611	0.023103999999989355	epochs	3.0
650.2824200013611	0.02298170000005939	epochs	3.0
650.3054017013611	0.045601799999985815	epochs	2.0
650.3054017013611	0.02286069999991014	epochs	3.0
650.328262401361	0.022741100000075676	epochs	3.0
650.3510035013611	0.04512790000001132	epochs	2.0
650.3510035013611	0.022622500000011314	epochs	3.0
650.3736260013611	0.02250540000000001	epochs	3.0
650.3961314013611	0.044663799999966614	epochs	2.0
650.3961314013611	0.02238929999998618	epochs	3.0
650.4185207013611	0.022274499999980435	epochs	3.0
650.4407952013611	0.04420919999995476	epochs	2.0
650.4407952013611	0.022160800000051495	epochs	3.0
650.4629560013611	0.022048399999903268	epochs	3.0
650.485004401361	0.043763600000033875	epochs	2.0
650.485004401361	0.021936900000014248	epochs	3.0
650.506941301361	0.021826700000019628	epochs	3.0
650.5287680013611	0.04332710000005591	epochs	2.0
650.5287680013611	0.021717599999988124	epochs	3.0
650.5504856013611	0.021609500000067783	epochs	3.0
650.5720951013611	0.042898999999920306	epochs	2.0
650.5720951013611	0.02150249999999687	epochs	3.0
650.5935976013611	0.021396499999923435	epochs	3.0
650.614994101361	0.042479500000013104	epochs	2.0
650.614994101361	0.02129170000000613	epochs	3.0
650.636285801361	0.021187800000006973	epochs	3.0
650.6574736013611	0.042067900000006375	epochs	2.0
650.6574736013611	0.02108490000000529	epochs	3.0
650.6785585013611	0.020983000000001084	epochs	3.0
650.6995415013611	0.04166440000005878	epochs	2.0
650.6995415013611	0.02088220000007368	epochs	3.0
650.7204237013611	0.020782199999985096	epochs	3.0
650.7412059013611	0.04126850000000104	epochs	2.0
650.7412059013611	0.020683299999973315	epochs	3.0
650.7618892013611	0.020585200000027726	epochs	3.0
650.7824744013611	0.040879999999901884	epochs	2.0
650.7824744013611	0.020488099999965925	epochs	3.0
650.8029625013611	0.02039189999993596	epochs	3.0
650.823354401361	0.04049880000002304	epochs	2.0
650.823354401361	0.020296600000051512	epochs	3.0
650.8436510013611	0.020202199999971526	epochs	3.0
650.863853201361	0.04012460000001283	epochs	2.0
650.863853201361	0.02010870000003706	epochs	3.0
650.8839619013611	0.020015899999975773	epochs	3.0
650.9039778013611	0.03975730000001931	epochs	2.0
650.9039778013611	0.019924199999991288	epochs	3.0
650.9239020013611	0.019833100000028026	epochs	3.0
650.9437351013611	0.03939669999999751	epochs	2.0
650.9437351013611	0.01974299999994855	epochs	3.0
650.963478101361	0.019653700000048957	epochs	3.0
650.9831318013611	0.03904239999997117	epochs	2.0
650.9831318013611	0.01956510000002254	epochs	3.0
651.0026969013611	0.019477299999948627	epochs	3.0
651.022174201361	0.03869459999998526	epochs	2.0
651.022174201361	0.019390400000020236	epochs	3.0
651.0415646013611	0.01930419999996502	epochs	3.0
651.060868801361	0.03835290000006353	epochs	2.0
651.060868801361	0.019218800000089686	epochs	3.0
651.0800876013611	0.01913409999997384	epochs	3.0
651.0992217013611	0.03801720000001296	epochs	2.0
651.0992217013611	0.019050200000037876	epochs	3.0
651.1182719013611	0.018966999999975087	epochs	3.0
651.1372389013611	0.03768719999993664	epochs	2.0
651.1372389013611	0.01888450000001285	epochs	3.0
651.1561234013611	0.01880269999992379	epochs	3.0
651.174926101361	0.03736309999999321	epochs	2.0
651.174926101361	0.018721700000014607	epochs	3.0
651.1936478013611	0.018641399999978603	epochs	3.0
651.212289201361	0.03704430000004777	epochs	2.0
651.212289201361	0.01856159999999818	epochs	3.0
651.230850801361	0.01848270000004959	epochs	3.0
651.2493335013611	0.0367310000000316	epochs	2.0
651.2493335013611	0.018404300000042895	epochs	3.0
651.2677378013611	0.018326699999988705	epochs	3.0
651.2860645013611	0.03642289999993409	epochs	2.0
651.2860645013611	0.018249599999990096	epochs	3.0
651.3043141013611	0.018173299999943993	epochs	3.0
651.3224874013611	0.03612010000006194	epochs	2.0
651.3224874013611	0.0180976000000328	epochs	3.0
651.3405850013611	0.01802250000002914	epochs	3.0
651.3586075013611	0.03582209999990482	epochs	2.0
651.3586075013611	0.017947899999967376	epochs	3.0
651.3765554013611	0.017874199999937446	epochs	3.0
651.394429601361	0.0355290000001105	epochs	2.0
651.394429601361	0.017800800000031813	epochs	3.0
651.4122304013611	0.017728200000078687	epochs	3.0
651.4299586013611	0.035240699999917524	epochs	2.0
651.4299586013611	0.017656099999953767	epochs	3.0
651.4476147013611	0.017584599999963757	epochs	3.0
651.465199301361	0.034957100000042374	epochs	2.0
651.465199301361	0.01751369999999497	epochs	3.0
651.482713001361	0.017443400000047404	epochs	3.0
651.5001564013611	0.03467790000001969	epochs	2.0
651.5001564013611	0.017373600000041733	epochs	3.0
651.5175300013611	0.017304299999977957	epochs	3.0
651.5348343013611	0.03440330000000813	epochs	2.0
651.5348343013611	0.01723570000001473	epochs	3.0
651.5520700013611	0.0171675999999934	epochs	3.0
651.5692376013611	0.03413279999995211	epochs	2.0
651.5692376013611	0.01709989999994832	epochs	3.0
651.5863375013611	0.017032900000003792	epochs	3.0
651.6033704013611	0.033866699999975935	epochs	2.0
651.6033704013611	0.01696640000000116	epochs	3.0
651.6203368013611	0.016900299999974777	epochs	3.0
651.637237101361	0.03360459999998966	epochs	2.0
651.637237101361	0.016834800000083305	epochs	3.0
651.6540719013611	0.016769799999906354	epochs	3.0
651.670841701361	0.03334660000007261	epochs	2.0
651.670841701361	0.016705300000012357	epochs	3.0
651.687547001361	0.016641300000060255	epochs	3.0
651.7041883013611	0.03309249999995245	epochs	2.0
651.7041883013611	0.01657779999993636	epochs	3.0
651.720766101361	0.01651470000001609	epochs	3.0
651.7372808013611	0.03284229999997024	epochs	2.0
651.7372808013611	0.01645220000000336	epochs	3.0
651.7537330013611	0.01639009999996688	epochs	3.0
651.770123101361	0.03259570000000167	epochs	2.0
651.770123101361	0.016328400000020338	epochs	3.0
651.7864515013611	0.016267299999981333	epochs	3.0
651.802718801361	0.03235290000009172	epochs	2.0
651.802718801361	0.016206600000032267	epochs	3.0
651.8189254013611	0.016146300000059455	epochs	3.0
651.8350717013611	0.03211369999996805	epochs	2.0
651.8350717013611	0.016086599999994178	epochs	3.0
651.8511583013611	0.01602709999997387	epochs	3.0
651.8671854013611	0.03187800000000607	epochs	2.0
651.8671854013611	0.015968199999974786	epochs	3.0
651.8831536013611	0.015909800000031282	epochs	3.0
651.8990634013611	0.031645700000012766	epochs	2.0
651.8990634013611	0.01585160000001906	epochs	3.0
651.9149150013611	0.015794099999993705	epochs	3.0
651.9307091013611	0.031416699999908815	epochs	2.0
651.9307091013611	0.01573669999993399	epochs	3.0
651.946445801361	0.015679999999974825	epochs	3.0
651.962125801361	0.031191100000114602	epochs	2.0
651.962125801361	0.015623600000026272	epochs	3.0
651.977749401361	0.01556750000008833	epochs	3.0
651.9933169013611	0.030968699999903038	epochs	2.0
651.9933169013611	0.015511999999944237	epochs	3.0
652.0088289013611	0.0154566999999588	epochs	3.0
652.024285601361	0.03074950000006993	epochs	2.0
652.024285601361	0.015401999999994587	epochs	3.0
652.039687601361	0.015347500000075343	epochs	3.0
652.0550351013611	0.030533199999922545	epochs	2.0
652.0550351013611	0.015293400000018664	epochs	3.0
652.0703285013611	0.01523979999990388	epochs	3.0
652.085568301361	0.03032010000003993	epochs	2.0
652.085568301361	0.015186500000027081	epochs	3.0
652.1007548013611	0.015133600000012848	epochs	3.0
652.1158884013611	0.030109899999956724	epochs	2.0
652.1158884013611	0.015081000000009226	epochs	3.0
652.1309694013611	0.015028899999947498	epochs	3.0
652.145998301361	0.02990250000004835	epochs	2.0
652.145998301361	0.014977000000044427	epochs	3.0
652.1609753013611	0.014925500000003922	epochs	3.0
652.1759008013611	0.029698100000018712	epochs	2.0
652.1759008013611	0.014874400000053356	epochs	3.0
652.1907752013611	0.014823699999965356	epochs	3.0
652.2055989013611	0.02949630000000525	epochs	2.0
652.2055989013611	0.014773200000036013	epochs	3.0
652.2203721013611	0.014723099999969236	epochs	3.0
652.2350952013611	0.02929740000001857	epochs	2.0
652.2350952013611	0.014673399999992398	epochs	3.0
652.2497686013611	0.014624000000026172	epochs	3.0
652.2643926013611	0.029101099999934377	epochs	2.0
652.2643926013611	0.01457489999995687	epochs	3.0
652.2789675013611	0.014526199999977507	epochs	3.0
652.2934937013611	0.028907399999980044	epochs	2.0
652.2934937013611	0.014477700000043114	epochs	3.0
652.3079714013611	0.014429699999936929	epochs	3.0
652.322401101361	0.028716200000076242	epochs	2.0
652.322401101361	0.014381800000023759	epochs	3.0
652.3367829013611	0.014334400000052483	epochs	3.0
652.3511173013611	0.02852759999996124	epochs	2.0
652.3511173013611	0.01428720000001249	epochs	3.0
652.3654045013611	0.01424039999994875	epochs	3.0
652.3796449013611	0.028341400000044814	epochs	2.0
652.3796449013611	0.014193800000043666	epochs	3.0
652.3938387013611	0.014147600000001148	epochs	3.0
652.4079863013611	0.028157699999951546	epochs	2.0
652.4079863013611	0.014101699999969242	epochs	3.0
652.4220880013611	0.014055999999982305	epochs	3.0
652.4361440013611	0.027976299999977527	epochs	2.0
652.4361440013611	0.01401060000000598	epochs	3.0
652.4501546013611	0.013965699999971548	epochs	3.0
652.464120301361	0.02779720000000907	epochs	2.0
652.464120301361	0.013920800000050804	epochs	3.0
652.4780411013611	0.013876399999958267	epochs	3.0
652.4919175013611	0.027620400000046175	epochs	2.0
652.4919175013611	0.013832200000024386	epochs	3.0
652.5057497013611	0.013788200000021789	epochs	3.0
652.5195379013611	0.027445899999975154	epochs	2.0
652.5195379013611	0.013744599999995444	epochs	3.0
652.5332825013611	0.01370129999997971	epochs	3.0
652.5469838013611	0.027273499999978412	epochs	2.0
652.5469838013611	0.013658200000008947	epochs	3.0
652.5606420013611	0.013615299999969466	epochs	3.0
652.5742573013611	0.027103399999987232	epochs	2.0
652.5742573013611	0.013572800000019924	epochs	3.0
652.5878301013611	0.013530599999967308	epochs	3.0
652.601360701361	0.02693520000002536	epochs	2.0
652.601360701361	0.013488400000028378	epochs	3.0
652.6148491013611	0.013446799999996983	epochs	3.0
652.6282959013611	0.026769199999989723	epochs	2.0
652.6282959013611	0.013405199999965589	epochs	3.0
652.641701101361	0.013364000000024134	epochs	3.0
652.6550651013611	0.026605200000062723	epochs	2.0
652.6550651013611	0.013322900000048321	epochs	3.0
652.6683880013611	0.013282300000014402	epochs	3.0
652.6816703013611	0.026443200000016986	epochs	2.0
652.6816703013611	0.013241699999980483	epochs	3.0
652.6949120013611	0.013201500000036503	epochs	3.0
652.7081135013611	0.0262831999999662	epochs	2.0
652.7081135013611	0.01316149999991012	epochs	3.0
652.721275001361	0.01312170000005608	epochs	3.0
652.7343967013611	0.02612499999997908	epochs	2.0
652.7343967013611	0.013082100000019636	epochs	3.0
652.7474788013611	0.013042899999959445	epochs	3.0
652.7605217013611	0.025968899999952555	epochs	2.0
652.7605217013611	0.013003899999944224	epochs	3.0
652.773525601361	0.012965000000008331	epochs	3.0
652.786490601361	0.025814500000024054	epochs	2.0
652.786490601361	0.01292640000008305	epochs	3.0
652.7994170013611	0.012888099999941005	epochs	3.0
652.8123051013611	0.025661900000045534	epochs	2.0
652.8123051013611	0.012849899999991976	epochs	3.0
652.825155001361	0.012812000000053558	epochs	3.0
652.8379670013611	0.025511199999982637	epochs	2.0
652.8379670013611	0.012774400000012065	epochs	3.0
652.8507414013611	0.012736799999970572	epochs	3.0
652.8634782013611	0.025362299999983406	epochs	2.0
652.8634782013611	0.01269969999998466	epochs	3.0
652.8761779013611	0.012662599999998747	epochs	3.0
652.8888405013611	0.025215000000002874	epochs	2.0
652.8888405013611	0.012625800000023446	epochs	3.0
652.9014663013611	0.012589199999979428	epochs	3.0
652.9140555013611	0.024584799999956886	epochs	2.0
652.9382451013611	0.5	epochs	-1.0
652.938640301361	0.9999200000000883	epochs	1.0
653.4382451013611	0.5	epochs	-1.0
655.0080003738403	0.054639999999949396	epochs	0.0
655.0080003738403	0.02232040000001234	epochs	1.0
655.0303207738403	0.0099992000000384	epochs	1.0
655.0403199738404	0.022320399999898655	epochs	1.0
655.0626403738403	2.0	epochs	0.0
657.0626403738403	0.5056000000000722	epochs	0.0
657.0626403738403	0.5056000000000722	epochs	1.0
657.0626451738403	0.5	epochs	-1.0
657.5626451738403	0.005595200000016121	epochs	-1.0
657.5682403738404	21.494320000000016	epochs	0.0
658.91100025177	0.054639999999949396	epochs	0.0
658.91100025177	0.02232040000001234	epochs	1.0
658.93332065177	0.0099992000000384	epochs	1.0
658.9433198517701	0.022320399999898655	epochs	1.0
658.96564025177	2.0	epochs	0.0
660.96564025177	21.545040000000085	epochs	0.0
660.96564025177	1.0	epochs	1.0
660.96564505177	0.5	epochs	-1.0
661.46564505177	19.999599999999987	epochs	-1.0
661.96564025177	20.0	epochs	1.0
661.96564025177	4.356753900000058	epochs	-1.0
661.96564025177	1.9745872000000873	epochs	2.0
661.96564025177	1.0985622000000603	epochs	3.0
663.06420245177	0.8760250000000269	epochs	3.0
663.94022745177	1.352407499999913	epochs	2.0
663.94022745177	0.7286354999999958	epochs	3.0
664.66886295177	0.6237719999999172	epochs	3.0
665.29263495177	1.0297592000000577	epochs	2.0
665.29263495177	0.5453293000000485	epochs	3.0
665.83796425177	0.4844299000000092	epochs	3.0
666.32239415177	0.8317862000000105	epochs	2.0
666.32239415177	0.4357763000000432	epochs	3.0
666.7581704517701	0.3960098999999673	epochs	3.0
667.15418035177	0.6977970000000369	epochs	2.0
667.15418035177	0.3628982000000178	epochs	3.0
667.51707855177	0.33489880000001904	epochs	3.0
667.8519773517701	0.601045699999986	epochs	2.0
667.8519773517701	0.3109122999999272	epochs	3.0
668.16288965177	0.2901334000000588	epochs	3.0
668.4530230517701	0.5278859000000011	epochs	2.0
668.4530230517701	0.2719585999999481	epochs	3.0
668.72498165177	0.25592730000005304	epochs	3.0
668.9809089517701	0.470619299999953	epochs	2.0
668.9809089517701	0.241681299999982	epochs	3.0
669.22259025177	0.228937999999971	epochs	3.0
669.45152825177	0.42457039999999324	epochs	2.0
669.45152825177	0.21747140000002219	epochs	3.0
669.66899965177	0.20709899999997106	epochs	3.0
669.87609865177	0.3867354000000205	epochs	2.0
669.87609865177	0.19767109999997956	epochs	3.0
670.07376975177	0.18906430000004093	epochs	3.0
670.26283405177	0.3550953000000163	epochs	2.0
670.26283405177	0.18117589999997108	epochs	3.0
670.44400995177	0.17391940000004524	epochs	3.0
670.61792935177	0.3282431000000088	epochs	2.0
670.61792935177	0.16722189999995862	epochs	3.0
670.78515125177	0.16102120000005016	epochs	3.0
670.94617245177	0.30516799999998057	epochs	2.0
670.94617245177	0.15526389999990897	epochs	3.0
671.10143635177	0.1499041000000716	epochs	3.0
671.25134045177	0.28512530000000424	epochs	2.0
671.25134045177	0.1449020999999675	epochs	3.0
671.39624255177	0.14022320000003674	epochs	3.0
671.53646575177	0.2675537999999733	epochs	2.0
671.53646575177	0.1358368999999584	epochs	3.0
671.67230265177	0.1317169000000149	epochs	3.0
671.80401955177	0.2520229000000427	epochs	2.0
671.80401955177	0.1278393000000051	epochs	3.0
671.93185885177	0.12418360000003759	epochs	3.0
672.05604245177	0.23819649999995818	epochs	2.0
672.05604245177	0.12073109999994358	epochs	3.0
672.17677355177	0.1174654000000146	epochs	3.0
672.29423895177	0.2258087999999816	epochs	2.0
672.29423895177	0.11437190000003739	epochs	3.0
672.40861085177	0.11143689999994422	epochs	3.0
672.52004775177	0.2146460000000161	epochs	2.0
672.52004775177	0.10864890000004834	epochs	3.0
672.62869665177	0.10599709999996776	epochs	3.0
672.73469375177	0.20453499999996438	epochs	2.0
672.73469375177	0.10347149999995509	epochs	3.0
672.83816525177	0.1010635000000093	epochs	3.0
672.93922875177	0.19533400000000256	epochs	2.0
672.93922875177	0.09876510000003691	epochs	3.0
673.03799385177	0.09656889999996565	epochs	3.0
673.13456275177	0.1869253000000981	epochs	2.0
673.13456275177	0.09446830000001682	epochs	3.0
673.22903105177	0.09245700000008128	epochs	3.0
673.3214880517701	0.17921069999999872	epochs	2.0
673.3214880517701	0.09052959999996801	epochs	3.0
673.41201765177	0.08868110000003071	epochs	3.0
673.5006987517701	0.17210769999996955	epochs	2.0
673.5006987517701	0.08690629999989596	epochs	3.0
673.58760505177	0.08520140000007359	epochs	3.0
673.67280645177	0.1655463999999256	epochs	2.0
673.67280645177	0.08356189999994967	epochs	3.0
673.75636835177	0.08198449999997592	epochs	3.0
673.83835285177	0.15946710000002895	epochs	2.0
673.83835285177	0.08046540000009372	epochs	3.0
673.9188182517701	0.07900169999993523	epochs	3.0
673.99781995177	0.15381839999997737	epochs	2.0
673.99781995177	0.07759010000006583	epochs	3.0
674.0754100517701	0.07622829999991154	epochs	3.0
674.15163835177	0.14855640000007497	epochs	2.0
674.15163835177	0.07491330000004837	epochs	3.0
674.22655165177	0.0736431000000266	epochs	3.0
674.30019475177	0.14364239999997608	epochs	2.0
674.30019475177	0.07241499999997814	epochs	3.0
674.37260975177	0.07122739999999794	epochs	3.0
674.44383715177	0.13904309999998077	epochs	2.0
674.44383715177	0.07007799999996678	epochs	3.0
674.51391515177	0.06896510000001399	epochs	3.0
674.58288025177	0.1347293000000036	epochs	2.0
674.58288025177	0.0678871000000072	epochs	3.0
674.65076735177	0.06684219999999641	epochs	3.0
674.71760955177	0.1306752000000415	epochs	2.0
674.71760955177	0.06582909999997355	epochs	3.0
674.78343865177	0.06484610000006796	epochs	3.0
674.84828475177	0.1268577999999252	epochs	2.0
674.84828475177	0.06389200000000983	epochs	3.0
674.9121767517701	0.06296579999991536	epochs	3.0
674.97514255177	0.12325720000001184	epochs	2.0
674.97514255177	0.06206580000002759	epochs	3.0
675.03720835177	0.06119139999998424	epochs	3.0
675.09839975177	0.11985540000000583	epochs	2.0
675.09839975177	0.06034110000007331	epochs	3.0
675.1587408517701	0.05951429999993252	epochs	3.0
675.21825515177	0.11663620000001629	epochs	2.0
675.21825515177	0.05870960000004288	epochs	3.0
675.27696475177	0.057926599999973405	epochs	3.0
675.33489135177	0.11358559999996487	epochs	2.0
675.33489135177	0.05716419999998834	epochs	3.0
675.39205555177	0.05642139999997653	epochs	3.0
675.44847695177	0.11069050000003244	epochs	2.0
675.44847695177	0.055697900000041045	epochs	3.0
675.50417485177	0.0549925999999914	epochs	3.0
675.55916745177	0.1079391000000669	epochs	2.0
675.55916745177	0.05430490000003374	epochs	3.0
675.61347235177	0.05363420000003316	epochs	3.0
675.6671065517701	0.10532149999994544	epochs	2.0
675.6671065517701	0.05297999999993408	epochs	3.0
675.72008655177	0.052341500000011365	epochs	3.0
675.77242805177	0.10282759999995505	epochs	2.0
675.77242805177	0.05171810000001642	epochs	3.0
675.82414615177	0.051109499999938635	epochs	3.0
675.87525565177	0.10044909999999163	epochs	2.0
675.87525565177	0.050514900000052876	epochs	3.0
675.92577055177	0.049934199999938755	epochs	3.0
675.97570475177	0.09817830000008598	epochs	2.0
675.97570475177	0.049366600000098515	epochs	3.0
676.0250713517701	0.04881169999998747	epochs	3.0
676.07388305177	0.09600779999993847	epochs	2.0
676.07388305177	0.04826919999993606	epochs	3.0
676.12215225177	0.04773860000000241	epochs	3.0
676.16989085177	0.09393120000004274	epochs	2.0
676.16989085177	0.04721949999998287	epochs	3.0
676.21711035177	0.046711700000059864	epochs	3.0
676.26382205177	0.09194260000003851	epochs	2.0
676.26382205177	0.046214599999984785	epochs	3.0
676.31003665177	0.045728000000053726	epochs	3.0
676.3557646517701	0.09003629999995155	epochs	2.0
676.3557646517701	0.045251499999949374	epochs	3.0
676.40101615177	0.04478480000000218	epochs	3.0
676.44580095177	0.08820760000003247	epochs	2.0
676.44580095177	0.044327800000019124	epochs	3.0
676.49012875177	0.04387980000001335	epochs	3.0
676.5340085517701	0.0864516999999978	epochs	2.0
676.5340085517701	0.04344099999991613	epochs	3.0
676.57744955177	0.04301070000008167	epochs	3.0
676.62046025177	0.08476429999996071	epochs	2.0
676.62046025177	0.04258899999990717	epochs	3.0
676.66304925177	0.04217530000005354	epochs	3.0
676.70522455177	0.08314150000001064	epochs	2.0
676.70522455177	0.04176970000003166	epochs	3.0
676.74699425177	0.041371799999978975	epochs	3.0
676.78836605177	0.08157970000002024	epochs	2.0
676.78836605177	0.040981399999964196	epochs	3.0
676.82934745177	0.04059830000005604	epochs	3.0
676.86994575177	0.08007550000002084	epochs	2.0
676.86994575177	0.04022229999998217	epochs	3.0
676.91016805177	0.03985320000003867	epochs	3.0
676.9500212517701	0.07862569999997504	epochs	2.0
676.9500212517701	0.0394907999999532	epochs	3.0
676.98951205177	0.039134900000021844	epochs	3.0
677.02864695177	0.07722760000001472	epochs	2.0
677.02864695177	0.03878539999993791	epochs	3.0
677.06743235177	0.03844220000007681	epochs	3.0
677.1058745517701	0.07587819999992007	epochs	2.0
677.1058745517701	0.03810479999992822	epochs	3.0
677.14397935177	0.03777339999999185	epochs	3.0
677.18175275177	0.0745752000000266	epochs	2.0
677.18175275177	0.03744770000002973	epochs	3.0
677.21920045177	0.03712749999999687	epochs	3.0
677.25632795177	0.07331629999998768	epochs	2.0
677.25632795177	0.036812899999972615	epochs	3.0
677.29314085177	0.03650340000001506	epochs	3.0
677.32964425177	0.07209899999998015	epochs	2.0
677.32964425177	0.03619909999997617	epochs	3.0
677.36584335177	0.03589990000000398	epochs	3.0
677.40174325177	0.07092170000009901	epochs	2.0
677.40174325177	0.03560560000005353	epochs	3.0
677.43734885177	0.03531610000004548	epochs	3.0
677.4726649517701	0.0697819999999183	epochs	2.0
677.4726649517701	0.03503119999993487	epochs	3.0
677.50769615177	0.03475079999998343	epochs	3.0
677.54244695177	0.06867859999999837	epochs	2.0
677.54244695177	0.03447510000000875	epochs	3.0
677.57692205177	0.03420349999998962	epochs	3.0
677.61112555177	0.06760930000007193	epochs	2.0
677.61112555177	0.03393620000008468	epochs	3.0
677.6450617517701	0.033673099999987244	epochs	3.0
677.6787348517701	0.06657289999998284	epochs	2.0
677.6787348517701	0.03341399999999339	epochs	3.0
677.71214885177	0.033158899999989444	epochs	3.0
677.74530775177	0.06556779999993978	epochs	2.0
677.74530775177	0.032907700000009754	epochs	3.0
677.77821545177	0.032660099999930026	epochs	3.0
677.81087555177	0.06459260000008271	epochs	2.0
677.81087555177	0.032416399999988244	epochs	3.0
677.84329195177	0.03217620000009447	epochs	3.0
677.8754681517701	0.0636459999999488	epochs	2.0
677.8754681517701	0.03193959999998697	epochs	3.0
677.90740775177	0.03170639999996183	epochs	3.0
677.93911415177	0.0627266999999847	epochs	2.0
677.93911415177	0.03147660000001906	epochs	3.0
677.97059075177	0.03125009999996564	epochs	3.0
678.00184085177	0.06183359999999993	epochs	2.0
678.00184085177	0.031026900000028945	epochs	3.0
678.03286775177	0.030806699999970988	epochs	3.0
678.06367445177	0.06096560000003137	epochs	2.0
678.06367445177	0.030589800000029754	epochs	3.0
678.09426425177	0.030375800000001618	epochs	3.0
678.12464005177	0.06012160000000222	epochs	2.0
678.12464005177	0.030164900000045236	epochs	3.0
678.1548049517701	0.02995669999995698	epochs	3.0
678.18476165177	0.05930069999999432	epochs	2.0
678.18476165177	0.02975159999994048	epochs	3.0
678.21451325177	0.02954910000005384	epochs	3.0
678.24406235177	0.05850180000004457	epochs	2.0
678.24406235177	0.02934940000000097	epochs	3.0
678.27341175177	0.0291524000000436	epochs	3.0
678.3025641517701	0.05772419999993872	epochs	2.0
678.3025641517701	0.028957999999988715	epochs	3.0
678.3315221517701	0.028766199999950004	epochs	3.0
678.36028835177	0.05696709999995164	epochs	2.0
678.36028835177	0.028577000000041153	epochs	3.0
678.38886535177	0.02839009999991049	epochs	3.0
678.41725545177	0.056229500000085864	epochs	2.0
678.41725545177	0.028205700000057732	epochs	3.0
678.44546115177	0.028023800000028132	epochs	3.0
678.47348495177	0.05551070000001346	epochs	2.0
678.47348495177	0.027843999999959124	epochs	3.0
678.50132895177	0.027666700000054334	epochs	3.0
678.5289956517701	0.05481019999990622	epochs	2.0
678.5289956517701	0.02749149999999645	epochs	3.0
678.55648715177	0.027318699999909768	epochs	3.0
678.58380585177	0.05412700000010773	epochs	2.0
678.58380585177	0.02714780000007977	epochs	3.0
678.61095365177	0.02697920000002796	epochs	3.0
678.6379328517701	0.053460699999959616	epochs	2.0
678.6379328517701	0.0268125999999711	epochs	3.0
678.66474545177	0.026648099999988517	epochs	3.0
678.69139355177	0.05281070000000909	epochs	2.0
678.69139355177	0.026485600000000886	epochs	3.0
678.71787915177	0.026325100000008206	epochs	3.0
678.74420425177	0.05217619999996259	epochs	2.0
678.74420425177	0.026166399999965506	epochs	3.0
678.77037065177	0.026009799999997085	epochs	3.0
678.79638045177	0.051556699999991906	epochs	2.0
678.79638045177	0.025854800000047362	epochs	3.0
678.82223525177	0.025701899999944544	epochs	3.0
678.84793715177	0.05095189999997274	epochs	2.0
678.84793715177	0.02555070000005344	epochs	3.0
678.87348785177	0.0254011999999193	epochs	3.0
678.89888905177	0.05036100000006627	epochs	2.0
678.89888905177	0.0252535000000762	epochs	3.0
678.92414255177	0.02510749999999007	epochs	3.0
678.94925005177	0.049783800000000156	epochs	2.0
678.94925005177	0.02496320000000196	epochs	3.0
678.97421325177	0.024820599999998194	epochs	3.0
678.99903385177	0.04921949999993558	epochs	2.0
678.99903385177	0.024679399999968155	epochs	3.0
679.02371325177	0.024540099999967424	epochs	3.0
679.04825335177	0.04866790000005494	epochs	2.0
679.04825335177	0.024402100000088467	epochs	3.0
679.0726554517701	0.024265799999966475	epochs	3.0
679.09692125177	0.04812860000004093	epochs	2.0
679.09692125177	0.024131000000011227	epochs	3.0
679.12105225177	0.023997600000029706	epochs	3.0
679.1450498517701	0.04760109999995166	epochs	2.0
679.1450498517701	0.023865799999953197	epochs	3.0
679.16891565177	0.02373529999999846	epochs	3.0
679.19265095177	0.047085000000038235	epochs	2.0
679.19265095177	0.023606299999983094	epochs	3.0
679.21625725177	0.02347870000005514	epochs	3.0
679.2397359517701	0.046579999999948996	epochs	2.0
679.2397359517701	0.02335249999998723	epochs	3.0
679.26308845177	0.023227499999961765	epochs	3.0
679.28631595177	0.046085700000048746	epochs	2.0
679.28631595177	0.023103999999989355	epochs	3.0
679.30941995177	0.02298170000005939	epochs	3.0
679.33240165177	0.045601799999985815	epochs	2.0
679.33240165177	0.02286069999991014	epochs	3.0
679.35526235177	0.022741100000075676	epochs	3.0
679.37800345177	0.04512790000001132	epochs	2.0
679.37800345177	0.022622500000011314	epochs	3.0
679.40062595177	0.02250540000000001	epochs	3.0
679.42313135177	0.044663799999966614	epochs	2.0
679.42313135177	0.02238929999998618	epochs	3.0
679.44552065177	0.022274499999980435	epochs	3.0
679.46779515177	0.04420919999995476	epochs	2.0
679.46779515177	0.022160800000051495	epochs	3.0
679.4899559517701	0.022048399999903268	epochs	3.0
679.51200435177	0.043763600000033875	epochs	2.0
679.51200435177	0.021936900000014248	epochs	3.0
679.53394125177	0.021826700000019628	epochs	3.0
679.55576795177	0.04332710000005591	epochs	2.0
679.55576795177	0.021717599999988124	epochs	3.0
679.57748555177	0.021609500000067783	epochs	3.0
679.5990950517701	0.042898999999920306	epochs	2.0
679.5990950517701	0.02150249999999687	epochs	3.0
679.6205975517701	0.021396499999923435	epochs	3.0
679.64199405177	0.042479500000013104	epochs	2.0
679.64199405177	0.02129170000000613	epochs	3.0
679.66328575177	0.021187800000006973	epochs	3.0
679.68447355177	0.042067900000006375	epochs	2.0
679.68447355177	0.02108490000000529	epochs	3.0
679.70555845177	0.020983000000001084	epochs	3.0
679.72654145177	0.04166440000005878	epochs	2.0
679.72654145177	0.02088220000007368	epochs	3.0
679.7474236517701	0.020782199999985096	epochs	3.0
679.7682058517701	0.04126850000000104	epochs	2.0
679.7682058517701	0.020683299999973315	epochs	3.0
679.78888915177	0.020585200000027726	epochs	3.0
679.8094743517701	0.040879999999901884	epochs	2.0
679.8094743517701	0.020488099999965925	epochs	3.0
679.82996245177	0.02039189999993596	epochs	3.0
679.85035435177	0.04049880000002304	epochs	2.0
679.85035435177	0.020296600000051512	epochs	3.0
679.87065095177	0.020202199999971526	epochs	3.0
679.89085315177	0.04012460000001283	epochs	2.0
679.89085315177	0.02010870000003706	epochs	3.0
679.91096185177	0.020015899999975773	epochs	3.0
679.93097775177	0.03975730000001931	epochs	2.0
679.93097775177	0.019924199999991288	epochs	3.0
679.95090195177	0.019833100000028026	epochs	3.0
679.97073505177	0.03939669999999751	epochs	2.0
679.97073505177	0.01974299999994855	epochs	3.0
679.99047805177	0.019653700000048957	epochs	3.0
680.01013175177	0.03904239999997117	epochs	2.0
680.01013175177	0.01956510000002254	epochs	3.0
680.02969685177	0.019477299999948627	epochs	3.0
680.04917415177	0.03869459999998526	epochs	2.0
680.04917415177	0.019390400000020236	epochs	3.0
680.06856455177	0.01930419999996502	epochs	3.0
680.08786875177	0.03835290000006353	epochs	2.0
680.08786875177	0.019218800000089686	epochs	3.0
680.1070875517701	0.01913409999997384	epochs	3.0
680.12622165177	0.03801720000001296	epochs	2.0
680.12622165177	0.019050200000037876	epochs	3.0
680.1452718517701	0.018966999999975087	epochs	3.0
680.16423885177	0.03768719999993664	epochs	2.0
680.16423885177	0.01888450000001285	epochs	3.0
680.1831233517701	0.01880269999992379	epochs	3.0
680.20192605177	0.03736309999999321	epochs	2.0
680.20192605177	0.018721700000014607	epochs	3.0
680.22064775177	0.018641399999978603	epochs	3.0
680.23928915177	0.03704430000004777	epochs	2.0
680.23928915177	0.01856159999999818	epochs	3.0
680.25785075177	0.01848270000004959	epochs	3.0
680.27633345177	0.0367310000000316	epochs	2.0
680.27633345177	0.018404300000042895	epochs	3.0
680.2947377517701	0.018326699999988705	epochs	3.0
680.3130644517701	0.03642289999993409	epochs	2.0
680.3130644517701	0.018249599999990096	epochs	3.0
680.33131405177	0.018173299999943993	epochs	3.0
680.34948735177	0.03612010000006194	epochs	2.0
680.34948735177	0.0180976000000328	epochs	3.0
680.36758495177	0.01802250000002914	epochs	3.0
680.38560745177	0.03582209999990482	epochs	2.0
680.38560745177	0.017947899999967376	epochs	3.0
680.40355535177	0.017874199999937446	epochs	3.0
680.42142955177	0.0355290000001105	epochs	2.0
680.42142955177	0.017800800000031813	epochs	3.0
680.43923035177	0.017728200000078687	epochs	3.0
680.4569585517701	0.035240699999917524	epochs	2.0
680.4569585517701	0.017656099999953767	epochs	3.0
680.47461465177	0.017584599999963757	epochs	3.0
680.49219925177	0.034957100000042374	epochs	2.0
680.49219925177	0.01751369999999497	epochs	3.0
680.50971295177	0.017443400000047404	epochs	3.0
680.52715635177	0.03467790000001969	epochs	2.0
680.52715635177	0.017373600000041733	epochs	3.0
680.5445299517701	0.017304299999977957	epochs	3.0
680.56183425177	0.03440330000000813	epochs	2.0
680.56183425177	0.01723570000001473	epochs	3.0
680.5790699517701	0.0171675999999934	epochs	3.0
680.5962375517701	0.03413279999995211	epochs	2.0
680.5962375517701	0.01709989999994832	epochs	3.0
680.61333745177	0.017032900000003792	epochs	3.0
680.63037035177	0.033866699999975935	epochs	2.0
680.63037035177	0.01696640000000116	epochs	3.0
680.64733675177	0.016900299999974777	epochs	3.0
680.66423705177	0.03360459999998966	epochs	2.0
680.66423705177	0.016834800000083305	epochs	3.0
680.6810718517701	0.016769799999906354	epochs	3.0
680.69784165177	0.03334660000007261	epochs	2.0
680.69784165177	0.016705300000012357	epochs	3.0
680.71454695177	0.016641300000060255	epochs	3.0
680.73118825177	0.03309249999995245	epochs	2.0
680.73118825177	0.01657779999993636	epochs	3.0
680.74776605177	0.01651470000001609	epochs	3.0
680.76428075177	0.03284229999997024	epochs	2.0
680.76428075177	0.01645220000000336	epochs	3.0
680.78073295177	0.01639009999996688	epochs	3.0
680.79712305177	0.03259570000000167	epochs	2.0
680.79712305177	0.016328400000020338	epochs	3.0
680.81345145177	0.016267299999981333	epochs	3.0
680.82971875177	0.03235290000009172	epochs	2.0
680.82971875177	0.016206600000032267	epochs	3.0
680.84592535177	0.016146300000059455	epochs	3.0
680.8620716517701	0.03211369999996805	epochs	2.0
680.8620716517701	0.016086599999994178	epochs	3.0
680.8781582517701	0.01602709999997387	epochs	3.0
680.89418535177	0.03187800000000607	epochs	2.0
680.89418535177	0.015968199999974786	epochs	3.0
680.91015355177	0.015909800000031282	epochs	3.0
680.92606335177	0.031645700000012766	epochs	2.0
680.92606335177	0.01585160000001906	epochs	3.0
680.9419149517701	0.015794099999993705	epochs	3.0
680.95770905177	0.031416699999908815	epochs	2.0
680.95770905177	0.01573669999993399	epochs	3.0
680.97344575177	0.015679999999974825	epochs	3.0
680.98912575177	0.031191100000114602	epochs	2.0
680.98912575177	0.015623600000026272	epochs	3.0
681.00474935177	0.01556750000008833	epochs	3.0
681.0203168517701	0.030968699999903038	epochs	2.0
681.0203168517701	0.015511999999944237	epochs	3.0
681.03582885177	0.0154566999999588	epochs	3.0
681.05128555177	0.03074950000006993	epochs	2.0
681.05128555177	0.015401999999994587	epochs	3.0
681.06668755177	0.015347500000075343	epochs	3.0
681.08203505177	0.030533199999922545	epochs	2.0
681.08203505177	0.015293400000018664	epochs	3.0
681.0973284517701	0.01523979999990388	epochs	3.0
681.11256825177	0.03032010000003993	epochs	2.0
681.11256825177	0.015186500000027081	epochs	3.0
681.12775475177	0.015133600000012848	epochs	3.0
681.14288835177	0.030109899999956724	epochs	2.0
681.14288835177	0.015081000000009226	epochs	3.0
681.15796935177	0.015028899999947498	epochs	3.0
681.17299825177	0.02990250000004835	epochs	2.0
681.17299825177	0.014977000000044427	epochs	3.0
681.18797525177	0.014925500000003922	epochs	3.0
681.20290075177	0.029698100000018712	epochs	2.0
681.20290075177	0.014874400000053356	epochs	3.0
681.2177751517701	0.014823699999965356	epochs	3.0
681.23259885177	0.02949630000000525	epochs	2.0
681.23259885177	0.014773200000036013	epochs	3.0
681.2473720517701	0.014723099999969236	epochs	3.0
681.26209515177	0.02929740000001857	epochs	2.0
681.26209515177	0.014673399999992398	epochs	3.0
681.27676855177	0.014624000000026172	epochs	3.0
681.2913925517701	0.029101099999934377	epochs	2.0
681.2913925517701	0.01457489999995687	epochs	3.0
681.30596745177	0.014526199999977507	epochs	3.0
681.32049365177	0.028907399999980044	epochs	2.0
681.32049365177	0.014477700000043114	epochs	3.0
681.33497135177	0.014429699999936929	epochs	3.0
681.34940105177	0.028716200000076242	epochs	2.0
681.34940105177	0.014381800000023759	epochs	3.0
681.36378285177	0.014334400000052483	epochs	3.0
681.37811725177	0.02852759999996124	epochs	2.0
681.37811725177	0.01428720000001249	epochs	3.0
681.3924044517701	0.01424039999994875	epochs	3.0
681.40664485177	0.028341400000044814	epochs	2.0
681.40664485177	0.014193800000043666	epochs	3.0
681.42083865177	0.014147600000001148	epochs	3.0
681.43498625177	0.028157699999951546	epochs	2.0
681.43498625177	0.014101699999969242	epochs	3.0
681.44908795177	0.014055999999982305	epochs	3.0
681.46314395177	0.027976299999977527	epochs	2.0
681.46314395177	0.01401060000000598	epochs	3.0
681.47715455177	0.013965699999971548	epochs	3.0
681.49112025177	0.02779720000000907	epochs	2.0
681.49112025177	0.013920800000050804	epochs	3.0
681.50504105177	0.013876399999958267	epochs	3.0
681.51891745177	0.027620400000046175	epochs	2.0
681.51891745177	0.013832200000024386	epochs	3.0
681.53274965177	0.013788200000021789	epochs	3.0
681.54653785177	0.027445899999975154	epochs	2.0
681.54653785177	0.013744599999995444	epochs	3.0
681.56028245177	0.01370129999997971	epochs	3.0
681.57398375177	0.027273499999978412	epochs	2.0
681.57398375177	0.013658200000008947	epochs	3.0
681.58764195177	0.013615299999969466	epochs	3.0
681.60125725177	0.027103399999987232	epochs	2.0
681.60125725177	0.013572800000019924	epochs	3.0
681.61483005177	0.013530599999967308	epochs	3.0
681.62836065177	0.02693520000002536	epochs	2.0
681.62836065177	0.013488400000028378	epochs	3.0
681.64184905177	0.013446799999996983	epochs	3.0
681.65529585177	0.026769199999989723	epochs	2.0
681.65529585177	0.013405199999965589	epochs	3.0
681.66870105177	0.013364000000024134	epochs	3.0
681.68206505177	0.026605200000062723	epochs	2.0
681.68206505177	0.013322900000048321	epochs	3.0
681.69538795177	0.013282300000014402	epochs	3.0
681.7086702517701	0.026443200000016986	epochs	2.0
681.7086702517701	0.013241699999980483	epochs	3.0
681.72191195177	0.013201500000036503	epochs	3.0
681.7351134517701	0.0262831999999662	epochs	2.0
681.7351134517701	0.01316149999991012	epochs	3.0
681.74827495177	0.01312170000005608	epochs	3.0
681.76139665177	0.02612499999997908	epochs	2.0
681.76139665177	0.013082100000019636	epochs	3.0
681.7744787517701	0.013042899999959445	epochs	3.0
681.78752165177	0.025968899999952555	epochs	2.0
681.78752165177	0.013003899999944224	epochs	3.0
681.80052555177	0.012965000000008331	epochs	3.0
681.81349055177	0.025814500000024054	epochs	2.0
681.81349055177	0.01292640000008305	epochs	3.0
681.82641695177	0.012888099999941005	epochs	3.0
681.83930505177	0.025661900000045534	epochs	2.0
681.83930505177	0.012849899999991976	epochs	3.0
681.85215495177	0.012812000000053558	epochs	3.0
681.86496695177	0.025511199999982637	epochs	2.0
681.86496695177	0.012774400000012065	epochs	3.0
681.87774135177	0.012736799999970572	epochs	3.0
681.89047815177	0.025362299999983406	epochs	2.0
681.89047815177	0.01269969999998466	epochs	3.0
681.90317785177	0.012662599999998747	epochs	3.0
681.91584045177	0.025215000000002874	epochs	2.0
681.91584045177	0.012625800000023446	epochs	3.0
681.92846625177	0.012589199999979428	epochs	3.0
681.94105545177	0.024584799999956886	epochs	2.0
681.96524505177	0.5	epochs	-1.0
681.96564025177	0.5450400000000855	epochs	1.0
682.51068025177	0.45488000000000284	epochs	0.0
683.558000087738	0.054639999999949396	epochs	0.0
683.558000087738	0.02232040000001234	epochs	1.0
683.580320487738	0.0099992000000384	epochs	1.0
683.5903196877381	0.022320399999898655	epochs	1.0
683.612640087738	2.0	epochs	0.0
685.612640087738	21.525120000000015	epochs	0.0
685.612640087738	1.0	epochs	1.0
685.612644887738	0.5	epochs	-1.0
686.112644887738	19.999599999999987	epochs	-1.0
686.612640087738	20.0	epochs	1.0
686.612640087738	4.356753900000058	epochs	-1.0
686.612640087738	1.9745872000000873	epochs	2.0
686.612640087738	1.0985622000000603	epochs	3.0
687.711202287738	0.8760250000000269	epochs	3.0
688.5872272877381	1.352407499999913	epochs	2.0
688.5872272877381	0.7286354999999958	epochs	3.0
689.3158627877381	0.6237719999999172	epochs	3.0
689.939634787738	1.0297592000000577	epochs	2.0
689.939634787738	0.5453293000000485	epochs	3.0
690.484964087738	0.4844299000000092	epochs	3.0
690.969393987738	0.8317862000000105	epochs	2.0
690.969393987738	0.4357763000000432	epochs	3.0
691.4051702877381	0.3960098999999673	epochs	3.0
691.801180187738	0.6977970000000369	epochs	2.0
691.801180187738	0.3628982000000178	epochs	3.0
692.1640783877381	0.33489880000001904	epochs	3.0
692.4989771877381	0.601045699999986	epochs	2.0
692.4989771877381	0.3109122999999272	epochs	3.0
692.809889487738	0.2901334000000588	epochs	3.0
693.1000228877381	0.5278859000000011	epochs	2.0
693.1000228877381	0.2719585999999481	epochs	3.0
693.371981487738	0.25592730000005304	epochs	3.0
693.6279087877381	0.470619299999953	epochs	2.0
693.6279087877381	0.241681299999982	epochs	3.0
693.8695900877381	0.228937999999971	epochs	3.0
694.098528087738	0.42457039999999324	epochs	2.0
694.098528087738	0.21747140000002219	epochs	3.0
694.315999487738	0.20709899999997106	epochs	3.0
694.523098487738	0.3867354000000205	epochs	2.0
694.523098487738	0.19767109999997956	epochs	3.0
694.720769587738	0.18906430000004093	epochs	3.0
694.909833887738	0.3550953000000163	epochs	2.0
694.909833887738	0.18117589999997108	epochs	3.0
695.091009787738	0.17391940000004524	epochs	3.0
695.2649291877381	0.3282431000000088	epochs	2.0
695.2649291877381	0.16722189999995862	epochs	3.0
695.432151087738	0.16102120000005016	epochs	3.0
695.5931722877381	0.30516799999998057	epochs	2.0
695.5931722877381	0.15526389999990897	epochs	3.0
695.748436187738	0.1499041000000716	epochs	3.0
695.898340287738	0.28512530000000424	epochs	2.0
695.898340287738	0.1449020999999675	epochs	3.0
696.043242387738	0.14022320000003674	epochs	3.0
696.183465587738	0.2675537999999733	epochs	2.0
696.183465587738	0.1358368999999584	epochs	3.0
696.319302487738	0.1317169000000149	epochs	3.0
696.451019387738	0.2520229000000427	epochs	2.0
696.451019387738	0.1278393000000051	epochs	3.0
696.578858687738	0.12418360000003759	epochs	3.0
696.7030422877381	0.23819649999995818	epochs	2.0
696.7030422877381	0.12073109999994358	epochs	3.0
696.823773387738	0.1174654000000146	epochs	3.0
696.941238787738	0.2258087999999816	epochs	2.0
696.941238787738	0.11437190000003739	epochs	3.0
697.0556106877381	0.11143689999994422	epochs	3.0
697.167047587738	0.2146460000000161	epochs	2.0
697.167047587738	0.10864890000004834	epochs	3.0
697.2756964877381	0.10599709999996776	epochs	3.0
697.381693587738	0.20453499999996438	epochs	2.0
697.381693587738	0.10347149999995509	epochs	3.0
697.485165087738	0.1010635000000093	epochs	3.0
697.586228587738	0.19533400000000256	epochs	2.0
697.586228587738	0.09876510000003691	epochs	3.0
697.684993687738	0.09656889999996565	epochs	3.0
697.781562587738	0.1869253000000981	epochs	2.0
697.781562587738	0.09446830000001682	epochs	3.0
697.876030887738	0.09245700000008128	epochs	3.0
697.9684878877381	0.17921069999999872	epochs	2.0
697.9684878877381	0.09052959999996801	epochs	3.0
698.0590174877381	0.08868110000003071	epochs	3.0
698.1476985877381	0.17210769999996955	epochs	2.0
698.1476985877381	0.08690629999989596	epochs	3.0
698.234604887738	0.08520140000007359	epochs	3.0
698.3198062877381	0.1655463999999256	epochs	2.0
698.3198062877381	0.08356189999994967	epochs	3.0
698.403368187738	0.08198449999997592	epochs	3.0
698.485352687738	0.15946710000002895	epochs	2.0
698.485352687738	0.08046540000009372	epochs	3.0
698.5658180877381	0.07900169999993523	epochs	3.0
698.644819787738	0.15381839999997737	epochs	2.0
698.644819787738	0.07759010000006583	epochs	3.0
698.7224098877381	0.07622829999991154	epochs	3.0
698.798638187738	0.14855640000007497	epochs	2.0
698.798638187738	0.07491330000004837	epochs	3.0
698.873551487738	0.0736431000000266	epochs	3.0
698.9471945877381	0.14364239999997608	epochs	2.0
698.9471945877381	0.07241499999997814	epochs	3.0
699.019609587738	0.07122739999999794	epochs	3.0
699.090836987738	0.13904309999998077	epochs	2.0
699.090836987738	0.07007799999996678	epochs	3.0
699.160914987738	0.06896510000001399	epochs	3.0
699.229880087738	0.1347293000000036	epochs	2.0
699.229880087738	0.0678871000000072	epochs	3.0
699.297767187738	0.06684219999999641	epochs	3.0
699.364609387738	0.1306752000000415	epochs	2.0
699.364609387738	0.06582909999997355	epochs	3.0
699.430438487738	0.06484610000006796	epochs	3.0
699.4952845877381	0.1268577999999252	epochs	2.0
699.4952845877381	0.06389200000000983	epochs	3.0
699.5591765877381	0.06296579999991536	epochs	3.0
699.622142387738	0.12325720000001184	epochs	2.0
699.622142387738	0.06206580000002759	epochs	3.0
699.684208187738	0.06119139999998424	epochs	3.0
699.745399587738	0.11985540000000583	epochs	2.0
699.745399587738	0.06034110000007331	epochs	3.0
699.8057406877381	0.05951429999993252	epochs	3.0
699.865254987738	0.11663620000001629	epochs	2.0
699.865254987738	0.05870960000004288	epochs	3.0
699.923964587738	0.057926599999973405	epochs	3.0
699.981891187738	0.11358559999996487	epochs	2.0
699.981891187738	0.05716419999998834	epochs	3.0
700.039055387738	0.05642139999997653	epochs	3.0
700.095476787738	0.11069050000003244	epochs	2.0
700.095476787738	0.055697900000041045	epochs	3.0
700.151174687738	0.0549925999999914	epochs	3.0
700.206167287738	0.1079391000000669	epochs	2.0
700.206167287738	0.05430490000003374	epochs	3.0
700.2604721877381	0.05363420000003316	epochs	3.0
700.3141063877381	0.10532149999994544	epochs	2.0
700.3141063877381	0.05297999999993408	epochs	3.0
700.367086387738	0.052341500000011365	epochs	3.0
700.419427887738	0.10282759999995505	epochs	2.0
700.419427887738	0.05171810000001642	epochs	3.0
700.471145987738	0.051109499999938635	epochs	3.0
700.522255487738	0.10044909999999163	epochs	2.0
700.522255487738	0.050514900000052876	epochs	3.0
700.572770387738	0.049934199999938755	epochs	3.0
700.622704587738	0.09817830000008598	epochs	2.0
700.622704587738	0.049366600000098515	epochs	3.0
700.6720711877381	0.04881169999998747	epochs	3.0
700.7208828877381	0.09600779999993847	epochs	2.0
700.7208828877381	0.04826919999993606	epochs	3.0
700.769152087738	0.04773860000000241	epochs	3.0
700.816890687738	0.09393120000004274	epochs	2.0
700.816890687738	0.04721949999998287	epochs	3.0
700.864110187738	0.046711700000059864	epochs	3.0
700.910821887738	0.09194260000003851	epochs	2.0
700.910821887738	0.046214599999984785	epochs	3.0
700.957036487738	0.045728000000053726	epochs	3.0
701.0027644877381	0.09003629999995155	epochs	2.0
701.0027644877381	0.045251499999949374	epochs	3.0
701.048015987738	0.04478480000000218	epochs	3.0
701.092800787738	0.08820760000003247	epochs	2.0
701.092800787738	0.044327800000019124	epochs	3.0
701.1371285877381	0.04387980000001335	epochs	3.0
701.1810083877381	0.0864516999999978	epochs	2.0
701.1810083877381	0.04344099999991613	epochs	3.0
701.224449387738	0.04301070000008167	epochs	3.0
701.2674600877381	0.08476429999996071	epochs	2.0
701.2674600877381	0.04258899999990717	epochs	3.0
701.310049087738	0.04217530000005354	epochs	3.0
701.352224387738	0.08314150000001064	epochs	2.0
701.352224387738	0.04176970000003166	epochs	3.0
701.3939940877381	0.041371799999978975	epochs	3.0
701.435365887738	0.08157970000002024	epochs	2.0
701.435365887738	0.040981399999964196	epochs	3.0
701.476347287738	0.04059830000005604	epochs	3.0
701.5169455877381	0.08007550000002084	epochs	2.0
701.5169455877381	0.04022229999998217	epochs	3.0
701.557167887738	0.03985320000003867	epochs	3.0
701.5970210877381	0.07862569999997504	epochs	2.0
701.5970210877381	0.0394907999999532	epochs	3.0
701.636511887738	0.039134900000021844	epochs	3.0
701.6756467877381	0.07722760000001472	epochs	2.0
701.6756467877381	0.03878539999993791	epochs	3.0
701.714432187738	0.03844220000007681	epochs	3.0
701.7528743877381	0.07587819999992007	epochs	2.0
701.7528743877381	0.03810479999992822	epochs	3.0
701.790979187738	0.03777339999999185	epochs	3.0
701.828752587738	0.0745752000000266	epochs	2.0
701.828752587738	0.03744770000002973	epochs	3.0
701.866200287738	0.03712749999999687	epochs	3.0
701.903327787738	0.07331629999998768	epochs	2.0
701.903327787738	0.036812899999972615	epochs	3.0
701.940140687738	0.03650340000001506	epochs	3.0
701.976644087738	0.07209899999998015	epochs	2.0
701.976644087738	0.03619909999997617	epochs	3.0
702.012843187738	0.03589990000000398	epochs	3.0
702.048743087738	0.07092170000009901	epochs	2.0
702.048743087738	0.03560560000005353	epochs	3.0
702.084348687738	0.03531610000004548	epochs	3.0
702.1196647877381	0.0697819999999183	epochs	2.0
702.1196647877381	0.03503119999993487	epochs	3.0
702.154695987738	0.03475079999998343	epochs	3.0
702.189446787738	0.06867859999999837	epochs	2.0
702.189446787738	0.03447510000000875	epochs	3.0
702.223921887738	0.03420349999998962	epochs	3.0
702.258125387738	0.06760930000007193	epochs	2.0
702.258125387738	0.03393620000008468	epochs	3.0
702.2920615877381	0.033673099999987244	epochs	3.0
702.3257346877381	0.06657289999998284	epochs	2.0
702.3257346877381	0.03341399999999339	epochs	3.0
702.3591486877381	0.033158899999989444	epochs	3.0
702.3923075877381	0.06556779999993978	epochs	2.0
702.3923075877381	0.032907700000009754	epochs	3.0
702.4252152877381	0.032660099999930026	epochs	3.0
702.457875387738	0.06459260000008271	epochs	2.0
702.457875387738	0.032416399999988244	epochs	3.0
702.490291787738	0.03217620000009447	epochs	3.0
702.5224679877381	0.0636459999999488	epochs	2.0
702.5224679877381	0.03193959999998697	epochs	3.0
702.5544075877381	0.03170639999996183	epochs	3.0
702.586113987738	0.0627266999999847	epochs	2.0
702.586113987738	0.03147660000001906	epochs	3.0
702.617590587738	0.03125009999996564	epochs	3.0
702.648840687738	0.06183359999999993	epochs	2.0
702.648840687738	0.031026900000028945	epochs	3.0
702.679867587738	0.030806699999970988	epochs	3.0
702.710674287738	0.06096560000003137	epochs	2.0
702.710674287738	0.030589800000029754	epochs	3.0
702.741264087738	0.030375800000001618	epochs	3.0
702.771639887738	0.06012160000000222	epochs	2.0
702.771639887738	0.030164900000045236	epochs	3.0
702.8018047877381	0.02995669999995698	epochs	3.0
702.831761487738	0.05930069999999432	epochs	2.0
702.831761487738	0.02975159999994048	epochs	3.0
702.861513087738	0.02954910000005384	epochs	3.0
702.891062187738	0.05850180000004457	epochs	2.0
702.891062187738	0.02934940000000097	epochs	3.0
702.920411587738	0.0291524000000436	epochs	3.0
702.9495639877381	0.05772419999993872	epochs	2.0
702.9495639877381	0.028957999999988715	epochs	3.0
702.9785219877381	0.028766199999950004	epochs	3.0
703.007288187738	0.05696709999995164	epochs	2.0
703.007288187738	0.028577000000041153	epochs	3.0
703.0358651877381	0.02839009999991049	epochs	3.0
703.064255287738	0.056229500000085864	epochs	2.0
703.064255287738	0.028205700000057732	epochs	3.0
703.092460987738	0.028023800000028132	epochs	3.0
703.1204847877381	0.05551070000001346	epochs	2.0
703.1204847877381	0.027843999999959124	epochs	3.0
703.148328787738	0.027666700000054334	epochs	3.0
703.1759954877381	0.05481019999990622	epochs	2.0
703.1759954877381	0.02749149999999645	epochs	3.0
703.2034869877381	0.027318699999909768	epochs	3.0
703.230805687738	0.05412700000010773	epochs	2.0
703.230805687738	0.02714780000007977	epochs	3.0
703.2579534877381	0.02697920000002796	epochs	3.0
703.2849326877381	0.053460699999959616	epochs	2.0
703.2849326877381	0.0268125999999711	epochs	3.0
703.3117452877381	0.026648099999988517	epochs	3.0
703.338393387738	0.05281070000000909	epochs	2.0
703.338393387738	0.026485600000000886	epochs	3.0
703.364878987738	0.026325100000008206	epochs	3.0
703.3912040877381	0.05217619999996259	epochs	2.0
703.3912040877381	0.026166399999965506	epochs	3.0
703.417370487738	0.026009799999997085	epochs	3.0
703.443380287738	0.051556699999991906	epochs	2.0
703.443380287738	0.025854800000047362	epochs	3.0
703.4692350877381	0.025701899999944544	epochs	3.0
703.494936987738	0.05095189999997274	epochs	2.0
703.494936987738	0.02555070000005344	epochs	3.0
703.5204876877381	0.0254011999999193	epochs	3.0
703.545888887738	0.05036100000006627	epochs	2.0
703.545888887738	0.0252535000000762	epochs	3.0
703.5711423877381	0.02510749999999007	epochs	3.0
703.596249887738	0.049783800000000156	epochs	2.0
703.596249887738	0.02496320000000196	epochs	3.0
703.621213087738	0.024820599999998194	epochs	3.0
703.646033687738	0.04921949999993558	epochs	2.0
703.646033687738	0.024679399999968155	epochs	3.0
703.670713087738	0.024540099999967424	epochs	3.0
703.695253187738	0.04866790000005494	epochs	2.0
703.695253187738	0.024402100000088467	epochs	3.0
703.7196552877381	0.024265799999966475	epochs	3.0
703.743921087738	0.04812860000004093	epochs	2.0
703.743921087738	0.024131000000011227	epochs	3.0
703.768052087738	0.023997600000029706	epochs	3.0
703.7920496877381	0.04760109999995166	epochs	2.0
703.7920496877381	0.023865799999953197	epochs	3.0
703.815915487738	0.02373529999999846	epochs	3.0
703.839650787738	0.047085000000038235	epochs	2.0
703.839650787738	0.023606299999983094	epochs	3.0
703.863257087738	0.02347870000005514	epochs	3.0
703.8867357877381	0.046579999999948996	epochs	2.0
703.8867357877381	0.02335249999998723	epochs	3.0
703.9100882877381	0.023227499999961765	epochs	3.0
703.933315787738	0.046085700000048746	epochs	2.0
703.933315787738	0.023103999999989355	epochs	3.0
703.956419787738	0.02298170000005939	epochs	3.0
703.9794014877381	0.045601799999985815	epochs	2.0
703.9794014877381	0.02286069999991014	epochs	3.0
704.002262187738	0.022741100000075676	epochs	3.0
704.0250032877381	0.04512790000001132	epochs	2.0
704.0250032877381	0.022622500000011314	epochs	3.0
704.0476257877381	0.02250540000000001	epochs	3.0
704.0701311877381	0.044663799999966614	epochs	2.0
704.0701311877381	0.02238929999998618	epochs	3.0
704.092520487738	0.022274499999980435	epochs	3.0
704.114794987738	0.04420919999995476	epochs	2.0
704.114794987738	0.022160800000051495	epochs	3.0
704.1369557877381	0.022048399999903268	epochs	3.0
704.159004187738	0.043763600000033875	epochs	2.0
704.159004187738	0.021936900000014248	epochs	3.0
704.180941087738	0.021826700000019628	epochs	3.0
704.202767787738	0.04332710000005591	epochs	2.0
704.202767787738	0.021717599999988124	epochs	3.0
704.224485387738	0.021609500000067783	epochs	3.0
704.2460948877381	0.042898999999920306	epochs	2.0
704.2460948877381	0.02150249999999687	epochs	3.0
704.2675973877381	0.021396499999923435	epochs	3.0
704.288993887738	0.042479500000013104	epochs	2.0
704.288993887738	0.02129170000000613	epochs	3.0
704.310285587738	0.021187800000006973	epochs	3.0
704.331473387738	0.042067900000006375	epochs	2.0
704.331473387738	0.02108490000000529	epochs	3.0
704.352558287738	0.020983000000001084	epochs	3.0
704.373541287738	0.04166440000005878	epochs	2.0
704.373541287738	0.02088220000007368	epochs	3.0
704.3944234877381	0.020782199999985096	epochs	3.0
704.4152056877381	0.04126850000000104	epochs	2.0
704.4152056877381	0.020683299999973315	epochs	3.0
704.435888987738	0.020585200000027726	epochs	3.0
704.4564741877381	0.040879999999901884	epochs	2.0
704.4564741877381	0.020488099999965925	epochs	3.0
704.476962287738	0.02039189999993596	epochs	3.0
704.497354187738	0.04049880000002304	epochs	2.0
704.497354187738	0.020296600000051512	epochs	3.0
704.517650787738	0.020202199999971526	epochs	3.0
704.537852987738	0.04012460000001283	epochs	2.0
704.537852987738	0.02010870000003706	epochs	3.0
704.557961687738	0.020015899999975773	epochs	3.0
704.577977587738	0.03975730000001931	epochs	2.0
704.577977587738	0.019924199999991288	epochs	3.0
704.597901787738	0.019833100000028026	epochs	3.0
704.617734887738	0.03939669999999751	epochs	2.0
704.617734887738	0.01974299999994855	epochs	3.0
704.637477887738	0.019653700000048957	epochs	3.0
704.657131587738	0.03904239999997117	epochs	2.0
704.657131587738	0.01956510000002254	epochs	3.0
704.6766966877381	0.019477299999948627	epochs	3.0
704.696173987738	0.03869459999998526	epochs	2.0
704.696173987738	0.019390400000020236	epochs	3.0
704.715564387738	0.01930419999996502	epochs	3.0
704.734868587738	0.03835290000006353	epochs	2.0
704.734868587738	0.019218800000089686	epochs	3.0
704.7540873877381	0.01913409999997384	epochs	3.0
704.773221487738	0.03801720000001296	epochs	2.0
704.773221487738	0.019050200000037876	epochs	3.0
704.7922716877381	0.018966999999975087	epochs	3.0
704.8112386877381	0.03768719999993664	epochs	2.0
704.8112386877381	0.01888450000001285	epochs	3.0
704.8301231877381	0.01880269999992379	epochs	3.0
704.848925887738	0.03736309999999321	epochs	2.0
704.848925887738	0.018721700000014607	epochs	3.0
704.867647587738	0.018641399999978603	epochs	3.0
704.886288987738	0.03704430000004777	epochs	2.0
704.886288987738	0.01856159999999818	epochs	3.0
704.904850587738	0.01848270000004959	epochs	3.0
704.923333287738	0.0367310000000316	epochs	2.0
704.923333287738	0.018404300000042895	epochs	3.0
704.9417375877381	0.018326699999988705	epochs	3.0
704.9600642877381	0.03642289999993409	epochs	2.0
704.9600642877381	0.018249599999990096	epochs	3.0
704.9783138877381	0.018173299999943993	epochs	3.0
704.996487187738	0.03612010000006194	epochs	2.0
704.996487187738	0.0180976000000328	epochs	3.0
705.014584787738	0.01802250000002914	epochs	3.0
705.0326072877381	0.03582209999990482	epochs	2.0
705.0326072877381	0.017947899999967376	epochs	3.0
705.050555187738	0.017874199999937446	epochs	3.0
705.068429387738	0.0355290000001105	epochs	2.0
705.068429387738	0.017800800000031813	epochs	3.0
705.086230187738	0.017728200000078687	epochs	3.0
705.1039583877381	0.035240699999917524	epochs	2.0
705.1039583877381	0.017656099999953767	epochs	3.0
705.121614487738	0.017584599999963757	epochs	3.0
705.139199087738	0.034957100000042374	epochs	2.0
705.139199087738	0.01751369999999497	epochs	3.0
705.156712787738	0.017443400000047404	epochs	3.0
705.174156187738	0.03467790000001969	epochs	2.0
705.174156187738	0.017373600000041733	epochs	3.0
705.1915297877381	0.017304299999977957	epochs	3.0
705.2088340877381	0.03440330000000813	epochs	2.0
705.2088340877381	0.01723570000001473	epochs	3.0
705.2260697877381	0.0171675999999934	epochs	3.0
705.2432373877381	0.03413279999995211	epochs	2.0
705.2432373877381	0.01709989999994832	epochs	3.0
705.260337287738	0.017032900000003792	epochs	3.0
705.277370187738	0.033866699999975935	epochs	2.0
705.277370187738	0.01696640000000116	epochs	3.0
705.294336587738	0.016900299999974777	epochs	3.0
705.311236887738	0.03360459999998966	epochs	2.0
705.311236887738	0.016834800000083305	epochs	3.0
705.3280716877381	0.016769799999906354	epochs	3.0
705.344841487738	0.03334660000007261	epochs	2.0
705.344841487738	0.016705300000012357	epochs	3.0
705.361546787738	0.016641300000060255	epochs	3.0
705.3781880877381	0.03309249999995245	epochs	2.0
705.3781880877381	0.01657779999993636	epochs	3.0
705.394765887738	0.01651470000001609	epochs	3.0
705.411280587738	0.03284229999997024	epochs	2.0
705.411280587738	0.01645220000000336	epochs	3.0
705.427732787738	0.01639009999996688	epochs	3.0
705.444122887738	0.03259570000000167	epochs	2.0
705.444122887738	0.016328400000020338	epochs	3.0
705.460451287738	0.016267299999981333	epochs	3.0
705.476718587738	0.03235290000009172	epochs	2.0
705.476718587738	0.016206600000032267	epochs	3.0
705.492925187738	0.016146300000059455	epochs	3.0
705.5090714877381	0.03211369999996805	epochs	2.0
705.5090714877381	0.016086599999994178	epochs	3.0
705.5251580877381	0.01602709999997387	epochs	3.0
705.541185187738	0.03187800000000607	epochs	2.0
705.541185187738	0.015968199999974786	epochs	3.0
705.557153387738	0.015909800000031282	epochs	3.0
705.5730631877381	0.031645700000012766	epochs	2.0
705.5730631877381	0.01585160000001906	epochs	3.0
705.5889147877381	0.015794099999993705	epochs	3.0
705.6047088877381	0.031416699999908815	epochs	2.0
705.6047088877381	0.01573669999993399	epochs	3.0
705.620445587738	0.015679999999974825	epochs	3.0
705.636125587738	0.031191100000114602	epochs	2.0
705.636125587738	0.015623600000026272	epochs	3.0
705.651749187738	0.01556750000008833	epochs	3.0
705.6673166877381	0.030968699999903038	epochs	2.0
705.6673166877381	0.015511999999944237	epochs	3.0
705.682828687738	0.0154566999999588	epochs	3.0
705.698285387738	0.03074950000006993	epochs	2.0
705.698285387738	0.015401999999994587	epochs	3.0
705.713687387738	0.015347500000075343	epochs	3.0
705.7290348877381	0.030533199999922545	epochs	2.0
705.7290348877381	0.015293400000018664	epochs	3.0
705.7443282877381	0.01523979999990388	epochs	3.0
705.759568087738	0.03032010000003993	epochs	2.0
705.759568087738	0.015186500000027081	epochs	3.0
705.774754587738	0.015133600000012848	epochs	3.0
705.789888187738	0.030109899999956724	epochs	2.0
705.789888187738	0.015081000000009226	epochs	3.0
705.804969187738	0.015028899999947498	epochs	3.0
705.819998087738	0.02990250000004835	epochs	2.0
705.819998087738	0.014977000000044427	epochs	3.0
705.834975087738	0.014925500000003922	epochs	3.0
705.849900587738	0.029698100000018712	epochs	2.0
705.849900587738	0.014874400000053356	epochs	3.0
705.8647749877381	0.014823699999965356	epochs	3.0
705.879598687738	0.02949630000000525	epochs	2.0
705.879598687738	0.014773200000036013	epochs	3.0
705.8943718877381	0.014723099999969236	epochs	3.0
705.9090949877381	0.02929740000001857	epochs	2.0
705.9090949877381	0.014673399999992398	epochs	3.0
705.923768387738	0.014624000000026172	epochs	3.0
705.9383923877381	0.029101099999934377	epochs	2.0
705.9383923877381	0.01457489999995687	epochs	3.0
705.952967287738	0.014526199999977507	epochs	3.0
705.967493487738	0.028907399999980044	epochs	2.0
705.967493487738	0.014477700000043114	epochs	3.0
705.981971187738	0.014429699999936929	epochs	3.0
705.996400887738	0.028716200000076242	epochs	2.0
705.996400887738	0.014381800000023759	epochs	3.0
706.010782687738	0.014334400000052483	epochs	3.0
706.0251170877381	0.02852759999996124	epochs	2.0
706.0251170877381	0.01428720000001249	epochs	3.0
706.0394042877381	0.01424039999994875	epochs	3.0
706.053644687738	0.028341400000044814	epochs	2.0
706.053644687738	0.014193800000043666	epochs	3.0
706.0678384877381	0.014147600000001148	epochs	3.0
706.0819860877381	0.028157699999951546	epochs	2.0
706.0819860877381	0.014101699999969242	epochs	3.0
706.096087787738	0.014055999999982305	epochs	3.0
706.110143787738	0.027976299999977527	epochs	2.0
706.110143787738	0.01401060000000598	epochs	3.0
706.124154387738	0.013965699999971548	epochs	3.0
706.138120087738	0.02779720000000907	epochs	2.0
706.138120087738	0.013920800000050804	epochs	3.0
706.152040887738	0.013876399999958267	epochs	3.0
706.165917287738	0.027620400000046175	epochs	2.0
706.165917287738	0.013832200000024386	epochs	3.0
706.179749487738	0.013788200000021789	epochs	3.0
706.1935376877381	0.027445899999975154	epochs	2.0
706.1935376877381	0.013744599999995444	epochs	3.0
706.207282287738	0.01370129999997971	epochs	3.0
706.220983587738	0.027273499999978412	epochs	2.0
706.220983587738	0.013658200000008947	epochs	3.0
706.234641787738	0.013615299999969466	epochs	3.0
706.248257087738	0.027103399999987232	epochs	2.0
706.248257087738	0.013572800000019924	epochs	3.0
706.261829887738	0.013530599999967308	epochs	3.0
706.275360487738	0.02693520000002536	epochs	2.0
706.275360487738	0.013488400000028378	epochs	3.0
706.288848887738	0.013446799999996983	epochs	3.0
706.302295687738	0.026769199999989723	epochs	2.0
706.302295687738	0.013405199999965589	epochs	3.0
706.315700887738	0.013364000000024134	epochs	3.0
706.329064887738	0.026605200000062723	epochs	2.0
706.329064887738	0.013322900000048321	epochs	3.0
706.3423877877381	0.013282300000014402	epochs	3.0
706.3556700877381	0.026443200000016986	epochs	2.0
706.3556700877381	0.013241699999980483	epochs	3.0
706.368911787738	0.013201500000036503	epochs	3.0
706.3821132877381	0.0262831999999662	epochs	2.0
706.3821132877381	0.01316149999991012	epochs	3.0
706.395274787738	0.01312170000005608	epochs	3.0
706.4083964877381	0.02612499999997908	epochs	2.0
706.4083964877381	0.013082100000019636	epochs	3.0
706.4214785877381	0.013042899999959445	epochs	3.0
706.434521487738	0.025968899999952555	epochs	2.0
706.434521487738	0.013003899999944224	epochs	3.0
706.447525387738	0.012965000000008331	epochs	3.0
706.460490387738	0.025814500000024054	epochs	2.0
706.460490387738	0.01292640000008305	epochs	3.0
706.4734167877381	0.012888099999941005	epochs	3.0
706.486304887738	0.025661900000045534	epochs	2.0
706.486304887738	0.012849899999991976	epochs	3.0
706.499154787738	0.012812000000053558	epochs	3.0
706.5119667877381	0.025511199999982637	epochs	2.0
706.5119667877381	0.012774400000012065	epochs	3.0
706.5247411877381	0.012736799999970572	epochs	3.0
706.537477987738	0.025362299999983406	epochs	2.0
706.537477987738	0.01269969999998466	epochs	3.0
706.550177687738	0.012662599999998747	epochs	3.0
706.562840287738	0.025215000000002874	epochs	2.0
706.562840287738	0.012625800000023446	epochs	3.0
706.575466087738	0.012589199999979428	epochs	3.0
706.588055287738	0.024584799999956886	epochs	2.0
706.612244887738	0.5	epochs	-1.0
706.612640087738	0.5251200000000154	epochs	1.0
707.137760087738	0.47480000000007294	epochs	0.0
708.179000377655	0.054639999999949396	epochs	0.0
708.179000377655	0.02232040000001234	epochs	1.0
708.201320777655	0.0099992000000384	epochs	1.0
708.2113199776551	0.022320399999898655	epochs	1.0
708.233640377655	2.0	epochs	0.0
710.233640377655	21.505359999999996	epochs	0.0
710.233640377655	1.0	epochs	1.0
710.233645177655	0.5	epochs	-1.0
710.733645177655	19.999599999999987	epochs	-1.0
711.233640377655	20.0	epochs	1.0
711.233640377655	4.356753900000058	epochs	-1.0
711.233640377655	1.9745872000000873	epochs	2.0
711.233640377655	1.0985622000000603	epochs	3.0
712.332202577655	0.8760250000000269	epochs	3.0
713.2082275776551	1.352407499999913	epochs	2.0
713.2082275776551	0.7286354999999958	epochs	3.0
713.9368630776551	0.6237719999999172	epochs	3.0
714.560635077655	1.0297592000000577	epochs	2.0
714.560635077655	0.5453293000000485	epochs	3.0
715.105964377655	0.4844299000000092	epochs	3.0
715.590394277655	0.8317862000000105	epochs	2.0
715.590394277655	0.4357763000000432	epochs	3.0
716.0261705776551	0.3960098999999673	epochs	3.0
716.422180477655	0.6977970000000369	epochs	2.0
716.422180477655	0.3628982000000178	epochs	3.0
716.7850786776551	0.33489880000001904	epochs	3.0
717.1199774776551	0.601045699999986	epochs	2.0
717.1199774776551	0.3109122999999272	epochs	3.0
717.430889777655	0.2901334000000588	epochs	3.0
717.7210231776551	0.5278859000000011	epochs	2.0
717.7210231776551	0.2719585999999481	epochs	3.0
717.992981777655	0.25592730000005304	epochs	3.0
718.2489090776551	0.470619299999953	epochs	2.0
718.2489090776551	0.241681299999982	epochs	3.0
718.490590377655	0.228937999999971	epochs	3.0
718.719528377655	0.42457039999999324	epochs	2.0
718.719528377655	0.21747140000002219	epochs	3.0
718.936999777655	0.20709899999997106	epochs	3.0
719.144098777655	0.3867354000000205	epochs	2.0
719.144098777655	0.19767109999997956	epochs	3.0
719.341769877655	0.18906430000004093	epochs	3.0
719.530834177655	0.3550953000000163	epochs	2.0
719.530834177655	0.18117589999997108	epochs	3.0
719.712010077655	0.17391940000004524	epochs	3.0
719.885929477655	0.3282431000000088	epochs	2.0
719.885929477655	0.16722189999995862	epochs	3.0
720.053151377655	0.16102120000005016	epochs	3.0
720.2141725776551	0.30516799999998057	epochs	2.0
720.2141725776551	0.15526389999990897	epochs	3.0
720.369436477655	0.1499041000000716	epochs	3.0
720.519340577655	0.28512530000000424	epochs	2.0
720.519340577655	0.1449020999999675	epochs	3.0
720.664242677655	0.14022320000003674	epochs	3.0
720.804465877655	0.2675537999999733	epochs	2.0
720.804465877655	0.1358368999999584	epochs	3.0
720.940302777655	0.1317169000000149	epochs	3.0
721.072019677655	0.2520229000000427	epochs	2.0
721.072019677655	0.1278393000000051	epochs	3.0
721.199858977655	0.12418360000003759	epochs	3.0
721.3240425776551	0.23819649999995818	epochs	2.0
721.3240425776551	0.12073109999994358	epochs	3.0
721.444773677655	0.1174654000000146	epochs	3.0
721.562239077655	0.2258087999999816	epochs	2.0
721.562239077655	0.11437190000003739	epochs	3.0
721.6766109776551	0.11143689999994422	epochs	3.0
721.788047877655	0.2146460000000161	epochs	2.0
721.788047877655	0.10864890000004834	epochs	3.0
721.896696777655	0.10599709999996776	epochs	3.0
722.002693877655	0.20453499999996438	epochs	2.0
722.002693877655	0.10347149999995509	epochs	3.0
722.106165377655	0.1010635000000093	epochs	3.0
722.207228877655	0.19533400000000256	epochs	2.0
722.207228877655	0.09876510000003691	epochs	3.0
722.305993977655	0.09656889999996565	epochs	3.0
722.402562877655	0.1869253000000981	epochs	2.0
722.402562877655	0.09446830000001682	epochs	3.0
722.497031177655	0.09245700000008128	epochs	3.0
722.5894881776551	0.17921069999999872	epochs	2.0
722.5894881776551	0.09052959999996801	epochs	3.0
722.680017777655	0.08868110000003071	epochs	3.0
722.7686988776551	0.17210769999996955	epochs	2.0
722.7686988776551	0.08690629999989596	epochs	3.0
722.855605177655	0.08520140000007359	epochs	3.0
722.940806577655	0.1655463999999256	epochs	2.0
722.940806577655	0.08356189999994967	epochs	3.0
723.024368477655	0.08198449999997592	epochs	3.0
723.106352977655	0.15946710000002895	epochs	2.0
723.106352977655	0.08046540000009372	epochs	3.0
723.1868183776551	0.07900169999993523	epochs	3.0
723.265820077655	0.15381839999997737	epochs	2.0
723.265820077655	0.07759010000006583	epochs	3.0
723.3434101776551	0.07622829999991154	epochs	3.0
723.419638477655	0.14855640000007497	epochs	2.0
723.419638477655	0.07491330000004837	epochs	3.0
723.494551777655	0.0736431000000266	epochs	3.0
723.5681948776551	0.14364239999997608	epochs	2.0
723.5681948776551	0.07241499999997814	epochs	3.0
723.640609877655	0.07122739999999794	epochs	3.0
723.711837277655	0.13904309999998077	epochs	2.0
723.711837277655	0.07007799999996678	epochs	3.0
723.781915277655	0.06896510000001399	epochs	3.0
723.850880377655	0.1347293000000036	epochs	2.0
723.850880377655	0.0678871000000072	epochs	3.0
723.918767477655	0.06684219999999641	epochs	3.0
723.985609677655	0.1306752000000415	epochs	2.0
723.985609677655	0.06582909999997355	epochs	3.0
724.051438777655	0.06484610000006796	epochs	3.0
724.1162848776551	0.1268577999999252	epochs	2.0
724.1162848776551	0.06389200000000983	epochs	3.0
724.1801768776551	0.06296579999991536	epochs	3.0
724.243142677655	0.12325720000001184	epochs	2.0
724.243142677655	0.06206580000002759	epochs	3.0
724.305208477655	0.06119139999998424	epochs	3.0
724.366399877655	0.11985540000000583	epochs	2.0
724.366399877655	0.06034110000007331	epochs	3.0
724.4267409776551	0.05951429999993252	epochs	3.0
724.486255277655	0.11663620000001629	epochs	2.0
724.486255277655	0.05870960000004288	epochs	3.0
724.544964877655	0.057926599999973405	epochs	3.0
724.602891477655	0.11358559999996487	epochs	2.0
724.602891477655	0.05716419999998834	epochs	3.0
724.660055677655	0.05642139999997653	epochs	3.0
724.716477077655	0.11069050000003244	epochs	2.0
724.716477077655	0.055697900000041045	epochs	3.0
724.772174977655	0.0549925999999914	epochs	3.0
724.827167577655	0.1079391000000669	epochs	2.0
724.827167577655	0.05430490000003374	epochs	3.0
724.881472477655	0.05363420000003316	epochs	3.0
724.9351066776551	0.10532149999994544	epochs	2.0
724.9351066776551	0.05297999999993408	epochs	3.0
724.988086677655	0.052341500000011365	epochs	3.0
725.040428177655	0.10282759999995505	epochs	2.0
725.040428177655	0.05171810000001642	epochs	3.0
725.092146277655	0.051109499999938635	epochs	3.0
725.143255777655	0.10044909999999163	epochs	2.0
725.143255777655	0.050514900000052876	epochs	3.0
725.193770677655	0.049934199999938755	epochs	3.0
725.243704877655	0.09817830000008598	epochs	2.0
725.243704877655	0.049366600000098515	epochs	3.0
725.2930714776551	0.04881169999998747	epochs	3.0
725.3418831776551	0.09600779999993847	epochs	2.0
725.3418831776551	0.04826919999993606	epochs	3.0
725.390152377655	0.04773860000000241	epochs	3.0
725.437890977655	0.09393120000004274	epochs	2.0
725.437890977655	0.04721949999998287	epochs	3.0
725.485110477655	0.046711700000059864	epochs	3.0
725.531822177655	0.09194260000003851	epochs	2.0
725.531822177655	0.046214599999984785	epochs	3.0
725.578036777655	0.045728000000053726	epochs	3.0
725.6237647776551	0.09003629999995155	epochs	2.0
725.6237647776551	0.045251499999949374	epochs	3.0
725.669016277655	0.04478480000000218	epochs	3.0
725.713801077655	0.08820760000003247	epochs	2.0
725.713801077655	0.044327800000019124	epochs	3.0
725.758128877655	0.04387980000001335	epochs	3.0
725.8020086776551	0.0864516999999978	epochs	2.0
725.8020086776551	0.04344099999991613	epochs	3.0
725.845449677655	0.04301070000008167	epochs	3.0
725.8884603776551	0.08476429999996071	epochs	2.0
725.8884603776551	0.04258899999990717	epochs	3.0
725.931049377655	0.04217530000005354	epochs	3.0
725.973224677655	0.08314150000001064	epochs	2.0
725.973224677655	0.04176970000003166	epochs	3.0
726.0149943776551	0.041371799999978975	epochs	3.0
726.056366177655	0.08157970000002024	epochs	2.0
726.056366177655	0.040981399999964196	epochs	3.0
726.097347577655	0.04059830000005604	epochs	3.0
726.137945877655	0.08007550000002084	epochs	2.0
726.137945877655	0.04022229999998217	epochs	3.0
726.178168177655	0.03985320000003867	epochs	3.0
726.2180213776551	0.07862569999997504	epochs	2.0
726.2180213776551	0.0394907999999532	epochs	3.0
726.257512177655	0.039134900000021844	epochs	3.0
726.296647077655	0.07722760000001472	epochs	2.0
726.296647077655	0.03878539999993791	epochs	3.0
726.335432477655	0.03844220000007681	epochs	3.0
726.3738746776551	0.07587819999992007	epochs	2.0
726.3738746776551	0.03810479999992822	epochs	3.0
726.411979477655	0.03777339999999185	epochs	3.0
726.449752877655	0.0745752000000266	epochs	2.0
726.449752877655	0.03744770000002973	epochs	3.0
726.487200577655	0.03712749999999687	epochs	3.0
726.524328077655	0.07331629999998768	epochs	2.0
726.524328077655	0.036812899999972615	epochs	3.0
726.561140977655	0.03650340000001506	epochs	3.0
726.597644377655	0.07209899999998015	epochs	2.0
726.597644377655	0.03619909999997617	epochs	3.0
726.633843477655	0.03589990000000398	epochs	3.0
726.669743377655	0.07092170000009901	epochs	2.0
726.669743377655	0.03560560000005353	epochs	3.0
726.705348977655	0.03531610000004548	epochs	3.0
726.7406650776551	0.0697819999999183	epochs	2.0
726.7406650776551	0.03503119999993487	epochs	3.0
726.775696277655	0.03475079999998343	epochs	3.0
726.810447077655	0.06867859999999837	epochs	2.0
726.810447077655	0.03447510000000875	epochs	3.0
726.844922177655	0.03420349999998962	epochs	3.0
726.879125677655	0.06760930000007193	epochs	2.0
726.879125677655	0.03393620000008468	epochs	3.0
726.9130618776551	0.033673099999987244	epochs	3.0
726.9467349776551	0.06657289999998284	epochs	2.0
726.9467349776551	0.03341399999999339	epochs	3.0
726.9801489776551	0.033158899999989444	epochs	3.0
727.013307877655	0.06556779999993978	epochs	2.0
727.013307877655	0.032907700000009754	epochs	3.0
727.0462155776551	0.032660099999930026	epochs	3.0
727.078875677655	0.06459260000008271	epochs	2.0
727.078875677655	0.032416399999988244	epochs	3.0
727.111292077655	0.03217620000009447	epochs	3.0
727.1434682776551	0.0636459999999488	epochs	2.0
727.1434682776551	0.03193959999998697	epochs	3.0
727.1754078776551	0.03170639999996183	epochs	3.0
727.207114277655	0.0627266999999847	epochs	2.0
727.207114277655	0.03147660000001906	epochs	3.0
727.238590877655	0.03125009999996564	epochs	3.0
727.269840977655	0.06183359999999993	epochs	2.0
727.269840977655	0.031026900000028945	epochs	3.0
727.300867877655	0.030806699999970988	epochs	3.0
727.331674577655	0.06096560000003137	epochs	2.0
727.331674577655	0.030589800000029754	epochs	3.0
727.362264377655	0.030375800000001618	epochs	3.0
727.392640177655	0.06012160000000222	epochs	2.0
727.392640177655	0.030164900000045236	epochs	3.0
727.4228050776551	0.02995669999995698	epochs	3.0
727.452761777655	0.05930069999999432	epochs	2.0
727.452761777655	0.02975159999994048	epochs	3.0
727.482513377655	0.02954910000005384	epochs	3.0
727.512062477655	0.05850180000004457	epochs	2.0
727.512062477655	0.02934940000000097	epochs	3.0
727.541411877655	0.0291524000000436	epochs	3.0
727.5705642776551	0.05772419999993872	epochs	2.0
727.5705642776551	0.028957999999988715	epochs	3.0
727.5995222776551	0.028766199999950004	epochs	3.0
727.628288477655	0.05696709999995164	epochs	2.0
727.628288477655	0.028577000000041153	epochs	3.0
727.6568654776551	0.02839009999991049	epochs	3.0
727.685255577655	0.056229500000085864	epochs	2.0
727.685255577655	0.028205700000057732	epochs	3.0
727.713461277655	0.028023800000028132	epochs	3.0
727.741485077655	0.05551070000001346	epochs	2.0
727.741485077655	0.027843999999959124	epochs	3.0
727.769329077655	0.027666700000054334	epochs	3.0
727.7969957776551	0.05481019999990622	epochs	2.0
727.7969957776551	0.02749149999999645	epochs	3.0
727.8244872776551	0.027318699999909768	epochs	3.0
727.851805977655	0.05412700000010773	epochs	2.0
727.851805977655	0.02714780000007977	epochs	3.0
727.878953777655	0.02697920000002796	epochs	3.0
727.9059329776551	0.053460699999959616	epochs	2.0
727.9059329776551	0.0268125999999711	epochs	3.0
727.932745577655	0.026648099999988517	epochs	3.0
727.959393677655	0.05281070000000909	epochs	2.0
727.959393677655	0.026485600000000886	epochs	3.0
727.985879277655	0.026325100000008206	epochs	3.0
728.012204377655	0.05217619999996259	epochs	2.0
728.012204377655	0.026166399999965506	epochs	3.0
728.038370777655	0.026009799999997085	epochs	3.0
728.064380577655	0.051556699999991906	epochs	2.0
728.064380577655	0.025854800000047362	epochs	3.0
728.0902353776551	0.025701899999944544	epochs	3.0
728.115937277655	0.05095189999997274	epochs	2.0
728.115937277655	0.02555070000005344	epochs	3.0
728.1414879776551	0.0254011999999193	epochs	3.0
728.166889177655	0.05036100000006627	epochs	2.0
728.166889177655	0.0252535000000762	epochs	3.0
728.192142677655	0.02510749999999007	epochs	3.0
728.217250177655	0.049783800000000156	epochs	2.0
728.217250177655	0.02496320000000196	epochs	3.0
728.242213377655	0.024820599999998194	epochs	3.0
728.267033977655	0.04921949999993558	epochs	2.0
728.267033977655	0.024679399999968155	epochs	3.0
728.291713377655	0.024540099999967424	epochs	3.0
728.316253477655	0.04866790000005494	epochs	2.0
728.316253477655	0.024402100000088467	epochs	3.0
728.3406555776551	0.024265799999966475	epochs	3.0
728.364921377655	0.04812860000004093	epochs	2.0
728.364921377655	0.024131000000011227	epochs	3.0
728.389052377655	0.023997600000029706	epochs	3.0
728.4130499776551	0.04760109999995166	epochs	2.0
728.4130499776551	0.023865799999953197	epochs	3.0
728.436915777655	0.02373529999999846	epochs	3.0
728.460651077655	0.047085000000038235	epochs	2.0
728.460651077655	0.023606299999983094	epochs	3.0
728.484257377655	0.02347870000005514	epochs	3.0
728.5077360776551	0.046579999999948996	epochs	2.0
728.5077360776551	0.02335249999998723	epochs	3.0
728.531088577655	0.023227499999961765	epochs	3.0
728.554316077655	0.046085700000048746	epochs	2.0
728.554316077655	0.023103999999989355	epochs	3.0
728.577420077655	0.02298170000005939	epochs	3.0
728.6004017776551	0.045601799999985815	epochs	2.0
728.6004017776551	0.02286069999991014	epochs	3.0
728.623262477655	0.022741100000075676	epochs	3.0
728.646003577655	0.04512790000001132	epochs	2.0
728.646003577655	0.022622500000011314	epochs	3.0
728.6686260776551	0.02250540000000001	epochs	3.0
728.6911314776551	0.044663799999966614	epochs	2.0
728.6911314776551	0.02238929999998618	epochs	3.0
728.713520777655	0.022274499999980435	epochs	3.0
728.735795277655	0.04420919999995476	epochs	2.0
728.735795277655	0.022160800000051495	epochs	3.0
728.7579560776551	0.022048399999903268	epochs	3.0
728.780004477655	0.043763600000033875	epochs	2.0
728.780004477655	0.021936900000014248	epochs	3.0
728.801941377655	0.021826700000019628	epochs	3.0
728.823768077655	0.04332710000005591	epochs	2.0
728.823768077655	0.021717599999988124	epochs	3.0
728.845485677655	0.021609500000067783	epochs	3.0
728.8670951776551	0.042898999999920306	epochs	2.0
728.8670951776551	0.02150249999999687	epochs	3.0
728.8885976776551	0.021396499999923435	epochs	3.0
728.909994177655	0.042479500000013104	epochs	2.0
728.909994177655	0.02129170000000613	epochs	3.0
728.931285877655	0.021187800000006973	epochs	3.0
728.952473677655	0.042067900000006375	epochs	2.0
728.952473677655	0.02108490000000529	epochs	3.0
728.973558577655	0.020983000000001084	epochs	3.0
728.994541577655	0.04166440000005878	epochs	2.0
728.994541577655	0.02088220000007368	epochs	3.0
729.0154237776551	0.020782199999985096	epochs	3.0
729.0362059776551	0.04126850000000104	epochs	2.0
729.0362059776551	0.020683299999973315	epochs	3.0
729.056889277655	0.020585200000027726	epochs	3.0
729.0774744776551	0.040879999999901884	epochs	2.0
729.0774744776551	0.020488099999965925	epochs	3.0
729.097962577655	0.02039189999993596	epochs	3.0
729.118354477655	0.04049880000002304	epochs	2.0
729.118354477655	0.020296600000051512	epochs	3.0
729.138651077655	0.020202199999971526	epochs	3.0
729.158853277655	0.04012460000001283	epochs	2.0
729.158853277655	0.02010870000003706	epochs	3.0
729.178961977655	0.020015899999975773	epochs	3.0
729.198977877655	0.03975730000001931	epochs	2.0
729.198977877655	0.019924199999991288	epochs	3.0
729.218902077655	0.019833100000028026	epochs	3.0
729.238735177655	0.03939669999999751	epochs	2.0
729.238735177655	0.01974299999994855	epochs	3.0
729.258478177655	0.019653700000048957	epochs	3.0
729.278131877655	0.03904239999997117	epochs	2.0
729.278131877655	0.01956510000002254	epochs	3.0
729.297696977655	0.019477299999948627	epochs	3.0
729.317174277655	0.03869459999998526	epochs	2.0
729.317174277655	0.019390400000020236	epochs	3.0
729.336564677655	0.01930419999996502	epochs	3.0
729.355868877655	0.03835290000006353	epochs	2.0
729.355868877655	0.019218800000089686	epochs	3.0
729.3750876776551	0.01913409999997384	epochs	3.0
729.394221777655	0.03801720000001296	epochs	2.0
729.394221777655	0.019050200000037876	epochs	3.0
729.4132719776551	0.018966999999975087	epochs	3.0
729.4322389776551	0.03768719999993664	epochs	2.0
729.4322389776551	0.01888450000001285	epochs	3.0
729.4511234776551	0.01880269999992379	epochs	3.0
729.469926177655	0.03736309999999321	epochs	2.0
729.469926177655	0.018721700000014607	epochs	3.0
729.488647877655	0.018641399999978603	epochs	3.0
729.507289277655	0.03704430000004777	epochs	2.0
729.507289277655	0.01856159999999818	epochs	3.0
729.525850877655	0.01848270000004959	epochs	3.0
729.544333577655	0.0367310000000316	epochs	2.0
729.544333577655	0.018404300000042895	epochs	3.0
729.5627378776551	0.018326699999988705	epochs	3.0
729.5810645776551	0.03642289999993409	epochs	2.0
729.5810645776551	0.018249599999990096	epochs	3.0
729.5993141776551	0.018173299999943993	epochs	3.0
729.617487477655	0.03612010000006194	epochs	2.0
729.617487477655	0.0180976000000328	epochs	3.0
729.635585077655	0.01802250000002914	epochs	3.0
729.6536075776551	0.03582209999990482	epochs	2.0
729.6536075776551	0.017947899999967376	epochs	3.0
729.671555477655	0.017874199999937446	epochs	3.0
729.689429677655	0.0355290000001105	epochs	2.0
729.689429677655	0.017800800000031813	epochs	3.0
729.707230477655	0.017728200000078687	epochs	3.0
729.7249586776551	0.035240699999917524	epochs	2.0
729.7249586776551	0.017656099999953767	epochs	3.0
729.742614777655	0.017584599999963757	epochs	3.0
729.760199377655	0.034957100000042374	epochs	2.0
729.760199377655	0.01751369999999497	epochs	3.0
729.777713077655	0.017443400000047404	epochs	3.0
729.795156477655	0.03467790000001969	epochs	2.0
729.795156477655	0.017373600000041733	epochs	3.0
729.8125300776551	0.017304299999977957	epochs	3.0
729.8298343776551	0.03440330000000813	epochs	2.0
729.8298343776551	0.01723570000001473	epochs	3.0
729.8470700776551	0.0171675999999934	epochs	3.0
729.8642376776551	0.03413279999995211	epochs	2.0
729.8642376776551	0.01709989999994832	epochs	3.0
729.881337577655	0.017032900000003792	epochs	3.0
729.898370477655	0.033866699999975935	epochs	2.0
729.898370477655	0.01696640000000116	epochs	3.0
729.915336877655	0.016900299999974777	epochs	3.0
729.932237177655	0.03360459999998966	epochs	2.0
729.932237177655	0.016834800000083305	epochs	3.0
729.9490719776551	0.016769799999906354	epochs	3.0
729.965841777655	0.03334660000007261	epochs	2.0
729.965841777655	0.016705300000012357	epochs	3.0
729.982547077655	0.016641300000060255	epochs	3.0
729.9991883776551	0.03309249999995245	epochs	2.0
729.9991883776551	0.01657779999993636	epochs	3.0
730.015766177655	0.01651470000001609	epochs	3.0
730.032280877655	0.03284229999997024	epochs	2.0
730.032280877655	0.01645220000000336	epochs	3.0
730.048733077655	0.01639009999996688	epochs	3.0
730.065123177655	0.03259570000000167	epochs	2.0
730.065123177655	0.016328400000020338	epochs	3.0
730.081451577655	0.016267299999981333	epochs	3.0
730.097718877655	0.03235290000009172	epochs	2.0
730.097718877655	0.016206600000032267	epochs	3.0
730.113925477655	0.016146300000059455	epochs	3.0
730.1300717776551	0.03211369999996805	epochs	2.0
730.1300717776551	0.016086599999994178	epochs	3.0
730.1461583776551	0.01602709999997387	epochs	3.0
730.162185477655	0.03187800000000607	epochs	2.0
730.162185477655	0.015968199999974786	epochs	3.0
730.178153677655	0.015909800000031282	epochs	3.0
730.194063477655	0.031645700000012766	epochs	2.0
730.194063477655	0.01585160000001906	epochs	3.0
730.2099150776551	0.015794099999993705	epochs	3.0
730.2257091776551	0.031416699999908815	epochs	2.0
730.2257091776551	0.01573669999993399	epochs	3.0
730.241445877655	0.015679999999974825	epochs	3.0
730.257125877655	0.031191100000114602	epochs	2.0
730.257125877655	0.015623600000026272	epochs	3.0
730.272749477655	0.01556750000008833	epochs	3.0
730.2883169776551	0.030968699999903038	epochs	2.0
730.2883169776551	0.015511999999944237	epochs	3.0
730.303828977655	0.0154566999999588	epochs	3.0
730.319285677655	0.03074950000006993	epochs	2.0
730.319285677655	0.015401999999994587	epochs	3.0
730.334687677655	0.015347500000075343	epochs	3.0
730.3500351776551	0.030533199999922545	epochs	2.0
730.3500351776551	0.015293400000018664	epochs	3.0
730.3653285776551	0.01523979999990388	epochs	3.0
730.380568377655	0.03032010000003993	epochs	2.0
730.380568377655	0.015186500000027081	epochs	3.0
730.395754877655	0.015133600000012848	epochs	3.0
730.410888477655	0.030109899999956724	epochs	2.0
730.410888477655	0.015081000000009226	epochs	3.0
730.425969477655	0.015028899999947498	epochs	3.0
730.440998377655	0.02990250000004835	epochs	2.0
730.440998377655	0.014977000000044427	epochs	3.0
730.455975377655	0.014925500000003922	epochs	3.0
730.470900877655	0.029698100000018712	epochs	2.0
730.470900877655	0.014874400000053356	epochs	3.0
730.4857752776551	0.014823699999965356	epochs	3.0
730.500598977655	0.02949630000000525	epochs	2.0
730.500598977655	0.014773200000036013	epochs	3.0
730.5153721776551	0.014723099999969236	epochs	3.0
730.530095277655	0.02929740000001857	epochs	2.0
730.530095277655	0.014673399999992398	epochs	3.0
730.544768677655	0.014624000000026172	epochs	3.0
730.5593926776551	0.029101099999934377	epochs	2.0
730.5593926776551	0.01457489999995687	epochs	3.0
730.573967577655	0.014526199999977507	epochs	3.0
730.588493777655	0.028907399999980044	epochs	2.0
730.588493777655	0.014477700000043114	epochs	3.0
730.602971477655	0.014429699999936929	epochs	3.0
730.617401177655	0.028716200000076242	epochs	2.0
730.617401177655	0.014381800000023759	epochs	3.0
730.631782977655	0.014334400000052483	epochs	3.0
730.6461173776551	0.02852759999996124	epochs	2.0
730.6461173776551	0.01428720000001249	epochs	3.0
730.6604045776551	0.01424039999994875	epochs	3.0
730.674644977655	0.028341400000044814	epochs	2.0
730.674644977655	0.014193800000043666	epochs	3.0
730.6888387776551	0.014147600000001148	epochs	3.0
730.7029863776551	0.028157699999951546	epochs	2.0
730.7029863776551	0.014101699999969242	epochs	3.0
730.717088077655	0.014055999999982305	epochs	3.0
730.731144077655	0.027976299999977527	epochs	2.0
730.731144077655	0.01401060000000598	epochs	3.0
730.745154677655	0.013965699999971548	epochs	3.0
730.759120377655	0.02779720000000907	epochs	2.0
730.759120377655	0.013920800000050804	epochs	3.0
730.773041177655	0.013876399999958267	epochs	3.0
730.786917577655	0.027620400000046175	epochs	2.0
730.786917577655	0.013832200000024386	epochs	3.0
730.800749777655	0.013788200000021789	epochs	3.0
730.814537977655	0.027445899999975154	epochs	2.0
730.814537977655	0.013744599999995444	epochs	3.0
730.828282577655	0.01370129999997971	epochs	3.0
730.841983877655	0.027273499999978412	epochs	2.0
730.841983877655	0.013658200000008947	epochs	3.0
730.855642077655	0.013615299999969466	epochs	3.0
730.869257377655	0.027103399999987232	epochs	2.0
730.869257377655	0.013572800000019924	epochs	3.0
730.882830177655	0.013530599999967308	epochs	3.0
730.896360777655	0.02693520000002536	epochs	2.0
730.896360777655	0.013488400000028378	epochs	3.0
730.909849177655	0.013446799999996983	epochs	3.0
730.923295977655	0.026769199999989723	epochs	2.0
730.923295977655	0.013405199999965589	epochs	3.0
730.936701177655	0.013364000000024134	epochs	3.0
730.950065177655	0.026605200000062723	epochs	2.0
730.950065177655	0.013322900000048321	epochs	3.0
730.963388077655	0.013282300000014402	epochs	3.0
730.9766703776551	0.026443200000016986	epochs	2.0
730.9766703776551	0.013241699999980483	epochs	3.0
730.989912077655	0.013201500000036503	epochs	3.0
731.0031135776551	0.0262831999999662	epochs	2.0
731.0031135776551	0.01316149999991012	epochs	3.0
731.016275077655	0.01312170000005608	epochs	3.0
731.029396777655	0.02612499999997908	epochs	2.0
731.029396777655	0.013082100000019636	epochs	3.0
731.0424788776551	0.013042899999959445	epochs	3.0
731.055521777655	0.025968899999952555	epochs	2.0
731.055521777655	0.013003899999944224	epochs	3.0
731.068525677655	0.012965000000008331	epochs	3.0
731.081490677655	0.025814500000024054	epochs	2.0
731.081490677655	0.01292640000008305	epochs	3.0
731.0944170776551	0.012888099999941005	epochs	3.0
731.107305177655	0.025661900000045534	epochs	2.0
731.107305177655	0.012849899999991976	epochs	3.0
731.120155077655	0.012812000000053558	epochs	3.0
731.132967077655	0.025511199999982637	epochs	2.0
731.132967077655	0.012774400000012065	epochs	3.0
731.1457414776551	0.012736799999970572	epochs	3.0
731.158478277655	0.025362299999983406	epochs	2.0
731.158478277655	0.01269969999998466	epochs	3.0
731.171177977655	0.012662599999998747	epochs	3.0
731.183840577655	0.025215000000002874	epochs	2.0
731.183840577655	0.012625800000023446	epochs	3.0
731.196466377655	0.012589199999979428	epochs	3.0
731.209055577655	0.024584799999956886	epochs	2.0
731.233245177655	0.5	epochs	-1.0
731.233640377655	0.505359999999996	epochs	1.0
731.739000377655	0.49456000000009226	epochs	0.0
815.9430003166199	0.054639999999949396	epochs	0.0
815.9430003166199	0.02232040000001234	epochs	1.0
815.9653207166199	0.0099992000000384	epochs	1.0
815.9753199166199	0.022320399999898655	epochs	1.0
815.9976403166198	2.0	epochs	0.0
817.9976403166198	5.385040000000004	epochs	0.0
817.9976403166198	1.0	epochs	1.0
817.9976451166199	0.5	epochs	-1.0
818.4976451166199	4.8850351999999475	epochs	-1.0
818.9976403166198	4.385040000000004	epochs	1.0
818.9976403166198	4.356753900000058	epochs	-1.0
818.9976403166198	1.9745872000000873	epochs	2.0
818.9976403166198	1.0985622000000603	epochs	3.0
820.0962025166199	0.8760250000000269	epochs	3.0
820.9722275166199	1.352407499999913	epochs	2.0
820.9722275166199	0.7286354999999958	epochs	3.0
821.7008630166199	0.6237719999999172	epochs	3.0
822.3246350166198	1.0297592000000577	epochs	2.0
822.3246350166198	0.5453293000000485	epochs	3.0
822.8699643166199	0.4844299000000092	epochs	3.0
823.3543942166199	0.02828609999994569	epochs	2.0
823.3543942166199	0.02828609999994569	epochs	3.0
823.3826803166198	16.614880000000085	epochs	0.0
824.4980001449585	0.054639999999949396	epochs	0.0
824.4980001449585	0.02232040000001234	epochs	1.0
824.5203205449585	0.0099992000000384	epochs	1.0
824.5303197449585	0.022320399999898655	epochs	1.0
824.5526401449584	2.0	epochs	0.0
826.5526401449584	5.384960000000092	epochs	0.0
826.5526401449584	1.0	epochs	1.0
826.5526449449585	0.5	epochs	-1.0
827.0526449449585	4.884955200000036	epochs	-1.0
827.5526401449584	4.384960000000092	epochs	1.0
827.5526401449584	4.356753900000058	epochs	-1.0
827.5526401449584	1.9745872000000873	epochs	2.0
827.5526401449584	1.0985622000000603	epochs	3.0
828.6512023449585	0.8760250000000269	epochs	3.0
829.5272273449585	1.352407499999913	epochs	2.0
829.5272273449585	0.7286354999999958	epochs	3.0
830.2558628449585	0.6237719999999172	epochs	3.0
830.8796348449584	1.0297592000000577	epochs	2.0
830.8796348449584	0.5453293000000485	epochs	3.0
831.4249641449585	0.4844299000000092	epochs	3.0
831.9093940449585	0.028206100000033985	epochs	2.0
831.9093940449585	0.028206100000033985	epochs	3.0
831.9376001449585	16.614959999999996	epochs	0.0
832.9980001449585	0.054639999999949396	epochs	0.0
832.9980001449585	0.02232040000001234	epochs	1.0
833.0203205449585	0.0099992000000384	epochs	1.0
833.0303197449585	0.022320399999898655	epochs	1.0
833.0526401449584	2.0	epochs	0.0
835.0526401449584	21.525040000000104	epochs	0.0
835.0526401449584	1.0	epochs	1.0
835.0526449449585	0.5	epochs	-1.0
835.5526449449585	19.999680000000012	epochs	-1.0
836.0526401449584	20.0	epochs	1.0
836.0526401449584	4.356753900000058	epochs	-1.0
836.0526401449584	1.9745872000000873	epochs	2.0
836.0526401449584	1.0985622000000603	epochs	3.0
837.1512023449585	0.8760250000000269	epochs	3.0
838.0272273449585	1.352407499999913	epochs	2.0
838.0272273449585	0.7286354999999958	epochs	3.0
838.7558628449585	0.6237719999999172	epochs	3.0
839.3796348449584	1.0297592000000577	epochs	2.0
839.3796348449584	0.5453293000000485	epochs	3.0
839.9249641449585	0.4844299000000092	epochs	3.0
840.4093940449585	0.8317862000000105	epochs	2.0
840.4093940449585	0.4357763000000432	epochs	3.0
840.8451703449585	0.3960098999999673	epochs	3.0
841.2411802449585	0.6977970000000369	epochs	2.0
841.2411802449585	0.3628982000000178	epochs	3.0
841.6040784449585	0.33489880000001904	epochs	3.0
841.9389772449586	0.601045699999986	epochs	2.0
841.9389772449586	0.3109122999999272	epochs	3.0
842.2498895449585	0.2901334000000588	epochs	3.0
842.5400229449585	0.5278859000000011	epochs	2.0
842.5400229449585	0.2719585999999481	epochs	3.0
842.8119815449585	0.25592730000005304	epochs	3.0
843.0679088449585	0.470619299999953	epochs	2.0
843.0679088449585	0.241681299999982	epochs	3.0
843.3095901449585	0.228937999999971	epochs	3.0
843.5385281449585	0.42457039999999324	epochs	2.0
843.5385281449585	0.21747140000002219	epochs	3.0
843.7559995449585	0.20709899999997106	epochs	3.0
843.9630985449585	0.3867354000000205	epochs	2.0
843.9630985449585	0.19767109999997956	epochs	3.0
844.1607696449585	0.18906430000004093	epochs	3.0
844.3498339449585	0.3550953000000163	epochs	2.0
844.3498339449585	0.18117589999997108	epochs	3.0
844.5310098449585	0.17391940000004524	epochs	3.0
844.7049292449585	0.3282431000000088	epochs	2.0
844.7049292449585	0.16722189999995862	epochs	3.0
844.8721511449585	0.16102120000005016	epochs	3.0
845.0331723449585	0.30516799999998057	epochs	2.0
845.0331723449585	0.15526389999990897	epochs	3.0
845.1884362449584	0.1499041000000716	epochs	3.0
845.3383403449585	0.28512530000000424	epochs	2.0
845.3383403449585	0.1449020999999675	epochs	3.0
845.4832424449585	0.14022320000003674	epochs	3.0
845.6234656449585	0.2675537999999733	epochs	2.0
845.6234656449585	0.1358368999999584	epochs	3.0
845.7593025449585	0.1317169000000149	epochs	3.0
845.8910194449585	0.2520229000000427	epochs	2.0
845.8910194449585	0.1278393000000051	epochs	3.0
846.0188587449585	0.12418360000003759	epochs	3.0
846.1430423449585	0.23819649999995818	epochs	2.0
846.1430423449585	0.12073109999994358	epochs	3.0
846.2637734449585	0.1174654000000146	epochs	3.0
846.3812388449585	0.2258087999999816	epochs	2.0
846.3812388449585	0.11437190000003739	epochs	3.0
846.4956107449585	0.11143689999994422	epochs	3.0
846.6070476449585	0.2146460000000161	epochs	2.0
846.6070476449585	0.10864890000004834	epochs	3.0
846.7156965449585	0.10599709999996776	epochs	3.0
846.8216936449585	0.20453499999996438	epochs	2.0
846.8216936449585	0.10347149999995509	epochs	3.0
846.9251651449584	0.1010635000000093	epochs	3.0
847.0262286449585	0.19533400000000256	epochs	2.0
847.0262286449585	0.09876510000003691	epochs	3.0
847.1249937449585	0.09656889999996565	epochs	3.0
847.2215626449585	0.1869253000000981	epochs	2.0
847.2215626449585	0.09446830000001682	epochs	3.0
847.3160309449585	0.09245700000008128	epochs	3.0
847.4084879449586	0.17921069999999872	epochs	2.0
847.4084879449586	0.09052959999996801	epochs	3.0
847.4990175449585	0.08868110000003071	epochs	3.0
847.5876986449586	0.17210769999996955	epochs	2.0
847.5876986449586	0.08690629999989596	epochs	3.0
847.6746049449584	0.08520140000007359	epochs	3.0
847.7598063449585	0.1655463999999256	epochs	2.0
847.7598063449585	0.08356189999994967	epochs	3.0
847.8433682449585	0.08198449999997592	epochs	3.0
847.9253527449584	0.15946710000002895	epochs	2.0
847.9253527449584	0.08046540000009372	epochs	3.0
848.0058181449585	0.07900169999993523	epochs	3.0
848.0848198449585	0.15381839999997737	epochs	2.0
848.0848198449585	0.07759010000006583	epochs	3.0
848.1624099449585	0.07622829999991154	epochs	3.0
848.2386382449585	0.14855640000007497	epochs	2.0
848.2386382449585	0.07491330000004837	epochs	3.0
848.3135515449585	0.0736431000000266	epochs	3.0
848.3871946449585	0.14364239999997608	epochs	2.0
848.3871946449585	0.07241499999997814	epochs	3.0
848.4596096449585	0.07122739999999794	epochs	3.0
848.5308370449585	0.13904309999998077	epochs	2.0
848.5308370449585	0.07007799999996678	epochs	3.0
848.6009150449585	0.06896510000001399	epochs	3.0
848.6698801449585	0.1347293000000036	epochs	2.0
848.6698801449585	0.0678871000000072	epochs	3.0
848.7377672449585	0.06684219999999641	epochs	3.0
848.8046094449585	0.1306752000000415	epochs	2.0
848.8046094449585	0.06582909999997355	epochs	3.0
848.8704385449585	0.06484610000006796	epochs	3.0
848.9352846449585	0.1268577999999252	epochs	2.0
848.9352846449585	0.06389200000000983	epochs	3.0
848.9991766449585	0.06296579999991536	epochs	3.0
849.0621424449585	0.12325720000001184	epochs	2.0
849.0621424449585	0.06206580000002759	epochs	3.0
849.1242082449585	0.06119139999998424	epochs	3.0
849.1853996449585	0.11985540000000583	epochs	2.0
849.1853996449585	0.06034110000007331	epochs	3.0
849.2457407449585	0.05951429999993252	epochs	3.0
849.3052550449585	0.11663620000001629	epochs	2.0
849.3052550449585	0.05870960000004288	epochs	3.0
849.3639646449585	0.057926599999973405	epochs	3.0
849.4218912449585	0.11358559999996487	epochs	2.0
849.4218912449585	0.05716419999998834	epochs	3.0
849.4790554449585	0.05642139999997653	epochs	3.0
849.5354768449585	0.11069050000003244	epochs	2.0
849.5354768449585	0.055697900000041045	epochs	3.0
849.5911747449585	0.0549925999999914	epochs	3.0
849.6461673449585	0.1079391000000669	epochs	2.0
849.6461673449585	0.05430490000003374	epochs	3.0
849.7004722449585	0.05363420000003316	epochs	3.0
849.7541064449586	0.10532149999994544	epochs	2.0
849.7541064449586	0.05297999999993408	epochs	3.0
849.8070864449585	0.052341500000011365	epochs	3.0
849.8594279449585	0.10282759999995505	epochs	2.0
849.8594279449585	0.05171810000001642	epochs	3.0
849.9111460449585	0.051109499999938635	epochs	3.0
849.9622555449585	0.10044909999999163	epochs	2.0
849.9622555449585	0.050514900000052876	epochs	3.0
850.0127704449585	0.049934199999938755	epochs	3.0
850.0627046449584	0.09817830000008598	epochs	2.0
850.0627046449584	0.049366600000098515	epochs	3.0
850.1120712449585	0.04881169999998747	epochs	3.0
850.1608829449585	0.09600779999993847	epochs	2.0
850.1608829449585	0.04826919999993606	epochs	3.0
850.2091521449585	0.04773860000000241	epochs	3.0
850.2568907449585	0.09393120000004274	epochs	2.0
850.2568907449585	0.04721949999998287	epochs	3.0
850.3041102449585	0.046711700000059864	epochs	3.0
850.3508219449585	0.09194260000003851	epochs	2.0
850.3508219449585	0.046214599999984785	epochs	3.0
850.3970365449585	0.045728000000053726	epochs	3.0
850.4427645449585	0.09003629999995155	epochs	2.0
850.4427645449585	0.045251499999949374	epochs	3.0
850.4880160449585	0.04478480000000218	epochs	3.0
850.5328008449585	0.08820760000003247	epochs	2.0
850.5328008449585	0.044327800000019124	epochs	3.0
850.5771286449585	0.04387980000001335	epochs	3.0
850.6210084449585	0.0864516999999978	epochs	2.0
850.6210084449585	0.04344099999991613	epochs	3.0
850.6644494449584	0.04301070000008167	epochs	3.0
850.7074601449585	0.08476429999996071	epochs	2.0
850.7074601449585	0.04258899999990717	epochs	3.0
850.7500491449584	0.04217530000005354	epochs	3.0
850.7922244449585	0.08314150000001064	epochs	2.0
850.7922244449585	0.04176970000003166	epochs	3.0
850.8339941449585	0.041371799999978975	epochs	3.0
850.8753659449585	0.08157970000002024	epochs	2.0
850.8753659449585	0.040981399999964196	epochs	3.0
850.9163473449585	0.04059830000005604	epochs	3.0
850.9569456449585	0.08007550000002084	epochs	2.0
850.9569456449585	0.04022229999998217	epochs	3.0
850.9971679449585	0.03985320000003867	epochs	3.0
851.0370211449585	0.07862569999997504	epochs	2.0
851.0370211449585	0.0394907999999532	epochs	3.0
851.0765119449585	0.039134900000021844	epochs	3.0
851.1156468449585	0.07722760000001472	epochs	2.0
851.1156468449585	0.03878539999993791	epochs	3.0
851.1544322449585	0.03844220000007681	epochs	3.0
851.1928744449585	0.07587819999992007	epochs	2.0
851.1928744449585	0.03810479999992822	epochs	3.0
851.2309792449585	0.03777339999999185	epochs	3.0
851.2687526449585	0.0745752000000266	epochs	2.0
851.2687526449585	0.03744770000002973	epochs	3.0
851.3062003449585	0.03712749999999687	epochs	3.0
851.3433278449585	0.07331629999998768	epochs	2.0
851.3433278449585	0.036812899999972615	epochs	3.0
851.3801407449585	0.03650340000001506	epochs	3.0
851.4166441449585	0.07209899999998015	epochs	2.0
851.4166441449585	0.03619909999997617	epochs	3.0
851.4528432449584	0.03589990000000398	epochs	3.0
851.4887431449584	0.07092170000009901	epochs	2.0
851.4887431449584	0.03560560000005353	epochs	3.0
851.5243487449585	0.03531610000004548	epochs	3.0
851.5596648449585	0.0697819999999183	epochs	2.0
851.5596648449585	0.03503119999993487	epochs	3.0
851.5946960449585	0.03475079999998343	epochs	3.0
851.6294468449585	0.06867859999999837	epochs	2.0
851.6294468449585	0.03447510000000875	epochs	3.0
851.6639219449585	0.03420349999998962	epochs	3.0
851.6981254449585	0.06760930000007193	epochs	2.0
851.6981254449585	0.03393620000008468	epochs	3.0
851.7320616449585	0.033673099999987244	epochs	3.0
851.7657347449585	0.06657289999998284	epochs	2.0
851.7657347449585	0.03341399999999339	epochs	3.0
851.7991487449585	0.033158899999989444	epochs	3.0
851.8323076449585	0.06556779999993978	epochs	2.0
851.8323076449585	0.032907700000009754	epochs	3.0
851.8652153449585	0.032660099999930026	epochs	3.0
851.8978754449585	0.06459260000008271	epochs	2.0
851.8978754449585	0.032416399999988244	epochs	3.0
851.9302918449584	0.03217620000009447	epochs	3.0
851.9624680449585	0.0636459999999488	epochs	2.0
851.9624680449585	0.03193959999998697	epochs	3.0
851.9944076449585	0.03170639999996183	epochs	3.0
852.0261140449585	0.0627266999999847	epochs	2.0
852.0261140449585	0.03147660000001906	epochs	3.0
852.0575906449585	0.03125009999996564	epochs	3.0
852.0888407449585	0.06183359999999993	epochs	2.0
852.0888407449585	0.031026900000028945	epochs	3.0
852.1198676449585	0.030806699999970988	epochs	3.0
852.1506743449585	0.06096560000003137	epochs	2.0
852.1506743449585	0.030589800000029754	epochs	3.0
852.1812641449585	0.030375800000001618	epochs	3.0
852.2116399449585	0.06012160000000222	epochs	2.0
852.2116399449585	0.030164900000045236	epochs	3.0
852.2418048449586	0.02995669999995698	epochs	3.0
852.2717615449585	0.05930069999999432	epochs	2.0
852.2717615449585	0.02975159999994048	epochs	3.0
852.3015131449584	0.02954910000005384	epochs	3.0
852.3310622449585	0.05850180000004457	epochs	2.0
852.3310622449585	0.02934940000000097	epochs	3.0
852.3604116449585	0.0291524000000436	epochs	3.0
852.3895640449585	0.05772419999993872	epochs	2.0
852.3895640449585	0.028957999999988715	epochs	3.0
852.4185220449585	0.028766199999950004	epochs	3.0
852.4472882449585	0.05696709999995164	epochs	2.0
852.4472882449585	0.028577000000041153	epochs	3.0
852.4758652449585	0.02839009999991049	epochs	3.0
852.5042553449584	0.056229500000085864	epochs	2.0
852.5042553449584	0.028205700000057732	epochs	3.0
852.5324610449585	0.028023800000028132	epochs	3.0
852.5604848449585	0.05551070000001346	epochs	2.0
852.5604848449585	0.027843999999959124	epochs	3.0
852.5883288449585	0.027666700000054334	epochs	3.0
852.6159955449585	0.05481019999990622	epochs	2.0
852.6159955449585	0.02749149999999645	epochs	3.0
852.6434870449585	0.027318699999909768	epochs	3.0
852.6708057449584	0.05412700000010773	epochs	2.0
852.6708057449584	0.02714780000007977	epochs	3.0
852.6979535449585	0.02697920000002796	epochs	3.0
852.7249327449586	0.053460699999959616	epochs	2.0
852.7249327449586	0.0268125999999711	epochs	3.0
852.7517453449585	0.026648099999988517	epochs	3.0
852.7783934449585	0.05281070000000909	epochs	2.0
852.7783934449585	0.026485600000000886	epochs	3.0
852.8048790449585	0.026325100000008206	epochs	3.0
852.8312041449585	0.05217619999996259	epochs	2.0
852.8312041449585	0.026166399999965506	epochs	3.0
852.8573705449585	0.026009799999997085	epochs	3.0
852.8833803449585	0.051556699999991906	epochs	2.0
852.8833803449585	0.025854800000047362	epochs	3.0
852.9092351449585	0.025701899999944544	epochs	3.0
852.9349370449585	0.05095189999997274	epochs	2.0
852.9349370449585	0.02555070000005344	epochs	3.0
852.9604877449585	0.0254011999999193	epochs	3.0
852.9858889449584	0.05036100000006627	epochs	2.0
852.9858889449584	0.0252535000000762	epochs	3.0
853.0111424449585	0.02510749999999007	epochs	3.0
853.0362499449585	0.049783800000000156	epochs	2.0
853.0362499449585	0.02496320000000196	epochs	3.0
853.0612131449585	0.024820599999998194	epochs	3.0
853.0860337449585	0.04921949999993558	epochs	2.0
853.0860337449585	0.024679399999968155	epochs	3.0
853.1107131449585	0.024540099999967424	epochs	3.0
853.1352532449584	0.04866790000005494	epochs	2.0
853.1352532449584	0.024402100000088467	epochs	3.0
853.1596553449585	0.024265799999966475	epochs	3.0
853.1839211449585	0.04812860000004093	epochs	2.0
853.1839211449585	0.024131000000011227	epochs	3.0
853.2080521449585	0.023997600000029706	epochs	3.0
853.2320497449585	0.04760109999995166	epochs	2.0
853.2320497449585	0.023865799999953197	epochs	3.0
853.2559155449585	0.02373529999999846	epochs	3.0
853.2796508449585	0.047085000000038235	epochs	2.0
853.2796508449585	0.023606299999983094	epochs	3.0
853.3032571449585	0.02347870000005514	epochs	3.0
853.3267358449585	0.046579999999948996	epochs	2.0
853.3267358449585	0.02335249999998723	epochs	3.0
853.3500883449585	0.023227499999961765	epochs	3.0
853.3733158449585	0.046085700000048746	epochs	2.0
853.3733158449585	0.023103999999989355	epochs	3.0
853.3964198449585	0.02298170000005939	epochs	3.0
853.4194015449585	0.045601799999985815	epochs	2.0
853.4194015449585	0.02286069999991014	epochs	3.0
853.4422622449584	0.022741100000075676	epochs	3.0
853.4650033449585	0.04512790000001132	epochs	2.0
853.4650033449585	0.022622500000011314	epochs	3.0
853.4876258449585	0.02250540000000001	epochs	3.0
853.5101312449585	0.044663799999966614	epochs	2.0
853.5101312449585	0.02238929999998618	epochs	3.0
853.5325205449585	0.022274499999980435	epochs	3.0
853.5547950449585	0.04420919999995476	epochs	2.0
853.5547950449585	0.022160800000051495	epochs	3.0
853.5769558449585	0.022048399999903268	epochs	3.0
853.5990042449585	0.043763600000033875	epochs	2.0
853.5990042449585	0.021936900000014248	epochs	3.0
853.6209411449585	0.021826700000019628	epochs	3.0
853.6427678449585	0.04332710000005591	epochs	2.0
853.6427678449585	0.021717599999988124	epochs	3.0
853.6644854449585	0.021609500000067783	epochs	3.0
853.6860949449585	0.042898999999920306	epochs	2.0
853.6860949449585	0.02150249999999687	epochs	3.0
853.7075974449585	0.021396499999923435	epochs	3.0
853.7289939449585	0.042479500000013104	epochs	2.0
853.7289939449585	0.02129170000000613	epochs	3.0
853.7502856449585	0.021187800000006973	epochs	3.0
853.7714734449585	0.042067900000006375	epochs	2.0
853.7714734449585	0.02108490000000529	epochs	3.0
853.7925583449585	0.020983000000001084	epochs	3.0
853.8135413449585	0.04166440000005878	epochs	2.0
853.8135413449585	0.02088220000007368	epochs	3.0
853.8344235449586	0.020782199999985096	epochs	3.0
853.8552057449585	0.04126850000000104	epochs	2.0
853.8552057449585	0.020683299999973315	epochs	3.0
853.8758890449585	0.020585200000027726	epochs	3.0
853.8964742449585	0.040879999999901884	epochs	2.0
853.8964742449585	0.020488099999965925	epochs	3.0
853.9169623449585	0.02039189999993596	epochs	3.0
853.9373542449584	0.04049880000002304	epochs	2.0
853.9373542449584	0.020296600000051512	epochs	3.0
853.9576508449585	0.020202199999971526	epochs	3.0
853.9778530449585	0.04012460000001283	epochs	2.0
853.9778530449585	0.02010870000003706	epochs	3.0
853.9979617449585	0.020015899999975773	epochs	3.0
854.0179776449585	0.03975730000001931	epochs	2.0
854.0179776449585	0.019924199999991288	epochs	3.0
854.0379018449585	0.019833100000028026	epochs	3.0
854.0577349449585	0.03939669999999751	epochs	2.0
854.0577349449585	0.01974299999994855	epochs	3.0
854.0774779449584	0.019653700000048957	epochs	3.0
854.0971316449585	0.03904239999997117	epochs	2.0
854.0971316449585	0.01956510000002254	epochs	3.0
854.1166967449585	0.019477299999948627	epochs	3.0
854.1361740449585	0.03869459999998526	epochs	2.0
854.1361740449585	0.019390400000020236	epochs	3.0
854.1555644449585	0.01930419999996502	epochs	3.0
854.1748686449585	0.03835290000006353	epochs	2.0
854.1748686449585	0.019218800000089686	epochs	3.0
854.1940874449585	0.01913409999997384	epochs	3.0
854.2132215449585	0.03801720000001296	epochs	2.0
854.2132215449585	0.019050200000037876	epochs	3.0
854.2322717449586	0.018966999999975087	epochs	3.0
854.2512387449585	0.03768719999993664	epochs	2.0
854.2512387449585	0.01888450000001285	epochs	3.0
854.2701232449585	0.01880269999992379	epochs	3.0
854.2889259449585	0.03736309999999321	epochs	2.0
854.2889259449585	0.018721700000014607	epochs	3.0
854.3076476449585	0.018641399999978603	epochs	3.0
854.3262890449585	0.03704430000004777	epochs	2.0
854.3262890449585	0.01856159999999818	epochs	3.0
854.3448506449585	0.01848270000004959	epochs	3.0
854.3633333449585	0.0367310000000316	epochs	2.0
854.3633333449585	0.018404300000042895	epochs	3.0
854.3817376449585	0.018326699999988705	epochs	3.0
854.4000643449585	0.03642289999993409	epochs	2.0
854.4000643449585	0.018249599999990096	epochs	3.0
854.4183139449585	0.018173299999943993	epochs	3.0
854.4364872449585	0.03612010000006194	epochs	2.0
854.4364872449585	0.0180976000000328	epochs	3.0
854.4545848449585	0.01802250000002914	epochs	3.0
854.4726073449585	0.03582209999990482	epochs	2.0
854.4726073449585	0.017947899999967376	epochs	3.0
854.4905552449585	0.017874199999937446	epochs	3.0
854.5084294449584	0.0355290000001105	epochs	2.0
854.5084294449584	0.017800800000031813	epochs	3.0
854.5262302449585	0.017728200000078687	epochs	3.0
854.5439584449585	0.035240699999917524	epochs	2.0
854.5439584449585	0.017656099999953767	epochs	3.0
854.5616145449585	0.017584599999963757	epochs	3.0
854.5791991449585	0.034957100000042374	epochs	2.0
854.5791991449585	0.01751369999999497	epochs	3.0
854.5967128449585	0.017443400000047404	epochs	3.0
854.6141562449585	0.03467790000001969	epochs	2.0
854.6141562449585	0.017373600000041733	epochs	3.0
854.6315298449585	0.017304299999977957	epochs	3.0
854.6488341449585	0.03440330000000813	epochs	2.0
854.6488341449585	0.01723570000001473	epochs	3.0
854.6660698449585	0.0171675999999934	epochs	3.0
854.6832374449585	0.03413279999995211	epochs	2.0
854.6832374449585	0.01709989999994832	epochs	3.0
854.7003373449585	0.017032900000003792	epochs	3.0
854.7173702449585	0.033866699999975935	epochs	2.0
854.7173702449585	0.01696640000000116	epochs	3.0
854.7343366449585	0.016900299999974777	epochs	3.0
854.7512369449585	0.03360459999998966	epochs	2.0
854.7512369449585	0.016834800000083305	epochs	3.0
854.7680717449585	0.016769799999906354	epochs	3.0
854.7848415449585	0.03334660000007261	epochs	2.0
854.7848415449585	0.016705300000012357	epochs	3.0
854.8015468449585	0.016641300000060255	epochs	3.0
854.8181881449585	0.03309249999995245	epochs	2.0
854.8181881449585	0.01657779999993636	epochs	3.0
854.8347659449585	0.01651470000001609	epochs	3.0
854.8512806449585	0.03284229999997024	epochs	2.0
854.8512806449585	0.01645220000000336	epochs	3.0
854.8677328449585	0.01639009999996688	epochs	3.0
854.8841229449584	0.03259570000000167	epochs	2.0
854.8841229449584	0.016328400000020338	epochs	3.0
854.9004513449585	0.016267299999981333	epochs	3.0
854.9167186449585	0.03235290000009172	epochs	2.0
854.9167186449585	0.016206600000032267	epochs	3.0
854.9329252449585	0.016146300000059455	epochs	3.0
854.9490715449585	0.03211369999996805	epochs	2.0
854.9490715449585	0.016086599999994178	epochs	3.0
854.9651581449585	0.01602709999997387	epochs	3.0
854.9811852449585	0.03187800000000607	epochs	2.0
854.9811852449585	0.015968199999974786	epochs	3.0
854.9971534449585	0.015909800000031282	epochs	3.0
855.0130632449585	0.031645700000012766	epochs	2.0
855.0130632449585	0.01585160000001906	epochs	3.0
855.0289148449585	0.015794099999993705	epochs	3.0
855.0447089449585	0.031416699999908815	epochs	2.0
855.0447089449585	0.01573669999993399	epochs	3.0
855.0604456449585	0.015679999999974825	epochs	3.0
855.0761256449584	0.031191100000114602	epochs	2.0
855.0761256449584	0.015623600000026272	epochs	3.0
855.0917492449585	0.01556750000008833	epochs	3.0
855.1073167449586	0.030968699999903038	epochs	2.0
855.1073167449586	0.015511999999944237	epochs	3.0
855.1228287449585	0.0154566999999588	epochs	3.0
855.1382854449585	0.03074950000006993	epochs	2.0
855.1382854449585	0.015401999999994587	epochs	3.0
855.1536874449585	0.015347500000075343	epochs	3.0
855.1690349449585	0.030533199999922545	epochs	2.0
855.1690349449585	0.015293400000018664	epochs	3.0
855.1843283449585	0.01523979999990388	epochs	3.0
855.1995681449584	0.03032010000003993	epochs	2.0
855.1995681449584	0.015186500000027081	epochs	3.0
855.2147546449585	0.015133600000012848	epochs	3.0
855.2298882449585	0.030109899999956724	epochs	2.0
855.2298882449585	0.015081000000009226	epochs	3.0
855.2449692449585	0.015028899999947498	epochs	3.0
855.2599981449584	0.02990250000004835	epochs	2.0
855.2599981449584	0.014977000000044427	epochs	3.0
855.2749751449585	0.014925500000003922	epochs	3.0
855.2899006449585	0.029698100000018712	epochs	2.0
855.2899006449585	0.014874400000053356	epochs	3.0
855.3047750449585	0.014823699999965356	epochs	3.0
855.3195987449585	0.02949630000000525	epochs	2.0
855.3195987449585	0.014773200000036013	epochs	3.0
855.3343719449585	0.014723099999969236	epochs	3.0
855.3490950449585	0.02929740000001857	epochs	2.0
855.3490950449585	0.014673399999992398	epochs	3.0
855.3637684449585	0.014624000000026172	epochs	3.0
855.3783924449585	0.029101099999934377	epochs	2.0
855.3783924449585	0.01457489999995687	epochs	3.0
855.3929673449585	0.014526199999977507	epochs	3.0
855.4074935449585	0.028907399999980044	epochs	2.0
855.4074935449585	0.014477700000043114	epochs	3.0
855.4219712449585	0.014429699999936929	epochs	3.0
855.4364009449585	0.028716200000076242	epochs	2.0
855.4364009449585	0.014381800000023759	epochs	3.0
855.4507827449585	0.014334400000052483	epochs	3.0
855.4651171449585	0.02852759999996124	epochs	2.0
855.4651171449585	0.01428720000001249	epochs	3.0
855.4794043449585	0.01424039999994875	epochs	3.0
855.4936447449585	0.028341400000044814	epochs	2.0
855.4936447449585	0.014193800000043666	epochs	3.0
855.5078385449585	0.014147600000001148	epochs	3.0
855.5219861449585	0.028157699999951546	epochs	2.0
855.5219861449585	0.014101699999969242	epochs	3.0
855.5360878449585	0.014055999999982305	epochs	3.0
855.5501438449585	0.027976299999977527	epochs	2.0
855.5501438449585	0.01401060000000598	epochs	3.0
855.5641544449585	0.013965699999971548	epochs	3.0
855.5781201449585	0.02779720000000907	epochs	2.0
855.5781201449585	0.013920800000050804	epochs	3.0
855.5920409449585	0.013876399999958267	epochs	3.0
855.6059173449585	0.027620400000046175	epochs	2.0
855.6059173449585	0.013832200000024386	epochs	3.0
855.6197495449585	0.013788200000021789	epochs	3.0
855.6335377449585	0.027445899999975154	epochs	2.0
855.6335377449585	0.013744599999995444	epochs	3.0
855.6472823449585	0.01370129999997971	epochs	3.0
855.6609836449585	0.027273499999978412	epochs	2.0
855.6609836449585	0.013658200000008947	epochs	3.0
855.6746418449585	0.013615299999969466	epochs	3.0
855.6882571449585	0.027103399999987232	epochs	2.0
855.6882571449585	0.013572800000019924	epochs	3.0
855.7018299449585	0.013530599999967308	epochs	3.0
855.7153605449585	0.02693520000002536	epochs	2.0
855.7153605449585	0.013488400000028378	epochs	3.0
855.7288489449585	0.013446799999996983	epochs	3.0
855.7422957449585	0.026769199999989723	epochs	2.0
855.7422957449585	0.013405199999965589	epochs	3.0
855.7557009449584	0.013364000000024134	epochs	3.0
855.7690649449585	0.026605200000062723	epochs	2.0
855.7690649449585	0.013322900000048321	epochs	3.0
855.7823878449585	0.013282300000014402	epochs	3.0
855.7956701449585	0.026443200000016986	epochs	2.0
855.7956701449585	0.013241699999980483	epochs	3.0
855.8089118449585	0.013201500000036503	epochs	3.0
855.8221133449586	0.0262831999999662	epochs	2.0
855.8221133449586	0.01316149999991012	epochs	3.0
855.8352748449585	0.01312170000005608	epochs	3.0
855.8483965449585	0.02612499999997908	epochs	2.0
855.8483965449585	0.013082100000019636	epochs	3.0
855.8614786449585	0.013042899999959445	epochs	3.0
855.8745215449585	0.025968899999952555	epochs	2.0
855.8745215449585	0.013003899999944224	epochs	3.0
855.8875254449584	0.012965000000008331	epochs	3.0
855.9004904449585	0.025814500000024054	epochs	2.0
855.9004904449585	0.01292640000008305	epochs	3.0
855.9134168449585	0.012888099999941005	epochs	3.0
855.9263049449585	0.025661900000045534	epochs	2.0
855.9263049449585	0.012849899999991976	epochs	3.0
855.9391548449585	0.012812000000053558	epochs	3.0
855.9519668449585	0.025511199999982637	epochs	2.0
855.9519668449585	0.012774400000012065	epochs	3.0
855.9647412449585	0.012736799999970572	epochs	3.0
855.9774780449585	0.025362299999983406	epochs	2.0
855.9774780449585	0.01269969999998466	epochs	3.0
855.9901777449585	0.012662599999998747	epochs	3.0
856.0028403449585	0.025215000000002874	epochs	2.0
856.0028403449585	0.012625800000023446	epochs	3.0
856.0154661449585	0.012589199999979428	epochs	3.0
856.0280553449585	0.024584799999956886	epochs	2.0
856.0523249449585	0.5	epochs	-1.0
856.0526401449584	0.5250400000001036	epochs	1.0
856.5776801449585	0.47487999999998465	epochs	0.0
857.6410002708435	0.054639999999949396	epochs	0.0
857.6410002708435	0.02232040000001234	epochs	1.0
857.6633206708435	0.0099992000000384	epochs	1.0
857.6733198708436	0.022320399999898655	epochs	1.0
857.6956402708435	2.0	epochs	0.0
859.6956402708435	21.54496000000006	epochs	0.0
859.6956402708435	1.0	epochs	1.0
859.6956450708435	0.5	epochs	-1.0
860.1956450708435	19.999680000000012	epochs	-1.0
860.6956402708435	20.0	epochs	1.0
860.6956402708435	4.356753900000058	epochs	-1.0
860.6956402708435	1.9745872000000873	epochs	2.0
860.6956402708435	1.0985622000000603	epochs	3.0
861.7942024708435	0.8760250000000269	epochs	3.0
862.6702274708435	1.352407499999913	epochs	2.0
862.6702274708435	0.7286354999999958	epochs	3.0
863.3988629708435	0.6237719999999172	epochs	3.0
864.0226349708435	1.0297592000000577	epochs	2.0
864.0226349708435	0.5453293000000485	epochs	3.0
864.5679642708435	0.4844299000000092	epochs	3.0
865.0523941708435	0.8317862000000105	epochs	2.0
865.0523941708435	0.4357763000000432	epochs	3.0
865.4881704708436	0.3960098999999673	epochs	3.0
865.8841803708435	0.6977970000000369	epochs	2.0
865.8841803708435	0.3628982000000178	epochs	3.0
866.2470785708435	0.33489880000001904	epochs	3.0
866.5819773708436	0.601045699999986	epochs	2.0
866.5819773708436	0.3109122999999272	epochs	3.0
866.8928896708435	0.2901334000000588	epochs	3.0
867.1830230708435	0.5278859000000011	epochs	2.0
867.1830230708435	0.2719585999999481	epochs	3.0
867.4549816708435	0.25592730000005304	epochs	3.0
867.7109089708435	0.470619299999953	epochs	2.0
867.7109089708435	0.241681299999982	epochs	3.0
867.9525902708435	0.228937999999971	epochs	3.0
868.1815282708435	0.42457039999999324	epochs	2.0
868.1815282708435	0.21747140000002219	epochs	3.0
868.3989996708435	0.20709899999997106	epochs	3.0
868.6060986708435	0.3867354000000205	epochs	2.0
868.6060986708435	0.19767109999997956	epochs	3.0
868.8037697708435	0.18906430000004093	epochs	3.0
868.9928340708435	0.3550953000000163	epochs	2.0
868.9928340708435	0.18117589999997108	epochs	3.0
869.1740099708435	0.17391940000004524	epochs	3.0
869.3479293708435	0.3282431000000088	epochs	2.0
869.3479293708435	0.16722189999995862	epochs	3.0
869.5151512708435	0.16102120000005016	epochs	3.0
869.6761724708435	0.30516799999998057	epochs	2.0
869.6761724708435	0.15526389999990897	epochs	3.0
869.8314363708434	0.1499041000000716	epochs	3.0
869.9813404708435	0.28512530000000424	epochs	2.0
869.9813404708435	0.1449020999999675	epochs	3.0
870.1262425708435	0.14022320000003674	epochs	3.0
870.2664657708435	0.2675537999999733	epochs	2.0
870.2664657708435	0.1358368999999584	epochs	3.0
870.4023026708435	0.1317169000000149	epochs	3.0
870.5340195708435	0.2520229000000427	epochs	2.0
870.5340195708435	0.1278393000000051	epochs	3.0
870.6618588708435	0.12418360000003759	epochs	3.0
870.7860424708435	0.23819649999995818	epochs	2.0
870.7860424708435	0.12073109999994358	epochs	3.0
870.9067735708435	0.1174654000000146	epochs	3.0
871.0242389708435	0.2258087999999816	epochs	2.0
871.0242389708435	0.11437190000003739	epochs	3.0
871.1386108708435	0.11143689999994422	epochs	3.0
871.2500477708435	0.2146460000000161	epochs	2.0
871.2500477708435	0.10864890000004834	epochs	3.0
871.3586966708435	0.10599709999996776	epochs	3.0
871.4646937708435	0.20453499999996438	epochs	2.0
871.4646937708435	0.10347149999995509	epochs	3.0
871.5681652708435	0.1010635000000093	epochs	3.0
871.6692287708435	0.19533400000000256	epochs	2.0
871.6692287708435	0.09876510000003691	epochs	3.0
871.7679938708435	0.09656889999996565	epochs	3.0
871.8645627708435	0.1869253000000981	epochs	2.0
871.8645627708435	0.09446830000001682	epochs	3.0
871.9590310708435	0.09245700000008128	epochs	3.0
872.0514880708436	0.17921069999999872	epochs	2.0
872.0514880708436	0.09052959999996801	epochs	3.0
872.1420176708435	0.08868110000003071	epochs	3.0
872.2306987708436	0.17210769999996955	epochs	2.0
872.2306987708436	0.08690629999989596	epochs	3.0
872.3176050708435	0.08520140000007359	epochs	3.0
872.4028064708435	0.1655463999999256	epochs	2.0
872.4028064708435	0.08356189999994967	epochs	3.0
872.4863683708435	0.08198449999997592	epochs	3.0
872.5683528708435	0.15946710000002895	epochs	2.0
872.5683528708435	0.08046540000009372	epochs	3.0
872.6488182708435	0.07900169999993523	epochs	3.0
872.7278199708435	0.15381839999997737	epochs	2.0
872.7278199708435	0.07759010000006583	epochs	3.0
872.8054100708435	0.07622829999991154	epochs	3.0
872.8816383708435	0.14855640000007497	epochs	2.0
872.8816383708435	0.07491330000004837	epochs	3.0
872.9565516708435	0.0736431000000266	epochs	3.0
873.0301947708435	0.14364239999997608	epochs	2.0
873.0301947708435	0.07241499999997814	epochs	3.0
873.1026097708435	0.07122739999999794	epochs	3.0
873.1738371708435	0.13904309999998077	epochs	2.0
873.1738371708435	0.07007799999996678	epochs	3.0
873.2439151708435	0.06896510000001399	epochs	3.0
873.3128802708435	0.1347293000000036	epochs	2.0
873.3128802708435	0.0678871000000072	epochs	3.0
873.3807673708435	0.06684219999999641	epochs	3.0
873.4476095708435	0.1306752000000415	epochs	2.0
873.4476095708435	0.06582909999997355	epochs	3.0
873.5134386708435	0.06484610000006796	epochs	3.0
873.5782847708435	0.1268577999999252	epochs	2.0
873.5782847708435	0.06389200000000983	epochs	3.0
873.6421767708435	0.06296579999991536	epochs	3.0
873.7051425708435	0.12325720000001184	epochs	2.0
873.7051425708435	0.06206580000002759	epochs	3.0
873.7672083708435	0.06119139999998424	epochs	3.0
873.8283997708435	0.11985540000000583	epochs	2.0
873.8283997708435	0.06034110000007331	epochs	3.0
873.8887408708435	0.05951429999993252	epochs	3.0
873.9482551708435	0.11663620000001629	epochs	2.0
873.9482551708435	0.05870960000004288	epochs	3.0
874.0069647708435	0.057926599999973405	epochs	3.0
874.0648913708435	0.11358559999996487	epochs	2.0
874.0648913708435	0.05716419999998834	epochs	3.0
874.1220555708435	0.05642139999997653	epochs	3.0
874.1784769708435	0.11069050000003244	epochs	2.0
874.1784769708435	0.055697900000041045	epochs	3.0
874.2341748708435	0.0549925999999914	epochs	3.0
874.2891674708435	0.1079391000000669	epochs	2.0
874.2891674708435	0.05430490000003374	epochs	3.0
874.3434723708435	0.05363420000003316	epochs	3.0
874.3971065708436	0.10532149999994544	epochs	2.0
874.3971065708436	0.05297999999993408	epochs	3.0
874.4500865708435	0.052341500000011365	epochs	3.0
874.5024280708435	0.10282759999995505	epochs	2.0
874.5024280708435	0.05171810000001642	epochs	3.0
874.5541461708435	0.051109499999938635	epochs	3.0
874.6052556708435	0.10044909999999163	epochs	2.0
874.6052556708435	0.050514900000052876	epochs	3.0
874.6557705708435	0.049934199999938755	epochs	3.0
874.7057047708435	0.09817830000008598	epochs	2.0
874.7057047708435	0.049366600000098515	epochs	3.0
874.7550713708436	0.04881169999998747	epochs	3.0
874.8038830708435	0.09600779999993847	epochs	2.0
874.8038830708435	0.04826919999993606	epochs	3.0
874.8521522708435	0.04773860000000241	epochs	3.0
874.8998908708435	0.09393120000004274	epochs	2.0
874.8998908708435	0.04721949999998287	epochs	3.0
874.9471103708435	0.046711700000059864	epochs	3.0
874.9938220708435	0.09194260000003851	epochs	2.0
874.9938220708435	0.046214599999984785	epochs	3.0
875.0400366708435	0.045728000000053726	epochs	3.0
875.0857646708436	0.09003629999995155	epochs	2.0
875.0857646708436	0.045251499999949374	epochs	3.0
875.1310161708435	0.04478480000000218	epochs	3.0
875.1758009708435	0.08820760000003247	epochs	2.0
875.1758009708435	0.044327800000019124	epochs	3.0
875.2201287708435	0.04387980000001335	epochs	3.0
875.2640085708435	0.0864516999999978	epochs	2.0
875.2640085708435	0.04344099999991613	epochs	3.0
875.3074495708435	0.04301070000008167	epochs	3.0
875.3504602708435	0.08476429999996071	epochs	2.0
875.3504602708435	0.04258899999990717	epochs	3.0
875.3930492708434	0.04217530000005354	epochs	3.0
875.4352245708435	0.08314150000001064	epochs	2.0
875.4352245708435	0.04176970000003166	epochs	3.0
875.4769942708435	0.041371799999978975	epochs	3.0
875.5183660708435	0.08157970000002024	epochs	2.0
875.5183660708435	0.040981399999964196	epochs	3.0
875.5593474708435	0.04059830000005604	epochs	3.0
875.5999457708435	0.08007550000002084	epochs	2.0
875.5999457708435	0.04022229999998217	epochs	3.0
875.6401680708435	0.03985320000003867	epochs	3.0
875.6800212708436	0.07862569999997504	epochs	2.0
875.6800212708436	0.0394907999999532	epochs	3.0
875.7195120708435	0.039134900000021844	epochs	3.0
875.7586469708435	0.07722760000001472	epochs	2.0
875.7586469708435	0.03878539999993791	epochs	3.0
875.7974323708435	0.03844220000007681	epochs	3.0
875.8358745708435	0.07587819999992007	epochs	2.0
875.8358745708435	0.03810479999992822	epochs	3.0
875.8739793708435	0.03777339999999185	epochs	3.0
875.9117527708435	0.0745752000000266	epochs	2.0
875.9117527708435	0.03744770000002973	epochs	3.0
875.9492004708435	0.03712749999999687	epochs	3.0
875.9863279708435	0.07331629999998768	epochs	2.0
875.9863279708435	0.036812899999972615	epochs	3.0
876.0231408708435	0.03650340000001506	epochs	3.0
876.0596442708435	0.07209899999998015	epochs	2.0
876.0596442708435	0.03619909999997617	epochs	3.0
876.0958433708435	0.03589990000000398	epochs	3.0
876.1317432708435	0.07092170000009901	epochs	2.0
876.1317432708435	0.03560560000005353	epochs	3.0
876.1673488708435	0.03531610000004548	epochs	3.0
876.2026649708436	0.0697819999999183	epochs	2.0
876.2026649708436	0.03503119999993487	epochs	3.0
876.2376961708435	0.03475079999998343	epochs	3.0
876.2724469708435	0.06867859999999837	epochs	2.0
876.2724469708435	0.03447510000000875	epochs	3.0
876.3069220708435	0.03420349999998962	epochs	3.0
876.3411255708435	0.06760930000007193	epochs	2.0
876.3411255708435	0.03393620000008468	epochs	3.0
876.3750617708436	0.033673099999987244	epochs	3.0
876.4087348708435	0.06657289999998284	epochs	2.0
876.4087348708435	0.03341399999999339	epochs	3.0
876.4421488708435	0.033158899999989444	epochs	3.0
876.4753077708435	0.06556779999993978	epochs	2.0
876.4753077708435	0.032907700000009754	epochs	3.0
876.5082154708435	0.032660099999930026	epochs	3.0
876.5408755708435	0.06459260000008271	epochs	2.0
876.5408755708435	0.032416399999988244	epochs	3.0
876.5732919708435	0.03217620000009447	epochs	3.0
876.6054681708436	0.0636459999999488	epochs	2.0
876.6054681708436	0.03193959999998697	epochs	3.0
876.6374077708435	0.03170639999996183	epochs	3.0
876.6691141708435	0.0627266999999847	epochs	2.0
876.6691141708435	0.03147660000001906	epochs	3.0
876.7005907708435	0.03125009999996564	epochs	3.0
876.7318408708435	0.06183359999999993	epochs	2.0
876.7318408708435	0.031026900000028945	epochs	3.0
876.7628677708435	0.030806699999970988	epochs	3.0
876.7936744708435	0.06096560000003137	epochs	2.0
876.7936744708435	0.030589800000029754	epochs	3.0
876.8242642708435	0.030375800000001618	epochs	3.0
876.8546400708435	0.06012160000000222	epochs	2.0
876.8546400708435	0.030164900000045236	epochs	3.0
876.8848049708436	0.02995669999995698	epochs	3.0
876.9147616708435	0.05930069999999432	epochs	2.0
876.9147616708435	0.02975159999994048	epochs	3.0
876.9445132708435	0.02954910000005384	epochs	3.0
876.9740623708435	0.05850180000004457	epochs	2.0
876.9740623708435	0.02934940000000097	epochs	3.0
877.0034117708435	0.0291524000000436	epochs	3.0
877.0325641708436	0.05772419999993872	epochs	2.0
877.0325641708436	0.028957999999988715	epochs	3.0
877.0615221708435	0.028766199999950004	epochs	3.0
877.0902883708435	0.05696709999995164	epochs	2.0
877.0902883708435	0.028577000000041153	epochs	3.0
877.1188653708435	0.02839009999991049	epochs	3.0
877.1472554708434	0.056229500000085864	epochs	2.0
877.1472554708434	0.028205700000057732	epochs	3.0
877.1754611708435	0.028023800000028132	epochs	3.0
877.2034849708435	0.05551070000001346	epochs	2.0
877.2034849708435	0.027843999999959124	epochs	3.0
877.2313289708435	0.027666700000054334	epochs	3.0
877.2589956708435	0.05481019999990622	epochs	2.0
877.2589956708435	0.02749149999999645	epochs	3.0
877.2864871708435	0.027318699999909768	epochs	3.0
877.3138058708435	0.05412700000010773	epochs	2.0
877.3138058708435	0.02714780000007977	epochs	3.0
877.3409536708435	0.02697920000002796	epochs	3.0
877.3679328708436	0.053460699999959616	epochs	2.0
877.3679328708436	0.0268125999999711	epochs	3.0
877.3947454708435	0.026648099999988517	epochs	3.0
877.4213935708435	0.05281070000000909	epochs	2.0
877.4213935708435	0.026485600000000886	epochs	3.0
877.4478791708435	0.026325100000008206	epochs	3.0
877.4742042708435	0.05217619999996259	epochs	2.0
877.4742042708435	0.026166399999965506	epochs	3.0
877.5003706708435	0.026009799999997085	epochs	3.0
877.5263804708435	0.051556699999991906	epochs	2.0
877.5263804708435	0.025854800000047362	epochs	3.0
877.5522352708435	0.025701899999944544	epochs	3.0
877.5779371708435	0.05095189999997274	epochs	2.0
877.5779371708435	0.02555070000005344	epochs	3.0
877.6034878708435	0.0254011999999193	epochs	3.0
877.6288890708435	0.05036100000006627	epochs	2.0
877.6288890708435	0.0252535000000762	epochs	3.0
877.6541425708435	0.02510749999999007	epochs	3.0
877.6792500708435	0.049783800000000156	epochs	2.0
877.6792500708435	0.02496320000000196	epochs	3.0
877.7042132708435	0.024820599999998194	epochs	3.0
877.7290338708435	0.04921949999993558	epochs	2.0
877.7290338708435	0.024679399999968155	epochs	3.0
877.7537132708435	0.024540099999967424	epochs	3.0
877.7782533708435	0.04866790000005494	epochs	2.0
877.7782533708435	0.024402100000088467	epochs	3.0
877.8026554708435	0.024265799999966475	epochs	3.0
877.8269212708435	0.04812860000004093	epochs	2.0
877.8269212708435	0.024131000000011227	epochs	3.0
877.8510522708435	0.023997600000029706	epochs	3.0
877.8750498708436	0.04760109999995166	epochs	2.0
877.8750498708436	0.023865799999953197	epochs	3.0
877.8989156708435	0.02373529999999846	epochs	3.0
877.9226509708435	0.047085000000038235	epochs	2.0
877.9226509708435	0.023606299999983094	epochs	3.0
877.9462572708435	0.02347870000005514	epochs	3.0
877.9697359708435	0.046579999999948996	epochs	2.0
877.9697359708435	0.02335249999998723	epochs	3.0
877.9930884708435	0.023227499999961765	epochs	3.0
878.0163159708435	0.046085700000048746	epochs	2.0
878.0163159708435	0.023103999999989355	epochs	3.0
878.0394199708435	0.02298170000005939	epochs	3.0
878.0624016708435	0.045601799999985815	epochs	2.0
878.0624016708435	0.02286069999991014	epochs	3.0
878.0852623708435	0.022741100000075676	epochs	3.0
878.1080034708435	0.04512790000001132	epochs	2.0
878.1080034708435	0.022622500000011314	epochs	3.0
878.1306259708435	0.02250540000000001	epochs	3.0
878.1531313708435	0.044663799999966614	epochs	2.0
878.1531313708435	0.02238929999998618	epochs	3.0
878.1755206708435	0.022274499999980435	epochs	3.0
878.1977951708435	0.04420919999995476	epochs	2.0
878.1977951708435	0.022160800000051495	epochs	3.0
878.2199559708436	0.022048399999903268	epochs	3.0
878.2420043708435	0.043763600000033875	epochs	2.0
878.2420043708435	0.021936900000014248	epochs	3.0
878.2639412708435	0.021826700000019628	epochs	3.0
878.2857679708435	0.04332710000005591	epochs	2.0
878.2857679708435	0.021717599999988124	epochs	3.0
878.3074855708435	0.021609500000067783	epochs	3.0
878.3290950708436	0.042898999999920306	epochs	2.0
878.3290950708436	0.02150249999999687	epochs	3.0
878.3505975708435	0.021396499999923435	epochs	3.0
878.3719940708435	0.042479500000013104	epochs	2.0
878.3719940708435	0.02129170000000613	epochs	3.0
878.3932857708435	0.021187800000006973	epochs	3.0
878.4144735708435	0.042067900000006375	epochs	2.0
878.4144735708435	0.02108490000000529	epochs	3.0
878.4355584708435	0.020983000000001084	epochs	3.0
878.4565414708435	0.04166440000005878	epochs	2.0
878.4565414708435	0.02088220000007368	epochs	3.0
878.4774236708436	0.020782199999985096	epochs	3.0
878.4982058708435	0.04126850000000104	epochs	2.0
878.4982058708435	0.020683299999973315	epochs	3.0
878.5188891708435	0.020585200000027726	epochs	3.0
878.5394743708435	0.040879999999901884	epochs	2.0
878.5394743708435	0.020488099999965925	epochs	3.0
878.5599624708435	0.02039189999993596	epochs	3.0
878.5803543708435	0.04049880000002304	epochs	2.0
878.5803543708435	0.020296600000051512	epochs	3.0
878.6006509708435	0.020202199999971526	epochs	3.0
878.6208531708435	0.04012460000001283	epochs	2.0
878.6208531708435	0.02010870000003706	epochs	3.0
878.6409618708435	0.020015899999975773	epochs	3.0
878.6609777708435	0.03975730000001931	epochs	2.0
878.6609777708435	0.019924199999991288	epochs	3.0
878.6809019708435	0.019833100000028026	epochs	3.0
878.7007350708435	0.03939669999999751	epochs	2.0
878.7007350708435	0.01974299999994855	epochs	3.0
878.7204780708435	0.019653700000048957	epochs	3.0
878.7401317708435	0.03904239999997117	epochs	2.0
878.7401317708435	0.01956510000002254	epochs	3.0
878.7596968708435	0.019477299999948627	epochs	3.0
878.7791741708435	0.03869459999998526	epochs	2.0
878.7791741708435	0.019390400000020236	epochs	3.0
878.7985645708435	0.01930419999996502	epochs	3.0
878.8178687708435	0.03835290000006353	epochs	2.0
878.8178687708435	0.019218800000089686	epochs	3.0
878.8370875708436	0.01913409999997384	epochs	3.0
878.8562216708435	0.03801720000001296	epochs	2.0
878.8562216708435	0.019050200000037876	epochs	3.0
878.8752718708436	0.018966999999975087	epochs	3.0
878.8942388708435	0.03768719999993664	epochs	2.0
878.8942388708435	0.01888450000001285	epochs	3.0
878.9131233708436	0.01880269999992379	epochs	3.0
878.9319260708435	0.03736309999999321	epochs	2.0
878.9319260708435	0.018721700000014607	epochs	3.0
878.9506477708435	0.018641399999978603	epochs	3.0
878.9692891708435	0.03704430000004777	epochs	2.0
878.9692891708435	0.01856159999999818	epochs	3.0
878.9878507708435	0.01848270000004959	epochs	3.0
879.0063334708435	0.0367310000000316	epochs	2.0
879.0063334708435	0.018404300000042895	epochs	3.0
879.0247377708436	0.018326699999988705	epochs	3.0
879.0430644708435	0.03642289999993409	epochs	2.0
879.0430644708435	0.018249599999990096	epochs	3.0
879.0613140708435	0.018173299999943993	epochs	3.0
879.0794873708435	0.03612010000006194	epochs	2.0
879.0794873708435	0.0180976000000328	epochs	3.0
879.0975849708435	0.01802250000002914	epochs	3.0
879.1156074708435	0.03582209999990482	epochs	2.0
879.1156074708435	0.017947899999967376	epochs	3.0
879.1335553708435	0.017874199999937446	epochs	3.0
879.1514295708434	0.0355290000001105	epochs	2.0
879.1514295708434	0.017800800000031813	epochs	3.0
879.1692303708435	0.017728200000078687	epochs	3.0
879.1869585708436	0.035240699999917524	epochs	2.0
879.1869585708436	0.017656099999953767	epochs	3.0
879.2046146708435	0.017584599999963757	epochs	3.0
879.2221992708435	0.034957100000042374	epochs	2.0
879.2221992708435	0.01751369999999497	epochs	3.0
879.2397129708435	0.017443400000047404	epochs	3.0
879.2571563708435	0.03467790000001969	epochs	2.0
879.2571563708435	0.017373600000041733	epochs	3.0
879.2745299708436	0.017304299999977957	epochs	3.0
879.2918342708435	0.03440330000000813	epochs	2.0
879.2918342708435	0.01723570000001473	epochs	3.0
879.3090699708436	0.0171675999999934	epochs	3.0
879.3262375708435	0.03413279999995211	epochs	2.0
879.3262375708435	0.01709989999994832	epochs	3.0
879.3433374708435	0.017032900000003792	epochs	3.0
879.3603703708435	0.033866699999975935	epochs	2.0
879.3603703708435	0.01696640000000116	epochs	3.0
879.3773367708435	0.016900299999974777	epochs	3.0
879.3942370708435	0.03360459999998966	epochs	2.0
879.3942370708435	0.016834800000083305	epochs	3.0
879.4110718708436	0.016769799999906354	epochs	3.0
879.4278416708435	0.03334660000007261	epochs	2.0
879.4278416708435	0.016705300000012357	epochs	3.0
879.4445469708435	0.016641300000060255	epochs	3.0
879.4611882708435	0.03309249999995245	epochs	2.0
879.4611882708435	0.01657779999993636	epochs	3.0
879.4777660708435	0.01651470000001609	epochs	3.0
879.4942807708435	0.03284229999997024	epochs	2.0
879.4942807708435	0.01645220000000336	epochs	3.0
879.5107329708435	0.01639009999996688	epochs	3.0
879.5271230708435	0.03259570000000167	epochs	2.0
879.5271230708435	0.016328400000020338	epochs	3.0
879.5434514708435	0.016267299999981333	epochs	3.0
879.5597187708435	0.03235290000009172	epochs	2.0
879.5597187708435	0.016206600000032267	epochs	3.0
879.5759253708435	0.016146300000059455	epochs	3.0
879.5920716708436	0.03211369999996805	epochs	2.0
879.5920716708436	0.016086599999994178	epochs	3.0
879.6081582708435	0.01602709999997387	epochs	3.0
879.6241853708435	0.03187800000000607	epochs	2.0
879.6241853708435	0.015968199999974786	epochs	3.0
879.6401535708435	0.015909800000031282	epochs	3.0
879.6560633708435	0.031645700000012766	epochs	2.0
879.6560633708435	0.01585160000001906	epochs	3.0
879.6719149708435	0.015794099999993705	epochs	3.0
879.6877090708435	0.031416699999908815	epochs	2.0
879.6877090708435	0.01573669999993399	epochs	3.0
879.7034457708435	0.015679999999974825	epochs	3.0
879.7191257708434	0.031191100000114602	epochs	2.0
879.7191257708434	0.015623600000026272	epochs	3.0
879.7347493708435	0.01556750000008833	epochs	3.0
879.7503168708436	0.030968699999903038	epochs	2.0
879.7503168708436	0.015511999999944237	epochs	3.0
879.7658288708435	0.0154566999999588	epochs	3.0
879.7812855708435	0.03074950000006993	epochs	2.0
879.7812855708435	0.015401999999994587	epochs	3.0
879.7966875708435	0.015347500000075343	epochs	3.0
879.8120350708435	0.030533199999922545	epochs	2.0
879.8120350708435	0.015293400000018664	epochs	3.0
879.8273284708436	0.01523979999990388	epochs	3.0
879.8425682708435	0.03032010000003993	epochs	2.0
879.8425682708435	0.015186500000027081	epochs	3.0
879.8577547708435	0.015133600000012848	epochs	3.0
879.8728883708435	0.030109899999956724	epochs	2.0
879.8728883708435	0.015081000000009226	epochs	3.0
879.8879693708435	0.015028899999947498	epochs	3.0
879.9029982708435	0.02990250000004835	epochs	2.0
879.9029982708435	0.014977000000044427	epochs	3.0
879.9179752708435	0.014925500000003922	epochs	3.0
879.9329007708435	0.029698100000018712	epochs	2.0
879.9329007708435	0.014874400000053356	epochs	3.0
879.9477751708436	0.014823699999965356	epochs	3.0
879.9625988708435	0.02949630000000525	epochs	2.0
879.9625988708435	0.014773200000036013	epochs	3.0
879.9773720708436	0.014723099999969236	epochs	3.0
879.9920951708435	0.02929740000001857	epochs	2.0
879.9920951708435	0.014673399999992398	epochs	3.0
880.0067685708435	0.014624000000026172	epochs	3.0
880.0213925708435	0.029101099999934377	epochs	2.0
880.0213925708435	0.01457489999995687	epochs	3.0
880.0359674708435	0.014526199999977507	epochs	3.0
880.0504936708435	0.028907399999980044	epochs	2.0
880.0504936708435	0.014477700000043114	epochs	3.0
880.0649713708435	0.014429699999936929	epochs	3.0
880.0794010708435	0.028716200000076242	epochs	2.0
880.0794010708435	0.014381800000023759	epochs	3.0
880.0937828708435	0.014334400000052483	epochs	3.0
880.1081172708435	0.02852759999996124	epochs	2.0
880.1081172708435	0.01428720000001249	epochs	3.0
880.1224044708435	0.01424039999994875	epochs	3.0
880.1366448708435	0.028341400000044814	epochs	2.0
880.1366448708435	0.014193800000043666	epochs	3.0
880.1508386708435	0.014147600000001148	epochs	3.0
880.1649862708435	0.028157699999951546	epochs	2.0
880.1649862708435	0.014101699999969242	epochs	3.0
880.1790879708435	0.014055999999982305	epochs	3.0
880.1931439708435	0.027976299999977527	epochs	2.0
880.1931439708435	0.01401060000000598	epochs	3.0
880.2071545708435	0.013965699999971548	epochs	3.0
880.2211202708435	0.02779720000000907	epochs	2.0
880.2211202708435	0.013920800000050804	epochs	3.0
880.2350410708435	0.013876399999958267	epochs	3.0
880.2489174708435	0.027620400000046175	epochs	2.0
880.2489174708435	0.013832200000024386	epochs	3.0
880.2627496708435	0.013788200000021789	epochs	3.0
880.2765378708435	0.027445899999975154	epochs	2.0
880.2765378708435	0.013744599999995444	epochs	3.0
880.2902824708435	0.01370129999997971	epochs	3.0
880.3039837708435	0.027273499999978412	epochs	2.0
880.3039837708435	0.013658200000008947	epochs	3.0
880.3176419708435	0.013615299999969466	epochs	3.0
880.3312572708435	0.027103399999987232	epochs	2.0
880.3312572708435	0.013572800000019924	epochs	3.0
880.3448300708435	0.013530599999967308	epochs	3.0
880.3583606708435	0.02693520000002536	epochs	2.0
880.3583606708435	0.013488400000028378	epochs	3.0
880.3718490708435	0.013446799999996983	epochs	3.0
880.3852958708435	0.026769199999989723	epochs	2.0
880.3852958708435	0.013405199999965589	epochs	3.0
880.3987010708435	0.013364000000024134	epochs	3.0
880.4120650708435	0.026605200000062723	epochs	2.0
880.4120650708435	0.013322900000048321	epochs	3.0
880.4253879708435	0.013282300000014402	epochs	3.0
880.4386702708435	0.026443200000016986	epochs	2.0
880.4386702708435	0.013241699999980483	epochs	3.0
880.4519119708435	0.013201500000036503	epochs	3.0
880.4651134708436	0.0262831999999662	epochs	2.0
880.4651134708436	0.01316149999991012	epochs	3.0
880.4782749708435	0.01312170000005608	epochs	3.0
880.4913966708435	0.02612499999997908	epochs	2.0
880.4913966708435	0.013082100000019636	epochs	3.0
880.5044787708435	0.013042899999959445	epochs	3.0
880.5175216708435	0.025968899999952555	epochs	2.0
880.5175216708435	0.013003899999944224	epochs	3.0
880.5305255708435	0.012965000000008331	epochs	3.0
880.5434905708435	0.025814500000024054	epochs	2.0
880.5434905708435	0.01292640000008305	epochs	3.0
880.5564169708435	0.012888099999941005	epochs	3.0
880.5693050708435	0.025661900000045534	epochs	2.0
880.5693050708435	0.012849899999991976	epochs	3.0
880.5821549708435	0.012812000000053558	epochs	3.0
880.5949669708435	0.025511199999982637	epochs	2.0
880.5949669708435	0.012774400000012065	epochs	3.0
880.6077413708435	0.012736799999970572	epochs	3.0
880.6204781708435	0.025362299999983406	epochs	2.0
880.6204781708435	0.01269969999998466	epochs	3.0
880.6331778708435	0.012662599999998747	epochs	3.0
880.6458404708435	0.025215000000002874	epochs	2.0
880.6458404708435	0.012625800000023446	epochs	3.0
880.6584662708435	0.012589199999979428	epochs	3.0
880.6710554708435	0.024584799999956886	epochs	2.0
880.6953250708435	0.5	epochs	-1.0
880.6956402708435	0.5449600000000601	epochs	1.0
881.2406002708435	0.45496000000002823	epochs	0.0
882.4630002975464	0.054639999999949396	epochs	0.0
882.4630002975464	0.02232040000001234	epochs	1.0
882.4853206975464	0.0099992000000384	epochs	1.0
882.4953198975464	0.022320399999898655	epochs	1.0
882.5176402975463	2.0	epochs	0.0
884.5176402975463	21.525440000000003	epochs	0.0
884.5176402975463	1.0	epochs	1.0
884.5176450975464	0.5	epochs	-1.0
885.0176450975464	19.999680000000012	epochs	-1.0
885.5176402975463	20.0	epochs	1.0
885.5176402975463	4.356753900000058	epochs	-1.0
885.5176402975463	1.9745872000000873	epochs	2.0
885.5176402975463	1.0985622000000603	epochs	3.0
886.6162024975464	0.8760250000000269	epochs	3.0
887.4922274975464	1.352407499999913	epochs	2.0
887.4922274975464	0.7286354999999958	epochs	3.0
888.2208629975464	0.6237719999999172	epochs	3.0
888.8446349975463	1.0297592000000577	epochs	2.0
888.8446349975463	0.5453293000000485	epochs	3.0
889.3899642975464	0.4844299000000092	epochs	3.0
889.8743941975464	0.8317862000000105	epochs	2.0
889.8743941975464	0.4357763000000432	epochs	3.0
890.3101704975464	0.3960098999999673	epochs	3.0
890.7061803975464	0.6977970000000369	epochs	2.0
890.7061803975464	0.3628982000000178	epochs	3.0
891.0690785975464	0.33489880000001904	epochs	3.0
891.4039773975464	0.601045699999986	epochs	2.0
891.4039773975464	0.3109122999999272	epochs	3.0
891.7148896975464	0.2901334000000588	epochs	3.0
892.0050230975464	0.5278859000000011	epochs	2.0
892.0050230975464	0.2719585999999481	epochs	3.0
892.2769816975464	0.25592730000005304	epochs	3.0
892.5329089975464	0.470619299999953	epochs	2.0
892.5329089975464	0.241681299999982	epochs	3.0
892.7745902975464	0.228937999999971	epochs	3.0
893.0035282975464	0.42457039999999324	epochs	2.0
893.0035282975464	0.21747140000002219	epochs	3.0
893.2209996975464	0.20709899999997106	epochs	3.0
893.4280986975464	0.3867354000000205	epochs	2.0
893.4280986975464	0.19767109999997956	epochs	3.0
893.6257697975464	0.18906430000004093	epochs	3.0
893.8148340975464	0.3550953000000163	epochs	2.0
893.8148340975464	0.18117589999997108	epochs	3.0
893.9960099975464	0.17391940000004524	epochs	3.0
894.1699293975464	0.3282431000000088	epochs	2.0
894.1699293975464	0.16722189999995862	epochs	3.0
894.3371512975464	0.16102120000005016	epochs	3.0
894.4981724975464	0.30516799999998057	epochs	2.0
894.4981724975464	0.15526389999990897	epochs	3.0
894.6534363975463	0.1499041000000716	epochs	3.0
894.8033404975464	0.28512530000000424	epochs	2.0
894.8033404975464	0.1449020999999675	epochs	3.0
894.9482425975464	0.14022320000003674	epochs	3.0
895.0884657975464	0.2675537999999733	epochs	2.0
895.0884657975464	0.1358368999999584	epochs	3.0
895.2243026975464	0.1317169000000149	epochs	3.0
895.3560195975464	0.2520229000000427	epochs	2.0
895.3560195975464	0.1278393000000051	epochs	3.0
895.4838588975464	0.12418360000003759	epochs	3.0
895.6080424975464	0.23819649999995818	epochs	2.0
895.6080424975464	0.12073109999994358	epochs	3.0
895.7287735975464	0.1174654000000146	epochs	3.0
895.8462389975464	0.2258087999999816	epochs	2.0
895.8462389975464	0.11437190000003739	epochs	3.0
895.9606108975464	0.11143689999994422	epochs	3.0
896.0720477975464	0.2146460000000161	epochs	2.0
896.0720477975464	0.10864890000004834	epochs	3.0
896.1806966975464	0.10599709999996776	epochs	3.0
896.2866937975464	0.20453499999996438	epochs	2.0
896.2866937975464	0.10347149999995509	epochs	3.0
896.3901652975463	0.1010635000000093	epochs	3.0
896.4912287975463	0.19533400000000256	epochs	2.0
896.4912287975463	0.09876510000003691	epochs	3.0
896.5899938975464	0.09656889999996565	epochs	3.0
896.6865627975463	0.1869253000000981	epochs	2.0
896.6865627975463	0.09446830000001682	epochs	3.0
896.7810310975464	0.09245700000008128	epochs	3.0
896.8734880975464	0.17921069999999872	epochs	2.0
896.8734880975464	0.09052959999996801	epochs	3.0
896.9640176975464	0.08868110000003071	epochs	3.0
897.0526987975464	0.17210769999996955	epochs	2.0
897.0526987975464	0.08690629999989596	epochs	3.0
897.1396050975463	0.08520140000007359	epochs	3.0
897.2248064975464	0.1655463999999256	epochs	2.0
897.2248064975464	0.08356189999994967	epochs	3.0
897.3083683975464	0.08198449999997592	epochs	3.0
897.3903528975463	0.15946710000002895	epochs	2.0
897.3903528975463	0.08046540000009372	epochs	3.0
897.4708182975464	0.07900169999993523	epochs	3.0
897.5498199975464	0.15381839999997737	epochs	2.0
897.5498199975464	0.07759010000006583	epochs	3.0
897.6274100975464	0.07622829999991154	epochs	3.0
897.7036383975463	0.14855640000007497	epochs	2.0
897.7036383975463	0.07491330000004837	epochs	3.0
897.7785516975464	0.0736431000000266	epochs	3.0
897.8521947975464	0.14364239999997608	epochs	2.0
897.8521947975464	0.07241499999997814	epochs	3.0
897.9246097975464	0.07122739999999794	epochs	3.0
897.9958371975464	0.13904309999998077	epochs	2.0
897.9958371975464	0.07007799999996678	epochs	3.0
898.0659151975464	0.06896510000001399	epochs	3.0
898.1348802975464	0.1347293000000036	epochs	2.0
898.1348802975464	0.0678871000000072	epochs	3.0
898.2027673975464	0.06684219999999641	epochs	3.0
898.2696095975464	0.1306752000000415	epochs	2.0
898.2696095975464	0.06582909999997355	epochs	3.0
898.3354386975464	0.06484610000006796	epochs	3.0
898.4002847975464	0.1268577999999252	epochs	2.0
898.4002847975464	0.06389200000000983	epochs	3.0
898.4641767975464	0.06296579999991536	epochs	3.0
898.5271425975463	0.12325720000001184	epochs	2.0
898.5271425975463	0.06206580000002759	epochs	3.0
898.5892083975464	0.06119139999998424	epochs	3.0
898.6503997975464	0.11985540000000583	epochs	2.0
898.6503997975464	0.06034110000007331	epochs	3.0
898.7107408975464	0.05951429999993252	epochs	3.0
898.7702551975464	0.11663620000001629	epochs	2.0
898.7702551975464	0.05870960000004288	epochs	3.0
898.8289647975464	0.057926599999973405	epochs	3.0
898.8868913975464	0.11358559999996487	epochs	2.0
898.8868913975464	0.05716419999998834	epochs	3.0
898.9440555975464	0.05642139999997653	epochs	3.0
899.0004769975463	0.11069050000003244	epochs	2.0
899.0004769975463	0.055697900000041045	epochs	3.0
899.0561748975464	0.0549925999999914	epochs	3.0
899.1111674975464	0.1079391000000669	epochs	2.0
899.1111674975464	0.05430490000003374	epochs	3.0
899.1654723975464	0.05363420000003316	epochs	3.0
899.2191065975464	0.10532149999994544	epochs	2.0
899.2191065975464	0.05297999999993408	epochs	3.0
899.2720865975464	0.052341500000011365	epochs	3.0
899.3244280975464	0.10282759999995505	epochs	2.0
899.3244280975464	0.05171810000001642	epochs	3.0
899.3761461975464	0.051109499999938635	epochs	3.0
899.4272556975463	0.10044909999999163	epochs	2.0
899.4272556975463	0.050514900000052876	epochs	3.0
899.4777705975464	0.049934199999938755	epochs	3.0
899.5277047975463	0.09817830000008598	epochs	2.0
899.5277047975463	0.049366600000098515	epochs	3.0
899.5770713975464	0.04881169999998747	epochs	3.0
899.6258830975464	0.09600779999993847	epochs	2.0
899.6258830975464	0.04826919999993606	epochs	3.0
899.6741522975464	0.04773860000000241	epochs	3.0
899.7218908975464	0.09393120000004274	epochs	2.0
899.7218908975464	0.04721949999998287	epochs	3.0
899.7691103975463	0.046711700000059864	epochs	3.0
899.8158220975464	0.09194260000003851	epochs	2.0
899.8158220975464	0.046214599999984785	epochs	3.0
899.8620366975464	0.045728000000053726	epochs	3.0
899.9077646975464	0.09003629999995155	epochs	2.0
899.9077646975464	0.045251499999949374	epochs	3.0
899.9530161975464	0.04478480000000218	epochs	3.0
899.9978009975464	0.08820760000003247	epochs	2.0
899.9978009975464	0.044327800000019124	epochs	3.0
900.0421287975464	0.04387980000001335	epochs	3.0
900.0860085975464	0.0864516999999978	epochs	2.0
900.0860085975464	0.04344099999991613	epochs	3.0
900.1294495975463	0.04301070000008167	epochs	3.0
900.1724602975464	0.08476429999996071	epochs	2.0
900.1724602975464	0.04258899999990717	epochs	3.0
900.2150492975463	0.04217530000005354	epochs	3.0
900.2572245975464	0.08314150000001064	epochs	2.0
900.2572245975464	0.04176970000003166	epochs	3.0
900.2989942975464	0.041371799999978975	epochs	3.0
900.3403660975464	0.08157970000002024	epochs	2.0
900.3403660975464	0.040981399999964196	epochs	3.0
900.3813474975464	0.04059830000005604	epochs	3.0
900.4219457975464	0.08007550000002084	epochs	2.0
900.4219457975464	0.04022229999998217	epochs	3.0
900.4621680975464	0.03985320000003867	epochs	3.0
900.5020212975464	0.07862569999997504	epochs	2.0
900.5020212975464	0.0394907999999532	epochs	3.0
900.5415120975464	0.039134900000021844	epochs	3.0
900.5806469975464	0.07722760000001472	epochs	2.0
900.5806469975464	0.03878539999993791	epochs	3.0
900.6194323975463	0.03844220000007681	epochs	3.0
900.6578745975464	0.07587819999992007	epochs	2.0
900.6578745975464	0.03810479999992822	epochs	3.0
900.6959793975464	0.03777339999999185	epochs	3.0
900.7337527975463	0.0745752000000266	epochs	2.0
900.7337527975463	0.03744770000002973	epochs	3.0
900.7712004975464	0.03712749999999687	epochs	3.0
900.8083279975464	0.07331629999998768	epochs	2.0
900.8083279975464	0.036812899999972615	epochs	3.0
900.8451408975463	0.03650340000001506	epochs	3.0
900.8816442975464	0.07209899999998015	epochs	2.0
900.8816442975464	0.03619909999997617	epochs	3.0
900.9178433975463	0.03589990000000398	epochs	3.0
900.9537432975463	0.07092170000009901	epochs	2.0
900.9537432975463	0.03560560000005353	epochs	3.0
900.9893488975464	0.03531610000004548	epochs	3.0
901.0246649975464	0.0697819999999183	epochs	2.0
901.0246649975464	0.03503119999993487	epochs	3.0
901.0596961975464	0.03475079999998343	epochs	3.0
901.0944469975464	0.06867859999999837	epochs	2.0
901.0944469975464	0.03447510000000875	epochs	3.0
901.1289220975464	0.03420349999998962	epochs	3.0
901.1631255975464	0.06760930000007193	epochs	2.0
901.1631255975464	0.03393620000008468	epochs	3.0
901.1970617975464	0.033673099999987244	epochs	3.0
901.2307348975464	0.06657289999998284	epochs	2.0
901.2307348975464	0.03341399999999339	epochs	3.0
901.2641488975464	0.033158899999989444	epochs	3.0
901.2973077975464	0.06556779999993978	epochs	2.0
901.2973077975464	0.032907700000009754	epochs	3.0
901.3302154975464	0.032660099999930026	epochs	3.0
901.3628755975463	0.06459260000008271	epochs	2.0
901.3628755975463	0.032416399999988244	epochs	3.0
901.3952919975463	0.03217620000009447	epochs	3.0
901.4274681975464	0.0636459999999488	epochs	2.0
901.4274681975464	0.03193959999998697	epochs	3.0
901.4594077975464	0.03170639999996183	epochs	3.0
901.4911141975464	0.0627266999999847	epochs	2.0
901.4911141975464	0.03147660000001906	epochs	3.0
901.5225907975464	0.03125009999996564	epochs	3.0
901.5538408975464	0.06183359999999993	epochs	2.0
901.5538408975464	0.031026900000028945	epochs	3.0
901.5848677975464	0.030806699999970988	epochs	3.0
901.6156744975464	0.06096560000003137	epochs	2.0
901.6156744975464	0.030589800000029754	epochs	3.0
901.6462642975464	0.030375800000001618	epochs	3.0
901.6766400975464	0.06012160000000222	epochs	2.0
901.6766400975464	0.030164900000045236	epochs	3.0
901.7068049975464	0.02995669999995698	epochs	3.0
901.7367616975464	0.05930069999999432	epochs	2.0
901.7367616975464	0.02975159999994048	epochs	3.0
901.7665132975463	0.02954910000005384	epochs	3.0
901.7960623975464	0.05850180000004457	epochs	2.0
901.7960623975464	0.02934940000000097	epochs	3.0
901.8254117975464	0.0291524000000436	epochs	3.0
901.8545641975464	0.05772419999993872	epochs	2.0
901.8545641975464	0.028957999999988715	epochs	3.0
901.8835221975464	0.028766199999950004	epochs	3.0
901.9122883975464	0.05696709999995164	epochs	2.0
901.9122883975464	0.028577000000041153	epochs	3.0
901.9408653975464	0.02839009999991049	epochs	3.0
901.9692554975463	0.056229500000085864	epochs	2.0
901.9692554975463	0.028205700000057732	epochs	3.0
901.9974611975464	0.028023800000028132	epochs	3.0
902.0254849975464	0.05551070000001346	epochs	2.0
902.0254849975464	0.027843999999959124	epochs	3.0
902.0533289975464	0.027666700000054334	epochs	3.0
902.0809956975464	0.05481019999990622	epochs	2.0
902.0809956975464	0.02749149999999645	epochs	3.0
902.1084871975464	0.027318699999909768	epochs	3.0
902.1358058975463	0.05412700000010773	epochs	2.0
902.1358058975463	0.02714780000007977	epochs	3.0
902.1629536975464	0.02697920000002796	epochs	3.0
902.1899328975464	0.053460699999959616	epochs	2.0
902.1899328975464	0.0268125999999711	epochs	3.0
902.2167454975464	0.026648099999988517	epochs	3.0
902.2433935975464	0.05281070000000909	epochs	2.0
902.2433935975464	0.026485600000000886	epochs	3.0
902.2698791975464	0.026325100000008206	epochs	3.0
902.2962042975464	0.05217619999996259	epochs	2.0
902.2962042975464	0.026166399999965506	epochs	3.0
902.3223706975464	0.026009799999997085	epochs	3.0
902.3483804975464	0.051556699999991906	epochs	2.0
902.3483804975464	0.025854800000047362	epochs	3.0
902.3742352975464	0.025701899999944544	epochs	3.0
902.3999371975464	0.05095189999997274	epochs	2.0
902.3999371975464	0.02555070000005344	epochs	3.0
902.4254878975464	0.0254011999999193	epochs	3.0
902.4508890975463	0.05036100000006627	epochs	2.0
902.4508890975463	0.0252535000000762	epochs	3.0
902.4761425975464	0.02510749999999007	epochs	3.0
902.5012500975464	0.049783800000000156	epochs	2.0
902.5012500975464	0.02496320000000196	epochs	3.0
902.5262132975464	0.024820599999998194	epochs	3.0
902.5510338975464	0.04921949999993558	epochs	2.0
902.5510338975464	0.024679399999968155	epochs	3.0
902.5757132975464	0.024540099999967424	epochs	3.0
902.6002533975463	0.04866790000005494	epochs	2.0
902.6002533975463	0.024402100000088467	epochs	3.0
902.6246554975464	0.024265799999966475	epochs	3.0
902.6489212975464	0.04812860000004093	epochs	2.0
902.6489212975464	0.024131000000011227	epochs	3.0
902.6730522975464	0.023997600000029706	epochs	3.0
902.6970498975464	0.04760109999995166	epochs	2.0
902.6970498975464	0.023865799999953197	epochs	3.0
902.7209156975464	0.02373529999999846	epochs	3.0
902.7446509975464	0.047085000000038235	epochs	2.0
902.7446509975464	0.023606299999983094	epochs	3.0
902.7682572975464	0.02347870000005514	epochs	3.0
902.7917359975464	0.046579999999948996	epochs	2.0
902.7917359975464	0.02335249999998723	epochs	3.0
902.8150884975464	0.023227499999961765	epochs	3.0
902.8383159975464	0.046085700000048746	epochs	2.0
902.8383159975464	0.023103999999989355	epochs	3.0
902.8614199975464	0.02298170000005939	epochs	3.0
902.8844016975464	0.045601799999985815	epochs	2.0
902.8844016975464	0.02286069999991014	epochs	3.0
902.9072623975463	0.022741100000075676	epochs	3.0
902.9300034975464	0.04512790000001132	epochs	2.0
902.9300034975464	0.022622500000011314	epochs	3.0
902.9526259975464	0.02250540000000001	epochs	3.0
902.9751313975464	0.044663799999966614	epochs	2.0
902.9751313975464	0.02238929999998618	epochs	3.0
902.9975206975464	0.022274499999980435	epochs	3.0
903.0197951975464	0.04420919999995476	epochs	2.0
903.0197951975464	0.022160800000051495	epochs	3.0
903.0419559975464	0.022048399999903268	epochs	3.0
903.0640043975463	0.043763600000033875	epochs	2.0
903.0640043975463	0.021936900000014248	epochs	3.0
903.0859412975464	0.021826700000019628	epochs	3.0
903.1077679975464	0.04332710000005591	epochs	2.0
903.1077679975464	0.021717599999988124	epochs	3.0
903.1294855975464	0.021609500000067783	epochs	3.0
903.1510950975464	0.042898999999920306	epochs	2.0
903.1510950975464	0.02150249999999687	epochs	3.0
903.1725975975464	0.021396499999923435	epochs	3.0
903.1939940975464	0.042479500000013104	epochs	2.0
903.1939940975464	0.02129170000000613	epochs	3.0
903.2152857975464	0.021187800000006973	epochs	3.0
903.2364735975464	0.042067900000006375	epochs	2.0
903.2364735975464	0.02108490000000529	epochs	3.0
903.2575584975464	0.020983000000001084	epochs	3.0
903.2785414975464	0.04166440000005878	epochs	2.0
903.2785414975464	0.02088220000007368	epochs	3.0
903.2994236975464	0.020782199999985096	epochs	3.0
903.3202058975464	0.04126850000000104	epochs	2.0
903.3202058975464	0.020683299999973315	epochs	3.0
903.3408891975464	0.020585200000027726	epochs	3.0
903.3614743975464	0.040879999999901884	epochs	2.0
903.3614743975464	0.020488099999965925	epochs	3.0
903.3819624975464	0.02039189999993596	epochs	3.0
903.4023543975463	0.04049880000002304	epochs	2.0
903.4023543975463	0.020296600000051512	epochs	3.0
903.4226509975464	0.020202199999971526	epochs	3.0
903.4428531975464	0.04012460000001283	epochs	2.0
903.4428531975464	0.02010870000003706	epochs	3.0
903.4629618975464	0.020015899999975773	epochs	3.0
903.4829777975464	0.03975730000001931	epochs	2.0
903.4829777975464	0.019924199999991288	epochs	3.0
903.5029019975464	0.019833100000028026	epochs	3.0
903.5227350975464	0.03939669999999751	epochs	2.0
903.5227350975464	0.01974299999994855	epochs	3.0
903.5424780975463	0.019653700000048957	epochs	3.0
903.5621317975464	0.03904239999997117	epochs	2.0
903.5621317975464	0.01956510000002254	epochs	3.0
903.5816968975464	0.019477299999948627	epochs	3.0
903.6011741975464	0.03869459999998526	epochs	2.0
903.6011741975464	0.019390400000020236	epochs	3.0
903.6205645975464	0.01930419999996502	epochs	3.0
903.6398687975463	0.03835290000006353	epochs	2.0
903.6398687975463	0.019218800000089686	epochs	3.0
903.6590875975464	0.01913409999997384	epochs	3.0
903.6782216975464	0.03801720000001296	epochs	2.0
903.6782216975464	0.019050200000037876	epochs	3.0
903.6972718975464	0.018966999999975087	epochs	3.0
903.7162388975464	0.03768719999993664	epochs	2.0
903.7162388975464	0.01888450000001285	epochs	3.0
903.7351233975464	0.01880269999992379	epochs	3.0
903.7539260975464	0.03736309999999321	epochs	2.0
903.7539260975464	0.018721700000014607	epochs	3.0
903.7726477975464	0.018641399999978603	epochs	3.0
903.7912891975463	0.03704430000004777	epochs	2.0
903.7912891975463	0.01856159999999818	epochs	3.0
903.8098507975463	0.01848270000004959	epochs	3.0
903.8283334975464	0.0367310000000316	epochs	2.0
903.8283334975464	0.018404300000042895	epochs	3.0
903.8467377975464	0.018326699999988705	epochs	3.0
903.8650644975464	0.03642289999993409	epochs	2.0
903.8650644975464	0.018249599999990096	epochs	3.0
903.8833140975464	0.018173299999943993	epochs	3.0
903.9014873975464	0.03612010000006194	epochs	2.0
903.9014873975464	0.0180976000000328	epochs	3.0
903.9195849975464	0.01802250000002914	epochs	3.0
903.9376074975464	0.03582209999990482	epochs	2.0
903.9376074975464	0.017947899999967376	epochs	3.0
903.9555553975464	0.017874199999937446	epochs	3.0
903.9734295975463	0.0355290000001105	epochs	2.0
903.9734295975463	0.017800800000031813	epochs	3.0
903.9912303975464	0.017728200000078687	epochs	3.0
904.0089585975464	0.035240699999917524	epochs	2.0
904.0089585975464	0.017656099999953767	epochs	3.0
904.0266146975464	0.017584599999963757	epochs	3.0
904.0441992975464	0.034957100000042374	epochs	2.0
904.0441992975464	0.01751369999999497	epochs	3.0
904.0617129975464	0.017443400000047404	epochs	3.0
904.0791563975464	0.03467790000001969	epochs	2.0
904.0791563975464	0.017373600000041733	epochs	3.0
904.0965299975464	0.017304299999977957	epochs	3.0
904.1138342975464	0.03440330000000813	epochs	2.0
904.1138342975464	0.01723570000001473	epochs	3.0
904.1310699975464	0.0171675999999934	epochs	3.0
904.1482375975464	0.03413279999995211	epochs	2.0
904.1482375975464	0.01709989999994832	epochs	3.0
904.1653374975464	0.017032900000003792	epochs	3.0
904.1823703975464	0.033866699999975935	epochs	2.0
904.1823703975464	0.01696640000000116	epochs	3.0
904.1993367975464	0.016900299999974777	epochs	3.0
904.2162370975464	0.03360459999998966	epochs	2.0
904.2162370975464	0.016834800000083305	epochs	3.0
904.2330718975464	0.016769799999906354	epochs	3.0
904.2498416975463	0.03334660000007261	epochs	2.0
904.2498416975463	0.016705300000012357	epochs	3.0
904.2665469975464	0.016641300000060255	epochs	3.0
904.2831882975464	0.03309249999995245	epochs	2.0
904.2831882975464	0.01657779999993636	epochs	3.0
904.2997660975464	0.01651470000001609	epochs	3.0
904.3162807975464	0.03284229999997024	epochs	2.0
904.3162807975464	0.01645220000000336	epochs	3.0
904.3327329975464	0.01639009999996688	epochs	3.0
904.3491230975463	0.03259570000000167	epochs	2.0
904.3491230975463	0.016328400000020338	epochs	3.0
904.3654514975464	0.016267299999981333	epochs	3.0
904.3817187975463	0.03235290000009172	epochs	2.0
904.3817187975463	0.016206600000032267	epochs	3.0
904.3979253975464	0.016146300000059455	epochs	3.0
904.4140716975464	0.03211369999996805	epochs	2.0
904.4140716975464	0.016086599999994178	epochs	3.0
904.4301582975464	0.01602709999997387	epochs	3.0
904.4461853975464	0.03187800000000607	epochs	2.0
904.4461853975464	0.015968199999974786	epochs	3.0
904.4621535975464	0.015909800000031282	epochs	3.0
904.4780633975464	0.031645700000012766	epochs	2.0
904.4780633975464	0.01585160000001906	epochs	3.0
904.4939149975464	0.015794099999993705	epochs	3.0
904.5097090975464	0.031416699999908815	epochs	2.0
904.5097090975464	0.01573669999993399	epochs	3.0
904.5254457975464	0.015679999999974825	epochs	3.0
904.5411257975463	0.031191100000114602	epochs	2.0
904.5411257975463	0.015623600000026272	epochs	3.0
904.5567493975464	0.01556750000008833	epochs	3.0
904.5723168975464	0.030968699999903038	epochs	2.0
904.5723168975464	0.015511999999944237	epochs	3.0
904.5878288975464	0.0154566999999588	epochs	3.0
904.6032855975463	0.03074950000006993	epochs	2.0
904.6032855975463	0.015401999999994587	epochs	3.0
904.6186875975463	0.015347500000075343	epochs	3.0
904.6340350975464	0.030533199999922545	epochs	2.0
904.6340350975464	0.015293400000018664	epochs	3.0
904.6493284975464	0.01523979999990388	epochs	3.0
904.6645682975463	0.03032010000003993	epochs	2.0
904.6645682975463	0.015186500000027081	epochs	3.0
904.6797547975464	0.015133600000012848	epochs	3.0
904.6948883975464	0.030109899999956724	epochs	2.0
904.6948883975464	0.015081000000009226	epochs	3.0
904.7099693975464	0.015028899999947498	epochs	3.0
904.7249982975463	0.02990250000004835	epochs	2.0
904.7249982975463	0.014977000000044427	epochs	3.0
904.7399752975464	0.014925500000003922	epochs	3.0
904.7549007975464	0.029698100000018712	epochs	2.0
904.7549007975464	0.014874400000053356	epochs	3.0
904.7697751975464	0.014823699999965356	epochs	3.0
904.7845988975464	0.02949630000000525	epochs	2.0
904.7845988975464	0.014773200000036013	epochs	3.0
904.7993720975464	0.014723099999969236	epochs	3.0
904.8140951975464	0.02929740000001857	epochs	2.0
904.8140951975464	0.014673399999992398	epochs	3.0
904.8287685975464	0.014624000000026172	epochs	3.0
904.8433925975464	0.029101099999934377	epochs	2.0
904.8433925975464	0.01457489999995687	epochs	3.0
904.8579674975464	0.014526199999977507	epochs	3.0
904.8724936975464	0.028907399999980044	epochs	2.0
904.8724936975464	0.014477700000043114	epochs	3.0
904.8869713975464	0.014429699999936929	epochs	3.0
904.9014010975463	0.028716200000076242	epochs	2.0
904.9014010975463	0.014381800000023759	epochs	3.0
904.9157828975464	0.014334400000052483	epochs	3.0
904.9301172975464	0.02852759999996124	epochs	2.0
904.9301172975464	0.01428720000001249	epochs	3.0
904.9444044975464	0.01424039999994875	epochs	3.0
904.9586448975464	0.028341400000044814	epochs	2.0
904.9586448975464	0.014193800000043666	epochs	3.0
904.9728386975464	0.014147600000001148	epochs	3.0
904.9869862975464	0.028157699999951546	epochs	2.0
904.9869862975464	0.014101699999969242	epochs	3.0
905.0010879975464	0.014055999999982305	epochs	3.0
905.0151439975464	0.027976299999977527	epochs	2.0
905.0151439975464	0.01401060000000598	epochs	3.0
905.0291545975464	0.013965699999971548	epochs	3.0
905.0431202975464	0.02779720000000907	epochs	2.0
905.0431202975464	0.013920800000050804	epochs	3.0
905.0570410975464	0.013876399999958267	epochs	3.0
905.0709174975464	0.027620400000046175	epochs	2.0
905.0709174975464	0.013832200000024386	epochs	3.0
905.0847496975464	0.013788200000021789	epochs	3.0
905.0985378975464	0.027445899999975154	epochs	2.0
905.0985378975464	0.013744599999995444	epochs	3.0
905.1122824975464	0.01370129999997971	epochs	3.0
905.1259837975464	0.027273499999978412	epochs	2.0
905.1259837975464	0.013658200000008947	epochs	3.0
905.1396419975464	0.013615299999969466	epochs	3.0
905.1532572975464	0.027103399999987232	epochs	2.0
905.1532572975464	0.013572800000019924	epochs	3.0
905.1668300975464	0.013530599999967308	epochs	3.0
905.1803606975463	0.02693520000002536	epochs	2.0
905.1803606975463	0.013488400000028378	epochs	3.0
905.1938490975464	0.013446799999996983	epochs	3.0
905.2072958975464	0.026769199999989723	epochs	2.0
905.2072958975464	0.013405199999965589	epochs	3.0
905.2207010975463	0.013364000000024134	epochs	3.0
905.2340650975464	0.026605200000062723	epochs	2.0
905.2340650975464	0.013322900000048321	epochs	3.0
905.2473879975464	0.013282300000014402	epochs	3.0
905.2606702975464	0.026443200000016986	epochs	2.0
905.2606702975464	0.013241699999980483	epochs	3.0
905.2739119975464	0.013201500000036503	epochs	3.0
905.2871134975464	0.0262831999999662	epochs	2.0
905.2871134975464	0.01316149999991012	epochs	3.0
905.3002749975464	0.01312170000005608	epochs	3.0
905.3133966975464	0.02612499999997908	epochs	2.0
905.3133966975464	0.013082100000019636	epochs	3.0
905.3264787975464	0.013042899999959445	epochs	3.0
905.3395216975464	0.025968899999952555	epochs	2.0
905.3395216975464	0.013003899999944224	epochs	3.0
905.3525255975463	0.012965000000008331	epochs	3.0
905.3654905975463	0.025814500000024054	epochs	2.0
905.3654905975463	0.01292640000008305	epochs	3.0
905.3784169975464	0.012888099999941005	epochs	3.0
905.3913050975464	0.025661900000045534	epochs	2.0
905.3913050975464	0.012849899999991976	epochs	3.0
905.4041549975464	0.012812000000053558	epochs	3.0
905.4169669975464	0.025511199999982637	epochs	2.0
905.4169669975464	0.012774400000012065	epochs	3.0
905.4297413975464	0.012736799999970572	epochs	3.0
905.4424781975464	0.025362299999983406	epochs	2.0
905.4424781975464	0.01269969999998466	epochs	3.0
905.4551778975464	0.012662599999998747	epochs	3.0
905.4678404975464	0.025215000000002874	epochs	2.0
905.4678404975464	0.012625800000023446	epochs	3.0
905.4804662975464	0.012589199999979428	epochs	3.0
905.4930554975464	0.024584799999956886	epochs	2.0
905.5173250975464	0.5	epochs	-1.0
905.5176402975463	0.5254400000000032	epochs	1.0
906.0430802975463	0.47448000000008506	epochs	0.0
929.4660000801086	0.054639999999949396	epochs	0.0
929.4660000801086	0.02232040000001234	epochs	1.0
929.4883204801087	0.0099992000000384	epochs	1.0
929.4983196801087	0.022320399999898655	epochs	1.0
929.5206400801086	2.0	epochs	0.0
931.5206400801086	0.5045600000000832	epochs	0.0
931.5206400801086	0.5045600000000832	epochs	1.0
931.5206448801086	0.5	epochs	-1.0
932.0206448801086	0.004555200000027071	epochs	-1.0
932.0252000801087	21.495360000000005	epochs	0.0
933.4090003967285	0.054639999999949396	epochs	0.0
933.4090003967285	0.02232040000001234	epochs	1.0
933.4313207967285	0.0099992000000384	epochs	1.0
933.4413199967286	0.022320399999898655	epochs	1.0
933.4636403967285	2.0	epochs	0.0
935.4636403967285	0.5052800000000843	epochs	0.0
935.4636403967285	0.5052800000000843	epochs	1.0
935.4636451967285	0.5	epochs	-1.0
935.9636451967285	0.005275200000028235	epochs	-1.0
935.9689203967285	21.494640000000004	epochs	0.0
937.3410000801086	0.054639999999949396	epochs	0.0
937.3410000801086	0.02232040000001234	epochs	1.0
937.3633204801087	0.0099992000000384	epochs	1.0
937.3733196801087	0.022320399999898655	epochs	1.0
937.3956400801086	2.0	epochs	0.0
939.3956400801086	0.5046399999999949	epochs	0.0
939.3956400801086	0.5046399999999949	epochs	1.0
939.3956448801086	0.5	epochs	-1.0
939.8956448801086	0.004635199999938777	epochs	-1.0
939.9002800801086	21.495280000000093	epochs	0.0
941.2590003013611	0.054639999999949396	epochs	0.0
941.2590003013611	0.02232040000001234	epochs	1.0
941.2813207013611	0.0099992000000384	epochs	1.0
941.2913199013611	0.022320399999898655	epochs	1.0
941.313640301361	2.0	epochs	0.0
943.313640301361	0.5054400000000214	epochs	0.0
943.313640301361	0.5054400000000214	epochs	1.0
943.3136451013611	0.5	epochs	-1.0
943.8136451013611	0.005435199999965334	epochs	-1.0
943.819080301361	21.494480000000067	epochs	0.0
945.2540001869202	0.054639999999949396	epochs	0.0
945.2540001869202	0.02232040000001234	epochs	1.0
945.2763205869202	0.0099992000000384	epochs	1.0
945.2863197869202	0.022320399999898655	epochs	1.0
945.3086401869201	2.0	epochs	0.0
947.3086401869201	5.384720000000016	epochs	0.0
947.3086401869201	1.0	epochs	1.0
947.3086449869202	0.5	epochs	-1.0
947.8086449869202	4.88471519999996	epochs	-1.0
948.3086401869201	4.384720000000016	epochs	1.0
948.3086401869201	4.356753900000058	epochs	-1.0
948.3086401869201	1.9745872000000873	epochs	2.0
948.3086401869201	1.0985622000000603	epochs	3.0
949.4072023869202	0.8760250000000269	epochs	3.0
950.2832273869202	1.352407499999913	epochs	2.0
950.2832273869202	0.7286354999999958	epochs	3.0
951.0118628869202	0.6237719999999172	epochs	3.0
951.6356348869201	1.0297592000000577	epochs	2.0
951.6356348869201	0.5453293000000485	epochs	3.0
952.1809641869202	0.4844299000000092	epochs	3.0
952.6653940869202	0.027966099999957805	epochs	2.0
952.6653940869202	0.027966099999957805	epochs	3.0
952.6933601869201	16.615200000000073	epochs	0.0
953.9470000267029	0.054639999999949396	epochs	0.0
953.9470000267029	0.02232040000001234	epochs	1.0
953.9693204267029	0.0099992000000384	epochs	1.0
953.9793196267029	0.022320399999898655	epochs	1.0
954.0016400267028	2.0	epochs	0.0
956.0016400267028	0.5056000000000722	epochs	0.0
956.0016400267028	0.5056000000000722	epochs	1.0
956.0016448267029	0.5	epochs	-1.0
956.5016448267029	0.005595200000016121	epochs	-1.0
956.5072400267029	21.494320000000016	epochs	0.0
957.8510003089905	0.054639999999949396	epochs	0.0
957.8510003089905	0.02232040000001234	epochs	1.0
957.8733207089905	0.0099992000000384	epochs	1.0
957.8833199089905	0.022320399999898655	epochs	1.0
957.9056403089904	2.0	epochs	0.0
959.9056403089904	0.5052000000000589	epochs	0.0
959.9056403089904	0.5052000000000589	epochs	1.0
959.9056451089905	0.5	epochs	-1.0
960.4056451089905	0.005195200000002842	epochs	-1.0
960.4108403089905	21.49472000000003	epochs	0.0
961.6450004577637	0.054639999999949396	epochs	0.0
961.6450004577637	0.02232040000001234	epochs	1.0
961.6673208577637	0.0099992000000384	epochs	1.0
961.6773200577637	0.022320399999898655	epochs	1.0
961.6996404577636	2.0	epochs	0.0
963.6996404577636	21.524880000000053	epochs	0.0
963.6996404577636	1.0	epochs	1.0
963.6996452577637	0.5	epochs	-1.0
964.1996452577637	19.999599999999987	epochs	-1.0
964.6996404577636	20.0	epochs	1.0
964.6996404577636	4.356753900000058	epochs	-1.0
964.6996404577636	1.9745872000000873	epochs	2.0
964.6996404577636	1.0985622000000603	epochs	3.0
965.7982026577637	0.8760250000000269	epochs	3.0
966.6742276577637	1.352407499999913	epochs	2.0
966.6742276577637	0.7286354999999958	epochs	3.0
967.4028631577637	0.6237719999999172	epochs	3.0
968.0266351577636	1.0297592000000577	epochs	2.0
968.0266351577636	0.5453293000000485	epochs	3.0
968.5719644577637	0.4844299000000092	epochs	3.0
969.0563943577637	0.8317862000000105	epochs	2.0
969.0563943577637	0.4357763000000432	epochs	3.0
969.4921706577637	0.3960098999999673	epochs	3.0
969.8881805577637	0.6977970000000369	epochs	2.0
969.8881805577637	0.3628982000000178	epochs	3.0
970.2510787577637	0.33489880000001904	epochs	3.0
970.5859775577637	0.601045699999986	epochs	2.0
970.5859775577637	0.3109122999999272	epochs	3.0
970.8968898577637	0.2901334000000588	epochs	3.0
971.1870232577637	0.5278859000000011	epochs	2.0
971.1870232577637	0.2719585999999481	epochs	3.0
971.4589818577637	0.25592730000005304	epochs	3.0
971.7149091577637	0.470619299999953	epochs	2.0
971.7149091577637	0.241681299999982	epochs	3.0
971.9565904577637	0.228937999999971	epochs	3.0
972.1855284577637	0.42457039999999324	epochs	2.0
972.1855284577637	0.21747140000002219	epochs	3.0
972.4029998577637	0.20709899999997106	epochs	3.0
972.6100988577637	0.3867354000000205	epochs	2.0
972.6100988577637	0.19767109999997956	epochs	3.0
972.8077699577636	0.18906430000004093	epochs	3.0
972.9968342577637	0.3550953000000163	epochs	2.0
972.9968342577637	0.18117589999997108	epochs	3.0
973.1780101577637	0.17391940000004524	epochs	3.0
973.3519295577637	0.3282431000000088	epochs	2.0
973.3519295577637	0.16722189999995862	epochs	3.0
973.5191514577637	0.16102120000005016	epochs	3.0
973.6801726577637	0.30516799999998057	epochs	2.0
973.6801726577637	0.15526389999990897	epochs	3.0
973.8354365577636	0.1499041000000716	epochs	3.0
973.9853406577637	0.28512530000000424	epochs	2.0
973.9853406577637	0.1449020999999675	epochs	3.0
974.1302427577637	0.14022320000003674	epochs	3.0
974.2704659577637	0.2675537999999733	epochs	2.0
974.2704659577637	0.1358368999999584	epochs	3.0
974.4063028577636	0.1317169000000149	epochs	3.0
974.5380197577637	0.2520229000000427	epochs	2.0
974.5380197577637	0.1278393000000051	epochs	3.0
974.6658590577637	0.12418360000003759	epochs	3.0
974.7900426577637	0.23819649999995818	epochs	2.0
974.7900426577637	0.12073109999994358	epochs	3.0
974.9107737577636	0.1174654000000146	epochs	3.0
975.0282391577637	0.2258087999999816	epochs	2.0
975.0282391577637	0.11437190000003739	epochs	3.0
975.1426110577637	0.11143689999994422	epochs	3.0
975.2540479577636	0.2146460000000161	epochs	2.0
975.2540479577636	0.10864890000004834	epochs	3.0
975.3626968577637	0.10599709999996776	epochs	3.0
975.4686939577637	0.20453499999996438	epochs	2.0
975.4686939577637	0.10347149999995509	epochs	3.0
975.5721654577636	0.1010635000000093	epochs	3.0
975.6732289577636	0.19533400000000256	epochs	2.0
975.6732289577636	0.09876510000003691	epochs	3.0
975.7719940577637	0.09656889999996565	epochs	3.0
975.8685629577636	0.1869253000000981	epochs	2.0
975.8685629577636	0.09446830000001682	epochs	3.0
975.9630312577636	0.09245700000008128	epochs	3.0
976.0554882577637	0.17921069999999872	epochs	2.0
976.0554882577637	0.09052959999996801	epochs	3.0
976.1460178577637	0.08868110000003071	epochs	3.0
976.2346989577637	0.17210769999996955	epochs	2.0
976.2346989577637	0.08690629999989596	epochs	3.0
976.3216052577636	0.08520140000007359	epochs	3.0
976.4068066577637	0.1655463999999256	epochs	2.0
976.4068066577637	0.08356189999994967	epochs	3.0
976.4903685577636	0.08198449999997592	epochs	3.0
976.5723530577636	0.15946710000002895	epochs	2.0
976.5723530577636	0.08046540000009372	epochs	3.0
976.6528184577637	0.07900169999993523	epochs	3.0
976.7318201577637	0.15381839999997737	epochs	2.0
976.7318201577637	0.07759010000006583	epochs	3.0
976.8094102577637	0.07622829999991154	epochs	3.0
976.8856385577636	0.14855640000007497	epochs	2.0
976.8856385577636	0.07491330000004837	epochs	3.0
976.9605518577637	0.0736431000000266	epochs	3.0
977.0341949577637	0.14364239999997608	epochs	2.0
977.0341949577637	0.07241499999997814	epochs	3.0
977.1066099577637	0.07122739999999794	epochs	3.0
977.1778373577637	0.13904309999998077	epochs	2.0
977.1778373577637	0.07007799999996678	epochs	3.0
977.2479153577636	0.06896510000001399	epochs	3.0
977.3168804577637	0.1347293000000036	epochs	2.0
977.3168804577637	0.0678871000000072	epochs	3.0
977.3847675577637	0.06684219999999641	epochs	3.0
977.4516097577637	0.1306752000000415	epochs	2.0
977.4516097577637	0.06582909999997355	epochs	3.0
977.5174388577636	0.06484610000006796	epochs	3.0
977.5822849577637	0.1268577999999252	epochs	2.0
977.5822849577637	0.06389200000000983	epochs	3.0
977.6461769577637	0.06296579999991536	epochs	3.0
977.7091427577636	0.12325720000001184	epochs	2.0
977.7091427577636	0.06206580000002759	epochs	3.0
977.7712085577637	0.06119139999998424	epochs	3.0
977.8323999577636	0.11985540000000583	epochs	2.0
977.8323999577636	0.06034110000007331	epochs	3.0
977.8927410577637	0.05951429999993252	epochs	3.0
977.9522553577636	0.11663620000001629	epochs	2.0
977.9522553577636	0.05870960000004288	epochs	3.0
978.0109649577637	0.057926599999973405	epochs	3.0
978.0688915577637	0.11358559999996487	epochs	2.0
978.0688915577637	0.05716419999998834	epochs	3.0
978.1260557577637	0.05642139999997653	epochs	3.0
978.1824771577636	0.11069050000003244	epochs	2.0
978.1824771577636	0.055697900000041045	epochs	3.0
978.2381750577637	0.0549925999999914	epochs	3.0
978.2931676577637	0.1079391000000669	epochs	2.0
978.2931676577637	0.05430490000003374	epochs	3.0
978.3474725577637	0.05363420000003316	epochs	3.0
978.4011067577637	0.10532149999994544	epochs	2.0
978.4011067577637	0.05297999999993408	epochs	3.0
978.4540867577637	0.052341500000011365	epochs	3.0
978.5064282577637	0.10282759999995505	epochs	2.0
978.5064282577637	0.05171810000001642	epochs	3.0
978.5581463577637	0.051109499999938635	epochs	3.0
978.6092558577636	0.10044909999999163	epochs	2.0
978.6092558577636	0.050514900000052876	epochs	3.0
978.6597707577637	0.049934199999938755	epochs	3.0
978.7097049577636	0.09817830000008598	epochs	2.0
978.7097049577636	0.049366600000098515	epochs	3.0
978.7590715577637	0.04881169999998747	epochs	3.0
978.8078832577637	0.09600779999993847	epochs	2.0
978.8078832577637	0.04826919999993606	epochs	3.0
978.8561524577636	0.04773860000000241	epochs	3.0
978.9038910577636	0.09393120000004274	epochs	2.0
978.9038910577636	0.04721949999998287	epochs	3.0
978.9511105577636	0.046711700000059864	epochs	3.0
978.9978222577637	0.09194260000003851	epochs	2.0
978.9978222577637	0.046214599999984785	epochs	3.0
979.0440368577637	0.045728000000053726	epochs	3.0
979.0897648577637	0.09003629999995155	epochs	2.0
979.0897648577637	0.045251499999949374	epochs	3.0
979.1350163577637	0.04478480000000218	epochs	3.0
979.1798011577637	0.08820760000003247	epochs	2.0
979.1798011577637	0.044327800000019124	epochs	3.0
979.2241289577637	0.04387980000001335	epochs	3.0
979.2680087577637	0.0864516999999978	epochs	2.0
979.2680087577637	0.04344099999991613	epochs	3.0
979.3114497577636	0.04301070000008167	epochs	3.0
979.3544604577637	0.08476429999996071	epochs	2.0
979.3544604577637	0.04258899999990717	epochs	3.0
979.3970494577636	0.04217530000005354	epochs	3.0
979.4392247577637	0.08314150000001064	epochs	2.0
979.4392247577637	0.04176970000003166	epochs	3.0
979.4809944577637	0.041371799999978975	epochs	3.0
979.5223662577637	0.08157970000002024	epochs	2.0
979.5223662577637	0.040981399999964196	epochs	3.0
979.5633476577636	0.04059830000005604	epochs	3.0
979.6039459577637	0.08007550000002084	epochs	2.0
979.6039459577637	0.04022229999998217	epochs	3.0
979.6441682577637	0.03985320000003867	epochs	3.0
979.6840214577637	0.07862569999997504	epochs	2.0
979.6840214577637	0.0394907999999532	epochs	3.0
979.7235122577637	0.039134900000021844	epochs	3.0
979.7626471577637	0.07722760000001472	epochs	2.0
979.7626471577637	0.03878539999993791	epochs	3.0
979.8014325577636	0.03844220000007681	epochs	3.0
979.8398747577637	0.07587819999992007	epochs	2.0
979.8398747577637	0.03810479999992822	epochs	3.0
979.8779795577636	0.03777339999999185	epochs	3.0
979.9157529577636	0.0745752000000266	epochs	2.0
979.9157529577636	0.03744770000002973	epochs	3.0
979.9532006577637	0.03712749999999687	epochs	3.0
979.9903281577637	0.07331629999998768	epochs	2.0
979.9903281577637	0.036812899999972615	epochs	3.0
980.0271410577636	0.03650340000001506	epochs	3.0
980.0636444577636	0.07209899999998015	epochs	2.0
980.0636444577636	0.03619909999997617	epochs	3.0
980.0998435577636	0.03589990000000398	epochs	3.0
980.1357434577636	0.07092170000009901	epochs	2.0
980.1357434577636	0.03560560000005353	epochs	3.0
980.1713490577637	0.03531610000004548	epochs	3.0
980.2066651577637	0.0697819999999183	epochs	2.0
980.2066651577637	0.03503119999993487	epochs	3.0
980.2416963577637	0.03475079999998343	epochs	3.0
980.2764471577636	0.06867859999999837	epochs	2.0
980.2764471577636	0.03447510000000875	epochs	3.0
980.3109222577637	0.03420349999998962	epochs	3.0
980.3451257577636	0.06760930000007193	epochs	2.0
980.3451257577636	0.03393620000008468	epochs	3.0
980.3790619577637	0.033673099999987244	epochs	3.0
980.4127350577637	0.06657289999998284	epochs	2.0
980.4127350577637	0.03341399999999339	epochs	3.0
980.4461490577637	0.033158899999989444	epochs	3.0
980.4793079577637	0.06556779999993978	epochs	2.0
980.4793079577637	0.032907700000009754	epochs	3.0
980.5122156577637	0.032660099999930026	epochs	3.0
980.5448757577636	0.06459260000008271	epochs	2.0
980.5448757577636	0.032416399999988244	epochs	3.0
980.5772921577636	0.03217620000009447	epochs	3.0
980.6094683577637	0.0636459999999488	epochs	2.0
980.6094683577637	0.03193959999998697	epochs	3.0
980.6414079577637	0.03170639999996183	epochs	3.0
980.6731143577637	0.0627266999999847	epochs	2.0
980.6731143577637	0.03147660000001906	epochs	3.0
980.7045909577637	0.03125009999996564	epochs	3.0
980.7358410577637	0.06183359999999993	epochs	2.0
980.7358410577637	0.031026900000028945	epochs	3.0
980.7668679577637	0.030806699999970988	epochs	3.0
980.7976746577637	0.06096560000003137	epochs	2.0
980.7976746577637	0.030589800000029754	epochs	3.0
980.8282644577637	0.030375800000001618	epochs	3.0
980.8586402577637	0.06012160000000222	epochs	2.0
980.8586402577637	0.030164900000045236	epochs	3.0
980.8888051577637	0.02995669999995698	epochs	3.0
980.9187618577637	0.05930069999999432	epochs	2.0
980.9187618577637	0.02975159999994048	epochs	3.0
980.9485134577636	0.02954910000005384	epochs	3.0
980.9780625577637	0.05850180000004457	epochs	2.0
980.9780625577637	0.02934940000000097	epochs	3.0
981.0074119577637	0.0291524000000436	epochs	3.0
981.0365643577637	0.05772419999993872	epochs	2.0
981.0365643577637	0.028957999999988715	epochs	3.0
981.0655223577637	0.028766199999950004	epochs	3.0
981.0942885577637	0.05696709999995164	epochs	2.0
981.0942885577637	0.028577000000041153	epochs	3.0
981.1228655577637	0.02839009999991049	epochs	3.0
981.1512556577636	0.056229500000085864	epochs	2.0
981.1512556577636	0.028205700000057732	epochs	3.0
981.1794613577637	0.028023800000028132	epochs	3.0
981.2074851577637	0.05551070000001346	epochs	2.0
981.2074851577637	0.027843999999959124	epochs	3.0
981.2353291577637	0.027666700000054334	epochs	3.0
981.2629958577637	0.05481019999990622	epochs	2.0
981.2629958577637	0.02749149999999645	epochs	3.0
981.2904873577637	0.027318699999909768	epochs	3.0
981.3178060577636	0.05412700000010773	epochs	2.0
981.3178060577636	0.02714780000007977	epochs	3.0
981.3449538577637	0.02697920000002796	epochs	3.0
981.3719330577637	0.053460699999959616	epochs	2.0
981.3719330577637	0.0268125999999711	epochs	3.0
981.3987456577637	0.026648099999988517	epochs	3.0
981.4253937577637	0.05281070000000909	epochs	2.0
981.4253937577637	0.026485600000000886	epochs	3.0
981.4518793577637	0.026325100000008206	epochs	3.0
981.4782044577637	0.05217619999996259	epochs	2.0
981.4782044577637	0.026166399999965506	epochs	3.0
981.5043708577637	0.026009799999997085	epochs	3.0
981.5303806577637	0.051556699999991906	epochs	2.0
981.5303806577637	0.025854800000047362	epochs	3.0
981.5562354577637	0.025701899999944544	epochs	3.0
981.5819373577636	0.05095189999997274	epochs	2.0
981.5819373577636	0.02555070000005344	epochs	3.0
981.6074880577637	0.0254011999999193	epochs	3.0
981.6328892577636	0.05036100000006627	epochs	2.0
981.6328892577636	0.0252535000000762	epochs	3.0
981.6581427577637	0.02510749999999007	epochs	3.0
981.6832502577637	0.049783800000000156	epochs	2.0
981.6832502577637	0.02496320000000196	epochs	3.0
981.7082134577637	0.024820599999998194	epochs	3.0
981.7330340577637	0.04921949999993558	epochs	2.0
981.7330340577637	0.024679399999968155	epochs	3.0
981.7577134577637	0.024540099999967424	epochs	3.0
981.7822535577636	0.04866790000005494	epochs	2.0
981.7822535577636	0.024402100000088467	epochs	3.0
981.8066556577637	0.024265799999966475	epochs	3.0
981.8309214577637	0.04812860000004093	epochs	2.0
981.8309214577637	0.024131000000011227	epochs	3.0
981.8550524577637	0.023997600000029706	epochs	3.0
981.8790500577637	0.04760109999995166	epochs	2.0
981.8790500577637	0.023865799999953197	epochs	3.0
981.9029158577637	0.02373529999999846	epochs	3.0
981.9266511577637	0.047085000000038235	epochs	2.0
981.9266511577637	0.023606299999983094	epochs	3.0
981.9502574577637	0.02347870000005514	epochs	3.0
981.9737361577637	0.046579999999948996	epochs	2.0
981.9737361577637	0.02335249999998723	epochs	3.0
981.9970886577637	0.023227499999961765	epochs	3.0
982.0203161577637	0.046085700000048746	epochs	2.0
982.0203161577637	0.023103999999989355	epochs	3.0
982.0434201577636	0.02298170000005939	epochs	3.0
982.0664018577637	0.045601799999985815	epochs	2.0
982.0664018577637	0.02286069999991014	epochs	3.0
982.0892625577636	0.022741100000075676	epochs	3.0
982.1120036577637	0.04512790000001132	epochs	2.0
982.1120036577637	0.022622500000011314	epochs	3.0
982.1346261577637	0.02250540000000001	epochs	3.0
982.1571315577637	0.044663799999966614	epochs	2.0
982.1571315577637	0.02238929999998618	epochs	3.0
982.1795208577637	0.022274499999980435	epochs	3.0
982.2017953577637	0.04420919999995476	epochs	2.0
982.2017953577637	0.022160800000051495	epochs	3.0
982.2239561577637	0.022048399999903268	epochs	3.0
982.2460045577636	0.043763600000033875	epochs	2.0
982.2460045577636	0.021936900000014248	epochs	3.0
982.2679414577636	0.021826700000019628	epochs	3.0
982.2897681577637	0.04332710000005591	epochs	2.0
982.2897681577637	0.021717599999988124	epochs	3.0
982.3114857577636	0.021609500000067783	epochs	3.0
982.3330952577637	0.042898999999920306	epochs	2.0
982.3330952577637	0.02150249999999687	epochs	3.0
982.3545977577637	0.021396499999923435	epochs	3.0
982.3759942577636	0.042479500000013104	epochs	2.0
982.3759942577636	0.02129170000000613	epochs	3.0
982.3972859577636	0.021187800000006973	epochs	3.0
982.4184737577636	0.042067900000006375	epochs	2.0
982.4184737577636	0.02108490000000529	epochs	3.0
982.4395586577637	0.020983000000001084	epochs	3.0
982.4605416577637	0.04166440000005878	epochs	2.0
982.4605416577637	0.02088220000007368	epochs	3.0
982.4814238577637	0.020782199999985096	epochs	3.0
982.5022060577637	0.04126850000000104	epochs	2.0
982.5022060577637	0.020683299999973315	epochs	3.0
982.5228893577637	0.020585200000027726	epochs	3.0
982.5434745577637	0.040879999999901884	epochs	2.0
982.5434745577637	0.020488099999965925	epochs	3.0
982.5639626577637	0.02039189999993596	epochs	3.0
982.5843545577636	0.04049880000002304	epochs	2.0
982.5843545577636	0.020296600000051512	epochs	3.0
982.6046511577637	0.020202199999971526	epochs	3.0
982.6248533577636	0.04012460000001283	epochs	2.0
982.6248533577636	0.02010870000003706	epochs	3.0
982.6449620577637	0.020015899999975773	epochs	3.0
982.6649779577637	0.03975730000001931	epochs	2.0
982.6649779577637	0.019924199999991288	epochs	3.0
982.6849021577636	0.019833100000028026	epochs	3.0
982.7047352577637	0.03939669999999751	epochs	2.0
982.7047352577637	0.01974299999994855	epochs	3.0
982.7244782577636	0.019653700000048957	epochs	3.0
982.7441319577637	0.03904239999997117	epochs	2.0
982.7441319577637	0.01956510000002254	epochs	3.0
982.7636970577637	0.019477299999948627	epochs	3.0
982.7831743577636	0.03869459999998526	epochs	2.0
982.7831743577636	0.019390400000020236	epochs	3.0
982.8025647577637	0.01930419999996502	epochs	3.0
982.8218689577636	0.03835290000006353	epochs	2.0
982.8218689577636	0.019218800000089686	epochs	3.0
982.8410877577637	0.01913409999997384	epochs	3.0
982.8602218577637	0.03801720000001296	epochs	2.0
982.8602218577637	0.019050200000037876	epochs	3.0
982.8792720577637	0.018966999999975087	epochs	3.0
982.8982390577637	0.03768719999993664	epochs	2.0
982.8982390577637	0.01888450000001285	epochs	3.0
982.9171235577637	0.01880269999992379	epochs	3.0
982.9359262577636	0.03736309999999321	epochs	2.0
982.9359262577636	0.018721700000014607	epochs	3.0
982.9546479577637	0.018641399999978603	epochs	3.0
982.9732893577636	0.03704430000004777	epochs	2.0
982.9732893577636	0.01856159999999818	epochs	3.0
982.9918509577636	0.01848270000004959	epochs	3.0
983.0103336577637	0.0367310000000316	epochs	2.0
983.0103336577637	0.018404300000042895	epochs	3.0
983.0287379577637	0.018326699999988705	epochs	3.0
983.0470646577637	0.03642289999993409	epochs	2.0
983.0470646577637	0.018249599999990096	epochs	3.0
983.0653142577637	0.018173299999943993	epochs	3.0
983.0834875577636	0.03612010000006194	epochs	2.0
983.0834875577636	0.0180976000000328	epochs	3.0
983.1015851577637	0.01802250000002914	epochs	3.0
983.1196076577637	0.03582209999990482	epochs	2.0
983.1196076577637	0.017947899999967376	epochs	3.0
983.1375555577637	0.017874199999937446	epochs	3.0
983.1554297577636	0.0355290000001105	epochs	2.0
983.1554297577636	0.017800800000031813	epochs	3.0
983.1732305577636	0.017728200000078687	epochs	3.0
983.1909587577637	0.035240699999917524	epochs	2.0
983.1909587577637	0.017656099999953767	epochs	3.0
983.2086148577637	0.017584599999963757	epochs	3.0
983.2261994577636	0.034957100000042374	epochs	2.0
983.2261994577636	0.01751369999999497	epochs	3.0
983.2437131577636	0.017443400000047404	epochs	3.0
983.2611565577637	0.03467790000001969	epochs	2.0
983.2611565577637	0.017373600000041733	epochs	3.0
983.2785301577637	0.017304299999977957	epochs	3.0
983.2958344577637	0.03440330000000813	epochs	2.0
983.2958344577637	0.01723570000001473	epochs	3.0
983.3130701577637	0.0171675999999934	epochs	3.0
983.3302377577637	0.03413279999995211	epochs	2.0
983.3302377577637	0.01709989999994832	epochs	3.0
983.3473376577637	0.017032900000003792	epochs	3.0
983.3643705577637	0.033866699999975935	epochs	2.0
983.3643705577637	0.01696640000000116	epochs	3.0
983.3813369577637	0.016900299999974777	epochs	3.0
983.3982372577636	0.03360459999998966	epochs	2.0
983.3982372577636	0.016834800000083305	epochs	3.0
983.4150720577637	0.016769799999906354	epochs	3.0
983.4318418577636	0.03334660000007261	epochs	2.0
983.4318418577636	0.016705300000012357	epochs	3.0
983.4485471577636	0.016641300000060255	epochs	3.0
983.4651884577637	0.03309249999995245	epochs	2.0
983.4651884577637	0.01657779999993636	epochs	3.0
983.4817662577636	0.01651470000001609	epochs	3.0
983.4982809577637	0.03284229999997024	epochs	2.0
983.4982809577637	0.01645220000000336	epochs	3.0
983.5147331577637	0.01639009999996688	epochs	3.0
983.5311232577636	0.03259570000000167	epochs	2.0
983.5311232577636	0.016328400000020338	epochs	3.0
983.5474516577636	0.016267299999981333	epochs	3.0
983.5637189577636	0.03235290000009172	epochs	2.0
983.5637189577636	0.016206600000032267	epochs	3.0
983.5799255577637	0.016146300000059455	epochs	3.0
983.5960718577637	0.03211369999996805	epochs	2.0
983.5960718577637	0.016086599999994178	epochs	3.0
983.6121584577637	0.01602709999997387	epochs	3.0
983.6281855577637	0.03187800000000607	epochs	2.0
983.6281855577637	0.015968199999974786	epochs	3.0
983.6441537577637	0.015909800000031282	epochs	3.0
983.6600635577637	0.031645700000012766	epochs	2.0
983.6600635577637	0.01585160000001906	epochs	3.0
983.6759151577637	0.015794099999993705	epochs	3.0
983.6917092577637	0.031416699999908815	epochs	2.0
983.6917092577637	0.01573669999993399	epochs	3.0
983.7074459577636	0.015679999999974825	epochs	3.0
983.7231259577636	0.031191100000114602	epochs	2.0
983.7231259577636	0.015623600000026272	epochs	3.0
983.7387495577636	0.01556750000008833	epochs	3.0
983.7543170577637	0.030968699999903038	epochs	2.0
983.7543170577637	0.015511999999944237	epochs	3.0
983.7698290577637	0.0154566999999588	epochs	3.0
983.7852857577636	0.03074950000006993	epochs	2.0
983.7852857577636	0.015401999999994587	epochs	3.0
983.8006877577636	0.015347500000075343	epochs	3.0
983.8160352577637	0.030533199999922545	epochs	2.0
983.8160352577637	0.015293400000018664	epochs	3.0
983.8313286577637	0.01523979999990388	epochs	3.0
983.8465684577636	0.03032010000003993	epochs	2.0
983.8465684577636	0.015186500000027081	epochs	3.0
983.8617549577637	0.015133600000012848	epochs	3.0
983.8768885577637	0.030109899999956724	epochs	2.0
983.8768885577637	0.015081000000009226	epochs	3.0
983.8919695577637	0.015028899999947498	epochs	3.0
983.9069984577636	0.02990250000004835	epochs	2.0
983.9069984577636	0.014977000000044427	epochs	3.0
983.9219754577637	0.014925500000003922	epochs	3.0
983.9369009577637	0.029698100000018712	epochs	2.0
983.9369009577637	0.014874400000053356	epochs	3.0
983.9517753577637	0.014823699999965356	epochs	3.0
983.9665990577637	0.02949630000000525	epochs	2.0
983.9665990577637	0.014773200000036013	epochs	3.0
983.9813722577637	0.014723099999969236	epochs	3.0
983.9960953577637	0.02929740000001857	epochs	2.0
983.9960953577637	0.014673399999992398	epochs	3.0
984.0107687577637	0.014624000000026172	epochs	3.0
984.0253927577637	0.029101099999934377	epochs	2.0
984.0253927577637	0.01457489999995687	epochs	3.0
984.0399676577637	0.014526199999977507	epochs	3.0
984.0544938577636	0.028907399999980044	epochs	2.0
984.0544938577636	0.014477700000043114	epochs	3.0
984.0689715577637	0.014429699999936929	epochs	3.0
984.0834012577636	0.028716200000076242	epochs	2.0
984.0834012577636	0.014381800000023759	epochs	3.0
984.0977830577636	0.014334400000052483	epochs	3.0
984.1121174577637	0.02852759999996124	epochs	2.0
984.1121174577637	0.01428720000001249	epochs	3.0
984.1264046577637	0.01424039999994875	epochs	3.0
984.1406450577637	0.028341400000044814	epochs	2.0
984.1406450577637	0.014193800000043666	epochs	3.0
984.1548388577637	0.014147600000001148	epochs	3.0
984.1689864577637	0.028157699999951546	epochs	2.0
984.1689864577637	0.014101699999969242	epochs	3.0
984.1830881577637	0.014055999999982305	epochs	3.0
984.1971441577637	0.027976299999977527	epochs	2.0
984.1971441577637	0.01401060000000598	epochs	3.0
984.2111547577637	0.013965699999971548	epochs	3.0
984.2251204577636	0.02779720000000907	epochs	2.0
984.2251204577636	0.013920800000050804	epochs	3.0
984.2390412577637	0.013876399999958267	epochs	3.0
984.2529176577636	0.027620400000046175	epochs	2.0
984.2529176577636	0.013832200000024386	epochs	3.0
984.2667498577637	0.013788200000021789	epochs	3.0
984.2805380577637	0.027445899999975154	epochs	2.0
984.2805380577637	0.013744599999995444	epochs	3.0
984.2942826577637	0.01370129999997971	epochs	3.0
984.3079839577637	0.027273499999978412	epochs	2.0
984.3079839577637	0.013658200000008947	epochs	3.0
984.3216421577637	0.013615299999969466	epochs	3.0
984.3352574577636	0.027103399999987232	epochs	2.0
984.3352574577636	0.013572800000019924	epochs	3.0
984.3488302577637	0.013530599999967308	epochs	3.0
984.3623608577636	0.02693520000002536	epochs	2.0
984.3623608577636	0.013488400000028378	epochs	3.0
984.3758492577637	0.013446799999996983	epochs	3.0
984.3892960577637	0.026769199999989723	epochs	2.0
984.3892960577637	0.013405199999965589	epochs	3.0
984.4027012577636	0.013364000000024134	epochs	3.0
984.4160652577636	0.026605200000062723	epochs	2.0
984.4160652577636	0.013322900000048321	epochs	3.0
984.4293881577637	0.013282300000014402	epochs	3.0
984.4426704577637	0.026443200000016986	epochs	2.0
984.4426704577637	0.013241699999980483	epochs	3.0
984.4559121577637	0.013201500000036503	epochs	3.0
984.4691136577637	0.0262831999999662	epochs	2.0
984.4691136577637	0.01316149999991012	epochs	3.0
984.4822751577636	0.01312170000005608	epochs	3.0
984.4953968577637	0.02612499999997908	epochs	2.0
984.4953968577637	0.013082100000019636	epochs	3.0
984.5084789577637	0.013042899999959445	epochs	3.0
984.5215218577637	0.025968899999952555	epochs	2.0
984.5215218577637	0.013003899999944224	epochs	3.0
984.5345257577636	0.012965000000008331	epochs	3.0
984.5474907577636	0.025814500000024054	epochs	2.0
984.5474907577636	0.01292640000008305	epochs	3.0
984.5604171577637	0.012888099999941005	epochs	3.0
984.5733052577636	0.025661900000045534	epochs	2.0
984.5733052577636	0.012849899999991976	epochs	3.0
984.5861551577636	0.012812000000053558	epochs	3.0
984.5989671577637	0.025511199999982637	epochs	2.0
984.5989671577637	0.012774400000012065	epochs	3.0
984.6117415577637	0.012736799999970572	epochs	3.0
984.6244783577637	0.025362299999983406	epochs	2.0
984.6244783577637	0.01269969999998466	epochs	3.0
984.6371780577637	0.012662599999998747	epochs	3.0
984.6498406577637	0.025215000000002874	epochs	2.0
984.6498406577637	0.012625800000023446	epochs	3.0
984.6624664577637	0.012589199999979428	epochs	3.0
984.6750556577637	0.024584799999956886	epochs	2.0
984.6992452577637	0.5	epochs	-1.0
984.6996404577636	0.5248800000000529	epochs	1.0
985.2245204577637	0.47504000000003543	epochs	0.0
986.5280003547668	0.054639999999949396	epochs	0.0
986.5280003547668	0.02232040000001234	epochs	1.0
986.5503207547669	0.0099992000000384	epochs	1.0
986.5603199547669	0.022320399999898655	epochs	1.0
986.5826403547668	2.0	epochs	0.0
988.5826403547668	21.505040000000008	epochs	0.0
988.5826403547668	1.0	epochs	1.0
988.5826451547669	0.5	epochs	-1.0
989.0826451547669	19.999599999999987	epochs	-1.0
989.5826403547668	20.0	epochs	1.0
989.5826403547668	4.356753900000058	epochs	-1.0
989.5826403547668	1.9745872000000873	epochs	2.0
989.5826403547668	1.0985622000000603	epochs	3.0
990.6812025547669	0.8760250000000269	epochs	3.0
991.5572275547669	1.352407499999913	epochs	2.0
991.5572275547669	0.7286354999999958	epochs	3.0
992.2858630547669	0.6237719999999172	epochs	3.0
992.9096350547668	1.0297592000000577	epochs	2.0
992.9096350547668	0.5453293000000485	epochs	3.0
993.4549643547668	0.4844299000000092	epochs	3.0
993.9393942547669	0.8317862000000105	epochs	2.0
993.9393942547669	0.4357763000000432	epochs	3.0
994.3751705547669	0.3960098999999673	epochs	3.0
994.7711804547669	0.6977970000000369	epochs	2.0
994.7711804547669	0.3628982000000178	epochs	3.0
995.1340786547669	0.33489880000001904	epochs	3.0
995.4689774547669	0.601045699999986	epochs	2.0
995.4689774547669	0.3109122999999272	epochs	3.0
995.7798897547668	0.2901334000000588	epochs	3.0
996.0700231547669	0.5278859000000011	epochs	2.0
996.0700231547669	0.2719585999999481	epochs	3.0
996.3419817547668	0.25592730000005304	epochs	3.0
996.5979090547669	0.470619299999953	epochs	2.0
996.5979090547669	0.241681299999982	epochs	3.0
996.8395903547669	0.228937999999971	epochs	3.0
997.0685283547668	0.42457039999999324	epochs	2.0
997.0685283547668	0.21747140000002219	epochs	3.0
997.2859997547669	0.20709899999997106	epochs	3.0
997.4930987547668	0.3867354000000205	epochs	2.0
997.4930987547668	0.19767109999997956	epochs	3.0
997.6907698547668	0.18906430000004093	epochs	3.0
997.8798341547669	0.3550953000000163	epochs	2.0
997.8798341547669	0.18117589999997108	epochs	3.0
998.0610100547668	0.17391940000004524	epochs	3.0
998.2349294547669	0.3282431000000088	epochs	2.0
998.2349294547669	0.16722189999995862	epochs	3.0
998.4021513547668	0.16102120000005016	epochs	3.0
998.5631725547669	0.30516799999998057	epochs	2.0
998.5631725547669	0.15526389999990897	epochs	3.0
998.7184364547668	0.1499041000000716	epochs	3.0
998.8683405547669	0.28512530000000424	epochs	2.0
998.8683405547669	0.1449020999999675	epochs	3.0
999.0132426547668	0.14022320000003674	epochs	3.0
999.1534658547669	0.2675537999999733	epochs	2.0
999.1534658547669	0.1358368999999584	epochs	3.0
999.2893027547668	0.1317169000000149	epochs	3.0
999.4210196547668	0.2520229000000427	epochs	2.0
999.4210196547668	0.1278393000000051	epochs	3.0
999.5488589547668	0.12418360000003759	epochs	3.0
999.6730425547669	0.23819649999995818	epochs	2.0
999.6730425547669	0.12073109999994358	epochs	3.0
999.7937736547668	0.1174654000000146	epochs	3.0
999.9112390547668	0.2258087999999816	epochs	2.0
999.9112390547668	0.11437190000003739	epochs	3.0
1000.0256109547669	0.11143689999994422	epochs	3.0
1000.1370478547668	0.2146460000000161	epochs	2.0
1000.1370478547668	0.10864890000004834	epochs	3.0
1000.2456967547669	0.10599709999996776	epochs	3.0
1000.3516938547668	0.20453499999996438	epochs	2.0
1000.3516938547668	0.10347149999995509	epochs	3.0
1000.4551653547668	0.1010635000000093	epochs	3.0
1000.5562288547668	0.19533400000000256	epochs	2.0
1000.5562288547668	0.09876510000003691	epochs	3.0
1000.6549939547668	0.09656889999996565	epochs	3.0
1000.7515628547668	0.1869253000000981	epochs	2.0
1000.7515628547668	0.09446830000001682	epochs	3.0
1000.8460311547668	0.09245700000008128	epochs	3.0
1000.9384881547669	0.17921069999999872	epochs	2.0
1000.9384881547669	0.09052959999996801	epochs	3.0
1001.0290177547669	0.08868110000003071	epochs	3.0
1001.1176988547669	0.17210769999996955	epochs	2.0
1001.1176988547669	0.08690629999989596	epochs	3.0
1001.2046051547668	0.08520140000007359	epochs	3.0
1001.2898065547669	0.1655463999999256	epochs	2.0
1001.2898065547669	0.08356189999994967	epochs	3.0
1001.3733684547668	0.08198449999997592	epochs	3.0
1001.4553529547668	0.15946710000002895	epochs	2.0
1001.4553529547668	0.08046540000009372	epochs	3.0
1001.5358183547669	0.07900169999993523	epochs	3.0
1001.6148200547668	0.15381839999997737	epochs	2.0
1001.6148200547668	0.07759010000006583	epochs	3.0
1001.6924101547669	0.07622829999991154	epochs	3.0
1001.7686384547668	0.14855640000007497	epochs	2.0
1001.7686384547668	0.07491330000004837	epochs	3.0
1001.8435517547668	0.0736431000000266	epochs	3.0
1001.9171948547669	0.14364239999997608	epochs	2.0
1001.9171948547669	0.07241499999997814	epochs	3.0
1001.9896098547669	0.07122739999999794	epochs	3.0
1002.0608372547669	0.13904309999998077	epochs	2.0
1002.0608372547669	0.07007799999996678	epochs	3.0
1002.1309152547668	0.06896510000001399	epochs	3.0
1002.1998803547668	0.1347293000000036	epochs	2.0
1002.1998803547668	0.0678871000000072	epochs	3.0
1002.2677674547668	0.06684219999999641	epochs	3.0
1002.3346096547668	0.1306752000000415	epochs	2.0
1002.3346096547668	0.06582909999997355	epochs	3.0
1002.4004387547668	0.06484610000006796	epochs	3.0
1002.4652848547669	0.1268577999999252	epochs	2.0
1002.4652848547669	0.06389200000000983	epochs	3.0
1002.5291768547669	0.06296579999991536	epochs	3.0
1002.5921426547668	0.12325720000001184	epochs	2.0
1002.5921426547668	0.06206580000002759	epochs	3.0
1002.6542084547668	0.06119139999998424	epochs	3.0
1002.7153998547668	0.11985540000000583	epochs	2.0
1002.7153998547668	0.06034110000007331	epochs	3.0
1002.7757409547669	0.05951429999993252	epochs	3.0
1002.8352552547668	0.11663620000001629	epochs	2.0
1002.8352552547668	0.05870960000004288	epochs	3.0
1002.8939648547669	0.057926599999973405	epochs	3.0
1002.9518914547668	0.11358559999996487	epochs	2.0
1002.9518914547668	0.05716419999998834	epochs	3.0
1003.0090556547668	0.05642139999997653	epochs	3.0
1003.0654770547668	0.11069050000003244	epochs	2.0
1003.0654770547668	0.055697900000041045	epochs	3.0
1003.1211749547668	0.0549925999999914	epochs	3.0
1003.1761675547668	0.1079391000000669	epochs	2.0
1003.1761675547668	0.05430490000003374	epochs	3.0
1003.2304724547669	0.05363420000003316	epochs	3.0
1003.2841066547669	0.10532149999994544	epochs	2.0
1003.2841066547669	0.05297999999993408	epochs	3.0
1003.3370866547668	0.052341500000011365	epochs	3.0
1003.3894281547668	0.10282759999995505	epochs	2.0
1003.3894281547668	0.05171810000001642	epochs	3.0
1003.4411462547669	0.051109499999938635	epochs	3.0
1003.4922557547668	0.10044909999999163	epochs	2.0
1003.4922557547668	0.050514900000052876	epochs	3.0
1003.5427706547669	0.049934199999938755	epochs	3.0
1003.5927048547668	0.09817830000008598	epochs	2.0
1003.5927048547668	0.049366600000098515	epochs	3.0
1003.6420714547669	0.04881169999998747	epochs	3.0
1003.6908831547669	0.09600779999993847	epochs	2.0
1003.6908831547669	0.04826919999993606	epochs	3.0
1003.7391523547668	0.04773860000000241	epochs	3.0
1003.7868909547668	0.09393120000004274	epochs	2.0
1003.7868909547668	0.04721949999998287	epochs	3.0
1003.8341104547668	0.046711700000059864	epochs	3.0
1003.8808221547669	0.09194260000003851	epochs	2.0
1003.8808221547669	0.046214599999984785	epochs	3.0
1003.9270367547668	0.045728000000053726	epochs	3.0
1003.9727647547669	0.09003629999995155	epochs	2.0
1003.9727647547669	0.045251499999949374	epochs	3.0
1004.0180162547668	0.04478480000000218	epochs	3.0
1004.0628010547669	0.08820760000003247	epochs	2.0
1004.0628010547669	0.044327800000019124	epochs	3.0
1004.1071288547669	0.04387980000001335	epochs	3.0
1004.1510086547669	0.0864516999999978	epochs	2.0
1004.1510086547669	0.04344099999991613	epochs	3.0
1004.1944496547668	0.04301070000008167	epochs	3.0
1004.2374603547669	0.08476429999996071	epochs	2.0
1004.2374603547669	0.04258899999990717	epochs	3.0
1004.2800493547668	0.04217530000005354	epochs	3.0
1004.3222246547668	0.08314150000001064	epochs	2.0
1004.3222246547668	0.04176970000003166	epochs	3.0
1004.3639943547669	0.041371799999978975	epochs	3.0
1004.4053661547669	0.08157970000002024	epochs	2.0
1004.4053661547669	0.040981399999964196	epochs	3.0
1004.4463475547668	0.04059830000005604	epochs	3.0
1004.4869458547669	0.08007550000002084	epochs	2.0
1004.4869458547669	0.04022229999998217	epochs	3.0
1004.5271681547669	0.03985320000003867	epochs	3.0
1004.5670213547669	0.07862569999997504	epochs	2.0
1004.5670213547669	0.0394907999999532	epochs	3.0
1004.6065121547668	0.039134900000021844	epochs	3.0
1004.6456470547669	0.07722760000001472	epochs	2.0
1004.6456470547669	0.03878539999993791	epochs	3.0
1004.6844324547668	0.03844220000007681	epochs	3.0
1004.7228746547669	0.07587819999992007	epochs	2.0
1004.7228746547669	0.03810479999992822	epochs	3.0
1004.7609794547668	0.03777339999999185	epochs	3.0
1004.7987528547668	0.0745752000000266	epochs	2.0
1004.7987528547668	0.03744770000002973	epochs	3.0
1004.8362005547668	0.03712749999999687	epochs	3.0
1004.8733280547668	0.07331629999998768	epochs	2.0
1004.8733280547668	0.036812899999972615	epochs	3.0
1004.9101409547668	0.03650340000001506	epochs	3.0
1004.9466443547668	0.07209899999998015	epochs	2.0
1004.9466443547668	0.03619909999997617	epochs	3.0
1004.9828434547668	0.03589990000000398	epochs	3.0
1005.0187433547668	0.07092170000009901	epochs	2.0
1005.0187433547668	0.03560560000005353	epochs	3.0
1005.0543489547669	0.03531610000004548	epochs	3.0
1005.0896650547669	0.0697819999999183	epochs	2.0
1005.0896650547669	0.03503119999993487	epochs	3.0
1005.1246962547668	0.03475079999998343	epochs	3.0
1005.1594470547668	0.06867859999999837	epochs	2.0
1005.1594470547668	0.03447510000000875	epochs	3.0
1005.1939221547668	0.03420349999998962	epochs	3.0
1005.2281256547668	0.06760930000007193	epochs	2.0
1005.2281256547668	0.03393620000008468	epochs	3.0
1005.2620618547669	0.033673099999987244	epochs	3.0
1005.2957349547669	0.06657289999998284	epochs	2.0
1005.2957349547669	0.03341399999999339	epochs	3.0
1005.3291489547669	0.033158899999989444	epochs	3.0
1005.3623078547669	0.06556779999993978	epochs	2.0
1005.3623078547669	0.032907700000009754	epochs	3.0
1005.3952155547669	0.032660099999930026	epochs	3.0
1005.4278756547668	0.06459260000008271	epochs	2.0
1005.4278756547668	0.032416399999988244	epochs	3.0
1005.4602920547668	0.03217620000009447	epochs	3.0
1005.4924682547669	0.0636459999999488	epochs	2.0
1005.4924682547669	0.03193959999998697	epochs	3.0
1005.5244078547669	0.03170639999996183	epochs	3.0
1005.5561142547668	0.0627266999999847	epochs	2.0
1005.5561142547668	0.03147660000001906	epochs	3.0
1005.5875908547669	0.03125009999996564	epochs	3.0
1005.6188409547668	0.06183359999999993	epochs	2.0
1005.6188409547668	0.031026900000028945	epochs	3.0
1005.6498678547669	0.030806699999970988	epochs	3.0
1005.6806745547668	0.06096560000003137	epochs	2.0
1005.6806745547668	0.030589800000029754	epochs	3.0
1005.7112643547669	0.030375800000001618	epochs	3.0
1005.7416401547669	0.06012160000000222	epochs	2.0
1005.7416401547669	0.030164900000045236	epochs	3.0
1005.7718050547669	0.02995669999995698	epochs	3.0
1005.8017617547669	0.05930069999999432	epochs	2.0
1005.8017617547669	0.02975159999994048	epochs	3.0
1005.8315133547668	0.02954910000005384	epochs	3.0
1005.8610624547669	0.05850180000004457	epochs	2.0
1005.8610624547669	0.02934940000000097	epochs	3.0
1005.8904118547669	0.0291524000000436	epochs	3.0
1005.9195642547669	0.05772419999993872	epochs	2.0
1005.9195642547669	0.028957999999988715	epochs	3.0
1005.9485222547669	0.028766199999950004	epochs	3.0
1005.9772884547668	0.05696709999995164	epochs	2.0
1005.9772884547668	0.028577000000041153	epochs	3.0
1006.0058654547669	0.02839009999991049	epochs	3.0
1006.0342555547668	0.056229500000085864	epochs	2.0
1006.0342555547668	0.028205700000057732	epochs	3.0
1006.0624612547668	0.028023800000028132	epochs	3.0
1006.0904850547669	0.05551070000001346	epochs	2.0
1006.0904850547669	0.027843999999959124	epochs	3.0
1006.1183290547668	0.027666700000054334	epochs	3.0
1006.1459957547669	0.05481019999990622	epochs	2.0
1006.1459957547669	0.02749149999999645	epochs	3.0
1006.1734872547669	0.027318699999909768	epochs	3.0
1006.2008059547668	0.05412700000010773	epochs	2.0
1006.2008059547668	0.02714780000007977	epochs	3.0
1006.2279537547669	0.02697920000002796	epochs	3.0
1006.2549329547669	0.053460699999959616	epochs	2.0
1006.2549329547669	0.0268125999999711	epochs	3.0
1006.2817455547669	0.026648099999988517	epochs	3.0
1006.3083936547669	0.05281070000000909	epochs	2.0
1006.3083936547669	0.026485600000000886	epochs	3.0
1006.3348792547669	0.026325100000008206	epochs	3.0
1006.3612043547669	0.05217619999996259	epochs	2.0
1006.3612043547669	0.026166399999965506	epochs	3.0
1006.3873707547668	0.026009799999997085	epochs	3.0
1006.4133805547668	0.051556699999991906	epochs	2.0
1006.4133805547668	0.025854800000047362	epochs	3.0
1006.4392353547669	0.025701899999944544	epochs	3.0
1006.4649372547668	0.05095189999997274	epochs	2.0
1006.4649372547668	0.02555070000005344	epochs	3.0
1006.4904879547669	0.0254011999999193	epochs	3.0
1006.5158891547668	0.05036100000006627	epochs	2.0
1006.5158891547668	0.0252535000000762	epochs	3.0
1006.5411426547669	0.02510749999999007	epochs	3.0
1006.5662501547669	0.049783800000000156	epochs	2.0
1006.5662501547669	0.02496320000000196	epochs	3.0
1006.5912133547669	0.024820599999998194	epochs	3.0
1006.6160339547669	0.04921949999993558	epochs	2.0
1006.6160339547669	0.024679399999968155	epochs	3.0
1006.6407133547668	0.024540099999967424	epochs	3.0
1006.6652534547668	0.04866790000005494	epochs	2.0
1006.6652534547668	0.024402100000088467	epochs	3.0
1006.6896555547669	0.024265799999966475	epochs	3.0
1006.7139213547669	0.04812860000004093	epochs	2.0
1006.7139213547669	0.024131000000011227	epochs	3.0
1006.7380523547669	0.023997600000029706	epochs	3.0
1006.7620499547669	0.04760109999995166	epochs	2.0
1006.7620499547669	0.023865799999953197	epochs	3.0
1006.7859157547668	0.02373529999999846	epochs	3.0
1006.8096510547668	0.047085000000038235	epochs	2.0
1006.8096510547668	0.023606299999983094	epochs	3.0
1006.8332573547668	0.02347870000005514	epochs	3.0
1006.8567360547669	0.046579999999948996	epochs	2.0
1006.8567360547669	0.02335249999998723	epochs	3.0
1006.8800885547669	0.023227499999961765	epochs	3.0
1006.9033160547668	0.046085700000048746	epochs	2.0
1006.9033160547668	0.023103999999989355	epochs	3.0
1006.9264200547668	0.02298170000005939	epochs	3.0
1006.9494017547669	0.045601799999985815	epochs	2.0
1006.9494017547669	0.02286069999991014	epochs	3.0
1006.9722624547668	0.022741100000075676	epochs	3.0
1006.9950035547669	0.04512790000001132	epochs	2.0
1006.9950035547669	0.022622500000011314	epochs	3.0
1007.0176260547669	0.02250540000000001	epochs	3.0
1007.0401314547669	0.044663799999966614	epochs	2.0
1007.0401314547669	0.02238929999998618	epochs	3.0
1007.0625207547669	0.022274499999980435	epochs	3.0
1007.0847952547668	0.04420919999995476	epochs	2.0
1007.0847952547668	0.022160800000051495	epochs	3.0
1007.1069560547669	0.022048399999903268	epochs	3.0
1007.1290044547668	0.043763600000033875	epochs	2.0
1007.1290044547668	0.021936900000014248	epochs	3.0
1007.1509413547668	0.021826700000019628	epochs	3.0
1007.1727680547668	0.04332710000005591	epochs	2.0
1007.1727680547668	0.021717599999988124	epochs	3.0
1007.1944856547668	0.021609500000067783	epochs	3.0
1007.2160951547669	0.042898999999920306	epochs	2.0
1007.2160951547669	0.02150249999999687	epochs	3.0
1007.2375976547669	0.021396499999923435	epochs	3.0
1007.2589941547668	0.042479500000013104	epochs	2.0
1007.2589941547668	0.02129170000000613	epochs	3.0
1007.2802858547668	0.021187800000006973	epochs	3.0
1007.3014736547668	0.042067900000006375	epochs	2.0
1007.3014736547668	0.02108490000000529	epochs	3.0
1007.3225585547668	0.020983000000001084	epochs	3.0
1007.3435415547668	0.04166440000005878	epochs	2.0
1007.3435415547668	0.02088220000007368	epochs	3.0
1007.3644237547669	0.020782199999985096	epochs	3.0
1007.3852059547669	0.04126850000000104	epochs	2.0
1007.3852059547669	0.020683299999973315	epochs	3.0
1007.4058892547669	0.020585200000027726	epochs	3.0
1007.4264744547669	0.040879999999901884	epochs	2.0
1007.4264744547669	0.020488099999965925	epochs	3.0
1007.4469625547669	0.02039189999993596	epochs	3.0
1007.4673544547668	0.04049880000002304	epochs	2.0
1007.4673544547668	0.020296600000051512	epochs	3.0
1007.4876510547668	0.020202199999971526	epochs	3.0
1007.5078532547668	0.04012460000001283	epochs	2.0
1007.5078532547668	0.02010870000003706	epochs	3.0
1007.5279619547669	0.020015899999975773	epochs	3.0
1007.5479778547668	0.03975730000001931	epochs	2.0
1007.5479778547668	0.019924199999991288	epochs	3.0
1007.5679020547668	0.019833100000028026	epochs	3.0
1007.5877351547668	0.03939669999999751	epochs	2.0
1007.5877351547668	0.01974299999994855	epochs	3.0
1007.6074781547668	0.019653700000048957	epochs	3.0
1007.6271318547668	0.03904239999997117	epochs	2.0
1007.6271318547668	0.01956510000002254	epochs	3.0
1007.6466969547669	0.019477299999948627	epochs	3.0
1007.6661742547668	0.03869459999998526	epochs	2.0
1007.6661742547668	0.019390400000020236	epochs	3.0
1007.6855646547668	0.01930419999996502	epochs	3.0
1007.7048688547668	0.03835290000006353	epochs	2.0
1007.7048688547668	0.019218800000089686	epochs	3.0
1007.7240876547669	0.01913409999997384	epochs	3.0
1007.7432217547669	0.03801720000001296	epochs	2.0
1007.7432217547669	0.019050200000037876	epochs	3.0
1007.7622719547669	0.018966999999975087	epochs	3.0
1007.7812389547669	0.03768719999993664	epochs	2.0
1007.7812389547669	0.01888450000001285	epochs	3.0
1007.8001234547669	0.01880269999992379	epochs	3.0
1007.8189261547668	0.03736309999999321	epochs	2.0
1007.8189261547668	0.018721700000014607	epochs	3.0
1007.8376478547668	0.018641399999978603	epochs	3.0
1007.8562892547668	0.03704430000004777	epochs	2.0
1007.8562892547668	0.01856159999999818	epochs	3.0
1007.8748508547668	0.01848270000004959	epochs	3.0
1007.8933335547669	0.0367310000000316	epochs	2.0
1007.8933335547669	0.018404300000042895	epochs	3.0
1007.9117378547669	0.018326699999988705	epochs	3.0
1007.9300645547669	0.03642289999993409	epochs	2.0
1007.9300645547669	0.018249599999990096	epochs	3.0
1007.9483141547669	0.018173299999943993	epochs	3.0
1007.9664874547668	0.03612010000006194	epochs	2.0
1007.9664874547668	0.0180976000000328	epochs	3.0
1007.9845850547669	0.01802250000002914	epochs	3.0
1008.0026075547669	0.03582209999990482	epochs	2.0
1008.0026075547669	0.017947899999967376	epochs	3.0
1008.0205554547668	0.017874199999937446	epochs	3.0
1008.0384296547668	0.0355290000001105	epochs	2.0
1008.0384296547668	0.017800800000031813	epochs	3.0
1008.0562304547668	0.017728200000078687	epochs	3.0
1008.0739586547669	0.035240699999917524	epochs	2.0
1008.0739586547669	0.017656099999953767	epochs	3.0
1008.0916147547669	0.017584599999963757	epochs	3.0
1008.1091993547668	0.034957100000042374	epochs	2.0
1008.1091993547668	0.01751369999999497	epochs	3.0
1008.1267130547668	0.017443400000047404	epochs	3.0
1008.1441564547669	0.03467790000001969	epochs	2.0
1008.1441564547669	0.017373600000041733	epochs	3.0
1008.1615300547669	0.017304299999977957	epochs	3.0
1008.1788343547669	0.03440330000000813	epochs	2.0
1008.1788343547669	0.01723570000001473	epochs	3.0
1008.1960700547669	0.0171675999999934	epochs	3.0
1008.2132376547669	0.03413279999995211	epochs	2.0
1008.2132376547669	0.01709989999994832	epochs	3.0
1008.2303375547668	0.017032900000003792	epochs	3.0
1008.2473704547668	0.033866699999975935	epochs	2.0
1008.2473704547668	0.01696640000000116	epochs	3.0
1008.2643368547668	0.016900299999974777	epochs	3.0
1008.2812371547668	0.03360459999998966	epochs	2.0
1008.2812371547668	0.016834800000083305	epochs	3.0
1008.2980719547669	0.016769799999906354	epochs	3.0
1008.3148417547668	0.03334660000007261	epochs	2.0
1008.3148417547668	0.016705300000012357	epochs	3.0
1008.3315470547668	0.016641300000060255	epochs	3.0
1008.3481883547669	0.03309249999995245	epochs	2.0
1008.3481883547669	0.01657779999993636	epochs	3.0
1008.3647661547668	0.01651470000001609	epochs	3.0
1008.3812808547668	0.03284229999997024	epochs	2.0
1008.3812808547668	0.01645220000000336	epochs	3.0
1008.3977330547668	0.01639009999996688	epochs	3.0
1008.4141231547668	0.03259570000000167	epochs	2.0
1008.4141231547668	0.016328400000020338	epochs	3.0
1008.4304515547668	0.016267299999981333	epochs	3.0
1008.4467188547668	0.03235290000009172	epochs	2.0
1008.4467188547668	0.016206600000032267	epochs	3.0
1008.4629254547668	0.016146300000059455	epochs	3.0
1008.4790717547669	0.03211369999996805	epochs	2.0
1008.4790717547669	0.016086599999994178	epochs	3.0
1008.4951583547669	0.01602709999997387	epochs	3.0
1008.5111854547669	0.03187800000000607	epochs	2.0
1008.5111854547669	0.015968199999974786	epochs	3.0
1008.5271536547668	0.015909800000031282	epochs	3.0
1008.5430634547669	0.031645700000012766	epochs	2.0
1008.5430634547669	0.01585160000001906	epochs	3.0
1008.5589150547669	0.015794099999993705	epochs	3.0
1008.5747091547669	0.031416699999908815	epochs	2.0
1008.5747091547669	0.01573669999993399	epochs	3.0
1008.5904458547668	0.015679999999974825	epochs	3.0
1008.6061258547668	0.031191100000114602	epochs	2.0
1008.6061258547668	0.015623600000026272	epochs	3.0
1008.6217494547668	0.01556750000008833	epochs	3.0
1008.6373169547669	0.030968699999903038	epochs	2.0
1008.6373169547669	0.015511999999944237	epochs	3.0
1008.6528289547668	0.0154566999999588	epochs	3.0
1008.6682856547668	0.03074950000006993	epochs	2.0
1008.6682856547668	0.015401999999994587	epochs	3.0
1008.6836876547668	0.015347500000075343	epochs	3.0
1008.6990351547669	0.030533199999922545	epochs	2.0
1008.6990351547669	0.015293400000018664	epochs	3.0
1008.7143285547669	0.01523979999990388	epochs	3.0
1008.7295683547668	0.03032010000003993	epochs	2.0
1008.7295683547668	0.015186500000027081	epochs	3.0
1008.7447548547668	0.015133600000012848	epochs	3.0
1008.7598884547668	0.030109899999956724	epochs	2.0
1008.7598884547668	0.015081000000009226	epochs	3.0
1008.7749694547668	0.015028899999947498	epochs	3.0
1008.7899983547668	0.02990250000004835	epochs	2.0
1008.7899983547668	0.014977000000044427	epochs	3.0
1008.8049753547668	0.014925500000003922	epochs	3.0
1008.8199008547668	0.029698100000018712	epochs	2.0
1008.8199008547668	0.014874400000053356	epochs	3.0
1008.8347752547669	0.014823699999965356	epochs	3.0
1008.8495989547669	0.02949630000000525	epochs	2.0
1008.8495989547669	0.014773200000036013	epochs	3.0
1008.8643721547669	0.014723099999969236	epochs	3.0
1008.8790952547669	0.02929740000001857	epochs	2.0
1008.8790952547669	0.014673399999992398	epochs	3.0
1008.8937686547669	0.014624000000026172	epochs	3.0
1008.9083926547669	0.029101099999934377	epochs	2.0
1008.9083926547669	0.01457489999995687	epochs	3.0
1008.9229675547668	0.014526199999977507	epochs	3.0
1008.9374937547668	0.028907399999980044	epochs	2.0
1008.9374937547668	0.014477700000043114	epochs	3.0
1008.9519714547669	0.014429699999936929	epochs	3.0
1008.9664011547668	0.028716200000076242	epochs	2.0
1008.9664011547668	0.014381800000023759	epochs	3.0
1008.9807829547668	0.014334400000052483	epochs	3.0
1008.9951173547669	0.02852759999996124	epochs	2.0
1008.9951173547669	0.01428720000001249	epochs	3.0
1009.0094045547669	0.01424039999994875	epochs	3.0
1009.0236449547668	0.028341400000044814	epochs	2.0
1009.0236449547668	0.014193800000043666	epochs	3.0
1009.0378387547669	0.014147600000001148	epochs	3.0
1009.0519863547669	0.028157699999951546	epochs	2.0
1009.0519863547669	0.014101699999969242	epochs	3.0
1009.0660880547669	0.014055999999982305	epochs	3.0
1009.0801440547668	0.027976299999977527	epochs	2.0
1009.0801440547668	0.01401060000000598	epochs	3.0
1009.0941546547668	0.013965699999971548	epochs	3.0
1009.1081203547668	0.02779720000000907	epochs	2.0
1009.1081203547668	0.013920800000050804	epochs	3.0
1009.1220411547669	0.013876399999958267	epochs	3.0
1009.1359175547668	0.027620400000046175	epochs	2.0
1009.1359175547668	0.013832200000024386	epochs	3.0
1009.1497497547668	0.013788200000021789	epochs	3.0
1009.1635379547669	0.027445899999975154	epochs	2.0
1009.1635379547669	0.013744599999995444	epochs	3.0
1009.1772825547669	0.01370129999997971	epochs	3.0
1009.1909838547668	0.027273499999978412	epochs	2.0
1009.1909838547668	0.013658200000008947	epochs	3.0
1009.2046420547669	0.013615299999969466	epochs	3.0
1009.2182573547668	0.027103399999987232	epochs	2.0
1009.2182573547668	0.013572800000019924	epochs	3.0
1009.2318301547668	0.013530599999967308	epochs	3.0
1009.2453607547668	0.02693520000002536	epochs	2.0
1009.2453607547668	0.013488400000028378	epochs	3.0
1009.2588491547668	0.013446799999996983	epochs	3.0
1009.2722959547668	0.026769199999989723	epochs	2.0
1009.2722959547668	0.013405199999965589	epochs	3.0
1009.2857011547668	0.013364000000024134	epochs	3.0
1009.2990651547668	0.026605200000062723	epochs	2.0
1009.2990651547668	0.013322900000048321	epochs	3.0
1009.3123880547669	0.013282300000014402	epochs	3.0
1009.3256703547669	0.026443200000016986	epochs	2.0
1009.3256703547669	0.013241699999980483	epochs	3.0
1009.3389120547669	0.013201500000036503	epochs	3.0
1009.3521135547669	0.0262831999999662	epochs	2.0
1009.3521135547669	0.01316149999991012	epochs	3.0
1009.3652750547668	0.01312170000005608	epochs	3.0
1009.3783967547669	0.02612499999997908	epochs	2.0
1009.3783967547669	0.013082100000019636	epochs	3.0
1009.3914788547669	0.013042899999959445	epochs	3.0
1009.4045217547668	0.025968899999952555	epochs	2.0
1009.4045217547668	0.013003899999944224	epochs	3.0
1009.4175256547668	0.012965000000008331	epochs	3.0
1009.4304906547668	0.025814500000024054	epochs	2.0
1009.4304906547668	0.01292640000008305	epochs	3.0
1009.4434170547669	0.012888099999941005	epochs	3.0
1009.4563051547668	0.025661900000045534	epochs	2.0
1009.4563051547668	0.012849899999991976	epochs	3.0
1009.4691550547668	0.012812000000053558	epochs	3.0
1009.4819670547669	0.025511199999982637	epochs	2.0
1009.4819670547669	0.012774400000012065	epochs	3.0
1009.4947414547669	0.012736799999970572	epochs	3.0
1009.5074782547669	0.025362299999983406	epochs	2.0
1009.5074782547669	0.01269969999998466	epochs	3.0
1009.5201779547668	0.012662599999998747	epochs	3.0
1009.5328405547668	0.025215000000002874	epochs	2.0
1009.5328405547668	0.012625800000023446	epochs	3.0
1009.5454663547669	0.012589199999979428	epochs	3.0
1009.5580555547668	0.024584799999956886	epochs	2.0
1009.5822451547668	0.5	epochs	-1.0
1009.5826403547668	0.5050400000000081	epochs	1.0
1010.0876803547668	0.49488000000008014	epochs	0.0
1011.371000289917	0.054639999999949396	epochs	0.0
1011.371000289917	0.02232040000001234	epochs	1.0
1011.393320689917	0.0099992000000384	epochs	1.0
1011.403319889917	0.022320399999898655	epochs	1.0
1011.4256402899169	2.0	epochs	0.0
1013.4256402899169	21.505520000000047	epochs	0.0
1013.4256402899169	1.0	epochs	1.0
1013.425645089917	0.5	epochs	-1.0
1013.925645089917	19.9996000000001	epochs	-1.0
1014.4256402899169	20.000000000000114	epochs	1.0
1014.4256402899169	4.356753900000058	epochs	-1.0
1014.4256402899169	1.9745872000000873	epochs	2.0
1014.4256402899169	1.0985622000000603	epochs	3.0
1015.524202489917	0.8760250000000269	epochs	3.0
1016.400227489917	1.352407499999913	epochs	2.0
1016.400227489917	0.7286354999999958	epochs	3.0
1017.128862989917	0.6237719999999172	epochs	3.0
1017.7526349899169	1.0297592000000577	epochs	2.0
1017.7526349899169	0.5453293000000485	epochs	3.0
1018.297964289917	0.4844299000000092	epochs	3.0
1018.782394189917	0.8317862000000105	epochs	2.0
1018.782394189917	0.4357763000000432	epochs	3.0
1019.218170489917	0.3960098999999673	epochs	3.0
1019.614180389917	0.6977970000000369	epochs	2.0
1019.614180389917	0.3628982000000178	epochs	3.0
1019.977078589917	0.33489880000001904	epochs	3.0
1020.311977389917	0.601045699999986	epochs	2.0
1020.311977389917	0.3109122999999272	epochs	3.0
1020.622889689917	0.2901334000000588	epochs	3.0
1020.913023089917	0.5278859000000011	epochs	2.0
1020.913023089917	0.2719585999999481	epochs	3.0
1021.184981689917	0.25592730000005304	epochs	3.0
1021.440908989917	0.470619299999953	epochs	2.0
1021.440908989917	0.241681299999982	epochs	3.0
1021.682590289917	0.228937999999971	epochs	3.0
1021.911528289917	0.42457039999999324	epochs	2.0
1021.911528289917	0.21747140000002219	epochs	3.0
1022.128999689917	0.20709899999997106	epochs	3.0
1022.336098689917	0.3867354000000205	epochs	2.0
1022.336098689917	0.19767109999997956	epochs	3.0
1022.533769789917	0.18906430000004093	epochs	3.0
1022.722834089917	0.3550953000000163	epochs	2.0
1022.722834089917	0.18117589999997108	epochs	3.0
1022.904009989917	0.17391940000004524	epochs	3.0
1023.077929389917	0.3282431000000088	epochs	2.0
1023.077929389917	0.16722189999995862	epochs	3.0
1023.245151289917	0.16102120000005016	epochs	3.0
1023.406172489917	0.30516799999998057	epochs	2.0
1023.406172489917	0.15526389999990897	epochs	3.0
1023.5614363899169	0.1499041000000716	epochs	3.0
1023.711340489917	0.28512530000000424	epochs	2.0
1023.711340489917	0.1449020999999675	epochs	3.0
1023.856242589917	0.14022320000003674	epochs	3.0
1023.996465789917	0.267553800000087	epochs	2.0
1023.996465789917	0.1358368999999584	epochs	3.0
1024.132302689917	0.1317169000001286	epochs	3.0
1024.264019589917	0.252022899999929	epochs	2.0
1024.264019589917	0.1278393000000051	epochs	3.0
1024.391858889917	0.1241835999999239	epochs	3.0
1024.516042489917	0.23819649999995818	epochs	2.0
1024.516042489917	0.12073110000005727	epochs	3.0
1024.636773589917	0.11746539999990091	epochs	3.0
1024.754238989917	0.2258088000000953	epochs	2.0
1024.754238989917	0.1143718999999237	epochs	3.0
1024.868610889917	0.11143690000017159	epochs	3.0
1024.980047789917	0.21464599999990241	epochs	2.0
1024.980047789917	0.10864889999993466	epochs	3.0
1025.088696689917	0.10599709999996776	epochs	3.0
1025.194693789917	0.20453500000007807	epochs	2.0
1025.194693789917	0.10347150000006877	epochs	3.0
1025.298165289917	0.1010635000000093	epochs	3.0
1025.399228789917	0.19533400000000256	epochs	2.0
1025.399228789917	0.09876510000003691	epochs	3.0
1025.497993889917	0.09656889999996565	epochs	3.0
1025.594562789917	0.18692529999998442	epochs	2.0
1025.594562789917	0.09446830000001682	epochs	3.0
1025.689031089917	0.09245699999996759	epochs	3.0
1025.781488089917	0.17921069999988504	epochs	2.0
1025.781488089917	0.09052959999985433	epochs	3.0
1025.872017689917	0.08868110000003071	epochs	3.0
1025.960698789917	0.17210769999996955	epochs	2.0
1025.960698789917	0.08690630000000965	epochs	3.0
1026.047605089917	0.0852013999999599	epochs	3.0
1026.132806489917	0.16554640000003928	epochs	2.0
1026.132806489917	0.08356190000017705	epochs	3.0
1026.216368389917	0.08198449999986224	epochs	3.0
1026.298352889917	0.15946710000002895	epochs	2.0
1026.298352889917	0.08046540000009372	epochs	3.0
1026.378818289917	0.07900169999993523	epochs	3.0
1026.457819989917	0.15381840000009106	epochs	2.0
1026.457819989917	0.07759009999995214	epochs	3.0
1026.535410089917	0.07622830000013892	epochs	3.0
1026.611638389917	0.14855639999996129	epochs	2.0
1026.611638389917	0.07491329999993468	epochs	3.0
1026.686551689917	0.0736431000000266	epochs	3.0
1026.760194789917	0.1436423999998624	epochs	2.0
1026.760194789917	0.07241499999986445	epochs	3.0
1026.832609789917	0.07122739999999794	epochs	3.0
1026.9038371899169	0.13904310000020814	epochs	2.0
1026.9038371899169	0.07007800000019415	epochs	3.0
1026.973915189917	0.06896510000001399	epochs	3.0
1027.042880289917	0.13472929999988992	epochs	2.0
1027.042880289917	0.0678871000000072	epochs	3.0
1027.110767389917	0.06684219999988272	epochs	3.0
1027.177609589917	0.1306752000000415	epochs	2.0
1027.177609589917	0.06582909999997355	epochs	3.0
1027.243438689917	0.06484610000006796	epochs	3.0
1027.308284789917	0.1268577999999252	epochs	2.0
1027.308284789917	0.06389199999989614	epochs	3.0
1027.372176789917	0.06296580000002905	epochs	3.0
1027.435142589917	0.12325720000012552	epochs	2.0
1027.435142589917	0.06206580000002759	epochs	3.0
1027.497208389917	0.06119140000009793	epochs	3.0
1027.558399789917	0.11985540000000583	epochs	2.0
1027.558399789917	0.060341099999959624	epochs	3.0
1027.618740889917	0.059514300000046205	epochs	3.0
1027.678255189917	0.1166361999999026	epochs	2.0
1027.678255189917	0.058709599999929196	epochs	3.0
1027.736964789917	0.057926599999973405	epochs	3.0
1027.794891389917	0.11358560000007856	epochs	2.0
1027.794891389917	0.05716419999998834	epochs	3.0
1027.852055589917	0.056421400000090216	epochs	3.0
1027.908476989917	0.11069049999991876	epochs	2.0
1027.908476989917	0.055697900000041045	epochs	3.0
1027.964174889917	0.05499259999987771	epochs	3.0
1028.019167489917	0.1079391000000669	epochs	2.0
1028.019167489917	0.05430490000003374	epochs	3.0
1028.073472389917	0.05363420000003316	epochs	3.0
1028.127106589917	0.10532149999994544	epochs	2.0
1028.127106589917	0.05297999999993408	epochs	3.0
1028.180086589917	0.052341500000011365	epochs	3.0
1028.232428089917	0.10282759999995505	epochs	2.0
1028.232428089917	0.05171810000001642	epochs	3.0
1028.284146189917	0.051109499999938635	epochs	3.0
1028.335255689917	0.10044910000010532	epochs	2.0
1028.335255689917	0.050514900000052876	epochs	3.0
1028.385770589917	0.04993420000005244	epochs	3.0
1028.435704789917	0.0981782999999723	epochs	2.0
1028.435704789917	0.04936659999998483	epochs	3.0
1028.485071389917	0.04881169999998747	epochs	3.0
1028.533883089917	0.09600780000005216	epochs	2.0
1028.533883089917	0.04826920000004975	epochs	3.0
1028.582152289917	0.04773860000000241	epochs	3.0
1028.629890889917	0.09393119999981536	epochs	2.0
1028.629890889917	0.04721949999998287	epochs	3.0
1028.677110389917	0.04671169999983249	epochs	3.0
1028.723822089917	0.09194260000003851	epochs	2.0
1028.723822089917	0.04621460000021216	epochs	3.0
1028.770036689917	0.04572799999982635	epochs	3.0
1028.815764689917	0.09003630000006524	epochs	2.0
1028.815764689917	0.045251499999949374	epochs	3.0
1028.8610161899169	0.044784800000115865	epochs	3.0
1028.905800989917	0.08820760000003247	epochs	2.0
1028.905800989917	0.044327800000019124	epochs	3.0
1028.950128789917	0.04387980000001335	epochs	3.0
1028.994008589917	0.0864516999999978	epochs	2.0
1028.994008589917	0.04344100000002982	epochs	3.0
1029.037449589917	0.04301069999996798	epochs	3.0
1029.080460289917	0.08476429999996071	epochs	2.0
1029.080460289917	0.04258899999990717	epochs	3.0
1029.123049289917	0.04217530000005354	epochs	3.0
1029.165224589917	0.08314150000001064	epochs	2.0
1029.165224589917	0.04176970000003166	epochs	3.0
1029.206994289917	0.041371799999978975	epochs	3.0
1029.248366089917	0.08157970000002024	epochs	2.0
1029.248366089917	0.040981399999964196	epochs	3.0
1029.289347489917	0.04059830000005604	epochs	3.0
1029.329945789917	0.08007550000002084	epochs	2.0
1029.329945789917	0.04022229999986848	epochs	3.0
1029.370168089917	0.039853200000152356	epochs	3.0
1029.410021289917	0.07862569999997504	epochs	2.0
1029.410021289917	0.03949079999983951	epochs	3.0
1029.4495120899169	0.03913490000013553	epochs	3.0
1029.488646989917	0.07722760000001472	epochs	2.0
1029.488646989917	0.038785400000051595	epochs	3.0
1029.527432389917	0.03844219999996312	epochs	3.0
1029.565874589917	0.07587820000003376	epochs	2.0
1029.565874589917	0.03810479999992822	epochs	3.0
1029.603979389917	0.03777340000010554	epochs	3.0
1029.641752789917	0.0745752000000266	epochs	2.0
1029.641752789917	0.03744770000002973	epochs	3.0
1029.679200489917	0.03712749999999687	epochs	3.0
1029.716327989917	0.07331629999998768	epochs	2.0
1029.716327989917	0.03681289999985893	epochs	3.0
1029.753140889917	0.03650340000012875	epochs	3.0
1029.789644289917	0.07209899999998015	epochs	2.0
1029.789644289917	0.03619909999997617	epochs	3.0
1029.825843389917	0.03589990000000398	epochs	3.0
1029.861743289917	0.07092169999987163	epochs	2.0
1029.861743289917	0.035605599999826154	epochs	3.0
1029.8973488899169	0.03531610000004548	epochs	3.0
1029.932664989917	0.06978200000003199	epochs	2.0
1029.932664989917	0.03503120000004856	epochs	3.0
1029.967696189917	0.03475079999998343	epochs	3.0
1030.002446989917	0.06867860000011206	epochs	2.0
1030.002446989917	0.03447510000000875	epochs	3.0
1030.036922089917	0.034203500000103304	epochs	3.0
1030.071125589917	0.06760929999995824	epochs	2.0
1030.071125589917	0.033936199999970995	epochs	3.0
1030.105061789917	0.033673099999987244	epochs	3.0
1030.138734889917	0.06657289999998284	epochs	2.0
1030.138734889917	0.03341399999999339	epochs	3.0
1030.172148889917	0.033158899999989444	epochs	3.0
1030.205307789917	0.06556780000005347	epochs	2.0
1030.205307789917	0.03290769999989607	epochs	3.0
1030.238215489917	0.0326601000001574	epochs	3.0
1030.270875589917	0.06459259999996902	epochs	2.0
1030.270875589917	0.03241639999987456	epochs	3.0
1030.303291989917	0.03217620000009447	epochs	3.0
1030.335468189917	0.06364600000006249	epochs	2.0
1030.335468189917	0.03193959999998697	epochs	3.0
1030.367407789917	0.03170640000007552	epochs	3.0
1030.399114189917	0.0627266999999847	epochs	2.0
1030.399114189917	0.031476599999905375	epochs	3.0
1030.430590789917	0.03125010000007933	epochs	3.0
1030.461840889917	0.06183359999999993	epochs	2.0
1030.461840889917	0.03102689999991526	epochs	3.0
1030.492867789917	0.030806700000084675	epochs	3.0
1030.523674489917	0.060965599999917686	epochs	2.0
1030.523674489917	0.030589799999916067	epochs	3.0
1030.554264289917	0.030375800000001618	epochs	3.0
1030.584640089917	0.06012160000000222	epochs	2.0
1030.584640089917	0.030164900000045236	epochs	3.0
1030.614804989917	0.02995669999995698	epochs	3.0
1030.644761689917	0.05930069999999432	epochs	2.0
1030.644761689917	0.029751600000054168	epochs	3.0
1030.674513289917	0.029549099999940154	epochs	3.0
1030.704062389917	0.05850179999993088	epochs	2.0
1030.704062389917	0.02934940000000097	epochs	3.0
1030.733411789917	0.029152399999929912	epochs	3.0
1030.762564189917	0.05772420000016609	epochs	2.0
1030.762564189917	0.028958000000102402	epochs	3.0
1030.791522189917	0.02876620000006369	epochs	3.0
1030.820288389917	0.056967099999837956	epochs	2.0
1030.820288389917	0.02857699999981378	epochs	3.0
1030.848865389917	0.028390100000024177	epochs	3.0
1030.877255489917	0.05622949999997218	epochs	2.0
1030.877255489917	0.028205699999944045	epochs	3.0
1030.9054611899169	0.028023800000028132	epochs	3.0
1030.933484989917	0.05551070000001346	epochs	2.0
1030.933484989917	0.027844000000186497	epochs	3.0
1030.961328989917	0.02766669999982696	epochs	3.0
1030.988995689917	0.054810200000019904	epochs	2.0
1030.988995689917	0.02749149999999645	epochs	3.0
1031.016487189917	0.027318700000023455	epochs	3.0
1031.043805889917	0.05412700000010773	epochs	2.0
1031.043805889917	0.027147799999966082	epochs	3.0
1031.070953689917	0.026979200000141645	epochs	3.0
1031.097932889917	0.053460699999959616	epochs	2.0
1031.097932889917	0.02681259999985741	epochs	3.0
1031.124745489917	0.026648100000102204	epochs	3.0
1031.151393589917	0.05281070000000909	epochs	2.0
1031.151393589917	0.0264855999998872	epochs	3.0
1031.177879189917	0.026325100000121893	epochs	3.0
1031.204204289917	0.05217620000007628	epochs	2.0
1031.204204289917	0.026166399999965506	epochs	3.0
1031.230370689917	0.026009800000110772	epochs	3.0
1031.256380489917	0.051556699999991906	epochs	2.0
1031.256380489917	0.025854799999933675	epochs	3.0
1031.282235289917	0.02570190000005823	epochs	3.0
1031.307937189917	0.05095189999997274	epochs	2.0
1031.307937189917	0.025550699999939752	epochs	3.0
1031.333487889917	0.025401200000032986	epochs	3.0
1031.358889089917	0.050360999999838896	epochs	2.0
1031.358889089917	0.025253499999962514	epochs	3.0
1031.384142589917	0.02510749999987638	epochs	3.0
1031.409250089917	0.04978380000011384	epochs	2.0
1031.409250089917	0.02496320000000196	epochs	3.0
1031.434213289917	0.02482060000011188	epochs	3.0
1031.459033889917	0.04921949999993558	epochs	2.0
1031.459033889917	0.024679399999968155	epochs	3.0
1031.483713289917	0.024540099999967424	epochs	3.0
1031.508253389917	0.04866790000005494	epochs	2.0
1031.508253389917	0.024402100000088467	epochs	3.0
1031.532655489917	0.024265799999966475	epochs	3.0
1031.556921289917	0.048128599999927246	epochs	2.0
1031.556921289917	0.02413099999989754	epochs	3.0
1031.581052289917	0.023997600000029706	epochs	3.0
1031.605049889917	0.047601100000065344	epochs	2.0
1031.605049889917	0.023865800000066884	epochs	3.0
1031.628915689917	0.02373529999999846	epochs	3.0
1031.652650989917	0.04708499999992455	epochs	2.0
1031.652650989917	0.023606299999983094	epochs	3.0
1031.676257289917	0.023478699999941455	epochs	3.0
1031.699735989917	0.04658000000017637	epochs	2.0
1031.699735989917	0.023352500000100918	epochs	3.0
1031.723088489917	0.02322750000007545	epochs	3.0
1031.746315989917	0.04608569999982137	epochs	2.0
1031.746315989917	0.02310399999987567	epochs	3.0
1031.769419989917	0.022981699999945704	epochs	3.0
1031.792401689917	0.045601799999985815	epochs	2.0
1031.792401689917	0.022860700000137513	epochs	3.0
1031.815262389917	0.022741099999848302	epochs	3.0
1031.838003489917	0.04512790000012501	epochs	2.0
1031.838003489917	0.022622500000125	epochs	3.0
1031.860625989917	0.02250540000000001	epochs	3.0
1031.883131389917	0.0446638000000803	epochs	2.0
1031.883131389917	0.02238929999998618	epochs	3.0
1031.905520689917	0.022274500000094122	epochs	3.0
1031.927795189917	0.044209199999841076	epochs	2.0
1031.927795189917	0.022160799999937808	epochs	3.0
1031.949955989917	0.022048399999903268	epochs	3.0
1031.972004389917	0.04376360000014756	epochs	2.0
1031.972004389917	0.021936900000127935	epochs	3.0
1031.993941289917	0.021826700000019628	epochs	3.0
1032.015767989917	0.04332709999994222	epochs	2.0
1032.015767989917	0.021717599999874437	epochs	3.0
1032.037485589917	0.021609500000067783	epochs	3.0
1032.059095089917	0.04289900000003399	epochs	2.0
1032.059095089917	0.02150249999999687	epochs	3.0
1032.080597589917	0.021396500000037122	epochs	3.0
1032.101994089917	0.04247949999989942	epochs	2.0
1032.101994089917	0.021291699999892444	epochs	3.0
1032.123285789917	0.021187800000006973	epochs	3.0
1032.144473589917	0.04206790000012006	epochs	2.0
1032.144473589917	0.02108490000000529	epochs	3.0
1032.165558489917	0.02098300000011477	epochs	3.0
1032.186541489917	0.04166439999994509	epochs	2.0
1032.186541489917	0.020882199999959994	epochs	3.0
1032.207423689917	0.020782199999985096	epochs	3.0
1032.228205889917	0.041268499999887354	epochs	2.0
1032.228205889917	0.020683299999973315	epochs	3.0
1032.248889189917	0.02058519999991404	epochs	3.0
1032.269474389917	0.04088000000001557	epochs	2.0
1032.269474389917	0.020488099999965925	epochs	3.0
1032.289962489917	0.020391900000049645	epochs	3.0
1032.310354389917	0.04049880000002304	epochs	2.0
1032.310354389917	0.0202966000001652	epochs	3.0
1032.330650989917	0.02020219999985784	epochs	3.0
1032.350853189917	0.04012460000012652	epochs	2.0
1032.350853189917	0.02010870000003706	epochs	3.0
1032.370961889917	0.02001590000008946	epochs	3.0
1032.390977789917	0.03975730000001931	epochs	2.0
1032.390977789917	0.0199241999998776	epochs	3.0
1032.410901989917	0.019833100000141712	epochs	3.0
1032.430735089917	0.03939669999999751	epochs	2.0
1032.430735089917	0.019742999999834865	epochs	3.0
1032.450478089917	0.019653700000162644	epochs	3.0
1032.470131789917	0.03904239999997117	epochs	2.0
1032.470131789917	0.019565099999908853	epochs	3.0
1032.489696889917	0.019477300000062314	epochs	3.0
1032.509174189917	0.03869459999987157	epochs	2.0
1032.509174189917	0.019390400000020236	epochs	3.0
1032.528564589917	0.019304199999851335	epochs	3.0
1032.547868789917	0.03835290000006353	epochs	2.0
1032.547868789917	0.019218800000089686	epochs	3.0
1032.567087589917	0.01913409999997384	epochs	3.0
1032.586221689917	0.03801720000001296	epochs	2.0
1032.586221689917	0.019050200000037876	epochs	3.0
1032.605271889917	0.018966999999975087	epochs	3.0
1032.624238889917	0.03768719999993664	epochs	2.0
1032.624238889917	0.01888450000001285	epochs	3.0
1032.643123389917	0.01880269999992379	epochs	3.0
1032.661926089917	0.03736309999999321	epochs	2.0
1032.661926089917	0.018721700000014607	epochs	3.0
1032.680647789917	0.018641399999978603	epochs	3.0
1032.699289189917	0.03704429999993408	epochs	2.0
1032.699289189917	0.018561600000111866	epochs	3.0
1032.717850789917	0.018482699999822216	epochs	3.0
1032.736333489917	0.036731000000145286	epochs	2.0
1032.736333489917	0.01840430000015658	epochs	3.0
1032.754737789917	0.018326699999988705	epochs	3.0
1032.773064489917	0.03642289999993409	epochs	2.0
1032.773064489917	0.018249599999990096	epochs	3.0
1032.791314089917	0.018173299999943993	epochs	3.0
1032.809487389917	0.03612010000006194	epochs	2.0
1032.809487389917	0.01809759999991911	epochs	3.0
1032.8275849899169	0.018022500000142827	epochs	3.0
1032.845607489917	0.03582209999990482	epochs	2.0
1032.845607489917	0.01794789999985369	epochs	3.0
1032.8635553899169	0.017874200000051133	epochs	3.0
1032.881429589917	0.03552899999999681	epochs	2.0
1032.881429589917	0.017800800000031813	epochs	3.0
1032.899230389917	0.017728199999965	epochs	3.0
1032.916958589917	0.03524070000003121	epochs	2.0
1032.916958589917	0.017656100000067454	epochs	3.0
1032.934614689917	0.017584599999963757	epochs	3.0
1032.952199289917	0.03495709999992869	epochs	2.0
1032.952199289917	0.017513700000108656	epochs	3.0
1032.969712989917	0.01744339999982003	epochs	3.0
1032.987156389917	0.03467790000013338	epochs	2.0
1032.987156389917	0.01737360000015542	epochs	3.0
1033.004529989917	0.017304299999977957	epochs	3.0
1033.021834289917	0.03440329999989444	epochs	2.0
1033.021834289917	0.017235699999901044	epochs	3.0
1033.039069989917	0.0171675999999934	epochs	3.0
1033.056237589917	0.034132800000179486	epochs	2.0
1033.056237589917	0.017099900000175694	epochs	3.0
1033.073337489917	0.017032900000003792	epochs	3.0
1033.090370389917	0.03386669999986225	epochs	2.0
1033.090370389917	0.01696640000000116	epochs	3.0
1033.107336789917	0.01690029999986109	epochs	3.0
1033.124237089917	0.03360459999998966	epochs	2.0
1033.124237089917	0.01683479999996962	epochs	3.0
1033.141071889917	0.01676980000002004	epochs	3.0
1033.157841689917	0.033346599999958926	epochs	2.0
1033.157841689917	0.016705300000012357	epochs	3.0
1033.174546989917	0.01664129999994657	epochs	3.0
1033.191188289917	0.03309250000006614	epochs	2.0
1033.191188289917	0.016577800000050047	epochs	3.0
1033.207766089917	0.01651470000001609	epochs	3.0
1033.224280789917	0.032842300000083924	epochs	2.0
1033.224280789917	0.01645220000000336	epochs	3.0
1033.240732989917	0.016390100000080565	epochs	3.0
1033.257123089917	0.03259570000000167	epochs	2.0
1033.257123089917	0.016328400000020338	epochs	3.0
1033.273451489917	0.016267299999981333	epochs	3.0
1033.289718789917	0.032352899999978035	epochs	2.0
1033.289718789917	0.016206600000032267	epochs	3.0
1033.305925389917	0.016146299999945768	epochs	3.0
1033.322071689917	0.03211369999985436	epochs	2.0
1033.322071689917	0.01608659999988049	epochs	3.0
1033.338158289917	0.01602709999997387	epochs	3.0
1033.354185389917	0.03187800000000607	epochs	2.0
1033.354185389917	0.015968200000088473	epochs	3.0
1033.370153589917	0.015909799999917595	epochs	3.0
1033.386063389917	0.03164570000012645	epochs	2.0
1033.386063389917	0.01585160000013275	epochs	3.0
1033.401914989917	0.015794099999993705	epochs	3.0
1033.417709089917	0.031416699999908815	epochs	2.0
1033.417709089917	0.01573669999993399	epochs	3.0
1033.433445789917	0.015679999999974825	epochs	3.0
1033.449125789917	0.031191100000114602	epochs	2.0
1033.449125789917	0.015623600000026272	epochs	3.0
1033.464749389917	0.01556750000008833	epochs	3.0
1033.480316889917	0.030968699999903038	epochs	2.0
1033.480316889917	0.015511999999944237	epochs	3.0
1033.495828889917	0.0154566999999588	epochs	3.0
1033.511285589917	0.030749499999956242	epochs	2.0
1033.511285589917	0.015401999999994587	epochs	3.0
1033.526687589917	0.015347499999961656	epochs	3.0
1033.542035089917	0.03053320000003623	epochs	2.0
1033.542035089917	0.015293400000018664	epochs	3.0
1033.557328489917	0.015239800000017567	epochs	3.0
1033.572568289917	0.030320100000153616	epochs	2.0
1033.572568289917	0.015186500000027081	epochs	3.0
1033.587754789917	0.015133600000126535	epochs	3.0
1033.602888389917	0.030109899999843037	epochs	2.0
1033.602888389917	0.015081000000009226	epochs	3.0
1033.617969389917	0.015028899999833811	epochs	3.0
1033.632998289917	0.029902500000162036	epochs	2.0
1033.632998289917	0.014977000000044427	epochs	3.0
1033.647975289917	0.014925500000117609	epochs	3.0
1033.662900789917	0.029698099999905025	epochs	2.0
1033.662900789917	0.014874399999825982	epochs	3.0
1033.677775189917	0.014823700000079043	epochs	3.0
1033.692598889917	0.029496299999891562	epochs	2.0
1033.692598889917	0.014773200000036013	epochs	3.0
1033.707372089917	0.014723099999855549	epochs	3.0
1033.722095189917	0.029297400000132257	epochs	2.0
1033.722095189917	0.014673399999992398	epochs	3.0
1033.736768589917	0.014624000000139858	epochs	3.0
1033.751392589917	0.029101099999934377	epochs	2.0
1033.751392589917	0.014574900000070556	epochs	3.0
1033.765967489917	0.01452619999986382	epochs	3.0
1033.780493689917	0.028907399999980044	epochs	2.0
1033.780493689917	0.014477700000043114	epochs	3.0
1033.794971389917	0.014429699999936929	epochs	3.0
1033.809401089917	0.028716199999962555	epochs	2.0
1033.809401089917	0.014381800000137446	epochs	3.0
1033.823782889917	0.01433439999982511	epochs	3.0
1033.838117289917	0.028527600000188613	epochs	2.0
1033.838117289917	0.014287200000126177	epochs	3.0
1033.852404489917	0.014240400000062436	epochs	3.0
1033.866644889917	0.02834139999981744	epochs	2.0
1033.866644889917	0.014193799999929979	epochs	3.0
1033.880838689917	0.014147599999887461	epochs	3.0
1033.894986289917	0.028157700000065233	epochs	2.0
1033.894986289917	0.014101700000082928	epochs	3.0
1033.909087989917	0.014055999999982305	epochs	3.0
1033.923143989917	0.027976300000091214	epochs	2.0
1033.923143989917	0.014010600000119666	epochs	3.0
1033.937154589917	0.013965699999971548	epochs	3.0
1033.951120289917	0.027797199999895383	epochs	2.0
1033.951120289917	0.01392079999982343	epochs	3.0
1033.965041089917	0.013876400000071953	epochs	3.0
1033.978917489917	0.027620399999932488	epochs	2.0
1033.978917489917	0.013832200000024386	epochs	3.0
1033.992749689917	0.013788199999908102	epochs	3.0
1034.006537889917	0.027445900000202528	epochs	2.0
1034.006537889917	0.01374460000010913	epochs	3.0
1034.020282489917	0.013701300000093397	epochs	3.0
1034.033983789917	0.027273499999864725	epochs	2.0
1034.033983789917	0.013658199999781573	epochs	3.0
1034.0476419899169	0.013615300000083153	epochs	3.0
1034.061257289917	0.027103399999987232	epochs	2.0
1034.061257289917	0.013572800000019924	epochs	3.0
1034.074830089917	0.013530599999967308	epochs	3.0
1034.088360689917	0.02693520000002536	epochs	2.0
1034.088360689917	0.013488400000142065	epochs	3.0
1034.101849089917	0.013446799999883297	epochs	3.0
1034.115295889917	0.026769199999989723	epochs	2.0
1034.115295889917	0.013405200000079276	epochs	3.0
1034.128701089917	0.013363999999910448	epochs	3.0
1034.142065089917	0.026605199999949036	epochs	2.0
1034.142065089917	0.013322900000048321	epochs	3.0
1034.155387989917	0.013282299999900715	epochs	3.0
1034.168670289917	0.026443200000130673	epochs	2.0
1034.168670289917	0.013241699999980483	epochs	3.0
1034.181911989917	0.01320150000015019	epochs	3.0
1034.195113489917	0.026283199999852513	epochs	2.0
1034.195113489917	0.013161500000023807	epochs	3.0
1034.208274989917	0.013121699999828706	epochs	3.0
1034.221396689917	0.02612500000009277	epochs	2.0
1034.221396689917	0.013082100000019636	epochs	3.0
1034.234478789917	0.013042900000073132	epochs	3.0
1034.247521689917	0.025968899999952555	epochs	2.0
1034.247521689917	0.01300390000005791	epochs	3.0
1034.260525589917	0.012964999999894644	epochs	3.0
1034.273490589917	0.025814500000024054	epochs	2.0
1034.273490589917	0.012926399999969362	epochs	3.0
1034.286416989917	0.012888100000054692	epochs	3.0
1034.299305089917	0.025661899999931848	epochs	2.0
1034.299305089917	0.012849899999991976	epochs	3.0
1034.312154989917	0.012811999999939871	epochs	3.0
1034.324966989917	0.025511199999982637	epochs	2.0
1034.324966989917	0.012774400000125752	epochs	3.0
1034.337741389917	0.012736799999856885	epochs	3.0
1034.3504781899169	0.025362300000097093	epochs	2.0
1034.3504781899169	0.012699700000212033	epochs	3.0
1034.363177889917	0.01266259999988506	epochs	3.0
1034.375840489917	0.02521500000011656	epochs	2.0
1034.375840489917	0.012625800000023446	epochs	3.0
1034.388466289917	0.012589200000093115	epochs	3.0
1034.401055489917	0.024584799999956886	epochs	2.0
1034.425245089917	0.5	epochs	-1.0
1034.425640289917	0.5055199999999331	epochs	1.0
1034.931160289917	0.4944000000000415	epochs	0.0
1056.1990003585815	0.05464000000006308	epochs	0.0
1056.1990003585815	0.022320399999898655	epochs	1.0
1056.2213207585814	0.0099992000000384	epochs	1.0
1056.2313199585815	0.02232040000012603	epochs	1.0
1056.2536403585816	2.0	epochs	0.0
1058.2536403585816	1.6045599999999922	epochs	0.0
1058.2536403585816	1.0	epochs	1.0
1058.2536451585815	0.5	epochs	-1.0
1058.7536451585815	1.1045552000000498	epochs	-1.0
1059.2536403585816	0.6045599999999922	epochs	-1.0
1059.2536403585816	0.6045599999999922	epochs	1.0
1059.2536403585816	0.6045599999999922	epochs	2.0
1059.2536403585816	0.6045599999999922	epochs	3.0
1059.8582003585816	20.395359999999982	epochs	0.0
1061.1220002174377	0.05464000000006308	epochs	0.0
1061.1220002174377	0.022320399999898655	epochs	1.0
1061.1443206174376	0.0099992000000384	epochs	1.0
1061.1543198174377	0.02232040000012603	epochs	1.0
1061.1766402174378	2.0	epochs	0.0
1063.1766402174378	5.384559999999965	epochs	0.0
1063.1766402174378	1.0	epochs	1.0
1063.1766450174377	0.5	epochs	-1.0
1063.6766450174377	4.8845552000000225	epochs	-1.0
1064.1766402174378	4.384559999999965	epochs	1.0
1064.1766402174378	4.3567538999998305	epochs	-1.0
1064.1766402174378	1.9745871999998599	epochs	2.0
1064.1766402174378	1.098562199999833	epochs	3.0
1065.2752024174376	0.8760250000000269	epochs	3.0
1066.1512274174377	1.3524075000000266	epochs	2.0
1066.1512274174377	0.7286355000001095	epochs	3.0
1066.8798629174378	0.6237719999999172	epochs	3.0
1067.5036349174377	1.029759199999944	epochs	2.0
1067.5036349174377	0.5453293000000485	epochs	3.0
1068.0489642174377	0.4844298999998955	epochs	3.0
1068.5333941174376	0.027806100000134393	epochs	2.0
1068.5333941174376	0.027806100000134393	epochs	3.0
1068.5612002174378	16.61536000000001	epochs	0.0
1069.844000339508	0.05464000000006308	epochs	0.0
1069.844000339508	0.022320399999898655	epochs	1.0
1069.866320739508	0.0099992000000384	epochs	1.0
1069.876319939508	0.02232040000012603	epochs	1.0
1069.8986403395081	2.0	epochs	0.0
1071.8986403395081	0.50391999999988	epochs	0.0
1071.8986403395081	0.50391999999988	epochs	1.0
1071.898645139508	0.5	epochs	-1.0
1072.398645139508	0.003915199999937613	epochs	-1.0
1072.402560339508	21.496000000000095	epochs	0.0
1073.683000087738	0.05464000000006308	epochs	0.0
1073.683000087738	0.022320399999898655	epochs	1.0
1073.705320487738	0.0099992000000384	epochs	1.0
1073.715319687738	0.02232040000012603	epochs	1.0
1073.737640087738	2.0	epochs	0.0
1075.737640087738	0.5048799999999574	epochs	0.0
1075.737640087738	0.5048799999999574	epochs	1.0
1075.737644887738	0.5	epochs	-1.0
1076.237644887738	0.0048752000000149565	epochs	-1.0
1076.242520087738	21.495040000000017	epochs	0.0
1077.501000404358	0.05464000000006308	epochs	0.0
1077.501000404358	0.022320399999898655	epochs	1.0
1077.5233208043578	0.0099992000000384	epochs	1.0
1077.5333200043578	0.02232040000012603	epochs	1.0
1077.555640404358	2.0	epochs	0.0
1079.555640404358	0.504799999999932	epochs	0.0
1079.555640404358	0.504799999999932	epochs	1.0
1079.555645204358	0.5	epochs	-1.0
1080.055645204358	0.004795199999989563	epochs	-1.0
1080.060440404358	21.495120000000043	epochs	0.0
1081.375	0.05464000000006308	epochs	0.0
1081.375	0.022320399999898655	epochs	1.0
1081.3973204	0.0099992000000384	epochs	1.0
1081.4073196	0.02232040000012603	epochs	1.0
1081.42964	2.0	epochs	0.0
1083.42964	0.5042399999999816	epochs	0.0
1083.42964	0.5042399999999816	epochs	1.0
1083.4296448	0.5	epochs	-1.0
1083.9296448	0.004235200000039185	epochs	-1.0
1083.93388	21.495679999999993	epochs	0.0
1085.2580003738403	0.05464000000006308	epochs	0.0
1085.2580003738403	0.022320399999898655	epochs	1.0
1085.2803207738402	0.0099992000000384	epochs	1.0
1085.2903199738403	0.02232040000012603	epochs	1.0
1085.3126403738404	2.0	epochs	0.0
1087.3126403738404	21.999919999999975	epochs	0.0
1087.3126403738404	1.0	epochs	1.0
1087.3126451738403	0.5	epochs	-1.0
1087.8126451738403	19.99944000000005	epochs	-1.0
1088.3126403738404	20.0	epochs	1.0
1088.3126403738404	4.3567538999998305	epochs	-1.0
1088.3126403738404	1.9745871999998599	epochs	2.0
1088.3126403738404	1.098562199999833	epochs	3.0
1089.4112025738402	0.8760250000000269	epochs	3.0
1090.2872275738403	1.3524075000000266	epochs	2.0
1090.2872275738403	0.7286355000001095	epochs	3.0
1091.0158630738404	0.6237719999999172	epochs	3.0
1091.6396350738403	1.029759199999944	epochs	2.0
1091.6396350738403	0.5453293000000485	epochs	3.0
1092.1849643738403	0.4844298999998955	epochs	3.0
1092.6693942738402	0.8317862000001242	epochs	2.0
1092.6693942738402	0.4357763000000432	epochs	3.0
1093.1051705738403	0.39600990000008096	epochs	3.0
1093.5011804738403	0.6977970000000369	epochs	2.0
1093.5011804738403	0.3628982000000178	epochs	3.0
1093.8640786738404	0.33489880000001904	epochs	3.0
1094.1989774738404	0.601045699999986	epochs	2.0
1094.1989774738404	0.3109122999999272	epochs	3.0
1094.5098897738403	0.2901334000000588	epochs	3.0
1094.8000231738404	0.5278859000000011	epochs	2.0
1094.8000231738404	0.2719586000000618	epochs	3.0
1095.0719817738404	0.25592729999993935	epochs	3.0
1095.3279090738404	0.470619299999953	epochs	2.0
1095.3279090738404	0.241681299999982	epochs	3.0
1095.5695903738404	0.228937999999971	epochs	3.0
1095.7985283738403	0.42457039999999324	epochs	2.0
1095.7985283738403	0.21747140000002219	epochs	3.0
1096.0159997738403	0.20709899999997106	epochs	3.0
1096.2230987738403	0.3867353999999068	epochs	2.0
1096.2230987738403	0.19767109999997956	epochs	3.0
1096.4207698738403	0.18906429999992724	epochs	3.0
1096.6098341738402	0.35509530000013	epochs	2.0
1096.6098341738402	0.18117590000019845	epochs	3.0
1096.7910100738404	0.17391939999993156	epochs	3.0
1096.9649294738404	0.3282431000000088	epochs	2.0
1096.9649294738404	0.16722189999995862	epochs	3.0
1097.1321513738403	0.16102120000005016	epochs	3.0
1097.2931725738404	0.3051679999998669	epochs	2.0
1097.2931725738404	0.15526389999990897	epochs	3.0
1097.4484364738403	0.1499040999999579	epochs	3.0
1097.5983405738402	0.28512530000011793	epochs	2.0
1097.5983405738402	0.1449021000000812	epochs	3.0
1097.7432426738403	0.14022320000003674	epochs	3.0
1097.8834658738404	0.267553800000087	epochs	2.0
1097.8834658738404	0.1358368999999584	epochs	3.0
1098.0193027738403	0.1317169000001286	epochs	3.0
1098.1510196738404	0.252022899999929	epochs	2.0
1098.1510196738404	0.1278393000000051	epochs	3.0
1098.2788589738404	0.1241835999999239	epochs	3.0
1098.4030425738404	0.23819649999995818	epochs	2.0
1098.4030425738404	0.12073110000005727	epochs	3.0
1098.5237736738404	0.11746539999990091	epochs	3.0
1098.6412390738403	0.2258088000000953	epochs	2.0
1098.6412390738403	0.1143718999999237	epochs	3.0
1098.7556109738402	0.11143690000017159	epochs	3.0
1098.8670478738404	0.21464599999990241	epochs	2.0
1098.8670478738404	0.10864889999993466	epochs	3.0
1098.9756967738404	0.10599709999996776	epochs	3.0
1099.0816938738403	0.20453500000007807	epochs	2.0
1099.0816938738403	0.10347150000006877	epochs	3.0
1099.1851653738404	0.1010635000000093	epochs	3.0
1099.2862288738404	0.19533400000000256	epochs	2.0
1099.2862288738404	0.09876510000003691	epochs	3.0
1099.3849939738404	0.09656889999996565	epochs	3.0
1099.4815628738404	0.18692529999998442	epochs	2.0
1099.4815628738404	0.09446830000001682	epochs	3.0
1099.5760311738404	0.09245699999996759	epochs	3.0
1099.6684881738404	0.17921069999988504	epochs	2.0
1099.6684881738404	0.09052959999985433	epochs	3.0
1099.7590177738402	0.08868110000003071	epochs	3.0
1099.8476988738403	0.17210769999996955	epochs	2.0
1099.8476988738403	0.08690630000000965	epochs	3.0
1099.9346051738403	0.0852013999999599	epochs	3.0
1100.0198065738402	0.16554640000003928	epochs	2.0
1100.0198065738402	0.08356190000017705	epochs	3.0
1100.1033684738404	0.08198449999986224	epochs	3.0
1100.1853529738403	0.15946710000002895	epochs	2.0
1100.1853529738403	0.08046540000009372	epochs	3.0
1100.2658183738404	0.07900169999993523	epochs	3.0
1100.3448200738403	0.15381840000009106	epochs	2.0
1100.3448200738403	0.07759009999995214	epochs	3.0
1100.4224101738403	0.07622830000013892	epochs	3.0
1100.4986384738404	0.14855639999996129	epochs	2.0
1100.4986384738404	0.07491329999993468	epochs	3.0
1100.5735517738403	0.0736431000000266	epochs	3.0
1100.6471948738404	0.1436423999998624	epochs	2.0
1100.6471948738404	0.07241499999986445	epochs	3.0
1100.7196098738402	0.07122739999999794	epochs	3.0
1100.7908372738402	0.13904310000020814	epochs	2.0
1100.7908372738402	0.07007800000019415	epochs	3.0
1100.8609152738404	0.06896510000001399	epochs	3.0
1100.9298803738404	0.13472929999988992	epochs	2.0
1100.9298803738404	0.0678871000000072	epochs	3.0
1100.9977674738404	0.06684219999988272	epochs	3.0
1101.0646096738403	0.1306752000000415	epochs	2.0
1101.0646096738403	0.06582909999997355	epochs	3.0
1101.1304387738403	0.06484610000006796	epochs	3.0
1101.1952848738404	0.1268577999999252	epochs	2.0
1101.1952848738404	0.06389199999989614	epochs	3.0
1101.2591768738403	0.06296580000002905	epochs	3.0
1101.3221426738403	0.12325720000012552	epochs	2.0
1101.3221426738403	0.06206580000002759	epochs	3.0
1101.3842084738403	0.06119140000009793	epochs	3.0
1101.4453998738404	0.11985540000000583	epochs	2.0
1101.4453998738404	0.060341099999959624	epochs	3.0
1101.5057409738404	0.059514300000046205	epochs	3.0
1101.5652552738404	0.1166361999999026	epochs	2.0
1101.5652552738404	0.058709599999929196	epochs	3.0
1101.6239648738404	0.057926599999973405	epochs	3.0
1101.6818914738403	0.11358560000007856	epochs	2.0
1101.6818914738403	0.05716419999998834	epochs	3.0
1101.7390556738403	0.056421400000090216	epochs	3.0
1101.7954770738404	0.11069049999991876	epochs	2.0
1101.7954770738404	0.055697900000041045	epochs	3.0
1101.8511749738404	0.05499259999987771	epochs	3.0
1101.9061675738403	0.1079391000000669	epochs	2.0
1101.9061675738403	0.05430490000003374	epochs	3.0
1101.9604724738404	0.05363420000003316	epochs	3.0
1102.0141066738404	0.10532149999994544	epochs	2.0
1102.0141066738404	0.05297999999993408	epochs	3.0
1102.0670866738403	0.052341500000011365	epochs	3.0
1102.1194281738403	0.10282759999995505	epochs	2.0
1102.1194281738403	0.05171810000001642	epochs	3.0
1102.1711462738403	0.051109499999938635	epochs	3.0
1102.2222557738403	0.10044910000010532	epochs	2.0
1102.2222557738403	0.050514900000052876	epochs	3.0
1102.2727706738403	0.04993420000005244	epochs	3.0
1102.3227048738404	0.0981782999999723	epochs	2.0
1102.3227048738404	0.04936659999998483	epochs	3.0
1102.3720714738404	0.04881169999998747	epochs	3.0
1102.4208831738404	0.09600780000005216	epochs	2.0
1102.4208831738404	0.04826920000004975	epochs	3.0
1102.4691523738404	0.04773860000000241	epochs	3.0
1102.5168909738404	0.09393119999981536	epochs	2.0
1102.5168909738404	0.04721949999998287	epochs	3.0
1102.5641104738404	0.04671169999983249	epochs	3.0
1102.6108221738402	0.09194260000003851	epochs	2.0
1102.6108221738402	0.04621460000021216	epochs	3.0
1102.6570367738404	0.04572799999982635	epochs	3.0
1102.7027647738403	0.09003630000006524	epochs	2.0
1102.7027647738403	0.045251499999949374	epochs	3.0
1102.7480162738402	0.044784800000115865	epochs	3.0
1102.7928010738403	0.08820760000003247	epochs	2.0
1102.7928010738403	0.044327800000019124	epochs	3.0
1102.8371288738404	0.04387980000001335	epochs	3.0
1102.8810086738404	0.0864516999999978	epochs	2.0
1102.8810086738404	0.04344100000002982	epochs	3.0
1102.9244496738404	0.04301069999996798	epochs	3.0
1102.9674603738404	0.08476429999996071	epochs	2.0
1102.9674603738404	0.04258899999990717	epochs	3.0
1103.0100493738403	0.04217530000005354	epochs	3.0
1103.0522246738403	0.08314150000001064	epochs	2.0
1103.0522246738403	0.04176970000003166	epochs	3.0
1103.0939943738404	0.041371799999978975	epochs	3.0
1103.1353661738403	0.08157970000002024	epochs	2.0
1103.1353661738403	0.040981399999964196	epochs	3.0
1103.1763475738403	0.04059830000005604	epochs	3.0
1103.2169458738404	0.08007550000002084	epochs	2.0
1103.2169458738404	0.04022229999986848	epochs	3.0
1103.2571681738402	0.039853200000152356	epochs	3.0
1103.2970213738404	0.07862569999997504	epochs	2.0
1103.2970213738404	0.03949079999983951	epochs	3.0
1103.3365121738402	0.03913490000013553	epochs	3.0
1103.3756470738404	0.07722760000001472	epochs	2.0
1103.3756470738404	0.038785400000051595	epochs	3.0
1103.4144324738404	0.03844219999996312	epochs	3.0
1103.4528746738404	0.07587820000003376	epochs	2.0
1103.4528746738404	0.03810479999992822	epochs	3.0
1103.4909794738403	0.03777340000010554	epochs	3.0
1103.5287528738404	0.0745752000000266	epochs	2.0
1103.5287528738404	0.03744770000002973	epochs	3.0
1103.5662005738404	0.03712749999999687	epochs	3.0
1103.6033280738404	0.07331629999998768	epochs	2.0
1103.6033280738404	0.03681289999985893	epochs	3.0
1103.6401409738403	0.03650340000012875	epochs	3.0
1103.6766443738404	0.07209899999998015	epochs	2.0
1103.6766443738404	0.03619909999997617	epochs	3.0
1103.7128434738404	0.03589990000000398	epochs	3.0
1103.7487433738404	0.07092169999987163	epochs	2.0
1103.7487433738404	0.035605599999826154	epochs	3.0
1103.7843489738402	0.03531610000004548	epochs	3.0
1103.8196650738403	0.06978200000003199	epochs	2.0
1103.8196650738403	0.03503120000004856	epochs	3.0
1103.8546962738403	0.03475079999998343	epochs	3.0
1103.8894470738403	0.06867860000011206	epochs	2.0
1103.8894470738403	0.03447510000000875	epochs	3.0
1103.9239221738403	0.034203500000103304	epochs	3.0
1103.9581256738404	0.06760929999995824	epochs	2.0
1103.9581256738404	0.033936199999970995	epochs	3.0
1103.9920618738404	0.033673099999987244	epochs	3.0
1104.0257349738404	0.06657289999998284	epochs	2.0
1104.0257349738404	0.03341399999999339	epochs	3.0
1104.0591489738404	0.033158899999989444	epochs	3.0
1104.0923078738404	0.06556780000005347	epochs	2.0
1104.0923078738404	0.03290769999989607	epochs	3.0
1104.1252155738403	0.0326601000001574	epochs	3.0
1104.1578756738404	0.06459259999996902	epochs	2.0
1104.1578756738404	0.03241639999987456	epochs	3.0
1104.1902920738403	0.03217620000009447	epochs	3.0
1104.2224682738404	0.06364600000006249	epochs	2.0
1104.2224682738404	0.03193959999998697	epochs	3.0
1104.2544078738404	0.03170640000007552	epochs	3.0
1104.2861142738404	0.0627266999999847	epochs	2.0
1104.2861142738404	0.031476599999905375	epochs	3.0
1104.3175908738403	0.03125010000007933	epochs	3.0
1104.3488409738404	0.06183359999999993	epochs	2.0
1104.3488409738404	0.03102689999991526	epochs	3.0
1104.3798678738403	0.030806700000084675	epochs	3.0
1104.4106745738404	0.060965599999917686	epochs	2.0
1104.4106745738404	0.030589799999916067	epochs	3.0
1104.4412643738403	0.030375800000001618	epochs	3.0
1104.4716401738403	0.06012160000000222	epochs	2.0
1104.4716401738403	0.030164900000045236	epochs	3.0
1104.5018050738404	0.02995669999995698	epochs	3.0
1104.5317617738403	0.05930069999999432	epochs	2.0
1104.5317617738403	0.029751600000054168	epochs	3.0
1104.5615133738404	0.029549099999940154	epochs	3.0
1104.5910624738403	0.05850179999993088	epochs	2.0
1104.5910624738403	0.02934940000000097	epochs	3.0
1104.6204118738403	0.029152399999929912	epochs	3.0
1104.6495642738403	0.05772420000016609	epochs	2.0
1104.6495642738403	0.028958000000102402	epochs	3.0
1104.6785222738404	0.02876620000006369	epochs	3.0
1104.7072884738404	0.056967099999837956	epochs	2.0
1104.7072884738404	0.02857699999981378	epochs	3.0
1104.7358654738402	0.028390100000024177	epochs	3.0
1104.7642555738403	0.05622949999997218	epochs	2.0
1104.7642555738403	0.028205699999944045	epochs	3.0
1104.7924612738402	0.028023800000028132	epochs	3.0
1104.8204850738402	0.05551070000001346	epochs	2.0
1104.8204850738402	0.027844000000186497	epochs	3.0
1104.8483290738404	0.02766669999982696	epochs	3.0
1104.8759957738403	0.054810200000019904	epochs	2.0
1104.8759957738403	0.02749149999999645	epochs	3.0
1104.9034872738403	0.027318700000023455	epochs	3.0
1104.9308059738403	0.05412700000010773	epochs	2.0
1104.9308059738403	0.027147799999966082	epochs	3.0
1104.9579537738402	0.026979200000141645	epochs	3.0
1104.9849329738404	0.053460699999959616	epochs	2.0
1104.9849329738404	0.02681259999985741	epochs	3.0
1105.0117455738402	0.026648100000102204	epochs	3.0
1105.0383936738403	0.05281070000000909	epochs	2.0
1105.0383936738403	0.0264855999998872	epochs	3.0
1105.0648792738402	0.026325100000121893	epochs	3.0
1105.0912043738404	0.05217620000007628	epochs	2.0
1105.0912043738404	0.026166399999965506	epochs	3.0
1105.1173707738403	0.026009800000110772	epochs	3.0
1105.1433805738404	0.051556699999991906	epochs	2.0
1105.1433805738404	0.025854799999933675	epochs	3.0
1105.1692353738404	0.02570190000005823	epochs	3.0
1105.1949372738404	0.05095189999997274	epochs	2.0
1105.1949372738404	0.025550699999939752	epochs	3.0
1105.2204879738404	0.025401200000032986	epochs	3.0
1105.2458891738404	0.050360999999838896	epochs	2.0
1105.2458891738404	0.025253499999962514	epochs	3.0
1105.2711426738404	0.02510749999987638	epochs	3.0
1105.2962501738402	0.04978380000011384	epochs	2.0
1105.2962501738402	0.02496320000000196	epochs	3.0
1105.3212133738402	0.02482060000011188	epochs	3.0
1105.3460339738403	0.04921949999993558	epochs	2.0
1105.3460339738403	0.024679399999968155	epochs	3.0
1105.3707133738403	0.024540099999967424	epochs	3.0
1105.3952534738403	0.04866790000005494	epochs	2.0
1105.3952534738403	0.024402100000088467	epochs	3.0
1105.4196555738404	0.024265799999966475	epochs	3.0
1105.4439213738403	0.048128599999927246	epochs	2.0
1105.4439213738403	0.02413099999989754	epochs	3.0
1105.4680523738402	0.023997600000029706	epochs	3.0
1105.4920499738403	0.047601100000065344	epochs	2.0
1105.4920499738403	0.023865800000066884	epochs	3.0
1105.5159157738403	0.02373529999999846	epochs	3.0
1105.5396510738403	0.04708499999992455	epochs	2.0
1105.5396510738403	0.023606299999983094	epochs	3.0
1105.5632573738403	0.023478699999941455	epochs	3.0
1105.5867360738403	0.04658000000017637	epochs	2.0
1105.5867360738403	0.023352500000100918	epochs	3.0
1105.6100885738404	0.02322750000007545	epochs	3.0
1105.6333160738404	0.04608569999982137	epochs	2.0
1105.6333160738404	0.02310399999987567	epochs	3.0
1105.6564200738403	0.022981699999945704	epochs	3.0
1105.6794017738403	0.045601799999985815	epochs	2.0
1105.6794017738403	0.022860700000137513	epochs	3.0
1105.7022624738404	0.022741099999848302	epochs	3.0
1105.7250035738402	0.04512790000012501	epochs	2.0
1105.7250035738402	0.022622500000125	epochs	3.0
1105.7476260738404	0.02250540000000001	epochs	3.0
1105.7701314738404	0.0446638000000803	epochs	2.0
1105.7701314738404	0.02238929999998618	epochs	3.0
1105.7925207738404	0.022274500000094122	epochs	3.0
1105.8147952738404	0.044209199999841076	epochs	2.0
1105.8147952738404	0.022160799999937808	epochs	3.0
1105.8369560738404	0.022048399999903268	epochs	3.0
1105.8590044738403	0.04376360000014756	epochs	2.0
1105.8590044738403	0.021936900000127935	epochs	3.0
1105.8809413738404	0.021826700000019628	epochs	3.0
1105.9027680738404	0.04332709999994222	epochs	2.0
1105.9027680738404	0.021717599999874437	epochs	3.0
1105.9244856738403	0.021609500000067783	epochs	3.0
1105.9460951738404	0.04289900000003399	epochs	2.0
1105.9460951738404	0.02150249999999687	epochs	3.0
1105.9675976738404	0.021396500000037122	epochs	3.0
1105.9889941738404	0.04247949999989942	epochs	2.0
1105.9889941738404	0.021291699999892444	epochs	3.0
1106.0102858738403	0.021187800000006973	epochs	3.0
1106.0314736738403	0.04206790000012006	epochs	2.0
1106.0314736738403	0.02108490000000529	epochs	3.0
1106.0525585738403	0.02098300000011477	epochs	3.0
1106.0735415738404	0.04166439999994509	epochs	2.0
1106.0735415738404	0.020882199999959994	epochs	3.0
1106.0944237738404	0.020782199999985096	epochs	3.0
1106.1152059738404	0.041268499999887354	epochs	2.0
1106.1152059738404	0.020683299999973315	epochs	3.0
1106.1358892738403	0.02058519999991404	epochs	3.0
1106.1564744738403	0.04088000000001557	epochs	2.0
1106.1564744738403	0.020488099999965925	epochs	3.0
1106.1769625738402	0.020391900000049645	epochs	3.0
1106.1973544738403	0.04049880000002304	epochs	2.0
1106.1973544738403	0.0202966000001652	epochs	3.0
1106.2176510738404	0.02020219999985784	epochs	3.0
1106.2378532738403	0.04012460000012652	epochs	2.0
1106.2378532738403	0.02010870000003706	epochs	3.0
1106.2579619738403	0.02001590000008946	epochs	3.0
1106.2779778738404	0.03975730000001931	epochs	2.0
1106.2779778738404	0.0199241999998776	epochs	3.0
1106.2979020738403	0.019833100000141712	epochs	3.0
1106.3177351738404	0.03939669999999751	epochs	2.0
1106.3177351738404	0.019742999999834865	epochs	3.0
1106.3374781738403	0.019653700000162644	epochs	3.0
1106.3571318738404	0.03904239999997117	epochs	2.0
1106.3571318738404	0.019565099999908853	epochs	3.0
1106.3766969738404	0.019477300000062314	epochs	3.0
1106.3961742738404	0.03869459999987157	epochs	2.0
1106.3961742738404	0.019390400000020236	epochs	3.0
1106.4155646738404	0.019304199999851335	epochs	3.0
1106.4348688738403	0.03835290000006353	epochs	2.0
1106.4348688738403	0.019218800000089686	epochs	3.0
1106.4540876738404	0.01913409999997384	epochs	3.0
1106.4732217738404	0.03801720000001296	epochs	2.0
1106.4732217738404	0.019050200000037876	epochs	3.0
1106.4922719738404	0.018966999999975087	epochs	3.0
1106.5112389738404	0.03768719999993664	epochs	2.0
1106.5112389738404	0.01888450000001285	epochs	3.0
1106.5301234738404	0.01880269999992379	epochs	3.0
1106.5489261738403	0.03736309999999321	epochs	2.0
1106.5489261738403	0.018721700000014607	epochs	3.0
1106.5676478738403	0.018641399999978603	epochs	3.0
1106.5862892738403	0.03704429999993408	epochs	2.0
1106.5862892738403	0.018561600000111866	epochs	3.0
1106.6048508738404	0.018482699999822216	epochs	3.0
1106.6233335738402	0.036731000000145286	epochs	2.0
1106.6233335738402	0.01840430000015658	epochs	3.0
1106.6417378738404	0.018326699999988705	epochs	3.0
1106.6600645738404	0.03642289999993409	epochs	2.0
1106.6600645738404	0.018249599999990096	epochs	3.0
1106.6783141738404	0.018173299999943993	epochs	3.0
1106.6964874738403	0.03612010000006194	epochs	2.0
1106.6964874738403	0.01809759999991911	epochs	3.0
1106.7145850738402	0.018022500000142827	epochs	3.0
1106.7326075738404	0.03582209999990482	epochs	2.0
1106.7326075738404	0.01794789999985369	epochs	3.0
1106.7505554738402	0.017874200000051133	epochs	3.0
1106.7684296738403	0.03552899999999681	epochs	2.0
1106.7684296738403	0.017800800000031813	epochs	3.0
1106.7862304738403	0.017728199999965	epochs	3.0
1106.8039586738403	0.03524070000003121	epochs	2.0
1106.8039586738403	0.017656100000067454	epochs	3.0
1106.8216147738403	0.017584599999963757	epochs	3.0
1106.8391993738403	0.03495709999992869	epochs	2.0
1106.8391993738403	0.017513700000108656	epochs	3.0
1106.8567130738404	0.01744339999982003	epochs	3.0
1106.8741564738402	0.03467790000013338	epochs	2.0
1106.8741564738402	0.01737360000015542	epochs	3.0
1106.8915300738404	0.017304299999977957	epochs	3.0
1106.9088343738404	0.03440329999989444	epochs	2.0
1106.9088343738404	0.017235699999901044	epochs	3.0
1106.9260700738403	0.0171675999999934	epochs	3.0
1106.9432376738403	0.034132800000179486	epochs	2.0
1106.9432376738403	0.017099900000175694	epochs	3.0
1106.9603375738404	0.017032900000003792	epochs	3.0
1106.9773704738404	0.03386669999986225	epochs	2.0
1106.9773704738404	0.01696640000000116	epochs	3.0
1106.9943368738404	0.01690029999986109	epochs	3.0
1107.0112371738403	0.03360459999998966	epochs	2.0
1107.0112371738403	0.01683479999996962	epochs	3.0
1107.0280719738403	0.01676980000002004	epochs	3.0
1107.0448417738403	0.033346599999958926	epochs	2.0
1107.0448417738403	0.016705300000012357	epochs	3.0
1107.0615470738403	0.01664129999994657	epochs	3.0
1107.0781883738402	0.03309250000006614	epochs	2.0
1107.0781883738402	0.016577800000050047	epochs	3.0
1107.0947661738403	0.01651470000001609	epochs	3.0
1107.1112808738403	0.032842300000083924	epochs	2.0
1107.1112808738403	0.01645220000000336	epochs	3.0
1107.1277330738403	0.016390100000080565	epochs	3.0
1107.1441231738404	0.03259570000000167	epochs	2.0
1107.1441231738404	0.016328400000020338	epochs	3.0
1107.1604515738404	0.016267299999981333	epochs	3.0
1107.1767188738404	0.032352899999978035	epochs	2.0
1107.1767188738404	0.016206600000032267	epochs	3.0
1107.1929254738404	0.016146299999945768	epochs	3.0
1107.2090717738404	0.03211369999985436	epochs	2.0
1107.2090717738404	0.01608659999988049	epochs	3.0
1107.2251583738403	0.01602709999997387	epochs	3.0
1107.2411854738402	0.03187800000000607	epochs	2.0
1107.2411854738402	0.015968200000088473	epochs	3.0
1107.2571536738403	0.015909799999917595	epochs	3.0
1107.2730634738402	0.03164570000012645	epochs	2.0
1107.2730634738402	0.01585160000013275	epochs	3.0
1107.2889150738404	0.015794099999993705	epochs	3.0
1107.3047091738404	0.031416699999908815	epochs	2.0
1107.3047091738404	0.01573669999993399	epochs	3.0
1107.3204458738403	0.015679999999974825	epochs	3.0
1107.3361258738403	0.031191100000114602	epochs	2.0
1107.3361258738403	0.015623600000026272	epochs	3.0
1107.3517494738403	0.01556750000008833	epochs	3.0
1107.3673169738404	0.030968699999903038	epochs	2.0
1107.3673169738404	0.015511999999944237	epochs	3.0
1107.3828289738403	0.0154566999999588	epochs	3.0
1107.3982856738403	0.030749499999956242	epochs	2.0
1107.3982856738403	0.015401999999994587	epochs	3.0
1107.4136876738403	0.015347499999961656	epochs	3.0
1107.4290351738402	0.03053320000003623	epochs	2.0
1107.4290351738402	0.015293400000018664	epochs	3.0
1107.4443285738403	0.015239800000017567	epochs	3.0
1107.4595683738403	0.030320100000153616	epochs	2.0
1107.4595683738403	0.015186500000027081	epochs	3.0
1107.4747548738403	0.015133600000126535	epochs	3.0
1107.4898884738404	0.030109899999843037	epochs	2.0
1107.4898884738404	0.015081000000009226	epochs	3.0
1107.5049694738404	0.015028899999833811	epochs	3.0
1107.5199983738403	0.029902500000162036	epochs	2.0
1107.5199983738403	0.014977000000044427	epochs	3.0
1107.5349753738403	0.014925500000117609	epochs	3.0
1107.5499008738404	0.029698099999905025	epochs	2.0
1107.5499008738404	0.014874399999825982	epochs	3.0
1107.5647752738403	0.014823700000079043	epochs	3.0
1107.5795989738403	0.029496299999891562	epochs	2.0
1107.5795989738403	0.014773200000036013	epochs	3.0
1107.5943721738404	0.014723099999855549	epochs	3.0
1107.6090952738402	0.029297400000132257	epochs	2.0
1107.6090952738402	0.014673399999992398	epochs	3.0
1107.6237686738402	0.014624000000139858	epochs	3.0
1107.6383926738404	0.029101099999934377	epochs	2.0
1107.6383926738404	0.014574900000070556	epochs	3.0
1107.6529675738404	0.01452619999986382	epochs	3.0
1107.6674937738403	0.028907399999980044	epochs	2.0
1107.6674937738403	0.014477700000043114	epochs	3.0
1107.6819714738403	0.014429699999936929	epochs	3.0
1107.6964011738403	0.028716199999962555	epochs	2.0
1107.6964011738403	0.014381800000137446	epochs	3.0
1107.7107829738404	0.01433439999982511	epochs	3.0
1107.7251173738402	0.028527600000188613	epochs	2.0
1107.7251173738402	0.014287200000126177	epochs	3.0
1107.7394045738404	0.014240400000062436	epochs	3.0
1107.7536449738404	0.02834139999981744	epochs	2.0
1107.7536449738404	0.014193799999929979	epochs	3.0
1107.7678387738404	0.014147599999887461	epochs	3.0
1107.7819863738403	0.028157700000065233	epochs	2.0
1107.7819863738403	0.014101700000082928	epochs	3.0
1107.7960880738403	0.014055999999982305	epochs	3.0
1107.8101440738403	0.027976300000091214	epochs	2.0
1107.8101440738403	0.014010600000119666	epochs	3.0
1107.8241546738404	0.013965699999971548	epochs	3.0
1107.8381203738404	0.027797199999895383	epochs	2.0
1107.8381203738404	0.01392079999982343	epochs	3.0
1107.8520411738402	0.013876400000071953	epochs	3.0
1107.8659175738403	0.027620399999932488	epochs	2.0
1107.8659175738403	0.013832200000024386	epochs	3.0
1107.8797497738403	0.013788199999908102	epochs	3.0
1107.8935379738402	0.027445900000202528	epochs	2.0
1107.8935379738402	0.01374460000010913	epochs	3.0
1107.9072825738403	0.013701300000093397	epochs	3.0
1107.9209838738404	0.027273499999864725	epochs	2.0
1107.9209838738404	0.013658199999781573	epochs	3.0
1107.9346420738402	0.013615300000083153	epochs	3.0
1107.9482573738403	0.027103399999987232	epochs	2.0
1107.9482573738403	0.013572800000019924	epochs	3.0
1107.9618301738403	0.013530599999967308	epochs	3.0
1107.9753607738403	0.02693520000002536	epochs	2.0
1107.9753607738403	0.013488400000142065	epochs	3.0
1107.9888491738404	0.013446799999883297	epochs	3.0
1108.0022959738403	0.026769199999989723	epochs	2.0
1108.0022959738403	0.013405200000079276	epochs	3.0
1108.0157011738404	0.013363999999910448	epochs	3.0
1108.0290651738403	0.026605199999949036	epochs	2.0
1108.0290651738403	0.013322900000048321	epochs	3.0
1108.0423880738404	0.013282299999900715	epochs	3.0
1108.0556703738403	0.026443200000130673	epochs	2.0
1108.0556703738403	0.013241699999980483	epochs	3.0
1108.0689120738402	0.01320150000015019	epochs	3.0
1108.0821135738404	0.026283199999852513	epochs	2.0
1108.0821135738404	0.013161500000023807	epochs	3.0
1108.0952750738404	0.013121699999828706	epochs	3.0
1108.1083967738402	0.02612500000009277	epochs	2.0
1108.1083967738402	0.013082100000019636	epochs	3.0
1108.1214788738403	0.013042900000073132	epochs	3.0
1108.1345217738403	0.025968899999952555	epochs	2.0
1108.1345217738403	0.01300390000005791	epochs	3.0
1108.1475256738404	0.012964999999894644	epochs	3.0
1108.1604906738403	0.025814500000024054	epochs	2.0
1108.1604906738403	0.012926399999969362	epochs	3.0
1108.1734170738403	0.012888100000054692	epochs	3.0
1108.1863051738403	0.025661899999931848	epochs	2.0
1108.1863051738403	0.012849899999991976	epochs	3.0
1108.1991550738403	0.012811999999939871	epochs	3.0
1108.2119670738402	0.025511199999982637	epochs	2.0
1108.2119670738402	0.012774400000125752	epochs	3.0
1108.2247414738404	0.012736799999856885	epochs	3.0
1108.2374782738402	0.025362300000097093	epochs	2.0
1108.2374782738402	0.012699700000212033	epochs	3.0
1108.2501779738404	0.01266259999988506	epochs	3.0
1108.2628405738403	0.02521500000011656	epochs	2.0
1108.2628405738403	0.012625800000023446	epochs	3.0
1108.2754663738403	0.012589200000093115	epochs	3.0
1108.2880555738404	0.024584799999956886	epochs	2.0
1108.3120851738404	0.5	epochs	-1.0
1108.3126403738404	0.9999199999999746	epochs	1.0
1108.8120851738404	0.5	epochs	-1.0
1110.8000001907349	0.05464000000006308	epochs	0.0
1110.8000001907349	0.022320399999898655	epochs	1.0
1110.8223205907348	0.0099992000000384	epochs	1.0
1110.8323197907348	0.02232040000012603	epochs	1.0
1110.854640190735	2.0	epochs	0.0
1112.854640190735	0.5055199999999331	epochs	0.0
1112.854640190735	0.5055199999999331	epochs	1.0
1112.8546449907349	0.5	epochs	-1.0
1113.3546449907349	0.0055151999999907275	epochs	-1.0
1113.3601601907349	21.49440000000004	epochs	0.0
1114.7430000305176	0.05464000000006308	epochs	0.0
1114.7430000305176	0.022320399999898655	epochs	1.0
1114.7653204305175	0.0099992000000384	epochs	1.0
1114.7753196305175	0.02232040000012603	epochs	1.0
1114.7976400305176	2.0	epochs	0.0
1116.7976400305176	0.504799999999932	epochs	0.0
1116.7976400305176	0.504799999999932	epochs	1.0
1116.7976448305176	0.5	epochs	-1.0
1117.2976448305176	0.004795199999989563	epochs	-1.0
1117.3024400305176	21.495120000000043	epochs	0.0
1118.6980004310608	0.05464000000006308	epochs	0.0
1118.6980004310608	0.022320399999898655	epochs	1.0
1118.7203208310607	0.0099992000000384	epochs	1.0
1118.7303200310607	0.02232040000012603	epochs	1.0
1118.7526404310609	2.0	epochs	0.0
1120.7526404310609	0.5050400000000081	epochs	0.0
1120.7526404310609	0.5050400000000081	epochs	1.0
1120.7526452310608	0.5	epochs	-1.0
1121.2526452310608	0.005035200000065743	epochs	-1.0
1121.2576804310609	21.494879999999966	epochs	0.0
1133.9300003051758	0.05464000000006308	epochs	0.0
1133.9300003051758	0.022320399999898655	epochs	1.0
1133.9523207051757	0.0099992000000384	epochs	1.0
1133.9623199051757	0.02232040000012603	epochs	1.0
1133.9846403051758	2.0	epochs	0.0
1135.9846403051758	1.5652000000000044	epochs	0.0
1135.9846403051758	1.0	epochs	1.0
1135.9846451051758	0.5	epochs	-1.0
1136.4846451051758	1.065195200000062	epochs	-1.0
1136.9846403051758	0.5652000000000044	epochs	-1.0
1136.9846403051758	0.5652000000000044	epochs	1.0
1136.9846403051758	0.5652000000000044	epochs	2.0
1136.9846403051758	0.5652000000000044	epochs	3.0
1137.5498403051758	20.43471999999997	epochs	0.0
1138.933000087738	0.05464000000006308	epochs	0.0
1138.933000087738	0.022320399999898655	epochs	1.0
1138.955320487738	0.0099992000000384	epochs	1.0
1138.965319687738	0.02232040000012603	epochs	1.0
1138.987640087738	2.0	epochs	0.0
1140.987640087738	1.6246399999999994	epochs	0.0
1140.987640087738	1.0	epochs	1.0
1140.987644887738	0.5	epochs	-1.0
1141.487644887738	1.124635200000057	epochs	-1.0
1141.987640087738	0.6246399999999994	epochs	-1.0
1141.987640087738	0.6246399999999994	epochs	1.0
1141.987640087738	0.6246399999999994	epochs	2.0
1141.987640087738	0.6246399999999994	epochs	3.0
1142.612280087738	20.375279999999975	epochs	0.0
1144.0329999923706	0.05464000000006308	epochs	0.0
1144.0329999923706	0.022320399999898655	epochs	1.0
1144.0553203923705	0.0099992000000384	epochs	1.0
1144.0653195923705	0.02232040000012603	epochs	1.0
1144.0876399923707	2.0	epochs	0.0
1146.0876399923707	5.405039999999872	epochs	0.0
1146.0876399923707	1.0	epochs	1.0
1146.0876447923706	0.5	epochs	-1.0
1146.5876447923706	4.905035199999929	epochs	-1.0
1147.0876399923707	4.405039999999872	epochs	1.0
1147.0876399923707	4.3567538999998305	epochs	-1.0
1147.0876399923707	1.9745871999998599	epochs	2.0
1147.0876399923707	1.098562199999833	epochs	3.0
1148.1862021923705	0.8760250000000269	epochs	3.0
1149.0622271923705	1.3524075000000266	epochs	2.0
1149.0622271923705	0.7286355000001095	epochs	3.0
1149.7908626923706	0.6237719999999172	epochs	3.0
1150.4146346923706	1.029759199999944	epochs	2.0
1150.4146346923706	0.5453293000000485	epochs	3.0
1150.9599639923706	0.4844298999998955	epochs	3.0
1151.4443938923705	0.04828610000004119	epochs	2.0
1151.4443938923705	0.04828610000004119	epochs	3.0
1151.4926799923705	16.594880000000103	epochs	0.0
1152.8940000534058	0.05464000000006308	epochs	0.0
1152.8940000534058	0.022320399999898655	epochs	1.0
1152.9163204534057	0.0099992000000384	epochs	1.0
1152.9263196534057	0.02232040000012603	epochs	1.0
1152.9486400534058	2.0	epochs	0.0
1154.9486400534058	0.504799999999932	epochs	0.0
1154.9486400534058	0.504799999999932	epochs	1.0
1154.9486448534058	0.5	epochs	-1.0
1155.4486448534058	0.004795199999989563	epochs	-1.0
1155.4534400534058	21.495120000000043	epochs	0.0
1156.8610000610352	0.05464000000006308	epochs	0.0
1156.8610000610352	0.022320399999898655	epochs	1.0
1156.883320461035	0.0099992000000384	epochs	1.0
1156.893319661035	0.02232040000012603	epochs	1.0
1156.9156400610352	2.0	epochs	0.0
1158.9156400610352	21.50519999999983	epochs	0.0
1158.9156400610352	1.0	epochs	1.0
1158.9156448610352	0.5	epochs	-1.0
1159.4156448610352	19.999360000000024	epochs	-1.0
1159.9156400610352	20.0	epochs	1.0
1159.9156400610352	4.3567538999998305	epochs	-1.0
1159.9156400610352	1.9745871999998599	epochs	2.0
1159.9156400610352	1.098562199999833	epochs	3.0
1161.014202261035	0.8760250000000269	epochs	3.0
1161.890227261035	1.3524075000000266	epochs	2.0
1161.890227261035	0.7286355000001095	epochs	3.0
1162.6188627610352	0.6237719999999172	epochs	3.0
1163.242634761035	1.029759199999944	epochs	2.0
1163.242634761035	0.5453293000000485	epochs	3.0
1163.7879640610352	0.4844298999998955	epochs	3.0
1164.272393961035	0.8317862000001242	epochs	2.0
1164.272393961035	0.4357763000000432	epochs	3.0
1164.708170261035	0.39600990000008096	epochs	3.0
1165.1041801610352	0.6977970000000369	epochs	2.0
1165.1041801610352	0.3628982000000178	epochs	3.0
1165.4670783610352	0.33489880000001904	epochs	3.0
1165.8019771610352	0.601045699999986	epochs	2.0
1165.8019771610352	0.3109122999999272	epochs	3.0
1166.1128894610351	0.2901334000000588	epochs	3.0
1166.4030228610352	0.5278859000000011	epochs	2.0
1166.4030228610352	0.2719586000000618	epochs	3.0
1166.6749814610353	0.25592729999993935	epochs	3.0
1166.9309087610352	0.470619299999953	epochs	2.0
1166.9309087610352	0.241681299999982	epochs	3.0
1167.1725900610352	0.228937999999971	epochs	3.0
1167.4015280610352	0.42457039999999324	epochs	2.0
1167.4015280610352	0.21747140000002219	epochs	3.0
1167.6189994610352	0.20709899999997106	epochs	3.0
1167.8260984610351	0.3867353999999068	epochs	2.0
1167.8260984610351	0.19767109999997956	epochs	3.0
1168.0237695610351	0.18906429999992724	epochs	3.0
1168.212833861035	0.35509530000013	epochs	2.0
1168.212833861035	0.18117590000019845	epochs	3.0
1168.3940097610352	0.17391939999993156	epochs	3.0
1168.5679291610352	0.3282431000000088	epochs	2.0
1168.5679291610352	0.16722189999995862	epochs	3.0
1168.7351510610351	0.16102120000005016	epochs	3.0
1168.8961722610352	0.3051679999998669	epochs	2.0
1168.8961722610352	0.15526389999990897	epochs	3.0
1169.051436161035	0.1499040999999579	epochs	3.0
1169.201340261035	0.28512530000011793	epochs	2.0
1169.201340261035	0.1449021000000812	epochs	3.0
1169.3462423610351	0.14022320000003674	epochs	3.0
1169.4864655610352	0.267553800000087	epochs	2.0
1169.4864655610352	0.1358368999999584	epochs	3.0
1169.6223024610351	0.1317169000001286	epochs	3.0
1169.7540193610353	0.252022899999929	epochs	2.0
1169.7540193610353	0.1278393000000051	epochs	3.0
1169.8818586610353	0.1241835999999239	epochs	3.0
1170.0060422610352	0.23819649999995818	epochs	2.0
1170.0060422610352	0.12073110000005727	epochs	3.0
1170.1267733610352	0.11746539999990091	epochs	3.0
1170.2442387610351	0.2258088000000953	epochs	2.0
1170.2442387610351	0.1143718999999237	epochs	3.0
1170.358610661035	0.11143690000017159	epochs	3.0
1170.4700475610352	0.21464599999990241	epochs	2.0
1170.4700475610352	0.10864889999993466	epochs	3.0
1170.5786964610352	0.10599709999996776	epochs	3.0
1170.6846935610351	0.20453500000007807	epochs	2.0
1170.6846935610351	0.10347150000006877	epochs	3.0
1170.7881650610352	0.1010635000000093	epochs	3.0
1170.8892285610352	0.19533400000000256	epochs	2.0
1170.8892285610352	0.09876510000003691	epochs	3.0
1170.9879936610353	0.09656889999996565	epochs	3.0
1171.0845625610352	0.18692529999998442	epochs	2.0
1171.0845625610352	0.09446830000001682	epochs	3.0
1171.1790308610352	0.09245699999996759	epochs	3.0
1171.2714878610352	0.17921069999988504	epochs	2.0
1171.2714878610352	0.09052959999985433	epochs	3.0
1171.362017461035	0.08868110000003071	epochs	3.0
1171.450698561035	0.17210769999996955	epochs	2.0
1171.450698561035	0.08690630000000965	epochs	3.0
1171.537604861035	0.0852013999999599	epochs	3.0
1171.622806261035	0.16554640000003928	epochs	2.0
1171.622806261035	0.08356190000017705	epochs	3.0
1171.7063681610352	0.08198449999986224	epochs	3.0
1171.788352661035	0.15946710000002895	epochs	2.0
1171.788352661035	0.08046540000009372	epochs	3.0
1171.8688180610352	0.07900169999993523	epochs	3.0
1171.9478197610351	0.15381840000009106	epochs	2.0
1171.9478197610351	0.07759009999995214	epochs	3.0
1172.025409861035	0.07622830000013892	epochs	3.0
1172.1016381610352	0.14855639999996129	epochs	2.0
1172.1016381610352	0.07491329999993468	epochs	3.0
1172.1765514610352	0.0736431000000266	epochs	3.0
1172.2501945610352	0.1436423999998624	epochs	2.0
1172.2501945610352	0.07241499999986445	epochs	3.0
1172.322609561035	0.07122739999999794	epochs	3.0
1172.393836961035	0.13904310000020814	epochs	2.0
1172.393836961035	0.07007800000019415	epochs	3.0
1172.4639149610352	0.06896510000001399	epochs	3.0
1172.5328800610353	0.13472929999988992	epochs	2.0
1172.5328800610353	0.0678871000000072	epochs	3.0
1172.6007671610353	0.06684219999988272	epochs	3.0
1172.6676093610351	0.1306752000000415	epochs	2.0
1172.6676093610351	0.06582909999997355	epochs	3.0
1172.7334384610351	0.06484610000006796	epochs	3.0
1172.7982845610352	0.1268577999999252	epochs	2.0
1172.7982845610352	0.06389199999989614	epochs	3.0
1172.862176561035	0.06296580000002905	epochs	3.0
1172.9251423610351	0.12325720000012552	epochs	2.0
1172.9251423610351	0.06206580000002759	epochs	3.0
1172.9872081610351	0.06119140000009793	epochs	3.0
1173.0483995610352	0.11985540000000583	epochs	2.0
1173.0483995610352	0.060341099999959624	epochs	3.0
1173.1087406610352	0.059514300000046205	epochs	3.0
1173.1682549610352	0.1166361999999026	epochs	2.0
1173.1682549610352	0.058709599999929196	epochs	3.0
1173.2269645610352	0.057926599999973405	epochs	3.0
1173.2848911610351	0.11358560000007856	epochs	2.0
1173.2848911610351	0.05716419999998834	epochs	3.0
1173.3420553610351	0.056421400000090216	epochs	3.0
1173.3984767610352	0.11069049999991876	epochs	2.0
1173.3984767610352	0.055697900000041045	epochs	3.0
1173.4541746610353	0.05499259999987771	epochs	3.0
1173.5091672610351	0.1079391000000669	epochs	2.0
1173.5091672610351	0.05430490000003374	epochs	3.0
1173.5634721610352	0.05363420000003316	epochs	3.0
1173.6171063610352	0.10532149999994544	epochs	2.0
1173.6171063610352	0.05297999999993408	epochs	3.0
1173.6700863610351	0.052341500000011365	epochs	3.0
1173.7224278610352	0.10282759999995505	epochs	2.0
1173.7224278610352	0.05171810000001642	epochs	3.0
1173.7741459610352	0.051109499999938635	epochs	3.0
1173.825255461035	0.10044910000010532	epochs	2.0
1173.825255461035	0.050514900000052876	epochs	3.0
1173.8757703610352	0.04993420000005244	epochs	3.0
1173.9257045610352	0.0981782999999723	epochs	2.0
1173.9257045610352	0.04936659999998483	epochs	3.0
1173.9750711610352	0.04881169999998747	epochs	3.0
1174.0238828610352	0.09600780000005216	epochs	2.0
1174.0238828610352	0.04826920000004975	epochs	3.0
1174.0721520610352	0.04773860000000241	epochs	3.0
1174.1198906610352	0.09393119999981536	epochs	2.0
1174.1198906610352	0.04721949999998287	epochs	3.0
1174.1671101610352	0.04671169999983249	epochs	3.0
1174.213821861035	0.09194260000003851	epochs	2.0
1174.213821861035	0.04621460000021216	epochs	3.0
1174.2600364610353	0.04572799999982635	epochs	3.0
1174.305764461035	0.09003630000006524	epochs	2.0
1174.305764461035	0.045251499999949374	epochs	3.0
1174.351015961035	0.044784800000115865	epochs	3.0
1174.3958007610352	0.08820760000003247	epochs	2.0
1174.3958007610352	0.044327800000019124	epochs	3.0
1174.4401285610352	0.04387980000001335	epochs	3.0
1174.4840083610352	0.0864516999999978	epochs	2.0
1174.4840083610352	0.04344100000002982	epochs	3.0
1174.5274493610352	0.04301069999996798	epochs	3.0
1174.5704600610352	0.08476429999996071	epochs	2.0
1174.5704600610352	0.04258899999990717	epochs	3.0
1174.613049061035	0.04217530000005354	epochs	3.0
1174.6552243610352	0.08314150000001064	epochs	2.0
1174.6552243610352	0.04176970000003166	epochs	3.0
1174.6969940610352	0.041371799999978975	epochs	3.0
1174.7383658610352	0.08157970000002024	epochs	2.0
1174.7383658610352	0.040981399999964196	epochs	3.0
1174.7793472610351	0.04059830000005604	epochs	3.0
1174.8199455610352	0.08007550000002084	epochs	2.0
1174.8199455610352	0.04022229999986848	epochs	3.0
1174.860167861035	0.039853200000152356	epochs	3.0
1174.9000210610352	0.07862569999997504	epochs	2.0
1174.9000210610352	0.03949079999983951	epochs	3.0
1174.939511861035	0.03913490000013553	epochs	3.0
1174.9786467610352	0.07722760000001472	epochs	2.0
1174.9786467610352	0.038785400000051595	epochs	3.0
1175.0174321610352	0.03844219999996312	epochs	3.0
1175.0558743610352	0.07587820000003376	epochs	2.0
1175.0558743610352	0.03810479999992822	epochs	3.0
1175.0939791610351	0.03777340000010554	epochs	3.0
1175.1317525610352	0.0745752000000266	epochs	2.0
1175.1317525610352	0.03744770000002973	epochs	3.0
1175.1692002610353	0.03712749999999687	epochs	3.0
1175.2063277610353	0.07331629999998768	epochs	2.0
1175.2063277610353	0.03681289999985893	epochs	3.0
1175.243140661035	0.03650340000012875	epochs	3.0
1175.2796440610352	0.07209899999998015	epochs	2.0
1175.2796440610352	0.03619909999997617	epochs	3.0
1175.3158431610352	0.03589990000000398	epochs	3.0
1175.3517430610352	0.07092169999987163	epochs	2.0
1175.3517430610352	0.035605599999826154	epochs	3.0
1175.387348661035	0.03531610000004548	epochs	3.0
1175.422664761035	0.06978200000003199	epochs	2.0
1175.422664761035	0.03503120000004856	epochs	3.0
1175.4576959610351	0.03475079999998343	epochs	3.0
1175.4924467610351	0.06867860000011206	epochs	2.0
1175.4924467610351	0.03447510000000875	epochs	3.0
1175.5269218610351	0.034203500000103304	epochs	3.0
1175.5611253610352	0.06760929999995824	epochs	2.0
1175.5611253610352	0.033936199999970995	epochs	3.0
1175.5950615610352	0.033673099999987244	epochs	3.0
1175.6287346610352	0.06657289999998284	epochs	2.0
1175.6287346610352	0.03341399999999339	epochs	3.0
1175.6621486610352	0.033158899999989444	epochs	3.0
1175.6953075610352	0.06556780000005347	epochs	2.0
1175.6953075610352	0.03290769999989607	epochs	3.0
1175.728215261035	0.0326601000001574	epochs	3.0
1175.7608753610352	0.06459259999996902	epochs	2.0
1175.7608753610352	0.03241639999987456	epochs	3.0
1175.793291761035	0.03217620000009447	epochs	3.0
1175.8254679610352	0.06364600000006249	epochs	2.0
1175.8254679610352	0.03193959999998697	epochs	3.0
1175.8574075610352	0.03170640000007552	epochs	3.0
1175.8891139610353	0.0627266999999847	epochs	2.0
1175.8891139610353	0.031476599999905375	epochs	3.0
1175.9205905610352	0.03125010000007933	epochs	3.0
1175.9518406610352	0.06183359999999993	epochs	2.0
1175.9518406610352	0.03102689999991526	epochs	3.0
1175.9828675610352	0.030806700000084675	epochs	3.0
1176.0136742610352	0.060965599999917686	epochs	2.0
1176.0136742610352	0.030589799999916067	epochs	3.0
1176.0442640610352	0.030375800000001618	epochs	3.0
1176.0746398610352	0.06012160000000222	epochs	2.0
1176.0746398610352	0.030164900000045236	epochs	3.0
1176.1048047610352	0.02995669999995698	epochs	3.0
1176.1347614610352	0.05930069999999432	epochs	2.0
1176.1347614610352	0.029751600000054168	epochs	3.0
1176.1645130610352	0.029549099999940154	epochs	3.0
1176.1940621610352	0.05850179999993088	epochs	2.0
1176.1940621610352	0.02934940000000097	epochs	3.0
1176.2234115610352	0.029152399999929912	epochs	3.0
1176.252563961035	0.05772420000016609	epochs	2.0
1176.252563961035	0.028958000000102402	epochs	3.0
1176.2815219610352	0.02876620000006369	epochs	3.0
1176.3102881610353	0.056967099999837956	epochs	2.0
1176.3102881610353	0.02857699999981378	epochs	3.0
1176.338865161035	0.028390100000024177	epochs	3.0
1176.367255261035	0.05622949999997218	epochs	2.0
1176.367255261035	0.028205699999944045	epochs	3.0
1176.395460961035	0.028023800000028132	epochs	3.0
1176.423484761035	0.05551070000001346	epochs	2.0
1176.423484761035	0.027844000000186497	epochs	3.0
1176.4513287610353	0.02766669999982696	epochs	3.0
1176.478995461035	0.054810200000019904	epochs	2.0
1176.478995461035	0.02749149999999645	epochs	3.0
1176.506486961035	0.027318700000023455	epochs	3.0
1176.533805661035	0.05412700000010773	epochs	2.0
1176.533805661035	0.027147799999966082	epochs	3.0
1176.560953461035	0.026979200000141645	epochs	3.0
1176.5879326610352	0.053460699999959616	epochs	2.0
1176.5879326610352	0.02681259999985741	epochs	3.0
1176.614745261035	0.026648100000102204	epochs	3.0
1176.6413933610352	0.05281070000000909	epochs	2.0
1176.6413933610352	0.0264855999998872	epochs	3.0
1176.667878961035	0.026325100000121893	epochs	3.0
1176.6942040610352	0.05217620000007628	epochs	2.0
1176.6942040610352	0.026166399999965506	epochs	3.0
1176.7203704610351	0.026009800000110772	epochs	3.0
1176.7463802610353	0.051556699999991906	epochs	2.0
1176.7463802610353	0.025854799999933675	epochs	3.0
1176.7722350610352	0.02570190000005823	epochs	3.0
1176.7979369610352	0.05095189999997274	epochs	2.0
1176.7979369610352	0.025550699999939752	epochs	3.0
1176.8234876610352	0.025401200000032986	epochs	3.0
1176.8488888610352	0.050360999999838896	epochs	2.0
1176.8488888610352	0.025253499999962514	epochs	3.0
1176.8741423610352	0.02510749999987638	epochs	3.0
1176.899249861035	0.04978380000011384	epochs	2.0
1176.899249861035	0.02496320000000196	epochs	3.0
1176.924213061035	0.02482060000011188	epochs	3.0
1176.9490336610352	0.04921949999993558	epochs	2.0
1176.9490336610352	0.024679399999968155	epochs	3.0
1176.9737130610351	0.024540099999967424	epochs	3.0
1176.998253161035	0.04866790000005494	epochs	2.0
1176.998253161035	0.024402100000088467	epochs	3.0
1177.0226552610352	0.024265799999966475	epochs	3.0
1177.0469210610352	0.048128599999927246	epochs	2.0
1177.0469210610352	0.02413099999989754	epochs	3.0
1177.071052061035	0.023997600000029706	epochs	3.0
1177.095049661035	0.047601100000065344	epochs	2.0
1177.095049661035	0.023865800000066884	epochs	3.0
1177.1189154610352	0.02373529999999846	epochs	3.0
1177.1426507610352	0.04708499999992455	epochs	2.0
1177.1426507610352	0.023606299999983094	epochs	3.0
1177.1662570610351	0.023478699999941455	epochs	3.0
1177.189735761035	0.04658000000017637	epochs	2.0
1177.189735761035	0.023352500000100918	epochs	3.0
1177.2130882610352	0.02322750000007545	epochs	3.0
1177.2363157610353	0.04608569999982137	epochs	2.0
1177.2363157610353	0.02310399999987567	epochs	3.0
1177.2594197610351	0.022981699999945704	epochs	3.0
1177.282401461035	0.045601799999985815	epochs	2.0
1177.282401461035	0.022860700000137513	epochs	3.0
1177.3052621610352	0.022741099999848302	epochs	3.0
1177.328003261035	0.04512790000012501	epochs	2.0
1177.328003261035	0.022622500000125	epochs	3.0
1177.3506257610352	0.02250540000000001	epochs	3.0
1177.3731311610352	0.0446638000000803	epochs	2.0
1177.3731311610352	0.02238929999998618	epochs	3.0
1177.3955204610352	0.022274500000094122	epochs	3.0
1177.4177949610353	0.044209199999841076	epochs	2.0
1177.4177949610353	0.022160799999937808	epochs	3.0
1177.4399557610352	0.022048399999903268	epochs	3.0
1177.462004161035	0.04376360000014756	epochs	2.0
1177.462004161035	0.021936900000127935	epochs	3.0
1177.4839410610352	0.021826700000019628	epochs	3.0
1177.5057677610353	0.04332709999994222	epochs	2.0
1177.5057677610353	0.021717599999874437	epochs	3.0
1177.5274853610351	0.021609500000067783	epochs	3.0
1177.5490948610352	0.04289900000003399	epochs	2.0
1177.5490948610352	0.02150249999999687	epochs	3.0
1177.5705973610352	0.021396500000037122	epochs	3.0
1177.5919938610352	0.04247949999989942	epochs	2.0
1177.5919938610352	0.021291699999892444	epochs	3.0
1177.6132855610351	0.021187800000006973	epochs	3.0
1177.6344733610351	0.04206790000012006	epochs	2.0
1177.6344733610351	0.02108490000000529	epochs	3.0
1177.6555582610351	0.02098300000011477	epochs	3.0
1177.6765412610353	0.04166439999994509	epochs	2.0
1177.6765412610353	0.020882199999959994	epochs	3.0
1177.6974234610352	0.020782199999985096	epochs	3.0
1177.7182056610352	0.041268499999887354	epochs	2.0
1177.7182056610352	0.020683299999973315	epochs	3.0
1177.7388889610352	0.02058519999991404	epochs	3.0
1177.759474161035	0.04088000000001557	epochs	2.0
1177.759474161035	0.020488099999965925	epochs	3.0
1177.779962261035	0.020391900000049645	epochs	3.0
1177.800354161035	0.04049880000002304	epochs	2.0
1177.800354161035	0.0202966000001652	epochs	3.0
1177.8206507610353	0.02020219999985784	epochs	3.0
1177.8408529610351	0.04012460000012652	epochs	2.0
1177.8408529610351	0.02010870000003706	epochs	3.0
1177.8609616610352	0.02001590000008946	epochs	3.0
1177.8809775610353	0.03975730000001931	epochs	2.0
1177.8809775610353	0.0199241999998776	epochs	3.0
1177.9009017610351	0.019833100000141712	epochs	3.0
1177.9207348610353	0.03939669999999751	epochs	2.0
1177.9207348610353	0.019742999999834865	epochs	3.0
1177.940477861035	0.019653700000162644	epochs	3.0
1177.9601315610353	0.03904239999997117	epochs	2.0
1177.9601315610353	0.019565099999908853	epochs	3.0
1177.9796966610352	0.019477300000062314	epochs	3.0
1177.9991739610352	0.03869459999987157	epochs	2.0
1177.9991739610352	0.019390400000020236	epochs	3.0
1178.0185643610353	0.019304199999851335	epochs	3.0
1178.037868561035	0.03835290000006353	epochs	2.0
1178.037868561035	0.019218800000089686	epochs	3.0
1178.0570873610352	0.01913409999997384	epochs	3.0
1178.0762214610352	0.03801720000001296	epochs	2.0
1178.0762214610352	0.019050200000037876	epochs	3.0
1178.0952716610352	0.018966999999975087	epochs	3.0
1178.1142386610352	0.03768719999993664	epochs	2.0
1178.1142386610352	0.01888450000001285	epochs	3.0
1178.1331231610352	0.01880269999992379	epochs	3.0
1178.1519258610351	0.03736309999999321	epochs	2.0
1178.1519258610351	0.018721700000014607	epochs	3.0
1178.1706475610351	0.018641399999978603	epochs	3.0
1178.1892889610351	0.03704429999993408	epochs	2.0
1178.1892889610351	0.018561600000111866	epochs	3.0
1178.2078505610352	0.018482699999822216	epochs	3.0
1178.226333261035	0.036731000000145286	epochs	2.0
1178.226333261035	0.01840430000015658	epochs	3.0
1178.2447375610352	0.018326699999988705	epochs	3.0
1178.2630642610352	0.03642289999993409	epochs	2.0
1178.2630642610352	0.018249599999990096	epochs	3.0
1178.2813138610352	0.018173299999943993	epochs	3.0
1178.2994871610351	0.03612010000006194	epochs	2.0
1178.2994871610351	0.01809759999991911	epochs	3.0
1178.317584761035	0.018022500000142827	epochs	3.0
1178.3356072610352	0.03582209999990482	epochs	2.0
1178.3356072610352	0.01794789999985369	epochs	3.0
1178.353555161035	0.017874200000051133	epochs	3.0
1178.371429361035	0.03552899999999681	epochs	2.0
1178.371429361035	0.017800800000031813	epochs	3.0
1178.3892301610351	0.017728199999965	epochs	3.0
1178.406958361035	0.03524070000003121	epochs	2.0
1178.406958361035	0.017656100000067454	epochs	3.0
1178.4246144610352	0.017584599999963757	epochs	3.0
1178.4421990610351	0.03495709999992869	epochs	2.0
1178.4421990610351	0.017513700000108656	epochs	3.0
1178.4597127610352	0.01744339999982003	epochs	3.0
1178.477156161035	0.03467790000013338	epochs	2.0
1178.477156161035	0.01737360000015542	epochs	3.0
1178.4945297610352	0.017304299999977957	epochs	3.0
1178.5118340610352	0.03440329999989444	epochs	2.0
1178.5118340610352	0.017235699999901044	epochs	3.0
1178.529069761035	0.0171675999999934	epochs	3.0
1178.546237361035	0.034132800000179486	epochs	2.0
1178.546237361035	0.017099900000175694	epochs	3.0
1178.5633372610353	0.017032900000003792	epochs	3.0
1178.5803701610353	0.03386669999986225	epochs	2.0
1178.5803701610353	0.01696640000000116	epochs	3.0
1178.5973365610353	0.01690029999986109	epochs	3.0
1178.6142368610351	0.03360459999998966	epochs	2.0
1178.6142368610351	0.01683479999996962	epochs	3.0
1178.631071661035	0.01676980000002004	epochs	3.0
1178.6478414610351	0.033346599999958926	epochs	2.0
1178.6478414610351	0.016705300000012357	epochs	3.0
1178.6645467610351	0.01664129999994657	epochs	3.0
1178.681188061035	0.03309250000006614	epochs	2.0
1178.681188061035	0.016577800000050047	epochs	3.0
1178.6977658610351	0.01651470000001609	epochs	3.0
1178.7142805610351	0.032842300000083924	epochs	2.0
1178.7142805610351	0.01645220000000336	epochs	3.0
1178.7307327610351	0.016390100000080565	epochs	3.0
1178.7471228610352	0.03259570000000167	epochs	2.0
1178.7471228610352	0.016328400000020338	epochs	3.0
1178.7634512610352	0.016267299999981333	epochs	3.0
1178.7797185610352	0.032352899999978035	epochs	2.0
1178.7797185610352	0.016206600000032267	epochs	3.0
1178.7959251610353	0.016146299999945768	epochs	3.0
1178.8120714610352	0.03211369999985436	epochs	2.0
1178.8120714610352	0.01608659999988049	epochs	3.0
1178.828158061035	0.01602709999997387	epochs	3.0
1178.844185161035	0.03187800000000607	epochs	2.0
1178.844185161035	0.015968200000088473	epochs	3.0
1178.8601533610351	0.015909799999917595	epochs	3.0
1178.876063161035	0.03164570000012645	epochs	2.0
1178.876063161035	0.01585160000013275	epochs	3.0
1178.8919147610352	0.015794099999993705	epochs	3.0
1178.9077088610352	0.031416699999908815	epochs	2.0
1178.9077088610352	0.01573669999993399	epochs	3.0
1178.9234455610351	0.015679999999974825	epochs	3.0
1178.939125561035	0.031191100000114602	epochs	2.0
1178.939125561035	0.015623600000026272	epochs	3.0
1178.9547491610351	0.01556750000008833	epochs	3.0
1178.9703166610352	0.030968699999903038	epochs	2.0
1178.9703166610352	0.015511999999944237	epochs	3.0
1178.9858286610352	0.0154566999999588	epochs	3.0
1179.0012853610351	0.030749499999956242	epochs	2.0
1179.0012853610351	0.015401999999994587	epochs	3.0
1179.016687361035	0.015347499999961656	epochs	3.0
1179.032034861035	0.03053320000003623	epochs	2.0
1179.032034861035	0.015293400000018664	epochs	3.0
1179.047328261035	0.015239800000017567	epochs	3.0
1179.062568061035	0.030320100000153616	epochs	2.0
1179.062568061035	0.015186500000027081	epochs	3.0
1179.0777545610351	0.015133600000126535	epochs	3.0
1179.0928881610353	0.030109899999843037	epochs	2.0
1179.0928881610353	0.015081000000009226	epochs	3.0
1179.1079691610353	0.015028899999833811	epochs	3.0
1179.122998061035	0.029902500000162036	epochs	2.0
1179.122998061035	0.014977000000044427	epochs	3.0
1179.1379750610351	0.014925500000117609	epochs	3.0
1179.1529005610353	0.029698099999905025	epochs	2.0
1179.1529005610353	0.014874399999825982	epochs	3.0
1179.167774961035	0.014823700000079043	epochs	3.0
1179.1825986610352	0.029496299999891562	epochs	2.0
1179.1825986610352	0.014773200000036013	epochs	3.0
1179.1973718610352	0.014723099999855549	epochs	3.0
1179.212094961035	0.029297400000132257	epochs	2.0
1179.212094961035	0.014673399999992398	epochs	3.0
1179.226768361035	0.014624000000139858	epochs	3.0
1179.2413923610352	0.029101099999934377	epochs	2.0
1179.2413923610352	0.014574900000070556	epochs	3.0
1179.2559672610353	0.01452619999986382	epochs	3.0
1179.2704934610351	0.028907399999980044	epochs	2.0
1179.2704934610351	0.014477700000043114	epochs	3.0
1179.2849711610352	0.014429699999936929	epochs	3.0
1179.299400861035	0.028716199999962555	epochs	2.0
1179.299400861035	0.014381800000137446	epochs	3.0
1179.3137826610352	0.01433439999982511	epochs	3.0
1179.328117061035	0.028527600000188613	epochs	2.0
1179.328117061035	0.014287200000126177	epochs	3.0
1179.3424042610352	0.014240400000062436	epochs	3.0
1179.3566446610353	0.02834139999981744	epochs	2.0
1179.3566446610353	0.014193799999929979	epochs	3.0
1179.3708384610352	0.014147599999887461	epochs	3.0
1179.384986061035	0.028157700000065233	epochs	2.0
1179.384986061035	0.014101700000082928	epochs	3.0
1179.3990877610352	0.014055999999982305	epochs	3.0
1179.4131437610351	0.027976300000091214	epochs	2.0
1179.4131437610351	0.014010600000119666	epochs	3.0
1179.4271543610353	0.013965699999971548	epochs	3.0
1179.4411200610352	0.027797199999895383	epochs	2.0
1179.4411200610352	0.01392079999982343	epochs	3.0
1179.455040861035	0.013876400000071953	epochs	3.0
1179.4689172610351	0.027620399999932488	epochs	2.0
1179.4689172610351	0.013832200000024386	epochs	3.0
1179.4827494610352	0.013788199999908102	epochs	3.0
1179.496537661035	0.027445900000202528	epochs	2.0
1179.496537661035	0.01374460000010913	epochs	3.0
1179.5102822610352	0.013701300000093397	epochs	3.0
1179.5239835610353	0.027273499999864725	epochs	2.0
1179.5239835610353	0.013658199999781573	epochs	3.0
1179.537641761035	0.013615300000083153	epochs	3.0
1179.5512570610351	0.027103399999987232	epochs	2.0
1179.5512570610351	0.013572800000019924	epochs	3.0
1179.5648298610352	0.013530599999967308	epochs	3.0
1179.5783604610351	0.02693520000002536	epochs	2.0
1179.5783604610351	0.013488400000142065	epochs	3.0
1179.5918488610353	0.013446799999883297	epochs	3.0
1179.6052956610351	0.026769199999989723	epochs	2.0
1179.6052956610351	0.013405200000079276	epochs	3.0
1179.6187008610352	0.013363999999910448	epochs	3.0
1179.6320648610351	0.026605199999949036	epochs	2.0
1179.6320648610351	0.013322900000048321	epochs	3.0
1179.6453877610352	0.013282299999900715	epochs	3.0
1179.658670061035	0.026443200000130673	epochs	2.0
1179.658670061035	0.013241699999980483	epochs	3.0
1179.671911761035	0.01320150000015019	epochs	3.0
1179.6851132610352	0.026283199999852513	epochs	2.0
1179.6851132610352	0.013161500000023807	epochs	3.0
1179.6982747610352	0.013121699999828706	epochs	3.0
1179.711396461035	0.02612500000009277	epochs	2.0
1179.711396461035	0.013082100000019636	epochs	3.0
1179.724478561035	0.013042900000073132	epochs	3.0
1179.7375214610352	0.025968899999952555	epochs	2.0
1179.7375214610352	0.01300390000005791	epochs	3.0
1179.7505253610352	0.012964999999894644	epochs	3.0
1179.763490361035	0.025814500000024054	epochs	2.0
1179.763490361035	0.012926399999969362	epochs	3.0
1179.776416761035	0.012888100000054692	epochs	3.0
1179.7893048610351	0.025661899999931848	epochs	2.0
1179.7893048610351	0.012849899999991976	epochs	3.0
1179.8021547610351	0.012811999999939871	epochs	3.0
1179.814966761035	0.025511199999982637	epochs	2.0
1179.814966761035	0.012774400000125752	epochs	3.0
1179.8277411610352	0.012736799999856885	epochs	3.0
1179.840477961035	0.025362300000097093	epochs	2.0
1179.840477961035	0.012699700000212033	epochs	3.0
1179.8531776610353	0.01266259999988506	epochs	3.0
1179.8658402610351	0.02521500000011656	epochs	2.0
1179.8658402610351	0.012625800000023446	epochs	3.0
1179.8784660610352	0.012589200000093115	epochs	3.0
1179.8910552610353	0.024584799999956886	epochs	2.0
1179.9150048610352	0.5	epochs	-1.0
1179.9156400610352	0.5051999999998316	epochs	1.0
1180.420840061035	0.49472000000014305	epochs	0.0
1181.9610004425049	0.05464000000006308	epochs	0.0
1181.9610004425049	0.022320399999898655	epochs	1.0
1181.9833208425048	0.0099992000000384	epochs	1.0
1181.9933200425048	0.02232040000012603	epochs	1.0
1182.015640442505	2.0	epochs	0.0
1184.015640442505	5.38559999999984	epochs	0.0
1184.015640442505	1.0	epochs	1.0
1184.015645242505	0.5	epochs	-1.0
1184.515645242505	4.885595199999898	epochs	-1.0
1185.015640442505	4.38559999999984	epochs	1.0
1185.015640442505	4.3567538999998305	epochs	-1.0
1185.015640442505	1.9745871999998599	epochs	2.0
1185.015640442505	1.098562199999833	epochs	3.0
1186.1142026425048	0.8760250000000269	epochs	3.0
1186.9902276425048	1.3524075000000266	epochs	2.0
1186.9902276425048	0.7286355000001095	epochs	3.0
1187.718863142505	0.6237719999999172	epochs	3.0
1188.3426351425048	1.029759199999944	epochs	2.0
1188.3426351425048	0.5453293000000485	epochs	3.0
1188.8879644425049	0.4844298999998955	epochs	3.0
1189.3723943425048	0.028846100000009756	epochs	2.0
1189.3723943425048	0.028846100000009756	epochs	3.0
1189.4012404425048	16.614320000000134	epochs	0.0
1190.858000278473	0.05464000000006308	epochs	0.0
1190.858000278473	0.022320399999898655	epochs	1.0
1190.8803206784728	0.0099992000000384	epochs	1.0
1190.8903198784728	0.02232040000012603	epochs	1.0
1190.912640278473	2.0	epochs	0.0
1192.912640278473	0.5047199999999066	epochs	0.0
1192.912640278473	0.5047199999999066	epochs	1.0
1192.912645078473	0.5	epochs	-1.0
1193.412645078473	0.00471519999996417	epochs	-1.0
1193.4173602784729	21.495200000000068	epochs	0.0
1194.9770002365112	0.05464000000006308	epochs	0.0
1194.9770002365112	0.022320399999898655	epochs	1.0
1194.9993206365111	0.0099992000000384	epochs	1.0
1195.0093198365112	0.02232040000012603	epochs	1.0
1195.0316402365113	2.0	epochs	0.0
1197.0316402365113	0.504799999999932	epochs	0.0
1197.0316402365113	0.504799999999932	epochs	1.0
1197.0316450365112	0.5	epochs	-1.0
1197.5316450365112	0.004795199999989563	epochs	-1.0
1197.5364402365112	21.495120000000043	epochs	0.0
1199.0620002746582	0.05464000000006308	epochs	0.0
1199.0620002746582	0.022320399999898655	epochs	1.0
1199.084320674658	0.0099992000000384	epochs	1.0
1199.0943198746581	0.02232040000012603	epochs	1.0
1199.1166402746583	2.0	epochs	0.0
1201.1166402746583	0.5048799999999574	epochs	0.0
1201.1166402746583	0.5048799999999574	epochs	1.0
1201.1166450746582	0.5	epochs	-1.0
1201.6166450746582	0.0048752000000149565	epochs	-1.0
1201.6215202746582	21.495040000000017	epochs	0.0
1203.1370000839233	0.05464000000006308	epochs	0.0
1203.1370000839233	0.022320399999898655	epochs	1.0
1203.1593204839232	0.0099992000000384	epochs	1.0
1203.1693196839233	0.02232040000012603	epochs	1.0
1203.1916400839234	2.0	epochs	0.0
1205.1916400839234	0.5048799999999574	epochs	0.0
1205.1916400839234	0.5048799999999574	epochs	1.0
1205.1916448839233	0.5	epochs	-1.0
1205.6916448839233	0.0048752000000149565	epochs	-1.0
1205.6965200839234	21.495040000000017	epochs	0.0
1233.0840001106262	0.05464000000006308	epochs	0.0
1233.0840001106262	0.022320399999898655	epochs	1.0
1233.1063205106261	0.0099992000000384	epochs	1.0
1233.1163197106262	0.02232040000012603	epochs	1.0
1233.1386401106263	0.2299199999999928	epochs	0.0
1233.1386401106263	0.049999999999954525	epochs	1.0
1233.1886401106262	0.009999999999990905	epochs	1.0
1233.1986401106262	0.049999999999954525	epochs	1.0
1233.2486401106262	0.009999999999990905	epochs	1.0
1233.2586401106262	0.049999999999954525	epochs	1.0
1233.3086401106261	0.009999999999990905	epochs	1.0
1233.3186401106261	0.049920000000156506	epochs	1.0
