onset	duration	nwb_table	treelevel
8.101999759674072	0.09999999999999964	epochs	0.0
8.101999759674072	0.04499999999999993	epochs	1.0
8.146999759674072	0.009999999999999787	epochs	1.0
8.156999759674072	0.04499999999999993	epochs	1.0
8.201999759674072	0.7049950000000003	epochs	0.0
8.201999759674072	0.5	epochs	-1.0
8.201999759674072	0.5	epochs	-1.0
8.201999759674072	0.5	epochs	1.0
8.701999759674072	0.0600000000000005	epochs	-1.0
8.701999759674072	0.025000000000000355	epochs	-1.0
8.701999759674072	0.025000000000000355	epochs	1.0
8.726999759674072	0.009999999999999787	epochs	-1.0
8.726999759674072	0.009999999999999787	epochs	1.0
8.736999759674072	0.025000000000000355	epochs	-1.0
8.736999759674072	0.025000000000000355	epochs	1.0
8.761999759674072	0.0600000000000005	epochs	-1.0
8.761999759674072	0.025000000000000355	epochs	-1.0
8.761999759674072	0.025000000000000355	epochs	1.0
8.786999759674073	0.009999999999999787	epochs	-1.0
8.786999759674073	0.009999999999999787	epochs	1.0
8.796999759674073	0.025000000000000355	epochs	-1.0
8.796999759674073	0.025000000000000355	epochs	1.0
8.821999759674073	0.05999999999999872	epochs	-1.0
8.821999759674073	0.02499999999999858	epochs	-1.0
8.821999759674073	0.02499999999999858	epochs	1.0
8.846999759674071	0.010000000000001563	epochs	-1.0
8.846999759674071	0.010000000000001563	epochs	1.0
8.856999759674073	0.02499999999999858	epochs	-1.0
8.856999759674073	0.02499999999999858	epochs	1.0
8.881999759674072	0.024995000000000545	epochs	1.0
251.37599992752075	0.09999999999999432	epochs	0.0
251.37599992752075	0.044999999999987494	epochs	1.0
251.42099992752074	0.010000000000019327	epochs	1.0
251.43099992752076	0.044999999999987494	epochs	1.0
251.47599992752075	0.7049949999999967	epochs	0.0
251.47599992752075	0.5	epochs	-1.0
251.47599992752075	0.5	epochs	1.0
251.97599992752075	0.060000000000002274	epochs	-1.0
251.97599992752075	0.025000000000005684	epochs	-1.0
251.97599992752075	0.025000000000005684	epochs	1.0
252.00099992752075	0.009999999999990905	epochs	-1.0
252.00099992752075	0.009999999999990905	epochs	1.0
252.01099992752074	0.025000000000005684	epochs	-1.0
252.01099992752074	0.025000000000005684	epochs	1.0
252.03599992752075	0.060000000000002274	epochs	-1.0
252.03599992752075	0.025000000000005684	epochs	-1.0
252.03599992752075	0.025000000000005684	epochs	1.0
252.06099992752075	0.009999999999990905	epochs	-1.0
252.06099992752075	0.009999999999990905	epochs	1.0
252.07099992752075	0.025000000000005684	epochs	-1.0
252.07099992752075	0.025000000000005684	epochs	1.0
252.09599992752075	0.060000000000002274	epochs	-1.0
252.09599992752075	0.025000000000005684	epochs	-1.0
252.09599992752075	0.025000000000005684	epochs	1.0
252.12099992752076	0.009999999999990905	epochs	-1.0
252.12099992752076	0.009999999999990905	epochs	1.0
252.13099992752075	0.025000000000005684	epochs	-1.0
252.13099992752075	0.025000000000005684	epochs	1.0
252.15599992752075	0.024994999999989886	epochs	1.0
330.5299997329712	0.10000000000002274	epochs	0.0
330.5299997329712	0.045000000000015916	epochs	1.0
330.5749997329712	0.009999999999990905	epochs	1.0
330.5849997329712	0.045000000000015916	epochs	1.0
330.6299997329712	61.384995	epochs	0.0
330.6299997329712	0.5	epochs	-1.0
330.6299997329712	0.5	epochs	-1.0
330.6299997329712	0.5	epochs	1.0
331.1299997329712	0.060000000000002274	epochs	-1.0
331.1299997329712	0.024999999999977263	epochs	-1.0
331.1299997329712	0.024999999999977263	epochs	1.0
331.1549997329712	0.009999999999990905	epochs	-1.0
331.1549997329712	0.009999999999990905	epochs	1.0
331.1649997329712	0.025000000000034106	epochs	-1.0
331.1649997329712	0.025000000000034106	epochs	1.0
331.1899997329712	0.060000000000002274	epochs	-1.0
331.1899997329712	0.024999999999977263	epochs	-1.0
331.1899997329712	0.024999999999977263	epochs	1.0
331.2149997329712	0.009999999999990905	epochs	-1.0
331.2149997329712	0.009999999999990905	epochs	1.0
331.2249997329712	0.025000000000034106	epochs	-1.0
331.2249997329712	0.025000000000034106	epochs	1.0
331.2499997329712	0.05999999999994543	epochs	-1.0
331.2499997329712	0.024999999999977263	epochs	-1.0
331.2499997329712	0.024999999999977263	epochs	1.0
331.2749997329712	0.009999999999990905	epochs	-1.0
331.2749997329712	0.009999999999990905	epochs	1.0
331.2849997329712	0.024999999999977263	epochs	-1.0
331.2849997329712	0.024999999999977263	epochs	1.0
331.30999973297116	60.0	epochs	1.0
391.30999973297116	0.5	epochs	-1.0
391.30999973297116	0.5	epochs	-1.0
391.30999973297116	0.5	epochs	1.0
391.80999973297116	0.06000000000005912	epochs	-1.0
391.80999973297116	0.025000000000034106	epochs	-1.0
391.80999973297116	0.025000000000034106	epochs	1.0
391.8349997329712	0.009999999999990905	epochs	-1.0
391.8349997329712	0.009999999999990905	epochs	1.0
391.8449997329712	0.025000000000034106	epochs	-1.0
391.8449997329712	0.025000000000034106	epochs	1.0
391.8699997329712	0.05999999999994543	epochs	-1.0
391.8699997329712	0.024999999999977263	epochs	-1.0
391.8699997329712	0.024999999999977263	epochs	1.0
391.8949997329712	0.009999999999990905	epochs	-1.0
391.8949997329712	0.009999999999990905	epochs	1.0
391.9049997329712	0.024999999999977263	epochs	-1.0
391.9049997329712	0.024999999999977263	epochs	1.0
391.92999973297117	0.060000000000002274	epochs	-1.0
391.92999973297117	0.025000000000034106	epochs	-1.0
391.92999973297117	0.025000000000034106	epochs	1.0
391.9549997329712	0.009999999999990905	epochs	-1.0
391.9549997329712	0.009999999999990905	epochs	1.0
391.9649997329712	0.024999999999977263	epochs	-1.0
391.9649997329712	0.024999999999977263	epochs	1.0
391.98999973297117	0.02499500000004673	epochs	1.0
428.53399991989136	0.10000000000002274	epochs	0.0
428.53399991989136	0.045000000000015916	epochs	1.0
428.5789999198914	0.009999999999990905	epochs	1.0
428.58899991989136	0.045000000000015916	epochs	1.0
428.6339999198914	0.7049949999999967	epochs	0.0
428.6339999198914	0.5	epochs	-1.0
428.6339999198914	0.5	epochs	-1.0
428.6339999198914	0.5	epochs	1.0
429.1339999198914	0.060000000000002274	epochs	-1.0
429.1339999198914	0.024999999999977263	epochs	-1.0
429.1339999198914	0.024999999999977263	epochs	1.0
429.15899991989136	0.009999999999990905	epochs	-1.0
429.15899991989136	0.009999999999990905	epochs	1.0
429.16899991989135	0.025000000000034106	epochs	-1.0
429.16899991989135	0.025000000000034106	epochs	1.0
429.1939999198914	0.060000000000002274	epochs	-1.0
429.1939999198914	0.024999999999977263	epochs	-1.0
429.1939999198914	0.024999999999977263	epochs	1.0
429.21899991989136	0.009999999999990905	epochs	-1.0
429.21899991989136	0.009999999999990905	epochs	1.0
429.22899991989135	0.025000000000034106	epochs	-1.0
429.22899991989135	0.025000000000034106	epochs	1.0
429.2539999198914	0.05999999999994543	epochs	-1.0
429.2539999198914	0.024999999999977263	epochs	-1.0
429.2539999198914	0.024999999999977263	epochs	1.0
429.27899991989136	0.009999999999990905	epochs	-1.0
429.27899991989136	0.009999999999990905	epochs	1.0
429.28899991989135	0.024999999999977263	epochs	-1.0
429.28899991989135	0.024999999999977263	epochs	1.0
429.31399991989133	0.02499500000004673	epochs	1.0
465.0989999771118	0.07812000000001262	epochs	0.0
465.0989999771118	0.03406030000002147	epochs	1.0
465.13306027711184	0.009999399999969683	epochs	1.0
465.1430596771118	0.03406030000002147	epochs	1.0
465.17711997711183	5.999979999999994	epochs	0.0
465.17711997711183	0.5	epochs	1.0
465.1771249771118	0.5	epochs	-1.0
465.1771249771118	0.5	epochs	-1.0
465.67711997711183	5.0	epochs	1.0
470.67711997711183	0.49997999999999365	epochs	1.0
470.6771249771118	0.4999750000000063	epochs	-1.0
474.231999874115	0.07812000000001262	epochs	0.0
474.231999874115	0.03406030000002147	epochs	1.0
474.266060174115	0.009999399999969683	epochs	1.0
474.276059574115	0.03406030000002147	epochs	1.0
474.310119874115	2.522199999999998	epochs	0.0
474.310119874115	0.5	epochs	1.0
474.310124874115	0.5	epochs	-1.0
474.810119874115	1.0	epochs	1.0
475.810119874115	1.022199999999998	epochs	1.0
476.310124874115	0.5	epochs	-1.0
476.832319874115	0.9777799999999957	epochs	0.0
477.1819996833801	0.07812000000001262	epochs	0.0
477.1819996833801	0.03406030000002147	epochs	1.0
477.21605998338015	0.009999399999969683	epochs	1.0
477.2260593833801	0.03406030000002147	epochs	1.0
477.26011968338014	2.5221799999999917	epochs	0.0
477.26011968338014	0.5	epochs	1.0
477.2601246833801	0.5	epochs	-1.0
477.76011968338014	1.0	epochs	1.0
478.76011968338014	1.0221799999999917	epochs	1.0
479.2601246833801	0.5	epochs	-1.0
479.78229968338013	0.977800000000002	epochs	0.0
480.09999990463257	0.07812000000001262	epochs	0.0
480.09999990463257	0.03406030000002147	epochs	1.0
480.1340602046326	0.009999399999969683	epochs	1.0
480.14405960463256	0.03406030000002147	epochs	1.0
480.1781199046326	2.52207999999996	epochs	0.0
480.1781199046326	0.5	epochs	1.0
480.17812490463257	0.5	epochs	-1.0
480.6781199046326	1.0	epochs	1.0
481.6781199046326	1.02207999999996	epochs	1.0
482.17812490463257	0.5	epochs	-1.0
482.70019990463254	0.9779000000000337	epochs	0.0
483.0499997138977	0.07812000000001262	epochs	0.0
483.0499997138977	0.03406030000002147	epochs	1.0
483.0840600138977	0.009999399999969683	epochs	1.0
483.0940594138977	0.03406030000002147	epochs	1.0
483.1281197138977	2.521439999999984	epochs	0.0
483.1281197138977	0.5	epochs	1.0
483.1281247138977	0.5	epochs	-1.0
483.6281197138977	1.0	epochs	1.0
484.6281197138977	1.0214399999999841	epochs	1.0
485.1281247138977	0.5	epochs	-1.0
485.6495597138977	0.9785400000000095	epochs	0.0
485.96600008010864	0.07812000000001262	epochs	0.0
485.96600008010864	0.03406030000002147	epochs	1.0
486.00006038010866	0.009999399999969683	epochs	1.0
486.01005978010863	0.03406030000002147	epochs	1.0
486.04412008010866	2.5215799999999717	epochs	0.0
486.04412008010866	0.5	epochs	1.0
486.04412508010864	0.5	epochs	-1.0
486.54412008010866	1.0	epochs	1.0
487.54412008010866	1.0215799999999717	epochs	1.0
488.04412508010864	0.5	epochs	-1.0
488.5657000801086	0.9784000000000219	epochs	0.0
488.94600009918213	0.6499800000000278	epochs	0.0
488.94600009918213	0.05000000000001137	epochs	1.0
488.99600009918214	0.5	epochs	1.0
489.49600009918214	0.09998000000001639	epochs	1.0
490.0130000114441	0.6499800000000278	epochs	0.0
490.0130000114441	0.05000000000001137	epochs	1.0
490.0630000114441	0.5	epochs	1.0
490.5630000114441	0.09998000000001639	epochs	1.0
491.0789999961853	0.6499800000000278	epochs	0.0
491.0789999961853	0.05000000000001137	epochs	1.0
491.1289999961853	0.5	epochs	1.0
491.6289999961853	0.09998000000001639	epochs	1.0
492.0789999961853	0.6499800000000278	epochs	0.0
492.0789999961853	0.05000000000001137	epochs	1.0
492.1289999961853	0.5	epochs	1.0
492.6289999961853	0.09998000000001639	epochs	1.0
493.21299982070923	0.6499800000000278	epochs	0.0
493.21299982070923	0.05000000000001137	epochs	1.0
493.26299982070924	0.5	epochs	1.0
493.76299982070924	0.09998000000001639	epochs	1.0
494.2960000038147	0.07812000000001262	epochs	0.0
494.2960000038147	0.03406030000002147	epochs	1.0
494.3300603038147	0.009999399999969683	epochs	1.0
494.3400597038147	0.03406030000002147	epochs	1.0
494.3741200038147	2.5224399999999605	epochs	0.0
494.3741200038147	0.5	epochs	1.0
494.3741250038147	0.5	epochs	-1.0
494.8741200038147	1.0	epochs	1.0
495.8741200038147	1.0224399999999605	epochs	1.0
496.3741249038147	0.5	epochs	-1.0
496.89656000381467	2.977540000000033	epochs	0.0
499.53200006484985	0.07812000000001262	epochs	0.0
499.53200006484985	0.03406030000002147	epochs	1.0
499.5660603648499	0.009999399999969683	epochs	1.0
499.57605976484984	0.03406030000002147	epochs	1.0
499.61012006484987	2.521439999999984	epochs	0.0
499.61012006484987	0.5	epochs	1.0
499.61012506484985	0.5	epochs	-1.0
500.11012006484987	1.0	epochs	1.0
501.11012006484987	1.0214399999999841	epochs	1.0
501.61012496484983	0.5	epochs	-1.0
502.13156006484985	2.9785400000000095	epochs	0.0
504.7649998664856	0.07812000000001262	epochs	0.0
504.7649998664856	0.03406030000002147	epochs	1.0
504.7990601664856	0.009999399999969683	epochs	1.0
504.8090595664856	0.03406030000002147	epochs	1.0
504.8431198664856	2.5216800000000035	epochs	0.0
504.8431198664856	0.5	epochs	1.0
504.8431248664856	0.5	epochs	-1.0
505.3431198664856	1.0	epochs	1.0
506.3431198664856	1.0216800000000035	epochs	1.0
506.8431248664856	0.5	epochs	-1.0
507.3647998664856	3.97829999999999	epochs	0.0
507.81500005722046	0.07812000000001262	epochs	0.0
507.81500005722046	0.03406030000002147	epochs	1.0
507.8490603572205	0.009999399999969683	epochs	1.0
507.85905975722045	0.03406030000002147	epochs	1.0
507.8931200572205	2.5215599999999654	epochs	0.0
507.8931200572205	0.5	epochs	1.0
507.89312505722046	0.5	epochs	-1.0
508.3931200572205	1.0	epochs	1.0
509.3931200572205	1.0215599999999654	epochs	1.0
509.89312505722046	0.5	epochs	-1.0
510.41468005722044	3.9784199999999714	epochs	0.0
510.84800004959106	0.07812000000001262	epochs	0.0
510.84800004959106	0.03406030000002147	epochs	1.0
510.8820603495911	0.009999399999969683	epochs	1.0
510.89205974959106	0.03406030000002147	epochs	1.0
510.9261200495911	2.541439999999966	epochs	0.0
510.9261200495911	0.5	epochs	1.0
510.92612504959106	0.5	epochs	-1.0
511.4261200495911	1.0	epochs	1.0
512.4261200495911	1.041439999999966	epochs	1.0
512.9261250495911	0.5	epochs	-1.0
513.467560049591	3.958539999999971	epochs	0.0
513.9309997558594	0.07812000000001262	epochs	0.0
513.9309997558594	0.03406029999996463	epochs	1.0
513.9650600558593	0.00999940000008337	epochs	1.0
513.9750594558594	0.03406029999996463	epochs	1.0
514.0091197558594	2.5218199999999342	epochs	0.0
514.0091197558594	0.5	epochs	1.0
514.0091247558594	0.5	epochs	-1.0
514.5091197558594	1.0	epochs	1.0
515.5091197558594	1.0218199999999342	epochs	1.0
516.0091247558594	0.5	epochs	-1.0
516.5309397558593	3.9781600000000026	epochs	0.0
517.030999660492	0.07812000000001262	epochs	0.0
517.030999660492	0.03406029999996463	epochs	1.0
517.0650599604919	0.00999940000008337	epochs	1.0
517.075059360492	0.03406029999996463	epochs	1.0
517.109119660492	0.5223799999999983	epochs	0.0
517.109119660492	0.5	epochs	1.0
517.109124660492	0.5	epochs	-1.0
517.609119660492	0.02237999999999829	epochs	1.0
517.631499660492	5.9775999999999385	epochs	0.0
533.2079997062683	0.07812000000001262	epochs	0.0
533.2079997062683	0.03406029999996463	epochs	1.0
533.2420600062683	0.00999940000008337	epochs	1.0
533.2520594062684	0.03406029999996463	epochs	1.0
533.2861197062683	2.541939999999954	epochs	0.0
533.2861197062683	0.5	epochs	1.0
533.2861247062683	0.5	epochs	-1.0
533.7861197062683	1.0	epochs	1.0
534.7861197062683	1.0419399999999541	epochs	1.0
535.2861247062683	0.5	epochs	-1.0
535.8280597062683	3.9580399999999827	epochs	0.0
536.3239998817444	0.07812000000001262	epochs	0.0
536.3239998817444	0.03406029999996463	epochs	1.0
536.3580601817443	0.00999940000008337	epochs	1.0
536.3680595817444	0.03406029999996463	epochs	1.0
536.4021198817444	2.52170000000001	epochs	0.0
536.4021198817444	0.5	epochs	1.0
536.4021248817444	0.5	epochs	-1.0
536.9021198817444	1.0	epochs	1.0
537.9021198817444	1.0217000000000098	epochs	1.0
538.4021248817444	0.5	epochs	-1.0
538.9238198817444	3.978279999999927	epochs	0.0
539.4619998931885	0.15297999999995682	epochs	0.0
539.4619998931885	0.049999999999954525	epochs	1.0
539.5119998931884	0.0030000000000427463	epochs	1.0
539.5149998931885	0.09997999999995955	epochs	1.0
540.128999710083	0.15297999999995682	epochs	0.0
540.128999710083	0.049999999999954525	epochs	1.0
540.178999710083	0.0030000000000427463	epochs	1.0
540.181999710083	0.09997999999995955	epochs	1.0
540.7789998054504	0.15297999999995682	epochs	0.0
540.7789998054504	0.049999999999954525	epochs	1.0
540.8289998054504	0.0030000000000427463	epochs	1.0
540.8319998054504	0.09997999999995955	epochs	1.0
541.4619998931885	0.15297999999995682	epochs	0.0
541.4619998931885	0.049999999999954525	epochs	1.0
541.5119998931884	0.0030000000000427463	epochs	1.0
541.5149998931885	0.09997999999995955	epochs	1.0
542.1619997024536	0.15297999999995682	epochs	0.0
542.1619997024536	0.049999999999954525	epochs	1.0
542.2119997024536	0.0030000000000427463	epochs	1.0
542.2149997024536	0.09997999999995955	epochs	1.0
542.878999710083	0.15297999999995682	epochs	0.0
542.878999710083	0.049999999999954525	epochs	1.0
542.928999710083	0.0030000000000427463	epochs	1.0
542.931999710083	0.09997999999995955	epochs	1.0
543.561999797821	0.15297999999995682	epochs	0.0
543.561999797821	0.049999999999954525	epochs	1.0
543.611999797821	0.0030000000000427463	epochs	1.0
543.614999797821	0.09997999999995955	epochs	1.0
544.2119998931885	0.15297999999995682	epochs	0.0
544.2119998931885	0.049999999999954525	epochs	1.0
544.2619998931884	0.0030000000000427463	epochs	1.0
544.2649998931885	0.09997999999995955	epochs	1.0
544.9790000915527	0.15297999999995682	epochs	0.0
544.9790000915527	0.049999999999954525	epochs	1.0
545.0290000915527	0.0030000000000427463	epochs	1.0
545.0320000915527	0.09997999999995955	epochs	1.0
545.7290000915527	0.15297999999995682	epochs	0.0
545.7290000915527	0.049999999999954525	epochs	1.0
545.7790000915527	0.0030000000000427463	epochs	1.0
545.7820000915527	0.09997999999995955	epochs	1.0
546.4959998130798	0.15297999999995682	epochs	0.0
546.4959998130798	0.049999999999954525	epochs	1.0
546.5459998130798	0.0030000000000427463	epochs	1.0
546.5489998130798	0.09997999999995955	epochs	1.0
547.2620000839233	0.07812000000001262	epochs	0.0
547.2620000839233	0.03406029999996463	epochs	1.0
547.2960603839233	0.00999940000008337	epochs	1.0
547.3060597839234	0.03406029999996463	epochs	1.0
547.3401200839234	1.5221400000000358	epochs	0.0
547.3401200839234	0.5	epochs	1.0
547.3401250839233	0.5	epochs	-1.0
547.8401200839234	0.0030000000000427463	epochs	1.0
547.8431200839234	1.019139999999993	epochs	1.0
548.3431250839234	0.5	epochs	-1.0
548.8622600839234	0.0808399999999665	epochs	0.0
549.3819999694824	0.07812000000001262	epochs	0.0
549.3819999694824	0.03406029999996463	epochs	1.0
549.4160602694824	0.00999940000008337	epochs	1.0
549.4260596694825	0.03406029999996463	epochs	1.0
549.4601199694824	1.5217800000000352	epochs	0.0
549.4601199694824	0.5	epochs	1.0
549.4601249694824	0.5	epochs	-1.0
549.9601199694824	0.0030000000000427463	epochs	1.0
549.9631199694825	1.0187799999999925	epochs	1.0
550.4631249694825	0.5	epochs	-1.0
550.9818999694825	0.08119999999996708	epochs	0.0
551.5149998664856	0.07812000000001262	epochs	0.0
551.5149998664856	0.03406029999996463	epochs	1.0
551.5490601664856	0.00999940000008337	epochs	1.0
551.5590595664856	0.03406029999996463	epochs	1.0
551.5931198664856	1.5218800000000101	epochs	0.0
551.5931198664856	0.5	epochs	1.0
551.5931248664856	0.5	epochs	-1.0
552.0931198664856	0.0030000000000427463	epochs	1.0
552.0961198664857	1.0188799999999674	epochs	1.0
552.5961248664856	0.5	epochs	-1.0
553.1149998664856	0.08109999999999218	epochs	0.0
553.6819996833801	0.07812000000001262	epochs	0.0
553.6819996833801	0.03406029999996463	epochs	1.0
553.7160599833801	0.00999940000008337	epochs	1.0
553.7260593833802	0.03406029999996463	epochs	1.0
553.7601196833801	8.561720000000037	epochs	0.0
553.7601196833801	0.5	epochs	1.0
553.7601246833801	0.5	epochs	-1.0
554.2601196833801	8.061720000000037	epochs	1.0
560.3219596833801	1.9998800000000756	epochs	-1.0
560.3219596833801	0.04032000000006519	epochs	-1.0
560.8194446833801	0.5	epochs	-1.0
561.3194446833801	0.5	epochs	-1.0
561.8194446833801	0.5	epochs	-1.0
562.3218396833802	10.9382599999999	epochs	0.0
563.0689997673035	0.07812000000001262	epochs	0.0
563.0689997673035	0.03406029999996463	epochs	1.0
563.1030600673034	0.00999940000008337	epochs	1.0
563.1130594673035	0.03406029999996463	epochs	1.0
563.1471197673035	19.499979999999937	epochs	0.0
563.1471197673035	0.5	epochs	1.0
563.1471247673035	0.5	epochs	-1.0
563.6471197673035	16.0	epochs	1.0
569.7492197673034	12.897879999999986	epochs	-1.0
569.7492197673034	0.03968000000008942	epochs	-1.0
570.2467047673034	0.5	epochs	-1.0
570.7467047673034	0.5	epochs	-1.0
571.2467047673034	0.5	epochs	-1.0
571.7467047673034	0.5	epochs	-1.0
572.2467047673034	0.5	epochs	-1.0
572.7467047673034	0.5	epochs	-1.0
573.2467047673034	0.5	epochs	-1.0
573.7467047673034	0.5	epochs	-1.0
574.2467047673034	0.5	epochs	-1.0
574.7467047673034	0.5	epochs	-1.0
575.2467047673034	0.5	epochs	-1.0
575.7467047673034	0.5	epochs	-1.0
576.2467047673034	0.5	epochs	-1.0
576.7467047673034	0.5	epochs	-1.0
577.2467047673034	0.5	epochs	-1.0
577.7467047673034	0.5	epochs	-1.0
578.2467047673034	0.5	epochs	-1.0
578.7467047673034	0.5	epochs	-1.0
579.2467047673034	0.5	epochs	-1.0
579.6471197673035	2.999979999999937	epochs	1.0
579.7467047673034	0.5	epochs	-1.0
580.2467047673034	0.5	epochs	-1.0
580.7467047673034	0.5	epochs	-1.0
581.2467047673034	0.5	epochs	-1.0
581.7467047673034	0.5	epochs	-1.0
583.5120000839233	0.07812000000001262	epochs	0.0
583.5120000839233	0.03406029999996463	epochs	1.0
583.5460603839233	0.00999940000008337	epochs	1.0
583.5560597839234	0.03406029999996463	epochs	1.0
583.5901200839234	0.5214999999999463	epochs	0.0
583.5901200839234	0.5	epochs	1.0
583.5901250839233	0.5	epochs	-1.0
584.0901200839234	0.02149999999994634	epochs	1.0
584.1116200839233	18.97847999999999	epochs	0.0
612.643000125885	0.07812000000001262	epochs	0.0
612.643000125885	0.03406029999996463	epochs	1.0
612.677060425885	0.00999940000008337	epochs	1.0
612.6870598258851	0.03406029999996463	epochs	1.0
612.721120125885	0.5217400000000225	epochs	0.0
612.721120125885	0.5	epochs	1.0
612.721125125885	0.5	epochs	-1.0
613.221120125885	0.02174000000002252	epochs	1.0
613.242860125885	18.978239999999914	epochs	0.0
641.795000076294	0.07812000000001262	epochs	0.0
641.795000076294	0.03406029999996463	epochs	1.0
641.8290603762939	0.00999940000008337	epochs	1.0
641.839059776294	0.03406029999996463	epochs	1.0
641.873120076294	19.499979999999937	epochs	0.0
641.873120076294	0.5	epochs	1.0
641.873125076294	0.5	epochs	-1.0
642.373120076294	16.0	epochs	1.0
648.235000076294	13.138099999999895	epochs	-1.0
648.235000076294	0.039559999999937645	epochs	-1.0
648.732485076294	0.5	epochs	-1.0
649.232485076294	0.5	epochs	-1.0
649.732485076294	0.5	epochs	-1.0
650.232485076294	0.5	epochs	-1.0
650.732485076294	0.5	epochs	-1.0
651.232485076294	0.5	epochs	-1.0
651.732485076294	0.5	epochs	-1.0
652.232485076294	0.5	epochs	-1.0
652.732485076294	0.5	epochs	-1.0
653.232485076294	0.5	epochs	-1.0
653.732485076294	0.5	epochs	-1.0
654.232485076294	0.5	epochs	-1.0
654.732485076294	0.5	epochs	-1.0
655.232485076294	0.5	epochs	-1.0
655.732485076294	0.5	epochs	-1.0
656.232485076294	0.5	epochs	-1.0
656.732485076294	0.5	epochs	-1.0
657.232485076294	0.5	epochs	-1.0
657.732485076294	0.5	epochs	-1.0
658.232485076294	0.5	epochs	-1.0
658.373120076294	2.999979999999937	epochs	1.0
658.732485076294	0.5	epochs	-1.0
659.232485076294	0.5	epochs	-1.0
659.732485076294	0.5	epochs	-1.0
660.232485076294	0.5	epochs	-1.0
660.732485076294	0.5	epochs	-1.0
662.3259997367859	0.07812000000001262	epochs	0.0
662.3259997367859	0.03406029999996463	epochs	1.0
662.3600600367859	0.00999940000008337	epochs	1.0
662.3700594367859	0.03406029999996463	epochs	1.0
662.4041197367859	0.5223599999999351	epochs	0.0
662.4041197367859	0.5	epochs	1.0
662.4041247367859	0.5	epochs	-1.0
662.9041197367859	0.0223599999999351	epochs	1.0
662.9264797367858	18.97762	epochs	0.0
691.4609999656677	0.07812000000001262	epochs	0.0
691.4609999656677	0.03406029999996463	epochs	1.0
691.4950602656677	0.00999940000008337	epochs	1.0
691.5050596656678	0.03406029999996463	epochs	1.0
691.5391199656677	8.700839999999971	epochs	0.0
691.5391199656677	0.5	epochs	1.0
691.5391249656677	0.5	epochs	-1.0
692.0391199656677	8.200839999999971	epochs	1.0
697.7407599656677	2.4991999999999734	epochs	-1.0
697.7407599656677	0.03867999999999938	epochs	-1.0
698.2382449656677	0.5	epochs	-1.0
698.7382449656677	0.5	epochs	-1.0
699.2382449656677	0.5	epochs	-1.0
699.7382449656677	0.5	epochs	-1.0
700.2399599656677	10.799139999999966	epochs	0.0
701.0130000114441	0.07812000000001262	epochs	0.0
701.0130000114441	0.03406029999996463	epochs	1.0
701.047060311444	0.00999940000008337	epochs	1.0
701.0570597114441	0.03406029999996463	epochs	1.0
701.0911200114441	7.201459999999997	epochs	0.0
701.0911200114441	0.5	epochs	1.0
701.0911250114441	0.5	epochs	-1.0
701.5911200114441	6.701459999999997	epochs	1.0
707.292740011444	0.9998400000000629	epochs	-1.0
707.292740011444	0.03956000000005133	epochs	-1.0
707.7902250114441	0.5	epochs	-1.0
708.2925800114441	12.29851999999994	epochs	0.0
727.0819997787476	0.07807999999999993	epochs	0.0
727.0819997787476	0.034042900000031295	epochs	1.0
727.1160426787476	0.009994199999937337	epochs	1.0
727.1260368787475	0.034042900000031295	epochs	1.0
727.1600797787476	2.0	epochs	0.0
729.1600797787476	5.362160000000017	epochs	0.0
729.1600797787476	1.0	epochs	1.0
729.1601247787476	0.5	epochs	-1.0
729.6601247787476	4.862115000000017	epochs	-1.0
730.1600797787476	4.362160000000017	epochs	1.0
730.1600797787476	4.356753899999944	epochs	-1.0
730.1600797787476	1.9745871999999736	epochs	2.0
730.1600797787476	1.0985621999999466	epochs	3.0
731.2586419787475	0.8760250000000269	epochs	3.0
732.1346669787475	1.3524075000000266	epochs	2.0
732.1346669787475	0.7286354999999958	epochs	3.0
732.8633024787475	0.6237720000000309	epochs	3.0
733.4870744787476	1.029759199999944	epochs	2.0
733.4870744787476	0.5453293000000485	epochs	3.0
734.0324037787476	0.4844298999998955	epochs	3.0
734.5168336787475	0.005406100000072911	epochs	2.0
734.5168336787475	0.005406100000072911	epochs	3.0
734.5222397787476	16.637759999999957	epochs	0.0
735.5120000839233	0.07807999999999993	epochs	0.0
735.5120000839233	0.034042900000031295	epochs	1.0
735.5460429839234	0.009994199999937337	epochs	1.0
735.5560371839233	0.034042900000031295	epochs	1.0
735.5900800839233	2.0	epochs	0.0
737.5900800839233	21.542239999999993	epochs	0.0
737.5900800839233	1.0	epochs	1.0
737.5901250839233	0.5	epochs	-1.0
738.0901250839233	19.999199999999973	epochs	-1.0
738.5900800839233	20.0	epochs	1.0
738.5900800839233	4.356753899999944	epochs	-1.0
738.5900800839233	1.9745871999999736	epochs	2.0
738.5900800839233	1.0985621999999466	epochs	3.0
739.6886422839233	0.8760250000000269	epochs	3.0
740.5646672839233	1.3524075000000266	epochs	2.0
740.5646672839233	0.7286354999999958	epochs	3.0
741.2933027839233	0.6237720000000309	epochs	3.0
741.9170747839233	1.029759199999944	epochs	2.0
741.9170747839233	0.5453293000000485	epochs	3.0
742.4624040839234	0.4844298999998955	epochs	3.0
742.9468339839233	0.8317862000000105	epochs	2.0
742.9468339839233	0.4357763000000432	epochs	3.0
743.3826102839233	0.3960098999999673	epochs	3.0
743.7786201839233	0.6977970000000369	epochs	2.0
743.7786201839233	0.3628982000000178	epochs	3.0
744.1415183839233	0.33489880000001904	epochs	3.0
744.4764171839233	0.601045699999986	epochs	2.0
744.4764171839233	0.3109123000000409	epochs	3.0
744.7873294839234	0.29013339999994514	epochs	3.0
745.0774628839233	0.5278859000000011	epochs	2.0
745.0774628839233	0.2719586000000618	epochs	3.0
745.3494214839234	0.25592729999993935	epochs	3.0
745.6053487839233	0.4706193000000667	epochs	2.0
745.6053487839233	0.241681299999982	epochs	3.0
745.8470300839233	0.22893800000008468	epochs	3.0
746.0759680839234	0.42457039999999324	epochs	2.0
746.0759680839234	0.2174713999999085	epochs	3.0
746.2934394839233	0.20709900000008474	epochs	3.0
746.5005384839234	0.3867353999999068	epochs	2.0
746.5005384839234	0.19767109999997956	epochs	3.0
746.6982095839234	0.18906429999992724	epochs	3.0
746.8872738839233	0.3550953000000163	epochs	2.0
746.8872738839233	0.18117590000008477	epochs	3.0
747.0684497839234	0.17391939999993156	epochs	3.0
747.2423691839233	0.3282431000000088	epochs	2.0
747.2423691839233	0.1672219000000723	epochs	3.0
747.4095910839234	0.16102119999993647	epochs	3.0
747.5706122839233	0.30516799999998057	epochs	2.0
747.5706122839233	0.15526390000002266	epochs	3.0
747.7258761839233	0.1499040999999579	epochs	3.0
747.8757802839233	0.28512530000000424	epochs	2.0
747.8757802839233	0.1449021000000812	epochs	3.0
748.0206823839234	0.14022319999992305	epochs	3.0
748.1609055839233	0.267553800000087	epochs	2.0
748.1609055839233	0.1358369000000721	epochs	3.0
748.2967424839234	0.1317169000000149	epochs	3.0
748.4284593839234	0.252022899999929	epochs	2.0
748.4284593839234	0.1278393000000051	epochs	3.0
748.5562986839234	0.1241835999999239	epochs	3.0
748.6804822839233	0.23819650000007186	epochs	2.0
748.6804822839233	0.12073110000005727	epochs	3.0
748.8012133839234	0.1174654000000146	epochs	3.0
748.9186787839234	0.2258087999999816	epochs	2.0
748.9186787839234	0.1143718999999237	epochs	3.0
749.0330506839233	0.1114369000000579	epochs	3.0
749.1444875839234	0.2146460000000161	epochs	2.0
749.1444875839234	0.10864889999993466	epochs	3.0
749.2531364839233	0.10599710000008145	epochs	3.0
749.3591335839234	0.20453499999996438	epochs	2.0
749.3591335839234	0.10347149999995509	epochs	3.0
749.4626050839233	0.1010635000000093	epochs	3.0
749.5636685839233	0.19533400000000256	epochs	2.0
749.5636685839233	0.09876510000003691	epochs	3.0
749.6624336839234	0.09656889999996565	epochs	3.0
749.7590025839233	0.18692529999998442	epochs	2.0
749.7590025839233	0.09446830000001682	epochs	3.0
749.8534708839234	0.09245699999996759	epochs	3.0
749.9459278839233	0.17921069999999872	epochs	2.0
749.9459278839233	0.09052959999996801	epochs	3.0
750.0364574839233	0.08868110000003071	epochs	3.0
750.1251385839233	0.17210769999996955	epochs	2.0
750.1251385839233	0.08690630000000965	epochs	3.0
750.2120448839233	0.0852013999999599	epochs	3.0
750.2972462839233	0.16554640000003928	epochs	2.0
750.2972462839233	0.08356190000006336	epochs	3.0
750.3808081839234	0.08198449999997592	epochs	3.0
750.4627926839233	0.15946710000002895	epochs	2.0
750.4627926839233	0.08046539999998004	epochs	3.0
750.5432580839233	0.07900170000004891	epochs	3.0
750.6222597839234	0.15381839999997737	epochs	2.0
750.6222597839234	0.07759009999995214	epochs	3.0
750.6998498839233	0.07622830000002523	epochs	3.0
750.7760781839233	0.14855639999996129	epochs	2.0
750.7760781839233	0.07491330000004837	epochs	3.0
750.8509914839234	0.07364309999991292	epochs	3.0
750.9246345839233	0.14364240000008976	epochs	2.0
750.9246345839233	0.07241499999997814	epochs	3.0
750.9970495839233	0.07122740000011163	epochs	3.0
751.0682769839234	0.13904309999998077	epochs	2.0
751.0682769839234	0.07007799999996678	epochs	3.0
751.1383549839234	0.06896510000001399	epochs	3.0
751.2073200839234	0.1347293000000036	epochs	2.0
751.2073200839234	0.0678871000000072	epochs	3.0
751.2752071839234	0.06684219999999641	epochs	3.0
751.3420493839234	0.13067519999992783	epochs	2.0
751.3420493839234	0.06582909999997355	epochs	3.0
751.4078784839234	0.06484609999995428	epochs	3.0
751.4727245839233	0.12685780000003888	epochs	2.0
751.4727245839233	0.06389200000000983	epochs	3.0
751.5366165839233	0.06296580000002905	epochs	3.0
751.5995823839233	0.12325720000001184	epochs	2.0
751.5995823839233	0.06206580000002759	epochs	3.0
751.6616481839234	0.06119139999998424	epochs	3.0
751.7228395839234	0.11985540000000583	epochs	2.0
751.7228395839234	0.060341099999959624	epochs	3.0
751.7831806839233	0.059514300000046205	epochs	3.0
751.8426949839234	0.11663620000001629	epochs	2.0
751.8426949839234	0.058709599999929196	epochs	3.0
751.9014045839233	0.05792660000008709	epochs	3.0
751.9593311839234	0.11358559999996487	epochs	2.0
751.9593311839234	0.05716419999998834	epochs	3.0
752.0164953839234	0.05642139999997653	epochs	3.0
752.0729167839233	0.11069050000003244	epochs	2.0
752.0729167839233	0.055697900000041045	epochs	3.0
752.1286146839234	0.0549925999999914	epochs	3.0
752.1836072839234	0.10793909999995321	epochs	2.0
752.1836072839234	0.05430489999992005	epochs	3.0
752.2379121839233	0.05363420000003316	epochs	3.0
752.2915463839233	0.10532150000005913	epochs	2.0
752.2915463839233	0.05298000000004777	epochs	3.0
752.3445263839234	0.052341500000011365	epochs	3.0
752.3968678839234	0.10282759999995505	epochs	2.0
752.3968678839234	0.051718099999902734	epochs	3.0
752.4485859839233	0.05110950000005232	epochs	3.0
752.4996954839233	0.10044909999999163	epochs	2.0
752.4996954839233	0.05051489999993919	epochs	3.0
752.5502103839233	0.04993420000005244	epochs	3.0
752.6001445839233	0.0981782999999723	epochs	2.0
752.6001445839233	0.04936659999998483	epochs	3.0
752.6495111839233	0.04881169999998747	epochs	3.0
752.6983228839233	0.09600780000005216	epochs	2.0
752.6983228839233	0.04826920000004975	epochs	3.0
752.7465920839234	0.04773860000000241	epochs	3.0
752.7943306839234	0.09393119999992905	epochs	2.0
752.7943306839234	0.04721949999998287	epochs	3.0
752.8415501839233	0.04671169999994618	epochs	3.0
752.8882618839233	0.09194260000003851	epochs	2.0
752.8882618839233	0.04621460000009847	epochs	3.0
752.9344764839234	0.04572799999994004	epochs	3.0
752.9802044839233	0.09003629999995155	epochs	2.0
752.9802044839233	0.04525150000006306	epochs	3.0
753.0254559839234	0.04478479999988849	epochs	3.0
753.0702407839233	0.08820760000003247	epochs	2.0
753.0702407839233	0.044327800000019124	epochs	3.0
753.1145685839233	0.04387980000001335	epochs	3.0
753.1584483839233	0.0864516999999978	epochs	2.0
753.1584483839233	0.04344100000002982	epochs	3.0
753.2018893839233	0.04301069999996798	epochs	3.0
753.2449000839233	0.0847643000000744	epochs	2.0
753.2449000839233	0.04258900000002086	epochs	3.0
753.2874890839233	0.04217530000005354	epochs	3.0
753.3296643839234	0.08314149999989695	epochs	2.0
753.3296643839234	0.041769699999917975	epochs	3.0
753.3714340839233	0.041371799999978975	epochs	3.0
753.4128058839233	0.08157970000002024	epochs	2.0
753.4128058839233	0.04098140000007788	epochs	3.0
753.4537872839234	0.040598299999942355	epochs	3.0
753.4943855839233	0.08007550000002084	epochs	2.0
753.4943855839233	0.04022229999998217	epochs	3.0
753.5346078839233	0.03985320000003867	epochs	3.0
753.5744610839233	0.07862569999997504	epochs	2.0
753.5744610839233	0.039490800000066884	epochs	3.0
753.6139518839234	0.03913489999990816	epochs	3.0
753.6530867839233	0.07722760000001472	epochs	2.0
753.6530867839233	0.038785400000051595	epochs	3.0
753.6918721839234	0.03844219999996312	epochs	3.0
753.7303143839233	0.07587820000003376	epochs	2.0
753.7303143839233	0.038104800000041905	epochs	3.0
753.7684191839234	0.03777339999999185	epochs	3.0
753.8061925839233	0.0745752000000266	epochs	2.0
753.8061925839233	0.03744770000002973	epochs	3.0
753.8436402839234	0.03712749999999687	epochs	3.0
753.8807677839234	0.07331629999998768	epochs	2.0
753.8807677839234	0.036812899999972615	epochs	3.0
753.9175806839233	0.03650340000001506	epochs	3.0
753.9540840839234	0.07209899999998015	epochs	2.0
753.9540840839234	0.03619909999997617	epochs	3.0
753.9902831839233	0.03589990000000398	epochs	3.0
754.0261830839233	0.07092169999998532	epochs	2.0
754.0261830839233	0.03560560000005353	epochs	3.0
754.0617886839234	0.035316099999931794	epochs	3.0
754.0971047839233	0.06978200000003199	epochs	2.0
754.0971047839233	0.03503120000004856	epochs	3.0
754.1321359839234	0.03475079999998343	epochs	3.0
754.1668867839234	0.06867859999999837	epochs	2.0
754.1668867839234	0.03447510000000875	epochs	3.0
754.2013618839234	0.03420349999998962	epochs	3.0
754.2355653839234	0.06760929999995824	epochs	2.0
754.2355653839234	0.033936199999970995	epochs	3.0
754.2695015839233	0.033673099999987244	epochs	3.0
754.3031746839233	0.06657289999998284	epochs	2.0
754.3031746839233	0.03341399999999339	epochs	3.0
754.3365886839233	0.033158899999989444	epochs	3.0
754.3697475839233	0.06556780000005347	epochs	2.0
754.3697475839233	0.032907700000009754	epochs	3.0
754.4026552839233	0.03266010000004371	epochs	3.0
754.4353153839234	0.06459259999996902	epochs	2.0
754.4353153839234	0.032416399999988244	epochs	3.0
754.4677317839233	0.03217619999998078	epochs	3.0
754.4999079839233	0.06364600000006249	epochs	2.0
754.4999079839233	0.03193959999998697	epochs	3.0
754.5318475839233	0.03170640000007552	epochs	3.0
754.5635539839234	0.0627266999999847	epochs	2.0
754.5635539839234	0.031476599999905375	epochs	3.0
754.5950305839233	0.03125010000007933	epochs	3.0
754.6262806839234	0.06183359999999993	epochs	2.0
754.6262806839234	0.03102689999991526	epochs	3.0
754.6573075839233	0.030806700000084675	epochs	3.0
754.6881142839234	0.060965599999917686	epochs	2.0
754.6881142839234	0.030589799999916067	epochs	3.0
754.7187040839233	0.030375800000001618	epochs	3.0
754.7490798839233	0.06012160000000222	epochs	2.0
754.7490798839233	0.030164900000045236	epochs	3.0
754.7792447839233	0.02995669999995698	epochs	3.0
754.8092014839233	0.05930069999999432	epochs	2.0
754.8092014839233	0.029751600000054168	epochs	3.0
754.8389530839233	0.029549099999940154	epochs	3.0
754.8685021839233	0.05850180000004457	epochs	2.0
754.8685021839233	0.02934940000000097	epochs	3.0
754.8978515839233	0.0291524000000436	epochs	3.0
754.9270039839233	0.057724200000052406	epochs	2.0
754.9270039839233	0.028957999999988715	epochs	3.0
754.9559619839233	0.02876620000006369	epochs	3.0
754.9847281839234	0.05696709999995164	epochs	2.0
754.9847281839234	0.028576999999927466	epochs	3.0
755.0133051839233	0.028390100000024177	epochs	3.0
755.0416952839233	0.05622949999997218	epochs	2.0
755.0416952839233	0.028205700000057732	epochs	3.0
755.0699009839234	0.028023799999914445	epochs	3.0
755.0979247839233	0.05551070000001346	epochs	2.0
755.0979247839233	0.02784400000007281	epochs	3.0
755.1257687839234	0.027666699999940647	epochs	3.0
755.1534354839233	0.054810200000019904	epochs	2.0
755.1534354839233	0.02749149999999645	epochs	3.0
755.1809269839233	0.027318700000023455	epochs	3.0
755.2082456839233	0.05412699999999404	epochs	2.0
755.2082456839233	0.027147799999966082	epochs	3.0
755.2353934839233	0.02697920000002796	epochs	3.0
755.2623726839233	0.053460699999959616	epochs	2.0
755.2623726839233	0.0268125999999711	epochs	3.0
755.2891852839233	0.026648099999988517	epochs	3.0
755.3158333839233	0.05281070000000909	epochs	2.0
755.3158333839233	0.026485600000000886	epochs	3.0
755.3423189839233	0.026325100000008206	epochs	3.0
755.3686440839233	0.05217620000007628	epochs	2.0
755.3686440839233	0.026166400000079193	epochs	3.0
755.3948104839234	0.026009799999997085	epochs	3.0
755.4208202839234	0.051556699999991906	epochs	2.0
755.4208202839234	0.025854799999933675	epochs	3.0
755.4466750839233	0.02570190000005823	epochs	3.0
755.4723769839234	0.05095189999997274	epochs	2.0
755.4723769839234	0.025550699999939752	epochs	3.0
755.4979276839233	0.025401200000032986	epochs	3.0
755.5233288839233	0.05036099999995258	epochs	2.0
755.5233288839233	0.025253499999962514	epochs	3.0
755.5485823839233	0.02510749999999007	epochs	3.0
755.5736898839233	0.049783800000000156	epochs	2.0
755.5736898839233	0.02496320000000196	epochs	3.0
755.5986530839233	0.024820599999998194	epochs	3.0
755.6234736839233	0.049219500000049266	epochs	2.0
755.6234736839233	0.02467940000008184	epochs	3.0
755.6481530839234	0.024540099999967424	epochs	3.0
755.6726931839233	0.048667899999941255	epochs	2.0
755.6726931839233	0.02440209999997478	epochs	3.0
755.6970952839233	0.024265799999966475	epochs	3.0
755.7213610839233	0.04812860000004093	epochs	2.0
755.7213610839233	0.024131000000011227	epochs	3.0
755.7454920839233	0.023997600000029706	epochs	3.0
755.7694896839233	0.047601100000065344	epochs	2.0
755.7694896839233	0.023865800000066884	epochs	3.0
755.7933554839234	0.02373529999999846	epochs	3.0
755.8170907839234	0.04708499999992455	epochs	2.0
755.8170907839234	0.023606299999983094	epochs	3.0
755.8406970839234	0.023478699999941455	epochs	3.0
755.8641757839233	0.04658000000006268	epochs	2.0
755.8641757839233	0.02335249999998723	epochs	3.0
755.8875282839233	0.02322750000007545	epochs	3.0
755.9107557839234	0.04608569999993506	epochs	2.0
755.9107557839234	0.023103999999989355	epochs	3.0
755.9338597839234	0.022981699999945704	epochs	3.0
755.9568414839233	0.045601799999985815	epochs	2.0
755.9568414839233	0.022860700000023826	epochs	3.0
755.9797021839233	0.02274109999996199	epochs	3.0
756.0024432839233	0.04512790000001132	epochs	2.0
756.0024432839233	0.022622500000011314	epochs	3.0
756.0250657839233	0.02250540000000001	epochs	3.0
756.0475711839233	0.0446638000000803	epochs	2.0
756.0475711839233	0.02238929999998618	epochs	3.0
756.0699604839233	0.022274500000094122	epochs	3.0
756.0922349839234	0.04420919999995476	epochs	2.0
756.0922349839234	0.022160799999937808	epochs	3.0
756.1143957839233	0.022048400000016954	epochs	3.0
756.1364441839233	0.043763600000033875	epochs	2.0
756.1364441839233	0.021936900000014248	epochs	3.0
756.1583810839234	0.021826700000019628	epochs	3.0
756.1802077839234	0.04332709999994222	epochs	2.0
756.1802077839234	0.021717599999988124	epochs	3.0
756.2019253839234	0.021609499999954096	epochs	3.0
756.2235348839233	0.04289900000003399	epochs	2.0
756.2235348839233	0.02150249999999687	epochs	3.0
756.2450373839233	0.021396500000037122	epochs	3.0
756.2664338839234	0.042479500000013104	epochs	2.0
756.2664338839234	0.02129170000000613	epochs	3.0
756.2877255839234	0.021187800000006973	epochs	3.0
756.3089133839234	0.042067900000006375	epochs	2.0
756.3089133839234	0.02108490000000529	epochs	3.0
756.3299982839234	0.020983000000001084	epochs	3.0
756.3509812839234	0.04166439999994509	epochs	2.0
756.3509812839234	0.020882199999959994	epochs	3.0
756.3718634839233	0.020782199999985096	epochs	3.0
756.3926456839233	0.04126850000000104	epochs	2.0
756.3926456839233	0.020683299999973315	epochs	3.0
756.4133289839233	0.020585200000027726	epochs	3.0
756.4339141839233	0.04088000000001557	epochs	2.0
756.4339141839233	0.020488099999965925	epochs	3.0
756.4544022839233	0.020391900000049645	epochs	3.0
756.4747941839233	0.04049880000002304	epochs	2.0
756.4747941839233	0.020296600000051512	epochs	3.0
756.4950907839234	0.020202199999971526	epochs	3.0
756.5152929839234	0.04012460000001283	epochs	2.0
756.5152929839234	0.020108699999923374	epochs	3.0
756.5354016839233	0.02001590000008946	epochs	3.0
756.5554175839234	0.03975730000001931	epochs	2.0
756.5554175839234	0.019924199999991288	epochs	3.0
756.5753417839234	0.019833100000028026	epochs	3.0
756.5951748839234	0.03939669999999751	epochs	2.0
756.5951748839234	0.01974299999994855	epochs	3.0
756.6149178839233	0.019653700000048957	epochs	3.0
756.6345715839234	0.03904239999997117	epochs	2.0
756.6345715839234	0.019565099999908853	epochs	3.0
756.6541366839233	0.019477300000062314	epochs	3.0
756.6736139839234	0.03869459999998526	epochs	2.0
756.6736139839234	0.019390400000020236	epochs	3.0
756.6930043839234	0.01930419999996502	epochs	3.0
756.7123085839233	0.03835289999994984	epochs	2.0
756.7123085839233	0.019218799999976	epochs	3.0
756.7315273839233	0.01913409999997384	epochs	3.0
756.7506614839233	0.03801720000001296	epochs	2.0
756.7506614839233	0.019050200000037876	epochs	3.0
756.7697116839233	0.018966999999975087	epochs	3.0
756.7886786839233	0.037687200000050325	epochs	2.0
756.7886786839233	0.01888450000001285	epochs	3.0
756.8075631839233	0.018802700000037476	epochs	3.0
756.8263658839234	0.03736309999999321	epochs	2.0
756.8263658839234	0.018721700000014607	epochs	3.0
756.8450875839234	0.018641399999978603	epochs	3.0
756.8637289839234	0.03704429999993408	epochs	2.0
756.8637289839234	0.01856159999999818	epochs	3.0
756.8822905839233	0.018482699999935903	epochs	3.0
756.9007732839233	0.0367310000000316	epochs	2.0
756.9007732839233	0.018404300000042895	epochs	3.0
756.9191775839233	0.018326699999988705	epochs	3.0
756.9375042839233	0.036422900000047775	epochs	2.0
756.9375042839233	0.018249599999990096	epochs	3.0
756.9557538839233	0.01817330000005768	epochs	3.0
756.9739271839234	0.03612009999994825	epochs	2.0
756.9739271839234	0.0180976000000328	epochs	3.0
756.9920247839234	0.018022499999915453	epochs	3.0
757.0100472839233	0.03582210000001851	epochs	2.0
757.0100472839233	0.017947900000081063	epochs	3.0
757.0279951839234	0.017874199999937446	epochs	3.0
757.0458693839233	0.03552899999999681	epochs	2.0
757.0458693839233	0.017800800000031813	epochs	3.0
757.0636701839234	0.017728199999965	epochs	3.0
757.0813983839233	0.03524070000003121	epochs	2.0
757.0813983839233	0.017656099999953767	epochs	3.0
757.0990544839233	0.017584600000077444	epochs	3.0
757.1166390839234	0.03495709999992869	epochs	2.0
757.1166390839234	0.01751369999999497	epochs	3.0
757.1341527839234	0.017443399999933717	epochs	3.0
757.1515961839233	0.03467790000001969	epochs	2.0
757.1515961839233	0.017373600000041733	epochs	3.0
757.1689697839233	0.017304299999977957	epochs	3.0
757.1862740839233	0.03440330000000813	epochs	2.0
757.1862740839233	0.01723570000001473	epochs	3.0
757.2035097839233	0.0171675999999934	epochs	3.0
757.2206773839233	0.0341328000000658	epochs	2.0
757.2206773839233	0.017099900000062007	epochs	3.0
757.2377772839234	0.017032900000003792	epochs	3.0
757.2548101839234	0.033866699999975935	epochs	2.0
757.2548101839234	0.01696640000000116	epochs	3.0
757.2717765839234	0.016900299999974777	epochs	3.0
757.2886768839234	0.03360459999998966	epochs	2.0
757.2886768839234	0.01683479999996962	epochs	3.0
757.3055116839233	0.01676980000002004	epochs	3.0
757.3222814839233	0.033346599999958926	epochs	2.0
757.3222814839233	0.016705300000012357	epochs	3.0
757.3389867839234	0.01664129999994657	epochs	3.0
757.3556280839233	0.03309250000006614	epochs	2.0
757.3556280839233	0.016577800000050047	epochs	3.0
757.3722058839234	0.01651470000001609	epochs	3.0
757.3887205839234	0.03284229999997024	epochs	2.0
757.3887205839234	0.01645220000000336	epochs	3.0
757.4051727839234	0.01639009999996688	epochs	3.0
757.4215628839233	0.03259570000000167	epochs	2.0
757.4215628839233	0.016328400000020338	epochs	3.0
757.4378912839234	0.016267299999981333	epochs	3.0
757.4541585839233	0.032352899999978035	epochs	2.0
757.4541585839233	0.016206600000032267	epochs	3.0
757.4703651839234	0.016146299999945768	epochs	3.0
757.4865114839233	0.03211369999996805	epochs	2.0
757.4865114839233	0.016086599999994178	epochs	3.0
757.5025980839233	0.01602709999997387	epochs	3.0
757.5186251839233	0.03187800000000607	epochs	2.0
757.5186251839233	0.015968200000088473	epochs	3.0
757.5345933839234	0.015909799999917595	epochs	3.0
757.5505031839233	0.031645700000012766	epochs	2.0
757.5505031839233	0.01585160000001906	epochs	3.0
757.5663547839233	0.015794099999993705	epochs	3.0
757.5821488839233	0.0314167000000225	epochs	2.0
757.5821488839233	0.015736700000047676	epochs	3.0
757.5978855839234	0.015679999999974825	epochs	3.0
757.6135655839233	0.031191100000000915	epochs	2.0
757.6135655839233	0.015623600000026272	epochs	3.0
757.6291891839234	0.015567499999974643	epochs	3.0
757.6447566839233	0.030968700000016725	epochs	2.0
757.6447566839233	0.015512000000057924	epochs	3.0
757.6602686839234	0.0154566999999588	epochs	3.0
757.6757253839233	0.030749499999956242	epochs	2.0
757.6757253839233	0.015401999999994587	epochs	3.0
757.6911273839233	0.015347499999961656	epochs	3.0
757.7064748839233	0.03053320000003623	epochs	2.0
757.7064748839233	0.015293400000018664	epochs	3.0
757.7217682839233	0.015239800000017567	epochs	3.0
757.7370080839233	0.03032010000003993	epochs	2.0
757.7370080839233	0.015186500000027081	epochs	3.0
757.7521945839234	0.015133600000012848	epochs	3.0
757.7673281839234	0.030109899999956724	epochs	2.0
757.7673281839234	0.015081000000009226	epochs	3.0
757.7824091839234	0.015028899999947498	epochs	3.0
757.7974380839233	0.02990250000004835	epochs	2.0
757.7974380839233	0.014977000000044427	epochs	3.0
757.8124150839234	0.014925500000003922	epochs	3.0
757.8273405839234	0.029698099999905025	epochs	2.0
757.8273405839234	0.01487439999993967	epochs	3.0
757.8422149839233	0.014823699999965356	epochs	3.0
757.8570386839233	0.02949630000000525	epochs	2.0
757.8570386839233	0.014773200000036013	epochs	3.0
757.8718118839233	0.014723099999969236	epochs	3.0
757.8865349839233	0.02929740000001857	epochs	2.0
757.8865349839233	0.014673399999992398	epochs	3.0
757.9012083839233	0.014624000000026172	epochs	3.0
757.9158323839233	0.029101100000048064	epochs	2.0
757.9158323839233	0.014574900000070556	epochs	3.0
757.9304072839234	0.014526199999977507	epochs	3.0
757.9449334839234	0.028907399999980044	epochs	2.0
757.9449334839234	0.014477699999929428	epochs	3.0
757.9594111839233	0.014429700000050616	epochs	3.0
757.9738408839233	0.028716199999962555	epochs	2.0
757.9738408839233	0.014381800000023759	epochs	3.0
757.9882226839234	0.014334399999938796	epochs	3.0
758.0025570839233	0.028527600000074926	epochs	2.0
758.0025570839233	0.01428720000001249	epochs	3.0
758.0168442839233	0.014240400000062436	epochs	3.0
758.0310846839234	0.028341399999931127	epochs	2.0
758.0310846839234	0.014193799999929979	epochs	3.0
758.0452784839233	0.014147600000001148	epochs	3.0
758.0594260839233	0.028157700000065233	epochs	2.0
758.0594260839233	0.014101699999969242	epochs	3.0
758.0735277839233	0.014056000000095992	epochs	3.0
758.0875837839234	0.027976299999977527	epochs	2.0
758.0875837839234	0.01401060000000598	epochs	3.0
758.1015943839234	0.013965699999971548	epochs	3.0
758.1155600839234	0.02779720000000907	epochs	2.0
758.1155600839234	0.013920799999937117	epochs	3.0
758.1294808839233	0.013876400000071953	epochs	3.0
758.1433572839234	0.027620399999932488	epochs	2.0
758.1433572839234	0.013832200000024386	epochs	3.0
758.1571894839234	0.013788199999908102	epochs	3.0
758.1709776839233	0.02744590000008884	epochs	2.0
758.1709776839233	0.013744599999995444	epochs	3.0
758.1847222839233	0.013701300000093397	epochs	3.0
758.1984235839234	0.027273499999978412	epochs	2.0
758.1984235839234	0.013658200000008947	epochs	3.0
758.2120817839234	0.013615299999969466	epochs	3.0
758.2256970839234	0.027103399999987232	epochs	2.0
758.2256970839234	0.013572800000019924	epochs	3.0
758.2392698839234	0.013530599999967308	epochs	3.0
758.2528004839234	0.02693520000002536	epochs	2.0
758.2528004839234	0.013488400000028378	epochs	3.0
758.2662888839234	0.013446799999996983	epochs	3.0
758.2797356839234	0.026769199999989723	epochs	2.0
758.2797356839234	0.013405199999965589	epochs	3.0
758.2931408839233	0.013364000000024134	epochs	3.0
758.3065048839234	0.026605199999949036	epochs	2.0
758.3065048839234	0.013322899999934634	epochs	3.0
758.3198277839233	0.013282300000014402	epochs	3.0
758.3331100839233	0.026443200000016986	epochs	2.0
758.3331100839233	0.013241699999980483	epochs	3.0
758.3463517839233	0.013201500000036503	epochs	3.0
758.3595532839233	0.0262831999999662	epochs	2.0
758.3595532839233	0.013161500000023807	epochs	3.0
758.3727147839234	0.013121699999942393	epochs	3.0
758.3858364839233	0.02612500000009277	epochs	2.0
758.3858364839233	0.013082100000019636	epochs	3.0
758.3989185839233	0.013042900000073132	epochs	3.0
758.4119614839234	0.025968899999952555	epochs	2.0
758.4119614839234	0.013003899999944224	epochs	3.0
758.4249653839233	0.012965000000008331	epochs	3.0
758.4379303839233	0.025814500000024054	epochs	2.0
758.4379303839233	0.012926399999969362	epochs	3.0
758.4508567839233	0.012888100000054692	epochs	3.0
758.4637448839234	0.025661899999931848	epochs	2.0
758.4637448839234	0.012849899999991976	epochs	3.0
758.4765947839234	0.012811999999939871	epochs	3.0
758.4894067839233	0.025511200000096323	epochs	2.0
758.4894067839233	0.012774400000012065	epochs	3.0
758.5021811839233	0.012736800000084258	epochs	3.0
758.5149179839234	0.025362299999983406	epochs	2.0
758.5149179839234	0.01269969999998466	epochs	3.0
758.5276176839234	0.012662599999998747	epochs	3.0
758.5402802839234	0.025215000000002874	epochs	2.0
758.5402802839234	0.01262579999990976	epochs	3.0
758.5529060839233	0.012589200000093115	epochs	3.0
758.5654952839234	0.024584799999956886	epochs	2.0
758.5893250839233	0.5	epochs	-1.0
758.5900800839233	0.5422399999999925	epochs	1.0
759.1323200839233	0.4576799999999821	epochs	0.0
760.2339997291565	0.07807999999999993	epochs	0.0
760.2339997291565	0.034042900000031295	epochs	1.0
760.2680426291565	0.009994199999937337	epochs	1.0
760.2780368291565	0.034042900000031295	epochs	1.0
760.3120797291565	2.0	epochs	0.0
762.3120797291565	5.3616799999999785	epochs	0.0
762.3120797291565	1.0	epochs	1.0
762.3121247291565	0.5	epochs	-1.0
762.8121247291565	4.861634999999978	epochs	-1.0
763.3120797291565	4.3616799999999785	epochs	1.0
763.3120797291565	4.356753899999944	epochs	-1.0
763.3120797291565	1.9745871999999736	epochs	2.0
763.3120797291565	1.0985621999999466	epochs	3.0
764.4106419291564	0.8760250000000269	epochs	3.0
765.2866669291565	1.3524075000000266	epochs	2.0
765.2866669291565	0.7286354999999958	epochs	3.0
766.0153024291565	0.6237720000000309	epochs	3.0
766.6390744291565	1.029759199999944	epochs	2.0
766.6390744291565	0.5453293000000485	epochs	3.0
767.1844037291565	0.4844298999998955	epochs	3.0
767.6688336291564	0.004926100000034239	epochs	2.0
767.6688336291564	0.004926100000034239	epochs	3.0
767.6737597291565	16.638239999999996	epochs	0.0
768.5009999275208	0.07807999999999993	epochs	0.0
768.5009999275208	0.034042900000031295	epochs	1.0
768.5350428275208	0.009994199999937337	epochs	1.0
768.5450370275207	0.034042900000031295	epochs	1.0
768.5790799275208	2.0	epochs	0.0
770.5790799275208	5.361520000000041	epochs	0.0
770.5790799275208	1.0	epochs	1.0
770.5791249275208	0.5	epochs	-1.0
771.0791249275208	4.861475000000041	epochs	-1.0
771.5790799275208	4.361520000000041	epochs	1.0
771.5790799275208	4.356753899999944	epochs	-1.0
771.5790799275208	1.9745871999999736	epochs	2.0
771.5790799275208	1.0985621999999466	epochs	3.0
772.6776421275207	0.8760250000000269	epochs	3.0
773.5536671275207	1.3524075000000266	epochs	2.0
773.5536671275207	0.7286354999999958	epochs	3.0
774.2823026275207	0.6237720000000309	epochs	3.0
774.9060746275208	1.029759199999944	epochs	2.0
774.9060746275208	0.5453293000000485	epochs	3.0
775.4514039275208	0.4844298999998955	epochs	3.0
775.9358338275207	0.00476610000009714	epochs	2.0
775.9358338275207	0.00476610000009714	epochs	3.0
775.9405999275208	16.638399999999933	epochs	0.0
776.7799997329712	0.07807999999999993	epochs	0.0
776.7799997329712	0.034042900000031295	epochs	1.0
776.8140426329712	0.009994199999937337	epochs	1.0
776.8240368329712	0.034042900000031295	epochs	1.0
776.8580797329712	2.0	epochs	0.0
778.8580797329712	0.5213599999999587	epochs	0.0
778.8580797329712	0.5213599999999587	epochs	1.0
778.8581247329712	0.5	epochs	-1.0
779.3581247329712	0.021314999999958673	epochs	-1.0
779.3794397329712	21.478560000000016	epochs	0.0
780.6570000648499	0.07807999999999993	epochs	0.0
780.6570000648499	0.034042900000031295	epochs	1.0
780.6910429648499	0.009994199999937337	epochs	1.0
780.7010371648498	0.034042900000031295	epochs	1.0
780.7350800648499	2.0	epochs	0.0
782.7350800648499	0.5220799999999599	epochs	0.0
782.7350800648499	0.5220799999999599	epochs	1.0
782.7351250648499	0.5	epochs	-1.0
783.2351250648499	0.022034999999959837	epochs	-1.0
783.2571600648498	21.477840000000015	epochs	0.0
784.4569997787476	0.07807999999999993	epochs	0.0
784.4569997787476	0.034042900000031295	epochs	1.0
784.4910426787476	0.009994199999937337	epochs	1.0
784.5010368787475	0.034042900000031295	epochs	1.0
784.5350797787476	2.0	epochs	0.0
786.5350797787476	0.5212000000000216	epochs	0.0
786.5350797787476	0.5212000000000216	epochs	1.0
786.5351247787476	0.5	epochs	-1.0
787.0351247787476	0.021155000000021573	epochs	-1.0
787.0562797787476	21.478719999999953	epochs	0.0
788.3909997940063	0.07807999999999993	epochs	0.0
788.3909997940063	0.034042900000031295	epochs	1.0
788.4250426940064	0.009994199999937337	epochs	1.0
788.4350368940063	0.034042900000031295	epochs	1.0
788.4690797940063	2.0	epochs	0.0
790.4690797940063	21.999919999999975	epochs	0.0
790.4690797940063	1.0	epochs	1.0
790.4691247940063	0.5	epochs	-1.0
790.9691247940063	19.999119999999948	epochs	-1.0
791.4690797940063	20.0	epochs	1.0
791.4690797940063	4.356753899999944	epochs	-1.0
791.4690797940063	1.9745871999999736	epochs	2.0
791.4690797940063	1.0985621999999466	epochs	3.0
792.5676419940063	0.8760250000000269	epochs	3.0
793.4436669940063	1.3524075000000266	epochs	2.0
793.4436669940063	0.7286354999999958	epochs	3.0
794.1723024940063	0.6237720000000309	epochs	3.0
794.7960744940063	1.029759199999944	epochs	2.0
794.7960744940063	0.5453293000000485	epochs	3.0
795.3414037940064	0.4844298999998955	epochs	3.0
795.8258336940063	0.8317862000000105	epochs	2.0
795.8258336940063	0.4357763000000432	epochs	3.0
796.2616099940063	0.3960098999999673	epochs	3.0
796.6576198940063	0.6977970000000369	epochs	2.0
796.6576198940063	0.3628982000000178	epochs	3.0
797.0205180940063	0.33489880000001904	epochs	3.0
797.3554168940063	0.601045699999986	epochs	2.0
797.3554168940063	0.3109123000000409	epochs	3.0
797.6663291940064	0.29013339999994514	epochs	3.0
797.9564625940063	0.5278859000000011	epochs	2.0
797.9564625940063	0.2719586000000618	epochs	3.0
798.2284211940064	0.25592729999993935	epochs	3.0
798.4843484940063	0.4706193000000667	epochs	2.0
798.4843484940063	0.241681299999982	epochs	3.0
798.7260297940063	0.22893800000008468	epochs	3.0
798.9549677940064	0.42457039999999324	epochs	2.0
798.9549677940064	0.2174713999999085	epochs	3.0
799.1724391940063	0.20709900000008474	epochs	3.0
799.3795381940064	0.3867353999999068	epochs	2.0
799.3795381940064	0.19767109999997956	epochs	3.0
799.5772092940064	0.18906429999992724	epochs	3.0
799.7662735940063	0.3550953000000163	epochs	2.0
799.7662735940063	0.18117590000008477	epochs	3.0
799.9474494940064	0.17391939999993156	epochs	3.0
800.1213688940063	0.3282431000000088	epochs	2.0
800.1213688940063	0.1672219000000723	epochs	3.0
800.2885907940064	0.16102119999993647	epochs	3.0
800.4496119940063	0.30516799999998057	epochs	2.0
800.4496119940063	0.15526390000002266	epochs	3.0
800.6048758940063	0.1499040999999579	epochs	3.0
800.7547799940063	0.28512530000000424	epochs	2.0
800.7547799940063	0.1449021000000812	epochs	3.0
800.8996820940064	0.14022319999992305	epochs	3.0
801.0399052940063	0.267553800000087	epochs	2.0
801.0399052940063	0.1358369000000721	epochs	3.0
801.1757421940064	0.1317169000000149	epochs	3.0
801.3074590940064	0.252022899999929	epochs	2.0
801.3074590940064	0.1278393000000051	epochs	3.0
801.4352983940064	0.1241835999999239	epochs	3.0
801.5594819940063	0.23819650000007186	epochs	2.0
801.5594819940063	0.12073110000005727	epochs	3.0
801.6802130940064	0.1174654000000146	epochs	3.0
801.7976784940064	0.2258087999999816	epochs	2.0
801.7976784940064	0.1143718999999237	epochs	3.0
801.9120503940063	0.1114369000000579	epochs	3.0
802.0234872940064	0.2146460000000161	epochs	2.0
802.0234872940064	0.10864889999993466	epochs	3.0
802.1321361940063	0.10599710000008145	epochs	3.0
802.2381332940064	0.20453499999996438	epochs	2.0
802.2381332940064	0.10347149999995509	epochs	3.0
802.3416047940063	0.1010635000000093	epochs	3.0
802.4426682940064	0.19533400000000256	epochs	2.0
802.4426682940064	0.09876510000003691	epochs	3.0
802.5414333940064	0.09656889999996565	epochs	3.0
802.6380022940064	0.18692529999998442	epochs	2.0
802.6380022940064	0.09446830000001682	epochs	3.0
802.7324705940064	0.09245699999996759	epochs	3.0
802.8249275940063	0.17921069999999872	epochs	2.0
802.8249275940063	0.09052959999996801	epochs	3.0
802.9154571940063	0.08868110000003071	epochs	3.0
803.0041382940063	0.17210769999996955	epochs	2.0
803.0041382940063	0.08690630000000965	epochs	3.0
803.0910445940063	0.0852013999999599	epochs	3.0
803.1762459940063	0.16554640000003928	epochs	2.0
803.1762459940063	0.08356190000006336	epochs	3.0
803.2598078940064	0.08198449999997592	epochs	3.0
803.3417923940063	0.15946710000002895	epochs	2.0
803.3417923940063	0.08046539999998004	epochs	3.0
803.4222577940063	0.07900170000004891	epochs	3.0
803.5012594940064	0.15381839999997737	epochs	2.0
803.5012594940064	0.07759009999995214	epochs	3.0
803.5788495940063	0.07622830000002523	epochs	3.0
803.6550778940064	0.14855639999996129	epochs	2.0
803.6550778940064	0.07491330000004837	epochs	3.0
803.7299911940064	0.07364309999991292	epochs	3.0
803.8036342940063	0.14364240000008976	epochs	2.0
803.8036342940063	0.07241499999997814	epochs	3.0
803.8760492940063	0.07122740000011163	epochs	3.0
803.9472766940064	0.13904309999998077	epochs	2.0
803.9472766940064	0.07007799999996678	epochs	3.0
804.0173546940064	0.06896510000001399	epochs	3.0
804.0863197940064	0.1347293000000036	epochs	2.0
804.0863197940064	0.0678871000000072	epochs	3.0
804.1542068940064	0.06684219999999641	epochs	3.0
804.2210490940064	0.13067519999992783	epochs	2.0
804.2210490940064	0.06582909999997355	epochs	3.0
804.2868781940064	0.06484609999995428	epochs	3.0
804.3517242940063	0.12685780000003888	epochs	2.0
804.3517242940063	0.06389200000000983	epochs	3.0
804.4156162940063	0.06296580000002905	epochs	3.0
804.4785820940064	0.12325720000001184	epochs	2.0
804.4785820940064	0.06206580000002759	epochs	3.0
804.5406478940064	0.06119139999998424	epochs	3.0
804.6018392940064	0.11985540000000583	epochs	2.0
804.6018392940064	0.060341099999959624	epochs	3.0
804.6621803940063	0.059514300000046205	epochs	3.0
804.7216946940064	0.11663620000001629	epochs	2.0
804.7216946940064	0.058709599999929196	epochs	3.0
804.7804042940063	0.05792660000008709	epochs	3.0
804.8383308940064	0.11358559999996487	epochs	2.0
804.8383308940064	0.05716419999998834	epochs	3.0
804.8954950940064	0.05642139999997653	epochs	3.0
804.9519164940064	0.11069050000003244	epochs	2.0
804.9519164940064	0.055697900000041045	epochs	3.0
805.0076143940064	0.0549925999999914	epochs	3.0
805.0626069940064	0.10793909999995321	epochs	2.0
805.0626069940064	0.05430489999992005	epochs	3.0
805.1169118940063	0.05363420000003316	epochs	3.0
805.1705460940063	0.10532150000005913	epochs	2.0
805.1705460940063	0.05298000000004777	epochs	3.0
805.2235260940064	0.052341500000011365	epochs	3.0
805.2758675940064	0.10282759999995505	epochs	2.0
805.2758675940064	0.051718099999902734	epochs	3.0
805.3275856940063	0.05110950000005232	epochs	3.0
805.3786951940064	0.10044909999999163	epochs	2.0
805.3786951940064	0.05051489999993919	epochs	3.0
805.4292100940063	0.04993420000005244	epochs	3.0
805.4791442940063	0.0981782999999723	epochs	2.0
805.4791442940063	0.04936659999998483	epochs	3.0
805.5285108940063	0.04881169999998747	epochs	3.0
805.5773225940063	0.09600780000005216	epochs	2.0
805.5773225940063	0.04826920000004975	epochs	3.0
805.6255917940064	0.04773860000000241	epochs	3.0
805.6733303940064	0.09393119999992905	epochs	2.0
805.6733303940064	0.04721949999998287	epochs	3.0
805.7205498940064	0.04671169999994618	epochs	3.0
805.7672615940063	0.09194260000003851	epochs	2.0
805.7672615940063	0.04621460000009847	epochs	3.0
805.8134761940064	0.04572799999994004	epochs	3.0
805.8592041940063	0.09003629999995155	epochs	2.0
805.8592041940063	0.04525150000006306	epochs	3.0
805.9044556940064	0.04478479999988849	epochs	3.0
805.9492404940063	0.08820760000003247	epochs	2.0
805.9492404940063	0.044327800000019124	epochs	3.0
805.9935682940063	0.04387980000001335	epochs	3.0
806.0374480940063	0.0864516999999978	epochs	2.0
806.0374480940063	0.04344100000002982	epochs	3.0
806.0808890940064	0.04301069999996798	epochs	3.0
806.1238997940063	0.0847643000000744	epochs	2.0
806.1238997940063	0.04258900000002086	epochs	3.0
806.1664887940063	0.04217530000005354	epochs	3.0
806.2086640940064	0.08314149999989695	epochs	2.0
806.2086640940064	0.041769699999917975	epochs	3.0
806.2504337940063	0.041371799999978975	epochs	3.0
806.2918055940063	0.08157970000002024	epochs	2.0
806.2918055940063	0.04098140000007788	epochs	3.0
806.3327869940064	0.040598299999942355	epochs	3.0
806.3733852940063	0.08007550000002084	epochs	2.0
806.3733852940063	0.04022229999998217	epochs	3.0
806.4136075940063	0.03985320000003867	epochs	3.0
806.4534607940063	0.07862569999997504	epochs	2.0
806.4534607940063	0.039490800000066884	epochs	3.0
806.4929515940064	0.03913489999990816	epochs	3.0
806.5320864940063	0.07722760000001472	epochs	2.0
806.5320864940063	0.038785400000051595	epochs	3.0
806.5708718940064	0.03844219999996312	epochs	3.0
806.6093140940063	0.07587820000003376	epochs	2.0
806.6093140940063	0.038104800000041905	epochs	3.0
806.6474188940064	0.03777339999999185	epochs	3.0
806.6851922940064	0.0745752000000266	epochs	2.0
806.6851922940064	0.03744770000002973	epochs	3.0
806.7226399940064	0.03712749999999687	epochs	3.0
806.7597674940064	0.07331629999998768	epochs	2.0
806.7597674940064	0.036812899999972615	epochs	3.0
806.7965803940064	0.03650340000001506	epochs	3.0
806.8330837940064	0.07209899999998015	epochs	2.0
806.8330837940064	0.03619909999997617	epochs	3.0
806.8692828940063	0.03589990000000398	epochs	3.0
806.9051827940064	0.07092169999998532	epochs	2.0
806.9051827940064	0.03560560000005353	epochs	3.0
806.9407883940064	0.035316099999931794	epochs	3.0
806.9761044940063	0.06978200000003199	epochs	2.0
806.9761044940063	0.03503120000004856	epochs	3.0
807.0111356940064	0.03475079999998343	epochs	3.0
807.0458864940064	0.06867859999999837	epochs	2.0
807.0458864940064	0.03447510000000875	epochs	3.0
807.0803615940064	0.03420349999998962	epochs	3.0
807.1145650940064	0.06760929999995824	epochs	2.0
807.1145650940064	0.033936199999970995	epochs	3.0
807.1485012940063	0.033673099999987244	epochs	3.0
807.1821743940063	0.06657289999998284	epochs	2.0
807.1821743940063	0.03341399999999339	epochs	3.0
807.2155883940063	0.033158899999989444	epochs	3.0
807.2487472940063	0.06556780000005347	epochs	2.0
807.2487472940063	0.032907700000009754	epochs	3.0
807.2816549940063	0.03266010000004371	epochs	3.0
807.3143150940064	0.06459259999996902	epochs	2.0
807.3143150940064	0.032416399999988244	epochs	3.0
807.3467314940063	0.03217619999998078	epochs	3.0
807.3789076940063	0.06364600000006249	epochs	2.0
807.3789076940063	0.03193959999998697	epochs	3.0
807.4108472940063	0.03170640000007552	epochs	3.0
807.4425536940064	0.0627266999999847	epochs	2.0
807.4425536940064	0.031476599999905375	epochs	3.0
807.4740302940063	0.03125010000007933	epochs	3.0
807.5052803940064	0.06183359999999993	epochs	2.0
807.5052803940064	0.03102689999991526	epochs	3.0
807.5363072940063	0.030806700000084675	epochs	3.0
807.5671139940064	0.060965599999917686	epochs	2.0
807.5671139940064	0.030589799999916067	epochs	3.0
807.5977037940063	0.030375800000001618	epochs	3.0
807.6280795940063	0.06012160000000222	epochs	2.0
807.6280795940063	0.030164900000045236	epochs	3.0
807.6582444940063	0.02995669999995698	epochs	3.0
807.6882011940063	0.05930069999999432	epochs	2.0
807.6882011940063	0.029751600000054168	epochs	3.0
807.7179527940064	0.029549099999940154	epochs	3.0
807.7475018940063	0.05850180000004457	epochs	2.0
807.7475018940063	0.02934940000000097	epochs	3.0
807.7768512940063	0.0291524000000436	epochs	3.0
807.8060036940063	0.057724200000052406	epochs	2.0
807.8060036940063	0.028957999999988715	epochs	3.0
807.8349616940063	0.02876620000006369	epochs	3.0
807.8637278940064	0.05696709999995164	epochs	2.0
807.8637278940064	0.028576999999927466	epochs	3.0
807.8923048940063	0.028390100000024177	epochs	3.0
807.9206949940063	0.05622949999997218	epochs	2.0
807.9206949940063	0.028205700000057732	epochs	3.0
807.9489006940064	0.028023799999914445	epochs	3.0
807.9769244940063	0.05551070000001346	epochs	2.0
807.9769244940063	0.02784400000007281	epochs	3.0
808.0047684940064	0.027666699999940647	epochs	3.0
808.0324351940063	0.054810200000019904	epochs	2.0
808.0324351940063	0.02749149999999645	epochs	3.0
808.0599266940063	0.027318700000023455	epochs	3.0
808.0872453940063	0.05412699999999404	epochs	2.0
808.0872453940063	0.027147799999966082	epochs	3.0
808.1143931940063	0.02697920000002796	epochs	3.0
808.1413723940063	0.053460699999959616	epochs	2.0
808.1413723940063	0.0268125999999711	epochs	3.0
808.1681849940063	0.026648099999988517	epochs	3.0
808.1948330940063	0.05281070000000909	epochs	2.0
808.1948330940063	0.026485600000000886	epochs	3.0
808.2213186940063	0.026325100000008206	epochs	3.0
808.2476437940063	0.05217620000007628	epochs	2.0
808.2476437940063	0.026166400000079193	epochs	3.0
808.2738101940064	0.026009799999997085	epochs	3.0
808.2998199940064	0.051556699999991906	epochs	2.0
808.2998199940064	0.025854799999933675	epochs	3.0
808.3256747940063	0.02570190000005823	epochs	3.0
808.3513766940064	0.05095189999997274	epochs	2.0
808.3513766940064	0.025550699999939752	epochs	3.0
808.3769273940063	0.025401200000032986	epochs	3.0
808.4023285940063	0.05036099999995258	epochs	2.0
808.4023285940063	0.025253499999962514	epochs	3.0
808.4275820940063	0.02510749999999007	epochs	3.0
808.4526895940063	0.049783800000000156	epochs	2.0
808.4526895940063	0.02496320000000196	epochs	3.0
808.4776527940063	0.024820599999998194	epochs	3.0
808.5024733940063	0.049219500000049266	epochs	2.0
808.5024733940063	0.02467940000008184	epochs	3.0
808.5271527940064	0.024540099999967424	epochs	3.0
808.5516928940064	0.048667899999941255	epochs	2.0
808.5516928940064	0.02440209999997478	epochs	3.0
808.5760949940063	0.024265799999966475	epochs	3.0
808.6003607940063	0.04812860000004093	epochs	2.0
808.6003607940063	0.024131000000011227	epochs	3.0
808.6244917940063	0.023997600000029706	epochs	3.0
808.6484893940063	0.047601100000065344	epochs	2.0
808.6484893940063	0.023865800000066884	epochs	3.0
808.6723551940064	0.02373529999999846	epochs	3.0
808.6960904940064	0.04708499999992455	epochs	2.0
808.6960904940064	0.023606299999983094	epochs	3.0
808.7196967940064	0.023478699999941455	epochs	3.0
808.7431754940063	0.04658000000006268	epochs	2.0
808.7431754940063	0.02335249999998723	epochs	3.0
808.7665279940063	0.02322750000007545	epochs	3.0
808.7897554940064	0.04608569999993506	epochs	2.0
808.7897554940064	0.023103999999989355	epochs	3.0
808.8128594940064	0.022981699999945704	epochs	3.0
808.8358411940063	0.045601799999985815	epochs	2.0
808.8358411940063	0.022860700000023826	epochs	3.0
808.8587018940063	0.02274109999996199	epochs	3.0
808.8814429940063	0.04512790000001132	epochs	2.0
808.8814429940063	0.022622500000011314	epochs	3.0
808.9040654940063	0.02250540000000001	epochs	3.0
808.9265708940063	0.0446638000000803	epochs	2.0
808.9265708940063	0.02238929999998618	epochs	3.0
808.9489601940063	0.022274500000094122	epochs	3.0
808.9712346940064	0.04420919999995476	epochs	2.0
808.9712346940064	0.022160799999937808	epochs	3.0
808.9933954940063	0.022048400000016954	epochs	3.0
809.0154438940064	0.043763600000033875	epochs	2.0
809.0154438940064	0.021936900000014248	epochs	3.0
809.0373807940064	0.021826700000019628	epochs	3.0
809.0592074940064	0.04332709999994222	epochs	2.0
809.0592074940064	0.021717599999988124	epochs	3.0
809.0809250940064	0.021609499999954096	epochs	3.0
809.1025345940063	0.04289900000003399	epochs	2.0
809.1025345940063	0.02150249999999687	epochs	3.0
809.1240370940063	0.021396500000037122	epochs	3.0
809.1454335940064	0.042479500000013104	epochs	2.0
809.1454335940064	0.02129170000000613	epochs	3.0
809.1667252940064	0.021187800000006973	epochs	3.0
809.1879130940064	0.042067900000006375	epochs	2.0
809.1879130940064	0.02108490000000529	epochs	3.0
809.2089979940064	0.020983000000001084	epochs	3.0
809.2299809940064	0.04166439999994509	epochs	2.0
809.2299809940064	0.020882199999959994	epochs	3.0
809.2508631940063	0.020782199999985096	epochs	3.0
809.2716453940063	0.04126850000000104	epochs	2.0
809.2716453940063	0.020683299999973315	epochs	3.0
809.2923286940063	0.020585200000027726	epochs	3.0
809.3129138940063	0.04088000000001557	epochs	2.0
809.3129138940063	0.020488099999965925	epochs	3.0
809.3334019940063	0.020391900000049645	epochs	3.0
809.3537938940063	0.04049880000002304	epochs	2.0
809.3537938940063	0.020296600000051512	epochs	3.0
809.3740904940064	0.020202199999971526	epochs	3.0
809.3942926940064	0.04012460000001283	epochs	2.0
809.3942926940064	0.020108699999923374	epochs	3.0
809.4144013940063	0.02001590000008946	epochs	3.0
809.4344172940064	0.03975730000001931	epochs	2.0
809.4344172940064	0.019924199999991288	epochs	3.0
809.4543414940064	0.019833100000028026	epochs	3.0
809.4741745940064	0.03939669999999751	epochs	2.0
809.4741745940064	0.01974299999994855	epochs	3.0
809.4939175940063	0.019653700000048957	epochs	3.0
809.5135712940064	0.03904239999997117	epochs	2.0
809.5135712940064	0.019565099999908853	epochs	3.0
809.5331363940063	0.019477300000062314	epochs	3.0
809.5526136940064	0.03869459999998526	epochs	2.0
809.5526136940064	0.019390400000020236	epochs	3.0
809.5720040940064	0.01930419999996502	epochs	3.0
809.5913082940064	0.03835289999994984	epochs	2.0
809.5913082940064	0.019218799999976	epochs	3.0
809.6105270940063	0.01913409999997384	epochs	3.0
809.6296611940063	0.03801720000001296	epochs	2.0
809.6296611940063	0.019050200000037876	epochs	3.0
809.6487113940063	0.018966999999975087	epochs	3.0
809.6676783940063	0.037687200000050325	epochs	2.0
809.6676783940063	0.01888450000001285	epochs	3.0
809.6865628940063	0.018802700000037476	epochs	3.0
809.7053655940064	0.03736309999999321	epochs	2.0
809.7053655940064	0.018721700000014607	epochs	3.0
809.7240872940064	0.018641399999978603	epochs	3.0
809.7427286940064	0.03704429999993408	epochs	2.0
809.7427286940064	0.01856159999999818	epochs	3.0
809.7612902940064	0.018482699999935903	epochs	3.0
809.7797729940063	0.0367310000000316	epochs	2.0
809.7797729940063	0.018404300000042895	epochs	3.0
809.7981772940063	0.018326699999988705	epochs	3.0
809.8165039940063	0.036422900000047775	epochs	2.0
809.8165039940063	0.018249599999990096	epochs	3.0
809.8347535940063	0.01817330000005768	epochs	3.0
809.8529268940064	0.03612009999994825	epochs	2.0
809.8529268940064	0.0180976000000328	epochs	3.0
809.8710244940064	0.018022499999915453	epochs	3.0
809.8890469940063	0.03582210000001851	epochs	2.0
809.8890469940063	0.017947900000081063	epochs	3.0
809.9069948940064	0.017874199999937446	epochs	3.0
809.9248690940063	0.03552899999999681	epochs	2.0
809.9248690940063	0.017800800000031813	epochs	3.0
809.9426698940064	0.017728199999965	epochs	3.0
809.9603980940063	0.03524070000003121	epochs	2.0
809.9603980940063	0.017656099999953767	epochs	3.0
809.9780541940063	0.017584600000077444	epochs	3.0
809.9956387940064	0.03495709999992869	epochs	2.0
809.9956387940064	0.01751369999999497	epochs	3.0
810.0131524940064	0.017443399999933717	epochs	3.0
810.0305958940063	0.03467790000001969	epochs	2.0
810.0305958940063	0.017373600000041733	epochs	3.0
810.0479694940063	0.017304299999977957	epochs	3.0
810.0652737940063	0.03440330000000813	epochs	2.0
810.0652737940063	0.01723570000001473	epochs	3.0
810.0825094940063	0.0171675999999934	epochs	3.0
810.0996770940063	0.0341328000000658	epochs	2.0
810.0996770940063	0.017099900000062007	epochs	3.0
810.1167769940064	0.017032900000003792	epochs	3.0
810.1338098940064	0.033866699999975935	epochs	2.0
810.1338098940064	0.01696640000000116	epochs	3.0
810.1507762940064	0.016900299999974777	epochs	3.0
810.1676765940064	0.03360459999998966	epochs	2.0
810.1676765940064	0.01683479999996962	epochs	3.0
810.1845113940063	0.01676980000002004	epochs	3.0
810.2012811940064	0.033346599999958926	epochs	2.0
810.2012811940064	0.016705300000012357	epochs	3.0
810.2179864940064	0.01664129999994657	epochs	3.0
810.2346277940063	0.03309250000006614	epochs	2.0
810.2346277940063	0.016577800000050047	epochs	3.0
810.2512055940064	0.01651470000001609	epochs	3.0
810.2677202940064	0.03284229999997024	epochs	2.0
810.2677202940064	0.01645220000000336	epochs	3.0
810.2841724940064	0.01639009999996688	epochs	3.0
810.3005625940064	0.03259570000000167	epochs	2.0
810.3005625940064	0.016328400000020338	epochs	3.0
810.3168909940064	0.016267299999981333	epochs	3.0
810.3331582940064	0.032352899999978035	epochs	2.0
810.3331582940064	0.016206600000032267	epochs	3.0
810.3493648940064	0.016146299999945768	epochs	3.0
810.3655111940063	0.03211369999996805	epochs	2.0
810.3655111940063	0.016086599999994178	epochs	3.0
810.3815977940063	0.01602709999997387	epochs	3.0
810.3976248940063	0.03187800000000607	epochs	2.0
810.3976248940063	0.015968200000088473	epochs	3.0
810.4135930940064	0.015909799999917595	epochs	3.0
810.4295028940063	0.031645700000012766	epochs	2.0
810.4295028940063	0.01585160000001906	epochs	3.0
810.4453544940063	0.015794099999993705	epochs	3.0
810.4611485940063	0.0314167000000225	epochs	2.0
810.4611485940063	0.015736700000047676	epochs	3.0
810.4768852940064	0.015679999999974825	epochs	3.0
810.4925652940063	0.031191100000000915	epochs	2.0
810.4925652940063	0.015623600000026272	epochs	3.0
810.5081888940064	0.015567499999974643	epochs	3.0
810.5237563940063	0.030968700000016725	epochs	2.0
810.5237563940063	0.015512000000057924	epochs	3.0
810.5392683940064	0.0154566999999588	epochs	3.0
810.5547250940064	0.030749499999956242	epochs	2.0
810.5547250940064	0.015401999999994587	epochs	3.0
810.5701270940064	0.015347499999961656	epochs	3.0
810.5854745940063	0.03053320000003623	epochs	2.0
810.5854745940063	0.015293400000018664	epochs	3.0
810.6007679940063	0.015239800000017567	epochs	3.0
810.6160077940064	0.03032010000003993	epochs	2.0
810.6160077940064	0.015186500000027081	epochs	3.0
810.6311942940064	0.015133600000012848	epochs	3.0
810.6463278940064	0.030109899999956724	epochs	2.0
810.6463278940064	0.015081000000009226	epochs	3.0
810.6614088940064	0.015028899999947498	epochs	3.0
810.6764377940063	0.02990250000004835	epochs	2.0
810.6764377940063	0.014977000000044427	epochs	3.0
810.6914147940064	0.014925500000003922	epochs	3.0
810.7063402940064	0.029698099999905025	epochs	2.0
810.7063402940064	0.01487439999993967	epochs	3.0
810.7212146940063	0.014823699999965356	epochs	3.0
810.7360383940063	0.02949630000000525	epochs	2.0
810.7360383940063	0.014773200000036013	epochs	3.0
810.7508115940063	0.014723099999969236	epochs	3.0
810.7655346940063	0.02929740000001857	epochs	2.0
810.7655346940063	0.014673399999992398	epochs	3.0
810.7802080940063	0.014624000000026172	epochs	3.0
810.7948320940063	0.029101100000048064	epochs	2.0
810.7948320940063	0.014574900000070556	epochs	3.0
810.8094069940064	0.014526199999977507	epochs	3.0
810.8239331940064	0.028907399999980044	epochs	2.0
810.8239331940064	0.014477699999929428	epochs	3.0
810.8384108940063	0.014429700000050616	epochs	3.0
810.8528405940064	0.028716199999962555	epochs	2.0
810.8528405940064	0.014381800000023759	epochs	3.0
810.8672223940064	0.014334399999938796	epochs	3.0
810.8815567940063	0.028527600000074926	epochs	2.0
810.8815567940063	0.01428720000001249	epochs	3.0
810.8958439940063	0.014240400000062436	epochs	3.0
810.9100843940064	0.028341399999931127	epochs	2.0
810.9100843940064	0.014193799999929979	epochs	3.0
810.9242781940063	0.014147600000001148	epochs	3.0
810.9384257940063	0.028157700000065233	epochs	2.0
810.9384257940063	0.014101699999969242	epochs	3.0
810.9525274940063	0.014056000000095992	epochs	3.0
810.9665834940064	0.027976299999977527	epochs	2.0
810.9665834940064	0.01401060000000598	epochs	3.0
810.9805940940064	0.013965699999971548	epochs	3.0
810.9945597940064	0.02779720000000907	epochs	2.0
810.9945597940064	0.013920799999937117	epochs	3.0
811.0084805940063	0.013876400000071953	epochs	3.0
811.0223569940064	0.027620399999932488	epochs	2.0
811.0223569940064	0.013832200000024386	epochs	3.0
811.0361891940064	0.013788199999908102	epochs	3.0
811.0499773940063	0.02744590000008884	epochs	2.0
811.0499773940063	0.013744599999995444	epochs	3.0
811.0637219940063	0.013701300000093397	epochs	3.0
811.0774232940064	0.027273499999978412	epochs	2.0
811.0774232940064	0.013658200000008947	epochs	3.0
811.0910814940064	0.013615299999969466	epochs	3.0
811.1046967940064	0.027103399999987232	epochs	2.0
811.1046967940064	0.013572800000019924	epochs	3.0
811.1182695940064	0.013530599999967308	epochs	3.0
811.1318001940064	0.02693520000002536	epochs	2.0
811.1318001940064	0.013488400000028378	epochs	3.0
811.1452885940064	0.013446799999996983	epochs	3.0
811.1587353940064	0.026769199999989723	epochs	2.0
811.1587353940064	0.013405199999965589	epochs	3.0
811.1721405940064	0.013364000000024134	epochs	3.0
811.1855045940064	0.026605199999949036	epochs	2.0
811.1855045940064	0.013322899999934634	epochs	3.0
811.1988274940063	0.013282300000014402	epochs	3.0
811.2121097940063	0.026443200000016986	epochs	2.0
811.2121097940063	0.013241699999980483	epochs	3.0
811.2253514940063	0.013201500000036503	epochs	3.0
811.2385529940063	0.0262831999999662	epochs	2.0
811.2385529940063	0.013161500000023807	epochs	3.0
811.2517144940064	0.013121699999942393	epochs	3.0
811.2648361940063	0.02612500000009277	epochs	2.0
811.2648361940063	0.013082100000019636	epochs	3.0
811.2779182940063	0.013042900000073132	epochs	3.0
811.2909611940064	0.025968899999952555	epochs	2.0
811.2909611940064	0.013003899999944224	epochs	3.0
811.3039650940063	0.012965000000008331	epochs	3.0
811.3169300940064	0.025814500000024054	epochs	2.0
811.3169300940064	0.012926399999969362	epochs	3.0
811.3298564940063	0.012888100000054692	epochs	3.0
811.3427445940064	0.025661899999931848	epochs	2.0
811.3427445940064	0.012849899999991976	epochs	3.0
811.3555944940064	0.012811999999939871	epochs	3.0
811.3684064940063	0.025511200000096323	epochs	2.0
811.3684064940063	0.012774400000012065	epochs	3.0
811.3811808940063	0.012736800000084258	epochs	3.0
811.3939176940064	0.025362299999983406	epochs	2.0
811.3939176940064	0.01269969999998466	epochs	3.0
811.4066173940064	0.012662599999998747	epochs	3.0
811.4192799940064	0.025215000000002874	epochs	2.0
811.4192799940064	0.01262579999990976	epochs	3.0
811.4319057940063	0.012589200000093115	epochs	3.0
811.4444949940064	0.024584799999956886	epochs	2.0
811.4682447940063	0.5	epochs	-1.0
811.4690797940063	0.9999199999999746	epochs	1.0
811.9682447940063	0.5	epochs	-1.0
813.6890001296997	0.07807999999999993	epochs	0.0
813.6890001296997	0.034042900000031295	epochs	1.0
813.7230430296997	0.009994199999937337	epochs	1.0
813.7330372296997	0.034042900000031295	epochs	1.0
813.7670801296997	2.0	epochs	0.0
815.7670801296997	0.5212000000000216	epochs	0.0
815.7670801296997	0.5212000000000216	epochs	1.0
815.7671251296997	0.5	epochs	-1.0
816.2671251296997	0.021155000000021573	epochs	-1.0
816.2882801296997	21.478719999999953	epochs	0.0
817.4889998435974	0.07807999999999993	epochs	0.0
817.4889998435974	0.034042900000031295	epochs	1.0
817.5230427435974	0.009994199999937337	epochs	1.0
817.5330369435974	0.034042900000031295	epochs	1.0
817.5670798435974	2.0	epochs	0.0
819.5670798435974	21.999919999999975	epochs	0.0
819.5670798435974	1.0	epochs	1.0
819.5671248435974	0.5	epochs	-1.0
820.0671248435974	19.999119999999948	epochs	-1.0
820.5670798435974	20.0	epochs	1.0
820.5670798435974	4.356753899999944	epochs	-1.0
820.5670798435974	1.9745871999999736	epochs	2.0
820.5670798435974	1.0985621999999466	epochs	3.0
821.6656420435974	0.8760250000000269	epochs	3.0
822.5416670435974	1.3524075000000266	epochs	2.0
822.5416670435974	0.7286354999999958	epochs	3.0
823.2703025435974	0.6237720000000309	epochs	3.0
823.8940745435974	1.029759199999944	epochs	2.0
823.8940745435974	0.5453293000000485	epochs	3.0
824.4394038435975	0.4844298999998955	epochs	3.0
824.9238337435974	0.8317862000000105	epochs	2.0
824.9238337435974	0.4357763000000432	epochs	3.0
825.3596100435974	0.3960098999999673	epochs	3.0
825.7556199435974	0.6977970000000369	epochs	2.0
825.7556199435974	0.3628982000000178	epochs	3.0
826.1185181435974	0.33489880000001904	epochs	3.0
826.4534169435974	0.601045699999986	epochs	2.0
826.4534169435974	0.3109123000000409	epochs	3.0
826.7643292435974	0.29013339999994514	epochs	3.0
827.0544626435974	0.5278859000000011	epochs	2.0
827.0544626435974	0.2719586000000618	epochs	3.0
827.3264212435975	0.25592729999993935	epochs	3.0
827.5823485435974	0.4706193000000667	epochs	2.0
827.5823485435974	0.241681299999982	epochs	3.0
827.8240298435974	0.22893800000008468	epochs	3.0
828.0529678435975	0.42457039999999324	epochs	2.0
828.0529678435975	0.2174713999999085	epochs	3.0
828.2704392435974	0.20709900000008474	epochs	3.0
828.4775382435975	0.3867353999999068	epochs	2.0
828.4775382435975	0.19767109999997956	epochs	3.0
828.6752093435974	0.18906429999992724	epochs	3.0
828.8642736435974	0.3550953000000163	epochs	2.0
828.8642736435974	0.18117590000008477	epochs	3.0
829.0454495435974	0.17391939999993156	epochs	3.0
829.2193689435974	0.3282431000000088	epochs	2.0
829.2193689435974	0.1672219000000723	epochs	3.0
829.3865908435974	0.16102119999993647	epochs	3.0
829.5476120435974	0.30516799999998057	epochs	2.0
829.5476120435974	0.15526390000002266	epochs	3.0
829.7028759435974	0.1499040999999579	epochs	3.0
829.8527800435974	0.28512530000000424	epochs	2.0
829.8527800435974	0.1449021000000812	epochs	3.0
829.9976821435974	0.14022319999992305	epochs	3.0
830.1379053435974	0.267553800000087	epochs	2.0
830.1379053435974	0.1358369000000721	epochs	3.0
830.2737422435974	0.1317169000000149	epochs	3.0
830.4054591435975	0.252022899999929	epochs	2.0
830.4054591435975	0.1278393000000051	epochs	3.0
830.5332984435975	0.1241835999999239	epochs	3.0
830.6574820435974	0.23819650000007186	epochs	2.0
830.6574820435974	0.12073110000005727	epochs	3.0
830.7782131435974	0.1174654000000146	epochs	3.0
830.8956785435975	0.2258087999999816	epochs	2.0
830.8956785435975	0.1143718999999237	epochs	3.0
831.0100504435974	0.1114369000000579	epochs	3.0
831.1214873435974	0.2146460000000161	epochs	2.0
831.1214873435974	0.10864889999993466	epochs	3.0
831.2301362435974	0.10599710000008145	epochs	3.0
831.3361333435975	0.20453499999996438	epochs	2.0
831.3361333435975	0.10347149999995509	epochs	3.0
831.4396048435974	0.1010635000000093	epochs	3.0
831.5406683435974	0.19533400000000256	epochs	2.0
831.5406683435974	0.09876510000003691	epochs	3.0
831.6394334435975	0.09656889999996565	epochs	3.0
831.7360023435974	0.18692529999998442	epochs	2.0
831.7360023435974	0.09446830000001682	epochs	3.0
831.8304706435974	0.09245699999996759	epochs	3.0
831.9229276435974	0.17921069999999872	epochs	2.0
831.9229276435974	0.09052959999996801	epochs	3.0
832.0134572435974	0.08868110000003071	epochs	3.0
832.1021383435974	0.17210769999996955	epochs	2.0
832.1021383435974	0.08690630000000965	epochs	3.0
832.1890446435974	0.0852013999999599	epochs	3.0
832.2742460435974	0.16554640000003928	epochs	2.0
832.2742460435974	0.08356190000006336	epochs	3.0
832.3578079435974	0.08198449999997592	epochs	3.0
832.4397924435974	0.15946710000002895	epochs	2.0
832.4397924435974	0.08046539999998004	epochs	3.0
832.5202578435974	0.07900170000004891	epochs	3.0
832.5992595435974	0.15381839999997737	epochs	2.0
832.5992595435974	0.07759009999995214	epochs	3.0
832.6768496435974	0.07622830000002523	epochs	3.0
832.7530779435974	0.14855639999996129	epochs	2.0
832.7530779435974	0.07491330000004837	epochs	3.0
832.8279912435975	0.07364309999991292	epochs	3.0
832.9016343435974	0.14364240000008976	epochs	2.0
832.9016343435974	0.07241499999997814	epochs	3.0
832.9740493435974	0.07122740000011163	epochs	3.0
833.0452767435975	0.13904309999998077	epochs	2.0
833.0452767435975	0.07007799999996678	epochs	3.0
833.1153547435974	0.06896510000001399	epochs	3.0
833.1843198435975	0.1347293000000036	epochs	2.0
833.1843198435975	0.0678871000000072	epochs	3.0
833.2522069435975	0.06684219999999641	epochs	3.0
833.3190491435975	0.13067519999992783	epochs	2.0
833.3190491435975	0.06582909999997355	epochs	3.0
833.3848782435974	0.06484609999995428	epochs	3.0
833.4497243435974	0.12685780000003888	epochs	2.0
833.4497243435974	0.06389200000000983	epochs	3.0
833.5136163435974	0.06296580000002905	epochs	3.0
833.5765821435974	0.12325720000001184	epochs	2.0
833.5765821435974	0.06206580000002759	epochs	3.0
833.6386479435974	0.06119139999998424	epochs	3.0
833.6998393435974	0.11985540000000583	epochs	2.0
833.6998393435974	0.060341099999959624	epochs	3.0
833.7601804435974	0.059514300000046205	epochs	3.0
833.8196947435974	0.11663620000001629	epochs	2.0
833.8196947435974	0.058709599999929196	epochs	3.0
833.8784043435974	0.05792660000008709	epochs	3.0
833.9363309435975	0.11358559999996487	epochs	2.0
833.9363309435975	0.05716419999998834	epochs	3.0
833.9934951435974	0.05642139999997653	epochs	3.0
834.0499165435974	0.11069050000003244	epochs	2.0
834.0499165435974	0.055697900000041045	epochs	3.0
834.1056144435975	0.0549925999999914	epochs	3.0
834.1606070435975	0.10793909999995321	epochs	2.0
834.1606070435975	0.05430489999992005	epochs	3.0
834.2149119435974	0.05363420000003316	epochs	3.0
834.2685461435974	0.10532150000005913	epochs	2.0
834.2685461435974	0.05298000000004777	epochs	3.0
834.3215261435975	0.052341500000011365	epochs	3.0
834.3738676435975	0.10282759999995505	epochs	2.0
834.3738676435975	0.051718099999902734	epochs	3.0
834.4255857435974	0.05110950000005232	epochs	3.0
834.4766952435974	0.10044909999999163	epochs	2.0
834.4766952435974	0.05051489999993919	epochs	3.0
834.5272101435974	0.04993420000005244	epochs	3.0
834.5771443435974	0.0981782999999723	epochs	2.0
834.5771443435974	0.04936659999998483	epochs	3.0
834.6265109435974	0.04881169999998747	epochs	3.0
834.6753226435974	0.09600780000005216	epochs	2.0
834.6753226435974	0.04826920000004975	epochs	3.0
834.7235918435974	0.04773860000000241	epochs	3.0
834.7713304435974	0.09393119999992905	epochs	2.0
834.7713304435974	0.04721949999998287	epochs	3.0
834.8185499435974	0.04671169999994618	epochs	3.0
834.8652616435974	0.09194260000003851	epochs	2.0
834.8652616435974	0.04621460000009847	epochs	3.0
834.9114762435975	0.04572799999994004	epochs	3.0
834.9572042435974	0.09003629999995155	epochs	2.0
834.9572042435974	0.04525150000006306	epochs	3.0
835.0024557435975	0.04478479999988849	epochs	3.0
835.0472405435974	0.08820760000003247	epochs	2.0
835.0472405435974	0.044327800000019124	epochs	3.0
835.0915683435974	0.04387980000001335	epochs	3.0
835.1354481435974	0.0864516999999978	epochs	2.0
835.1354481435974	0.04344100000002982	epochs	3.0
835.1788891435974	0.04301069999996798	epochs	3.0
835.2218998435974	0.0847643000000744	epochs	2.0
835.2218998435974	0.04258900000002086	epochs	3.0
835.2644888435974	0.04217530000005354	epochs	3.0
835.3066641435975	0.08314149999989695	epochs	2.0
835.3066641435975	0.041769699999917975	epochs	3.0
835.3484338435974	0.041371799999978975	epochs	3.0
835.3898056435974	0.08157970000002024	epochs	2.0
835.3898056435974	0.04098140000007788	epochs	3.0
835.4307870435974	0.040598299999942355	epochs	3.0
835.4713853435974	0.08007550000002084	epochs	2.0
835.4713853435974	0.04022229999998217	epochs	3.0
835.5116076435974	0.03985320000003867	epochs	3.0
835.5514608435974	0.07862569999997504	epochs	2.0
835.5514608435974	0.039490800000066884	epochs	3.0
835.5909516435975	0.03913489999990816	epochs	3.0
835.6300865435974	0.07722760000001472	epochs	2.0
835.6300865435974	0.038785400000051595	epochs	3.0
835.6688719435974	0.03844219999996312	epochs	3.0
835.7073141435974	0.07587820000003376	epochs	2.0
835.7073141435974	0.038104800000041905	epochs	3.0
835.7454189435974	0.03777339999999185	epochs	3.0
835.7831923435974	0.0745752000000266	epochs	2.0
835.7831923435974	0.03744770000002973	epochs	3.0
835.8206400435975	0.03712749999999687	epochs	3.0
835.8577675435974	0.07331629999998768	epochs	2.0
835.8577675435974	0.036812899999972615	epochs	3.0
835.8945804435974	0.03650340000001506	epochs	3.0
835.9310838435974	0.07209899999998015	epochs	2.0
835.9310838435974	0.03619909999997617	epochs	3.0
835.9672829435974	0.03589990000000398	epochs	3.0
836.0031828435974	0.07092169999998532	epochs	2.0
836.0031828435974	0.03560560000005353	epochs	3.0
836.0387884435975	0.035316099999931794	epochs	3.0
836.0741045435974	0.06978200000003199	epochs	2.0
836.0741045435974	0.03503120000004856	epochs	3.0
836.1091357435974	0.03475079999998343	epochs	3.0
836.1438865435974	0.06867859999999837	epochs	2.0
836.1438865435974	0.03447510000000875	epochs	3.0
836.1783616435974	0.03420349999998962	epochs	3.0
836.2125651435974	0.06760929999995824	epochs	2.0
836.2125651435974	0.033936199999970995	epochs	3.0
836.2465013435974	0.033673099999987244	epochs	3.0
836.2801744435974	0.06657289999998284	epochs	2.0
836.2801744435974	0.03341399999999339	epochs	3.0
836.3135884435974	0.033158899999989444	epochs	3.0
836.3467473435974	0.06556780000005347	epochs	2.0
836.3467473435974	0.032907700000009754	epochs	3.0
836.3796550435974	0.03266010000004371	epochs	3.0
836.4123151435974	0.06459259999996902	epochs	2.0
836.4123151435974	0.032416399999988244	epochs	3.0
836.4447315435974	0.03217619999998078	epochs	3.0
836.4769077435974	0.06364600000006249	epochs	2.0
836.4769077435974	0.03193959999998697	epochs	3.0
836.5088473435974	0.03170640000007552	epochs	3.0
836.5405537435975	0.0627266999999847	epochs	2.0
836.5405537435975	0.031476599999905375	epochs	3.0
836.5720303435974	0.03125010000007933	epochs	3.0
836.6032804435974	0.06183359999999993	epochs	2.0
836.6032804435974	0.03102689999991526	epochs	3.0
836.6343073435974	0.030806700000084675	epochs	3.0
836.6651140435974	0.060965599999917686	epochs	2.0
836.6651140435974	0.030589799999916067	epochs	3.0
836.6957038435974	0.030375800000001618	epochs	3.0
836.7260796435974	0.06012160000000222	epochs	2.0
836.7260796435974	0.030164900000045236	epochs	3.0
836.7562445435974	0.02995669999995698	epochs	3.0
836.7862012435974	0.05930069999999432	epochs	2.0
836.7862012435974	0.029751600000054168	epochs	3.0
836.8159528435974	0.029549099999940154	epochs	3.0
836.8455019435974	0.05850180000004457	epochs	2.0
836.8455019435974	0.02934940000000097	epochs	3.0
836.8748513435974	0.0291524000000436	epochs	3.0
836.9040037435974	0.057724200000052406	epochs	2.0
836.9040037435974	0.028957999999988715	epochs	3.0
836.9329617435974	0.02876620000006369	epochs	3.0
836.9617279435975	0.05696709999995164	epochs	2.0
836.9617279435975	0.028576999999927466	epochs	3.0
836.9903049435974	0.028390100000024177	epochs	3.0
837.0186950435974	0.05622949999997218	epochs	2.0
837.0186950435974	0.028205700000057732	epochs	3.0
837.0469007435975	0.028023799999914445	epochs	3.0
837.0749245435974	0.05551070000001346	epochs	2.0
837.0749245435974	0.02784400000007281	epochs	3.0
837.1027685435974	0.027666699999940647	epochs	3.0
837.1304352435974	0.054810200000019904	epochs	2.0
837.1304352435974	0.02749149999999645	epochs	3.0
837.1579267435974	0.027318700000023455	epochs	3.0
837.1852454435974	0.05412699999999404	epochs	2.0
837.1852454435974	0.027147799999966082	epochs	3.0
837.2123932435974	0.02697920000002796	epochs	3.0
837.2393724435974	0.053460699999959616	epochs	2.0
837.2393724435974	0.0268125999999711	epochs	3.0
837.2661850435974	0.026648099999988517	epochs	3.0
837.2928331435974	0.05281070000000909	epochs	2.0
837.2928331435974	0.026485600000000886	epochs	3.0
837.3193187435974	0.026325100000008206	epochs	3.0
837.3456438435974	0.05217620000007628	epochs	2.0
837.3456438435974	0.026166400000079193	epochs	3.0
837.3718102435975	0.026009799999997085	epochs	3.0
837.3978200435974	0.051556699999991906	epochs	2.0
837.3978200435974	0.025854799999933675	epochs	3.0
837.4236748435974	0.02570190000005823	epochs	3.0
837.4493767435974	0.05095189999997274	epochs	2.0
837.4493767435974	0.025550699999939752	epochs	3.0
837.4749274435974	0.025401200000032986	epochs	3.0
837.5003286435974	0.05036099999995258	epochs	2.0
837.5003286435974	0.025253499999962514	epochs	3.0
837.5255821435974	0.02510749999999007	epochs	3.0
837.5506896435974	0.049783800000000156	epochs	2.0
837.5506896435974	0.02496320000000196	epochs	3.0
837.5756528435974	0.024820599999998194	epochs	3.0
837.6004734435974	0.049219500000049266	epochs	2.0
837.6004734435974	0.02467940000008184	epochs	3.0
837.6251528435974	0.024540099999967424	epochs	3.0
837.6496929435974	0.048667899999941255	epochs	2.0
837.6496929435974	0.02440209999997478	epochs	3.0
837.6740950435974	0.024265799999966475	epochs	3.0
837.6983608435974	0.04812860000004093	epochs	2.0
837.6983608435974	0.024131000000011227	epochs	3.0
837.7224918435974	0.023997600000029706	epochs	3.0
837.7464894435974	0.047601100000065344	epochs	2.0
837.7464894435974	0.023865800000066884	epochs	3.0
837.7703552435975	0.02373529999999846	epochs	3.0
837.7940905435975	0.04708499999992455	epochs	2.0
837.7940905435975	0.023606299999983094	epochs	3.0
837.8176968435974	0.023478699999941455	epochs	3.0
837.8411755435974	0.04658000000006268	epochs	2.0
837.8411755435974	0.02335249999998723	epochs	3.0
837.8645280435974	0.02322750000007545	epochs	3.0
837.8877555435975	0.04608569999993506	epochs	2.0
837.8877555435975	0.023103999999989355	epochs	3.0
837.9108595435974	0.022981699999945704	epochs	3.0
837.9338412435974	0.045601799999985815	epochs	2.0
837.9338412435974	0.022860700000023826	epochs	3.0
837.9567019435974	0.02274109999996199	epochs	3.0
837.9794430435974	0.04512790000001132	epochs	2.0
837.9794430435974	0.022622500000011314	epochs	3.0
838.0020655435974	0.02250540000000001	epochs	3.0
838.0245709435974	0.0446638000000803	epochs	2.0
838.0245709435974	0.02238929999998618	epochs	3.0
838.0469602435974	0.022274500000094122	epochs	3.0
838.0692347435975	0.04420919999995476	epochs	2.0
838.0692347435975	0.022160799999937808	epochs	3.0
838.0913955435974	0.022048400000016954	epochs	3.0
838.1134439435974	0.043763600000033875	epochs	2.0
838.1134439435974	0.021936900000014248	epochs	3.0
838.1353808435974	0.021826700000019628	epochs	3.0
838.1572075435975	0.04332709999994222	epochs	2.0
838.1572075435975	0.021717599999988124	epochs	3.0
838.1789251435974	0.021609499999954096	epochs	3.0
838.2005346435974	0.04289900000003399	epochs	2.0
838.2005346435974	0.02150249999999687	epochs	3.0
838.2220371435974	0.021396500000037122	epochs	3.0
838.2434336435974	0.042479500000013104	epochs	2.0
838.2434336435974	0.02129170000000613	epochs	3.0
838.2647253435974	0.021187800000006973	epochs	3.0
838.2859131435974	0.042067900000006375	epochs	2.0
838.2859131435974	0.02108490000000529	epochs	3.0
838.3069980435974	0.020983000000001084	epochs	3.0
838.3279810435974	0.04166439999994509	epochs	2.0
838.3279810435974	0.020882199999959994	epochs	3.0
838.3488632435974	0.020782199999985096	epochs	3.0
838.3696454435974	0.04126850000000104	epochs	2.0
838.3696454435974	0.020683299999973315	epochs	3.0
838.3903287435974	0.020585200000027726	epochs	3.0
838.4109139435974	0.04088000000001557	epochs	2.0
838.4109139435974	0.020488099999965925	epochs	3.0
838.4314020435974	0.020391900000049645	epochs	3.0
838.4517939435974	0.04049880000002304	epochs	2.0
838.4517939435974	0.020296600000051512	epochs	3.0
838.4720905435975	0.020202199999971526	epochs	3.0
838.4922927435974	0.04012460000001283	epochs	2.0
838.4922927435974	0.020108699999923374	epochs	3.0
838.5124014435974	0.02001590000008946	epochs	3.0
838.5324173435974	0.03975730000001931	epochs	2.0
838.5324173435974	0.019924199999991288	epochs	3.0
838.5523415435974	0.019833100000028026	epochs	3.0
838.5721746435975	0.03939669999999751	epochs	2.0
838.5721746435975	0.01974299999994855	epochs	3.0
838.5919176435974	0.019653700000048957	epochs	3.0
838.6115713435975	0.03904239999997117	epochs	2.0
838.6115713435975	0.019565099999908853	epochs	3.0
838.6311364435974	0.019477300000062314	epochs	3.0
838.6506137435974	0.03869459999998526	epochs	2.0
838.6506137435974	0.019390400000020236	epochs	3.0
838.6700041435975	0.01930419999996502	epochs	3.0
838.6893083435974	0.03835289999994984	epochs	2.0
838.6893083435974	0.019218799999976	epochs	3.0
838.7085271435974	0.01913409999997384	epochs	3.0
838.7276612435974	0.03801720000001296	epochs	2.0
838.7276612435974	0.019050200000037876	epochs	3.0
838.7467114435974	0.018966999999975087	epochs	3.0
838.7656784435974	0.037687200000050325	epochs	2.0
838.7656784435974	0.01888450000001285	epochs	3.0
838.7845629435974	0.018802700000037476	epochs	3.0
838.8033656435974	0.03736309999999321	epochs	2.0
838.8033656435974	0.018721700000014607	epochs	3.0
838.8220873435974	0.018641399999978603	epochs	3.0
838.8407287435974	0.03704429999993408	epochs	2.0
838.8407287435974	0.01856159999999818	epochs	3.0
838.8592903435974	0.018482699999935903	epochs	3.0
838.8777730435974	0.0367310000000316	epochs	2.0
838.8777730435974	0.018404300000042895	epochs	3.0
838.8961773435974	0.018326699999988705	epochs	3.0
838.9145040435974	0.036422900000047775	epochs	2.0
838.9145040435974	0.018249599999990096	epochs	3.0
838.9327536435974	0.01817330000005768	epochs	3.0
838.9509269435974	0.03612009999994825	epochs	2.0
838.9509269435974	0.0180976000000328	epochs	3.0
838.9690245435975	0.018022499999915453	epochs	3.0
838.9870470435974	0.03582210000001851	epochs	2.0
838.9870470435974	0.017947900000081063	epochs	3.0
839.0049949435975	0.017874199999937446	epochs	3.0
839.0228691435974	0.03552899999999681	epochs	2.0
839.0228691435974	0.017800800000031813	epochs	3.0
839.0406699435974	0.017728199999965	epochs	3.0
839.0583981435974	0.03524070000003121	epochs	2.0
839.0583981435974	0.017656099999953767	epochs	3.0
839.0760542435974	0.017584600000077444	epochs	3.0
839.0936388435974	0.03495709999992869	epochs	2.0
839.0936388435974	0.01751369999999497	epochs	3.0
839.1111525435974	0.017443399999933717	epochs	3.0
839.1285959435974	0.03467790000001969	epochs	2.0
839.1285959435974	0.017373600000041733	epochs	3.0
839.1459695435974	0.017304299999977957	epochs	3.0
839.1632738435974	0.03440330000000813	epochs	2.0
839.1632738435974	0.01723570000001473	epochs	3.0
839.1805095435974	0.0171675999999934	epochs	3.0
839.1976771435974	0.0341328000000658	epochs	2.0
839.1976771435974	0.017099900000062007	epochs	3.0
839.2147770435975	0.017032900000003792	epochs	3.0
839.2318099435975	0.033866699999975935	epochs	2.0
839.2318099435975	0.01696640000000116	epochs	3.0
839.2487763435975	0.016900299999974777	epochs	3.0
839.2656766435974	0.03360459999998966	epochs	2.0
839.2656766435974	0.01683479999996962	epochs	3.0
839.2825114435974	0.01676980000002004	epochs	3.0
839.2992812435974	0.033346599999958926	epochs	2.0
839.2992812435974	0.016705300000012357	epochs	3.0
839.3159865435974	0.01664129999994657	epochs	3.0
839.3326278435974	0.03309250000006614	epochs	2.0
839.3326278435974	0.016577800000050047	epochs	3.0
839.3492056435974	0.01651470000001609	epochs	3.0
839.3657203435974	0.03284229999997024	epochs	2.0
839.3657203435974	0.01645220000000336	epochs	3.0
839.3821725435974	0.01639009999996688	epochs	3.0
839.3985626435974	0.03259570000000167	epochs	2.0
839.3985626435974	0.016328400000020338	epochs	3.0
839.4148910435974	0.016267299999981333	epochs	3.0
839.4311583435974	0.032352899999978035	epochs	2.0
839.4311583435974	0.016206600000032267	epochs	3.0
839.4473649435974	0.016146299999945768	epochs	3.0
839.4635112435974	0.03211369999996805	epochs	2.0
839.4635112435974	0.016086599999994178	epochs	3.0
839.4795978435974	0.01602709999997387	epochs	3.0
839.4956249435974	0.03187800000000607	epochs	2.0
839.4956249435974	0.015968200000088473	epochs	3.0
839.5115931435975	0.015909799999917595	epochs	3.0
839.5275029435974	0.031645700000012766	epochs	2.0
839.5275029435974	0.01585160000001906	epochs	3.0
839.5433545435974	0.015794099999993705	epochs	3.0
839.5591486435974	0.0314167000000225	epochs	2.0
839.5591486435974	0.015736700000047676	epochs	3.0
839.5748853435974	0.015679999999974825	epochs	3.0
839.5905653435974	0.031191100000000915	epochs	2.0
839.5905653435974	0.015623600000026272	epochs	3.0
839.6061889435974	0.015567499999974643	epochs	3.0
839.6217564435974	0.030968700000016725	epochs	2.0
839.6217564435974	0.015512000000057924	epochs	3.0
839.6372684435975	0.0154566999999588	epochs	3.0
839.6527251435974	0.030749499999956242	epochs	2.0
839.6527251435974	0.015401999999994587	epochs	3.0
839.6681271435974	0.015347499999961656	epochs	3.0
839.6834746435974	0.03053320000003623	epochs	2.0
839.6834746435974	0.015293400000018664	epochs	3.0
839.6987680435974	0.015239800000017567	epochs	3.0
839.7140078435974	0.03032010000003993	epochs	2.0
839.7140078435974	0.015186500000027081	epochs	3.0
839.7291943435974	0.015133600000012848	epochs	3.0
839.7443279435975	0.030109899999956724	epochs	2.0
839.7443279435975	0.015081000000009226	epochs	3.0
839.7594089435975	0.015028899999947498	epochs	3.0
839.7744378435974	0.02990250000004835	epochs	2.0
839.7744378435974	0.014977000000044427	epochs	3.0
839.7894148435975	0.014925500000003922	epochs	3.0
839.8043403435975	0.029698099999905025	epochs	2.0
839.8043403435975	0.01487439999993967	epochs	3.0
839.8192147435974	0.014823699999965356	epochs	3.0
839.8340384435974	0.02949630000000525	epochs	2.0
839.8340384435974	0.014773200000036013	epochs	3.0
839.8488116435974	0.014723099999969236	epochs	3.0
839.8635347435974	0.02929740000001857	epochs	2.0
839.8635347435974	0.014673399999992398	epochs	3.0
839.8782081435974	0.014624000000026172	epochs	3.0
839.8928321435974	0.029101100000048064	epochs	2.0
839.8928321435974	0.014574900000070556	epochs	3.0
839.9074070435975	0.014526199999977507	epochs	3.0
839.9219332435974	0.028907399999980044	epochs	2.0
839.9219332435974	0.014477699999929428	epochs	3.0
839.9364109435974	0.014429700000050616	epochs	3.0
839.9508406435974	0.028716199999962555	epochs	2.0
839.9508406435974	0.014381800000023759	epochs	3.0
839.9652224435974	0.014334399999938796	epochs	3.0
839.9795568435974	0.028527600000074926	epochs	2.0
839.9795568435974	0.01428720000001249	epochs	3.0
839.9938440435974	0.014240400000062436	epochs	3.0
840.0080844435975	0.028341399999931127	epochs	2.0
840.0080844435975	0.014193799999929979	epochs	3.0
840.0222782435974	0.014147600000001148	epochs	3.0
840.0364258435974	0.028157700000065233	epochs	2.0
840.0364258435974	0.014101699999969242	epochs	3.0
840.0505275435974	0.014056000000095992	epochs	3.0
840.0645835435975	0.027976299999977527	epochs	2.0
840.0645835435975	0.01401060000000598	epochs	3.0
840.0785941435975	0.013965699999971548	epochs	3.0
840.0925598435974	0.02779720000000907	epochs	2.0
840.0925598435974	0.013920799999937117	epochs	3.0
840.1064806435974	0.013876400000071953	epochs	3.0
840.1203570435974	0.027620399999932488	epochs	2.0
840.1203570435974	0.013832200000024386	epochs	3.0
840.1341892435975	0.013788199999908102	epochs	3.0
840.1479774435974	0.02744590000008884	epochs	2.0
840.1479774435974	0.013744599999995444	epochs	3.0
840.1617220435974	0.013701300000093397	epochs	3.0
840.1754233435975	0.027273499999978412	epochs	2.0
840.1754233435975	0.013658200000008947	epochs	3.0
840.1890815435975	0.013615299999969466	epochs	3.0
840.2026968435974	0.027103399999987232	epochs	2.0
840.2026968435974	0.013572800000019924	epochs	3.0
840.2162696435975	0.013530599999967308	epochs	3.0
840.2298002435974	0.02693520000002536	epochs	2.0
840.2298002435974	0.013488400000028378	epochs	3.0
840.2432886435975	0.013446799999996983	epochs	3.0
840.2567354435974	0.026769199999989723	epochs	2.0
840.2567354435974	0.013405199999965589	epochs	3.0
840.2701406435974	0.013364000000024134	epochs	3.0
840.2835046435974	0.026605199999949036	epochs	2.0
840.2835046435974	0.013322899999934634	epochs	3.0
840.2968275435974	0.013282300000014402	epochs	3.0
840.3101098435974	0.026443200000016986	epochs	2.0
840.3101098435974	0.013241699999980483	epochs	3.0
840.3233515435974	0.013201500000036503	epochs	3.0
840.3365530435974	0.0262831999999662	epochs	2.0
840.3365530435974	0.013161500000023807	epochs	3.0
840.3497145435974	0.013121699999942393	epochs	3.0
840.3628362435974	0.02612500000009277	epochs	2.0
840.3628362435974	0.013082100000019636	epochs	3.0
840.3759183435974	0.013042900000073132	epochs	3.0
840.3889612435975	0.025968899999952555	epochs	2.0
840.3889612435975	0.013003899999944224	epochs	3.0
840.4019651435974	0.012965000000008331	epochs	3.0
840.4149301435974	0.025814500000024054	epochs	2.0
840.4149301435974	0.012926399999969362	epochs	3.0
840.4278565435974	0.012888100000054692	epochs	3.0
840.4407446435974	0.025661899999931848	epochs	2.0
840.4407446435974	0.012849899999991976	epochs	3.0
840.4535945435974	0.012811999999939871	epochs	3.0
840.4664065435974	0.025511200000096323	epochs	2.0
840.4664065435974	0.012774400000012065	epochs	3.0
840.4791809435974	0.012736800000084258	epochs	3.0
840.4919177435975	0.025362299999983406	epochs	2.0
840.4919177435975	0.01269969999998466	epochs	3.0
840.5046174435975	0.012662599999998747	epochs	3.0
840.5172800435975	0.025215000000002874	epochs	2.0
840.5172800435975	0.01262579999990976	epochs	3.0
840.5299058435974	0.012589200000093115	epochs	3.0
840.5424950435975	0.024584799999956886	epochs	2.0
840.5662448435974	0.5	epochs	-1.0
840.5670798435974	0.9999199999999746	epochs	1.0
841.0662448435974	0.5	epochs	-1.0
846.5549998283386	0.07807999999999993	epochs	0.0
846.5549998283386	0.034042900000031295	epochs	1.0
846.5890427283387	0.009994199999937337	epochs	1.0
846.5990369283386	0.034042900000031295	epochs	1.0
846.6330798283386	2.0	epochs	0.0
848.6330798283386	5.382159999999999	epochs	0.0
848.6330798283386	1.0	epochs	1.0
848.6331248283386	0.5	epochs	-1.0
849.1331248283386	4.882114999999999	epochs	-1.0
849.6330798283386	4.382159999999999	epochs	1.0
849.6330798283386	4.356753899999944	epochs	-1.0
849.6330798283386	1.9745871999999736	epochs	2.0
849.6330798283386	1.0985621999999466	epochs	3.0
850.7316420283386	0.8760250000000269	epochs	3.0
851.6076670283386	1.3524075000000266	epochs	2.0
851.6076670283386	0.7286354999999958	epochs	3.0
852.3363025283386	0.6237720000000309	epochs	3.0
852.9600745283386	1.029759199999944	epochs	2.0
852.9600745283386	0.5453293000000485	epochs	3.0
853.5054038283387	0.4844298999998955	epochs	3.0
853.9898337283386	0.02540610000005472	epochs	2.0
853.9898337283386	0.02540610000005472	epochs	3.0
854.0152398283386	16.617759999999976	epochs	0.0
854.9379997253418	0.07807999999999993	epochs	0.0
854.9379997253418	0.034042900000031295	epochs	1.0
854.9720426253418	0.009994199999937337	epochs	1.0
854.9820368253418	0.034042900000031295	epochs	1.0
855.0160797253418	2.0	epochs	0.0
857.0160797253418	21.999919999999975	epochs	0.0
857.0160797253418	1.0	epochs	1.0
857.0161247253418	0.5	epochs	-1.0
857.5161247253418	19.999199999999973	epochs	-1.0
858.0160797253418	20.0	epochs	1.0
858.0160797253418	4.356753899999944	epochs	-1.0
858.0160797253418	1.9745871999999736	epochs	2.0
858.0160797253418	1.0985621999999466	epochs	3.0
859.1146419253417	0.8760250000000269	epochs	3.0
859.9906669253418	1.3524075000000266	epochs	2.0
859.9906669253418	0.7286354999999958	epochs	3.0
860.7193024253418	0.6237720000000309	epochs	3.0
861.3430744253418	1.029759199999944	epochs	2.0
861.3430744253418	0.5453293000000485	epochs	3.0
861.8884037253418	0.4844298999998955	epochs	3.0
862.3728336253417	0.8317862000000105	epochs	2.0
862.3728336253417	0.4357763000000432	epochs	3.0
862.8086099253418	0.3960098999999673	epochs	3.0
863.2046198253418	0.6977970000000369	epochs	2.0
863.2046198253418	0.3628982000000178	epochs	3.0
863.5675180253418	0.33489880000001904	epochs	3.0
863.9024168253418	0.601045699999986	epochs	2.0
863.9024168253418	0.3109123000000409	epochs	3.0
864.2133291253418	0.29013339999994514	epochs	3.0
864.5034625253418	0.5278859000000011	epochs	2.0
864.5034625253418	0.2719586000000618	epochs	3.0
864.7754211253418	0.25592729999993935	epochs	3.0
865.0313484253418	0.4706193000000667	epochs	2.0
865.0313484253418	0.241681299999982	epochs	3.0
865.2730297253418	0.22893800000008468	epochs	3.0
865.5019677253418	0.42457039999999324	epochs	2.0
865.5019677253418	0.2174713999999085	epochs	3.0
865.7194391253418	0.20709900000008474	epochs	3.0
865.9265381253418	0.3867353999999068	epochs	2.0
865.9265381253418	0.19767109999997956	epochs	3.0
866.1242092253418	0.18906429999992724	epochs	3.0
866.3132735253417	0.3550953000000163	epochs	2.0
866.3132735253417	0.18117590000008477	epochs	3.0
866.4944494253418	0.17391939999993156	epochs	3.0
866.6683688253418	0.3282431000000088	epochs	2.0
866.6683688253418	0.1672219000000723	epochs	3.0
866.8355907253418	0.16102119999993647	epochs	3.0
866.9966119253418	0.30516799999998057	epochs	2.0
866.9966119253418	0.15526390000002266	epochs	3.0
867.1518758253418	0.1499040999999579	epochs	3.0
867.3017799253417	0.28512530000000424	epochs	2.0
867.3017799253417	0.1449021000000812	epochs	3.0
867.4466820253418	0.14022319999992305	epochs	3.0
867.5869052253418	0.267553800000087	epochs	2.0
867.5869052253418	0.1358369000000721	epochs	3.0
867.7227421253418	0.1317169000000149	epochs	3.0
867.8544590253418	0.252022899999929	epochs	2.0
867.8544590253418	0.1278393000000051	epochs	3.0
867.9822983253418	0.1241835999999239	epochs	3.0
868.1064819253418	0.23819650000007186	epochs	2.0
868.1064819253418	0.12073110000005727	epochs	3.0
868.2272130253418	0.1174654000000146	epochs	3.0
868.3446784253418	0.2258087999999816	epochs	2.0
868.3446784253418	0.1143718999999237	epochs	3.0
868.4590503253418	0.1114369000000579	epochs	3.0
868.5704872253418	0.2146460000000161	epochs	2.0
868.5704872253418	0.10864889999993466	epochs	3.0
868.6791361253418	0.10599710000008145	epochs	3.0
868.7851332253418	0.20453499999996438	epochs	2.0
868.7851332253418	0.10347149999995509	epochs	3.0
868.8886047253418	0.1010635000000093	epochs	3.0
868.9896682253418	0.19533400000000256	epochs	2.0
868.9896682253418	0.09876510000003691	epochs	3.0
869.0884333253418	0.09656889999996565	epochs	3.0
869.1850022253418	0.18692529999998442	epochs	2.0
869.1850022253418	0.09446830000001682	epochs	3.0
869.2794705253418	0.09245699999996759	epochs	3.0
869.3719275253418	0.17921069999999872	epochs	2.0
869.3719275253418	0.09052959999996801	epochs	3.0
869.4624571253418	0.08868110000003071	epochs	3.0
869.5511382253418	0.17210769999996955	epochs	2.0
869.5511382253418	0.08690630000000965	epochs	3.0
869.6380445253418	0.0852013999999599	epochs	3.0
869.7232459253418	0.16554640000003928	epochs	2.0
869.7232459253418	0.08356190000006336	epochs	3.0
869.8068078253418	0.08198449999997592	epochs	3.0
869.8887923253418	0.15946710000002895	epochs	2.0
869.8887923253418	0.08046539999998004	epochs	3.0
869.9692577253418	0.07900170000004891	epochs	3.0
870.0482594253418	0.15381839999997737	epochs	2.0
870.0482594253418	0.07759009999995214	epochs	3.0
870.1258495253418	0.07622830000002523	epochs	3.0
870.2020778253418	0.14855639999996129	epochs	2.0
870.2020778253418	0.07491330000004837	epochs	3.0
870.2769911253419	0.07364309999991292	epochs	3.0
870.3506342253418	0.14364240000008976	epochs	2.0
870.3506342253418	0.07241499999997814	epochs	3.0
870.4230492253417	0.07122740000011163	epochs	3.0
870.4942766253419	0.13904309999998077	epochs	2.0
870.4942766253419	0.07007799999996678	epochs	3.0
870.5643546253418	0.06896510000001399	epochs	3.0
870.6333197253418	0.1347293000000036	epochs	2.0
870.6333197253418	0.0678871000000072	epochs	3.0
870.7012068253418	0.06684219999999641	epochs	3.0
870.7680490253418	0.13067519999992783	epochs	2.0
870.7680490253418	0.06582909999997355	epochs	3.0
870.8338781253418	0.06484609999995428	epochs	3.0
870.8987242253418	0.12685780000003888	epochs	2.0
870.8987242253418	0.06389200000000983	epochs	3.0
870.9626162253418	0.06296580000002905	epochs	3.0
871.0255820253418	0.12325720000001184	epochs	2.0
871.0255820253418	0.06206580000002759	epochs	3.0
871.0876478253418	0.06119139999998424	epochs	3.0
871.1488392253418	0.11985540000000583	epochs	2.0
871.1488392253418	0.060341099999959624	epochs	3.0
871.2091803253418	0.059514300000046205	epochs	3.0
871.2686946253418	0.11663620000001629	epochs	2.0
871.2686946253418	0.058709599999929196	epochs	3.0
871.3274042253418	0.05792660000008709	epochs	3.0
871.3853308253418	0.11358559999996487	epochs	2.0
871.3853308253418	0.05716419999998834	epochs	3.0
871.4424950253418	0.05642139999997653	epochs	3.0
871.4989164253418	0.11069050000003244	epochs	2.0
871.4989164253418	0.055697900000041045	epochs	3.0
871.5546143253418	0.0549925999999914	epochs	3.0
871.6096069253418	0.10793909999995321	epochs	2.0
871.6096069253418	0.05430489999992005	epochs	3.0
871.6639118253418	0.05363420000003316	epochs	3.0
871.7175460253418	0.10532150000005913	epochs	2.0
871.7175460253418	0.05298000000004777	epochs	3.0
871.7705260253418	0.052341500000011365	epochs	3.0
871.8228675253418	0.10282759999995505	epochs	2.0
871.8228675253418	0.051718099999902734	epochs	3.0
871.8745856253418	0.05110950000005232	epochs	3.0
871.9256951253418	0.10044909999999163	epochs	2.0
871.9256951253418	0.05051489999993919	epochs	3.0
871.9762100253417	0.04993420000005244	epochs	3.0
872.0261442253418	0.0981782999999723	epochs	2.0
872.0261442253418	0.04936659999998483	epochs	3.0
872.0755108253418	0.04881169999998747	epochs	3.0
872.1243225253418	0.09600780000005216	epochs	2.0
872.1243225253418	0.04826920000004975	epochs	3.0
872.1725917253418	0.04773860000000241	epochs	3.0
872.2203303253418	0.09393119999992905	epochs	2.0
872.2203303253418	0.04721949999998287	epochs	3.0
872.2675498253418	0.04671169999994618	epochs	3.0
872.3142615253417	0.09194260000003851	epochs	2.0
872.3142615253417	0.04621460000009847	epochs	3.0
872.3604761253418	0.04572799999994004	epochs	3.0
872.4062041253418	0.09003629999995155	epochs	2.0
872.4062041253418	0.04525150000006306	epochs	3.0
872.4514556253419	0.04478479999988849	epochs	3.0
872.4962404253417	0.08820760000003247	epochs	2.0
872.4962404253417	0.044327800000019124	epochs	3.0
872.5405682253418	0.04387980000001335	epochs	3.0
872.5844480253418	0.0864516999999978	epochs	2.0
872.5844480253418	0.04344100000002982	epochs	3.0
872.6278890253418	0.04301069999996798	epochs	3.0
872.6708997253418	0.0847643000000744	epochs	2.0
872.6708997253418	0.04258900000002086	epochs	3.0
872.7134887253418	0.04217530000005354	epochs	3.0
872.7556640253418	0.08314149999989695	epochs	2.0
872.7556640253418	0.041769699999917975	epochs	3.0
872.7974337253418	0.041371799999978975	epochs	3.0
872.8388055253417	0.08157970000002024	epochs	2.0
872.8388055253417	0.04098140000007788	epochs	3.0
872.8797869253418	0.040598299999942355	epochs	3.0
872.9203852253418	0.08007550000002084	epochs	2.0
872.9203852253418	0.04022229999998217	epochs	3.0
872.9606075253417	0.03985320000003867	epochs	3.0
873.0004607253418	0.07862569999997504	epochs	2.0
873.0004607253418	0.039490800000066884	epochs	3.0
873.0399515253418	0.03913489999990816	epochs	3.0
873.0790864253418	0.07722760000001472	epochs	2.0
873.0790864253418	0.038785400000051595	epochs	3.0
873.1178718253418	0.03844219999996312	epochs	3.0
873.1563140253418	0.07587820000003376	epochs	2.0
873.1563140253418	0.038104800000041905	epochs	3.0
873.1944188253418	0.03777339999999185	epochs	3.0
873.2321922253418	0.0745752000000266	epochs	2.0
873.2321922253418	0.03744770000002973	epochs	3.0
873.2696399253418	0.03712749999999687	epochs	3.0
873.3067674253418	0.07331629999998768	epochs	2.0
873.3067674253418	0.036812899999972615	epochs	3.0
873.3435803253418	0.03650340000001506	epochs	3.0
873.3800837253418	0.07209899999998015	epochs	2.0
873.3800837253418	0.03619909999997617	epochs	3.0
873.4162828253418	0.03589990000000398	epochs	3.0
873.4521827253418	0.07092169999998532	epochs	2.0
873.4521827253418	0.03560560000005353	epochs	3.0
873.4877883253419	0.035316099999931794	epochs	3.0
873.5231044253418	0.06978200000003199	epochs	2.0
873.5231044253418	0.03503120000004856	epochs	3.0
873.5581356253418	0.03475079999998343	epochs	3.0
873.5928864253418	0.06867859999999837	epochs	2.0
873.5928864253418	0.03447510000000875	epochs	3.0
873.6273615253418	0.03420349999998962	epochs	3.0
873.6615650253418	0.06760929999995824	epochs	2.0
873.6615650253418	0.033936199999970995	epochs	3.0
873.6955012253418	0.033673099999987244	epochs	3.0
873.7291743253418	0.06657289999998284	epochs	2.0
873.7291743253418	0.03341399999999339	epochs	3.0
873.7625883253418	0.033158899999989444	epochs	3.0
873.7957472253418	0.06556780000005347	epochs	2.0
873.7957472253418	0.032907700000009754	epochs	3.0
873.8286549253418	0.03266010000004371	epochs	3.0
873.8613150253418	0.06459259999996902	epochs	2.0
873.8613150253418	0.032416399999988244	epochs	3.0
873.8937314253418	0.03217619999998078	epochs	3.0
873.9259076253418	0.06364600000006249	epochs	2.0
873.9259076253418	0.03193959999998697	epochs	3.0
873.9578472253418	0.03170640000007552	epochs	3.0
873.9895536253418	0.0627266999999847	epochs	2.0
873.9895536253418	0.031476599999905375	epochs	3.0
874.0210302253417	0.03125010000007933	epochs	3.0
874.0522803253418	0.06183359999999993	epochs	2.0
874.0522803253418	0.03102689999991526	epochs	3.0
874.0833072253417	0.030806700000084675	epochs	3.0
874.1141139253418	0.060965599999917686	epochs	2.0
874.1141139253418	0.030589799999916067	epochs	3.0
874.1447037253417	0.030375800000001618	epochs	3.0
874.1750795253417	0.06012160000000222	epochs	2.0
874.1750795253417	0.030164900000045236	epochs	3.0
874.2052444253418	0.02995669999995698	epochs	3.0
874.2352011253417	0.05930069999999432	epochs	2.0
874.2352011253417	0.029751600000054168	epochs	3.0
874.2649527253418	0.029549099999940154	epochs	3.0
874.2945018253417	0.05850180000004457	epochs	2.0
874.2945018253417	0.02934940000000097	epochs	3.0
874.3238512253417	0.0291524000000436	epochs	3.0
874.3530036253418	0.057724200000052406	epochs	2.0
874.3530036253418	0.028957999999988715	epochs	3.0
874.3819616253418	0.02876620000006369	epochs	3.0
874.4107278253418	0.05696709999995164	epochs	2.0
874.4107278253418	0.028576999999927466	epochs	3.0
874.4393048253418	0.028390100000024177	epochs	3.0
874.4676949253418	0.05622949999997218	epochs	2.0
874.4676949253418	0.028205700000057732	epochs	3.0
874.4959006253418	0.028023799999914445	epochs	3.0
874.5239244253418	0.05551070000001346	epochs	2.0
874.5239244253418	0.02784400000007281	epochs	3.0
874.5517684253418	0.027666699999940647	epochs	3.0
874.5794351253418	0.054810200000019904	epochs	2.0
874.5794351253418	0.02749149999999645	epochs	3.0
874.6069266253418	0.027318700000023455	epochs	3.0
874.6342453253418	0.05412699999999404	epochs	2.0
874.6342453253418	0.027147799999966082	epochs	3.0
874.6613931253418	0.02697920000002796	epochs	3.0
874.6883723253418	0.053460699999959616	epochs	2.0
874.6883723253418	0.0268125999999711	epochs	3.0
874.7151849253418	0.026648099999988517	epochs	3.0
874.7418330253417	0.05281070000000909	epochs	2.0
874.7418330253417	0.026485600000000886	epochs	3.0
874.7683186253417	0.026325100000008206	epochs	3.0
874.7946437253418	0.05217620000007628	epochs	2.0
874.7946437253418	0.026166400000079193	epochs	3.0
874.8208101253418	0.026009799999997085	epochs	3.0
874.8468199253418	0.051556699999991906	epochs	2.0
874.8468199253418	0.025854799999933675	epochs	3.0
874.8726747253418	0.02570190000005823	epochs	3.0
874.8983766253418	0.05095189999997274	epochs	2.0
874.8983766253418	0.025550699999939752	epochs	3.0
874.9239273253418	0.025401200000032986	epochs	3.0
874.9493285253418	0.05036099999995258	epochs	2.0
874.9493285253418	0.025253499999962514	epochs	3.0
874.9745820253418	0.02510749999999007	epochs	3.0
874.9996895253418	0.049783800000000156	epochs	2.0
874.9996895253418	0.02496320000000196	epochs	3.0
875.0246527253418	0.024820599999998194	epochs	3.0
875.0494733253418	0.049219500000049266	epochs	2.0
875.0494733253418	0.02467940000008184	epochs	3.0
875.0741527253418	0.024540099999967424	epochs	3.0
875.0986928253418	0.048667899999941255	epochs	2.0
875.0986928253418	0.02440209999997478	epochs	3.0
875.1230949253418	0.024265799999966475	epochs	3.0
875.1473607253417	0.04812860000004093	epochs	2.0
875.1473607253417	0.024131000000011227	epochs	3.0
875.1714917253418	0.023997600000029706	epochs	3.0
875.1954893253418	0.047601100000065344	epochs	2.0
875.1954893253418	0.023865800000066884	epochs	3.0
875.2193551253418	0.02373529999999846	epochs	3.0
875.2430904253418	0.04708499999992455	epochs	2.0
875.2430904253418	0.023606299999983094	epochs	3.0
875.2666967253418	0.023478699999941455	epochs	3.0
875.2901754253418	0.04658000000006268	epochs	2.0
875.2901754253418	0.02335249999998723	epochs	3.0
875.3135279253418	0.02322750000007545	epochs	3.0
875.3367554253418	0.04608569999993506	epochs	2.0
875.3367554253418	0.023103999999989355	epochs	3.0
875.3598594253418	0.022981699999945704	epochs	3.0
875.3828411253418	0.045601799999985815	epochs	2.0
875.3828411253418	0.022860700000023826	epochs	3.0
875.4057018253418	0.02274109999996199	epochs	3.0
875.4284429253418	0.04512790000001132	epochs	2.0
875.4284429253418	0.022622500000011314	epochs	3.0
875.4510654253418	0.02250540000000001	epochs	3.0
875.4735708253418	0.0446638000000803	epochs	2.0
875.4735708253418	0.02238929999998618	epochs	3.0
875.4959601253418	0.022274500000094122	epochs	3.0
875.5182346253418	0.04420919999995476	epochs	2.0
875.5182346253418	0.022160799999937808	epochs	3.0
875.5403954253418	0.022048400000016954	epochs	3.0
875.5624438253418	0.043763600000033875	epochs	2.0
875.5624438253418	0.021936900000014248	epochs	3.0
875.5843807253418	0.021826700000019628	epochs	3.0
875.6062074253418	0.04332709999994222	epochs	2.0
875.6062074253418	0.021717599999988124	epochs	3.0
875.6279250253418	0.021609499999954096	epochs	3.0
875.6495345253418	0.04289900000003399	epochs	2.0
875.6495345253418	0.02150249999999687	epochs	3.0
875.6710370253418	0.021396500000037122	epochs	3.0
875.6924335253418	0.042479500000013104	epochs	2.0
875.6924335253418	0.02129170000000613	epochs	3.0
875.7137252253418	0.021187800000006973	epochs	3.0
875.7349130253418	0.042067900000006375	epochs	2.0
875.7349130253418	0.02108490000000529	epochs	3.0
875.7559979253418	0.020983000000001084	epochs	3.0
875.7769809253418	0.04166439999994509	epochs	2.0
875.7769809253418	0.020882199999959994	epochs	3.0
875.7978631253418	0.020782199999985096	epochs	3.0
875.8186453253418	0.04126850000000104	epochs	2.0
875.8186453253418	0.020683299999973315	epochs	3.0
875.8393286253418	0.020585200000027726	epochs	3.0
875.8599138253418	0.04088000000001557	epochs	2.0
875.8599138253418	0.020488099999965925	epochs	3.0
875.8804019253417	0.020391900000049645	epochs	3.0
875.9007938253418	0.04049880000002304	epochs	2.0
875.9007938253418	0.020296600000051512	epochs	3.0
875.9210904253418	0.020202199999971526	epochs	3.0
875.9412926253418	0.04012460000001283	epochs	2.0
875.9412926253418	0.020108699999923374	epochs	3.0
875.9614013253417	0.02001590000008946	epochs	3.0
875.9814172253418	0.03975730000001931	epochs	2.0
875.9814172253418	0.019924199999991288	epochs	3.0
876.0013414253418	0.019833100000028026	epochs	3.0
876.0211745253418	0.03939669999999751	epochs	2.0
876.0211745253418	0.01974299999994855	epochs	3.0
876.0409175253418	0.019653700000048957	epochs	3.0
876.0605712253418	0.03904239999997117	epochs	2.0
876.0605712253418	0.019565099999908853	epochs	3.0
876.0801363253418	0.019477300000062314	epochs	3.0
876.0996136253418	0.03869459999998526	epochs	2.0
876.0996136253418	0.019390400000020236	epochs	3.0
876.1190040253418	0.01930419999996502	epochs	3.0
876.1383082253418	0.03835289999994984	epochs	2.0
876.1383082253418	0.019218799999976	epochs	3.0
876.1575270253418	0.01913409999997384	epochs	3.0
876.1766611253418	0.03801720000001296	epochs	2.0
876.1766611253418	0.019050200000037876	epochs	3.0
876.1957113253418	0.018966999999975087	epochs	3.0
876.2146783253418	0.037687200000050325	epochs	2.0
876.2146783253418	0.01888450000001285	epochs	3.0
876.2335628253418	0.018802700000037476	epochs	3.0
876.2523655253418	0.03736309999999321	epochs	2.0
876.2523655253418	0.018721700000014607	epochs	3.0
876.2710872253418	0.018641399999978603	epochs	3.0
876.2897286253418	0.03704429999993408	epochs	2.0
876.2897286253418	0.01856159999999818	epochs	3.0
876.3082902253418	0.018482699999935903	epochs	3.0
876.3267729253417	0.0367310000000316	epochs	2.0
876.3267729253417	0.018404300000042895	epochs	3.0
876.3451772253418	0.018326699999988705	epochs	3.0
876.3635039253418	0.036422900000047775	epochs	2.0
876.3635039253418	0.018249599999990096	epochs	3.0
876.3817535253418	0.01817330000005768	epochs	3.0
876.3999268253418	0.03612009999994825	epochs	2.0
876.3999268253418	0.0180976000000328	epochs	3.0
876.4180244253419	0.018022499999915453	epochs	3.0
876.4360469253418	0.03582210000001851	epochs	2.0
876.4360469253418	0.017947900000081063	epochs	3.0
876.4539948253419	0.017874199999937446	epochs	3.0
876.4718690253418	0.03552899999999681	epochs	2.0
876.4718690253418	0.017800800000031813	epochs	3.0
876.4896698253418	0.017728199999965	epochs	3.0
876.5073980253418	0.03524070000003121	epochs	2.0
876.5073980253418	0.017656099999953767	epochs	3.0
876.5250541253417	0.017584600000077444	epochs	3.0
876.5426387253418	0.03495709999992869	epochs	2.0
876.5426387253418	0.01751369999999497	epochs	3.0
876.5601524253418	0.017443399999933717	epochs	3.0
876.5775958253417	0.03467790000001969	epochs	2.0
876.5775958253417	0.017373600000041733	epochs	3.0
876.5949694253418	0.017304299999977957	epochs	3.0
876.6122737253418	0.03440330000000813	epochs	2.0
876.6122737253418	0.01723570000001473	epochs	3.0
876.6295094253418	0.0171675999999934	epochs	3.0
876.6466770253418	0.0341328000000658	epochs	2.0
876.6466770253418	0.017099900000062007	epochs	3.0
876.6637769253418	0.017032900000003792	epochs	3.0
876.6808098253418	0.033866699999975935	epochs	2.0
876.6808098253418	0.01696640000000116	epochs	3.0
876.6977762253418	0.016900299999974777	epochs	3.0
876.7146765253418	0.03360459999998966	epochs	2.0
876.7146765253418	0.01683479999996962	epochs	3.0
876.7315113253418	0.01676980000002004	epochs	3.0
876.7482811253418	0.033346599999958926	epochs	2.0
876.7482811253418	0.016705300000012357	epochs	3.0
876.7649864253418	0.01664129999994657	epochs	3.0
876.7816277253418	0.03309250000006614	epochs	2.0
876.7816277253418	0.016577800000050047	epochs	3.0
876.7982055253418	0.01651470000001609	epochs	3.0
876.8147202253418	0.03284229999997024	epochs	2.0
876.8147202253418	0.01645220000000336	epochs	3.0
876.8311724253418	0.01639009999996688	epochs	3.0
876.8475625253418	0.03259570000000167	epochs	2.0
876.8475625253418	0.016328400000020338	epochs	3.0
876.8638909253418	0.016267299999981333	epochs	3.0
876.8801582253418	0.032352899999978035	epochs	2.0
876.8801582253418	0.016206600000032267	epochs	3.0
876.8963648253418	0.016146299999945768	epochs	3.0
876.9125111253418	0.03211369999996805	epochs	2.0
876.9125111253418	0.016086599999994178	epochs	3.0
876.9285977253418	0.01602709999997387	epochs	3.0
876.9446248253417	0.03187800000000607	epochs	2.0
876.9446248253417	0.015968200000088473	epochs	3.0
876.9605930253418	0.015909799999917595	epochs	3.0
876.9765028253418	0.031645700000012766	epochs	2.0
876.9765028253418	0.01585160000001906	epochs	3.0
876.9923544253418	0.015794099999993705	epochs	3.0
877.0081485253418	0.0314167000000225	epochs	2.0
877.0081485253418	0.015736700000047676	epochs	3.0
877.0238852253418	0.015679999999974825	epochs	3.0
877.0395652253418	0.031191100000000915	epochs	2.0
877.0395652253418	0.015623600000026272	epochs	3.0
877.0551888253418	0.015567499999974643	epochs	3.0
877.0707563253418	0.030968700000016725	epochs	2.0
877.0707563253418	0.015512000000057924	epochs	3.0
877.0862683253418	0.0154566999999588	epochs	3.0
877.1017250253418	0.030749499999956242	epochs	2.0
877.1017250253418	0.015401999999994587	epochs	3.0
877.1171270253418	0.015347499999961656	epochs	3.0
877.1324745253418	0.03053320000003623	epochs	2.0
877.1324745253418	0.015293400000018664	epochs	3.0
877.1477679253418	0.015239800000017567	epochs	3.0
877.1630077253418	0.03032010000003993	epochs	2.0
877.1630077253418	0.015186500000027081	epochs	3.0
877.1781942253418	0.015133600000012848	epochs	3.0
877.1933278253418	0.030109899999956724	epochs	2.0
877.1933278253418	0.015081000000009226	epochs	3.0
877.2084088253418	0.015028899999947498	epochs	3.0
877.2234377253418	0.02990250000004835	epochs	2.0
877.2234377253418	0.014977000000044427	epochs	3.0
877.2384147253418	0.014925500000003922	epochs	3.0
877.2533402253418	0.029698099999905025	epochs	2.0
877.2533402253418	0.01487439999993967	epochs	3.0
877.2682146253418	0.014823699999965356	epochs	3.0
877.2830383253417	0.02949630000000525	epochs	2.0
877.2830383253417	0.014773200000036013	epochs	3.0
877.2978115253418	0.014723099999969236	epochs	3.0
877.3125346253418	0.02929740000001857	epochs	2.0
877.3125346253418	0.014673399999992398	epochs	3.0
877.3272080253417	0.014624000000026172	epochs	3.0
877.3418320253418	0.029101100000048064	epochs	2.0
877.3418320253418	0.014574900000070556	epochs	3.0
877.3564069253418	0.014526199999977507	epochs	3.0
877.3709331253418	0.028907399999980044	epochs	2.0
877.3709331253418	0.014477699999929428	epochs	3.0
877.3854108253418	0.014429700000050616	epochs	3.0
877.3998405253418	0.028716199999962555	epochs	2.0
877.3998405253418	0.014381800000023759	epochs	3.0
877.4142223253418	0.014334399999938796	epochs	3.0
877.4285567253418	0.028527600000074926	epochs	2.0
877.4285567253418	0.01428720000001249	epochs	3.0
877.4428439253418	0.014240400000062436	epochs	3.0
877.4570843253418	0.028341399999931127	epochs	2.0
877.4570843253418	0.014193799999929979	epochs	3.0
877.4712781253418	0.014147600000001148	epochs	3.0
877.4854257253418	0.028157700000065233	epochs	2.0
877.4854257253418	0.014101699999969242	epochs	3.0
877.4995274253417	0.014056000000095992	epochs	3.0
877.5135834253418	0.027976299999977527	epochs	2.0
877.5135834253418	0.01401060000000598	epochs	3.0
877.5275940253418	0.013965699999971548	epochs	3.0
877.5415597253418	0.02779720000000907	epochs	2.0
877.5415597253418	0.013920799999937117	epochs	3.0
877.5554805253417	0.013876400000071953	epochs	3.0
877.5693569253418	0.027620399999932488	epochs	2.0
877.5693569253418	0.013832200000024386	epochs	3.0
877.5831891253418	0.013788199999908102	epochs	3.0
877.5969773253418	0.02744590000008884	epochs	2.0
877.5969773253418	0.013744599999995444	epochs	3.0
877.6107219253417	0.013701300000093397	epochs	3.0
877.6244232253418	0.027273499999978412	epochs	2.0
877.6244232253418	0.013658200000008947	epochs	3.0
877.6380814253419	0.013615299999969466	epochs	3.0
877.6516967253418	0.027103399999987232	epochs	2.0
877.6516967253418	0.013572800000019924	epochs	3.0
877.6652695253418	0.013530599999967308	epochs	3.0
877.6788001253418	0.02693520000002536	epochs	2.0
877.6788001253418	0.013488400000028378	epochs	3.0
877.6922885253418	0.013446799999996983	epochs	3.0
877.7057353253418	0.026769199999989723	epochs	2.0
877.7057353253418	0.013405199999965589	epochs	3.0
877.7191405253418	0.013364000000024134	epochs	3.0
877.7325045253418	0.026605199999949036	epochs	2.0
877.7325045253418	0.013322899999934634	epochs	3.0
877.7458274253418	0.013282300000014402	epochs	3.0
877.7591097253418	0.026443200000016986	epochs	2.0
877.7591097253418	0.013241699999980483	epochs	3.0
877.7723514253418	0.013201500000036503	epochs	3.0
877.7855529253418	0.0262831999999662	epochs	2.0
877.7855529253418	0.013161500000023807	epochs	3.0
877.7987144253418	0.013121699999942393	epochs	3.0
877.8118361253418	0.02612500000009277	epochs	2.0
877.8118361253418	0.013082100000019636	epochs	3.0
877.8249182253418	0.013042900000073132	epochs	3.0
877.8379611253418	0.025968899999952555	epochs	2.0
877.8379611253418	0.013003899999944224	epochs	3.0
877.8509650253418	0.012965000000008331	epochs	3.0
877.8639300253418	0.025814500000024054	epochs	2.0
877.8639300253418	0.012926399999969362	epochs	3.0
877.8768564253418	0.012888100000054692	epochs	3.0
877.8897445253418	0.025661899999931848	epochs	2.0
877.8897445253418	0.012849899999991976	epochs	3.0
877.9025944253418	0.012811999999939871	epochs	3.0
877.9154064253418	0.025511200000096323	epochs	2.0
877.9154064253418	0.012774400000012065	epochs	3.0
877.9281808253418	0.012736800000084258	epochs	3.0
877.9409176253419	0.025362299999983406	epochs	2.0
877.9409176253419	0.01269969999998466	epochs	3.0
877.9536173253418	0.012662599999998747	epochs	3.0
877.9662799253418	0.025215000000002874	epochs	2.0
877.9662799253418	0.01262579999990976	epochs	3.0
877.9789057253417	0.012589200000093115	epochs	3.0
877.9914949253418	0.024584799999956886	epochs	2.0
878.0153247253418	0.5	epochs	-1.0
878.0160797253418	0.9999199999999746	epochs	1.0
878.5153247253418	0.5	epochs	-1.0
880.0569996833801	0.07807999999999993	epochs	0.0
880.0569996833801	0.034042900000031295	epochs	1.0
880.0910425833802	0.009994199999937337	epochs	1.0
880.1010367833801	0.034042900000031295	epochs	1.0
880.1350796833801	2.0	epochs	0.0
882.1350796833801	0.541439999999966	epochs	0.0
882.1350796833801	0.541439999999966	epochs	1.0
882.1351246833801	0.5	epochs	-1.0
882.6351246833801	0.041394999999965876	epochs	-1.0
882.6765196833801	21.45848000000001	epochs	0.0
883.8239998817444	0.07807999999999993	epochs	0.0
883.8239998817444	0.034042900000031295	epochs	1.0
883.8580427817444	0.009994199999937337	epochs	1.0
883.8680369817444	0.034042900000031295	epochs	1.0
883.9020798817444	2.0	epochs	0.0
885.9020798817444	21.501520000000028	epochs	0.0
885.9020798817444	1.0	epochs	1.0
885.9021248817444	0.5	epochs	-1.0
886.4021248817444	19.999199999999973	epochs	-1.0
886.9020798817444	20.0	epochs	1.0
886.9020798817444	4.356753899999944	epochs	-1.0
886.9020798817444	1.9745871999999736	epochs	2.0
886.9020798817444	1.0985621999999466	epochs	3.0
888.0006420817443	0.8760250000000269	epochs	3.0
888.8766670817444	1.3524075000000266	epochs	2.0
888.8766670817444	0.7286354999999958	epochs	3.0
889.6053025817444	0.6237720000000309	epochs	3.0
890.2290745817444	1.029759199999944	epochs	2.0
890.2290745817444	0.5453293000000485	epochs	3.0
890.7744038817444	0.4844298999998955	epochs	3.0
891.2588337817443	0.8317862000000105	epochs	2.0
891.2588337817443	0.4357763000000432	epochs	3.0
891.6946100817444	0.3960098999999673	epochs	3.0
892.0906199817443	0.6977970000000369	epochs	2.0
892.0906199817443	0.3628982000000178	epochs	3.0
892.4535181817444	0.33489880000001904	epochs	3.0
892.7884169817444	0.601045699999986	epochs	2.0
892.7884169817444	0.3109123000000409	epochs	3.0
893.0993292817444	0.29013339999994514	epochs	3.0
893.3894626817444	0.5278859000000011	epochs	2.0
893.3894626817444	0.2719586000000618	epochs	3.0
893.6614212817444	0.25592729999993935	epochs	3.0
893.9173485817444	0.4706193000000667	epochs	2.0
893.9173485817444	0.241681299999982	epochs	3.0
894.1590298817443	0.22893800000008468	epochs	3.0
894.3879678817444	0.42457039999999324	epochs	2.0
894.3879678817444	0.2174713999999085	epochs	3.0
894.6054392817443	0.20709900000008474	epochs	3.0
894.8125382817444	0.3867353999999068	epochs	2.0
894.8125382817444	0.19767109999997956	epochs	3.0
895.0102093817444	0.18906429999992724	epochs	3.0
895.1992736817443	0.3550953000000163	epochs	2.0
895.1992736817443	0.18117590000008477	epochs	3.0
895.3804495817444	0.17391939999993156	epochs	3.0
895.5543689817443	0.3282431000000088	epochs	2.0
895.5543689817443	0.1672219000000723	epochs	3.0
895.7215908817444	0.16102119999993647	epochs	3.0
895.8826120817444	0.30516799999998057	epochs	2.0
895.8826120817444	0.15526390000002266	epochs	3.0
896.0378759817444	0.1499040999999579	epochs	3.0
896.1877800817443	0.28512530000000424	epochs	2.0
896.1877800817443	0.1449021000000812	epochs	3.0
896.3326821817444	0.14022319999992305	epochs	3.0
896.4729053817443	0.267553800000087	epochs	2.0
896.4729053817443	0.1358369000000721	epochs	3.0
896.6087422817444	0.1317169000000149	epochs	3.0
896.7404591817444	0.252022899999929	epochs	2.0
896.7404591817444	0.1278393000000051	epochs	3.0
896.8682984817444	0.1241835999999239	epochs	3.0
896.9924820817444	0.23819650000007186	epochs	2.0
896.9924820817444	0.12073110000005727	epochs	3.0
897.1132131817444	0.1174654000000146	epochs	3.0
897.2306785817444	0.2258087999999816	epochs	2.0
897.2306785817444	0.1143718999999237	epochs	3.0
897.3450504817444	0.1114369000000579	epochs	3.0
897.4564873817444	0.2146460000000161	epochs	2.0
897.4564873817444	0.10864889999993466	epochs	3.0
897.5651362817443	0.10599710000008145	epochs	3.0
897.6711333817444	0.20453499999996438	epochs	2.0
897.6711333817444	0.10347149999995509	epochs	3.0
897.7746048817444	0.1010635000000093	epochs	3.0
897.8756683817444	0.19533400000000256	epochs	2.0
897.8756683817444	0.09876510000003691	epochs	3.0
897.9744334817444	0.09656889999996565	epochs	3.0
898.0710023817444	0.18692529999998442	epochs	2.0
898.0710023817444	0.09446830000001682	epochs	3.0
898.1654706817444	0.09245699999996759	epochs	3.0
898.2579276817444	0.17921069999999872	epochs	2.0
898.2579276817444	0.09052959999996801	epochs	3.0
898.3484572817443	0.08868110000003071	epochs	3.0
898.4371383817444	0.17210769999996955	epochs	2.0
898.4371383817444	0.08690630000000965	epochs	3.0
898.5240446817444	0.0852013999999599	epochs	3.0
898.6092460817443	0.16554640000003928	epochs	2.0
898.6092460817443	0.08356190000006336	epochs	3.0
898.6928079817444	0.08198449999997592	epochs	3.0
898.7747924817444	0.15946710000002895	epochs	2.0
898.7747924817444	0.08046539999998004	epochs	3.0
898.8552578817444	0.07900170000004891	epochs	3.0
898.9342595817444	0.15381839999997737	epochs	2.0
898.9342595817444	0.07759009999995214	epochs	3.0
899.0118496817444	0.07622830000002523	epochs	3.0
899.0880779817444	0.14855639999996129	epochs	2.0
899.0880779817444	0.07491330000004837	epochs	3.0
899.1629912817444	0.07364309999991292	epochs	3.0
899.2366343817444	0.14364240000008976	epochs	2.0
899.2366343817444	0.07241499999997814	epochs	3.0
899.3090493817443	0.07122740000011163	epochs	3.0
899.3802767817444	0.13904309999998077	epochs	2.0
899.3802767817444	0.07007799999996678	epochs	3.0
899.4503547817444	0.06896510000001399	epochs	3.0
899.5193198817444	0.1347293000000036	epochs	2.0
899.5193198817444	0.0678871000000072	epochs	3.0
899.5872069817444	0.06684219999999641	epochs	3.0
899.6540491817444	0.13067519999992783	epochs	2.0
899.6540491817444	0.06582909999997355	epochs	3.0
899.7198782817444	0.06484609999995428	epochs	3.0
899.7847243817444	0.12685780000003888	epochs	2.0
899.7847243817444	0.06389200000000983	epochs	3.0
899.8486163817444	0.06296580000002905	epochs	3.0
899.9115821817444	0.12325720000001184	epochs	2.0
899.9115821817444	0.06206580000002759	epochs	3.0
899.9736479817444	0.06119139999998424	epochs	3.0
900.0348393817444	0.11985540000000583	epochs	2.0
900.0348393817444	0.060341099999959624	epochs	3.0
900.0951804817444	0.059514300000046205	epochs	3.0
900.1546947817444	0.11663620000001629	epochs	2.0
900.1546947817444	0.058709599999929196	epochs	3.0
900.2134043817443	0.05792660000008709	epochs	3.0
900.2713309817444	0.11358559999996487	epochs	2.0
900.2713309817444	0.05716419999998834	epochs	3.0
900.3284951817444	0.05642139999997653	epochs	3.0
900.3849165817444	0.11069050000003244	epochs	2.0
900.3849165817444	0.055697900000041045	epochs	3.0
900.4406144817444	0.0549925999999914	epochs	3.0
900.4956070817444	0.10793909999995321	epochs	2.0
900.4956070817444	0.05430489999992005	epochs	3.0
900.5499119817443	0.05363420000003316	epochs	3.0
900.6035461817444	0.10532150000005913	epochs	2.0
900.6035461817444	0.05298000000004777	epochs	3.0
900.6565261817444	0.052341500000011365	epochs	3.0
900.7088676817444	0.10282759999995505	epochs	2.0
900.7088676817444	0.051718099999902734	epochs	3.0
900.7605857817443	0.05110950000005232	epochs	3.0
900.8116952817444	0.10044909999999163	epochs	2.0
900.8116952817444	0.05051489999993919	epochs	3.0
900.8622101817443	0.04993420000005244	epochs	3.0
900.9121443817444	0.0981782999999723	epochs	2.0
900.9121443817444	0.04936659999998483	epochs	3.0
900.9615109817444	0.04881169999998747	epochs	3.0
901.0103226817444	0.09600780000005216	epochs	2.0
901.0103226817444	0.04826920000004975	epochs	3.0
901.0585918817444	0.04773860000000241	epochs	3.0
901.1063304817444	0.09393119999992905	epochs	2.0
901.1063304817444	0.04721949999998287	epochs	3.0
901.1535499817444	0.04671169999994618	epochs	3.0
901.2002616817443	0.09194260000003851	epochs	2.0
901.2002616817443	0.04621460000009847	epochs	3.0
901.2464762817444	0.04572799999994004	epochs	3.0
901.2922042817444	0.09003629999995155	epochs	2.0
901.2922042817444	0.04525150000006306	epochs	3.0
901.3374557817444	0.04478479999988849	epochs	3.0
901.3822405817443	0.08820760000003247	epochs	2.0
901.3822405817443	0.044327800000019124	epochs	3.0
901.4265683817443	0.04387980000001335	epochs	3.0
901.4704481817444	0.0864516999999978	epochs	2.0
901.4704481817444	0.04344100000002982	epochs	3.0
901.5138891817444	0.04301069999996798	epochs	3.0
901.5568998817444	0.0847643000000744	epochs	2.0
901.5568998817444	0.04258900000002086	epochs	3.0
901.5994888817444	0.04217530000005354	epochs	3.0
901.6416641817444	0.08314149999989695	epochs	2.0
901.6416641817444	0.041769699999917975	epochs	3.0
901.6834338817443	0.041371799999978975	epochs	3.0
901.7248056817443	0.08157970000002024	epochs	2.0
901.7248056817443	0.04098140000007788	epochs	3.0
901.7657870817444	0.040598299999942355	epochs	3.0
901.8063853817443	0.08007550000002084	epochs	2.0
901.8063853817443	0.04022229999998217	epochs	3.0
901.8466076817443	0.03985320000003867	epochs	3.0
901.8864608817444	0.07862569999997504	epochs	2.0
901.8864608817444	0.039490800000066884	epochs	3.0
901.9259516817444	0.03913489999990816	epochs	3.0
901.9650865817443	0.07722760000001472	epochs	2.0
901.9650865817443	0.038785400000051595	epochs	3.0
902.0038719817444	0.03844219999996312	epochs	3.0
902.0423141817444	0.07587820000003376	epochs	2.0
902.0423141817444	0.038104800000041905	epochs	3.0
902.0804189817444	0.03777339999999185	epochs	3.0
902.1181923817444	0.0745752000000266	epochs	2.0
902.1181923817444	0.03744770000002973	epochs	3.0
902.1556400817444	0.03712749999999687	epochs	3.0
902.1927675817444	0.07331629999998768	epochs	2.0
902.1927675817444	0.036812899999972615	epochs	3.0
902.2295804817444	0.03650340000001506	epochs	3.0
902.2660838817444	0.07209899999998015	epochs	2.0
902.2660838817444	0.03619909999997617	epochs	3.0
902.3022829817444	0.03589990000000398	epochs	3.0
902.3381828817444	0.07092169999998532	epochs	2.0
902.3381828817444	0.03560560000005353	epochs	3.0
902.3737884817444	0.035316099999931794	epochs	3.0
902.4091045817444	0.06978200000003199	epochs	2.0
902.4091045817444	0.03503120000004856	epochs	3.0
902.4441357817444	0.03475079999998343	epochs	3.0
902.4788865817444	0.06867859999999837	epochs	2.0
902.4788865817444	0.03447510000000875	epochs	3.0
902.5133616817444	0.03420349999998962	epochs	3.0
902.5475651817444	0.06760929999995824	epochs	2.0
902.5475651817444	0.033936199999970995	epochs	3.0
902.5815013817444	0.033673099999987244	epochs	3.0
902.6151744817444	0.06657289999998284	epochs	2.0
902.6151744817444	0.03341399999999339	epochs	3.0
902.6485884817444	0.033158899999989444	epochs	3.0
902.6817473817443	0.06556780000005347	epochs	2.0
902.6817473817443	0.032907700000009754	epochs	3.0
902.7146550817444	0.03266010000004371	epochs	3.0
902.7473151817444	0.06459259999996902	epochs	2.0
902.7473151817444	0.032416399999988244	epochs	3.0
902.7797315817444	0.03217619999998078	epochs	3.0
902.8119077817444	0.06364600000006249	epochs	2.0
902.8119077817444	0.03193959999998697	epochs	3.0
902.8438473817444	0.03170640000007552	epochs	3.0
902.8755537817444	0.0627266999999847	epochs	2.0
902.8755537817444	0.031476599999905375	epochs	3.0
902.9070303817443	0.03125010000007933	epochs	3.0
902.9382804817444	0.06183359999999993	epochs	2.0
902.9382804817444	0.03102689999991526	epochs	3.0
902.9693073817443	0.030806700000084675	epochs	3.0
903.0001140817444	0.060965599999917686	epochs	2.0
903.0001140817444	0.030589799999916067	epochs	3.0
903.0307038817443	0.030375800000001618	epochs	3.0
903.0610796817443	0.06012160000000222	epochs	2.0
903.0610796817443	0.030164900000045236	epochs	3.0
903.0912445817444	0.02995669999995698	epochs	3.0
903.1212012817443	0.05930069999999432	epochs	2.0
903.1212012817443	0.029751600000054168	epochs	3.0
903.1509528817444	0.029549099999940154	epochs	3.0
903.1805019817443	0.05850180000004457	epochs	2.0
903.1805019817443	0.02934940000000097	epochs	3.0
903.2098513817443	0.0291524000000436	epochs	3.0
903.2390037817444	0.057724200000052406	epochs	2.0
903.2390037817444	0.028957999999988715	epochs	3.0
903.2679617817444	0.02876620000006369	epochs	3.0
903.2967279817444	0.05696709999995164	epochs	2.0
903.2967279817444	0.028576999999927466	epochs	3.0
903.3253049817444	0.028390100000024177	epochs	3.0
903.3536950817444	0.05622949999997218	epochs	2.0
903.3536950817444	0.028205700000057732	epochs	3.0
903.3819007817444	0.028023799999914445	epochs	3.0
903.4099245817443	0.05551070000001346	epochs	2.0
903.4099245817443	0.02784400000007281	epochs	3.0
903.4377685817444	0.027666699999940647	epochs	3.0
903.4654352817444	0.054810200000019904	epochs	2.0
903.4654352817444	0.02749149999999645	epochs	3.0
903.4929267817444	0.027318700000023455	epochs	3.0
903.5202454817444	0.05412699999999404	epochs	2.0
903.5202454817444	0.027147799999966082	epochs	3.0
903.5473932817443	0.02697920000002796	epochs	3.0
903.5743724817444	0.053460699999959616	epochs	2.0
903.5743724817444	0.0268125999999711	epochs	3.0
903.6011850817443	0.026648099999988517	epochs	3.0
903.6278331817443	0.05281070000000909	epochs	2.0
903.6278331817443	0.026485600000000886	epochs	3.0
903.6543187817443	0.026325100000008206	epochs	3.0
903.6806438817443	0.05217620000007628	epochs	2.0
903.6806438817443	0.026166400000079193	epochs	3.0
903.7068102817444	0.026009799999997085	epochs	3.0
903.7328200817444	0.051556699999991906	epochs	2.0
903.7328200817444	0.025854799999933675	epochs	3.0
903.7586748817444	0.02570190000005823	epochs	3.0
903.7843767817444	0.05095189999997274	epochs	2.0
903.7843767817444	0.025550699999939752	epochs	3.0
903.8099274817444	0.025401200000032986	epochs	3.0
903.8353286817444	0.05036099999995258	epochs	2.0
903.8353286817444	0.025253499999962514	epochs	3.0
903.8605821817443	0.02510749999999007	epochs	3.0
903.8856896817443	0.049783800000000156	epochs	2.0
903.8856896817443	0.02496320000000196	epochs	3.0
903.9106528817443	0.024820599999998194	epochs	3.0
903.9354734817443	0.049219500000049266	epochs	2.0
903.9354734817443	0.02467940000008184	epochs	3.0
903.9601528817444	0.024540099999967424	epochs	3.0
903.9846929817444	0.048667899999941255	epochs	2.0
903.9846929817444	0.02440209999997478	epochs	3.0
904.0090950817444	0.024265799999966475	epochs	3.0
904.0333608817443	0.04812860000004093	epochs	2.0
904.0333608817443	0.024131000000011227	epochs	3.0
904.0574918817443	0.023997600000029706	epochs	3.0
904.0814894817444	0.047601100000065344	epochs	2.0
904.0814894817444	0.023865800000066884	epochs	3.0
904.1053552817444	0.02373529999999846	epochs	3.0
904.1290905817444	0.04708499999992455	epochs	2.0
904.1290905817444	0.023606299999983094	epochs	3.0
904.1526968817444	0.023478699999941455	epochs	3.0
904.1761755817444	0.04658000000006268	epochs	2.0
904.1761755817444	0.02335249999998723	epochs	3.0
904.1995280817443	0.02322750000007545	epochs	3.0
904.2227555817444	0.04608569999993506	epochs	2.0
904.2227555817444	0.023103999999989355	epochs	3.0
904.2458595817444	0.022981699999945704	epochs	3.0
904.2688412817444	0.045601799999985815	epochs	2.0
904.2688412817444	0.022860700000023826	epochs	3.0
904.2917019817444	0.02274109999996199	epochs	3.0
904.3144430817443	0.04512790000001132	epochs	2.0
904.3144430817443	0.022622500000011314	epochs	3.0
904.3370655817444	0.02250540000000001	epochs	3.0
904.3595709817444	0.0446638000000803	epochs	2.0
904.3595709817444	0.02238929999998618	epochs	3.0
904.3819602817443	0.022274500000094122	epochs	3.0
904.4042347817444	0.04420919999995476	epochs	2.0
904.4042347817444	0.022160799999937808	epochs	3.0
904.4263955817444	0.022048400000016954	epochs	3.0
904.4484439817444	0.043763600000033875	epochs	2.0
904.4484439817444	0.021936900000014248	epochs	3.0
904.4703808817444	0.021826700000019628	epochs	3.0
904.4922075817444	0.04332709999994222	epochs	2.0
904.4922075817444	0.021717599999988124	epochs	3.0
904.5139251817444	0.021609499999954096	epochs	3.0
904.5355346817444	0.04289900000003399	epochs	2.0
904.5355346817444	0.02150249999999687	epochs	3.0
904.5570371817444	0.021396500000037122	epochs	3.0
904.5784336817444	0.042479500000013104	epochs	2.0
904.5784336817444	0.02129170000000613	epochs	3.0
904.5997253817444	0.021187800000006973	epochs	3.0
904.6209131817444	0.042067900000006375	epochs	2.0
904.6209131817444	0.02108490000000529	epochs	3.0
904.6419980817444	0.020983000000001084	epochs	3.0
904.6629810817444	0.04166439999994509	epochs	2.0
904.6629810817444	0.020882199999959994	epochs	3.0
904.6838632817444	0.020782199999985096	epochs	3.0
904.7046454817444	0.04126850000000104	epochs	2.0
904.7046454817444	0.020683299999973315	epochs	3.0
904.7253287817443	0.020585200000027726	epochs	3.0
904.7459139817444	0.04088000000001557	epochs	2.0
904.7459139817444	0.020488099999965925	epochs	3.0
904.7664020817443	0.020391900000049645	epochs	3.0
904.7867939817444	0.04049880000002304	epochs	2.0
904.7867939817444	0.020296600000051512	epochs	3.0
904.8070905817444	0.020202199999971526	epochs	3.0
904.8272927817444	0.04012460000001283	epochs	2.0
904.8272927817444	0.020108699999923374	epochs	3.0
904.8474014817443	0.02001590000008946	epochs	3.0
904.8674173817444	0.03975730000001931	epochs	2.0
904.8674173817444	0.019924199999991288	epochs	3.0
904.8873415817444	0.019833100000028026	epochs	3.0
904.9071746817444	0.03939669999999751	epochs	2.0
904.9071746817444	0.01974299999994855	epochs	3.0
904.9269176817444	0.019653700000048957	epochs	3.0
904.9465713817444	0.03904239999997117	epochs	2.0
904.9465713817444	0.019565099999908853	epochs	3.0
904.9661364817443	0.019477300000062314	epochs	3.0
904.9856137817444	0.03869459999998526	epochs	2.0
904.9856137817444	0.019390400000020236	epochs	3.0
905.0050041817444	0.01930419999996502	epochs	3.0
905.0243083817444	0.03835289999994984	epochs	2.0
905.0243083817444	0.019218799999976	epochs	3.0
905.0435271817444	0.01913409999997384	epochs	3.0
905.0626612817443	0.03801720000001296	epochs	2.0
905.0626612817443	0.019050200000037876	epochs	3.0
905.0817114817444	0.018966999999975087	epochs	3.0
905.1006784817444	0.037687200000050325	epochs	2.0
905.1006784817444	0.01888450000001285	epochs	3.0
905.1195629817444	0.018802700000037476	epochs	3.0
905.1383656817444	0.03736309999999321	epochs	2.0
905.1383656817444	0.018721700000014607	epochs	3.0
905.1570873817444	0.018641399999978603	epochs	3.0
905.1757287817444	0.03704429999993408	epochs	2.0
905.1757287817444	0.01856159999999818	epochs	3.0
905.1942903817444	0.018482699999935903	epochs	3.0
905.2127730817443	0.0367310000000316	epochs	2.0
905.2127730817443	0.018404300000042895	epochs	3.0
905.2311773817444	0.018326699999988705	epochs	3.0
905.2495040817444	0.036422900000047775	epochs	2.0
905.2495040817444	0.018249599999990096	epochs	3.0
905.2677536817444	0.01817330000005768	epochs	3.0
905.2859269817444	0.03612009999994825	epochs	2.0
905.2859269817444	0.0180976000000328	epochs	3.0
905.3040245817444	0.018022499999915453	epochs	3.0
905.3220470817444	0.03582210000001851	epochs	2.0
905.3220470817444	0.017947900000081063	epochs	3.0
905.3399949817444	0.017874199999937446	epochs	3.0
905.3578691817444	0.03552899999999681	epochs	2.0
905.3578691817444	0.017800800000031813	epochs	3.0
905.3756699817444	0.017728199999965	epochs	3.0
905.3933981817444	0.03524070000003121	epochs	2.0
905.3933981817444	0.017656099999953767	epochs	3.0
905.4110542817443	0.017584600000077444	epochs	3.0
905.4286388817444	0.03495709999992869	epochs	2.0
905.4286388817444	0.01751369999999497	epochs	3.0
905.4461525817444	0.017443399999933717	epochs	3.0
905.4635959817443	0.03467790000001969	epochs	2.0
905.4635959817443	0.017373600000041733	epochs	3.0
905.4809695817444	0.017304299999977957	epochs	3.0
905.4982738817444	0.03440330000000813	epochs	2.0
905.4982738817444	0.01723570000001473	epochs	3.0
905.5155095817444	0.0171675999999934	epochs	3.0
905.5326771817444	0.0341328000000658	epochs	2.0
905.5326771817444	0.017099900000062007	epochs	3.0
905.5497770817444	0.017032900000003792	epochs	3.0
905.5668099817444	0.033866699999975935	epochs	2.0
905.5668099817444	0.01696640000000116	epochs	3.0
905.5837763817444	0.016900299999974777	epochs	3.0
905.6006766817444	0.03360459999998966	epochs	2.0
905.6006766817444	0.01683479999996962	epochs	3.0
905.6175114817444	0.01676980000002004	epochs	3.0
905.6342812817444	0.033346599999958926	epochs	2.0
905.6342812817444	0.016705300000012357	epochs	3.0
905.6509865817444	0.01664129999994657	epochs	3.0
905.6676278817444	0.03309250000006614	epochs	2.0
905.6676278817444	0.016577800000050047	epochs	3.0
905.6842056817444	0.01651470000001609	epochs	3.0
905.7007203817444	0.03284229999997024	epochs	2.0
905.7007203817444	0.01645220000000336	epochs	3.0
905.7171725817444	0.01639009999996688	epochs	3.0
905.7335626817444	0.03259570000000167	epochs	2.0
905.7335626817444	0.016328400000020338	epochs	3.0
905.7498910817444	0.016267299999981333	epochs	3.0
905.7661583817444	0.032352899999978035	epochs	2.0
905.7661583817444	0.016206600000032267	epochs	3.0
905.7823649817444	0.016146299999945768	epochs	3.0
905.7985112817444	0.03211369999996805	epochs	2.0
905.7985112817444	0.016086599999994178	epochs	3.0
905.8145978817444	0.01602709999997387	epochs	3.0
905.8306249817443	0.03187800000000607	epochs	2.0
905.8306249817443	0.015968200000088473	epochs	3.0
905.8465931817444	0.015909799999917595	epochs	3.0
905.8625029817443	0.031645700000012766	epochs	2.0
905.8625029817443	0.01585160000001906	epochs	3.0
905.8783545817444	0.015794099999993705	epochs	3.0
905.8941486817444	0.0314167000000225	epochs	2.0
905.8941486817444	0.015736700000047676	epochs	3.0
905.9098853817444	0.015679999999974825	epochs	3.0
905.9255653817444	0.031191100000000915	epochs	2.0
905.9255653817444	0.015623600000026272	epochs	3.0
905.9411889817444	0.015567499999974643	epochs	3.0
905.9567564817444	0.030968700000016725	epochs	2.0
905.9567564817444	0.015512000000057924	epochs	3.0
905.9722684817444	0.0154566999999588	epochs	3.0
905.9877251817444	0.030749499999956242	epochs	2.0
905.9877251817444	0.015401999999994587	epochs	3.0
906.0031271817444	0.015347499999961656	epochs	3.0
906.0184746817444	0.03053320000003623	epochs	2.0
906.0184746817444	0.015293400000018664	epochs	3.0
906.0337680817444	0.015239800000017567	epochs	3.0
906.0490078817444	0.03032010000003993	epochs	2.0
906.0490078817444	0.015186500000027081	epochs	3.0
906.0641943817444	0.015133600000012848	epochs	3.0
906.0793279817444	0.030109899999956724	epochs	2.0
906.0793279817444	0.015081000000009226	epochs	3.0
906.0944089817444	0.015028899999947498	epochs	3.0
906.1094378817444	0.02990250000004835	epochs	2.0
906.1094378817444	0.014977000000044427	epochs	3.0
906.1244148817444	0.014925500000003922	epochs	3.0
906.1393403817444	0.029698099999905025	epochs	2.0
906.1393403817444	0.01487439999993967	epochs	3.0
906.1542147817444	0.014823699999965356	epochs	3.0
906.1690384817443	0.02949630000000525	epochs	2.0
906.1690384817443	0.014773200000036013	epochs	3.0
906.1838116817444	0.014723099999969236	epochs	3.0
906.1985347817443	0.02929740000001857	epochs	2.0
906.1985347817443	0.014673399999992398	epochs	3.0
906.2132081817443	0.014624000000026172	epochs	3.0
906.2278321817444	0.029101100000048064	epochs	2.0
906.2278321817444	0.014574900000070556	epochs	3.0
906.2424070817444	0.014526199999977507	epochs	3.0
906.2569332817444	0.028907399999980044	epochs	2.0
906.2569332817444	0.014477699999929428	epochs	3.0
906.2714109817443	0.014429700000050616	epochs	3.0
906.2858406817444	0.028716199999962555	epochs	2.0
906.2858406817444	0.014381800000023759	epochs	3.0
906.3002224817444	0.014334399999938796	epochs	3.0
906.3145568817444	0.028527600000074926	epochs	2.0
906.3145568817444	0.01428720000001249	epochs	3.0
906.3288440817444	0.014240400000062436	epochs	3.0
906.3430844817444	0.028341399999931127	epochs	2.0
906.3430844817444	0.014193799999929979	epochs	3.0
906.3572782817444	0.014147600000001148	epochs	3.0
906.3714258817444	0.028157700000065233	epochs	2.0
906.3714258817444	0.014101699999969242	epochs	3.0
906.3855275817443	0.014056000000095992	epochs	3.0
906.3995835817444	0.027976299999977527	epochs	2.0
906.3995835817444	0.01401060000000598	epochs	3.0
906.4135941817444	0.013965699999971548	epochs	3.0
906.4275598817444	0.02779720000000907	epochs	2.0
906.4275598817444	0.013920799999937117	epochs	3.0
906.4414806817443	0.013876400000071953	epochs	3.0
906.4553570817444	0.027620399999932488	epochs	2.0
906.4553570817444	0.013832200000024386	epochs	3.0
906.4691892817444	0.013788199999908102	epochs	3.0
906.4829774817443	0.02744590000008884	epochs	2.0
906.4829774817443	0.013744599999995444	epochs	3.0
906.4967220817443	0.013701300000093397	epochs	3.0
906.5104233817444	0.027273499999978412	epochs	2.0
906.5104233817444	0.013658200000008947	epochs	3.0
906.5240815817444	0.013615299999969466	epochs	3.0
906.5376968817444	0.027103399999987232	epochs	2.0
906.5376968817444	0.013572800000019924	epochs	3.0
906.5512696817444	0.013530599999967308	epochs	3.0
906.5648002817444	0.02693520000002536	epochs	2.0
906.5648002817444	0.013488400000028378	epochs	3.0
906.5782886817444	0.013446799999996983	epochs	3.0
906.5917354817444	0.026769199999989723	epochs	2.0
906.5917354817444	0.013405199999965589	epochs	3.0
906.6051406817444	0.013364000000024134	epochs	3.0
906.6185046817444	0.026605199999949036	epochs	2.0
906.6185046817444	0.013322899999934634	epochs	3.0
906.6318275817443	0.013282300000014402	epochs	3.0
906.6451098817444	0.026443200000016986	epochs	2.0
906.6451098817444	0.013241699999980483	epochs	3.0
906.6583515817443	0.013201500000036503	epochs	3.0
906.6715530817444	0.0262831999999662	epochs	2.0
906.6715530817444	0.013161500000023807	epochs	3.0
906.6847145817444	0.013121699999942393	epochs	3.0
906.6978362817443	0.02612500000009277	epochs	2.0
906.6978362817443	0.013082100000019636	epochs	3.0
906.7109183817444	0.013042900000073132	epochs	3.0
906.7239612817444	0.025968899999952555	epochs	2.0
906.7239612817444	0.013003899999944224	epochs	3.0
906.7369651817444	0.012965000000008331	epochs	3.0
906.7499301817444	0.025814500000024054	epochs	2.0
906.7499301817444	0.012926399999969362	epochs	3.0
906.7628565817444	0.012888100000054692	epochs	3.0
906.7757446817444	0.025661899999931848	epochs	2.0
906.7757446817444	0.012849899999991976	epochs	3.0
906.7885945817444	0.012811999999939871	epochs	3.0
906.8014065817443	0.025511200000096323	epochs	2.0
906.8014065817443	0.012774400000012065	epochs	3.0
906.8141809817444	0.012736800000084258	epochs	3.0
906.8269177817444	0.025362299999983406	epochs	2.0
906.8269177817444	0.01269969999998466	epochs	3.0
906.8396174817444	0.012662599999998747	epochs	3.0
906.8522800817444	0.025215000000002874	epochs	2.0
906.8522800817444	0.01262579999990976	epochs	3.0
906.8649058817443	0.012589200000093115	epochs	3.0
906.8774950817444	0.024584799999956886	epochs	2.0
906.9013248817444	0.5	epochs	-1.0
906.9020798817444	0.5015200000000277	epochs	1.0
907.4035998817444	0.4983999999999469	epochs	0.0
908.4229998588562	0.07807999999999993	epochs	0.0
908.4229998588562	0.034042900000031295	epochs	1.0
908.4570427588562	0.009994199999937337	epochs	1.0
908.4670369588562	0.034042900000031295	epochs	1.0
908.5010798588562	2.0	epochs	0.0
910.5010798588562	0.5212000000000216	epochs	0.0
910.5010798588562	0.5212000000000216	epochs	1.0
910.5011248588562	0.5	epochs	-1.0
911.0011248588562	0.021155000000021573	epochs	-1.0
911.0222798588562	21.478719999999953	epochs	0.0
912.3039999008179	0.07807999999999993	epochs	0.0
912.3039999008179	0.034042900000031295	epochs	1.0
912.3380428008179	0.009994199999937337	epochs	1.0
912.3480370008178	0.034042900000031295	epochs	1.0
912.3820799008179	2.0	epochs	0.0
914.3820799008179	21.999919999999975	epochs	0.0
914.3820799008179	1.0	epochs	1.0
914.3821249008179	0.5	epochs	-1.0
914.8821249008179	19.999199999999973	epochs	-1.0
915.3820799008179	20.0	epochs	1.0
915.3820799008179	4.356753899999944	epochs	-1.0
915.3820799008179	1.9745871999999736	epochs	2.0
915.3820799008179	1.0985621999999466	epochs	3.0
916.4806421008178	0.8760250000000269	epochs	3.0
917.3566671008178	1.3524075000000266	epochs	2.0
917.3566671008178	0.7286354999999958	epochs	3.0
918.0853026008178	0.6237720000000309	epochs	3.0
918.7090746008179	1.029759199999944	epochs	2.0
918.7090746008179	0.5453293000000485	epochs	3.0
919.2544039008179	0.4844298999998955	epochs	3.0
919.7388338008178	0.8317862000000105	epochs	2.0
919.7388338008178	0.4357763000000432	epochs	3.0
920.1746101008179	0.3960098999999673	epochs	3.0
920.5706200008178	0.6977970000000369	epochs	2.0
920.5706200008178	0.3628982000000178	epochs	3.0
920.9335182008178	0.33489880000001904	epochs	3.0
921.2684170008179	0.601045699999986	epochs	2.0
921.2684170008179	0.3109123000000409	epochs	3.0
921.5793293008179	0.29013339999994514	epochs	3.0
921.8694627008178	0.5278859000000011	epochs	2.0
921.8694627008178	0.2719586000000618	epochs	3.0
922.1414213008179	0.25592729999993935	epochs	3.0
922.3973486008178	0.4706193000000667	epochs	2.0
922.3973486008178	0.241681299999982	epochs	3.0
922.6390299008178	0.22893800000008468	epochs	3.0
922.8679679008179	0.42457039999999324	epochs	2.0
922.8679679008179	0.2174713999999085	epochs	3.0
923.0854393008178	0.20709900000008474	epochs	3.0
923.2925383008179	0.3867353999999068	epochs	2.0
923.2925383008179	0.19767109999997956	epochs	3.0
923.4902094008179	0.18906429999992724	epochs	3.0
923.6792737008178	0.3550953000000163	epochs	2.0
923.6792737008178	0.18117590000008477	epochs	3.0
923.8604496008179	0.17391939999993156	epochs	3.0
924.0343690008178	0.3282431000000088	epochs	2.0
924.0343690008178	0.1672219000000723	epochs	3.0
924.2015909008179	0.16102119999993647	epochs	3.0
924.3626121008178	0.30516799999998057	epochs	2.0
924.3626121008178	0.15526390000002266	epochs	3.0
924.5178760008179	0.1499040999999579	epochs	3.0
924.6677801008178	0.28512530000000424	epochs	2.0
924.6677801008178	0.1449021000000812	epochs	3.0
924.8126822008179	0.14022319999992305	epochs	3.0
924.9529054008178	0.267553800000087	epochs	2.0
924.9529054008178	0.1358369000000721	epochs	3.0
925.0887423008179	0.1317169000000149	epochs	3.0
925.2204592008179	0.252022899999929	epochs	2.0
925.2204592008179	0.1278393000000051	epochs	3.0
925.3482985008179	0.1241835999999239	epochs	3.0
925.4724821008178	0.23819650000007186	epochs	2.0
925.4724821008178	0.12073110000005727	epochs	3.0
925.5932132008179	0.1174654000000146	epochs	3.0
925.7106786008179	0.2258087999999816	epochs	2.0
925.7106786008179	0.1143718999999237	epochs	3.0
925.8250505008178	0.1114369000000579	epochs	3.0
925.9364874008179	0.2146460000000161	epochs	2.0
925.9364874008179	0.10864889999993466	epochs	3.0
926.0451363008178	0.10599710000008145	epochs	3.0
926.1511334008179	0.20453499999996438	epochs	2.0
926.1511334008179	0.10347149999995509	epochs	3.0
926.2546049008179	0.1010635000000093	epochs	3.0
926.3556684008179	0.19533400000000256	epochs	2.0
926.3556684008179	0.09876510000003691	epochs	3.0
926.4544335008179	0.09656889999996565	epochs	3.0
926.5510024008179	0.18692529999998442	epochs	2.0
926.5510024008179	0.09446830000001682	epochs	3.0
926.6454707008179	0.09245699999996759	epochs	3.0
926.7379277008179	0.17921069999999872	epochs	2.0
926.7379277008179	0.09052959999996801	epochs	3.0
926.8284573008178	0.08868110000003071	epochs	3.0
926.9171384008179	0.17210769999996955	epochs	2.0
926.9171384008179	0.08690630000000965	epochs	3.0
927.0040447008179	0.0852013999999599	epochs	3.0
927.0892461008178	0.16554640000003928	epochs	2.0
927.0892461008178	0.08356190000006336	epochs	3.0
927.1728080008179	0.08198449999997592	epochs	3.0
927.2547925008179	0.15946710000002895	epochs	2.0
927.2547925008179	0.08046539999998004	epochs	3.0
927.3352579008179	0.07900170000004891	epochs	3.0
927.4142596008179	0.15381839999997737	epochs	2.0
927.4142596008179	0.07759009999995214	epochs	3.0
927.4918497008179	0.07622830000002523	epochs	3.0
927.5680780008179	0.14855639999996129	epochs	2.0
927.5680780008179	0.07491330000004837	epochs	3.0
927.6429913008179	0.07364309999991292	epochs	3.0
927.7166344008178	0.14364240000008976	epochs	2.0
927.7166344008178	0.07241499999997814	epochs	3.0
927.7890494008178	0.07122740000011163	epochs	3.0
927.8602768008179	0.13904309999998077	epochs	2.0
927.8602768008179	0.07007799999996678	epochs	3.0
927.9303548008179	0.06896510000001399	epochs	3.0
927.9993199008179	0.1347293000000036	epochs	2.0
927.9993199008179	0.0678871000000072	epochs	3.0
928.0672070008179	0.06684219999999641	epochs	3.0
928.1340492008179	0.13067519999992783	epochs	2.0
928.1340492008179	0.06582909999997355	epochs	3.0
928.1998783008179	0.06484609999995428	epochs	3.0
928.2647244008178	0.12685780000003888	epochs	2.0
928.2647244008178	0.06389200000000983	epochs	3.0
928.3286164008179	0.06296580000002905	epochs	3.0
928.3915822008179	0.12325720000001184	epochs	2.0
928.3915822008179	0.06206580000002759	epochs	3.0
928.4536480008179	0.06119139999998424	epochs	3.0
928.5148394008179	0.11985540000000583	epochs	2.0
928.5148394008179	0.060341099999959624	epochs	3.0
928.5751805008179	0.059514300000046205	epochs	3.0
928.6346948008179	0.11663620000001629	epochs	2.0
928.6346948008179	0.058709599999929196	epochs	3.0
928.6934044008178	0.05792660000008709	epochs	3.0
928.7513310008179	0.11358559999996487	epochs	2.0
928.7513310008179	0.05716419999998834	epochs	3.0
928.8084952008179	0.05642139999997653	epochs	3.0
928.8649166008179	0.11069050000003244	epochs	2.0
928.8649166008179	0.055697900000041045	epochs	3.0
928.9206145008179	0.0549925999999914	epochs	3.0
928.9756071008179	0.10793909999995321	epochs	2.0
928.9756071008179	0.05430489999992005	epochs	3.0
929.0299120008178	0.05363420000003316	epochs	3.0
929.0835462008179	0.10532150000005913	epochs	2.0
929.0835462008179	0.05298000000004777	epochs	3.0
929.1365262008179	0.052341500000011365	epochs	3.0
929.1888677008179	0.10282759999995505	epochs	2.0
929.1888677008179	0.051718099999902734	epochs	3.0
929.2405858008178	0.05110950000005232	epochs	3.0
929.2916953008179	0.10044909999999163	epochs	2.0
929.2916953008179	0.05051489999993919	epochs	3.0
929.3422102008178	0.04993420000005244	epochs	3.0
929.3921444008179	0.0981782999999723	epochs	2.0
929.3921444008179	0.04936659999998483	epochs	3.0
929.4415110008179	0.04881169999998747	epochs	3.0
929.4903227008178	0.09600780000005216	epochs	2.0
929.4903227008178	0.04826920000004975	epochs	3.0
929.5385919008179	0.04773860000000241	epochs	3.0
929.5863305008179	0.09393119999992905	epochs	2.0
929.5863305008179	0.04721949999998287	epochs	3.0
929.6335500008179	0.04671169999994618	epochs	3.0
929.6802617008178	0.09194260000003851	epochs	2.0
929.6802617008178	0.04621460000009847	epochs	3.0
929.7264763008179	0.04572799999994004	epochs	3.0
929.7722043008179	0.09003629999995155	epochs	2.0
929.7722043008179	0.04525150000006306	epochs	3.0
929.8174558008179	0.04478479999988849	epochs	3.0
929.8622406008178	0.08820760000003247	epochs	2.0
929.8622406008178	0.044327800000019124	epochs	3.0
929.9065684008178	0.04387980000001335	epochs	3.0
929.9504482008178	0.0864516999999978	epochs	2.0
929.9504482008178	0.04344100000002982	epochs	3.0
929.9938892008179	0.04301069999996798	epochs	3.0
930.0368999008178	0.0847643000000744	epochs	2.0
930.0368999008178	0.04258900000002086	epochs	3.0
930.0794889008179	0.04217530000005354	epochs	3.0
930.1216642008179	0.08314149999989695	epochs	2.0
930.1216642008179	0.041769699999917975	epochs	3.0
930.1634339008178	0.041371799999978975	epochs	3.0
930.2048057008178	0.08157970000002024	epochs	2.0
930.2048057008178	0.04098140000007788	epochs	3.0
930.2457871008179	0.040598299999942355	epochs	3.0
930.2863854008178	0.08007550000002084	epochs	2.0
930.2863854008178	0.04022229999998217	epochs	3.0
930.3266077008178	0.03985320000003867	epochs	3.0
930.3664609008179	0.07862569999997504	epochs	2.0
930.3664609008179	0.039490800000066884	epochs	3.0
930.4059517008179	0.03913489999990816	epochs	3.0
930.4450866008178	0.07722760000001472	epochs	2.0
930.4450866008178	0.038785400000051595	epochs	3.0
930.4838720008179	0.03844219999996312	epochs	3.0
930.5223142008178	0.07587820000003376	epochs	2.0
930.5223142008178	0.038104800000041905	epochs	3.0
930.5604190008179	0.03777339999999185	epochs	3.0
930.5981924008179	0.0745752000000266	epochs	2.0
930.5981924008179	0.03744770000002973	epochs	3.0
930.6356401008179	0.03712749999999687	epochs	3.0
930.6727676008179	0.07331629999998768	epochs	2.0
930.6727676008179	0.036812899999972615	epochs	3.0
930.7095805008179	0.03650340000001506	epochs	3.0
930.7460839008179	0.07209899999998015	epochs	2.0
930.7460839008179	0.03619909999997617	epochs	3.0
930.7822830008179	0.03589990000000398	epochs	3.0
930.8181829008179	0.07092169999998532	epochs	2.0
930.8181829008179	0.03560560000005353	epochs	3.0
930.8537885008179	0.035316099999931794	epochs	3.0
930.8891046008179	0.06978200000003199	epochs	2.0
930.8891046008179	0.03503120000004856	epochs	3.0
930.9241358008179	0.03475079999998343	epochs	3.0
930.9588866008179	0.06867859999999837	epochs	2.0
930.9588866008179	0.03447510000000875	epochs	3.0
930.9933617008179	0.03420349999998962	epochs	3.0
931.0275652008179	0.06760929999995824	epochs	2.0
931.0275652008179	0.033936199999970995	epochs	3.0
931.0615014008179	0.033673099999987244	epochs	3.0
931.0951745008178	0.06657289999998284	epochs	2.0
931.0951745008178	0.03341399999999339	epochs	3.0
931.1285885008178	0.033158899999989444	epochs	3.0
931.1617474008178	0.06556780000005347	epochs	2.0
931.1617474008178	0.032907700000009754	epochs	3.0
931.1946551008178	0.03266010000004371	epochs	3.0
931.2273152008179	0.06459259999996902	epochs	2.0
931.2273152008179	0.032416399999988244	epochs	3.0
931.2597316008179	0.03217619999998078	epochs	3.0
931.2919078008179	0.06364600000006249	epochs	2.0
931.2919078008179	0.03193959999998697	epochs	3.0
931.3238474008178	0.03170640000007552	epochs	3.0
931.3555538008179	0.0627266999999847	epochs	2.0
931.3555538008179	0.031476599999905375	epochs	3.0
931.3870304008178	0.03125010000007933	epochs	3.0
931.4182805008179	0.06183359999999993	epochs	2.0
931.4182805008179	0.03102689999991526	epochs	3.0
931.4493074008178	0.030806700000084675	epochs	3.0
931.4801141008179	0.060965599999917686	epochs	2.0
931.4801141008179	0.030589799999916067	epochs	3.0
931.5107039008178	0.030375800000001618	epochs	3.0
931.5410797008178	0.06012160000000222	epochs	2.0
931.5410797008178	0.030164900000045236	epochs	3.0
931.5712446008179	0.02995669999995698	epochs	3.0
931.6012013008178	0.05930069999999432	epochs	2.0
931.6012013008178	0.029751600000054168	epochs	3.0
931.6309529008179	0.029549099999940154	epochs	3.0
931.6605020008178	0.05850180000004457	epochs	2.0
931.6605020008178	0.02934940000000097	epochs	3.0
931.6898514008178	0.0291524000000436	epochs	3.0
931.7190038008179	0.057724200000052406	epochs	2.0
931.7190038008179	0.028957999999988715	epochs	3.0
931.7479618008178	0.02876620000006369	epochs	3.0
931.7767280008179	0.05696709999995164	epochs	2.0
931.7767280008179	0.028576999999927466	epochs	3.0
931.8053050008178	0.028390100000024177	epochs	3.0
931.8336951008179	0.05622949999997218	epochs	2.0
931.8336951008179	0.028205700000057732	epochs	3.0
931.8619008008179	0.028023799999914445	epochs	3.0
931.8899246008178	0.05551070000001346	epochs	2.0
931.8899246008178	0.02784400000007281	epochs	3.0
931.9177686008179	0.027666699999940647	epochs	3.0
931.9454353008178	0.054810200000019904	epochs	2.0
931.9454353008178	0.02749149999999645	epochs	3.0
931.9729268008178	0.027318700000023455	epochs	3.0
932.0002455008179	0.05412699999999404	epochs	2.0
932.0002455008179	0.027147799999966082	epochs	3.0
932.0273933008178	0.02697920000002796	epochs	3.0
932.0543725008179	0.053460699999959616	epochs	2.0
932.0543725008179	0.0268125999999711	epochs	3.0
932.0811851008178	0.026648099999988517	epochs	3.0
932.1078332008178	0.05281070000000909	epochs	2.0
932.1078332008178	0.026485600000000886	epochs	3.0
932.1343188008178	0.026325100000008206	epochs	3.0
932.1606439008178	0.05217620000007628	epochs	2.0
932.1606439008178	0.026166400000079193	epochs	3.0
932.1868103008179	0.026009799999997085	epochs	3.0
932.2128201008179	0.051556699999991906	epochs	2.0
932.2128201008179	0.025854799999933675	epochs	3.0
932.2386749008178	0.02570190000005823	epochs	3.0
932.2643768008179	0.05095189999997274	epochs	2.0
932.2643768008179	0.025550699999939752	epochs	3.0
932.2899275008178	0.025401200000032986	epochs	3.0
932.3153287008179	0.05036099999995258	epochs	2.0
932.3153287008179	0.025253499999962514	epochs	3.0
932.3405822008178	0.02510749999999007	epochs	3.0
932.3656897008178	0.049783800000000156	epochs	2.0
932.3656897008178	0.02496320000000196	epochs	3.0
932.3906529008178	0.024820599999998194	epochs	3.0
932.4154735008178	0.049219500000049266	epochs	2.0
932.4154735008178	0.02467940000008184	epochs	3.0
932.4401529008179	0.024540099999967424	epochs	3.0
932.4646930008179	0.048667899999941255	epochs	2.0
932.4646930008179	0.02440209999997478	epochs	3.0
932.4890951008178	0.024265799999966475	epochs	3.0
932.5133609008178	0.04812860000004093	epochs	2.0
932.5133609008178	0.024131000000011227	epochs	3.0
932.5374919008178	0.023997600000029706	epochs	3.0
932.5614895008179	0.047601100000065344	epochs	2.0
932.5614895008179	0.023865800000066884	epochs	3.0
932.5853553008179	0.02373529999999846	epochs	3.0
932.6090906008179	0.04708499999992455	epochs	2.0
932.6090906008179	0.023606299999983094	epochs	3.0
932.6326969008179	0.023478699999941455	epochs	3.0
932.6561756008178	0.04658000000006268	epochs	2.0
932.6561756008178	0.02335249999998723	epochs	3.0
932.6795281008178	0.02322750000007545	epochs	3.0
932.7027556008179	0.04608569999993506	epochs	2.0
932.7027556008179	0.023103999999989355	epochs	3.0
932.7258596008179	0.022981699999945704	epochs	3.0
932.7488413008178	0.045601799999985815	epochs	2.0
932.7488413008178	0.022860700000023826	epochs	3.0
932.7717020008179	0.02274109999996199	epochs	3.0
932.7944431008178	0.04512790000001132	epochs	2.0
932.7944431008178	0.022622500000011314	epochs	3.0
932.8170656008178	0.02250540000000001	epochs	3.0
932.8395710008178	0.0446638000000803	epochs	2.0
932.8395710008178	0.02238929999998618	epochs	3.0
932.8619603008178	0.022274500000094122	epochs	3.0
932.8842348008179	0.04420919999995476	epochs	2.0
932.8842348008179	0.022160799999937808	epochs	3.0
932.9063956008179	0.022048400000016954	epochs	3.0
932.9284440008179	0.043763600000033875	epochs	2.0
932.9284440008179	0.021936900000014248	epochs	3.0
932.9503809008179	0.021826700000019628	epochs	3.0
932.9722076008179	0.04332709999994222	epochs	2.0
932.9722076008179	0.021717599999988124	epochs	3.0
932.9939252008179	0.021609499999954096	epochs	3.0
933.0155347008179	0.04289900000003399	epochs	2.0
933.0155347008179	0.02150249999999687	epochs	3.0
933.0370372008178	0.021396500000037122	epochs	3.0
933.0584337008179	0.042479500000013104	epochs	2.0
933.0584337008179	0.02129170000000613	epochs	3.0
933.0797254008179	0.021187800000006973	epochs	3.0
933.1009132008179	0.042067900000006375	epochs	2.0
933.1009132008179	0.02108490000000529	epochs	3.0
933.1219981008179	0.020983000000001084	epochs	3.0
933.1429811008179	0.04166439999994509	epochs	2.0
933.1429811008179	0.020882199999959994	epochs	3.0
933.1638633008179	0.020782199999985096	epochs	3.0
933.1846455008179	0.04126850000000104	epochs	2.0
933.1846455008179	0.020683299999973315	epochs	3.0
933.2053288008178	0.020585200000027726	epochs	3.0
933.2259140008179	0.04088000000001557	epochs	2.0
933.2259140008179	0.020488099999965925	epochs	3.0
933.2464021008178	0.020391900000049645	epochs	3.0
933.2667940008179	0.04049880000002304	epochs	2.0
933.2667940008179	0.020296600000051512	epochs	3.0
933.2870906008179	0.020202199999971526	epochs	3.0
933.3072928008179	0.04012460000001283	epochs	2.0
933.3072928008179	0.020108699999923374	epochs	3.0
933.3274015008178	0.02001590000008946	epochs	3.0
933.3474174008179	0.03975730000001931	epochs	2.0
933.3474174008179	0.019924199999991288	epochs	3.0
933.3673416008179	0.019833100000028026	epochs	3.0
933.3871747008179	0.03939669999999751	epochs	2.0
933.3871747008179	0.01974299999994855	epochs	3.0
933.4069177008179	0.019653700000048957	epochs	3.0
933.4265714008179	0.03904239999997117	epochs	2.0
933.4265714008179	0.019565099999908853	epochs	3.0
933.4461365008178	0.019477300000062314	epochs	3.0
933.4656138008179	0.03869459999998526	epochs	2.0
933.4656138008179	0.019390400000020236	epochs	3.0
933.4850042008179	0.01930419999996502	epochs	3.0
933.5043084008179	0.03835289999994984	epochs	2.0
933.5043084008179	0.019218799999976	epochs	3.0
933.5235272008179	0.01913409999997384	epochs	3.0
933.5426613008178	0.03801720000001296	epochs	2.0
933.5426613008178	0.019050200000037876	epochs	3.0
933.5617115008179	0.018966999999975087	epochs	3.0
933.5806785008178	0.037687200000050325	epochs	2.0
933.5806785008178	0.01888450000001285	epochs	3.0
933.5995630008179	0.018802700000037476	epochs	3.0
933.6183657008179	0.03736309999999321	epochs	2.0
933.6183657008179	0.018721700000014607	epochs	3.0
933.6370874008179	0.018641399999978603	epochs	3.0
933.6557288008179	0.03704429999993408	epochs	2.0
933.6557288008179	0.01856159999999818	epochs	3.0
933.6742904008179	0.018482699999935903	epochs	3.0
933.6927731008178	0.0367310000000316	epochs	2.0
933.6927731008178	0.018404300000042895	epochs	3.0
933.7111774008179	0.018326699999988705	epochs	3.0
933.7295041008178	0.036422900000047775	epochs	2.0
933.7295041008178	0.018249599999990096	epochs	3.0
933.7477537008178	0.01817330000005768	epochs	3.0
933.7659270008179	0.03612009999994825	epochs	2.0
933.7659270008179	0.0180976000000328	epochs	3.0
933.7840246008179	0.018022499999915453	epochs	3.0
933.8020471008178	0.03582210000001851	epochs	2.0
933.8020471008178	0.017947900000081063	epochs	3.0
933.8199950008179	0.017874199999937446	epochs	3.0
933.8378692008179	0.03552899999999681	epochs	2.0
933.8378692008179	0.017800800000031813	epochs	3.0
933.8556700008179	0.017728199999965	epochs	3.0
933.8733982008179	0.03524070000003121	epochs	2.0
933.8733982008179	0.017656099999953767	epochs	3.0
933.8910543008178	0.017584600000077444	epochs	3.0
933.9086389008179	0.03495709999992869	epochs	2.0
933.9086389008179	0.01751369999999497	epochs	3.0
933.9261526008179	0.017443399999933717	epochs	3.0
933.9435960008178	0.03467790000001969	epochs	2.0
933.9435960008178	0.017373600000041733	epochs	3.0
933.9609696008179	0.017304299999977957	epochs	3.0
933.9782739008178	0.03440330000000813	epochs	2.0
933.9782739008178	0.01723570000001473	epochs	3.0
933.9955096008179	0.0171675999999934	epochs	3.0
934.0126772008178	0.0341328000000658	epochs	2.0
934.0126772008178	0.017099900000062007	epochs	3.0
934.0297771008179	0.017032900000003792	epochs	3.0
934.0468100008179	0.033866699999975935	epochs	2.0
934.0468100008179	0.01696640000000116	epochs	3.0
934.0637764008179	0.016900299999974777	epochs	3.0
934.0806767008179	0.03360459999998966	epochs	2.0
934.0806767008179	0.01683479999996962	epochs	3.0
934.0975115008179	0.01676980000002004	epochs	3.0
934.1142813008179	0.033346599999958926	epochs	2.0
934.1142813008179	0.016705300000012357	epochs	3.0
934.1309866008179	0.01664129999994657	epochs	3.0
934.1476279008178	0.03309250000006614	epochs	2.0
934.1476279008178	0.016577800000050047	epochs	3.0
934.1642057008179	0.01651470000001609	epochs	3.0
934.1807204008179	0.03284229999997024	epochs	2.0
934.1807204008179	0.01645220000000336	epochs	3.0
934.1971726008179	0.01639009999996688	epochs	3.0
934.2135627008179	0.03259570000000167	epochs	2.0
934.2135627008179	0.016328400000020338	epochs	3.0
934.2298911008179	0.016267299999981333	epochs	3.0
934.2461584008179	0.032352899999978035	epochs	2.0
934.2461584008179	0.016206600000032267	epochs	3.0
934.2623650008179	0.016146299999945768	epochs	3.0
934.2785113008179	0.03211369999996805	epochs	2.0
934.2785113008179	0.016086599999994178	epochs	3.0
934.2945979008178	0.01602709999997387	epochs	3.0
934.3106250008178	0.03187800000000607	epochs	2.0
934.3106250008178	0.015968200000088473	epochs	3.0
934.3265932008179	0.015909799999917595	epochs	3.0
934.3425030008178	0.031645700000012766	epochs	2.0
934.3425030008178	0.01585160000001906	epochs	3.0
934.3583546008178	0.015794099999993705	epochs	3.0
934.3741487008178	0.0314167000000225	epochs	2.0
934.3741487008178	0.015736700000047676	epochs	3.0
934.3898854008179	0.015679999999974825	epochs	3.0
934.4055654008179	0.031191100000000915	epochs	2.0
934.4055654008179	0.015623600000026272	epochs	3.0
934.4211890008179	0.015567499999974643	epochs	3.0
934.4367565008179	0.030968700000016725	epochs	2.0
934.4367565008179	0.015512000000057924	epochs	3.0
934.4522685008179	0.0154566999999588	epochs	3.0
934.4677252008179	0.030749499999956242	epochs	2.0
934.4677252008179	0.015401999999994587	epochs	3.0
934.4831272008179	0.015347499999961656	epochs	3.0
934.4984747008178	0.03053320000003623	epochs	2.0
934.4984747008178	0.015293400000018664	epochs	3.0
934.5137681008179	0.015239800000017567	epochs	3.0
934.5290079008179	0.03032010000003993	epochs	2.0
934.5290079008179	0.015186500000027081	epochs	3.0
934.5441944008179	0.015133600000012848	epochs	3.0
934.5593280008179	0.030109899999956724	epochs	2.0
934.5593280008179	0.015081000000009226	epochs	3.0
934.5744090008179	0.015028899999947498	epochs	3.0
934.5894379008179	0.02990250000004835	epochs	2.0
934.5894379008179	0.014977000000044427	epochs	3.0
934.6044149008179	0.014925500000003922	epochs	3.0
934.6193404008179	0.029698099999905025	epochs	2.0
934.6193404008179	0.01487439999993967	epochs	3.0
934.6342148008179	0.014823699999965356	epochs	3.0
934.6490385008178	0.02949630000000525	epochs	2.0
934.6490385008178	0.014773200000036013	epochs	3.0
934.6638117008179	0.014723099999969236	epochs	3.0
934.6785348008178	0.02929740000001857	epochs	2.0
934.6785348008178	0.014673399999992398	epochs	3.0
934.6932082008178	0.014624000000026172	epochs	3.0
934.7078322008178	0.029101100000048064	epochs	2.0
934.7078322008178	0.014574900000070556	epochs	3.0
934.7224071008179	0.014526199999977507	epochs	3.0
934.7369333008179	0.028907399999980044	epochs	2.0
934.7369333008179	0.014477699999929428	epochs	3.0
934.7514110008178	0.014429700000050616	epochs	3.0
934.7658407008179	0.028716199999962555	epochs	2.0
934.7658407008179	0.014381800000023759	epochs	3.0
934.7802225008179	0.014334399999938796	epochs	3.0
934.7945569008178	0.028527600000074926	epochs	2.0
934.7945569008178	0.01428720000001249	epochs	3.0
934.8088441008179	0.014240400000062436	epochs	3.0
934.8230845008179	0.028341399999931127	epochs	2.0
934.8230845008179	0.014193799999929979	epochs	3.0
934.8372783008178	0.014147600000001148	epochs	3.0
934.8514259008178	0.028157700000065233	epochs	2.0
934.8514259008178	0.014101699999969242	epochs	3.0
934.8655276008178	0.014056000000095992	epochs	3.0
934.8795836008179	0.027976299999977527	epochs	2.0
934.8795836008179	0.01401060000000598	epochs	3.0
934.8935942008179	0.013965699999971548	epochs	3.0
934.9075599008179	0.02779720000000907	epochs	2.0
934.9075599008179	0.013920799999937117	epochs	3.0
934.9214807008178	0.013876400000071953	epochs	3.0
934.9353571008179	0.027620399999932488	epochs	2.0
934.9353571008179	0.013832200000024386	epochs	3.0
934.9491893008179	0.013788199999908102	epochs	3.0
934.9629775008178	0.02744590000008884	epochs	2.0
934.9629775008178	0.013744599999995444	epochs	3.0
934.9767221008178	0.013701300000093397	epochs	3.0
934.9904234008179	0.027273499999978412	epochs	2.0
934.9904234008179	0.013658200000008947	epochs	3.0
935.0040816008179	0.013615299999969466	epochs	3.0
935.0176969008179	0.027103399999987232	epochs	2.0
935.0176969008179	0.013572800000019924	epochs	3.0
935.0312697008179	0.013530599999967308	epochs	3.0
935.0448003008179	0.02693520000002536	epochs	2.0
935.0448003008179	0.013488400000028378	epochs	3.0
935.0582887008179	0.013446799999996983	epochs	3.0
935.0717355008179	0.026769199999989723	epochs	2.0
935.0717355008179	0.013405199999965589	epochs	3.0
935.0851407008179	0.013364000000024134	epochs	3.0
935.0985047008179	0.026605199999949036	epochs	2.0
935.0985047008179	0.013322899999934634	epochs	3.0
935.1118276008178	0.013282300000014402	epochs	3.0
935.1251099008178	0.026443200000016986	epochs	2.0
935.1251099008178	0.013241699999980483	epochs	3.0
935.1383516008178	0.013201500000036503	epochs	3.0
935.1515531008179	0.0262831999999662	epochs	2.0
935.1515531008179	0.013161500000023807	epochs	3.0
935.1647146008179	0.013121699999942393	epochs	3.0
935.1778363008178	0.02612500000009277	epochs	2.0
935.1778363008178	0.013082100000019636	epochs	3.0
935.1909184008178	0.013042900000073132	epochs	3.0
935.2039613008179	0.025968899999952555	epochs	2.0
935.2039613008179	0.013003899999944224	epochs	3.0
935.2169652008179	0.012965000000008331	epochs	3.0
935.2299302008179	0.025814500000024054	epochs	2.0
935.2299302008179	0.012926399999969362	epochs	3.0
935.2428566008178	0.012888100000054692	epochs	3.0
935.2557447008179	0.025661899999931848	epochs	2.0
935.2557447008179	0.012849899999991976	epochs	3.0
935.2685946008179	0.012811999999939871	epochs	3.0
935.2814066008178	0.025511200000096323	epochs	2.0
935.2814066008178	0.012774400000012065	epochs	3.0
935.2941810008178	0.012736800000084258	epochs	3.0
935.3069178008179	0.025362299999983406	epochs	2.0
935.3069178008179	0.01269969999998466	epochs	3.0
935.3196175008179	0.012662599999998747	epochs	3.0
935.3322801008179	0.025215000000002874	epochs	2.0
935.3322801008179	0.01262579999990976	epochs	3.0
935.3449059008178	0.012589200000093115	epochs	3.0
935.3574951008179	0.024584799999956886	epochs	2.0
935.3813249008178	0.5	epochs	-1.0
935.3820799008179	0.9999199999999746	epochs	1.0
935.8813249008178	0.5	epochs	-1.0
937.503999710083	0.07807999999999993	epochs	0.0
937.503999710083	0.034042900000031295	epochs	1.0
937.538042610083	0.009994199999937337	epochs	1.0
937.548036810083	0.034042900000031295	epochs	1.0
937.582079710083	2.0	epochs	0.0
939.582079710083	0.5220799999999599	epochs	0.0
939.582079710083	0.5220799999999599	epochs	1.0
939.582124710083	0.5	epochs	-1.0
940.082124710083	0.022034999999959837	epochs	-1.0
940.104159710083	21.477840000000015	epochs	0.0
941.3800001144409	0.07807999999999993	epochs	0.0
941.3800001144409	0.034042900000031295	epochs	1.0
941.414043014441	0.009994199999937337	epochs	1.0
941.4240372144409	0.034042900000031295	epochs	1.0
941.4580801144409	2.0	epochs	0.0
943.4580801144409	21.999919999999975	epochs	0.0
943.4580801144409	1.0	epochs	1.0
943.4581251144409	0.5	epochs	-1.0
943.9581251144409	19.999199999999973	epochs	-1.0
944.4580801144409	20.0	epochs	1.0
944.4580801144409	4.356753899999944	epochs	-1.0
944.4580801144409	1.9745871999999736	epochs	2.0
944.4580801144409	1.0985621999999466	epochs	3.0
945.5566423144409	0.8760250000000269	epochs	3.0
946.4326673144409	1.3524075000000266	epochs	2.0
946.4326673144409	0.7286354999999958	epochs	3.0
947.1613028144409	0.6237720000000309	epochs	3.0
947.7850748144409	1.029759199999944	epochs	2.0
947.7850748144409	0.5453293000000485	epochs	3.0
948.330404114441	0.4844298999998955	epochs	3.0
948.8148340144409	0.8317862000000105	epochs	2.0
948.8148340144409	0.4357763000000432	epochs	3.0
949.2506103144409	0.3960098999999673	epochs	3.0
949.6466202144409	0.6977970000000369	epochs	2.0
949.6466202144409	0.3628982000000178	epochs	3.0
950.0095184144409	0.33489880000001904	epochs	3.0
950.3444172144409	0.601045699999986	epochs	2.0
950.3444172144409	0.3109123000000409	epochs	3.0
950.655329514441	0.29013339999994514	epochs	3.0
950.9454629144409	0.5278859000000011	epochs	2.0
950.9454629144409	0.2719586000000618	epochs	3.0
951.217421514441	0.25592729999993935	epochs	3.0
951.4733488144409	0.4706193000000667	epochs	2.0
951.4733488144409	0.241681299999982	epochs	3.0
951.7150301144409	0.22893800000008468	epochs	3.0
951.943968114441	0.42457039999999324	epochs	2.0
951.943968114441	0.2174713999999085	epochs	3.0
952.1614395144409	0.20709900000008474	epochs	3.0
952.368538514441	0.3867353999999068	epochs	2.0
952.368538514441	0.19767109999997956	epochs	3.0
952.5662096144409	0.18906429999992724	epochs	3.0
952.7552739144409	0.3550953000000163	epochs	2.0
952.7552739144409	0.18117590000008477	epochs	3.0
952.936449814441	0.17391939999993156	epochs	3.0
953.1103692144409	0.3282431000000088	epochs	2.0
953.1103692144409	0.1672219000000723	epochs	3.0
953.277591114441	0.16102119999993647	epochs	3.0
953.4386123144409	0.30516799999998057	epochs	2.0
953.4386123144409	0.15526390000002266	epochs	3.0
953.5938762144409	0.1499040999999579	epochs	3.0
953.7437803144409	0.28512530000000424	epochs	2.0
953.7437803144409	0.1449021000000812	epochs	3.0
953.888682414441	0.14022319999992305	epochs	3.0
954.0289056144409	0.267553800000087	epochs	2.0
954.0289056144409	0.1358369000000721	epochs	3.0
954.164742514441	0.1317169000000149	epochs	3.0
954.296459414441	0.252022899999929	epochs	2.0
954.296459414441	0.1278393000000051	epochs	3.0
954.424298714441	0.1241835999999239	epochs	3.0
954.5484823144409	0.23819650000007186	epochs	2.0
954.5484823144409	0.12073110000005727	epochs	3.0
954.669213414441	0.1174654000000146	epochs	3.0
954.786678814441	0.2258087999999816	epochs	2.0
954.786678814441	0.1143718999999237	epochs	3.0
954.9010507144409	0.1114369000000579	epochs	3.0
955.0124876144409	0.2146460000000161	epochs	2.0
955.0124876144409	0.10864889999993466	epochs	3.0
955.1211365144409	0.10599710000008145	epochs	3.0
955.227133614441	0.20453499999996438	epochs	2.0
955.227133614441	0.10347149999995509	epochs	3.0
955.3306051144409	0.1010635000000093	epochs	3.0
955.4316686144409	0.19533400000000256	epochs	2.0
955.4316686144409	0.09876510000003691	epochs	3.0
955.530433714441	0.09656889999996565	epochs	3.0
955.6270026144409	0.18692529999998442	epochs	2.0
955.6270026144409	0.09446830000001682	epochs	3.0
955.7214709144409	0.09245699999996759	epochs	3.0
955.8139279144409	0.17921069999999872	epochs	2.0
955.8139279144409	0.09052959999996801	epochs	3.0
955.9044575144409	0.08868110000003071	epochs	3.0
955.9931386144409	0.17210769999996955	epochs	2.0
955.9931386144409	0.08690630000000965	epochs	3.0
956.0800449144409	0.0852013999999599	epochs	3.0
956.1652463144409	0.16554640000003928	epochs	2.0
956.1652463144409	0.08356190000006336	epochs	3.0
956.2488082144409	0.08198449999997592	epochs	3.0
956.3307927144409	0.15946710000002895	epochs	2.0
956.3307927144409	0.08046539999998004	epochs	3.0
956.4112581144409	0.07900170000004891	epochs	3.0
956.490259814441	0.15381839999997737	epochs	2.0
956.490259814441	0.07759009999995214	epochs	3.0
956.5678499144409	0.07622830000002523	epochs	3.0
956.6440782144409	0.14855639999996129	epochs	2.0
956.6440782144409	0.07491330000004837	epochs	3.0
956.718991514441	0.07364309999991292	epochs	3.0
956.7926346144409	0.14364240000008976	epochs	2.0
956.7926346144409	0.07241499999997814	epochs	3.0
956.8650496144409	0.07122740000011163	epochs	3.0
956.936277014441	0.13904309999998077	epochs	2.0
956.936277014441	0.07007799999996678	epochs	3.0
957.0063550144409	0.06896510000001399	epochs	3.0
957.075320114441	0.1347293000000036	epochs	2.0
957.075320114441	0.0678871000000072	epochs	3.0
957.143207214441	0.06684219999999641	epochs	3.0
957.210049414441	0.13067519999992783	epochs	2.0
957.210049414441	0.06582909999997355	epochs	3.0
957.2758785144409	0.06484609999995428	epochs	3.0
957.3407246144409	0.12685780000003888	epochs	2.0
957.3407246144409	0.06389200000000983	epochs	3.0
957.4046166144409	0.06296580000002905	epochs	3.0
957.4675824144409	0.12325720000001184	epochs	2.0
957.4675824144409	0.06206580000002759	epochs	3.0
957.529648214441	0.06119139999998424	epochs	3.0
957.5908396144409	0.11985540000000583	epochs	2.0
957.5908396144409	0.060341099999959624	epochs	3.0
957.6511807144409	0.059514300000046205	epochs	3.0
957.710695014441	0.11663620000001629	epochs	2.0
957.710695014441	0.058709599999929196	epochs	3.0
957.7694046144409	0.05792660000008709	epochs	3.0
957.827331214441	0.11358559999996487	epochs	2.0
957.827331214441	0.05716419999998834	epochs	3.0
957.884495414441	0.05642139999997653	epochs	3.0
957.9409168144409	0.11069050000003244	epochs	2.0
957.9409168144409	0.055697900000041045	epochs	3.0
957.996614714441	0.0549925999999914	epochs	3.0
958.051607314441	0.10793909999995321	epochs	2.0
958.051607314441	0.05430489999992005	epochs	3.0
958.1059122144409	0.05363420000003316	epochs	3.0
958.1595464144409	0.10532150000005913	epochs	2.0
958.1595464144409	0.05298000000004777	epochs	3.0
958.212526414441	0.052341500000011365	epochs	3.0
958.264867914441	0.10282759999995505	epochs	2.0
958.264867914441	0.051718099999902734	epochs	3.0
958.3165860144409	0.05110950000005232	epochs	3.0
958.3676955144409	0.10044909999999163	epochs	2.0
958.3676955144409	0.05051489999993919	epochs	3.0
958.4182104144409	0.04993420000005244	epochs	3.0
958.4681446144409	0.0981782999999723	epochs	2.0
958.4681446144409	0.04936659999998483	epochs	3.0
958.5175112144409	0.04881169999998747	epochs	3.0
958.5663229144409	0.09600780000005216	epochs	2.0
958.5663229144409	0.04826920000004975	epochs	3.0
958.6145921144409	0.04773860000000241	epochs	3.0
958.6623307144409	0.09393119999992905	epochs	2.0
958.6623307144409	0.04721949999998287	epochs	3.0
958.7095502144409	0.04671169999994618	epochs	3.0
958.7562619144409	0.09194260000003851	epochs	2.0
958.7562619144409	0.04621460000009847	epochs	3.0
958.802476514441	0.04572799999994004	epochs	3.0
958.8482045144409	0.09003629999995155	epochs	2.0
958.8482045144409	0.04525150000006306	epochs	3.0
958.893456014441	0.04478479999988849	epochs	3.0
958.9382408144409	0.08820760000003247	epochs	2.0
958.9382408144409	0.044327800000019124	epochs	3.0
958.9825686144409	0.04387980000001335	epochs	3.0
959.0264484144409	0.0864516999999978	epochs	2.0
959.0264484144409	0.04344100000002982	epochs	3.0
959.0698894144409	0.04301069999996798	epochs	3.0
959.1129001144409	0.0847643000000744	epochs	2.0
959.1129001144409	0.04258900000002086	epochs	3.0
959.1554891144409	0.04217530000005354	epochs	3.0
959.197664414441	0.08314149999989695	epochs	2.0
959.197664414441	0.041769699999917975	epochs	3.0
959.2394341144409	0.041371799999978975	epochs	3.0
959.2808059144409	0.08157970000002024	epochs	2.0
959.2808059144409	0.04098140000007788	epochs	3.0
959.3217873144409	0.040598299999942355	epochs	3.0
959.3623856144409	0.08007550000002084	epochs	2.0
959.3623856144409	0.04022229999998217	epochs	3.0
959.4026079144409	0.03985320000003867	epochs	3.0
959.4424611144409	0.07862569999997504	epochs	2.0
959.4424611144409	0.039490800000066884	epochs	3.0
959.481951914441	0.03913489999990816	epochs	3.0
959.5210868144409	0.07722760000001472	epochs	2.0
959.5210868144409	0.038785400000051595	epochs	3.0
959.5598722144409	0.03844219999996312	epochs	3.0
959.5983144144409	0.07587820000003376	epochs	2.0
959.5983144144409	0.038104800000041905	epochs	3.0
959.6364192144409	0.03777339999999185	epochs	3.0
959.6741926144409	0.0745752000000266	epochs	2.0
959.6741926144409	0.03744770000002973	epochs	3.0
959.711640314441	0.03712749999999687	epochs	3.0
959.748767814441	0.07331629999998768	epochs	2.0
959.748767814441	0.036812899999972615	epochs	3.0
959.7855807144409	0.03650340000001506	epochs	3.0
959.8220841144409	0.07209899999998015	epochs	2.0
959.8220841144409	0.03619909999997617	epochs	3.0
959.8582832144409	0.03589990000000398	epochs	3.0
959.8941831144409	0.07092169999998532	epochs	2.0
959.8941831144409	0.03560560000005353	epochs	3.0
959.929788714441	0.035316099999931794	epochs	3.0
959.9651048144409	0.06978200000003199	epochs	2.0
959.9651048144409	0.03503120000004856	epochs	3.0
960.000136014441	0.03475079999998343	epochs	3.0
960.0348868144409	0.06867859999999837	epochs	2.0
960.0348868144409	0.03447510000000875	epochs	3.0
960.069361914441	0.03420349999998962	epochs	3.0
960.1035654144409	0.06760929999995824	epochs	2.0
960.1035654144409	0.033936199999970995	epochs	3.0
960.1375016144409	0.033673099999987244	epochs	3.0
960.1711747144409	0.06657289999998284	epochs	2.0
960.1711747144409	0.03341399999999339	epochs	3.0
960.2045887144409	0.033158899999989444	epochs	3.0
960.2377476144409	0.06556780000005347	epochs	2.0
960.2377476144409	0.032907700000009754	epochs	3.0
960.2706553144409	0.03266010000004371	epochs	3.0
960.3033154144409	0.06459259999996902	epochs	2.0
960.3033154144409	0.032416399999988244	epochs	3.0
960.3357318144409	0.03217619999998078	epochs	3.0
960.3679080144409	0.06364600000006249	epochs	2.0
960.3679080144409	0.03193959999998697	epochs	3.0
960.3998476144409	0.03170640000007552	epochs	3.0
960.431554014441	0.0627266999999847	epochs	2.0
960.431554014441	0.031476599999905375	epochs	3.0
960.4630306144409	0.03125010000007933	epochs	3.0
960.494280714441	0.06183359999999993	epochs	2.0
960.494280714441	0.03102689999991526	epochs	3.0
960.5253076144409	0.030806700000084675	epochs	3.0
960.556114314441	0.060965599999917686	epochs	2.0
960.556114314441	0.030589799999916067	epochs	3.0
960.5867041144409	0.030375800000001618	epochs	3.0
960.6170799144409	0.06012160000000222	epochs	2.0
960.6170799144409	0.030164900000045236	epochs	3.0
960.6472448144409	0.02995669999995698	epochs	3.0
960.6772015144409	0.05930069999999432	epochs	2.0
960.6772015144409	0.029751600000054168	epochs	3.0
960.7069531144409	0.029549099999940154	epochs	3.0
960.7365022144409	0.05850180000004457	epochs	2.0
960.7365022144409	0.02934940000000097	epochs	3.0
960.7658516144409	0.0291524000000436	epochs	3.0
960.7950040144409	0.057724200000052406	epochs	2.0
960.7950040144409	0.028957999999988715	epochs	3.0
960.8239620144409	0.02876620000006369	epochs	3.0
960.852728214441	0.05696709999995164	epochs	2.0
960.852728214441	0.028576999999927466	epochs	3.0
960.8813052144409	0.028390100000024177	epochs	3.0
960.9096953144409	0.05622949999997218	epochs	2.0
960.9096953144409	0.028205700000057732	epochs	3.0
960.937901014441	0.028023799999914445	epochs	3.0
960.9659248144409	0.05551070000001346	epochs	2.0
960.9659248144409	0.02784400000007281	epochs	3.0
960.993768814441	0.027666699999940647	epochs	3.0
961.0214355144409	0.054810200000019904	epochs	2.0
961.0214355144409	0.02749149999999645	epochs	3.0
961.0489270144409	0.027318700000023455	epochs	3.0
961.0762457144409	0.05412699999999404	epochs	2.0
961.0762457144409	0.027147799999966082	epochs	3.0
961.1033935144409	0.02697920000002796	epochs	3.0
961.1303727144409	0.053460699999959616	epochs	2.0
961.1303727144409	0.0268125999999711	epochs	3.0
961.1571853144409	0.026648099999988517	epochs	3.0
961.1838334144409	0.05281070000000909	epochs	2.0
961.1838334144409	0.026485600000000886	epochs	3.0
961.2103190144409	0.026325100000008206	epochs	3.0
961.2366441144409	0.05217620000007628	epochs	2.0
961.2366441144409	0.026166400000079193	epochs	3.0
961.262810514441	0.026009799999997085	epochs	3.0
961.288820314441	0.051556699999991906	epochs	2.0
961.288820314441	0.025854799999933675	epochs	3.0
961.3146751144409	0.02570190000005823	epochs	3.0
961.340377014441	0.05095189999997274	epochs	2.0
961.340377014441	0.025550699999939752	epochs	3.0
961.3659277144409	0.025401200000032986	epochs	3.0
961.3913289144409	0.05036099999995258	epochs	2.0
961.3913289144409	0.025253499999962514	epochs	3.0
961.4165824144409	0.02510749999999007	epochs	3.0
961.4416899144409	0.049783800000000156	epochs	2.0
961.4416899144409	0.02496320000000196	epochs	3.0
961.4666531144409	0.024820599999998194	epochs	3.0
961.4914737144409	0.049219500000049266	epochs	2.0
961.4914737144409	0.02467940000008184	epochs	3.0
961.516153114441	0.024540099999967424	epochs	3.0
961.5406932144409	0.048667899999941255	epochs	2.0
961.5406932144409	0.02440209999997478	epochs	3.0
961.5650953144409	0.024265799999966475	epochs	3.0
961.5893611144409	0.04812860000004093	epochs	2.0
961.5893611144409	0.024131000000011227	epochs	3.0
961.6134921144409	0.023997600000029706	epochs	3.0
961.6374897144409	0.047601100000065344	epochs	2.0
961.6374897144409	0.023865800000066884	epochs	3.0
961.661355514441	0.02373529999999846	epochs	3.0
961.685090814441	0.04708499999992455	epochs	2.0
961.685090814441	0.023606299999983094	epochs	3.0
961.708697114441	0.023478699999941455	epochs	3.0
961.7321758144409	0.04658000000006268	epochs	2.0
961.7321758144409	0.02335249999998723	epochs	3.0
961.7555283144409	0.02322750000007545	epochs	3.0
961.778755814441	0.04608569999993506	epochs	2.0
961.778755814441	0.023103999999989355	epochs	3.0
961.801859814441	0.022981699999945704	epochs	3.0
961.8248415144409	0.045601799999985815	epochs	2.0
961.8248415144409	0.022860700000023826	epochs	3.0
961.8477022144409	0.02274109999996199	epochs	3.0
961.8704433144409	0.04512790000001132	epochs	2.0
961.8704433144409	0.022622500000011314	epochs	3.0
961.8930658144409	0.02250540000000001	epochs	3.0
961.9155712144409	0.0446638000000803	epochs	2.0
961.9155712144409	0.02238929999998618	epochs	3.0
961.9379605144409	0.022274500000094122	epochs	3.0
961.960235014441	0.04420919999995476	epochs	2.0
961.960235014441	0.022160799999937808	epochs	3.0
961.9823958144409	0.022048400000016954	epochs	3.0
962.0044442144409	0.043763600000033875	epochs	2.0
962.0044442144409	0.021936900000014248	epochs	3.0
962.0263811144409	0.021826700000019628	epochs	3.0
962.048207814441	0.04332709999994222	epochs	2.0
962.048207814441	0.021717599999988124	epochs	3.0
962.069925414441	0.021609499999954096	epochs	3.0
962.0915349144409	0.04289900000003399	epochs	2.0
962.0915349144409	0.02150249999999687	epochs	3.0
962.1130374144409	0.021396500000037122	epochs	3.0
962.1344339144409	0.042479500000013104	epochs	2.0
962.1344339144409	0.02129170000000613	epochs	3.0
962.1557256144409	0.021187800000006973	epochs	3.0
962.176913414441	0.042067900000006375	epochs	2.0
962.176913414441	0.02108490000000529	epochs	3.0
962.197998314441	0.020983000000001084	epochs	3.0
962.218981314441	0.04166439999994509	epochs	2.0
962.218981314441	0.020882199999959994	epochs	3.0
962.2398635144409	0.020782199999985096	epochs	3.0
962.2606457144409	0.04126850000000104	epochs	2.0
962.2606457144409	0.020683299999973315	epochs	3.0
962.2813290144409	0.020585200000027726	epochs	3.0
962.3019142144409	0.04088000000001557	epochs	2.0
962.3019142144409	0.020488099999965925	epochs	3.0
962.3224023144409	0.020391900000049645	epochs	3.0
962.3427942144409	0.04049880000002304	epochs	2.0
962.3427942144409	0.020296600000051512	epochs	3.0
962.363090814441	0.020202199999971526	epochs	3.0
962.3832930144409	0.04012460000001283	epochs	2.0
962.3832930144409	0.020108699999923374	epochs	3.0
962.4034017144409	0.02001590000008946	epochs	3.0
962.423417614441	0.03975730000001931	epochs	2.0
962.423417614441	0.019924199999991288	epochs	3.0
962.4433418144409	0.019833100000028026	epochs	3.0
962.463174914441	0.03939669999999751	epochs	2.0
962.463174914441	0.01974299999994855	epochs	3.0
962.4829179144409	0.019653700000048957	epochs	3.0
962.502571614441	0.03904239999997117	epochs	2.0
962.502571614441	0.019565099999908853	epochs	3.0
962.5221367144409	0.019477300000062314	epochs	3.0
962.5416140144409	0.03869459999998526	epochs	2.0
962.5416140144409	0.019390400000020236	epochs	3.0
962.561004414441	0.01930419999996502	epochs	3.0
962.5803086144409	0.03835289999994984	epochs	2.0
962.5803086144409	0.019218799999976	epochs	3.0
962.5995274144409	0.01913409999997384	epochs	3.0
962.6186615144409	0.03801720000001296	epochs	2.0
962.6186615144409	0.019050200000037876	epochs	3.0
962.6377117144409	0.018966999999975087	epochs	3.0
962.6566787144409	0.037687200000050325	epochs	2.0
962.6566787144409	0.01888450000001285	epochs	3.0
962.6755632144409	0.018802700000037476	epochs	3.0
962.6943659144409	0.03736309999999321	epochs	2.0
962.6943659144409	0.018721700000014607	epochs	3.0
962.713087614441	0.018641399999978603	epochs	3.0
962.7317290144409	0.03704429999993408	epochs	2.0
962.7317290144409	0.01856159999999818	epochs	3.0
962.7502906144409	0.018482699999935903	epochs	3.0
962.7687733144409	0.0367310000000316	epochs	2.0
962.7687733144409	0.018404300000042895	epochs	3.0
962.7871776144409	0.018326699999988705	epochs	3.0
962.8055043144409	0.036422900000047775	epochs	2.0
962.8055043144409	0.018249599999990096	epochs	3.0
962.8237539144409	0.01817330000005768	epochs	3.0
962.841927214441	0.03612009999994825	epochs	2.0
962.841927214441	0.0180976000000328	epochs	3.0
962.860024814441	0.018022499999915453	epochs	3.0
962.8780473144409	0.03582210000001851	epochs	2.0
962.8780473144409	0.017947900000081063	epochs	3.0
962.895995214441	0.017874199999937446	epochs	3.0
962.9138694144409	0.03552899999999681	epochs	2.0
962.9138694144409	0.017800800000031813	epochs	3.0
962.9316702144409	0.017728199999965	epochs	3.0
962.9493984144409	0.03524070000003121	epochs	2.0
962.9493984144409	0.017656099999953767	epochs	3.0
962.9670545144409	0.017584600000077444	epochs	3.0
962.9846391144409	0.03495709999992869	epochs	2.0
962.9846391144409	0.01751369999999497	epochs	3.0
963.0021528144409	0.017443399999933717	epochs	3.0
963.0195962144409	0.03467790000001969	epochs	2.0
963.0195962144409	0.017373600000041733	epochs	3.0
963.0369698144409	0.017304299999977957	epochs	3.0
963.0542741144409	0.03440330000000813	epochs	2.0
963.0542741144409	0.01723570000001473	epochs	3.0
963.0715098144409	0.0171675999999934	epochs	3.0
963.0886774144409	0.0341328000000658	epochs	2.0
963.0886774144409	0.017099900000062007	epochs	3.0
963.105777314441	0.017032900000003792	epochs	3.0
963.122810214441	0.033866699999975935	epochs	2.0
963.122810214441	0.01696640000000116	epochs	3.0
963.139776614441	0.016900299999974777	epochs	3.0
963.1566769144409	0.03360459999998966	epochs	2.0
963.1566769144409	0.01683479999996962	epochs	3.0
963.1735117144409	0.01676980000002004	epochs	3.0
963.1902815144409	0.033346599999958926	epochs	2.0
963.1902815144409	0.016705300000012357	epochs	3.0
963.2069868144409	0.01664129999994657	epochs	3.0
963.2236281144409	0.03309250000006614	epochs	2.0
963.2236281144409	0.016577800000050047	epochs	3.0
963.2402059144409	0.01651470000001609	epochs	3.0
963.256720614441	0.03284229999997024	epochs	2.0
963.256720614441	0.01645220000000336	epochs	3.0
963.273172814441	0.01639009999996688	epochs	3.0
963.2895629144409	0.03259570000000167	epochs	2.0
963.2895629144409	0.016328400000020338	epochs	3.0
963.3058913144409	0.016267299999981333	epochs	3.0
963.3221586144409	0.032352899999978035	epochs	2.0
963.3221586144409	0.016206600000032267	epochs	3.0
963.338365214441	0.016146299999945768	epochs	3.0
963.3545115144409	0.03211369999996805	epochs	2.0
963.3545115144409	0.016086599999994178	epochs	3.0
963.3705981144409	0.01602709999997387	epochs	3.0
963.3866252144409	0.03187800000000607	epochs	2.0
963.3866252144409	0.015968200000088473	epochs	3.0
963.402593414441	0.015909799999917595	epochs	3.0
963.4185032144409	0.031645700000012766	epochs	2.0
963.4185032144409	0.01585160000001906	epochs	3.0
963.4343548144409	0.015794099999993705	epochs	3.0
963.4501489144409	0.0314167000000225	epochs	2.0
963.4501489144409	0.015736700000047676	epochs	3.0
963.4658856144409	0.015679999999974825	epochs	3.0
963.4815656144409	0.031191100000000915	epochs	2.0
963.4815656144409	0.015623600000026272	epochs	3.0
963.4971892144409	0.015567499999974643	epochs	3.0
963.5127567144409	0.030968700000016725	epochs	2.0
963.5127567144409	0.015512000000057924	epochs	3.0
963.528268714441	0.0154566999999588	epochs	3.0
963.5437254144409	0.030749499999956242	epochs	2.0
963.5437254144409	0.015401999999994587	epochs	3.0
963.5591274144409	0.015347499999961656	epochs	3.0
963.5744749144409	0.03053320000003623	epochs	2.0
963.5744749144409	0.015293400000018664	epochs	3.0
963.5897683144409	0.015239800000017567	epochs	3.0
963.6050081144409	0.03032010000003993	epochs	2.0
963.6050081144409	0.015186500000027081	epochs	3.0
963.620194614441	0.015133600000012848	epochs	3.0
963.635328214441	0.030109899999956724	epochs	2.0
963.635328214441	0.015081000000009226	epochs	3.0
963.650409214441	0.015028899999947498	epochs	3.0
963.6654381144409	0.02990250000004835	epochs	2.0
963.6654381144409	0.014977000000044427	epochs	3.0
963.680415114441	0.014925500000003922	epochs	3.0
963.695340614441	0.029698099999905025	epochs	2.0
963.695340614441	0.01487439999993967	epochs	3.0
963.7102150144409	0.014823699999965356	epochs	3.0
963.7250387144409	0.02949630000000525	epochs	2.0
963.7250387144409	0.014773200000036013	epochs	3.0
963.7398119144409	0.014723099999969236	epochs	3.0
963.7545350144409	0.02929740000001857	epochs	2.0
963.7545350144409	0.014673399999992398	epochs	3.0
963.7692084144409	0.014624000000026172	epochs	3.0
963.7838324144409	0.029101100000048064	epochs	2.0
963.7838324144409	0.014574900000070556	epochs	3.0
963.798407314441	0.014526199999977507	epochs	3.0
963.8129335144409	0.028907399999980044	epochs	2.0
963.8129335144409	0.014477699999929428	epochs	3.0
963.8274112144409	0.014429700000050616	epochs	3.0
963.8418409144409	0.028716199999962555	epochs	2.0
963.8418409144409	0.014381800000023759	epochs	3.0
963.856222714441	0.014334399999938796	epochs	3.0
963.8705571144409	0.028527600000074926	epochs	2.0
963.8705571144409	0.01428720000001249	epochs	3.0
963.8848443144409	0.014240400000062436	epochs	3.0
963.899084714441	0.028341399999931127	epochs	2.0
963.899084714441	0.014193799999929979	epochs	3.0
963.9132785144409	0.014147600000001148	epochs	3.0
963.9274261144409	0.028157700000065233	epochs	2.0
963.9274261144409	0.014101699999969242	epochs	3.0
963.9415278144409	0.014056000000095992	epochs	3.0
963.955583814441	0.027976299999977527	epochs	2.0
963.955583814441	0.01401060000000598	epochs	3.0
963.969594414441	0.013965699999971548	epochs	3.0
963.9835601144409	0.02779720000000907	epochs	2.0
963.9835601144409	0.013920799999937117	epochs	3.0
963.9974809144409	0.013876400000071953	epochs	3.0
964.0113573144409	0.027620399999932488	epochs	2.0
964.0113573144409	0.013832200000024386	epochs	3.0
964.025189514441	0.013788199999908102	epochs	3.0
964.0389777144409	0.02744590000008884	epochs	2.0
964.0389777144409	0.013744599999995444	epochs	3.0
964.0527223144409	0.013701300000093397	epochs	3.0
964.066423614441	0.027273499999978412	epochs	2.0
964.066423614441	0.013658200000008947	epochs	3.0
964.080081814441	0.013615299999969466	epochs	3.0
964.0936971144409	0.027103399999987232	epochs	2.0
964.0936971144409	0.013572800000019924	epochs	3.0
964.107269914441	0.013530599999967308	epochs	3.0
964.1208005144409	0.02693520000002536	epochs	2.0
964.1208005144409	0.013488400000028378	epochs	3.0
964.134288914441	0.013446799999996983	epochs	3.0
964.147735714441	0.026769199999989723	epochs	2.0
964.147735714441	0.013405199999965589	epochs	3.0
964.1611409144409	0.013364000000024134	epochs	3.0
964.174504914441	0.026605199999949036	epochs	2.0
964.174504914441	0.013322899999934634	epochs	3.0
964.1878278144409	0.013282300000014402	epochs	3.0
964.2011101144409	0.026443200000016986	epochs	2.0
964.2011101144409	0.013241699999980483	epochs	3.0
964.2143518144409	0.013201500000036503	epochs	3.0
964.2275533144409	0.0262831999999662	epochs	2.0
964.2275533144409	0.013161500000023807	epochs	3.0
964.2407148144409	0.013121699999942393	epochs	3.0
964.2538365144409	0.02612500000009277	epochs	2.0
964.2538365144409	0.013082100000019636	epochs	3.0
964.2669186144409	0.013042900000073132	epochs	3.0
964.279961514441	0.025968899999952555	epochs	2.0
964.279961514441	0.013003899999944224	epochs	3.0
964.2929654144409	0.012965000000008331	epochs	3.0
964.3059304144409	0.025814500000024054	epochs	2.0
964.3059304144409	0.012926399999969362	epochs	3.0
964.3188568144409	0.012888100000054692	epochs	3.0
964.331744914441	0.025661899999931848	epochs	2.0
964.331744914441	0.012849899999991976	epochs	3.0
964.3445948144409	0.012811999999939871	epochs	3.0
964.3574068144409	0.025511200000096323	epochs	2.0
964.3574068144409	0.012774400000012065	epochs	3.0
964.3701812144409	0.012736800000084258	epochs	3.0
964.382918014441	0.025362299999983406	epochs	2.0
964.382918014441	0.01269969999998466	epochs	3.0
964.395617714441	0.012662599999998747	epochs	3.0
964.408280314441	0.025215000000002874	epochs	2.0
964.408280314441	0.01262579999990976	epochs	3.0
964.4209061144409	0.012589200000093115	epochs	3.0
964.433495314441	0.024584799999956886	epochs	2.0
964.4573251144409	0.5	epochs	-1.0
964.4580801144409	0.9999199999999746	epochs	1.0
964.9573251144409	0.5	epochs	-1.0
966.6539998054504	0.07807999999999993	epochs	0.0
966.6539998054504	0.034042900000031295	epochs	1.0
966.6880427054505	0.009994199999937337	epochs	1.0
966.6980369054504	0.034042900000031295	epochs	1.0
966.7320798054504	2.0	epochs	0.0
968.7320798054504	21.50224000000003	epochs	0.0
968.7320798054504	1.0	epochs	1.0
968.7321248054504	0.5	epochs	-1.0
969.2321248054504	19.999199999999973	epochs	-1.0
969.7320798054504	20.0	epochs	1.0
969.7320798054504	4.356753899999944	epochs	-1.0
969.7320798054504	1.9745871999999736	epochs	2.0
969.7320798054504	1.0985621999999466	epochs	3.0
970.8306420054504	0.8760250000000269	epochs	3.0
971.7066670054504	1.3524075000000266	epochs	2.0
971.7066670054504	0.7286354999999958	epochs	3.0
972.4353025054504	0.6237720000000309	epochs	3.0
973.0590745054504	1.029759199999944	epochs	2.0
973.0590745054504	0.5453293000000485	epochs	3.0
973.6044038054505	0.4844298999998955	epochs	3.0
974.0888337054504	0.8317862000000105	epochs	2.0
974.0888337054504	0.4357763000000432	epochs	3.0
974.5246100054504	0.3960098999999673	epochs	3.0
974.9206199054504	0.6977970000000369	epochs	2.0
974.9206199054504	0.3628982000000178	epochs	3.0
975.2835181054504	0.33489880000001904	epochs	3.0
975.6184169054504	0.601045699999986	epochs	2.0
975.6184169054504	0.3109123000000409	epochs	3.0
975.9293292054505	0.29013339999994514	epochs	3.0
976.2194626054504	0.5278859000000011	epochs	2.0
976.2194626054504	0.2719586000000618	epochs	3.0
976.4914212054505	0.25592729999993935	epochs	3.0
976.7473485054504	0.4706193000000667	epochs	2.0
976.7473485054504	0.241681299999982	epochs	3.0
976.9890298054504	0.22893800000008468	epochs	3.0
977.2179678054505	0.42457039999999324	epochs	2.0
977.2179678054505	0.2174713999999085	epochs	3.0
977.4354392054504	0.20709900000008474	epochs	3.0
977.6425382054505	0.3867353999999068	epochs	2.0
977.6425382054505	0.19767109999997956	epochs	3.0
977.8402093054505	0.18906429999992724	epochs	3.0
978.0292736054504	0.3550953000000163	epochs	2.0
978.0292736054504	0.18117590000008477	epochs	3.0
978.2104495054505	0.17391939999993156	epochs	3.0
978.3843689054504	0.3282431000000088	epochs	2.0
978.3843689054504	0.1672219000000723	epochs	3.0
978.5515908054505	0.16102119999993647	epochs	3.0
978.7126120054504	0.30516799999998057	epochs	2.0
978.7126120054504	0.15526390000002266	epochs	3.0
978.8678759054504	0.1499040999999579	epochs	3.0
979.0177800054504	0.28512530000000424	epochs	2.0
979.0177800054504	0.1449021000000812	epochs	3.0
979.1626821054505	0.14022319999992305	epochs	3.0
979.3029053054504	0.267553800000087	epochs	2.0
979.3029053054504	0.1358369000000721	epochs	3.0
979.4387422054505	0.1317169000000149	epochs	3.0
979.5704591054505	0.252022899999929	epochs	2.0
979.5704591054505	0.1278393000000051	epochs	3.0
979.6982984054505	0.1241835999999239	epochs	3.0
979.8224820054504	0.23819650000007186	epochs	2.0
979.8224820054504	0.12073110000005727	epochs	3.0
979.9432131054505	0.1174654000000146	epochs	3.0
980.0606785054505	0.2258087999999816	epochs	2.0
980.0606785054505	0.1143718999999237	epochs	3.0
980.1750504054504	0.1114369000000579	epochs	3.0
980.2864873054505	0.2146460000000161	epochs	2.0
980.2864873054505	0.10864889999993466	epochs	3.0
980.3951362054504	0.10599710000008145	epochs	3.0
980.5011333054505	0.20453499999996438	epochs	2.0
980.5011333054505	0.10347149999995509	epochs	3.0
980.6046048054504	0.1010635000000093	epochs	3.0
980.7056683054504	0.19533400000000256	epochs	2.0
980.7056683054504	0.09876510000003691	epochs	3.0
980.8044334054505	0.09656889999996565	epochs	3.0
980.9010023054504	0.18692529999998442	epochs	2.0
980.9010023054504	0.09446830000001682	epochs	3.0
980.9954706054505	0.09245699999996759	epochs	3.0
981.0879276054504	0.17921069999999872	epochs	2.0
981.0879276054504	0.09052959999996801	epochs	3.0
981.1784572054504	0.08868110000003071	epochs	3.0
981.2671383054504	0.17210769999996955	epochs	2.0
981.2671383054504	0.08690630000000965	epochs	3.0
981.3540446054504	0.0852013999999599	epochs	3.0
981.4392460054504	0.16554640000003928	epochs	2.0
981.4392460054504	0.08356190000006336	epochs	3.0
981.5228079054505	0.08198449999997592	epochs	3.0
981.6047924054504	0.15946710000002895	epochs	2.0
981.6047924054504	0.08046539999998004	epochs	3.0
981.6852578054504	0.07900170000004891	epochs	3.0
981.7642595054505	0.15381839999997737	epochs	2.0
981.7642595054505	0.07759009999995214	epochs	3.0
981.8418496054504	0.07622830000002523	epochs	3.0
981.9180779054504	0.14855639999996129	epochs	2.0
981.9180779054504	0.07491330000004837	epochs	3.0
981.9929912054505	0.07364309999991292	epochs	3.0
982.0666343054504	0.14364240000008976	epochs	2.0
982.0666343054504	0.07241499999997814	epochs	3.0
982.1390493054504	0.07122740000011163	epochs	3.0
982.2102767054505	0.13904309999998077	epochs	2.0
982.2102767054505	0.07007799999996678	epochs	3.0
982.2803547054505	0.06896510000001399	epochs	3.0
982.3493198054505	0.1347293000000036	epochs	2.0
982.3493198054505	0.0678871000000072	epochs	3.0
982.4172069054505	0.06684219999999641	epochs	3.0
982.4840491054505	0.13067519999992783	epochs	2.0
982.4840491054505	0.06582909999997355	epochs	3.0
982.5498782054505	0.06484609999995428	epochs	3.0
982.6147243054504	0.12685780000003888	epochs	2.0
982.6147243054504	0.06389200000000983	epochs	3.0
982.6786163054504	0.06296580000002905	epochs	3.0
982.7415821054504	0.12325720000001184	epochs	2.0
982.7415821054504	0.06206580000002759	epochs	3.0
982.8036479054505	0.06119139999998424	epochs	3.0
982.8648393054505	0.11985540000000583	epochs	2.0
982.8648393054505	0.060341099999959624	epochs	3.0
982.9251804054504	0.059514300000046205	epochs	3.0
982.9846947054505	0.11663620000001629	epochs	2.0
982.9846947054505	0.058709599999929196	epochs	3.0
983.0434043054504	0.05792660000008709	epochs	3.0
983.1013309054505	0.11358559999996487	epochs	2.0
983.1013309054505	0.05716419999998834	epochs	3.0
983.1584951054505	0.05642139999997653	epochs	3.0
983.2149165054504	0.11069050000003244	epochs	2.0
983.2149165054504	0.055697900000041045	epochs	3.0
983.2706144054505	0.0549925999999914	epochs	3.0
983.3256070054505	0.10793909999995321	epochs	2.0
983.3256070054505	0.05430489999992005	epochs	3.0
983.3799119054504	0.05363420000003316	epochs	3.0
983.4335461054504	0.10532150000005913	epochs	2.0
983.4335461054504	0.05298000000004777	epochs	3.0
983.4865261054505	0.052341500000011365	epochs	3.0
983.5388676054505	0.10282759999995505	epochs	2.0
983.5388676054505	0.051718099999902734	epochs	3.0
983.5905857054504	0.05110950000005232	epochs	3.0
983.6416952054504	0.10044909999999163	epochs	2.0
983.6416952054504	0.05051489999993919	epochs	3.0
983.6922101054504	0.04993420000005244	epochs	3.0
983.7421443054504	0.0981782999999723	epochs	2.0
983.7421443054504	0.04936659999998483	epochs	3.0
983.7915109054504	0.04881169999998747	epochs	3.0
983.8403226054504	0.09600780000005216	epochs	2.0
983.8403226054504	0.04826920000004975	epochs	3.0
983.8885918054505	0.04773860000000241	epochs	3.0
983.9363304054505	0.09393119999992905	epochs	2.0
983.9363304054505	0.04721949999998287	epochs	3.0
983.9835499054504	0.04671169999994618	epochs	3.0
984.0302616054504	0.09194260000003851	epochs	2.0
984.0302616054504	0.04621460000009847	epochs	3.0
984.0764762054505	0.04572799999994004	epochs	3.0
984.1222042054504	0.09003629999995155	epochs	2.0
984.1222042054504	0.04525150000006306	epochs	3.0
984.1674557054505	0.04478479999988849	epochs	3.0
984.2122405054504	0.08820760000003247	epochs	2.0
984.2122405054504	0.044327800000019124	epochs	3.0
984.2565683054504	0.04387980000001335	epochs	3.0
984.3004481054504	0.0864516999999978	epochs	2.0
984.3004481054504	0.04344100000002982	epochs	3.0
984.3438891054504	0.04301069999996798	epochs	3.0
984.3868998054504	0.0847643000000744	epochs	2.0
984.3868998054504	0.04258900000002086	epochs	3.0
984.4294888054504	0.04217530000005354	epochs	3.0
984.4716641054505	0.08314149999989695	epochs	2.0
984.4716641054505	0.041769699999917975	epochs	3.0
984.5134338054504	0.041371799999978975	epochs	3.0
984.5548056054504	0.08157970000002024	epochs	2.0
984.5548056054504	0.04098140000007788	epochs	3.0
984.5957870054505	0.040598299999942355	epochs	3.0
984.6363853054504	0.08007550000002084	epochs	2.0
984.6363853054504	0.04022229999998217	epochs	3.0
984.6766076054504	0.03985320000003867	epochs	3.0
984.7164608054504	0.07862569999997504	epochs	2.0
984.7164608054504	0.039490800000066884	epochs	3.0
984.7559516054505	0.03913489999990816	epochs	3.0
984.7950865054504	0.07722760000001472	epochs	2.0
984.7950865054504	0.038785400000051595	epochs	3.0
984.8338719054505	0.03844219999996312	epochs	3.0
984.8723141054504	0.07587820000003376	epochs	2.0
984.8723141054504	0.038104800000041905	epochs	3.0
984.9104189054505	0.03777339999999185	epochs	3.0
984.9481923054504	0.0745752000000266	epochs	2.0
984.9481923054504	0.03744770000002973	epochs	3.0
984.9856400054505	0.03712749999999687	epochs	3.0
985.0227675054505	0.07331629999998768	epochs	2.0
985.0227675054505	0.036812899999972615	epochs	3.0
985.0595804054504	0.03650340000001506	epochs	3.0
985.0960838054505	0.07209899999998015	epochs	2.0
985.0960838054505	0.03619909999997617	epochs	3.0
985.1322829054504	0.03589990000000398	epochs	3.0
985.1681828054504	0.07092169999998532	epochs	2.0
985.1681828054504	0.03560560000005353	epochs	3.0
985.2037884054505	0.035316099999931794	epochs	3.0
985.2391045054504	0.06978200000003199	epochs	2.0
985.2391045054504	0.03503120000004856	epochs	3.0
985.2741357054505	0.03475079999998343	epochs	3.0
985.3088865054505	0.06867859999999837	epochs	2.0
985.3088865054505	0.03447510000000875	epochs	3.0
985.3433616054505	0.03420349999998962	epochs	3.0
985.3775651054505	0.06760929999995824	epochs	2.0
985.3775651054505	0.033936199999970995	epochs	3.0
985.4115013054504	0.033673099999987244	epochs	3.0
985.4451744054504	0.06657289999998284	epochs	2.0
985.4451744054504	0.03341399999999339	epochs	3.0
985.4785884054504	0.033158899999989444	epochs	3.0
985.5117473054504	0.06556780000005347	epochs	2.0
985.5117473054504	0.032907700000009754	epochs	3.0
985.5446550054504	0.03266010000004371	epochs	3.0
985.5773151054505	0.06459259999996902	epochs	2.0
985.5773151054505	0.032416399999988244	epochs	3.0
985.6097315054504	0.03217619999998078	epochs	3.0
985.6419077054504	0.06364600000006249	epochs	2.0
985.6419077054504	0.03193959999998697	epochs	3.0
985.6738473054504	0.03170640000007552	epochs	3.0
985.7055537054505	0.0627266999999847	epochs	2.0
985.7055537054505	0.031476599999905375	epochs	3.0
985.7370303054504	0.03125010000007933	epochs	3.0
985.7682804054505	0.06183359999999993	epochs	2.0
985.7682804054505	0.03102689999991526	epochs	3.0
985.7993073054504	0.030806700000084675	epochs	3.0
985.8301140054505	0.060965599999917686	epochs	2.0
985.8301140054505	0.030589799999916067	epochs	3.0
985.8607038054504	0.030375800000001618	epochs	3.0
985.8910796054504	0.06012160000000222	epochs	2.0
985.8910796054504	0.030164900000045236	epochs	3.0
985.9212445054504	0.02995669999995698	epochs	3.0
985.9512012054504	0.05930069999999432	epochs	2.0
985.9512012054504	0.029751600000054168	epochs	3.0
985.9809528054504	0.029549099999940154	epochs	3.0
986.0105019054504	0.05850180000004457	epochs	2.0
986.0105019054504	0.02934940000000097	epochs	3.0
986.0398513054504	0.0291524000000436	epochs	3.0
986.0690037054504	0.057724200000052406	epochs	2.0
986.0690037054504	0.028957999999988715	epochs	3.0
986.0979617054504	0.02876620000006369	epochs	3.0
986.1267279054505	0.05696709999995164	epochs	2.0
986.1267279054505	0.028576999999927466	epochs	3.0
986.1553049054504	0.028390100000024177	epochs	3.0
986.1836950054504	0.05622949999997218	epochs	2.0
986.1836950054504	0.028205700000057732	epochs	3.0
986.2119007054505	0.028023799999914445	epochs	3.0
986.2399245054504	0.05551070000001346	epochs	2.0
986.2399245054504	0.02784400000007281	epochs	3.0
986.2677685054505	0.027666699999940647	epochs	3.0
986.2954352054504	0.054810200000019904	epochs	2.0
986.2954352054504	0.02749149999999645	epochs	3.0
986.3229267054504	0.027318700000023455	epochs	3.0
986.3502454054504	0.05412699999999404	epochs	2.0
986.3502454054504	0.027147799999966082	epochs	3.0
986.3773932054504	0.02697920000002796	epochs	3.0
986.4043724054504	0.053460699999959616	epochs	2.0
986.4043724054504	0.0268125999999711	epochs	3.0
986.4311850054504	0.026648099999988517	epochs	3.0
986.4578331054504	0.05281070000000909	epochs	2.0
986.4578331054504	0.026485600000000886	epochs	3.0
986.4843187054504	0.026325100000008206	epochs	3.0
986.5106438054504	0.05217620000007628	epochs	2.0
986.5106438054504	0.026166400000079193	epochs	3.0
986.5368102054505	0.026009799999997085	epochs	3.0
986.5628200054505	0.051556699999991906	epochs	2.0
986.5628200054505	0.025854799999933675	epochs	3.0
986.5886748054504	0.02570190000005823	epochs	3.0
986.6143767054505	0.05095189999997274	epochs	2.0
986.6143767054505	0.025550699999939752	epochs	3.0
986.6399274054504	0.025401200000032986	epochs	3.0
986.6653286054504	0.05036099999995258	epochs	2.0
986.6653286054504	0.025253499999962514	epochs	3.0
986.6905821054504	0.02510749999999007	epochs	3.0
986.7156896054504	0.049783800000000156	epochs	2.0
986.7156896054504	0.02496320000000196	epochs	3.0
986.7406528054504	0.024820599999998194	epochs	3.0
986.7654734054504	0.049219500000049266	epochs	2.0
986.7654734054504	0.02467940000008184	epochs	3.0
986.7901528054505	0.024540099999967424	epochs	3.0
986.8146929054504	0.048667899999941255	epochs	2.0
986.8146929054504	0.02440209999997478	epochs	3.0
986.8390950054504	0.024265799999966475	epochs	3.0
986.8633608054504	0.04812860000004093	epochs	2.0
986.8633608054504	0.024131000000011227	epochs	3.0
986.8874918054504	0.023997600000029706	epochs	3.0
986.9114894054504	0.047601100000065344	epochs	2.0
986.9114894054504	0.023865800000066884	epochs	3.0
986.9353552054505	0.02373529999999846	epochs	3.0
986.9590905054505	0.04708499999992455	epochs	2.0
986.9590905054505	0.023606299999983094	epochs	3.0
986.9826968054505	0.023478699999941455	epochs	3.0
987.0061755054504	0.04658000000006268	epochs	2.0
987.0061755054504	0.02335249999998723	epochs	3.0
987.0295280054504	0.02322750000007545	epochs	3.0
987.0527555054505	0.04608569999993506	epochs	2.0
987.0527555054505	0.023103999999989355	epochs	3.0
987.0758595054505	0.022981699999945704	epochs	3.0
987.0988412054504	0.045601799999985815	epochs	2.0
987.0988412054504	0.022860700000023826	epochs	3.0
987.1217019054504	0.02274109999996199	epochs	3.0
987.1444430054504	0.04512790000001132	epochs	2.0
987.1444430054504	0.022622500000011314	epochs	3.0
987.1670655054504	0.02250540000000001	epochs	3.0
987.1895709054504	0.0446638000000803	epochs	2.0
987.1895709054504	0.02238929999998618	epochs	3.0
987.2119602054504	0.022274500000094122	epochs	3.0
987.2342347054505	0.04420919999995476	epochs	2.0
987.2342347054505	0.022160799999937808	epochs	3.0
987.2563955054504	0.022048400000016954	epochs	3.0
987.2784439054504	0.043763600000033875	epochs	2.0
987.2784439054504	0.021936900000014248	epochs	3.0
987.3003808054505	0.021826700000019628	epochs	3.0
987.3222075054505	0.04332709999994222	epochs	2.0
987.3222075054505	0.021717599999988124	epochs	3.0
987.3439251054505	0.021609499999954096	epochs	3.0
987.3655346054504	0.04289900000003399	epochs	2.0
987.3655346054504	0.02150249999999687	epochs	3.0
987.3870371054504	0.021396500000037122	epochs	3.0
987.4084336054505	0.042479500000013104	epochs	2.0
987.4084336054505	0.02129170000000613	epochs	3.0
987.4297253054505	0.021187800000006973	epochs	3.0
987.4509131054505	0.042067900000006375	epochs	2.0
987.4509131054505	0.02108490000000529	epochs	3.0
987.4719980054505	0.020983000000001084	epochs	3.0
987.4929810054505	0.04166439999994509	epochs	2.0
987.4929810054505	0.020882199999959994	epochs	3.0
987.5138632054504	0.020782199999985096	epochs	3.0
987.5346454054504	0.04126850000000104	epochs	2.0
987.5346454054504	0.020683299999973315	epochs	3.0
987.5553287054504	0.020585200000027726	epochs	3.0
987.5759139054504	0.04088000000001557	epochs	2.0
987.5759139054504	0.020488099999965925	epochs	3.0
987.5964020054504	0.020391900000049645	epochs	3.0
987.6167939054504	0.04049880000002304	epochs	2.0
987.6167939054504	0.020296600000051512	epochs	3.0
987.6370905054505	0.020202199999971526	epochs	3.0
987.6572927054505	0.04012460000001283	epochs	2.0
987.6572927054505	0.020108699999923374	epochs	3.0
987.6774014054504	0.02001590000008946	epochs	3.0
987.6974173054505	0.03975730000001931	epochs	2.0
987.6974173054505	0.019924199999991288	epochs	3.0
987.7173415054505	0.019833100000028026	epochs	3.0
987.7371746054505	0.03939669999999751	epochs	2.0
987.7371746054505	0.01974299999994855	epochs	3.0
987.7569176054504	0.019653700000048957	epochs	3.0
987.7765713054505	0.03904239999997117	epochs	2.0
987.7765713054505	0.019565099999908853	epochs	3.0
987.7961364054504	0.019477300000062314	epochs	3.0
987.8156137054505	0.03869459999998526	epochs	2.0
987.8156137054505	0.019390400000020236	epochs	3.0
987.8350041054505	0.01930419999996502	epochs	3.0
987.8543083054504	0.03835289999994984	epochs	2.0
987.8543083054504	0.019218799999976	epochs	3.0
987.8735271054504	0.01913409999997384	epochs	3.0
987.8926612054504	0.03801720000001296	epochs	2.0
987.8926612054504	0.019050200000037876	epochs	3.0
987.9117114054504	0.018966999999975087	epochs	3.0
987.9306784054504	0.037687200000050325	epochs	2.0
987.9306784054504	0.01888450000001285	epochs	3.0
987.9495629054504	0.018802700000037476	epochs	3.0
987.9683656054505	0.03736309999999321	epochs	2.0
987.9683656054505	0.018721700000014607	epochs	3.0
987.9870873054505	0.018641399999978603	epochs	3.0
988.0057287054505	0.03704429999993408	epochs	2.0
988.0057287054505	0.01856159999999818	epochs	3.0
988.0242903054504	0.018482699999935903	epochs	3.0
988.0427730054504	0.0367310000000316	epochs	2.0
988.0427730054504	0.018404300000042895	epochs	3.0
988.0611773054504	0.018326699999988705	epochs	3.0
988.0795040054504	0.036422900000047775	epochs	2.0
988.0795040054504	0.018249599999990096	epochs	3.0
988.0977536054504	0.01817330000005768	epochs	3.0
988.1159269054505	0.03612009999994825	epochs	2.0
988.1159269054505	0.0180976000000328	epochs	3.0
988.1340245054505	0.018022499999915453	epochs	3.0
988.1520470054504	0.03582210000001851	epochs	2.0
988.1520470054504	0.017947900000081063	epochs	3.0
988.1699949054505	0.017874199999937446	epochs	3.0
988.1878691054504	0.03552899999999681	epochs	2.0
988.1878691054504	0.017800800000031813	epochs	3.0
988.2056699054505	0.017728199999965	epochs	3.0
988.2233981054504	0.03524070000003121	epochs	2.0
988.2233981054504	0.017656099999953767	epochs	3.0
988.2410542054504	0.017584600000077444	epochs	3.0
988.2586388054505	0.03495709999992869	epochs	2.0
988.2586388054505	0.01751369999999497	epochs	3.0
988.2761525054505	0.017443399999933717	epochs	3.0
988.2935959054504	0.03467790000001969	epochs	2.0
988.2935959054504	0.017373600000041733	epochs	3.0
988.3109695054504	0.017304299999977957	epochs	3.0
988.3282738054504	0.03440330000000813	epochs	2.0
988.3282738054504	0.01723570000001473	epochs	3.0
988.3455095054504	0.0171675999999934	epochs	3.0
988.3626771054504	0.0341328000000658	epochs	2.0
988.3626771054504	0.017099900000062007	epochs	3.0
988.3797770054505	0.017032900000003792	epochs	3.0
988.3968099054505	0.033866699999975935	epochs	2.0
988.3968099054505	0.01696640000000116	epochs	3.0
988.4137763054505	0.016900299999974777	epochs	3.0
988.4306766054505	0.03360459999998966	epochs	2.0
988.4306766054505	0.01683479999996962	epochs	3.0
988.4475114054504	0.01676980000002004	epochs	3.0
988.4642812054504	0.033346599999958926	epochs	2.0
988.4642812054504	0.016705300000012357	epochs	3.0
988.4809865054505	0.01664129999994657	epochs	3.0
988.4976278054504	0.03309250000006614	epochs	2.0
988.4976278054504	0.016577800000050047	epochs	3.0
988.5142056054505	0.01651470000001609	epochs	3.0
988.5307203054505	0.03284229999997024	epochs	2.0
988.5307203054505	0.01645220000000336	epochs	3.0
988.5471725054505	0.01639009999996688	epochs	3.0
988.5635626054504	0.03259570000000167	epochs	2.0
988.5635626054504	0.016328400000020338	epochs	3.0
988.5798910054505	0.016267299999981333	epochs	3.0
988.5961583054504	0.032352899999978035	epochs	2.0
988.5961583054504	0.016206600000032267	epochs	3.0
988.6123649054505	0.016146299999945768	epochs	3.0
988.6285112054504	0.03211369999996805	epochs	2.0
988.6285112054504	0.016086599999994178	epochs	3.0
988.6445978054504	0.01602709999997387	epochs	3.0
988.6606249054504	0.03187800000000607	epochs	2.0
988.6606249054504	0.015968200000088473	epochs	3.0
988.6765931054505	0.015909799999917595	epochs	3.0
988.6925029054504	0.031645700000012766	epochs	2.0
988.6925029054504	0.01585160000001906	epochs	3.0
988.7083545054504	0.015794099999993705	epochs	3.0
988.7241486054504	0.0314167000000225	epochs	2.0
988.7241486054504	0.015736700000047676	epochs	3.0
988.7398853054505	0.015679999999974825	epochs	3.0
988.7555653054504	0.031191100000000915	epochs	2.0
988.7555653054504	0.015623600000026272	epochs	3.0
988.7711889054505	0.015567499999974643	epochs	3.0
988.7867564054504	0.030968700000016725	epochs	2.0
988.7867564054504	0.015512000000057924	epochs	3.0
988.8022684054505	0.0154566999999588	epochs	3.0
988.8177251054504	0.030749499999956242	epochs	2.0
988.8177251054504	0.015401999999994587	epochs	3.0
988.8331271054504	0.015347499999961656	epochs	3.0
988.8484746054504	0.03053320000003623	epochs	2.0
988.8484746054504	0.015293400000018664	epochs	3.0
988.8637680054504	0.015239800000017567	epochs	3.0
988.8790078054504	0.03032010000003993	epochs	2.0
988.8790078054504	0.015186500000027081	epochs	3.0
988.8941943054505	0.015133600000012848	epochs	3.0
988.9093279054505	0.030109899999956724	epochs	2.0
988.9093279054505	0.015081000000009226	epochs	3.0
988.9244089054505	0.015028899999947498	epochs	3.0
988.9394378054504	0.02990250000004835	epochs	2.0
988.9394378054504	0.014977000000044427	epochs	3.0
988.9544148054505	0.014925500000003922	epochs	3.0
988.9693403054505	0.029698099999905025	epochs	2.0
988.9693403054505	0.01487439999993967	epochs	3.0
988.9842147054504	0.014823699999965356	epochs	3.0
988.9990384054504	0.02949630000000525	epochs	2.0
988.9990384054504	0.014773200000036013	epochs	3.0
989.0138116054504	0.014723099999969236	epochs	3.0
989.0285347054504	0.02929740000001857	epochs	2.0
989.0285347054504	0.014673399999992398	epochs	3.0
989.0432081054504	0.014624000000026172	epochs	3.0
989.0578321054504	0.029101100000048064	epochs	2.0
989.0578321054504	0.014574900000070556	epochs	3.0
989.0724070054505	0.014526199999977507	epochs	3.0
989.0869332054505	0.028907399999980044	epochs	2.0
989.0869332054505	0.014477699999929428	epochs	3.0
989.1014109054504	0.014429700000050616	epochs	3.0
989.1158406054504	0.028716199999962555	epochs	2.0
989.1158406054504	0.014381800000023759	epochs	3.0
989.1302224054505	0.014334399999938796	epochs	3.0
989.1445568054504	0.028527600000074926	epochs	2.0
989.1445568054504	0.01428720000001249	epochs	3.0
989.1588440054504	0.014240400000062436	epochs	3.0
989.1730844054505	0.028341399999931127	epochs	2.0
989.1730844054505	0.014193799999929979	epochs	3.0
989.1872782054504	0.014147600000001148	epochs	3.0
989.2014258054504	0.028157700000065233	epochs	2.0
989.2014258054504	0.014101699999969242	epochs	3.0
989.2155275054504	0.014056000000095992	epochs	3.0
989.2295835054505	0.027976299999977527	epochs	2.0
989.2295835054505	0.01401060000000598	epochs	3.0
989.2435941054505	0.013965699999971548	epochs	3.0
989.2575598054505	0.02779720000000907	epochs	2.0
989.2575598054505	0.013920799999937117	epochs	3.0
989.2714806054504	0.013876400000071953	epochs	3.0
989.2853570054505	0.027620399999932488	epochs	2.0
989.2853570054505	0.013832200000024386	epochs	3.0
989.2991892054505	0.013788199999908102	epochs	3.0
989.3129774054504	0.02744590000008884	epochs	2.0
989.3129774054504	0.013744599999995444	epochs	3.0
989.3267220054504	0.013701300000093397	epochs	3.0
989.3404233054505	0.027273499999978412	epochs	2.0
989.3404233054505	0.013658200000008947	epochs	3.0
989.3540815054505	0.013615299999969466	epochs	3.0
989.3676968054505	0.027103399999987232	epochs	2.0
989.3676968054505	0.013572800000019924	epochs	3.0
989.3812696054505	0.013530599999967308	epochs	3.0
989.3948002054505	0.02693520000002536	epochs	2.0
989.3948002054505	0.013488400000028378	epochs	3.0
989.4082886054505	0.013446799999996983	epochs	3.0
989.4217354054505	0.026769199999989723	epochs	2.0
989.4217354054505	0.013405199999965589	epochs	3.0
989.4351406054504	0.013364000000024134	epochs	3.0
989.4485046054505	0.026605199999949036	epochs	2.0
989.4485046054505	0.013322899999934634	epochs	3.0
989.4618275054504	0.013282300000014402	epochs	3.0
989.4751098054504	0.026443200000016986	epochs	2.0
989.4751098054504	0.013241699999980483	epochs	3.0
989.4883515054504	0.013201500000036503	epochs	3.0
989.5015530054504	0.0262831999999662	epochs	2.0
989.5015530054504	0.013161500000023807	epochs	3.0
989.5147145054505	0.013121699999942393	epochs	3.0
989.5278362054504	0.02612500000009277	epochs	2.0
989.5278362054504	0.013082100000019636	epochs	3.0
989.5409183054504	0.013042900000073132	epochs	3.0
989.5539612054505	0.025968899999952555	epochs	2.0
989.5539612054505	0.013003899999944224	epochs	3.0
989.5669651054504	0.012965000000008331	epochs	3.0
989.5799301054504	0.025814500000024054	epochs	2.0
989.5799301054504	0.012926399999969362	epochs	3.0
989.5928565054504	0.012888100000054692	epochs	3.0
989.6057446054505	0.025661899999931848	epochs	2.0
989.6057446054505	0.012849899999991976	epochs	3.0
989.6185945054505	0.012811999999939871	epochs	3.0
989.6314065054504	0.025511200000096323	epochs	2.0
989.6314065054504	0.012774400000012065	epochs	3.0
989.6441809054504	0.012736800000084258	epochs	3.0
989.6569177054505	0.025362299999983406	epochs	2.0
989.6569177054505	0.01269969999998466	epochs	3.0
989.6696174054505	0.012662599999998747	epochs	3.0
989.6822800054505	0.025215000000002874	epochs	2.0
989.6822800054505	0.01262579999990976	epochs	3.0
989.6949058054504	0.012589200000093115	epochs	3.0
989.7074950054505	0.024584799999956886	epochs	2.0
989.7313248054504	0.5	epochs	-1.0
989.7320798054504	0.5022400000000289	epochs	1.0
990.2343198054505	0.4976799999999457	epochs	0.0
991.4249997138977	0.07807999999999993	epochs	0.0
991.4249997138977	0.034042900000031295	epochs	1.0
991.4590426138977	0.009994199999937337	epochs	1.0
991.4690368138977	0.034042900000031295	epochs	1.0
991.5030797138977	2.0	epochs	0.0
993.5030797138977	21.501520000000028	epochs	0.0
993.5030797138977	1.0	epochs	1.0
993.5031247138977	0.5	epochs	-1.0
994.0031247138977	19.999199999999973	epochs	-1.0
994.5030797138977	20.0	epochs	1.0
994.5030797138977	4.356753899999944	epochs	-1.0
994.5030797138977	1.9745871999999736	epochs	2.0
994.5030797138977	1.0985621999999466	epochs	3.0
995.6016419138977	0.8760250000000269	epochs	3.0
996.4776669138977	1.3524075000000266	epochs	2.0
996.4776669138977	0.7286354999999958	epochs	3.0
997.2063024138977	0.6237720000000309	epochs	3.0
997.8300744138977	1.029759199999944	epochs	2.0
997.8300744138977	0.5453293000000485	epochs	3.0
998.3754037138978	0.4844298999998955	epochs	3.0
998.8598336138976	0.8317862000000105	epochs	2.0
998.8598336138976	0.4357763000000432	epochs	3.0
999.2956099138977	0.3960098999999673	epochs	3.0
999.6916198138977	0.6977970000000369	epochs	2.0
999.6916198138977	0.3628982000000178	epochs	3.0
1000.0545180138977	0.33489880000001904	epochs	3.0
1000.3894168138977	0.601045699999986	epochs	2.0
1000.3894168138977	0.3109123000000409	epochs	3.0
1000.7003291138977	0.29013339999994514	epochs	3.0
1000.9904625138977	0.5278859000000011	epochs	2.0
1000.9904625138977	0.2719586000000618	epochs	3.0
1001.2624211138977	0.25592729999993935	epochs	3.0
1001.5183484138977	0.4706193000000667	epochs	2.0
1001.5183484138977	0.241681299999982	epochs	3.0
1001.7600297138977	0.22893800000008468	epochs	3.0
1001.9889677138978	0.42457039999999324	epochs	2.0
1001.9889677138978	0.2174713999999085	epochs	3.0
1002.2064391138977	0.20709900000008474	epochs	3.0
1002.4135381138977	0.3867353999999068	epochs	2.0
1002.4135381138977	0.19767109999997956	epochs	3.0
1002.6112092138977	0.18906429999992724	epochs	3.0
1002.8002735138977	0.3550953000000163	epochs	2.0
1002.8002735138977	0.18117590000008477	epochs	3.0
1002.9814494138977	0.17391939999993156	epochs	3.0
1003.1553688138977	0.3282431000000088	epochs	2.0
1003.1553688138977	0.1672219000000723	epochs	3.0
1003.3225907138977	0.16102119999993647	epochs	3.0
1003.4836119138977	0.30516799999998057	epochs	2.0
1003.4836119138977	0.15526390000002266	epochs	3.0
1003.6388758138977	0.1499040999999579	epochs	3.0
1003.7887799138977	0.28512530000000424	epochs	2.0
1003.7887799138977	0.1449021000000812	epochs	3.0
1003.9336820138977	0.14022319999992305	epochs	3.0
1004.0739052138977	0.267553800000087	epochs	2.0
1004.0739052138977	0.1358369000000721	epochs	3.0
1004.2097421138977	0.1317169000000149	epochs	3.0
1004.3414590138977	0.252022899999929	epochs	2.0
1004.3414590138977	0.1278393000000051	epochs	3.0
1004.4692983138978	0.1241835999999239	epochs	3.0
1004.5934819138977	0.23819650000007186	epochs	2.0
1004.5934819138977	0.12073110000005727	epochs	3.0
1004.7142130138977	0.1174654000000146	epochs	3.0
1004.8316784138977	0.2258087999999816	epochs	2.0
1004.8316784138977	0.1143718999999237	epochs	3.0
1004.9460503138977	0.1114369000000579	epochs	3.0
1005.0574872138977	0.2146460000000161	epochs	2.0
1005.0574872138977	0.10864889999993466	epochs	3.0
1005.1661361138977	0.10599710000008145	epochs	3.0
1005.2721332138977	0.20453499999996438	epochs	2.0
1005.2721332138977	0.10347149999995509	epochs	3.0
1005.3756047138977	0.1010635000000093	epochs	3.0
1005.4766682138977	0.19533400000000256	epochs	2.0
1005.4766682138977	0.09876510000003691	epochs	3.0
1005.5754333138977	0.09656889999996565	epochs	3.0
1005.6720022138977	0.18692529999998442	epochs	2.0
1005.6720022138977	0.09446830000001682	epochs	3.0
1005.7664705138977	0.09245699999996759	epochs	3.0
1005.8589275138977	0.17921069999999872	epochs	2.0
1005.8589275138977	0.09052959999996801	epochs	3.0
1005.9494571138977	0.08868110000003071	epochs	3.0
1006.0381382138977	0.17210769999996955	epochs	2.0
1006.0381382138977	0.08690630000000965	epochs	3.0
1006.1250445138977	0.0852013999999599	epochs	3.0
1006.2102459138977	0.16554640000003928	epochs	2.0
1006.2102459138977	0.08356190000006336	epochs	3.0
1006.2938078138977	0.08198449999997592	epochs	3.0
1006.3757923138977	0.15946710000002895	epochs	2.0
1006.3757923138977	0.08046539999998004	epochs	3.0
1006.4562577138977	0.07900170000004891	epochs	3.0
1006.5352594138977	0.15381839999997737	epochs	2.0
1006.5352594138977	0.07759009999995214	epochs	3.0
1006.6128495138977	0.07622830000002523	epochs	3.0
1006.6890778138977	0.14855639999996129	epochs	2.0
1006.6890778138977	0.07491330000004837	epochs	3.0
1006.7639911138978	0.07364309999991292	epochs	3.0
1006.8376342138977	0.14364240000008976	epochs	2.0
1006.8376342138977	0.07241499999997814	epochs	3.0
1006.9100492138977	0.07122740000011163	epochs	3.0
1006.9812766138978	0.13904309999998077	epochs	2.0
1006.9812766138978	0.07007799999996678	epochs	3.0
1007.0513546138977	0.06896510000001399	epochs	3.0
1007.1203197138977	0.1347293000000036	epochs	2.0
1007.1203197138977	0.0678871000000072	epochs	3.0
1007.1882068138978	0.06684219999999641	epochs	3.0
1007.2550490138977	0.13067519999992783	epochs	2.0
1007.2550490138977	0.06582909999997355	epochs	3.0
1007.3208781138977	0.06484609999995428	epochs	3.0
1007.3857242138977	0.12685780000003888	epochs	2.0
1007.3857242138977	0.06389200000000983	epochs	3.0
1007.4496162138977	0.06296580000002905	epochs	3.0
1007.5125820138977	0.12325720000001184	epochs	2.0
1007.5125820138977	0.06206580000002759	epochs	3.0
1007.5746478138977	0.06119139999998424	epochs	3.0
1007.6358392138977	0.11985540000000583	epochs	2.0
1007.6358392138977	0.060341099999959624	epochs	3.0
1007.6961803138977	0.059514300000046205	epochs	3.0
1007.7556946138977	0.11663620000001629	epochs	2.0
1007.7556946138977	0.058709599999929196	epochs	3.0
1007.8144042138977	0.05792660000008709	epochs	3.0
1007.8723308138977	0.11358559999996487	epochs	2.0
1007.8723308138977	0.05716419999998834	epochs	3.0
1007.9294950138977	0.05642139999997653	epochs	3.0
1007.9859164138977	0.11069050000003244	epochs	2.0
1007.9859164138977	0.055697900000041045	epochs	3.0
1008.0416143138978	0.0549925999999914	epochs	3.0
1008.0966069138977	0.10793909999995321	epochs	2.0
1008.0966069138977	0.05430489999992005	epochs	3.0
1008.1509118138977	0.05363420000003316	epochs	3.0
1008.2045460138977	0.10532150000005913	epochs	2.0
1008.2045460138977	0.05298000000004777	epochs	3.0
1008.2575260138977	0.052341500000011365	epochs	3.0
1008.3098675138978	0.10282759999995505	epochs	2.0
1008.3098675138978	0.051718099999902734	epochs	3.0
1008.3615856138977	0.05110950000005232	epochs	3.0
1008.4126951138977	0.10044909999999163	epochs	2.0
1008.4126951138977	0.05051489999993919	epochs	3.0
1008.4632100138977	0.04993420000005244	epochs	3.0
1008.5131442138977	0.0981782999999723	epochs	2.0
1008.5131442138977	0.04936659999998483	epochs	3.0
1008.5625108138977	0.04881169999998747	epochs	3.0
1008.6113225138977	0.09600780000005216	epochs	2.0
1008.6113225138977	0.04826920000004975	epochs	3.0
1008.6595917138977	0.04773860000000241	epochs	3.0
1008.7073303138977	0.09393119999992905	epochs	2.0
1008.7073303138977	0.04721949999998287	epochs	3.0
1008.7545498138977	0.04671169999994618	epochs	3.0
1008.8012615138977	0.09194260000003851	epochs	2.0
1008.8012615138977	0.04621460000009847	epochs	3.0
1008.8474761138978	0.04572799999994004	epochs	3.0
1008.8932041138977	0.09003629999995155	epochs	2.0
1008.8932041138977	0.04525150000006306	epochs	3.0
1008.9384556138978	0.04478479999988849	epochs	3.0
1008.9832404138976	0.08820760000003247	epochs	2.0
1008.9832404138976	0.044327800000019124	epochs	3.0
1009.0275682138977	0.04387980000001335	epochs	3.0
1009.0714480138977	0.0864516999999978	epochs	2.0
1009.0714480138977	0.04344100000002982	epochs	3.0
1009.1148890138977	0.04301069999996798	epochs	3.0
1009.1578997138977	0.0847643000000744	epochs	2.0
1009.1578997138977	0.04258900000002086	epochs	3.0
1009.2004887138977	0.04217530000005354	epochs	3.0
1009.2426640138978	0.08314149999989695	epochs	2.0
1009.2426640138978	0.041769699999917975	epochs	3.0
1009.2844337138977	0.041371799999978975	epochs	3.0
1009.3258055138976	0.08157970000002024	epochs	2.0
1009.3258055138976	0.04098140000007788	epochs	3.0
1009.3667869138977	0.040598299999942355	epochs	3.0
1009.4073852138977	0.08007550000002084	epochs	2.0
1009.4073852138977	0.04022229999998217	epochs	3.0
1009.4476075138977	0.03985320000003867	epochs	3.0
1009.4874607138977	0.07862569999997504	epochs	2.0
1009.4874607138977	0.039490800000066884	epochs	3.0
1009.5269515138978	0.03913489999990816	epochs	3.0
1009.5660864138977	0.07722760000001472	epochs	2.0
1009.5660864138977	0.038785400000051595	epochs	3.0
1009.6048718138977	0.03844219999996312	epochs	3.0
1009.6433140138977	0.07587820000003376	epochs	2.0
1009.6433140138977	0.038104800000041905	epochs	3.0
1009.6814188138977	0.03777339999999185	epochs	3.0
1009.7191922138977	0.0745752000000266	epochs	2.0
1009.7191922138977	0.03744770000002973	epochs	3.0
1009.7566399138977	0.03712749999999687	epochs	3.0
1009.7937674138977	0.07331629999998768	epochs	2.0
1009.7937674138977	0.036812899999972615	epochs	3.0
1009.8305803138977	0.03650340000001506	epochs	3.0
1009.8670837138977	0.07209899999998015	epochs	2.0
1009.8670837138977	0.03619909999997617	epochs	3.0
1009.9032828138977	0.03589990000000398	epochs	3.0
1009.9391827138977	0.07092169999998532	epochs	2.0
1009.9391827138977	0.03560560000005353	epochs	3.0
1009.9747883138978	0.035316099999931794	epochs	3.0
1010.0101044138977	0.06978200000003199	epochs	2.0
1010.0101044138977	0.03503120000004856	epochs	3.0
1010.0451356138977	0.03475079999998343	epochs	3.0
1010.0798864138977	0.06867859999999837	epochs	2.0
1010.0798864138977	0.03447510000000875	epochs	3.0
1010.1143615138977	0.03420349999998962	epochs	3.0
1010.1485650138977	0.06760929999995824	epochs	2.0
1010.1485650138977	0.033936199999970995	epochs	3.0
1010.1825012138977	0.033673099999987244	epochs	3.0
1010.2161743138977	0.06657289999998284	epochs	2.0
1010.2161743138977	0.03341399999999339	epochs	3.0
1010.2495883138977	0.033158899999989444	epochs	3.0
1010.2827472138977	0.06556780000005347	epochs	2.0
1010.2827472138977	0.032907700000009754	epochs	3.0
1010.3156549138977	0.03266010000004371	epochs	3.0
1010.3483150138977	0.06459259999996902	epochs	2.0
1010.3483150138977	0.032416399999988244	epochs	3.0
1010.3807314138977	0.03217619999998078	epochs	3.0
1010.4129076138977	0.06364600000006249	epochs	2.0
1010.4129076138977	0.03193959999998697	epochs	3.0
1010.4448472138977	0.03170640000007552	epochs	3.0
1010.4765536138977	0.0627266999999847	epochs	2.0
1010.4765536138977	0.031476599999905375	epochs	3.0
1010.5080302138977	0.03125010000007933	epochs	3.0
1010.5392803138977	0.06183359999999993	epochs	2.0
1010.5392803138977	0.03102689999991526	epochs	3.0
1010.5703072138976	0.030806700000084675	epochs	3.0
1010.6011139138977	0.060965599999917686	epochs	2.0
1010.6011139138977	0.030589799999916067	epochs	3.0
1010.6317037138977	0.030375800000001618	epochs	3.0
1010.6620795138977	0.06012160000000222	epochs	2.0
1010.6620795138977	0.030164900000045236	epochs	3.0
1010.6922444138977	0.02995669999995698	epochs	3.0
1010.7222011138977	0.05930069999999432	epochs	2.0
1010.7222011138977	0.029751600000054168	epochs	3.0
1010.7519527138977	0.029549099999940154	epochs	3.0
1010.7815018138976	0.05850180000004457	epochs	2.0
1010.7815018138976	0.02934940000000097	epochs	3.0
1010.8108512138976	0.0291524000000436	epochs	3.0
1010.8400036138977	0.057724200000052406	epochs	2.0
1010.8400036138977	0.028957999999988715	epochs	3.0
1010.8689616138977	0.02876620000006369	epochs	3.0
1010.8977278138977	0.05696709999995164	epochs	2.0
1010.8977278138977	0.028576999999927466	epochs	3.0
1010.9263048138977	0.028390100000024177	epochs	3.0
1010.9546949138977	0.05622949999997218	epochs	2.0
1010.9546949138977	0.028205700000057732	epochs	3.0
1010.9829006138978	0.028023799999914445	epochs	3.0
1011.0109244138977	0.05551070000001346	epochs	2.0
1011.0109244138977	0.02784400000007281	epochs	3.0
1011.0387684138977	0.027666699999940647	epochs	3.0
1011.0664351138977	0.054810200000019904	epochs	2.0
1011.0664351138977	0.02749149999999645	epochs	3.0
1011.0939266138977	0.027318700000023455	epochs	3.0
1011.1212453138977	0.05412699999999404	epochs	2.0
1011.1212453138977	0.027147799999966082	epochs	3.0
1011.1483931138977	0.02697920000002796	epochs	3.0
1011.1753723138977	0.053460699999959616	epochs	2.0
1011.1753723138977	0.0268125999999711	epochs	3.0
1011.2021849138977	0.026648099999988517	epochs	3.0
1011.2288330138977	0.05281070000000909	epochs	2.0
1011.2288330138977	0.026485600000000886	epochs	3.0
1011.2553186138977	0.026325100000008206	epochs	3.0
1011.2816437138977	0.05217620000007628	epochs	2.0
1011.2816437138977	0.026166400000079193	epochs	3.0
1011.3078101138977	0.026009799999997085	epochs	3.0
1011.3338199138977	0.051556699999991906	epochs	2.0
1011.3338199138977	0.025854799999933675	epochs	3.0
1011.3596747138977	0.02570190000005823	epochs	3.0
1011.3853766138977	0.05095189999997274	epochs	2.0
1011.3853766138977	0.025550699999939752	epochs	3.0
1011.4109273138977	0.025401200000032986	epochs	3.0
1011.4363285138977	0.05036099999995258	epochs	2.0
1011.4363285138977	0.025253499999962514	epochs	3.0
1011.4615820138977	0.02510749999999007	epochs	3.0
1011.4866895138977	0.049783800000000156	epochs	2.0
1011.4866895138977	0.02496320000000196	epochs	3.0
1011.5116527138977	0.024820599999998194	epochs	3.0
1011.5364733138977	0.049219500000049266	epochs	2.0
1011.5364733138977	0.02467940000008184	epochs	3.0
1011.5611527138977	0.024540099999967424	epochs	3.0
1011.5856928138977	0.048667899999941255	epochs	2.0
1011.5856928138977	0.02440209999997478	epochs	3.0
1011.6100949138977	0.024265799999966475	epochs	3.0
1011.6343607138976	0.04812860000004093	epochs	2.0
1011.6343607138976	0.024131000000011227	epochs	3.0
1011.6584917138977	0.023997600000029706	epochs	3.0
1011.6824893138977	0.047601100000065344	epochs	2.0
1011.6824893138977	0.023865800000066884	epochs	3.0
1011.7063551138978	0.02373529999999846	epochs	3.0
1011.7300904138978	0.04708499999992455	epochs	2.0
1011.7300904138978	0.023606299999983094	epochs	3.0
1011.7536967138977	0.023478699999941455	epochs	3.0
1011.7771754138977	0.04658000000006268	epochs	2.0
1011.7771754138977	0.02335249999998723	epochs	3.0
1011.8005279138977	0.02322750000007545	epochs	3.0
1011.8237554138977	0.04608569999993506	epochs	2.0
1011.8237554138977	0.023103999999989355	epochs	3.0
1011.8468594138977	0.022981699999945704	epochs	3.0
1011.8698411138977	0.045601799999985815	epochs	2.0
1011.8698411138977	0.022860700000023826	epochs	3.0
1011.8927018138977	0.02274109999996199	epochs	3.0
1011.9154429138977	0.04512790000001132	epochs	2.0
1011.9154429138977	0.022622500000011314	epochs	3.0
1011.9380654138977	0.02250540000000001	epochs	3.0
1011.9605708138977	0.0446638000000803	epochs	2.0
1011.9605708138977	0.02238929999998618	epochs	3.0
1011.9829601138977	0.022274500000094122	epochs	3.0
1012.0052346138978	0.04420919999995476	epochs	2.0
1012.0052346138978	0.022160799999937808	epochs	3.0
1012.0273954138977	0.022048400000016954	epochs	3.0
1012.0494438138977	0.043763600000033875	epochs	2.0
1012.0494438138977	0.021936900000014248	epochs	3.0
1012.0713807138977	0.021826700000019628	epochs	3.0
1012.0932074138977	0.04332709999994222	epochs	2.0
1012.0932074138977	0.021717599999988124	epochs	3.0
1012.1149250138977	0.021609499999954096	epochs	3.0
1012.1365345138977	0.04289900000003399	epochs	2.0
1012.1365345138977	0.02150249999999687	epochs	3.0
1012.1580370138977	0.021396500000037122	epochs	3.0
1012.1794335138977	0.042479500000013104	epochs	2.0
1012.1794335138977	0.02129170000000613	epochs	3.0
1012.2007252138977	0.021187800000006973	epochs	3.0
1012.2219130138977	0.042067900000006375	epochs	2.0
1012.2219130138977	0.02108490000000529	epochs	3.0
1012.2429979138977	0.020983000000001084	epochs	3.0
1012.2639809138977	0.04166439999994509	epochs	2.0
1012.2639809138977	0.020882199999959994	epochs	3.0
1012.2848631138977	0.020782199999985096	epochs	3.0
1012.3056453138977	0.04126850000000104	epochs	2.0
1012.3056453138977	0.020683299999973315	epochs	3.0
1012.3263286138977	0.020585200000027726	epochs	3.0
1012.3469138138977	0.04088000000001557	epochs	2.0
1012.3469138138977	0.020488099999965925	epochs	3.0
1012.3674019138977	0.020391900000049645	epochs	3.0
1012.3877938138977	0.04049880000002304	epochs	2.0
1012.3877938138977	0.020296600000051512	epochs	3.0
1012.4080904138978	0.020202199999971526	epochs	3.0
1012.4282926138977	0.04012460000001283	epochs	2.0
1012.4282926138977	0.020108699999923374	epochs	3.0
1012.4484013138976	0.02001590000008946	epochs	3.0
1012.4684172138977	0.03975730000001931	epochs	2.0
1012.4684172138977	0.019924199999991288	epochs	3.0
1012.4883414138977	0.019833100000028026	epochs	3.0
1012.5081745138978	0.03939669999999751	epochs	2.0
1012.5081745138978	0.01974299999994855	epochs	3.0
1012.5279175138977	0.019653700000048957	epochs	3.0
1012.5475712138978	0.03904239999997117	epochs	2.0
1012.5475712138978	0.019565099999908853	epochs	3.0
1012.5671363138977	0.019477300000062314	epochs	3.0
1012.5866136138977	0.03869459999998526	epochs	2.0
1012.5866136138977	0.019390400000020236	epochs	3.0
1012.6060040138977	0.01930419999996502	epochs	3.0
1012.6253082138977	0.03835289999994984	epochs	2.0
1012.6253082138977	0.019218799999976	epochs	3.0
1012.6445270138977	0.01913409999997384	epochs	3.0
1012.6636611138977	0.03801720000001296	epochs	2.0
1012.6636611138977	0.019050200000037876	epochs	3.0
1012.6827113138977	0.018966999999975087	epochs	3.0
1012.7016783138977	0.037687200000050325	epochs	2.0
1012.7016783138977	0.01888450000001285	epochs	3.0
1012.7205628138977	0.018802700000037476	epochs	3.0
1012.7393655138977	0.03736309999999321	epochs	2.0
1012.7393655138977	0.018721700000014607	epochs	3.0
1012.7580872138977	0.018641399999978603	epochs	3.0
1012.7767286138977	0.03704429999993408	epochs	2.0
1012.7767286138977	0.01856159999999818	epochs	3.0
1012.7952902138977	0.018482699999935903	epochs	3.0
1012.8137729138977	0.0367310000000316	epochs	2.0
1012.8137729138977	0.018404300000042895	epochs	3.0
1012.8321772138977	0.018326699999988705	epochs	3.0
1012.8505039138977	0.036422900000047775	epochs	2.0
1012.8505039138977	0.018249599999990096	epochs	3.0
1012.8687535138977	0.01817330000005768	epochs	3.0
1012.8869268138977	0.03612009999994825	epochs	2.0
1012.8869268138977	0.0180976000000328	epochs	3.0
1012.9050244138978	0.018022499999915453	epochs	3.0
1012.9230469138977	0.03582210000001851	epochs	2.0
1012.9230469138977	0.017947900000081063	epochs	3.0
1012.9409948138978	0.017874199999937446	epochs	3.0
1012.9588690138977	0.03552899999999681	epochs	2.0
1012.9588690138977	0.017800800000031813	epochs	3.0
1012.9766698138977	0.017728199999965	epochs	3.0
1012.9943980138977	0.03524070000003121	epochs	2.0
1012.9943980138977	0.017656099999953767	epochs	3.0
1013.0120541138976	0.017584600000077444	epochs	3.0
1013.0296387138977	0.03495709999992869	epochs	2.0
1013.0296387138977	0.01751369999999497	epochs	3.0
1013.0471524138977	0.017443399999933717	epochs	3.0
1013.0645958138977	0.03467790000001969	epochs	2.0
1013.0645958138977	0.017373600000041733	epochs	3.0
1013.0819694138977	0.017304299999977957	epochs	3.0
1013.0992737138977	0.03440330000000813	epochs	2.0
1013.0992737138977	0.01723570000001473	epochs	3.0
1013.1165094138977	0.0171675999999934	epochs	3.0
1013.1336770138977	0.0341328000000658	epochs	2.0
1013.1336770138977	0.017099900000062007	epochs	3.0
1013.1507769138977	0.017032900000003792	epochs	3.0
1013.1678098138977	0.033866699999975935	epochs	2.0
1013.1678098138977	0.01696640000000116	epochs	3.0
1013.1847762138977	0.016900299999974777	epochs	3.0
1013.2016765138977	0.03360459999998966	epochs	2.0
1013.2016765138977	0.01683479999996962	epochs	3.0
1013.2185113138977	0.01676980000002004	epochs	3.0
1013.2352811138977	0.033346599999958926	epochs	2.0
1013.2352811138977	0.016705300000012357	epochs	3.0
1013.2519864138977	0.01664129999994657	epochs	3.0
1013.2686277138977	0.03309250000006614	epochs	2.0
1013.2686277138977	0.016577800000050047	epochs	3.0
1013.2852055138977	0.01651470000001609	epochs	3.0
1013.3017202138977	0.03284229999997024	epochs	2.0
1013.3017202138977	0.01645220000000336	epochs	3.0
1013.3181724138977	0.01639009999996688	epochs	3.0
1013.3345625138977	0.03259570000000167	epochs	2.0
1013.3345625138977	0.016328400000020338	epochs	3.0
1013.3508909138977	0.016267299999981333	epochs	3.0
1013.3671582138977	0.032352899999978035	epochs	2.0
1013.3671582138977	0.016206600000032267	epochs	3.0
1013.3833648138977	0.016146299999945768	epochs	3.0
1013.3995111138977	0.03211369999996805	epochs	2.0
1013.3995111138977	0.016086599999994178	epochs	3.0
1013.4155977138977	0.01602709999997387	epochs	3.0
1013.4316248138977	0.03187800000000607	epochs	2.0
1013.4316248138977	0.015968200000088473	epochs	3.0
1013.4475930138977	0.015909799999917595	epochs	3.0
1013.4635028138977	0.031645700000012766	epochs	2.0
1013.4635028138977	0.01585160000001906	epochs	3.0
1013.4793544138977	0.015794099999993705	epochs	3.0
1013.4951485138977	0.0314167000000225	epochs	2.0
1013.4951485138977	0.015736700000047676	epochs	3.0
1013.5108852138977	0.015679999999974825	epochs	3.0
1013.5265652138977	0.031191100000000915	epochs	2.0
1013.5265652138977	0.015623600000026272	epochs	3.0
1013.5421888138977	0.015567499999974643	epochs	3.0
1013.5577563138977	0.030968700000016725	epochs	2.0
1013.5577563138977	0.015512000000057924	epochs	3.0
1013.5732683138978	0.0154566999999588	epochs	3.0
1013.5887250138977	0.030749499999956242	epochs	2.0
1013.5887250138977	0.015401999999994587	epochs	3.0
1013.6041270138977	0.015347499999961656	epochs	3.0
1013.6194745138977	0.03053320000003623	epochs	2.0
1013.6194745138977	0.015293400000018664	epochs	3.0
1013.6347679138977	0.015239800000017567	epochs	3.0
1013.6500077138977	0.03032010000003993	epochs	2.0
1013.6500077138977	0.015186500000027081	epochs	3.0
1013.6651942138977	0.015133600000012848	epochs	3.0
1013.6803278138977	0.030109899999956724	epochs	2.0
1013.6803278138977	0.015081000000009226	epochs	3.0
1013.6954088138978	0.015028899999947498	epochs	3.0
1013.7104377138977	0.02990250000004835	epochs	2.0
1013.7104377138977	0.014977000000044427	epochs	3.0
1013.7254147138977	0.014925500000003922	epochs	3.0
1013.7403402138978	0.029698099999905025	epochs	2.0
1013.7403402138978	0.01487439999993967	epochs	3.0
1013.7552146138977	0.014823699999965356	epochs	3.0
1013.7700383138977	0.02949630000000525	epochs	2.0
1013.7700383138977	0.014773200000036013	epochs	3.0
1013.7848115138977	0.014723099999969236	epochs	3.0
1013.7995346138977	0.02929740000001857	epochs	2.0
1013.7995346138977	0.014673399999992398	epochs	3.0
1013.8142080138977	0.014624000000026172	epochs	3.0
1013.8288320138977	0.029101100000048064	epochs	2.0
1013.8288320138977	0.014574900000070556	epochs	3.0
1013.8434069138978	0.014526199999977507	epochs	3.0
1013.8579331138977	0.028907399999980044	epochs	2.0
1013.8579331138977	0.014477699999929428	epochs	3.0
1013.8724108138977	0.014429700000050616	epochs	3.0
1013.8868405138977	0.028716199999962555	epochs	2.0
1013.8868405138977	0.014381800000023759	epochs	3.0
1013.9012223138977	0.014334399999938796	epochs	3.0
1013.9155567138977	0.028527600000074926	epochs	2.0
1013.9155567138977	0.01428720000001249	epochs	3.0
1013.9298439138977	0.014240400000062436	epochs	3.0
1013.9440843138977	0.028341399999931127	epochs	2.0
1013.9440843138977	0.014193799999929979	epochs	3.0
1013.9582781138977	0.014147600000001148	epochs	3.0
1013.9724257138977	0.028157700000065233	epochs	2.0
1013.9724257138977	0.014101699999969242	epochs	3.0
1013.9865274138976	0.014056000000095992	epochs	3.0
1014.0005834138977	0.027976299999977527	epochs	2.0
1014.0005834138977	0.01401060000000598	epochs	3.0
1014.0145940138977	0.013965699999971548	epochs	3.0
1014.0285597138977	0.02779720000000907	epochs	2.0
1014.0285597138977	0.013920799999937117	epochs	3.0
1014.0424805138977	0.013876400000071953	epochs	3.0
1014.0563569138977	0.027620399999932488	epochs	2.0
1014.0563569138977	0.013832200000024386	epochs	3.0
1014.0701891138978	0.013788199999908102	epochs	3.0
1014.0839773138977	0.02744590000008884	epochs	2.0
1014.0839773138977	0.013744599999995444	epochs	3.0
1014.0977219138977	0.013701300000093397	epochs	3.0
1014.1114232138978	0.027273499999978412	epochs	2.0
1014.1114232138978	0.013658200000008947	epochs	3.0
1014.1250814138978	0.013615299999969466	epochs	3.0
1014.1386967138977	0.027103399999987232	epochs	2.0
1014.1386967138977	0.013572800000019924	epochs	3.0
1014.1522695138977	0.013530599999967308	epochs	3.0
1014.1658001138977	0.02693520000002536	epochs	2.0
1014.1658001138977	0.013488400000028378	epochs	3.0
1014.1792885138977	0.013446799999996983	epochs	3.0
1014.1927353138977	0.026769199999989723	epochs	2.0
1014.1927353138977	0.013405199999965589	epochs	3.0
1014.2061405138977	0.013364000000024134	epochs	3.0
1014.2195045138977	0.026605199999949036	epochs	2.0
1014.2195045138977	0.013322899999934634	epochs	3.0
1014.2328274138977	0.013282300000014402	epochs	3.0
1014.2461097138977	0.026443200000016986	epochs	2.0
1014.2461097138977	0.013241699999980483	epochs	3.0
1014.2593514138977	0.013201500000036503	epochs	3.0
1014.2725529138977	0.0262831999999662	epochs	2.0
1014.2725529138977	0.013161500000023807	epochs	3.0
1014.2857144138977	0.013121699999942393	epochs	3.0
1014.2988361138977	0.02612500000009277	epochs	2.0
1014.2988361138977	0.013082100000019636	epochs	3.0
1014.3119182138977	0.013042900000073132	epochs	3.0
1014.3249611138978	0.025968899999952555	epochs	2.0
1014.3249611138978	0.013003899999944224	epochs	3.0
1014.3379650138977	0.012965000000008331	epochs	3.0
1014.3509300138977	0.025814500000024054	epochs	2.0
1014.3509300138977	0.012926399999969362	epochs	3.0
1014.3638564138977	0.012888100000054692	epochs	3.0
1014.3767445138977	0.025661899999931848	epochs	2.0
1014.3767445138977	0.012849899999991976	epochs	3.0
1014.3895944138977	0.012811999999939871	epochs	3.0
1014.4024064138977	0.025511200000096323	epochs	2.0
1014.4024064138977	0.012774400000012065	epochs	3.0
1014.4151808138977	0.012736800000084258	epochs	3.0
1014.4279176138978	0.025362299999983406	epochs	2.0
1014.4279176138978	0.01269969999998466	epochs	3.0
1014.4406173138977	0.012662599999998747	epochs	3.0
1014.4532799138977	0.025215000000002874	epochs	2.0
1014.4532799138977	0.01262579999990976	epochs	3.0
1014.4659057138977	0.012589200000093115	epochs	3.0
1014.4784949138977	0.024584799999956886	epochs	2.0
1014.5023247138977	0.5	epochs	-1.0
1014.5030797138977	0.5015200000000277	epochs	1.0
1015.0045997138977	0.4983999999999469	epochs	0.0
1025.4049997329712	0.07807999999999993	epochs	0.0
1025.4049997329712	0.034042900000031295	epochs	1.0
1025.4390426329712	0.009994199999937337	epochs	1.0
1025.4490368329712	0.034042900000031295	epochs	1.0
1025.4830797329712	2.0	epochs	0.0
1027.4830797329712	5.361439999999902	epochs	0.0
1027.4830797329712	1.0	epochs	1.0
1027.4831247329712	0.5	epochs	-1.0
1027.9831247329712	4.861394999999902	epochs	-1.0
1028.4830797329712	4.361439999999902	epochs	1.0
1028.4830797329712	4.356753900000058	epochs	-1.0
1028.4830797329712	1.9745872000000873	epochs	2.0
1028.4830797329712	1.0985622000000603	epochs	3.0
1029.5816419329713	0.8760250000000269	epochs	3.0
1030.4576669329713	1.3524075000000266	epochs	2.0
1030.4576669329713	0.7286354999998821	epochs	3.0
1031.1863024329712	0.6237720000001445	epochs	3.0
1031.8100744329713	1.029759199999944	epochs	2.0
1031.8100744329713	0.5453292999998212	epochs	3.0
1032.3554037329711	0.48442990000012287	epochs	3.0
1032.8398336329712	0.004686099999844373	epochs	2.0
1032.8398336329712	0.004686099999844373	epochs	3.0
1032.844519732971	16.638480000000072	epochs	0.0
1034.045000076294	0.07807999999999993	epochs	0.0
1034.045000076294	0.034042900000031295	epochs	1.0
1034.079042976294	0.009994199999937337	epochs	1.0
1034.089037176294	0.034042900000031295	epochs	1.0
1034.123080076294	2.0	epochs	0.0
1036.123080076294	5.361280000000079	epochs	0.0
1036.123080076294	1.0	epochs	1.0
1036.123125076294	0.5	epochs	-1.0
1036.623125076294	4.861235000000079	epochs	-1.0
1037.123080076294	4.361280000000079	epochs	1.0
1037.123080076294	4.356753900000058	epochs	-1.0
1037.123080076294	1.9745872000000873	epochs	2.0
1037.123080076294	1.0985622000000603	epochs	3.0
1038.221642276294	0.8760250000000269	epochs	3.0
1039.097667276294	1.3524075000000266	epochs	2.0
1039.097667276294	0.7286354999998821	epochs	3.0
1039.826302776294	0.6237720000001445	epochs	3.0
1040.450074776294	1.029759199999944	epochs	2.0
1040.450074776294	0.5453292999998212	epochs	3.0
1040.9954040762939	0.48442990000012287	epochs	3.0
1041.479833976294	0.004526100000020961	epochs	2.0
1041.479833976294	0.004526100000020961	epochs	3.0
1041.484360076294	16.638639999999896	epochs	0.0
1042.6659998893738	0.07807999999999993	epochs	0.0
1042.6659998893738	0.034042900000031295	epochs	1.0
1042.7000427893738	0.009994199999937337	epochs	1.0
1042.7100369893737	0.034042900000031295	epochs	1.0
1042.7440798893738	2.0	epochs	0.0
1044.7440798893738	5.361760000000004	epochs	0.0
1044.7440798893738	1.0	epochs	1.0
1044.7441248893738	0.5	epochs	-1.0
1045.2441248893738	4.861715000000004	epochs	-1.0
1045.7440798893738	4.361760000000004	epochs	1.0
1045.7440798893738	4.356753900000058	epochs	-1.0
1045.7440798893738	1.9745872000000873	epochs	2.0
1045.7440798893738	1.0985622000000603	epochs	3.0
1046.8426420893738	0.8760250000000269	epochs	3.0
1047.7186670893739	1.3524075000000266	epochs	2.0
1047.7186670893739	0.7286354999998821	epochs	3.0
1048.4473025893737	0.6237720000001445	epochs	3.0
1049.071074589374	1.029759199999944	epochs	2.0
1049.071074589374	0.5453292999998212	epochs	3.0
1049.6164038893737	0.48442990000012287	epochs	3.0
1050.1008337893738	0.0050060999999459455	epochs	2.0
1050.1008337893738	0.0050060999999459455	epochs	3.0
1050.1058398893738	16.63815999999997	epochs	0.0
1051.2170000076294	0.07807999999999993	epochs	0.0
1051.2170000076294	0.034042900000031295	epochs	1.0
1051.2510429076294	0.009994199999937337	epochs	1.0
1051.2610371076294	0.034042900000031295	epochs	1.0
1051.2950800076294	2.0	epochs	0.0
1053.2950800076294	21.50224000000003	epochs	0.0
1053.2950800076294	1.0	epochs	1.0
1053.2951250076294	0.5	epochs	-1.0
1053.7951250076294	19.998559999999998	epochs	-1.0
1054.2950800076294	20.0	epochs	1.0
1054.2950800076294	4.356753900000058	epochs	-1.0
1054.2950800076294	1.9745872000000873	epochs	2.0
1054.2950800076294	1.0985622000000603	epochs	3.0
1055.3936422076295	0.8760250000000269	epochs	3.0
1056.2696672076295	1.3524075000000266	epochs	2.0
1056.2696672076295	0.7286354999998821	epochs	3.0
1056.9983027076294	0.6237720000001445	epochs	3.0
1057.6220747076295	1.029759199999944	epochs	2.0
1057.6220747076295	0.5453292999998212	epochs	3.0
1058.1674040076293	0.48442990000012287	epochs	3.0
1058.6518339076295	0.8317861999998968	epochs	2.0
1058.6518339076295	0.4357763000000432	epochs	3.0
1059.0876102076295	0.3960098999998536	epochs	3.0
1059.4836201076293	0.6977970000000369	epochs	2.0
1059.4836201076293	0.3628982000000178	epochs	3.0
1059.8465183076294	0.33489880000001904	epochs	3.0
1060.1814171076294	0.601045699999986	epochs	2.0
1060.1814171076294	0.3109122999999272	epochs	3.0
1060.4923294076293	0.2901334000000588	epochs	3.0
1060.7824628076294	0.5278859000000011	epochs	2.0
1060.7824628076294	0.2719586000000618	epochs	3.0
1061.0544214076294	0.25592729999993935	epochs	3.0
1061.3103487076294	0.470619299999953	epochs	2.0
1061.3103487076294	0.241681299999982	epochs	3.0
1061.5520300076294	0.228937999999971	epochs	3.0
1061.7809680076293	0.42457039999999324	epochs	2.0
1061.7809680076293	0.21747140000002219	epochs	3.0
1061.9984394076293	0.20709899999997106	epochs	3.0
1062.2055384076293	0.3867354000001342	epochs	2.0
1062.2055384076293	0.19767109999997956	epochs	3.0
1062.4032095076293	0.18906430000015462	epochs	3.0
1062.5922738076295	0.35509529999990264	epochs	2.0
1062.5922738076295	0.18117589999997108	epochs	3.0
1062.7734497076294	0.17391939999993156	epochs	3.0
1062.9473691076294	0.3282431000000088	epochs	2.0
1062.9473691076294	0.16722189999995862	epochs	3.0
1063.1145910076293	0.16102120000005016	epochs	3.0
1063.2756122076294	0.30516800000009425	epochs	2.0
1063.2756122076294	0.15526390000013635	epochs	3.0
1063.4308761076295	0.1499040999999579	epochs	3.0
1063.5807802076295	0.28512529999989056	epochs	2.0
1063.5807802076295	0.14490209999985382	epochs	3.0
1063.7256823076293	0.14022320000003674	epochs	3.0
1063.8659055076293	0.267553800000087	epochs	2.0
1063.8659055076293	0.1358368999999584	epochs	3.0
1064.0017424076293	0.1317169000001286	epochs	3.0
1064.1334593076294	0.252022899999929	epochs	2.0
1064.1334593076294	0.1278393000000051	epochs	3.0
1064.2612986076294	0.1241835999999239	epochs	3.0
1064.3854822076294	0.23819649999995818	epochs	2.0
1064.3854822076294	0.12073110000005727	epochs	3.0
1064.5062133076294	0.11746539999990091	epochs	3.0
1064.6236787076293	0.2258088000000953	epochs	2.0
1064.6236787076293	0.11437190000015107	epochs	3.0
1064.7380506076295	0.11143689999994422	epochs	3.0
1064.8494875076294	0.21464599999990241	epochs	2.0
1064.8494875076294	0.10864889999993466	epochs	3.0
1064.9581364076294	0.10599709999996776	epochs	3.0
1065.0641335076293	0.20453500000007807	epochs	2.0
1065.0641335076293	0.10347150000006877	epochs	3.0
1065.1676050076294	0.1010635000000093	epochs	3.0
1065.2686685076294	0.19533400000000256	epochs	2.0
1065.2686685076294	0.09876510000003691	epochs	3.0
1065.3674336076294	0.09656889999996565	epochs	3.0
1065.4640025076294	0.18692529999998442	epochs	2.0
1065.4640025076294	0.09446830000001682	epochs	3.0
1065.5584708076294	0.09245699999996759	epochs	3.0
1065.6509278076294	0.1792107000001124	epochs	2.0
1065.6509278076294	0.0905296000000817	epochs	3.0
1065.7414574076295	0.08868110000003071	epochs	3.0
1065.8301385076295	0.17210769999996955	epochs	2.0
1065.8301385076295	0.08690629999978228	epochs	3.0
1065.9170448076293	0.08520140000018728	epochs	3.0
1066.0022462076295	0.16554640000003928	epochs	2.0
1066.0022462076295	0.08356189999994967	epochs	3.0
1066.0858081076294	0.08198450000008961	epochs	3.0
1066.1677926076295	0.15946709999980158	epochs	2.0
1066.1677926076295	0.08046539999986635	epochs	3.0
1066.2482580076294	0.07900169999993523	epochs	3.0
1066.3272597076293	0.15381840000009106	epochs	2.0
1066.3272597076293	0.07759010000017952	epochs	3.0
1066.4048498076295	0.07622829999991154	epochs	3.0
1066.4810781076294	0.14855639999996129	epochs	2.0
1066.4810781076294	0.07491329999993468	epochs	3.0
1066.5559914076293	0.0736431000000266	epochs	3.0
1066.6296345076294	0.14364240000008976	epochs	2.0
1066.6296345076294	0.07241500000009182	epochs	3.0
1066.7020495076295	0.07122739999999794	epochs	3.0
1066.7732769076295	0.13904309999998077	epochs	2.0
1066.7732769076295	0.07007799999996678	epochs	3.0
1066.8433549076294	0.06896510000001399	epochs	3.0
1066.9123200076294	0.13472929999988992	epochs	2.0
1066.9123200076294	0.0678871000000072	epochs	3.0
1066.9802071076294	0.06684219999988272	epochs	3.0
1067.0470493076293	0.1306752000000415	epochs	2.0
1067.0470493076293	0.06582909999997355	epochs	3.0
1067.1128784076293	0.06484610000006796	epochs	3.0
1067.1777245076294	0.1268577999999252	epochs	2.0
1067.1777245076294	0.06389200000012352	epochs	3.0
1067.2416165076295	0.06296579999980167	epochs	3.0
1067.3045823076293	0.12325720000012552	epochs	2.0
1067.3045823076293	0.06206580000002759	epochs	3.0
1067.3666481076293	0.06119140000009793	epochs	3.0
1067.4278395076294	0.11985540000000583	epochs	2.0
1067.4278395076294	0.060341099999959624	epochs	3.0
1067.4881806076294	0.059514300000046205	epochs	3.0
1067.5476949076294	0.1166361999999026	epochs	2.0
1067.5476949076294	0.058709599999929196	epochs	3.0
1067.6064045076293	0.057926599999973405	epochs	3.0
1067.6643311076293	0.11358560000007856	epochs	2.0
1067.6643311076293	0.05716419999998834	epochs	3.0
1067.7214953076293	0.056421400000090216	epochs	3.0
1067.7779167076294	0.11069049999991876	epochs	2.0
1067.7779167076294	0.055697900000041045	epochs	3.0
1067.8336146076294	0.05499259999987771	epochs	3.0
1067.8886072076293	0.1079391000000669	epochs	2.0
1067.8886072076293	0.05430490000003374	epochs	3.0
1067.9429121076294	0.05363420000003316	epochs	3.0
1067.9965463076294	0.10532149999994544	epochs	2.0
1067.9965463076294	0.05297999999993408	epochs	3.0
1068.0495263076293	0.052341500000011365	epochs	3.0
1068.1018678076293	0.10282759999995505	epochs	2.0
1068.1018678076293	0.05171810000001642	epochs	3.0
1068.1535859076293	0.051109499999938635	epochs	3.0
1068.2046954076293	0.10044910000010532	epochs	2.0
1068.2046954076293	0.050514900000052876	epochs	3.0
1068.2552103076293	0.04993420000005244	epochs	3.0
1068.3051445076294	0.0981782999999723	epochs	2.0
1068.3051445076294	0.04936659999998483	epochs	3.0
1068.3545111076294	0.04881169999998747	epochs	3.0
1068.4033228076294	0.09600780000005216	epochs	2.0
1068.4033228076294	0.04826920000004975	epochs	3.0
1068.4515920076294	0.04773860000000241	epochs	3.0
1068.4993306076294	0.09393120000004274	epochs	2.0
1068.4993306076294	0.04721949999998287	epochs	3.0
1068.5465501076294	0.046711700000059864	epochs	3.0
1068.5932618076295	0.09194260000003851	epochs	2.0
1068.5932618076295	0.046214599999984785	epochs	3.0
1068.6394764076294	0.045728000000053726	epochs	3.0
1068.6852044076295	0.09003629999983787	epochs	2.0
1068.6852044076295	0.045251499999949374	epochs	3.0
1068.7304559076294	0.04478479999988849	epochs	3.0
1068.7752407076293	0.08820760000003247	epochs	2.0
1068.7752407076293	0.044327800000019124	epochs	3.0
1068.8195685076294	0.04387980000001335	epochs	3.0
1068.8634483076294	0.0864516999999978	epochs	2.0
1068.8634483076294	0.04344100000002982	epochs	3.0
1068.9068893076294	0.04301069999996798	epochs	3.0
1068.9499000076294	0.08476429999996071	epochs	2.0
1068.9499000076294	0.04258900000013455	epochs	3.0
1068.9924890076295	0.042175299999826166	epochs	3.0
1069.0346643076293	0.08314150000001064	epochs	2.0
1069.0346643076293	0.04176970000003166	epochs	3.0
1069.0764340076294	0.041371799999978975	epochs	3.0
1069.1178058076293	0.08157970000002024	epochs	2.0
1069.1178058076293	0.040981399999964196	epochs	3.0
1069.1587872076293	0.04059830000005604	epochs	3.0
1069.1993855076294	0.08007550000002084	epochs	2.0
1069.1993855076294	0.040222300000095856	epochs	3.0
1069.2396078076295	0.03985319999992498	epochs	3.0
1069.2794610076294	0.07862569999997504	epochs	2.0
1069.2794610076294	0.039490800000066884	epochs	3.0
1069.3189518076294	0.03913489999990816	epochs	3.0
1069.3580867076294	0.07722760000001472	epochs	2.0
1069.3580867076294	0.038785400000051595	epochs	3.0
1069.3968721076294	0.03844219999996312	epochs	3.0
1069.4353143076294	0.07587820000003376	epochs	2.0
1069.4353143076294	0.03810479999992822	epochs	3.0
1069.4734191076293	0.03777340000010554	epochs	3.0
1069.5111925076294	0.0745752000000266	epochs	2.0
1069.5111925076294	0.03744770000002973	epochs	3.0
1069.5486402076294	0.03712749999999687	epochs	3.0
1069.5857677076294	0.07331629999998768	epochs	2.0
1069.5857677076294	0.03681289999985893	epochs	3.0
1069.6225806076293	0.03650340000012875	epochs	3.0
1069.6590840076294	0.07209899999998015	epochs	2.0
1069.6590840076294	0.03619909999997617	epochs	3.0
1069.6952831076294	0.03589990000000398	epochs	3.0
1069.7311830076294	0.07092170000009901	epochs	2.0
1069.7311830076294	0.03560560000005353	epochs	3.0
1069.7667886076295	0.03531610000004548	epochs	3.0
1069.8021047076295	0.06978199999980461	epochs	2.0
1069.8021047076295	0.03503119999982118	epochs	3.0
1069.8371359076293	0.03475079999998343	epochs	3.0
1069.8718867076293	0.06867860000011206	epochs	2.0
1069.8718867076293	0.03447510000000875	epochs	3.0
1069.9063618076293	0.034203500000103304	epochs	3.0
1069.9405653076294	0.06760929999995824	epochs	2.0
1069.9405653076294	0.033936199999970995	epochs	3.0
1069.9745015076294	0.033673099999987244	epochs	3.0
1070.0081746076294	0.06657289999998284	epochs	2.0
1070.0081746076294	0.03341399999999339	epochs	3.0
1070.0415886076294	0.033158899999989444	epochs	3.0
1070.0747475076294	0.06556780000005347	epochs	2.0
1070.0747475076294	0.03290770000012344	epochs	3.0
1070.1076552076295	0.032660099999930026	epochs	3.0
1070.1403153076294	0.06459259999996902	epochs	2.0
1070.1403153076294	0.03241639999987456	epochs	3.0
1070.1727317076293	0.03217620000009447	epochs	3.0
1070.2049079076294	0.06364600000006249	epochs	2.0
1070.2049079076294	0.03193959999998697	epochs	3.0
1070.2368475076294	0.03170640000007552	epochs	3.0
1070.2685539076294	0.0627266999999847	epochs	2.0
1070.2685539076294	0.031476599999905375	epochs	3.0
1070.3000305076293	0.03125010000007933	epochs	3.0
1070.3312806076294	0.06183359999999993	epochs	2.0
1070.3312806076294	0.03102689999991526	epochs	3.0
1070.3623075076293	0.030806700000084675	epochs	3.0
1070.3931142076294	0.060965599999917686	epochs	2.0
1070.3931142076294	0.030589799999916067	epochs	3.0
1070.4237040076293	0.030375800000001618	epochs	3.0
1070.4540798076293	0.06012160000000222	epochs	2.0
1070.4540798076293	0.030164900000045236	epochs	3.0
1070.4842447076294	0.02995669999995698	epochs	3.0
1070.5142014076293	0.05930069999999432	epochs	2.0
1070.5142014076293	0.029751600000054168	epochs	3.0
1070.5439530076294	0.029549099999940154	epochs	3.0
1070.5735021076293	0.058501800000158255	epochs	2.0
1070.5735021076293	0.02934940000000097	epochs	3.0
1070.6028515076293	0.029152400000157286	epochs	3.0
1070.6320039076295	0.05772419999993872	epochs	2.0
1070.6320039076295	0.028957999999875028	epochs	3.0
1070.6609619076294	0.02876620000006369	epochs	3.0
1070.6897281076294	0.05696710000006533	epochs	2.0
1070.6897281076294	0.028577000000041153	epochs	3.0
1070.7183051076295	0.028390100000024177	epochs	3.0
1070.7466952076295	0.05622949999997218	epochs	2.0
1070.7466952076295	0.028205699999944045	epochs	3.0
1070.7749009076294	0.028023800000028132	epochs	3.0
1070.8029247076295	0.05551070000001346	epochs	2.0
1070.8029247076295	0.027843999999959124	epochs	3.0
1070.8307687076294	0.027666700000054334	epochs	3.0
1070.8584354076295	0.054810200000019904	epochs	2.0
1070.8584354076295	0.02749149999999645	epochs	3.0
1070.8859269076295	0.027318700000023455	epochs	3.0
1070.9132456076295	0.054126999999880354	epochs	2.0
1070.9132456076295	0.027147799999966082	epochs	3.0
1070.9403934076295	0.026979199999914272	epochs	3.0
1070.9673726076294	0.053460699999959616	epochs	2.0
1070.9673726076294	0.026812600000084785	epochs	3.0
1070.9941852076295	0.02664809999987483	epochs	3.0
1071.0208333076293	0.05281070000000909	epochs	2.0
1071.0208333076293	0.026485600000114573	epochs	3.0
1071.0473189076295	0.02632509999989452	epochs	3.0
1071.0736440076294	0.05217620000007628	epochs	2.0
1071.0736440076294	0.026166399999965506	epochs	3.0
1071.0998104076293	0.026009800000110772	epochs	3.0
1071.1258202076294	0.051556699999991906	epochs	2.0
1071.1258202076294	0.025854799999933675	epochs	3.0
1071.1516750076294	0.02570190000005823	epochs	3.0
1071.1773769076294	0.05095189999997274	epochs	2.0
1071.1773769076294	0.025550699999939752	epochs	3.0
1071.2029276076294	0.025401200000032986	epochs	3.0
1071.2283288076294	0.05036100000006627	epochs	2.0
1071.2283288076294	0.025253499999962514	epochs	3.0
1071.2535823076294	0.025107500000103755	epochs	3.0
1071.2786898076295	0.04978379999988647	epochs	2.0
1071.2786898076295	0.02496320000000196	epochs	3.0
1071.3036530076295	0.024820599999884507	epochs	3.0
1071.3284736076293	0.04921949999993558	epochs	2.0
1071.3284736076293	0.024679399999968155	epochs	3.0
1071.3531530076293	0.024540099999967424	epochs	3.0
1071.3776931076293	0.04866790000005494	epochs	2.0
1071.3776931076293	0.024402100000088467	epochs	3.0
1071.4020952076294	0.024265799999966475	epochs	3.0
1071.4263610076293	0.04812860000015462	epochs	2.0
1071.4263610076293	0.024131000000124914	epochs	3.0
1071.4504920076295	0.023997600000029706	epochs	3.0
1071.4744896076295	0.04760109999983797	epochs	2.0
1071.4744896076295	0.02386579999983951	epochs	3.0
1071.4983554076293	0.02373529999999846	epochs	3.0
1071.5220907076293	0.04708500000015192	epochs	2.0
1071.5220907076293	0.023606299999983094	epochs	3.0
1071.5456970076293	0.02347870000016883	epochs	3.0
1071.5691757076295	0.046579999999948996	epochs	2.0
1071.5691757076295	0.023352499999873544	epochs	3.0
1071.5925282076294	0.02322750000007545	epochs	3.0
1071.6157557076294	0.046085700000048746	epochs	2.0
1071.6157557076294	0.02310399999987567	epochs	3.0
1071.6388597076293	0.022981700000173078	epochs	3.0
1071.6618414076295	0.045601799999985815	epochs	2.0
1071.6618414076295	0.02286069999991014	epochs	3.0
1071.6847021076294	0.022741100000075676	epochs	3.0
1071.7074432076295	0.045127899999897636	epochs	2.0
1071.7074432076295	0.022622499999897627	epochs	3.0
1071.7300657076294	0.02250540000000001	epochs	3.0
1071.7525711076294	0.0446638000000803	epochs	2.0
1071.7525711076294	0.02238929999998618	epochs	3.0
1071.7749604076294	0.022274500000094122	epochs	3.0
1071.7972349076294	0.044209199999841076	epochs	2.0
1071.7972349076294	0.022160799999937808	epochs	3.0
1071.8193957076294	0.022048399999903268	epochs	3.0
1071.8414441076293	0.04376360000014756	epochs	2.0
1071.8414441076293	0.021936900000127935	epochs	3.0
1071.8633810076294	0.021826700000019628	epochs	3.0
1071.8852077076294	0.04332709999994222	epochs	2.0
1071.8852077076294	0.021717599999874437	epochs	3.0
1071.9069253076293	0.021609500000067783	epochs	3.0
1071.9285348076294	0.04289900000003399	epochs	2.0
1071.9285348076294	0.02150249999999687	epochs	3.0
1071.9500373076294	0.021396500000037122	epochs	3.0
1071.9714338076294	0.04247949999989942	epochs	2.0
1071.9714338076294	0.021291699999892444	epochs	3.0
1071.9927255076293	0.021187800000006973	epochs	3.0
1072.0139133076293	0.04206790000012006	epochs	2.0
1072.0139133076293	0.02108490000000529	epochs	3.0
1072.0349982076293	0.02098300000011477	epochs	3.0
1072.0559812076294	0.04166439999994509	epochs	2.0
1072.0559812076294	0.020882199999959994	epochs	3.0
1072.0768634076294	0.020782199999985096	epochs	3.0
1072.0976456076294	0.04126850000011473	epochs	2.0
1072.0976456076294	0.020683299999973315	epochs	3.0
1072.1183289076293	0.020585200000141413	epochs	3.0
1072.1389141076295	0.04088000000001557	epochs	2.0
1072.1389141076295	0.020488099999965925	epochs	3.0
1072.1594022076295	0.020391900000049645	epochs	3.0
1072.1797941076295	0.040498799999795665	epochs	2.0
1072.1797941076295	0.020296599999937825	epochs	3.0
1072.2000907076294	0.02020219999985784	epochs	3.0
1072.2202929076293	0.04012460000012652	epochs	2.0
1072.2202929076293	0.02010870000003706	epochs	3.0
1072.2404016076293	0.02001590000008946	epochs	3.0
1072.2604175076294	0.03975730000001931	epochs	2.0
1072.2604175076294	0.0199241999998776	epochs	3.0
1072.2803417076293	0.019833100000141712	epochs	3.0
1072.3001748076294	0.03939669999999751	epochs	2.0
1072.3001748076294	0.019742999999834865	epochs	3.0
1072.3199178076293	0.019653700000162644	epochs	3.0
1072.3395715076294	0.03904239999997117	epochs	2.0
1072.3395715076294	0.019565099999908853	epochs	3.0
1072.3591366076294	0.019477300000062314	epochs	3.0
1072.3786139076294	0.03869459999987157	epochs	2.0
1072.3786139076294	0.019390400000020236	epochs	3.0
1072.3980043076294	0.019304199999851335	epochs	3.0
1072.4173085076293	0.03835290000006353	epochs	2.0
1072.4173085076293	0.019218800000089686	epochs	3.0
1072.4365273076294	0.01913409999997384	epochs	3.0
1072.4556614076293	0.03801720000001296	epochs	2.0
1072.4556614076293	0.019050200000037876	epochs	3.0
1072.4747116076294	0.018966999999975087	epochs	3.0
1072.4936786076294	0.03768719999993664	epochs	2.0
1072.4936786076294	0.01888450000001285	epochs	3.0
1072.5125631076294	0.01880269999992379	epochs	3.0
1072.5313658076293	0.03736309999999321	epochs	2.0
1072.5313658076293	0.018721700000014607	epochs	3.0
1072.5500875076293	0.018641399999978603	epochs	3.0
1072.5687289076293	0.037044300000161456	epochs	2.0
1072.5687289076293	0.018561600000111866	epochs	3.0
1072.5872905076294	0.01848270000004959	epochs	3.0
1072.6057732076295	0.03673099999991791	epochs	2.0
1072.6057732076295	0.018404299999929208	epochs	3.0
1072.6241775076294	0.018326699999988705	epochs	3.0
1072.6425042076294	0.03642289999993409	epochs	2.0
1072.6425042076294	0.018249599999990096	epochs	3.0
1072.6607538076294	0.018173299999943993	epochs	3.0
1072.6789271076293	0.03612010000006194	epochs	2.0
1072.6789271076293	0.018097600000146485	epochs	3.0
1072.6970247076295	0.018022499999915453	epochs	3.0
1072.7150472076294	0.035822100000132195	epochs	2.0
1072.7150472076294	0.017947900000081063	epochs	3.0
1072.7329951076294	0.017874200000051133	epochs	3.0
1072.7508693076295	0.03552899999999681	epochs	2.0
1072.7508693076295	0.01780079999980444	epochs	3.0
1072.7686701076293	0.017728200000192373	epochs	3.0
1072.7863983076295	0.03524069999980384	epochs	2.0
1072.7863983076295	0.01765609999984008	epochs	3.0
1072.8040544076293	0.017584599999963757	epochs	3.0
1072.8216390076293	0.03495710000015606	epochs	2.0
1072.8216390076293	0.017513700000108656	epochs	3.0
1072.8391527076294	0.017443400000047404	epochs	3.0
1072.8565961076295	0.034677899999906	epochs	2.0
1072.8565961076295	0.017373599999928047	epochs	3.0
1072.8739697076294	0.017304299999977957	epochs	3.0
1072.8912740076294	0.03440330000012182	epochs	2.0
1072.8912740076294	0.017235700000128418	epochs	3.0
1072.9085097076295	0.0171675999999934	epochs	3.0
1072.9256773076295	0.03413279999995211	epochs	2.0
1072.9256773076295	0.01709989999994832	epochs	3.0
1072.9427772076294	0.017032900000003792	epochs	3.0
1072.9598101076294	0.03386669999986225	epochs	2.0
1072.9598101076294	0.01696640000000116	epochs	3.0
1072.9767765076294	0.01690029999986109	epochs	3.0
1072.9936768076293	0.03360459999998966	epochs	2.0
1072.9936768076293	0.016834800000196992	epochs	3.0
1073.0105116076295	0.016769799999792667	epochs	3.0
1073.0272814076293	0.0333466000001863	epochs	2.0
1073.0272814076293	0.016705300000012357	epochs	3.0
1073.0439867076293	0.016641300000173942	epochs	3.0
1073.0606280076295	0.033092499999838765	epochs	2.0
1073.0606280076295	0.016577799999822673	epochs	3.0
1073.0772058076293	0.01651470000001609	epochs	3.0
1073.0937205076293	0.032842300000083924	epochs	2.0
1073.0937205076293	0.01645220000000336	epochs	3.0
1073.1101727076293	0.016390100000080565	epochs	3.0
1073.1265628076294	0.03259570000000167	epochs	2.0
1073.1265628076294	0.016328400000020338	epochs	3.0
1073.1428912076294	0.016267299999981333	epochs	3.0
1073.1591585076294	0.032352899999978035	epochs	2.0
1073.1591585076294	0.016206600000032267	epochs	3.0
1073.1753651076294	0.016146299999945768	epochs	3.0
1073.1915114076294	0.032113700000081735	epochs	2.0
1073.1915114076294	0.016086600000107865	epochs	3.0
1073.2075980076295	0.01602709999997387	epochs	3.0
1073.2236251076295	0.03187800000000607	epochs	2.0
1073.2236251076295	0.0159681999998611	epochs	3.0
1073.2395933076293	0.01590980000014497	epochs	3.0
1073.2555031076295	0.03164569999989908	epochs	2.0
1073.2555031076295	0.015851599999905375	epochs	3.0
1073.2713547076294	0.015794099999993705	epochs	3.0
1073.2871488076294	0.03141670000013619	epochs	2.0
1073.2871488076294	0.01573669999993399	epochs	3.0
1073.3028855076293	0.0156800000002022	epochs	3.0
1073.3185655076295	0.03119109999988723	epochs	2.0
1073.3185655076295	0.015623599999798898	epochs	3.0
1073.3341891076293	0.01556750000008833	epochs	3.0
1073.3497566076294	0.030968699999903038	epochs	2.0
1073.3497566076294	0.015511999999944237	epochs	3.0
1073.3652686076293	0.0154566999999588	epochs	3.0
1073.3807253076293	0.030749500000183616	epochs	2.0
1073.3807253076293	0.015401999999994587	epochs	3.0
1073.3961273076293	0.01534750000018903	epochs	3.0
1073.4114748076295	0.030533199999808858	epochs	2.0
1073.4114748076295	0.015293400000018664	epochs	3.0
1073.4267682076295	0.015239799999790193	epochs	3.0
1073.4420080076293	0.030320100000153616	epochs	2.0
1073.4420080076293	0.015186500000027081	epochs	3.0
1073.4571945076293	0.015133600000126535	epochs	3.0
1073.4723281076294	0.030109899999843037	epochs	2.0
1073.4723281076294	0.015081000000009226	epochs	3.0
1073.4874091076294	0.015028899999833811	epochs	3.0
1073.5024380076293	0.029902500000162036	epochs	2.0
1073.5024380076293	0.014977000000044427	epochs	3.0
1073.5174150076293	0.014925500000117609	epochs	3.0
1073.5323405076294	0.029698099999905025	epochs	2.0
1073.5323405076294	0.014874400000053356	epochs	3.0
1073.5472149076295	0.01482369999985167	epochs	3.0
1073.5620386076293	0.029496300000118936	epochs	2.0
1073.5620386076293	0.014773200000036013	epochs	3.0
1073.5768118076294	0.014723100000082923	epochs	3.0
1073.5915349076295	0.029297399999904883	epochs	2.0
1073.5915349076295	0.014673399999992398	epochs	3.0
1073.6062083076295	0.014623999999912485	epochs	3.0
1073.6208323076294	0.029101099999934377	epochs	2.0
1073.6208323076294	0.014574900000070556	epochs	3.0
1073.6354072076294	0.01452619999986382	epochs	3.0
1073.6499334076293	0.028907399999980044	epochs	2.0
1073.6499334076293	0.014477700000043114	epochs	3.0
1073.6644111076293	0.014429699999936929	epochs	3.0
1073.6788408076293	0.02871620000018993	epochs	2.0
1073.6788408076293	0.014381800000137446	epochs	3.0
1073.6932226076294	0.014334400000052483	epochs	3.0
1073.7075570076295	0.02852759999996124	epochs	2.0
1073.7075570076295	0.014287199999898803	epochs	3.0
1073.7218442076294	0.014240400000062436	epochs	3.0
1073.7360846076294	0.028341400000044814	epochs	2.0
1073.7360846076294	0.014193799999929979	epochs	3.0
1073.7502784076294	0.014147600000114835	epochs	3.0
1073.7644260076295	0.02815769999983786	epochs	2.0
1073.7644260076295	0.014101699999855555	epochs	3.0
1073.7785277076293	0.014055999999982305	epochs	3.0
1073.7925837076293	0.027976300000091214	epochs	2.0
1073.7925837076293	0.014010600000119666	epochs	3.0
1073.8065943076294	0.013965699999971548	epochs	3.0
1073.8205600076294	0.027797199999895383	epochs	2.0
1073.8205600076294	0.013920800000050804	epochs	3.0
1073.8344808076295	0.01387639999984458	epochs	3.0
1073.8483572076293	0.02762040000015986	epochs	2.0
1073.8483572076293	0.013832200000024386	epochs	3.0
1073.8621894076293	0.013788200000135475	epochs	3.0
1073.8759776076295	0.027445899999975154	epochs	2.0
1073.8759776076295	0.013744599999881757	epochs	3.0
1073.8897222076293	0.013701300000093397	epochs	3.0
1073.9034235076294	0.027273499999864725	epochs	2.0
1073.9034235076294	0.013658200000008947	epochs	3.0
1073.9170817076294	0.013615299999855779	epochs	3.0
1073.9306970076293	0.027103399999987232	epochs	2.0
1073.9306970076293	0.013572800000019924	epochs	3.0
1073.9442698076293	0.013530599999967308	epochs	3.0
1073.9578004076293	0.02693520000002536	epochs	2.0
1073.9578004076293	0.013488400000142065	epochs	3.0
1073.9712888076294	0.013446799999883297	epochs	3.0
1073.9847356076293	0.026769199999989723	epochs	2.0
1073.9847356076293	0.013405200000079276	epochs	3.0
1073.9981408076294	0.013363999999910448	epochs	3.0
1074.0115048076293	0.02660520000017641	epochs	2.0
1074.0115048076293	0.013322900000048321	epochs	3.0
1074.0248277076294	0.013282300000128089	epochs	3.0
1074.0381100076295	0.0264431999999033	epochs	2.0
1074.0381100076295	0.013241699999980483	epochs	3.0
1074.0513517076295	0.013201499999922817	epochs	3.0
1074.0645532076294	0.026283200000079887	epochs	2.0
1074.0645532076294	0.013161500000023807	epochs	3.0
1074.0777147076294	0.01312170000005608	epochs	3.0
1074.0908364076295	0.026124999999865395	epochs	2.0
1074.0908364076295	0.013082100000019636	epochs	3.0
1074.1039185076295	0.013042899999845758	epochs	3.0
1074.1169614076293	0.025968899999952555	epochs	2.0
1074.1169614076293	0.01300390000005791	epochs	3.0
1074.1299653076294	0.012964999999894644	epochs	3.0
1074.1429303076293	0.025814500000024054	epochs	2.0
1074.1429303076293	0.012926400000196736	epochs	3.0
1074.1558567076295	0.012888099999827318	epochs	3.0
1074.1687448076293	0.02566190000015922	epochs	2.0
1074.1687448076293	0.012849899999991976	epochs	3.0
1074.1815947076293	0.012812000000167245	epochs	3.0
1074.1944067076295	0.025511199999982637	epochs	2.0
1074.1944067076295	0.012774399999898378	epochs	3.0
1074.2071811076294	0.012736800000084258	epochs	3.0
1074.2199179076295	0.02536229999986972	epochs	2.0
1074.2199179076295	0.01269969999998466	epochs	3.0
1074.2326176076294	0.01266259999988506	epochs	3.0
1074.2452802076293	0.02521500000011656	epochs	2.0
1074.2452802076293	0.012625800000023446	epochs	3.0
1074.2579060076293	0.012589200000093115	epochs	3.0
1074.2704952076294	0.024584799999956886	epochs	2.0
1074.2936850076294	0.5	epochs	-1.0
1074.2950800076294	0.5022400000000289	epochs	1.0
1074.7973200076294	0.4976799999999457	epochs	0.0
1076.0659999847412	0.07807999999999993	epochs	0.0
1076.0659999847412	0.034042900000031295	epochs	1.0
1076.1000428847412	0.009994199999937337	epochs	1.0
1076.1100370847412	0.034042900000031295	epochs	1.0
1076.1440799847412	2.0	epochs	0.0
1078.1440799847412	21.999919999999975	epochs	0.0
1078.1440799847412	1.0	epochs	1.0
1078.1441249847412	0.5	epochs	-1.0
1078.6441249847412	19.998559999999998	epochs	-1.0
1079.1440799847412	20.0	epochs	1.0
1079.1440799847412	4.356753900000058	epochs	-1.0
1079.1440799847412	1.9745872000000873	epochs	2.0
1079.1440799847412	1.0985622000000603	epochs	3.0
1080.2426421847413	0.8760250000000269	epochs	3.0
1081.1186671847413	1.3524075000000266	epochs	2.0
1081.1186671847413	0.7286354999998821	epochs	3.0
1081.8473026847412	0.6237720000001445	epochs	3.0
1082.4710746847413	1.029759199999944	epochs	2.0
1082.4710746847413	0.5453292999998212	epochs	3.0
1083.0164039847411	0.48442990000012287	epochs	3.0
1083.5008338847413	0.8317861999998968	epochs	2.0
1083.5008338847413	0.4357763000000432	epochs	3.0
1083.9366101847413	0.3960098999998536	epochs	3.0
1084.3326200847412	0.6977970000000369	epochs	2.0
1084.3326200847412	0.3628982000000178	epochs	3.0
1084.6955182847412	0.33489880000001904	epochs	3.0
1085.0304170847412	0.601045699999986	epochs	2.0
1085.0304170847412	0.3109122999999272	epochs	3.0
1085.3413293847411	0.2901334000000588	epochs	3.0
1085.6314627847412	0.5278859000000011	epochs	2.0
1085.6314627847412	0.2719586000000618	epochs	3.0
1085.9034213847413	0.25592729999993935	epochs	3.0
1086.1593486847412	0.470619299999953	epochs	2.0
1086.1593486847412	0.241681299999982	epochs	3.0
1086.4010299847412	0.228937999999971	epochs	3.0
1086.6299679847411	0.42457039999999324	epochs	2.0
1086.6299679847411	0.21747140000002219	epochs	3.0
1086.8474393847412	0.20709899999997106	epochs	3.0
1087.0545383847411	0.3867354000001342	epochs	2.0
1087.0545383847411	0.19767109999997956	epochs	3.0
1087.2522094847411	0.18906430000015462	epochs	3.0
1087.4412737847413	0.35509529999990264	epochs	2.0
1087.4412737847413	0.18117589999997108	epochs	3.0
1087.6224496847412	0.17391939999993156	epochs	3.0
1087.7963690847412	0.3282431000000088	epochs	2.0
1087.7963690847412	0.16722189999995862	epochs	3.0
1087.9635909847411	0.16102120000005016	epochs	3.0
1088.1246121847412	0.30516800000009425	epochs	2.0
1088.1246121847412	0.15526390000013635	epochs	3.0
1088.2798760847413	0.1499040999999579	epochs	3.0
1088.4297801847413	0.28512529999989056	epochs	2.0
1088.4297801847413	0.14490209999985382	epochs	3.0
1088.5746822847411	0.14022320000003674	epochs	3.0
1088.7149054847412	0.267553800000087	epochs	2.0
1088.7149054847412	0.1358368999999584	epochs	3.0
1088.8507423847411	0.1317169000001286	epochs	3.0
1088.9824592847413	0.252022899999929	epochs	2.0
1088.9824592847413	0.1278393000000051	epochs	3.0
1089.1102985847413	0.1241835999999239	epochs	3.0
1089.2344821847412	0.23819649999995818	epochs	2.0
1089.2344821847412	0.12073110000005727	epochs	3.0
1089.3552132847412	0.11746539999990091	epochs	3.0
1089.4726786847411	0.2258088000000953	epochs	2.0
1089.4726786847411	0.11437190000015107	epochs	3.0
1089.5870505847413	0.11143689999994422	epochs	3.0
1089.6984874847412	0.21464599999990241	epochs	2.0
1089.6984874847412	0.10864889999993466	epochs	3.0
1089.8071363847412	0.10599709999996776	epochs	3.0
1089.9131334847411	0.20453500000007807	epochs	2.0
1089.9131334847411	0.10347150000006877	epochs	3.0
1090.0166049847412	0.1010635000000093	epochs	3.0
1090.1176684847412	0.19533400000000256	epochs	2.0
1090.1176684847412	0.09876510000003691	epochs	3.0
1090.2164335847413	0.09656889999996565	epochs	3.0
1090.3130024847412	0.18692529999998442	epochs	2.0
1090.3130024847412	0.09446830000001682	epochs	3.0
1090.4074707847412	0.09245699999996759	epochs	3.0
1090.4999277847412	0.1792107000001124	epochs	2.0
1090.4999277847412	0.0905296000000817	epochs	3.0
1090.5904573847413	0.08868110000003071	epochs	3.0
1090.6791384847413	0.17210769999996955	epochs	2.0
1090.6791384847413	0.08690629999978228	epochs	3.0
1090.766044784741	0.08520140000018728	epochs	3.0
1090.8512461847413	0.16554640000003928	epochs	2.0
1090.8512461847413	0.08356189999994967	epochs	3.0
1090.9348080847412	0.08198450000008961	epochs	3.0
1091.0167925847413	0.15946709999980158	epochs	2.0
1091.0167925847413	0.08046539999986635	epochs	3.0
1091.0972579847412	0.07900169999993523	epochs	3.0
1091.1762596847411	0.15381840000009106	epochs	2.0
1091.1762596847411	0.07759010000017952	epochs	3.0
1091.2538497847413	0.07622829999991154	epochs	3.0
1091.3300780847412	0.14855639999996129	epochs	2.0
1091.3300780847412	0.07491329999993468	epochs	3.0
1091.4049913847412	0.0736431000000266	epochs	3.0
1091.4786344847412	0.14364240000008976	epochs	2.0
1091.4786344847412	0.07241500000009182	epochs	3.0
1091.5510494847413	0.07122739999999794	epochs	3.0
1091.6222768847413	0.13904309999998077	epochs	2.0
1091.6222768847413	0.07007799999996678	epochs	3.0
1091.6923548847412	0.06896510000001399	epochs	3.0
1091.7613199847412	0.13472929999988992	epochs	2.0
1091.7613199847412	0.0678871000000072	epochs	3.0
1091.8292070847413	0.06684219999988272	epochs	3.0
1091.8960492847411	0.1306752000000415	epochs	2.0
1091.8960492847411	0.06582909999997355	epochs	3.0
1091.961878384741	0.06484610000006796	epochs	3.0
1092.0267244847412	0.1268577999999252	epochs	2.0
1092.0267244847412	0.06389200000012352	epochs	3.0
1092.0906164847413	0.06296579999980167	epochs	3.0
1092.153582284741	0.12325720000012552	epochs	2.0
1092.153582284741	0.06206580000002759	epochs	3.0
1092.2156480847411	0.06119140000009793	epochs	3.0
1092.2768394847412	0.11985540000000583	epochs	2.0
1092.2768394847412	0.060341099999959624	epochs	3.0
1092.3371805847412	0.059514300000046205	epochs	3.0
1092.3966948847412	0.1166361999999026	epochs	2.0
1092.3966948847412	0.058709599999929196	epochs	3.0
1092.4554044847412	0.057926599999973405	epochs	3.0
1092.5133310847411	0.11358560000007856	epochs	2.0
1092.5133310847411	0.05716419999998834	epochs	3.0
1092.5704952847411	0.056421400000090216	epochs	3.0
1092.6269166847412	0.11069049999991876	epochs	2.0
1092.6269166847412	0.055697900000041045	epochs	3.0
1092.6826145847413	0.05499259999987771	epochs	3.0
1092.7376071847411	0.1079391000000669	epochs	2.0
1092.7376071847411	0.05430490000003374	epochs	3.0
1092.7919120847412	0.05363420000003316	epochs	3.0
1092.8455462847412	0.10532149999994544	epochs	2.0
1092.8455462847412	0.05297999999993408	epochs	3.0
1092.8985262847411	0.052341500000011365	epochs	3.0
1092.9508677847411	0.10282759999995505	epochs	2.0
1092.9508677847411	0.05171810000001642	epochs	3.0
1093.0025858847412	0.051109499999938635	epochs	3.0
1093.053695384741	0.10044910000010532	epochs	2.0
1093.053695384741	0.050514900000052876	epochs	3.0
1093.1042102847412	0.04993420000005244	epochs	3.0
1093.1541444847412	0.0981782999999723	epochs	2.0
1093.1541444847412	0.04936659999998483	epochs	3.0
1093.2035110847412	0.04881169999998747	epochs	3.0
1093.2523227847412	0.09600780000005216	epochs	2.0
1093.2523227847412	0.04826920000004975	epochs	3.0
1093.3005919847412	0.04773860000000241	epochs	3.0
1093.3483305847412	0.09393120000004274	epochs	2.0
1093.3483305847412	0.04721949999998287	epochs	3.0
1093.3955500847412	0.046711700000059864	epochs	3.0
1093.4422617847413	0.09194260000003851	epochs	2.0
1093.4422617847413	0.046214599999984785	epochs	3.0
1093.4884763847413	0.045728000000053726	epochs	3.0
1093.5342043847413	0.09003629999983787	epochs	2.0
1093.5342043847413	0.045251499999949374	epochs	3.0
1093.5794558847413	0.04478479999988849	epochs	3.0
1093.6242406847412	0.08820760000003247	epochs	2.0
1093.6242406847412	0.044327800000019124	epochs	3.0
1093.6685684847412	0.04387980000001335	epochs	3.0
1093.7124482847412	0.0864516999999978	epochs	2.0
1093.7124482847412	0.04344100000002982	epochs	3.0
1093.7558892847412	0.04301069999996798	epochs	3.0
1093.7988999847412	0.08476429999996071	epochs	2.0
1093.7988999847412	0.04258900000013455	epochs	3.0
1093.8414889847413	0.042175299999826166	epochs	3.0
1093.8836642847411	0.08314150000001064	epochs	2.0
1093.8836642847411	0.04176970000003166	epochs	3.0
1093.9254339847412	0.041371799999978975	epochs	3.0
1093.9668057847412	0.08157970000002024	epochs	2.0
1093.9668057847412	0.040981399999964196	epochs	3.0
1094.0077871847411	0.04059830000005604	epochs	3.0
1094.0483854847412	0.08007550000002084	epochs	2.0
1094.0483854847412	0.040222300000095856	epochs	3.0
1094.0886077847413	0.03985319999992498	epochs	3.0
1094.1284609847412	0.07862569999997504	epochs	2.0
1094.1284609847412	0.039490800000066884	epochs	3.0
1094.1679517847413	0.03913489999990816	epochs	3.0
1094.2070866847412	0.07722760000001472	epochs	2.0
1094.2070866847412	0.038785400000051595	epochs	3.0
1094.2458720847412	0.03844219999996312	epochs	3.0
1094.2843142847412	0.07587820000003376	epochs	2.0
1094.2843142847412	0.03810479999992822	epochs	3.0
1094.3224190847411	0.03777340000010554	epochs	3.0
1094.3601924847412	0.0745752000000266	epochs	2.0
1094.3601924847412	0.03744770000002973	epochs	3.0
1094.3976401847412	0.03712749999999687	epochs	3.0
1094.4347676847412	0.07331629999998768	epochs	2.0
1094.4347676847412	0.03681289999985893	epochs	3.0
1094.471580584741	0.03650340000012875	epochs	3.0
1094.5080839847412	0.07209899999998015	epochs	2.0
1094.5080839847412	0.03619909999997617	epochs	3.0
1094.5442830847412	0.03589990000000398	epochs	3.0
1094.5801829847412	0.07092170000009901	epochs	2.0
1094.5801829847412	0.03560560000005353	epochs	3.0
1094.6157885847413	0.03531610000004548	epochs	3.0
1094.6511046847413	0.06978199999980461	epochs	2.0
1094.6511046847413	0.03503119999982118	epochs	3.0
1094.6861358847411	0.03475079999998343	epochs	3.0
1094.7208866847411	0.06867860000011206	epochs	2.0
1094.7208866847411	0.03447510000000875	epochs	3.0
1094.7553617847411	0.034203500000103304	epochs	3.0
1094.7895652847412	0.06760929999995824	epochs	2.0
1094.7895652847412	0.033936199999970995	epochs	3.0
1094.8235014847412	0.033673099999987244	epochs	3.0
1094.8571745847412	0.06657289999998284	epochs	2.0
1094.8571745847412	0.03341399999999339	epochs	3.0
1094.8905885847412	0.033158899999989444	epochs	3.0
1094.9237474847412	0.06556780000005347	epochs	2.0
1094.9237474847412	0.03290770000012344	epochs	3.0
1094.9566551847413	0.032660099999930026	epochs	3.0
1094.9893152847412	0.06459259999996902	epochs	2.0
1094.9893152847412	0.03241639999987456	epochs	3.0
1095.021731684741	0.03217620000009447	epochs	3.0
1095.0539078847412	0.06364600000006249	epochs	2.0
1095.0539078847412	0.03193959999998697	epochs	3.0
1095.0858474847412	0.03170640000007552	epochs	3.0
1095.1175538847413	0.0627266999999847	epochs	2.0
1095.1175538847413	0.031476599999905375	epochs	3.0
1095.1490304847412	0.03125010000007933	epochs	3.0
1095.1802805847412	0.06183359999999993	epochs	2.0
1095.1802805847412	0.03102689999991526	epochs	3.0
1095.2113074847412	0.030806700000084675	epochs	3.0
1095.2421141847412	0.060965599999917686	epochs	2.0
1095.2421141847412	0.030589799999916067	epochs	3.0
1095.2727039847412	0.030375800000001618	epochs	3.0
1095.3030797847412	0.06012160000000222	epochs	2.0
1095.3030797847412	0.030164900000045236	epochs	3.0
1095.3332446847412	0.02995669999995698	epochs	3.0
1095.3632013847412	0.05930069999999432	epochs	2.0
1095.3632013847412	0.029751600000054168	epochs	3.0
1095.3929529847412	0.029549099999940154	epochs	3.0
1095.4225020847412	0.058501800000158255	epochs	2.0
1095.4225020847412	0.02934940000000097	epochs	3.0
1095.4518514847412	0.029152400000157286	epochs	3.0
1095.4810038847413	0.05772419999993872	epochs	2.0
1095.4810038847413	0.028957999999875028	epochs	3.0
1095.5099618847412	0.02876620000006369	epochs	3.0
1095.5387280847413	0.05696710000006533	epochs	2.0
1095.5387280847413	0.028577000000041153	epochs	3.0
1095.5673050847413	0.028390100000024177	epochs	3.0
1095.5956951847413	0.05622949999997218	epochs	2.0
1095.5956951847413	0.028205699999944045	epochs	3.0
1095.6239008847413	0.028023800000028132	epochs	3.0
1095.6519246847413	0.05551070000001346	epochs	2.0
1095.6519246847413	0.027843999999959124	epochs	3.0
1095.6797686847412	0.027666700000054334	epochs	3.0
1095.7074353847413	0.054810200000019904	epochs	2.0
1095.7074353847413	0.02749149999999645	epochs	3.0
1095.7349268847413	0.027318700000023455	epochs	3.0
1095.7622455847413	0.054126999999880354	epochs	2.0
1095.7622455847413	0.027147799999966082	epochs	3.0
1095.7893933847413	0.026979199999914272	epochs	3.0
1095.8163725847412	0.053460699999959616	epochs	2.0
1095.8163725847412	0.026812600000084785	epochs	3.0
1095.8431851847413	0.02664809999987483	epochs	3.0
1095.8698332847412	0.05281070000000909	epochs	2.0
1095.8698332847412	0.026485600000114573	epochs	3.0
1095.8963188847413	0.02632509999989452	epochs	3.0
1095.9226439847412	0.05217620000007628	epochs	2.0
1095.9226439847412	0.026166399999965506	epochs	3.0
1095.9488103847411	0.026009800000110772	epochs	3.0
1095.9748201847412	0.051556699999991906	epochs	2.0
1095.9748201847412	0.025854799999933675	epochs	3.0
1096.0006749847412	0.02570190000005823	epochs	3.0
1096.0263768847412	0.05095189999997274	epochs	2.0
1096.0263768847412	0.025550699999939752	epochs	3.0
1096.0519275847412	0.025401200000032986	epochs	3.0
1096.0773287847412	0.05036100000006627	epochs	2.0
1096.0773287847412	0.025253499999962514	epochs	3.0
1096.1025822847412	0.025107500000103755	epochs	3.0
1096.1276897847413	0.04978379999988647	epochs	2.0
1096.1276897847413	0.02496320000000196	epochs	3.0
1096.1526529847413	0.024820599999884507	epochs	3.0
1096.1774735847412	0.04921949999993558	epochs	2.0
1096.1774735847412	0.024679399999968155	epochs	3.0
1096.2021529847411	0.024540099999967424	epochs	3.0
1096.226693084741	0.04866790000005494	epochs	2.0
1096.226693084741	0.024402100000088467	epochs	3.0
1096.2510951847412	0.024265799999966475	epochs	3.0
1096.2753609847412	0.04812860000015462	epochs	2.0
1096.2753609847412	0.024131000000124914	epochs	3.0
1096.2994919847413	0.023997600000029706	epochs	3.0
1096.3234895847413	0.04760109999983797	epochs	2.0
1096.3234895847413	0.02386579999983951	epochs	3.0
1096.3473553847411	0.02373529999999846	epochs	3.0
1096.3710906847411	0.04708500000015192	epochs	2.0
1096.3710906847411	0.023606299999983094	epochs	3.0
1096.3946969847411	0.02347870000016883	epochs	3.0
1096.4181756847413	0.046579999999948996	epochs	2.0
1096.4181756847413	0.023352499999873544	epochs	3.0
1096.4415281847412	0.02322750000007545	epochs	3.0
1096.4647556847412	0.046085700000048746	epochs	2.0
1096.4647556847412	0.02310399999987567	epochs	3.0
1096.4878596847411	0.022981700000173078	epochs	3.0
1096.5108413847413	0.045601799999985815	epochs	2.0
1096.5108413847413	0.02286069999991014	epochs	3.0
1096.5337020847412	0.022741100000075676	epochs	3.0
1096.5564431847413	0.045127899999897636	epochs	2.0
1096.5564431847413	0.022622499999897627	epochs	3.0
1096.5790656847412	0.02250540000000001	epochs	3.0
1096.6015710847412	0.0446638000000803	epochs	2.0
1096.6015710847412	0.02238929999998618	epochs	3.0
1096.6239603847412	0.022274500000094122	epochs	3.0
1096.6462348847413	0.044209199999841076	epochs	2.0
1096.6462348847413	0.022160799999937808	epochs	3.0
1096.6683956847412	0.022048399999903268	epochs	3.0
1096.690444084741	0.04376360000014756	epochs	2.0
1096.690444084741	0.021936900000127935	epochs	3.0
1096.7123809847412	0.021826700000019628	epochs	3.0
1096.7342076847412	0.04332709999994222	epochs	2.0
1096.7342076847412	0.021717599999874437	epochs	3.0
1096.7559252847411	0.021609500000067783	epochs	3.0
1096.7775347847412	0.04289900000003399	epochs	2.0
1096.7775347847412	0.02150249999999687	epochs	3.0
1096.7990372847412	0.021396500000037122	epochs	3.0
1096.8204337847412	0.04247949999989942	epochs	2.0
1096.8204337847412	0.021291699999892444	epochs	3.0
1096.8417254847411	0.021187800000006973	epochs	3.0
1096.8629132847411	0.04206790000012006	epochs	2.0
1096.8629132847411	0.02108490000000529	epochs	3.0
1096.8839981847411	0.02098300000011477	epochs	3.0
1096.9049811847412	0.04166439999994509	epochs	2.0
1096.9049811847412	0.020882199999959994	epochs	3.0
1096.9258633847412	0.020782199999985096	epochs	3.0
1096.9466455847412	0.04126850000011473	epochs	2.0
1096.9466455847412	0.020683299999973315	epochs	3.0
1096.9673288847412	0.020585200000141413	epochs	3.0
1096.9879140847413	0.04088000000001557	epochs	2.0
1096.9879140847413	0.020488099999965925	epochs	3.0
1097.0084021847413	0.020391900000049645	epochs	3.0
1097.0287940847413	0.040498799999795665	epochs	2.0
1097.0287940847413	0.020296599999937825	epochs	3.0
1097.0490906847413	0.02020219999985784	epochs	3.0
1097.0692928847411	0.04012460000012652	epochs	2.0
1097.0692928847411	0.02010870000003706	epochs	3.0
1097.0894015847412	0.02001590000008946	epochs	3.0
1097.1094174847412	0.03975730000001931	epochs	2.0
1097.1094174847412	0.0199241999998776	epochs	3.0
1097.1293416847411	0.019833100000141712	epochs	3.0
1097.1491747847413	0.03939669999999751	epochs	2.0
1097.1491747847413	0.019742999999834865	epochs	3.0
1097.168917784741	0.019653700000162644	epochs	3.0
1097.1885714847413	0.03904239999997117	epochs	2.0
1097.1885714847413	0.019565099999908853	epochs	3.0
1097.2081365847412	0.019477300000062314	epochs	3.0
1097.2276138847412	0.03869459999987157	epochs	2.0
1097.2276138847412	0.019390400000020236	epochs	3.0
1097.2470042847413	0.019304199999851335	epochs	3.0
1097.266308484741	0.03835290000006353	epochs	2.0
1097.266308484741	0.019218800000089686	epochs	3.0
1097.2855272847412	0.01913409999997384	epochs	3.0
1097.3046613847412	0.03801720000001296	epochs	2.0
1097.3046613847412	0.019050200000037876	epochs	3.0
1097.3237115847412	0.018966999999975087	epochs	3.0
1097.3426785847412	0.03768719999993664	epochs	2.0
1097.3426785847412	0.01888450000001285	epochs	3.0
1097.3615630847412	0.01880269999992379	epochs	3.0
1097.3803657847411	0.03736309999999321	epochs	2.0
1097.3803657847411	0.018721700000014607	epochs	3.0
1097.3990874847411	0.018641399999978603	epochs	3.0
1097.417728884741	0.037044300000161456	epochs	2.0
1097.417728884741	0.018561600000111866	epochs	3.0
1097.4362904847412	0.01848270000004959	epochs	3.0
1097.4547731847413	0.03673099999991791	epochs	2.0
1097.4547731847413	0.018404299999929208	epochs	3.0
1097.4731774847412	0.018326699999988705	epochs	3.0
1097.4915041847412	0.03642289999993409	epochs	2.0
1097.4915041847412	0.018249599999990096	epochs	3.0
1097.5097537847412	0.018173299999943993	epochs	3.0
1097.5279270847411	0.03612010000006194	epochs	2.0
1097.5279270847411	0.018097600000146485	epochs	3.0
1097.5460246847413	0.018022499999915453	epochs	3.0
1097.5640471847412	0.035822100000132195	epochs	2.0
1097.5640471847412	0.017947900000081063	epochs	3.0
1097.5819950847413	0.017874200000051133	epochs	3.0
1097.5998692847413	0.03552899999999681	epochs	2.0
1097.5998692847413	0.01780079999980444	epochs	3.0
1097.6176700847411	0.017728200000192373	epochs	3.0
1097.6353982847413	0.03524069999980384	epochs	2.0
1097.6353982847413	0.01765609999984008	epochs	3.0
1097.6530543847412	0.017584599999963757	epochs	3.0
1097.6706389847411	0.03495710000015606	epochs	2.0
1097.6706389847411	0.017513700000108656	epochs	3.0
1097.6881526847412	0.017443400000047404	epochs	3.0
1097.7055960847413	0.034677899999906	epochs	2.0
1097.7055960847413	0.017373599999928047	epochs	3.0
1097.7229696847412	0.017304299999977957	epochs	3.0
1097.7402739847412	0.03440330000012182	epochs	2.0
1097.7402739847412	0.017235700000128418	epochs	3.0
1097.7575096847413	0.0171675999999934	epochs	3.0
1097.7746772847413	0.03413279999995211	epochs	2.0
1097.7746772847413	0.01709989999994832	epochs	3.0
1097.7917771847412	0.017032900000003792	epochs	3.0
1097.8088100847413	0.03386669999986225	epochs	2.0
1097.8088100847413	0.01696640000000116	epochs	3.0
1097.8257764847413	0.01690029999986109	epochs	3.0
1097.8426767847411	0.03360459999998966	epochs	2.0
1097.8426767847411	0.016834800000196992	epochs	3.0
1097.8595115847413	0.016769799999792667	epochs	3.0
1097.876281384741	0.0333466000001863	epochs	2.0
1097.876281384741	0.016705300000012357	epochs	3.0
1097.8929866847411	0.016641300000173942	epochs	3.0
1097.9096279847413	0.033092499999838765	epochs	2.0
1097.9096279847413	0.016577799999822673	epochs	3.0
1097.9262057847411	0.01651470000001609	epochs	3.0
1097.9427204847411	0.032842300000083924	epochs	2.0
1097.9427204847411	0.01645220000000336	epochs	3.0
1097.9591726847411	0.016390100000080565	epochs	3.0
1097.9755627847412	0.03259570000000167	epochs	2.0
1097.9755627847412	0.016328400000020338	epochs	3.0
1097.9918911847412	0.016267299999981333	epochs	3.0
1098.0081584847412	0.032352899999978035	epochs	2.0
1098.0081584847412	0.016206600000032267	epochs	3.0
1098.0243650847412	0.016146299999945768	epochs	3.0
1098.0405113847412	0.032113700000081735	epochs	2.0
1098.0405113847412	0.016086600000107865	epochs	3.0
1098.0565979847413	0.01602709999997387	epochs	3.0
1098.0726250847413	0.03187800000000607	epochs	2.0
1098.0726250847413	0.0159681999998611	epochs	3.0
1098.0885932847411	0.01590980000014497	epochs	3.0
1098.1045030847413	0.03164569999989908	epochs	2.0
1098.1045030847413	0.015851599999905375	epochs	3.0
1098.1203546847412	0.015794099999993705	epochs	3.0
1098.1361487847412	0.03141670000013619	epochs	2.0
1098.1361487847412	0.01573669999993399	epochs	3.0
1098.1518854847411	0.0156800000002022	epochs	3.0
1098.1675654847413	0.03119109999988723	epochs	2.0
1098.1675654847413	0.015623599999798898	epochs	3.0
1098.1831890847411	0.01556750000008833	epochs	3.0
1098.1987565847412	0.030968699999903038	epochs	2.0
1098.1987565847412	0.015511999999944237	epochs	3.0
1098.2142685847411	0.0154566999999588	epochs	3.0
1098.229725284741	0.030749500000183616	epochs	2.0
1098.229725284741	0.015401999999994587	epochs	3.0
1098.245127284741	0.01534750000018903	epochs	3.0
1098.2604747847413	0.030533199999808858	epochs	2.0
1098.2604747847413	0.015293400000018664	epochs	3.0
1098.2757681847413	0.015239799999790193	epochs	3.0
1098.291007984741	0.030320100000153616	epochs	2.0
1098.291007984741	0.015186500000027081	epochs	3.0
1098.3061944847411	0.015133600000126535	epochs	3.0
1098.3213280847413	0.030109899999843037	epochs	2.0
1098.3213280847413	0.015081000000009226	epochs	3.0
1098.3364090847413	0.015028899999833811	epochs	3.0
1098.351437984741	0.029902500000162036	epochs	2.0
1098.351437984741	0.014977000000044427	epochs	3.0
1098.3664149847411	0.014925500000117609	epochs	3.0
1098.3813404847413	0.029698099999905025	epochs	2.0
1098.3813404847413	0.014874400000053356	epochs	3.0
1098.3962148847413	0.01482369999985167	epochs	3.0
1098.4110385847412	0.029496300000118936	epochs	2.0
1098.4110385847412	0.014773200000036013	epochs	3.0
1098.4258117847412	0.014723100000082923	epochs	3.0
1098.4405348847413	0.029297399999904883	epochs	2.0
1098.4405348847413	0.014673399999992398	epochs	3.0
1098.4552082847413	0.014623999999912485	epochs	3.0
1098.4698322847412	0.029101099999934377	epochs	2.0
1098.4698322847412	0.014574900000070556	epochs	3.0
1098.4844071847413	0.01452619999986382	epochs	3.0
1098.4989333847411	0.028907399999980044	epochs	2.0
1098.4989333847411	0.014477700000043114	epochs	3.0
1098.5134110847412	0.014429699999936929	epochs	3.0
1098.527840784741	0.02871620000018993	epochs	2.0
1098.527840784741	0.014381800000137446	epochs	3.0
1098.5422225847412	0.014334400000052483	epochs	3.0
1098.5565569847413	0.02852759999996124	epochs	2.0
1098.5565569847413	0.014287199999898803	epochs	3.0
1098.5708441847412	0.014240400000062436	epochs	3.0
1098.5850845847413	0.028341400000044814	epochs	2.0
1098.5850845847413	0.014193799999929979	epochs	3.0
1098.5992783847412	0.014147600000114835	epochs	3.0
1098.6134259847413	0.02815769999983786	epochs	2.0
1098.6134259847413	0.014101699999855555	epochs	3.0
1098.6275276847412	0.014055999999982305	epochs	3.0
1098.6415836847411	0.027976300000091214	epochs	2.0
1098.6415836847411	0.014010600000119666	epochs	3.0
1098.6555942847413	0.013965699999971548	epochs	3.0
1098.6695599847412	0.027797199999895383	epochs	2.0
1098.6695599847412	0.013920800000050804	epochs	3.0
1098.6834807847413	0.01387639999984458	epochs	3.0
1098.6973571847411	0.02762040000015986	epochs	2.0
1098.6973571847411	0.013832200000024386	epochs	3.0
1098.7111893847411	0.013788200000135475	epochs	3.0
1098.7249775847413	0.027445899999975154	epochs	2.0
1098.7249775847413	0.013744599999881757	epochs	3.0
1098.7387221847412	0.013701300000093397	epochs	3.0
1098.7524234847413	0.027273499999864725	epochs	2.0
1098.7524234847413	0.013658200000008947	epochs	3.0
1098.7660816847413	0.013615299999855779	epochs	3.0
1098.7796969847411	0.027103399999987232	epochs	2.0
1098.7796969847411	0.013572800000019924	epochs	3.0
1098.7932697847411	0.013530599999967308	epochs	3.0
1098.806800384741	0.02693520000002536	epochs	2.0
1098.806800384741	0.013488400000142065	epochs	3.0
1098.8202887847413	0.013446799999883297	epochs	3.0
1098.8337355847411	0.026769199999989723	epochs	2.0
1098.8337355847411	0.013405200000079276	epochs	3.0
1098.8471407847412	0.013363999999910448	epochs	3.0
1098.8605047847411	0.02660520000017641	epochs	2.0
1098.8605047847411	0.013322900000048321	epochs	3.0
1098.8738276847412	0.013282300000128089	epochs	3.0
1098.8871099847413	0.0264431999999033	epochs	2.0
1098.8871099847413	0.013241699999980483	epochs	3.0
1098.9003516847413	0.013201499999922817	epochs	3.0
1098.9135531847412	0.026283200000079887	epochs	2.0
1098.9135531847412	0.013161500000023807	epochs	3.0
1098.9267146847412	0.01312170000005608	epochs	3.0
1098.9398363847413	0.026124999999865395	epochs	2.0
1098.9398363847413	0.013082100000019636	epochs	3.0
1098.9529184847413	0.013042899999845758	epochs	3.0
1098.9659613847411	0.025968899999952555	epochs	2.0
1098.9659613847411	0.01300390000005791	epochs	3.0
1098.9789652847412	0.012964999999894644	epochs	3.0
1098.991930284741	0.025814500000024054	epochs	2.0
1098.991930284741	0.012926400000196736	epochs	3.0
1099.0048566847413	0.012888099999827318	epochs	3.0
1099.0177447847411	0.02566190000015922	epochs	2.0
1099.0177447847411	0.012849899999991976	epochs	3.0
1099.0305946847411	0.012812000000167245	epochs	3.0
1099.0434066847413	0.025511199999982637	epochs	2.0
1099.0434066847413	0.012774399999898378	epochs	3.0
1099.0561810847412	0.012736800000084258	epochs	3.0
1099.0689178847413	0.02536229999986972	epochs	2.0
1099.0689178847413	0.01269969999998466	epochs	3.0
1099.0816175847413	0.01266259999988506	epochs	3.0
1099.0942801847411	0.02521500000011656	epochs	2.0
1099.0942801847411	0.012625800000023446	epochs	3.0
1099.1069059847412	0.012589200000093115	epochs	3.0
1099.1194951847413	0.024584799999956886	epochs	2.0
1099.1426849847412	0.5	epochs	-1.0
1099.1440799847412	0.9999199999999746	epochs	1.0
1099.6426849847412	0.5	epochs	-1.0
1101.3420000076294	0.07807999999999993	epochs	0.0
1101.3420000076294	0.034042900000031295	epochs	1.0
1101.3760429076294	0.009994199999937337	epochs	1.0
1101.3860371076294	0.034042900000031295	epochs	1.0
1101.4200800076294	2.0	epochs	0.0
1103.4200800076294	0.5419999999999163	epochs	0.0
1103.4200800076294	0.5419999999999163	epochs	1.0
1103.4201250076294	0.5	epochs	-1.0
1103.9201250076294	0.041954999999916254	epochs	-1.0
1103.9620800076293	21.45792000000006	epochs	0.0
1105.141999721527	0.07807999999999993	epochs	0.0
1105.141999721527	0.034042900000031295	epochs	1.0
1105.1760426215271	0.009994199999937337	epochs	1.0
1105.186036821527	0.034042900000031295	epochs	1.0
1105.220079721527	2.0	epochs	0.0
1107.220079721527	21.999919999999975	epochs	0.0
1107.220079721527	1.0	epochs	1.0
1107.220124721527	0.5	epochs	-1.0
1107.720124721527	19.998559999999998	epochs	-1.0
1108.220079721527	20.0	epochs	1.0
1108.220079721527	4.356753900000058	epochs	-1.0
1108.220079721527	1.9745872000000873	epochs	2.0
1108.220079721527	1.0985622000000603	epochs	3.0
1109.3186419215272	0.8760250000000269	epochs	3.0
1110.1946669215272	1.3524075000000266	epochs	2.0
1110.1946669215272	0.7286354999998821	epochs	3.0
1110.923302421527	0.6237720000001445	epochs	3.0
1111.5470744215272	1.029759199999944	epochs	2.0
1111.5470744215272	0.5453292999998212	epochs	3.0
1112.092403721527	0.48442990000012287	epochs	3.0
1112.5768336215272	0.8317861999998968	epochs	2.0
1112.5768336215272	0.4357763000000432	epochs	3.0
1113.0126099215272	0.3960098999998536	epochs	3.0
1113.408619821527	0.6977970000000369	epochs	2.0
1113.408619821527	0.3628982000000178	epochs	3.0
1113.771518021527	0.33489880000001904	epochs	3.0
1114.106416821527	0.601045699999986	epochs	2.0
1114.106416821527	0.3109122999999272	epochs	3.0
1114.417329121527	0.2901334000000588	epochs	3.0
1114.707462521527	0.5278859000000011	epochs	2.0
1114.707462521527	0.2719586000000618	epochs	3.0
1114.9794211215271	0.25592729999993935	epochs	3.0
1115.235348421527	0.470619299999953	epochs	2.0
1115.235348421527	0.241681299999982	epochs	3.0
1115.477029721527	0.228937999999971	epochs	3.0
1115.705967721527	0.42457039999999324	epochs	2.0
1115.705967721527	0.21747140000002219	epochs	3.0
1115.923439121527	0.20709899999997106	epochs	3.0
1116.130538121527	0.3867354000001342	epochs	2.0
1116.130538121527	0.19767109999997956	epochs	3.0
1116.328209221527	0.18906430000015462	epochs	3.0
1116.5172735215272	0.35509529999990264	epochs	2.0
1116.5172735215272	0.18117589999997108	epochs	3.0
1116.6984494215271	0.17391939999993156	epochs	3.0
1116.872368821527	0.3282431000000088	epochs	2.0
1116.872368821527	0.16722189999995862	epochs	3.0
1117.039590721527	0.16102120000005016	epochs	3.0
1117.200611921527	0.30516800000009425	epochs	2.0
1117.200611921527	0.15526390000013635	epochs	3.0
1117.3558758215272	0.1499040999999579	epochs	3.0
1117.5057799215272	0.28512529999989056	epochs	2.0
1117.5057799215272	0.14490209999985382	epochs	3.0
1117.650682021527	0.14022320000003674	epochs	3.0
1117.790905221527	0.267553800000087	epochs	2.0
1117.790905221527	0.1358368999999584	epochs	3.0
1117.926742121527	0.1317169000001286	epochs	3.0
1118.0584590215271	0.252022899999929	epochs	2.0
1118.0584590215271	0.1278393000000051	epochs	3.0
1118.1862983215271	0.1241835999999239	epochs	3.0
1118.310481921527	0.23819649999995818	epochs	2.0
1118.310481921527	0.12073110000005727	epochs	3.0
1118.4312130215271	0.11746539999990091	epochs	3.0
1118.548678421527	0.2258088000000953	epochs	2.0
1118.548678421527	0.11437190000015107	epochs	3.0
1118.6630503215272	0.11143689999994422	epochs	3.0
1118.7744872215271	0.21464599999990241	epochs	2.0
1118.7744872215271	0.10864889999993466	epochs	3.0
1118.883136121527	0.10599709999996776	epochs	3.0
1118.989133221527	0.20453500000007807	epochs	2.0
1118.989133221527	0.10347150000006877	epochs	3.0
1119.092604721527	0.1010635000000093	epochs	3.0
1119.193668221527	0.19533400000000256	epochs	2.0
1119.193668221527	0.09876510000003691	epochs	3.0
1119.2924333215271	0.09656889999996565	epochs	3.0
1119.389002221527	0.18692529999998442	epochs	2.0
1119.389002221527	0.09446830000001682	epochs	3.0
1119.4834705215271	0.09245699999996759	epochs	3.0
1119.575927521527	0.1792107000001124	epochs	2.0
1119.575927521527	0.0905296000000817	epochs	3.0
1119.6664571215272	0.08868110000003071	epochs	3.0
1119.7551382215272	0.17210769999996955	epochs	2.0
1119.7551382215272	0.08690629999978228	epochs	3.0
1119.842044521527	0.08520140000018728	epochs	3.0
1119.9272459215272	0.16554640000003928	epochs	2.0
1119.9272459215272	0.08356189999994967	epochs	3.0
1120.0108078215271	0.08198450000008961	epochs	3.0
1120.0927923215272	0.15946709999980158	epochs	2.0
1120.0927923215272	0.08046539999986635	epochs	3.0
1120.173257721527	0.07900169999993523	epochs	3.0
1120.252259421527	0.15381840000009106	epochs	2.0
1120.252259421527	0.07759010000017952	epochs	3.0
1120.3298495215272	0.07622829999991154	epochs	3.0
1120.406077821527	0.14855639999996129	epochs	2.0
1120.406077821527	0.07491329999993468	epochs	3.0
1120.480991121527	0.0736431000000266	epochs	3.0
1120.554634221527	0.14364240000008976	epochs	2.0
1120.554634221527	0.07241500000009182	epochs	3.0
1120.6270492215272	0.07122739999999794	epochs	3.0
1120.6982766215272	0.13904309999998077	epochs	2.0
1120.6982766215272	0.07007799999996678	epochs	3.0
1120.7683546215271	0.06896510000001399	epochs	3.0
1120.8373197215271	0.13472929999988992	epochs	2.0
1120.8373197215271	0.0678871000000072	epochs	3.0
1120.9052068215271	0.06684219999988272	epochs	3.0
1120.972049021527	0.1306752000000415	epochs	2.0
1120.972049021527	0.06582909999997355	epochs	3.0
1121.037878121527	0.06484610000006796	epochs	3.0
1121.102724221527	0.1268577999999252	epochs	2.0
1121.102724221527	0.06389200000012352	epochs	3.0
1121.1666162215272	0.06296579999980167	epochs	3.0
1121.229582021527	0.12325720000012552	epochs	2.0
1121.229582021527	0.06206580000002759	epochs	3.0
1121.291647821527	0.06119140000009793	epochs	3.0
1121.3528392215271	0.11985540000000583	epochs	2.0
1121.3528392215271	0.060341099999959624	epochs	3.0
1121.413180321527	0.059514300000046205	epochs	3.0
1121.4726946215271	0.1166361999999026	epochs	2.0
1121.4726946215271	0.058709599999929196	epochs	3.0
1121.531404221527	0.057926599999973405	epochs	3.0
1121.589330821527	0.11358560000007856	epochs	2.0
1121.589330821527	0.05716419999998834	epochs	3.0
1121.646495021527	0.056421400000090216	epochs	3.0
1121.702916421527	0.11069049999991876	epochs	2.0
1121.702916421527	0.055697900000041045	epochs	3.0
1121.7586143215271	0.05499259999987771	epochs	3.0
1121.813606921527	0.1079391000000669	epochs	2.0
1121.813606921527	0.05430490000003374	epochs	3.0
1121.867911821527	0.05363420000003316	epochs	3.0
1121.921546021527	0.10532149999994544	epochs	2.0
1121.921546021527	0.05297999999993408	epochs	3.0
1121.974526021527	0.052341500000011365	epochs	3.0
1122.026867521527	0.10282759999995505	epochs	2.0
1122.026867521527	0.05171810000001642	epochs	3.0
1122.078585621527	0.051109499999938635	epochs	3.0
1122.129695121527	0.10044910000010532	epochs	2.0
1122.129695121527	0.050514900000052876	epochs	3.0
1122.180210021527	0.04993420000005244	epochs	3.0
1122.230144221527	0.0981782999999723	epochs	2.0
1122.230144221527	0.04936659999998483	epochs	3.0
1122.279510821527	0.04881169999998747	epochs	3.0
1122.328322521527	0.09600780000005216	epochs	2.0
1122.328322521527	0.04826920000004975	epochs	3.0
1122.3765917215271	0.04773860000000241	epochs	3.0
1122.4243303215271	0.09393120000004274	epochs	2.0
1122.4243303215271	0.04721949999998287	epochs	3.0
1122.471549821527	0.046711700000059864	epochs	3.0
1122.5182615215272	0.09194260000003851	epochs	2.0
1122.5182615215272	0.046214599999984785	epochs	3.0
1122.5644761215272	0.045728000000053726	epochs	3.0
1122.6102041215272	0.09003629999983787	epochs	2.0
1122.6102041215272	0.045251499999949374	epochs	3.0
1122.6554556215272	0.04478479999988849	epochs	3.0
1122.700240421527	0.08820760000003247	epochs	2.0
1122.700240421527	0.044327800000019124	epochs	3.0
1122.744568221527	0.04387980000001335	epochs	3.0
1122.788448021527	0.0864516999999978	epochs	2.0
1122.788448021527	0.04344100000002982	epochs	3.0
1122.831889021527	0.04301069999996798	epochs	3.0
1122.874899721527	0.08476429999996071	epochs	2.0
1122.874899721527	0.04258900000013455	epochs	3.0
1122.9174887215272	0.042175299999826166	epochs	3.0
1122.959664021527	0.08314150000001064	epochs	2.0
1122.959664021527	0.04176970000003166	epochs	3.0
1123.001433721527	0.041371799999978975	epochs	3.0
1123.042805521527	0.08157970000002024	epochs	2.0
1123.042805521527	0.040981399999964196	epochs	3.0
1123.083786921527	0.04059830000005604	epochs	3.0
1123.124385221527	0.08007550000002084	epochs	2.0
1123.124385221527	0.040222300000095856	epochs	3.0
1123.1646075215272	0.03985319999992498	epochs	3.0
1123.204460721527	0.07862569999997504	epochs	2.0
1123.204460721527	0.039490800000066884	epochs	3.0
1123.2439515215272	0.03913489999990816	epochs	3.0
1123.283086421527	0.07722760000001472	epochs	2.0
1123.283086421527	0.038785400000051595	epochs	3.0
1123.321871821527	0.03844219999996312	epochs	3.0
1123.360314021527	0.07587820000003376	epochs	2.0
1123.360314021527	0.03810479999992822	epochs	3.0
1123.398418821527	0.03777340000010554	epochs	3.0
1123.436192221527	0.0745752000000266	epochs	2.0
1123.436192221527	0.03744770000002973	epochs	3.0
1123.4736399215271	0.03712749999999687	epochs	3.0
1123.5107674215271	0.07331629999998768	epochs	2.0
1123.5107674215271	0.03681289999985893	epochs	3.0
1123.547580321527	0.03650340000012875	epochs	3.0
1123.5840837215271	0.07209899999998015	epochs	2.0
1123.5840837215271	0.03619909999997617	epochs	3.0
1123.620282821527	0.03589990000000398	epochs	3.0
1123.656182721527	0.07092170000009901	epochs	2.0
1123.656182721527	0.03560560000005353	epochs	3.0
1123.6917883215272	0.03531610000004548	epochs	3.0
1123.7271044215272	0.06978199999980461	epochs	2.0
1123.7271044215272	0.03503119999982118	epochs	3.0
1123.762135621527	0.03475079999998343	epochs	3.0
1123.796886421527	0.06867860000011206	epochs	2.0
1123.796886421527	0.03447510000000875	epochs	3.0
1123.831361521527	0.034203500000103304	epochs	3.0
1123.8655650215271	0.06760929999995824	epochs	2.0
1123.8655650215271	0.033936199999970995	epochs	3.0
1123.899501221527	0.033673099999987244	epochs	3.0
1123.933174321527	0.06657289999998284	epochs	2.0
1123.933174321527	0.03341399999999339	epochs	3.0
1123.966588321527	0.033158899999989444	epochs	3.0
1123.999747221527	0.06556780000005347	epochs	2.0
1123.999747221527	0.03290770000012344	epochs	3.0
1124.0326549215272	0.032660099999930026	epochs	3.0
1124.065315021527	0.06459259999996902	epochs	2.0
1124.065315021527	0.03241639999987456	epochs	3.0
1124.097731421527	0.03217620000009447	epochs	3.0
1124.129907621527	0.06364600000006249	epochs	2.0
1124.129907621527	0.03193959999998697	epochs	3.0
1124.161847221527	0.03170640000007552	epochs	3.0
1124.1935536215271	0.0627266999999847	epochs	2.0
1124.1935536215271	0.031476599999905375	epochs	3.0
1124.225030221527	0.03125010000007933	epochs	3.0
1124.2562803215271	0.06183359999999993	epochs	2.0
1124.2562803215271	0.03102689999991526	epochs	3.0
1124.287307221527	0.030806700000084675	epochs	3.0
1124.3181139215271	0.060965599999917686	epochs	2.0
1124.3181139215271	0.030589799999916067	epochs	3.0
1124.348703721527	0.030375800000001618	epochs	3.0
1124.379079521527	0.06012160000000222	epochs	2.0
1124.379079521527	0.030164900000045236	epochs	3.0
1124.409244421527	0.02995669999995698	epochs	3.0
1124.439201121527	0.05930069999999432	epochs	2.0
1124.439201121527	0.029751600000054168	epochs	3.0
1124.468952721527	0.029549099999940154	epochs	3.0
1124.498501821527	0.058501800000158255	epochs	2.0
1124.498501821527	0.02934940000000097	epochs	3.0
1124.527851221527	0.029152400000157286	epochs	3.0
1124.5570036215272	0.05772419999993872	epochs	2.0
1124.5570036215272	0.028957999999875028	epochs	3.0
1124.585961621527	0.02876620000006369	epochs	3.0
1124.6147278215271	0.05696710000006533	epochs	2.0
1124.6147278215271	0.028577000000041153	epochs	3.0
1124.6433048215272	0.028390100000024177	epochs	3.0
1124.6716949215272	0.05622949999997218	epochs	2.0
1124.6716949215272	0.028205699999944045	epochs	3.0
1124.6999006215271	0.028023800000028132	epochs	3.0
1124.7279244215272	0.05551070000001346	epochs	2.0
1124.7279244215272	0.027843999999959124	epochs	3.0
1124.7557684215271	0.027666700000054334	epochs	3.0
1124.7834351215272	0.054810200000019904	epochs	2.0
1124.7834351215272	0.02749149999999645	epochs	3.0
1124.8109266215272	0.027318700000023455	epochs	3.0
1124.8382453215272	0.054126999999880354	epochs	2.0
1124.8382453215272	0.027147799999966082	epochs	3.0
1124.8653931215272	0.026979199999914272	epochs	3.0
1124.892372321527	0.053460699999959616	epochs	2.0
1124.892372321527	0.026812600000084785	epochs	3.0
1124.9191849215272	0.02664809999987483	epochs	3.0
1124.945833021527	0.05281070000000909	epochs	2.0
1124.945833021527	0.026485600000114573	epochs	3.0
1124.9723186215272	0.02632509999989452	epochs	3.0
1124.998643721527	0.05217620000007628	epochs	2.0
1124.998643721527	0.026166399999965506	epochs	3.0
1125.024810121527	0.026009800000110772	epochs	3.0
1125.0508199215271	0.051556699999991906	epochs	2.0
1125.0508199215271	0.025854799999933675	epochs	3.0
1125.076674721527	0.02570190000005823	epochs	3.0
1125.1023766215271	0.05095189999997274	epochs	2.0
1125.1023766215271	0.025550699999939752	epochs	3.0
1125.127927321527	0.025401200000032986	epochs	3.0
1125.153328521527	0.05036100000006627	epochs	2.0
1125.153328521527	0.025253499999962514	epochs	3.0
1125.178582021527	0.025107500000103755	epochs	3.0
1125.2036895215272	0.04978379999988647	epochs	2.0
1125.2036895215272	0.02496320000000196	epochs	3.0
1125.2286527215272	0.024820599999884507	epochs	3.0
1125.253473321527	0.04921949999993558	epochs	2.0
1125.253473321527	0.024679399999968155	epochs	3.0
1125.278152721527	0.024540099999967424	epochs	3.0
1125.302692821527	0.04866790000005494	epochs	2.0
1125.302692821527	0.024402100000088467	epochs	3.0
1125.327094921527	0.024265799999966475	epochs	3.0
1125.351360721527	0.04812860000015462	epochs	2.0
1125.351360721527	0.024131000000124914	epochs	3.0
1125.3754917215272	0.023997600000029706	epochs	3.0
1125.3994893215272	0.04760109999983797	epochs	2.0
1125.3994893215272	0.02386579999983951	epochs	3.0
1125.423355121527	0.02373529999999846	epochs	3.0
1125.447090421527	0.04708500000015192	epochs	2.0
1125.447090421527	0.023606299999983094	epochs	3.0
1125.470696721527	0.02347870000016883	epochs	3.0
1125.4941754215272	0.046579999999948996	epochs	2.0
1125.4941754215272	0.023352499999873544	epochs	3.0
1125.517527921527	0.02322750000007545	epochs	3.0
1125.5407554215271	0.046085700000048746	epochs	2.0
1125.5407554215271	0.02310399999987567	epochs	3.0
1125.563859421527	0.022981700000173078	epochs	3.0
1125.5868411215272	0.045601799999985815	epochs	2.0
1125.5868411215272	0.02286069999991014	epochs	3.0
1125.609701821527	0.022741100000075676	epochs	3.0
1125.6324429215272	0.045127899999897636	epochs	2.0
1125.6324429215272	0.022622499999897627	epochs	3.0
1125.655065421527	0.02250540000000001	epochs	3.0
1125.677570821527	0.0446638000000803	epochs	2.0
1125.677570821527	0.02238929999998618	epochs	3.0
1125.699960121527	0.022274500000094122	epochs	3.0
1125.7222346215272	0.044209199999841076	epochs	2.0
1125.7222346215272	0.022160799999937808	epochs	3.0
1125.744395421527	0.022048399999903268	epochs	3.0
1125.766443821527	0.04376360000014756	epochs	2.0
1125.766443821527	0.021936900000127935	epochs	3.0
1125.7883807215271	0.021826700000019628	epochs	3.0
1125.8102074215271	0.04332709999994222	epochs	2.0
1125.8102074215271	0.021717599999874437	epochs	3.0
1125.831925021527	0.021609500000067783	epochs	3.0
1125.853534521527	0.04289900000003399	epochs	2.0
1125.853534521527	0.02150249999999687	epochs	3.0
1125.875037021527	0.021396500000037122	epochs	3.0
1125.8964335215271	0.04247949999989942	epochs	2.0
1125.8964335215271	0.021291699999892444	epochs	3.0
1125.917725221527	0.021187800000006973	epochs	3.0
1125.938913021527	0.04206790000012006	epochs	2.0
1125.938913021527	0.02108490000000529	epochs	3.0
1125.959997921527	0.02098300000011477	epochs	3.0
1125.9809809215271	0.04166439999994509	epochs	2.0
1125.9809809215271	0.020882199999959994	epochs	3.0
1126.001863121527	0.020782199999985096	epochs	3.0
1126.022645321527	0.04126850000011473	epochs	2.0
1126.022645321527	0.020683299999973315	epochs	3.0
1126.043328621527	0.020585200000141413	epochs	3.0
1126.0639138215272	0.04088000000001557	epochs	2.0
1126.0639138215272	0.020488099999965925	epochs	3.0
1126.0844019215272	0.020391900000049645	epochs	3.0
1126.1047938215272	0.040498799999795665	epochs	2.0
1126.1047938215272	0.020296599999937825	epochs	3.0
1126.1250904215271	0.02020219999985784	epochs	3.0
1126.145292621527	0.04012460000012652	epochs	2.0
1126.145292621527	0.02010870000003706	epochs	3.0
1126.165401321527	0.02001590000008946	epochs	3.0
1126.1854172215271	0.03975730000001931	epochs	2.0
1126.1854172215271	0.0199241999998776	epochs	3.0
1126.205341421527	0.019833100000141712	epochs	3.0
1126.2251745215272	0.03939669999999751	epochs	2.0
1126.2251745215272	0.019742999999834865	epochs	3.0
1126.244917521527	0.019653700000162644	epochs	3.0
1126.2645712215271	0.03904239999997117	epochs	2.0
1126.2645712215271	0.019565099999908853	epochs	3.0
1126.284136321527	0.019477300000062314	epochs	3.0
1126.3036136215271	0.03869459999987157	epochs	2.0
1126.3036136215271	0.019390400000020236	epochs	3.0
1126.3230040215271	0.019304199999851335	epochs	3.0
1126.342308221527	0.03835290000006353	epochs	2.0
1126.342308221527	0.019218800000089686	epochs	3.0
1126.361527021527	0.01913409999997384	epochs	3.0
1126.380661121527	0.03801720000001296	epochs	2.0
1126.380661121527	0.019050200000037876	epochs	3.0
1126.399711321527	0.018966999999975087	epochs	3.0
1126.418678321527	0.03768719999993664	epochs	2.0
1126.418678321527	0.01888450000001285	epochs	3.0
1126.437562821527	0.01880269999992379	epochs	3.0
1126.456365521527	0.03736309999999321	epochs	2.0
1126.456365521527	0.018721700000014607	epochs	3.0
1126.475087221527	0.018641399999978603	epochs	3.0
1126.493728621527	0.037044300000161456	epochs	2.0
1126.493728621527	0.018561600000111866	epochs	3.0
1126.512290221527	0.01848270000004959	epochs	3.0
1126.5307729215272	0.03673099999991791	epochs	2.0
1126.5307729215272	0.018404299999929208	epochs	3.0
1126.549177221527	0.018326699999988705	epochs	3.0
1126.567503921527	0.03642289999993409	epochs	2.0
1126.567503921527	0.018249599999990096	epochs	3.0
1126.585753521527	0.018173299999943993	epochs	3.0
1126.603926821527	0.03612010000006194	epochs	2.0
1126.603926821527	0.018097600000146485	epochs	3.0
1126.6220244215272	0.018022499999915453	epochs	3.0
1126.640046921527	0.035822100000132195	epochs	2.0
1126.640046921527	0.017947900000081063	epochs	3.0
1126.6579948215272	0.017874200000051133	epochs	3.0
1126.6758690215272	0.03552899999999681	epochs	2.0
1126.6758690215272	0.01780079999980444	epochs	3.0
1126.693669821527	0.017728200000192373	epochs	3.0
1126.7113980215272	0.03524069999980384	epochs	2.0
1126.7113980215272	0.01765609999984008	epochs	3.0
1126.729054121527	0.017584599999963757	epochs	3.0
1126.746638721527	0.03495710000015606	epochs	2.0
1126.746638721527	0.017513700000108656	epochs	3.0
1126.7641524215271	0.017443400000047404	epochs	3.0
1126.7815958215272	0.034677899999906	epochs	2.0
1126.7815958215272	0.017373599999928047	epochs	3.0
1126.798969421527	0.017304299999977957	epochs	3.0
1126.816273721527	0.03440330000012182	epochs	2.0
1126.816273721527	0.017235700000128418	epochs	3.0
1126.8335094215272	0.0171675999999934	epochs	3.0
1126.8506770215272	0.03413279999995211	epochs	2.0
1126.8506770215272	0.01709989999994832	epochs	3.0
1126.8677769215271	0.017032900000003792	epochs	3.0
1126.8848098215271	0.03386669999986225	epochs	2.0
1126.8848098215271	0.01696640000000116	epochs	3.0
1126.9017762215271	0.01690029999986109	epochs	3.0
1126.918676521527	0.03360459999998966	epochs	2.0
1126.918676521527	0.016834800000196992	epochs	3.0
1126.9355113215272	0.016769799999792667	epochs	3.0
1126.952281121527	0.0333466000001863	epochs	2.0
1126.952281121527	0.016705300000012357	epochs	3.0
1126.968986421527	0.016641300000173942	epochs	3.0
1126.9856277215272	0.033092499999838765	epochs	2.0
1126.9856277215272	0.016577799999822673	epochs	3.0
1127.002205521527	0.01651470000001609	epochs	3.0
1127.018720221527	0.032842300000083924	epochs	2.0
1127.018720221527	0.01645220000000336	epochs	3.0
1127.035172421527	0.016390100000080565	epochs	3.0
1127.051562521527	0.03259570000000167	epochs	2.0
1127.051562521527	0.016328400000020338	epochs	3.0
1127.0678909215271	0.016267299999981333	epochs	3.0
1127.084158221527	0.032352899999978035	epochs	2.0
1127.084158221527	0.016206600000032267	epochs	3.0
1127.1003648215271	0.016146299999945768	epochs	3.0
1127.116511121527	0.032113700000081735	epochs	2.0
1127.116511121527	0.016086600000107865	epochs	3.0
1127.1325977215272	0.01602709999997387	epochs	3.0
1127.1486248215272	0.03187800000000607	epochs	2.0
1127.1486248215272	0.0159681999998611	epochs	3.0
1127.164593021527	0.01590980000014497	epochs	3.0
1127.1805028215272	0.03164569999989908	epochs	2.0
1127.1805028215272	0.015851599999905375	epochs	3.0
1127.196354421527	0.015794099999993705	epochs	3.0
1127.212148521527	0.03141670000013619	epochs	2.0
1127.212148521527	0.01573669999993399	epochs	3.0
1127.227885221527	0.0156800000002022	epochs	3.0
1127.2435652215272	0.03119109999988723	epochs	2.0
1127.2435652215272	0.015623599999798898	epochs	3.0
1127.259188821527	0.01556750000008833	epochs	3.0
1127.274756321527	0.030968699999903038	epochs	2.0
1127.274756321527	0.015511999999944237	epochs	3.0
1127.290268321527	0.0154566999999588	epochs	3.0
1127.305725021527	0.030749500000183616	epochs	2.0
1127.305725021527	0.015401999999994587	epochs	3.0
1127.321127021527	0.01534750000018903	epochs	3.0
1127.3364745215272	0.030533199999808858	epochs	2.0
1127.3364745215272	0.015293400000018664	epochs	3.0
1127.3517679215272	0.015239799999790193	epochs	3.0
1127.367007721527	0.030320100000153616	epochs	2.0
1127.367007721527	0.015186500000027081	epochs	3.0
1127.382194221527	0.015133600000126535	epochs	3.0
1127.3973278215271	0.030109899999843037	epochs	2.0
1127.3973278215271	0.015081000000009226	epochs	3.0
1127.4124088215272	0.015028899999833811	epochs	3.0
1127.427437721527	0.029902500000162036	epochs	2.0
1127.427437721527	0.014977000000044427	epochs	3.0
1127.442414721527	0.014925500000117609	epochs	3.0
1127.4573402215271	0.029698099999905025	epochs	2.0
1127.4573402215271	0.014874400000053356	epochs	3.0
1127.4722146215272	0.01482369999985167	epochs	3.0
1127.487038321527	0.029496300000118936	epochs	2.0
1127.487038321527	0.014773200000036013	epochs	3.0
1127.501811521527	0.014723100000082923	epochs	3.0
1127.5165346215272	0.029297399999904883	epochs	2.0
1127.5165346215272	0.014673399999992398	epochs	3.0
1127.5312080215272	0.014623999999912485	epochs	3.0
1127.545832021527	0.029101099999934377	epochs	2.0
1127.545832021527	0.014574900000070556	epochs	3.0
1127.5604069215271	0.01452619999986382	epochs	3.0
1127.574933121527	0.028907399999980044	epochs	2.0
1127.574933121527	0.014477700000043114	epochs	3.0
1127.589410821527	0.014429699999936929	epochs	3.0
1127.603840521527	0.02871620000018993	epochs	2.0
1127.603840521527	0.014381800000137446	epochs	3.0
1127.6182223215271	0.014334400000052483	epochs	3.0
1127.6325567215272	0.02852759999996124	epochs	2.0
1127.6325567215272	0.014287199999898803	epochs	3.0
1127.646843921527	0.014240400000062436	epochs	3.0
1127.6610843215271	0.028341400000044814	epochs	2.0
1127.6610843215271	0.014193799999929979	epochs	3.0
1127.675278121527	0.014147600000114835	epochs	3.0
1127.6894257215272	0.02815769999983786	epochs	2.0
1127.6894257215272	0.014101699999855555	epochs	3.0
1127.703527421527	0.014055999999982305	epochs	3.0
1127.717583421527	0.027976300000091214	epochs	2.0
1127.717583421527	0.014010600000119666	epochs	3.0
1127.7315940215271	0.013965699999971548	epochs	3.0
1127.7455597215271	0.027797199999895383	epochs	2.0
1127.7455597215271	0.013920800000050804	epochs	3.0
1127.7594805215272	0.01387639999984458	epochs	3.0
1127.773356921527	0.02762040000015986	epochs	2.0
1127.773356921527	0.013832200000024386	epochs	3.0
1127.787189121527	0.013788200000135475	epochs	3.0
1127.8009773215272	0.027445899999975154	epochs	2.0
1127.8009773215272	0.013744599999881757	epochs	3.0
1127.814721921527	0.013701300000093397	epochs	3.0
1127.8284232215271	0.027273499999864725	epochs	2.0
1127.8284232215271	0.013658200000008947	epochs	3.0
1127.8420814215272	0.013615299999855779	epochs	3.0
1127.855696721527	0.027103399999987232	epochs	2.0
1127.855696721527	0.013572800000019924	epochs	3.0
1127.869269521527	0.013530599999967308	epochs	3.0
1127.882800121527	0.02693520000002536	epochs	2.0
1127.882800121527	0.013488400000142065	epochs	3.0
1127.8962885215271	0.013446799999883297	epochs	3.0
1127.909735321527	0.026769199999989723	epochs	2.0
1127.909735321527	0.013405200000079276	epochs	3.0
1127.923140521527	0.013363999999910448	epochs	3.0
1127.936504521527	0.02660520000017641	epochs	2.0
1127.936504521527	0.013322900000048321	epochs	3.0
1127.949827421527	0.013282300000128089	epochs	3.0
1127.9631097215272	0.0264431999999033	epochs	2.0
1127.9631097215272	0.013241699999980483	epochs	3.0
1127.9763514215272	0.013201499999922817	epochs	3.0
1127.989552921527	0.026283200000079887	epochs	2.0
1127.989552921527	0.013161500000023807	epochs	3.0
1128.0027144215271	0.01312170000005608	epochs	3.0
1128.0158361215272	0.026124999999865395	epochs	2.0
1128.0158361215272	0.013082100000019636	epochs	3.0
1128.0289182215272	0.013042899999845758	epochs	3.0
1128.041961121527	0.025968899999952555	epochs	2.0
1128.041961121527	0.01300390000005791	epochs	3.0
1128.054965021527	0.012964999999894644	epochs	3.0
1128.067930021527	0.025814500000024054	epochs	2.0
1128.067930021527	0.012926400000196736	epochs	3.0
1128.0808564215272	0.012888099999827318	epochs	3.0
1128.093744521527	0.02566190000015922	epochs	2.0
1128.093744521527	0.012849899999991976	epochs	3.0
1128.106594421527	0.012812000000167245	epochs	3.0
1128.1194064215272	0.025511199999982637	epochs	2.0
1128.1194064215272	0.012774399999898378	epochs	3.0
1128.132180821527	0.012736800000084258	epochs	3.0
1128.1449176215272	0.02536229999986972	epochs	2.0
1128.1449176215272	0.01269969999998466	epochs	3.0
1128.1576173215271	0.01266259999988506	epochs	3.0
1128.170279921527	0.02521500000011656	epochs	2.0
1128.170279921527	0.012625800000023446	epochs	3.0
1128.182905721527	0.012589200000093115	epochs	3.0
1128.1954949215271	0.024584799999956886	epochs	2.0
1128.218684721527	0.5	epochs	-1.0
1128.220079721527	0.9999199999999746	epochs	1.0
1128.718684721527	0.5	epochs	-1.0
1130.6009998321533	0.07807999999999993	epochs	0.0
1130.6009998321533	0.034042900000031295	epochs	1.0
1130.6350427321534	0.009994199999937337	epochs	1.0
1130.6450369321533	0.034042900000031295	epochs	1.0
1130.6790798321533	2.0	epochs	0.0
1132.6790798321533	21.999919999999975	epochs	0.0
1132.6790798321533	1.0	epochs	1.0
1132.6791248321533	0.5	epochs	-1.0
1133.1791248321533	19.998559999999998	epochs	-1.0
1133.6790798321533	20.0	epochs	1.0
1133.6790798321533	4.356753900000058	epochs	-1.0
1133.6790798321533	1.9745872000000873	epochs	2.0
1133.6790798321533	1.0985622000000603	epochs	3.0
1134.7776420321534	0.8760250000000269	epochs	3.0
1135.6536670321534	1.3524075000000266	epochs	2.0
1135.6536670321534	0.7286354999998821	epochs	3.0
1136.3823025321533	0.6237720000001445	epochs	3.0
1137.0060745321534	1.029759199999944	epochs	2.0
1137.0060745321534	0.5453292999998212	epochs	3.0
1137.5514038321533	0.48442990000012287	epochs	3.0
1138.0358337321534	0.8317861999998968	epochs	2.0
1138.0358337321534	0.4357763000000432	epochs	3.0
1138.4716100321534	0.3960098999998536	epochs	3.0
1138.8676199321533	0.6977970000000369	epochs	2.0
1138.8676199321533	0.3628982000000178	epochs	3.0
1139.2305181321533	0.33489880000001904	epochs	3.0
1139.5654169321533	0.601045699999986	epochs	2.0
1139.5654169321533	0.3109122999999272	epochs	3.0
1139.8763292321532	0.2901334000000588	epochs	3.0
1140.1664626321533	0.5278859000000011	epochs	2.0
1140.1664626321533	0.2719586000000618	epochs	3.0
1140.4384212321534	0.25592729999993935	epochs	3.0
1140.6943485321533	0.470619299999953	epochs	2.0
1140.6943485321533	0.241681299999982	epochs	3.0
1140.9360298321533	0.228937999999971	epochs	3.0
1141.1649678321533	0.42457039999999324	epochs	2.0
1141.1649678321533	0.21747140000002219	epochs	3.0
1141.3824392321533	0.20709899999997106	epochs	3.0
1141.5895382321532	0.3867354000001342	epochs	2.0
1141.5895382321532	0.19767109999997956	epochs	3.0
1141.7872093321532	0.18906430000015462	epochs	3.0
1141.9762736321534	0.35509529999990264	epochs	2.0
1141.9762736321534	0.18117589999997108	epochs	3.0
1142.1574495321534	0.17391939999993156	epochs	3.0
1142.3313689321533	0.3282431000000088	epochs	2.0
1142.3313689321533	0.16722189999995862	epochs	3.0
1142.4985908321532	0.16102120000005016	epochs	3.0
1142.6596120321533	0.30516800000009425	epochs	2.0
1142.6596120321533	0.15526390000013635	epochs	3.0
1142.8148759321534	0.1499040999999579	epochs	3.0
1142.9647800321534	0.28512529999989056	epochs	2.0
1142.9647800321534	0.14490209999985382	epochs	3.0
1143.1096821321532	0.14022320000003674	epochs	3.0
1143.2499053321533	0.267553800000087	epochs	2.0
1143.2499053321533	0.1358368999999584	epochs	3.0
1143.3857422321532	0.1317169000001286	epochs	3.0
1143.5174591321534	0.252022899999929	epochs	2.0
1143.5174591321534	0.1278393000000051	epochs	3.0
1143.6452984321534	0.1241835999999239	epochs	3.0
1143.7694820321533	0.23819649999995818	epochs	2.0
1143.7694820321533	0.12073110000005727	epochs	3.0
1143.8902131321533	0.11746539999990091	epochs	3.0
1144.0076785321532	0.2258088000000953	epochs	2.0
1144.0076785321532	0.11437190000015107	epochs	3.0
1144.1220504321534	0.11143689999994422	epochs	3.0
1144.2334873321533	0.21464599999990241	epochs	2.0
1144.2334873321533	0.10864889999993466	epochs	3.0
1144.3421362321533	0.10599709999996776	epochs	3.0
1144.4481333321532	0.20453500000007807	epochs	2.0
1144.4481333321532	0.10347150000006877	epochs	3.0
1144.5516048321533	0.1010635000000093	epochs	3.0
1144.6526683321533	0.19533400000000256	epochs	2.0
1144.6526683321533	0.09876510000003691	epochs	3.0
1144.7514334321534	0.09656889999996565	epochs	3.0
1144.8480023321533	0.18692529999998442	epochs	2.0
1144.8480023321533	0.09446830000001682	epochs	3.0
1144.9424706321533	0.09245699999996759	epochs	3.0
1145.0349276321533	0.1792107000001124	epochs	2.0
1145.0349276321533	0.0905296000000817	epochs	3.0
1145.1254572321534	0.08868110000003071	epochs	3.0
1145.2141383321534	0.17210769999996955	epochs	2.0
1145.2141383321534	0.08690629999978228	epochs	3.0
1145.3010446321532	0.08520140000018728	epochs	3.0
1145.3862460321534	0.16554640000003928	epochs	2.0
1145.3862460321534	0.08356189999994967	epochs	3.0
1145.4698079321533	0.08198450000008961	epochs	3.0
1145.5517924321534	0.15946709999980158	epochs	2.0
1145.5517924321534	0.08046539999986635	epochs	3.0
1145.6322578321533	0.07900169999993523	epochs	3.0
1145.7112595321532	0.15381840000009106	epochs	2.0
1145.7112595321532	0.07759010000017952	epochs	3.0
1145.7888496321534	0.07622829999991154	epochs	3.0
1145.8650779321533	0.14855639999996129	epochs	2.0
1145.8650779321533	0.07491329999993468	epochs	3.0
1145.9399912321533	0.0736431000000266	epochs	3.0
1146.0136343321533	0.14364240000008976	epochs	2.0
1146.0136343321533	0.07241500000009182	epochs	3.0
1146.0860493321534	0.07122739999999794	epochs	3.0
1146.1572767321534	0.13904309999998077	epochs	2.0
1146.1572767321534	0.07007799999996678	epochs	3.0
1146.2273547321533	0.06896510000001399	epochs	3.0
1146.2963198321534	0.13472929999988992	epochs	2.0
1146.2963198321534	0.0678871000000072	epochs	3.0
1146.3642069321534	0.06684219999988272	epochs	3.0
1146.4310491321532	0.1306752000000415	epochs	2.0
1146.4310491321532	0.06582909999997355	epochs	3.0
1146.4968782321532	0.06484610000006796	epochs	3.0
1146.5617243321533	0.1268577999999252	epochs	2.0
1146.5617243321533	0.06389200000012352	epochs	3.0
1146.6256163321534	0.06296579999980167	epochs	3.0
1146.6885821321532	0.12325720000012552	epochs	2.0
1146.6885821321532	0.06206580000002759	epochs	3.0
1146.7506479321532	0.06119140000009793	epochs	3.0
1146.8118393321533	0.11985540000000583	epochs	2.0
1146.8118393321533	0.060341099999959624	epochs	3.0
1146.8721804321533	0.059514300000046205	epochs	3.0
1146.9316947321533	0.1166361999999026	epochs	2.0
1146.9316947321533	0.058709599999929196	epochs	3.0
1146.9904043321533	0.057926599999973405	epochs	3.0
1147.0483309321532	0.11358560000007856	epochs	2.0
1147.0483309321532	0.05716419999998834	epochs	3.0
1147.1054951321532	0.056421400000090216	epochs	3.0
1147.1619165321533	0.11069049999991876	epochs	2.0
1147.1619165321533	0.055697900000041045	epochs	3.0
1147.2176144321534	0.05499259999987771	epochs	3.0
1147.2726070321532	0.1079391000000669	epochs	2.0
1147.2726070321532	0.05430490000003374	epochs	3.0
1147.3269119321533	0.05363420000003316	epochs	3.0
1147.3805461321533	0.10532149999994544	epochs	2.0
1147.3805461321533	0.05297999999993408	epochs	3.0
1147.4335261321532	0.052341500000011365	epochs	3.0
1147.4858676321533	0.10282759999995505	epochs	2.0
1147.4858676321533	0.05171810000001642	epochs	3.0
1147.5375857321533	0.051109499999938635	epochs	3.0
1147.5886952321532	0.10044910000010532	epochs	2.0
1147.5886952321532	0.050514900000052876	epochs	3.0
1147.6392101321533	0.04993420000005244	epochs	3.0
1147.6891443321533	0.0981782999999723	epochs	2.0
1147.6891443321533	0.04936659999998483	epochs	3.0
1147.7385109321533	0.04881169999998747	epochs	3.0
1147.7873226321533	0.09600780000005216	epochs	2.0
1147.7873226321533	0.04826920000004975	epochs	3.0
1147.8355918321533	0.04773860000000241	epochs	3.0
1147.8833304321533	0.09393120000004274	epochs	2.0
1147.8833304321533	0.04721949999998287	epochs	3.0
1147.9305499321533	0.046711700000059864	epochs	3.0
1147.9772616321534	0.09194260000003851	epochs	2.0
1147.9772616321534	0.046214599999984785	epochs	3.0
1148.0234762321534	0.045728000000053726	epochs	3.0
1148.0692042321534	0.09003629999983787	epochs	2.0
1148.0692042321534	0.045251499999949374	epochs	3.0
1148.1144557321534	0.04478479999988849	epochs	3.0
1148.1592405321533	0.08820760000003247	epochs	2.0
1148.1592405321533	0.044327800000019124	epochs	3.0
1148.2035683321533	0.04387980000001335	epochs	3.0
1148.2474481321533	0.0864516999999978	epochs	2.0
1148.2474481321533	0.04344100000002982	epochs	3.0
1148.2908891321533	0.04301069999996798	epochs	3.0
1148.3338998321533	0.08476429999996071	epochs	2.0
1148.3338998321533	0.04258900000013455	epochs	3.0
1148.3764888321534	0.042175299999826166	epochs	3.0
1148.4186641321533	0.08314150000001064	epochs	2.0
1148.4186641321533	0.04176970000003166	epochs	3.0
1148.4604338321533	0.041371799999978975	epochs	3.0
1148.5018056321533	0.08157970000002024	epochs	2.0
1148.5018056321533	0.040981399999964196	epochs	3.0
1148.5427870321532	0.04059830000005604	epochs	3.0
1148.5833853321533	0.08007550000002084	epochs	2.0
1148.5833853321533	0.040222300000095856	epochs	3.0
1148.6236076321534	0.03985319999992498	epochs	3.0
1148.6634608321533	0.07862569999997504	epochs	2.0
1148.6634608321533	0.039490800000066884	epochs	3.0
1148.7029516321534	0.03913489999990816	epochs	3.0
1148.7420865321533	0.07722760000001472	epochs	2.0
1148.7420865321533	0.038785400000051595	epochs	3.0
1148.7808719321533	0.03844219999996312	epochs	3.0
1148.8193141321533	0.07587820000003376	epochs	2.0
1148.8193141321533	0.03810479999992822	epochs	3.0
1148.8574189321532	0.03777340000010554	epochs	3.0
1148.8951923321533	0.0745752000000266	epochs	2.0
1148.8951923321533	0.03744770000002973	epochs	3.0
1148.9326400321534	0.03712749999999687	epochs	3.0
1148.9697675321534	0.07331629999998768	epochs	2.0
1148.9697675321534	0.03681289999985893	epochs	3.0
1149.0065804321532	0.03650340000012875	epochs	3.0
1149.0430838321533	0.07209899999998015	epochs	2.0
1149.0430838321533	0.03619909999997617	epochs	3.0
1149.0792829321533	0.03589990000000398	epochs	3.0
1149.1151828321533	0.07092170000009901	epochs	2.0
1149.1151828321533	0.03560560000005353	epochs	3.0
1149.1507884321534	0.03531610000004548	epochs	3.0
1149.1861045321534	0.06978199999980461	epochs	2.0
1149.1861045321534	0.03503119999982118	epochs	3.0
1149.2211357321532	0.03475079999998343	epochs	3.0
1149.2558865321532	0.06867860000011206	epochs	2.0
1149.2558865321532	0.03447510000000875	epochs	3.0
1149.2903616321532	0.034203500000103304	epochs	3.0
1149.3245651321533	0.06760929999995824	epochs	2.0
1149.3245651321533	0.033936199999970995	epochs	3.0
1149.3585013321533	0.033673099999987244	epochs	3.0
1149.3921744321533	0.06657289999998284	epochs	2.0
1149.3921744321533	0.03341399999999339	epochs	3.0
1149.4255884321533	0.033158899999989444	epochs	3.0
1149.4587473321533	0.06556780000005347	epochs	2.0
1149.4587473321533	0.03290770000012344	epochs	3.0
1149.4916550321534	0.032660099999930026	epochs	3.0
1149.5243151321533	0.06459259999996902	epochs	2.0
1149.5243151321533	0.03241639999987456	epochs	3.0
1149.5567315321532	0.03217620000009447	epochs	3.0
1149.5889077321533	0.06364600000006249	epochs	2.0
1149.5889077321533	0.03193959999998697	epochs	3.0
1149.6208473321533	0.03170640000007552	epochs	3.0
1149.6525537321534	0.0627266999999847	epochs	2.0
1149.6525537321534	0.031476599999905375	epochs	3.0
1149.6840303321533	0.03125010000007933	epochs	3.0
1149.7152804321533	0.06183359999999993	epochs	2.0
1149.7152804321533	0.03102689999991526	epochs	3.0
1149.7463073321533	0.030806700000084675	epochs	3.0
1149.7771140321533	0.060965599999917686	epochs	2.0
1149.7771140321533	0.030589799999916067	epochs	3.0
1149.8077038321533	0.030375800000001618	epochs	3.0
1149.8380796321533	0.06012160000000222	epochs	2.0
1149.8380796321533	0.030164900000045236	epochs	3.0
1149.8682445321533	0.02995669999995698	epochs	3.0
1149.8982012321533	0.05930069999999432	epochs	2.0
1149.8982012321533	0.029751600000054168	epochs	3.0
1149.9279528321533	0.029549099999940154	epochs	3.0
1149.9575019321533	0.058501800000158255	epochs	2.0
1149.9575019321533	0.02934940000000097	epochs	3.0
1149.9868513321533	0.029152400000157286	epochs	3.0
1150.0160037321534	0.05772419999993872	epochs	2.0
1150.0160037321534	0.028957999999875028	epochs	3.0
1150.0449617321533	0.02876620000006369	epochs	3.0
1150.0737279321534	0.05696710000006533	epochs	2.0
1150.0737279321534	0.028577000000041153	epochs	3.0
1150.1023049321534	0.028390100000024177	epochs	3.0
1150.1306950321534	0.05622949999997218	epochs	2.0
1150.1306950321534	0.028205699999944045	epochs	3.0
1150.1589007321534	0.028023800000028132	epochs	3.0
1150.1869245321534	0.05551070000001346	epochs	2.0
1150.1869245321534	0.027843999999959124	epochs	3.0
1150.2147685321534	0.027666700000054334	epochs	3.0
1150.2424352321534	0.054810200000019904	epochs	2.0
1150.2424352321534	0.02749149999999645	epochs	3.0
1150.2699267321534	0.027318700000023455	epochs	3.0
1150.2972454321534	0.054126999999880354	epochs	2.0
1150.2972454321534	0.027147799999966082	epochs	3.0
1150.3243932321534	0.026979199999914272	epochs	3.0
1150.3513724321533	0.053460699999959616	epochs	2.0
1150.3513724321533	0.026812600000084785	epochs	3.0
1150.3781850321534	0.02664809999987483	epochs	3.0
1150.4048331321533	0.05281070000000909	epochs	2.0
1150.4048331321533	0.026485600000114573	epochs	3.0
1150.4313187321534	0.02632509999989452	epochs	3.0
1150.4576438321533	0.05217620000007628	epochs	2.0
1150.4576438321533	0.026166399999965506	epochs	3.0
1150.4838102321532	0.026009800000110772	epochs	3.0
1150.5098200321534	0.051556699999991906	epochs	2.0
1150.5098200321534	0.025854799999933675	epochs	3.0
1150.5356748321533	0.02570190000005823	epochs	3.0
1150.5613767321533	0.05095189999997274	epochs	2.0
1150.5613767321533	0.025550699999939752	epochs	3.0
1150.5869274321533	0.025401200000032986	epochs	3.0
1150.6123286321533	0.05036100000006627	epochs	2.0
1150.6123286321533	0.025253499999962514	epochs	3.0
1150.6375821321533	0.025107500000103755	epochs	3.0
1150.6626896321534	0.04978379999988647	epochs	2.0
1150.6626896321534	0.02496320000000196	epochs	3.0
1150.6876528321534	0.024820599999884507	epochs	3.0
1150.7124734321533	0.04921949999993558	epochs	2.0
1150.7124734321533	0.024679399999968155	epochs	3.0
1150.7371528321532	0.024540099999967424	epochs	3.0
1150.7616929321532	0.04866790000005494	epochs	2.0
1150.7616929321532	0.024402100000088467	epochs	3.0
1150.7860950321533	0.024265799999966475	epochs	3.0
1150.8103608321533	0.04812860000015462	epochs	2.0
1150.8103608321533	0.024131000000124914	epochs	3.0
1150.8344918321534	0.023997600000029706	epochs	3.0
1150.8584894321534	0.04760109999983797	epochs	2.0
1150.8584894321534	0.02386579999983951	epochs	3.0
1150.8823552321533	0.02373529999999846	epochs	3.0
1150.9060905321533	0.04708500000015192	epochs	2.0
1150.9060905321533	0.023606299999983094	epochs	3.0
1150.9296968321532	0.02347870000016883	epochs	3.0
1150.9531755321534	0.046579999999948996	epochs	2.0
1150.9531755321534	0.023352499999873544	epochs	3.0
1150.9765280321533	0.02322750000007545	epochs	3.0
1150.9997555321534	0.046085700000048746	epochs	2.0
1150.9997555321534	0.02310399999987567	epochs	3.0
1151.0228595321532	0.022981700000173078	epochs	3.0
1151.0458412321534	0.045601799999985815	epochs	2.0
1151.0458412321534	0.02286069999991014	epochs	3.0
1151.0687019321533	0.022741100000075676	epochs	3.0
1151.0914430321534	0.045127899999897636	epochs	2.0
1151.0914430321534	0.022622499999897627	epochs	3.0
1151.1140655321533	0.02250540000000001	epochs	3.0
1151.1365709321533	0.0446638000000803	epochs	2.0
1151.1365709321533	0.02238929999998618	epochs	3.0
1151.1589602321533	0.022274500000094122	epochs	3.0
1151.1812347321534	0.044209199999841076	epochs	2.0
1151.1812347321534	0.022160799999937808	epochs	3.0
1151.2033955321533	0.022048399999903268	epochs	3.0
1151.2254439321532	0.04376360000014756	epochs	2.0
1151.2254439321532	0.021936900000127935	epochs	3.0
1151.2473808321533	0.021826700000019628	epochs	3.0
1151.2692075321534	0.04332709999994222	epochs	2.0
1151.2692075321534	0.021717599999874437	epochs	3.0
1151.2909251321532	0.021609500000067783	epochs	3.0
1151.3125346321533	0.04289900000003399	epochs	2.0
1151.3125346321533	0.02150249999999687	epochs	3.0
1151.3340371321533	0.021396500000037122	epochs	3.0
1151.3554336321533	0.04247949999989942	epochs	2.0
1151.3554336321533	0.021291699999892444	epochs	3.0
1151.3767253321532	0.021187800000006973	epochs	3.0
1151.3979131321532	0.04206790000012006	epochs	2.0
1151.3979131321532	0.02108490000000529	epochs	3.0
1151.4189980321532	0.02098300000011477	epochs	3.0
1151.4399810321534	0.04166439999994509	epochs	2.0
1151.4399810321534	0.020882199999959994	epochs	3.0
1151.4608632321533	0.020782199999985096	epochs	3.0
1151.4816454321533	0.04126850000011473	epochs	2.0
1151.4816454321533	0.020683299999973315	epochs	3.0
1151.5023287321533	0.020585200000141413	epochs	3.0
1151.5229139321534	0.04088000000001557	epochs	2.0
1151.5229139321534	0.020488099999965925	epochs	3.0
1151.5434020321534	0.020391900000049645	epochs	3.0
1151.5637939321534	0.040498799999795665	epochs	2.0
1151.5637939321534	0.020296599999937825	epochs	3.0
1151.5840905321534	0.02020219999985784	epochs	3.0
1151.6042927321532	0.04012460000012652	epochs	2.0
1151.6042927321532	0.02010870000003706	epochs	3.0
1151.6244014321533	0.02001590000008946	epochs	3.0
1151.6444173321534	0.03975730000001931	epochs	2.0
1151.6444173321534	0.0199241999998776	epochs	3.0
1151.6643415321532	0.019833100000141712	epochs	3.0
1151.6841746321534	0.03939669999999751	epochs	2.0
1151.6841746321534	0.019742999999834865	epochs	3.0
1151.7039176321532	0.019653700000162644	epochs	3.0
1151.7235713321534	0.03904239999997117	epochs	2.0
1151.7235713321534	0.019565099999908853	epochs	3.0
1151.7431364321533	0.019477300000062314	epochs	3.0
1151.7626137321533	0.03869459999987157	epochs	2.0
1151.7626137321533	0.019390400000020236	epochs	3.0
1151.7820041321534	0.019304199999851335	epochs	3.0
1151.8013083321532	0.03835290000006353	epochs	2.0
1151.8013083321532	0.019218800000089686	epochs	3.0
1151.8205271321533	0.01913409999997384	epochs	3.0
1151.8396612321533	0.03801720000001296	epochs	2.0
1151.8396612321533	0.019050200000037876	epochs	3.0
1151.8587114321533	0.018966999999975087	epochs	3.0
1151.8776784321533	0.03768719999993664	epochs	2.0
1151.8776784321533	0.01888450000001285	epochs	3.0
1151.8965629321533	0.01880269999992379	epochs	3.0
1151.9153656321532	0.03736309999999321	epochs	2.0
1151.9153656321532	0.018721700000014607	epochs	3.0
1151.9340873321532	0.018641399999978603	epochs	3.0
1151.9527287321532	0.037044300000161456	epochs	2.0
1151.9527287321532	0.018561600000111866	epochs	3.0
1151.9712903321533	0.01848270000004959	epochs	3.0
1151.9897730321534	0.03673099999991791	epochs	2.0
1151.9897730321534	0.018404299999929208	epochs	3.0
1152.0081773321533	0.018326699999988705	epochs	3.0
1152.0265040321533	0.03642289999993409	epochs	2.0
1152.0265040321533	0.018249599999990096	epochs	3.0
1152.0447536321533	0.018173299999943993	epochs	3.0
1152.0629269321532	0.03612010000006194	epochs	2.0
1152.0629269321532	0.018097600000146485	epochs	3.0
1152.0810245321534	0.018022499999915453	epochs	3.0
1152.0990470321533	0.035822100000132195	epochs	2.0
1152.0990470321533	0.017947900000081063	epochs	3.0
1152.1169949321534	0.017874200000051133	epochs	3.0
1152.1348691321534	0.03552899999999681	epochs	2.0
1152.1348691321534	0.01780079999980444	epochs	3.0
1152.1526699321532	0.017728200000192373	epochs	3.0
1152.1703981321534	0.03524069999980384	epochs	2.0
1152.1703981321534	0.01765609999984008	epochs	3.0
1152.1880542321533	0.017584599999963757	epochs	3.0
1152.2056388321532	0.03495710000015606	epochs	2.0
1152.2056388321532	0.017513700000108656	epochs	3.0
1152.2231525321533	0.017443400000047404	epochs	3.0
1152.2405959321534	0.034677899999906	epochs	2.0
1152.2405959321534	0.017373599999928047	epochs	3.0
1152.2579695321533	0.017304299999977957	epochs	3.0
1152.2752738321533	0.03440330000012182	epochs	2.0
1152.2752738321533	0.017235700000128418	epochs	3.0
1152.2925095321534	0.0171675999999934	epochs	3.0
1152.3096771321534	0.03413279999995211	epochs	2.0
1152.3096771321534	0.01709989999994832	epochs	3.0
1152.3267770321534	0.017032900000003792	epochs	3.0
1152.3438099321534	0.03386669999986225	epochs	2.0
1152.3438099321534	0.01696640000000116	epochs	3.0
1152.3607763321534	0.01690029999986109	epochs	3.0
1152.3776766321532	0.03360459999998966	epochs	2.0
1152.3776766321532	0.016834800000196992	epochs	3.0
1152.3945114321534	0.016769799999792667	epochs	3.0
1152.4112812321532	0.0333466000001863	epochs	2.0
1152.4112812321532	0.016705300000012357	epochs	3.0
1152.4279865321532	0.016641300000173942	epochs	3.0
1152.4446278321534	0.033092499999838765	epochs	2.0
1152.4446278321534	0.016577799999822673	epochs	3.0
1152.4612056321532	0.01651470000001609	epochs	3.0
1152.4777203321532	0.032842300000083924	epochs	2.0
1152.4777203321532	0.01645220000000336	epochs	3.0
1152.4941725321532	0.016390100000080565	epochs	3.0
1152.5105626321533	0.03259570000000167	epochs	2.0
1152.5105626321533	0.016328400000020338	epochs	3.0
1152.5268910321533	0.016267299999981333	epochs	3.0
1152.5431583321533	0.032352899999978035	epochs	2.0
1152.5431583321533	0.016206600000032267	epochs	3.0
1152.5593649321534	0.016146299999945768	epochs	3.0
1152.5755112321533	0.032113700000081735	epochs	2.0
1152.5755112321533	0.016086600000107865	epochs	3.0
1152.5915978321534	0.01602709999997387	epochs	3.0
1152.6076249321534	0.03187800000000607	epochs	2.0
1152.6076249321534	0.0159681999998611	epochs	3.0
1152.6235931321532	0.01590980000014497	epochs	3.0
1152.6395029321534	0.03164569999989908	epochs	2.0
1152.6395029321534	0.015851599999905375	epochs	3.0
1152.6553545321533	0.015794099999993705	epochs	3.0
1152.6711486321533	0.03141670000013619	epochs	2.0
1152.6711486321533	0.01573669999993399	epochs	3.0
1152.6868853321532	0.0156800000002022	epochs	3.0
1152.7025653321534	0.03119109999988723	epochs	2.0
1152.7025653321534	0.015623599999798898	epochs	3.0
1152.7181889321532	0.01556750000008833	epochs	3.0
1152.7337564321533	0.030968699999903038	epochs	2.0
1152.7337564321533	0.015511999999944237	epochs	3.0
1152.7492684321533	0.0154566999999588	epochs	3.0
1152.7647251321532	0.030749500000183616	epochs	2.0
1152.7647251321532	0.015401999999994587	epochs	3.0
1152.7801271321532	0.01534750000018903	epochs	3.0
1152.7954746321534	0.030533199999808858	epochs	2.0
1152.7954746321534	0.015293400000018664	epochs	3.0
1152.8107680321534	0.015239799999790193	epochs	3.0
1152.8260078321532	0.030320100000153616	epochs	2.0
1152.8260078321532	0.015186500000027081	epochs	3.0
1152.8411943321532	0.015133600000126535	epochs	3.0
1152.8563279321534	0.030109899999843037	epochs	2.0
1152.8563279321534	0.015081000000009226	epochs	3.0
1152.8714089321534	0.015028899999833811	epochs	3.0
1152.8864378321532	0.029902500000162036	epochs	2.0
1152.8864378321532	0.014977000000044427	epochs	3.0
1152.9014148321533	0.014925500000117609	epochs	3.0
1152.9163403321534	0.029698099999905025	epochs	2.0
1152.9163403321534	0.014874400000053356	epochs	3.0
1152.9312147321534	0.01482369999985167	epochs	3.0
1152.9460384321533	0.029496300000118936	epochs	2.0
1152.9460384321533	0.014773200000036013	epochs	3.0
1152.9608116321533	0.014723100000082923	epochs	3.0
1152.9755347321534	0.029297399999904883	epochs	2.0
1152.9755347321534	0.014673399999992398	epochs	3.0
1152.9902081321534	0.014623999999912485	epochs	3.0
1153.0048321321533	0.029101099999934377	epochs	2.0
1153.0048321321533	0.014574900000070556	epochs	3.0
1153.0194070321534	0.01452619999986382	epochs	3.0
1153.0339332321532	0.028907399999980044	epochs	2.0
1153.0339332321532	0.014477700000043114	epochs	3.0
1153.0484109321533	0.014429699999936929	epochs	3.0
1153.0628406321532	0.02871620000018993	epochs	2.0
1153.0628406321532	0.014381800000137446	epochs	3.0
1153.0772224321533	0.014334400000052483	epochs	3.0
1153.0915568321534	0.02852759999996124	epochs	2.0
1153.0915568321534	0.014287199999898803	epochs	3.0
1153.1058440321533	0.014240400000062436	epochs	3.0
1153.1200844321534	0.028341400000044814	epochs	2.0
1153.1200844321534	0.014193799999929979	epochs	3.0
1153.1342782321533	0.014147600000114835	epochs	3.0
1153.1484258321534	0.02815769999983786	epochs	2.0
1153.1484258321534	0.014101699999855555	epochs	3.0
1153.1625275321533	0.014055999999982305	epochs	3.0
1153.1765835321532	0.027976300000091214	epochs	2.0
1153.1765835321532	0.014010600000119666	epochs	3.0
1153.1905941321534	0.013965699999971548	epochs	3.0
1153.2045598321533	0.027797199999895383	epochs	2.0
1153.2045598321533	0.013920800000050804	epochs	3.0
1153.2184806321534	0.01387639999984458	epochs	3.0
1153.2323570321532	0.02762040000015986	epochs	2.0
1153.2323570321532	0.013832200000024386	epochs	3.0
1153.2461892321533	0.013788200000135475	epochs	3.0
1153.2599774321534	0.027445899999975154	epochs	2.0
1153.2599774321534	0.013744599999881757	epochs	3.0
1153.2737220321533	0.013701300000093397	epochs	3.0
1153.2874233321534	0.027273499999864725	epochs	2.0
1153.2874233321534	0.013658200000008947	epochs	3.0
1153.3010815321534	0.013615299999855779	epochs	3.0
1153.3146968321532	0.027103399999987232	epochs	2.0
1153.3146968321532	0.013572800000019924	epochs	3.0
1153.3282696321533	0.013530599999967308	epochs	3.0
1153.3418002321532	0.02693520000002536	epochs	2.0
1153.3418002321532	0.013488400000142065	epochs	3.0
1153.3552886321534	0.013446799999883297	epochs	3.0
1153.3687354321532	0.026769199999989723	epochs	2.0
1153.3687354321532	0.013405200000079276	epochs	3.0
1153.3821406321533	0.013363999999910448	epochs	3.0
1153.3955046321532	0.02660520000017641	epochs	2.0
1153.3955046321532	0.013322900000048321	epochs	3.0
1153.4088275321533	0.013282300000128089	epochs	3.0
1153.4221098321534	0.0264431999999033	epochs	2.0
1153.4221098321534	0.013241699999980483	epochs	3.0
1153.4353515321534	0.013201499999922817	epochs	3.0
1153.4485530321533	0.026283200000079887	epochs	2.0
1153.4485530321533	0.013161500000023807	epochs	3.0
1153.4617145321533	0.01312170000005608	epochs	3.0
1153.4748362321534	0.026124999999865395	epochs	2.0
1153.4748362321534	0.013082100000019636	epochs	3.0
1153.4879183321534	0.013042899999845758	epochs	3.0
1153.5009612321533	0.025968899999952555	epochs	2.0
1153.5009612321533	0.01300390000005791	epochs	3.0
1153.5139651321533	0.012964999999894644	epochs	3.0
1153.5269301321532	0.025814500000024054	epochs	2.0
1153.5269301321532	0.012926400000196736	epochs	3.0
1153.5398565321534	0.012888099999827318	epochs	3.0
1153.5527446321532	0.02566190000015922	epochs	2.0
1153.5527446321532	0.012849899999991976	epochs	3.0
1153.5655945321532	0.012812000000167245	epochs	3.0
1153.5784065321534	0.025511199999982637	epochs	2.0
1153.5784065321534	0.012774399999898378	epochs	3.0
1153.5911809321533	0.012736800000084258	epochs	3.0
1153.6039177321534	0.02536229999986972	epochs	2.0
1153.6039177321534	0.01269969999998466	epochs	3.0
1153.6166174321534	0.01266259999988506	epochs	3.0
1153.6292800321532	0.02521500000011656	epochs	2.0
1153.6292800321532	0.012625800000023446	epochs	3.0
1153.6419058321533	0.012589200000093115	epochs	3.0
1153.6544950321534	0.024584799999956886	epochs	2.0
1153.6776848321533	0.5	epochs	-1.0
1153.6790798321533	0.9999199999999746	epochs	1.0
1154.1776848321533	0.5	epochs	-1.0
1156.0729999542236	0.07807999999999993	epochs	0.0
1156.0729999542236	0.034042900000031295	epochs	1.0
1156.1070428542237	0.009994199999937337	epochs	1.0
1156.1170370542236	0.034042900000031295	epochs	1.0
1156.1510799542236	2.0	epochs	0.0
1158.1510799542236	5.381759999999986	epochs	0.0
1158.1510799542236	1.0	epochs	1.0
1158.1511249542236	0.5	epochs	-1.0
1158.6511249542236	4.881714999999986	epochs	-1.0
1159.1510799542236	4.381759999999986	epochs	1.0
1159.1510799542236	4.356753900000058	epochs	-1.0
1159.1510799542236	1.9745872000000873	epochs	2.0
1159.1510799542236	1.0985622000000603	epochs	3.0
1160.2496421542237	0.8760250000000269	epochs	3.0
1161.1256671542237	1.3524075000000266	epochs	2.0
1161.1256671542237	0.7286354999998821	epochs	3.0
1161.8543026542236	0.6237720000001445	epochs	3.0
1162.4780746542237	1.029759199999944	epochs	2.0
1162.4780746542237	0.5453292999998212	epochs	3.0
1163.0234039542236	0.48442990000012287	epochs	3.0
1163.5078338542237	0.025006099999927756	epochs	2.0
1163.5078338542237	0.025006099999927756	epochs	3.0
1163.5328399542236	16.61815999999999	epochs	0.0
1164.8340001106262	0.07807999999999993	epochs	0.0
1164.8340001106262	0.034042900000031295	epochs	1.0
1164.8680430106263	0.009994199999937337	epochs	1.0
1164.8780372106262	0.034042900000031295	epochs	1.0
1164.9120801106262	2.0	epochs	0.0
1166.9120801106262	0.5222400000000107	epochs	0.0
1166.9120801106262	0.5222400000000107	epochs	1.0
1166.9121251106262	0.5	epochs	-1.0
1167.4121251106262	0.022195000000010623	epochs	-1.0
1167.4343201106262	21.477679999999964	epochs	0.0
1168.7170000076294	0.07807999999999993	epochs	0.0
1168.7170000076294	0.034042900000031295	epochs	1.0
1168.7510429076294	0.009994199999937337	epochs	1.0
1168.7610371076294	0.034042900000031295	epochs	1.0
1168.7950800076294	2.0	epochs	0.0
1170.7950800076294	21.541439999999966	epochs	0.0
1170.7950800076294	1.0	epochs	1.0
1170.7951250076294	0.5	epochs	-1.0
1171.2951250076294	19.998959999999897	epochs	-1.0
1171.7950800076294	20.0	epochs	1.0
1171.7950800076294	4.356753900000058	epochs	-1.0
1171.7950800076294	1.9745872000000873	epochs	2.0
1171.7950800076294	1.0985622000000603	epochs	3.0
1172.8936422076295	0.8760250000000269	epochs	3.0
1173.7696672076295	1.3524075000000266	epochs	2.0
1173.7696672076295	0.7286354999998821	epochs	3.0
1174.4983027076294	0.6237720000001445	epochs	3.0
1175.1220747076295	1.029759199999944	epochs	2.0
1175.1220747076295	0.5453292999998212	epochs	3.0
1175.6674040076293	0.48442990000012287	epochs	3.0
1176.1518339076295	0.8317861999998968	epochs	2.0
1176.1518339076295	0.4357763000000432	epochs	3.0
1176.5876102076295	0.3960098999998536	epochs	3.0
1176.9836201076293	0.6977970000000369	epochs	2.0
1176.9836201076293	0.3628982000000178	epochs	3.0
1177.3465183076294	0.33489880000001904	epochs	3.0
1177.6814171076294	0.601045699999986	epochs	2.0
1177.6814171076294	0.3109122999999272	epochs	3.0
1177.9923294076293	0.2901334000000588	epochs	3.0
1178.2824628076294	0.5278859000000011	epochs	2.0
1178.2824628076294	0.2719586000000618	epochs	3.0
1178.5544214076294	0.25592729999993935	epochs	3.0
1178.8103487076294	0.470619299999953	epochs	2.0
1178.8103487076294	0.241681299999982	epochs	3.0
1179.0520300076294	0.228937999999971	epochs	3.0
1179.2809680076293	0.42457039999999324	epochs	2.0
1179.2809680076293	0.21747140000002219	epochs	3.0
1179.4984394076293	0.20709899999997106	epochs	3.0
1179.7055384076293	0.3867354000001342	epochs	2.0
1179.7055384076293	0.19767109999997956	epochs	3.0
1179.9032095076293	0.18906430000015462	epochs	3.0
1180.0922738076295	0.35509529999990264	epochs	2.0
1180.0922738076295	0.18117589999997108	epochs	3.0
1180.2734497076294	0.17391939999993156	epochs	3.0
1180.4473691076294	0.3282431000000088	epochs	2.0
1180.4473691076294	0.16722189999995862	epochs	3.0
1180.6145910076293	0.16102120000005016	epochs	3.0
1180.7756122076294	0.30516800000009425	epochs	2.0
1180.7756122076294	0.15526390000013635	epochs	3.0
1180.9308761076295	0.1499040999999579	epochs	3.0
1181.0807802076295	0.28512529999989056	epochs	2.0
1181.0807802076295	0.14490209999985382	epochs	3.0
1181.2256823076293	0.14022320000003674	epochs	3.0
1181.3659055076293	0.267553800000087	epochs	2.0
1181.3659055076293	0.1358368999999584	epochs	3.0
1181.5017424076293	0.1317169000001286	epochs	3.0
1181.6334593076294	0.252022899999929	epochs	2.0
1181.6334593076294	0.1278393000000051	epochs	3.0
1181.7612986076294	0.1241835999999239	epochs	3.0
1181.8854822076294	0.23819649999995818	epochs	2.0
1181.8854822076294	0.12073110000005727	epochs	3.0
1182.0062133076294	0.11746539999990091	epochs	3.0
1182.1236787076293	0.2258088000000953	epochs	2.0
1182.1236787076293	0.11437190000015107	epochs	3.0
1182.2380506076295	0.11143689999994422	epochs	3.0
1182.3494875076294	0.21464599999990241	epochs	2.0
1182.3494875076294	0.10864889999993466	epochs	3.0
1182.4581364076294	0.10599709999996776	epochs	3.0
1182.5641335076293	0.20453500000007807	epochs	2.0
1182.5641335076293	0.10347150000006877	epochs	3.0
1182.6676050076294	0.1010635000000093	epochs	3.0
1182.7686685076294	0.19533400000000256	epochs	2.0
1182.7686685076294	0.09876510000003691	epochs	3.0
1182.8674336076294	0.09656889999996565	epochs	3.0
1182.9640025076294	0.18692529999998442	epochs	2.0
1182.9640025076294	0.09446830000001682	epochs	3.0
1183.0584708076294	0.09245699999996759	epochs	3.0
1183.1509278076294	0.1792107000001124	epochs	2.0
1183.1509278076294	0.0905296000000817	epochs	3.0
1183.2414574076295	0.08868110000003071	epochs	3.0
1183.3301385076295	0.17210769999996955	epochs	2.0
1183.3301385076295	0.08690629999978228	epochs	3.0
1183.4170448076293	0.08520140000018728	epochs	3.0
1183.5022462076295	0.16554640000003928	epochs	2.0
1183.5022462076295	0.08356189999994967	epochs	3.0
1183.5858081076294	0.08198450000008961	epochs	3.0
1183.6677926076295	0.15946709999980158	epochs	2.0
1183.6677926076295	0.08046539999986635	epochs	3.0
1183.7482580076294	0.07900169999993523	epochs	3.0
1183.8272597076293	0.15381840000009106	epochs	2.0
1183.8272597076293	0.07759010000017952	epochs	3.0
1183.9048498076295	0.07622829999991154	epochs	3.0
1183.9810781076294	0.14855639999996129	epochs	2.0
1183.9810781076294	0.07491329999993468	epochs	3.0
1184.0559914076293	0.0736431000000266	epochs	3.0
1184.1296345076294	0.14364240000008976	epochs	2.0
1184.1296345076294	0.07241500000009182	epochs	3.0
1184.2020495076295	0.07122739999999794	epochs	3.0
1184.2732769076295	0.13904309999998077	epochs	2.0
1184.2732769076295	0.07007799999996678	epochs	3.0
1184.3433549076294	0.06896510000001399	epochs	3.0
1184.4123200076294	0.13472929999988992	epochs	2.0
1184.4123200076294	0.0678871000000072	epochs	3.0
1184.4802071076294	0.06684219999988272	epochs	3.0
1184.5470493076293	0.1306752000000415	epochs	2.0
1184.5470493076293	0.06582909999997355	epochs	3.0
1184.6128784076293	0.06484610000006796	epochs	3.0
1184.6777245076294	0.1268577999999252	epochs	2.0
1184.6777245076294	0.06389200000012352	epochs	3.0
1184.7416165076295	0.06296579999980167	epochs	3.0
1184.8045823076293	0.12325720000012552	epochs	2.0
1184.8045823076293	0.06206580000002759	epochs	3.0
1184.8666481076293	0.06119140000009793	epochs	3.0
1184.9278395076294	0.11985540000000583	epochs	2.0
1184.9278395076294	0.060341099999959624	epochs	3.0
1184.9881806076294	0.059514300000046205	epochs	3.0
1185.0476949076294	0.1166361999999026	epochs	2.0
1185.0476949076294	0.058709599999929196	epochs	3.0
1185.1064045076293	0.057926599999973405	epochs	3.0
1185.1643311076293	0.11358560000007856	epochs	2.0
1185.1643311076293	0.05716419999998834	epochs	3.0
1185.2214953076293	0.056421400000090216	epochs	3.0
1185.2779167076294	0.11069049999991876	epochs	2.0
1185.2779167076294	0.055697900000041045	epochs	3.0
1185.3336146076294	0.05499259999987771	epochs	3.0
1185.3886072076293	0.1079391000000669	epochs	2.0
1185.3886072076293	0.05430490000003374	epochs	3.0
1185.4429121076294	0.05363420000003316	epochs	3.0
1185.4965463076294	0.10532149999994544	epochs	2.0
1185.4965463076294	0.05297999999993408	epochs	3.0
1185.5495263076293	0.052341500000011365	epochs	3.0
1185.6018678076293	0.10282759999995505	epochs	2.0
1185.6018678076293	0.05171810000001642	epochs	3.0
1185.6535859076293	0.051109499999938635	epochs	3.0
1185.7046954076293	0.10044910000010532	epochs	2.0
1185.7046954076293	0.050514900000052876	epochs	3.0
1185.7552103076293	0.04993420000005244	epochs	3.0
1185.8051445076294	0.0981782999999723	epochs	2.0
1185.8051445076294	0.04936659999998483	epochs	3.0
1185.8545111076294	0.04881169999998747	epochs	3.0
1185.9033228076294	0.09600780000005216	epochs	2.0
1185.9033228076294	0.04826920000004975	epochs	3.0
1185.9515920076294	0.04773860000000241	epochs	3.0
1185.9993306076294	0.09393120000004274	epochs	2.0
1185.9993306076294	0.04721949999998287	epochs	3.0
1186.0465501076294	0.046711700000059864	epochs	3.0
1186.0932618076295	0.09194260000003851	epochs	2.0
1186.0932618076295	0.046214599999984785	epochs	3.0
1186.1394764076294	0.045728000000053726	epochs	3.0
1186.1852044076295	0.09003629999983787	epochs	2.0
1186.1852044076295	0.045251499999949374	epochs	3.0
1186.2304559076294	0.04478479999988849	epochs	3.0
1186.2752407076293	0.08820760000003247	epochs	2.0
1186.2752407076293	0.044327800000019124	epochs	3.0
1186.3195685076294	0.04387980000001335	epochs	3.0
1186.3634483076294	0.0864516999999978	epochs	2.0
1186.3634483076294	0.04344100000002982	epochs	3.0
1186.4068893076294	0.04301069999996798	epochs	3.0
1186.4499000076294	0.08476429999996071	epochs	2.0
1186.4499000076294	0.04258900000013455	epochs	3.0
1186.4924890076295	0.042175299999826166	epochs	3.0
1186.5346643076293	0.08314150000001064	epochs	2.0
1186.5346643076293	0.04176970000003166	epochs	3.0
1186.5764340076294	0.041371799999978975	epochs	3.0
1186.6178058076293	0.08157970000002024	epochs	2.0
1186.6178058076293	0.040981399999964196	epochs	3.0
1186.6587872076293	0.04059830000005604	epochs	3.0
1186.6993855076294	0.08007550000002084	epochs	2.0
1186.6993855076294	0.040222300000095856	epochs	3.0
1186.7396078076295	0.03985319999992498	epochs	3.0
1186.7794610076294	0.07862569999997504	epochs	2.0
1186.7794610076294	0.039490800000066884	epochs	3.0
1186.8189518076294	0.03913489999990816	epochs	3.0
1186.8580867076294	0.07722760000001472	epochs	2.0
1186.8580867076294	0.038785400000051595	epochs	3.0
1186.8968721076294	0.03844219999996312	epochs	3.0
1186.9353143076294	0.07587820000003376	epochs	2.0
1186.9353143076294	0.03810479999992822	epochs	3.0
1186.9734191076293	0.03777340000010554	epochs	3.0
1187.0111925076294	0.0745752000000266	epochs	2.0
1187.0111925076294	0.03744770000002973	epochs	3.0
1187.0486402076294	0.03712749999999687	epochs	3.0
1187.0857677076294	0.07331629999998768	epochs	2.0
1187.0857677076294	0.03681289999985893	epochs	3.0
1187.1225806076293	0.03650340000012875	epochs	3.0
1187.1590840076294	0.07209899999998015	epochs	2.0
1187.1590840076294	0.03619909999997617	epochs	3.0
1187.1952831076294	0.03589990000000398	epochs	3.0
1187.2311830076294	0.07092170000009901	epochs	2.0
1187.2311830076294	0.03560560000005353	epochs	3.0
1187.2667886076295	0.03531610000004548	epochs	3.0
1187.3021047076295	0.06978199999980461	epochs	2.0
1187.3021047076295	0.03503119999982118	epochs	3.0
1187.3371359076293	0.03475079999998343	epochs	3.0
1187.3718867076293	0.06867860000011206	epochs	2.0
1187.3718867076293	0.03447510000000875	epochs	3.0
1187.4063618076293	0.034203500000103304	epochs	3.0
1187.4405653076294	0.06760929999995824	epochs	2.0
1187.4405653076294	0.033936199999970995	epochs	3.0
1187.4745015076294	0.033673099999987244	epochs	3.0
1187.5081746076294	0.06657289999998284	epochs	2.0
1187.5081746076294	0.03341399999999339	epochs	3.0
1187.5415886076294	0.033158899999989444	epochs	3.0
1187.5747475076294	0.06556780000005347	epochs	2.0
1187.5747475076294	0.03290770000012344	epochs	3.0
1187.6076552076295	0.032660099999930026	epochs	3.0
1187.6403153076294	0.06459259999996902	epochs	2.0
1187.6403153076294	0.03241639999987456	epochs	3.0
1187.6727317076293	0.03217620000009447	epochs	3.0
1187.7049079076294	0.06364600000006249	epochs	2.0
1187.7049079076294	0.03193959999998697	epochs	3.0
1187.7368475076294	0.03170640000007552	epochs	3.0
1187.7685539076294	0.0627266999999847	epochs	2.0
1187.7685539076294	0.031476599999905375	epochs	3.0
1187.8000305076293	0.03125010000007933	epochs	3.0
1187.8312806076294	0.06183359999999993	epochs	2.0
1187.8312806076294	0.03102689999991526	epochs	3.0
1187.8623075076293	0.030806700000084675	epochs	3.0
1187.8931142076294	0.060965599999917686	epochs	2.0
1187.8931142076294	0.030589799999916067	epochs	3.0
1187.9237040076293	0.030375800000001618	epochs	3.0
1187.9540798076293	0.06012160000000222	epochs	2.0
1187.9540798076293	0.030164900000045236	epochs	3.0
1187.9842447076294	0.02995669999995698	epochs	3.0
1188.0142014076293	0.05930069999999432	epochs	2.0
1188.0142014076293	0.029751600000054168	epochs	3.0
1188.0439530076294	0.029549099999940154	epochs	3.0
1188.0735021076293	0.058501800000158255	epochs	2.0
1188.0735021076293	0.02934940000000097	epochs	3.0
1188.1028515076293	0.029152400000157286	epochs	3.0
1188.1320039076295	0.05772419999993872	epochs	2.0
1188.1320039076295	0.028957999999875028	epochs	3.0
1188.1609619076294	0.02876620000006369	epochs	3.0
1188.1897281076294	0.05696710000006533	epochs	2.0
1188.1897281076294	0.028577000000041153	epochs	3.0
1188.2183051076295	0.028390100000024177	epochs	3.0
1188.2466952076295	0.05622949999997218	epochs	2.0
1188.2466952076295	0.028205699999944045	epochs	3.0
1188.2749009076294	0.028023800000028132	epochs	3.0
1188.3029247076295	0.05551070000001346	epochs	2.0
1188.3029247076295	0.027843999999959124	epochs	3.0
1188.3307687076294	0.027666700000054334	epochs	3.0
1188.3584354076295	0.054810200000019904	epochs	2.0
1188.3584354076295	0.02749149999999645	epochs	3.0
1188.3859269076295	0.027318700000023455	epochs	3.0
1188.4132456076295	0.054126999999880354	epochs	2.0
1188.4132456076295	0.027147799999966082	epochs	3.0
1188.4403934076295	0.026979199999914272	epochs	3.0
1188.4673726076294	0.053460699999959616	epochs	2.0
1188.4673726076294	0.026812600000084785	epochs	3.0
1188.4941852076295	0.02664809999987483	epochs	3.0
1188.5208333076293	0.05281070000000909	epochs	2.0
1188.5208333076293	0.026485600000114573	epochs	3.0
1188.5473189076295	0.02632509999989452	epochs	3.0
1188.5736440076294	0.05217620000007628	epochs	2.0
1188.5736440076294	0.026166399999965506	epochs	3.0
1188.5998104076293	0.026009800000110772	epochs	3.0
1188.6258202076294	0.051556699999991906	epochs	2.0
1188.6258202076294	0.025854799999933675	epochs	3.0
1188.6516750076294	0.02570190000005823	epochs	3.0
1188.6773769076294	0.05095189999997274	epochs	2.0
1188.6773769076294	0.025550699999939752	epochs	3.0
1188.7029276076294	0.025401200000032986	epochs	3.0
1188.7283288076294	0.05036100000006627	epochs	2.0
1188.7283288076294	0.025253499999962514	epochs	3.0
1188.7535823076294	0.025107500000103755	epochs	3.0
1188.7786898076295	0.04978379999988647	epochs	2.0
1188.7786898076295	0.02496320000000196	epochs	3.0
1188.8036530076295	0.024820599999884507	epochs	3.0
1188.8284736076293	0.04921949999993558	epochs	2.0
1188.8284736076293	0.024679399999968155	epochs	3.0
1188.8531530076293	0.024540099999967424	epochs	3.0
1188.8776931076293	0.04866790000005494	epochs	2.0
1188.8776931076293	0.024402100000088467	epochs	3.0
1188.9020952076294	0.024265799999966475	epochs	3.0
1188.9263610076293	0.04812860000015462	epochs	2.0
1188.9263610076293	0.024131000000124914	epochs	3.0
1188.9504920076295	0.023997600000029706	epochs	3.0
1188.9744896076295	0.04760109999983797	epochs	2.0
1188.9744896076295	0.02386579999983951	epochs	3.0
1188.9983554076293	0.02373529999999846	epochs	3.0
1189.0220907076293	0.04708500000015192	epochs	2.0
1189.0220907076293	0.023606299999983094	epochs	3.0
1189.0456970076293	0.02347870000016883	epochs	3.0
1189.0691757076295	0.046579999999948996	epochs	2.0
1189.0691757076295	0.023352499999873544	epochs	3.0
1189.0925282076294	0.02322750000007545	epochs	3.0
1189.1157557076294	0.046085700000048746	epochs	2.0
1189.1157557076294	0.02310399999987567	epochs	3.0
1189.1388597076293	0.022981700000173078	epochs	3.0
1189.1618414076295	0.045601799999985815	epochs	2.0
1189.1618414076295	0.02286069999991014	epochs	3.0
1189.1847021076294	0.022741100000075676	epochs	3.0
1189.2074432076295	0.045127899999897636	epochs	2.0
1189.2074432076295	0.022622499999897627	epochs	3.0
1189.2300657076294	0.02250540000000001	epochs	3.0
1189.2525711076294	0.0446638000000803	epochs	2.0
1189.2525711076294	0.02238929999998618	epochs	3.0
1189.2749604076294	0.022274500000094122	epochs	3.0
1189.2972349076294	0.044209199999841076	epochs	2.0
1189.2972349076294	0.022160799999937808	epochs	3.0
1189.3193957076294	0.022048399999903268	epochs	3.0
1189.3414441076293	0.04376360000014756	epochs	2.0
1189.3414441076293	0.021936900000127935	epochs	3.0
1189.3633810076294	0.021826700000019628	epochs	3.0
1189.3852077076294	0.04332709999994222	epochs	2.0
1189.3852077076294	0.021717599999874437	epochs	3.0
1189.4069253076293	0.021609500000067783	epochs	3.0
1189.4285348076294	0.04289900000003399	epochs	2.0
1189.4285348076294	0.02150249999999687	epochs	3.0
1189.4500373076294	0.021396500000037122	epochs	3.0
1189.4714338076294	0.04247949999989942	epochs	2.0
1189.4714338076294	0.021291699999892444	epochs	3.0
1189.4927255076293	0.021187800000006973	epochs	3.0
1189.5139133076293	0.04206790000012006	epochs	2.0
1189.5139133076293	0.02108490000000529	epochs	3.0
1189.5349982076293	0.02098300000011477	epochs	3.0
1189.5559812076294	0.04166439999994509	epochs	2.0
1189.5559812076294	0.020882199999959994	epochs	3.0
1189.5768634076294	0.020782199999985096	epochs	3.0
1189.5976456076294	0.04126850000011473	epochs	2.0
1189.5976456076294	0.020683299999973315	epochs	3.0
1189.6183289076293	0.020585200000141413	epochs	3.0
1189.6389141076295	0.04088000000001557	epochs	2.0
1189.6389141076295	0.020488099999965925	epochs	3.0
1189.6594022076295	0.020391900000049645	epochs	3.0
1189.6797941076295	0.040498799999795665	epochs	2.0
1189.6797941076295	0.020296599999937825	epochs	3.0
1189.7000907076294	0.02020219999985784	epochs	3.0
1189.7202929076293	0.04012460000012652	epochs	2.0
1189.7202929076293	0.02010870000003706	epochs	3.0
1189.7404016076293	0.02001590000008946	epochs	3.0
1189.7604175076294	0.03975730000001931	epochs	2.0
1189.7604175076294	0.0199241999998776	epochs	3.0
1189.7803417076293	0.019833100000141712	epochs	3.0
1189.8001748076294	0.03939669999999751	epochs	2.0
1189.8001748076294	0.019742999999834865	epochs	3.0
1189.8199178076293	0.019653700000162644	epochs	3.0
1189.8395715076294	0.03904239999997117	epochs	2.0
1189.8395715076294	0.019565099999908853	epochs	3.0
1189.8591366076294	0.019477300000062314	epochs	3.0
1189.8786139076294	0.03869459999987157	epochs	2.0
1189.8786139076294	0.019390400000020236	epochs	3.0
1189.8980043076294	0.019304199999851335	epochs	3.0
1189.9173085076293	0.03835290000006353	epochs	2.0
1189.9173085076293	0.019218800000089686	epochs	3.0
1189.9365273076294	0.01913409999997384	epochs	3.0
1189.9556614076293	0.03801720000001296	epochs	2.0
1189.9556614076293	0.019050200000037876	epochs	3.0
1189.9747116076294	0.018966999999975087	epochs	3.0
1189.9936786076294	0.03768719999993664	epochs	2.0
1189.9936786076294	0.01888450000001285	epochs	3.0
1190.0125631076294	0.01880269999992379	epochs	3.0
1190.0313658076293	0.03736309999999321	epochs	2.0
1190.0313658076293	0.018721700000014607	epochs	3.0
1190.0500875076293	0.018641399999978603	epochs	3.0
1190.0687289076293	0.037044300000161456	epochs	2.0
1190.0687289076293	0.018561600000111866	epochs	3.0
1190.0872905076294	0.01848270000004959	epochs	3.0
1190.1057732076295	0.03673099999991791	epochs	2.0
1190.1057732076295	0.018404299999929208	epochs	3.0
1190.1241775076294	0.018326699999988705	epochs	3.0
1190.1425042076294	0.03642289999993409	epochs	2.0
1190.1425042076294	0.018249599999990096	epochs	3.0
1190.1607538076294	0.018173299999943993	epochs	3.0
1190.1789271076293	0.03612010000006194	epochs	2.0
1190.1789271076293	0.018097600000146485	epochs	3.0
1190.1970247076295	0.018022499999915453	epochs	3.0
1190.2150472076294	0.035822100000132195	epochs	2.0
1190.2150472076294	0.017947900000081063	epochs	3.0
1190.2329951076294	0.017874200000051133	epochs	3.0
1190.2508693076295	0.03552899999999681	epochs	2.0
1190.2508693076295	0.01780079999980444	epochs	3.0
1190.2686701076293	0.017728200000192373	epochs	3.0
1190.2863983076295	0.03524069999980384	epochs	2.0
1190.2863983076295	0.01765609999984008	epochs	3.0
1190.3040544076293	0.017584599999963757	epochs	3.0
1190.3216390076293	0.03495710000015606	epochs	2.0
1190.3216390076293	0.017513700000108656	epochs	3.0
1190.3391527076294	0.017443400000047404	epochs	3.0
1190.3565961076295	0.034677899999906	epochs	2.0
1190.3565961076295	0.017373599999928047	epochs	3.0
1190.3739697076294	0.017304299999977957	epochs	3.0
1190.3912740076294	0.03440330000012182	epochs	2.0
1190.3912740076294	0.017235700000128418	epochs	3.0
1190.4085097076295	0.0171675999999934	epochs	3.0
1190.4256773076295	0.03413279999995211	epochs	2.0
1190.4256773076295	0.01709989999994832	epochs	3.0
1190.4427772076294	0.017032900000003792	epochs	3.0
1190.4598101076294	0.03386669999986225	epochs	2.0
1190.4598101076294	0.01696640000000116	epochs	3.0
1190.4767765076294	0.01690029999986109	epochs	3.0
1190.4936768076293	0.03360459999998966	epochs	2.0
1190.4936768076293	0.016834800000196992	epochs	3.0
1190.5105116076295	0.016769799999792667	epochs	3.0
1190.5272814076293	0.0333466000001863	epochs	2.0
1190.5272814076293	0.016705300000012357	epochs	3.0
1190.5439867076293	0.016641300000173942	epochs	3.0
1190.5606280076295	0.033092499999838765	epochs	2.0
1190.5606280076295	0.016577799999822673	epochs	3.0
1190.5772058076293	0.01651470000001609	epochs	3.0
1190.5937205076293	0.032842300000083924	epochs	2.0
1190.5937205076293	0.01645220000000336	epochs	3.0
1190.6101727076293	0.016390100000080565	epochs	3.0
1190.6265628076294	0.03259570000000167	epochs	2.0
1190.6265628076294	0.016328400000020338	epochs	3.0
1190.6428912076294	0.016267299999981333	epochs	3.0
1190.6591585076294	0.032352899999978035	epochs	2.0
1190.6591585076294	0.016206600000032267	epochs	3.0
1190.6753651076294	0.016146299999945768	epochs	3.0
1190.6915114076294	0.032113700000081735	epochs	2.0
1190.6915114076294	0.016086600000107865	epochs	3.0
1190.7075980076295	0.01602709999997387	epochs	3.0
1190.7236251076295	0.03187800000000607	epochs	2.0
1190.7236251076295	0.0159681999998611	epochs	3.0
1190.7395933076293	0.01590980000014497	epochs	3.0
1190.7555031076295	0.03164569999989908	epochs	2.0
1190.7555031076295	0.015851599999905375	epochs	3.0
1190.7713547076294	0.015794099999993705	epochs	3.0
1190.7871488076294	0.03141670000013619	epochs	2.0
1190.7871488076294	0.01573669999993399	epochs	3.0
1190.8028855076293	0.0156800000002022	epochs	3.0
1190.8185655076295	0.03119109999988723	epochs	2.0
1190.8185655076295	0.015623599999798898	epochs	3.0
1190.8341891076293	0.01556750000008833	epochs	3.0
1190.8497566076294	0.030968699999903038	epochs	2.0
1190.8497566076294	0.015511999999944237	epochs	3.0
1190.8652686076293	0.0154566999999588	epochs	3.0
1190.8807253076293	0.030749500000183616	epochs	2.0
1190.8807253076293	0.015401999999994587	epochs	3.0
1190.8961273076293	0.01534750000018903	epochs	3.0
1190.9114748076295	0.030533199999808858	epochs	2.0
1190.9114748076295	0.015293400000018664	epochs	3.0
1190.9267682076295	0.015239799999790193	epochs	3.0
1190.9420080076293	0.030320100000153616	epochs	2.0
1190.9420080076293	0.015186500000027081	epochs	3.0
1190.9571945076293	0.015133600000126535	epochs	3.0
1190.9723281076294	0.030109899999843037	epochs	2.0
1190.9723281076294	0.015081000000009226	epochs	3.0
1190.9874091076294	0.015028899999833811	epochs	3.0
1191.0024380076293	0.029902500000162036	epochs	2.0
1191.0024380076293	0.014977000000044427	epochs	3.0
1191.0174150076293	0.014925500000117609	epochs	3.0
1191.0323405076294	0.029698099999905025	epochs	2.0
1191.0323405076294	0.014874400000053356	epochs	3.0
1191.0472149076295	0.01482369999985167	epochs	3.0
1191.0620386076293	0.029496300000118936	epochs	2.0
1191.0620386076293	0.014773200000036013	epochs	3.0
1191.0768118076294	0.014723100000082923	epochs	3.0
1191.0915349076295	0.029297399999904883	epochs	2.0
1191.0915349076295	0.014673399999992398	epochs	3.0
1191.1062083076295	0.014623999999912485	epochs	3.0
1191.1208323076294	0.029101099999934377	epochs	2.0
1191.1208323076294	0.014574900000070556	epochs	3.0
1191.1354072076294	0.01452619999986382	epochs	3.0
1191.1499334076293	0.028907399999980044	epochs	2.0
1191.1499334076293	0.014477700000043114	epochs	3.0
1191.1644111076293	0.014429699999936929	epochs	3.0
1191.1788408076293	0.02871620000018993	epochs	2.0
1191.1788408076293	0.014381800000137446	epochs	3.0
1191.1932226076294	0.014334400000052483	epochs	3.0
1191.2075570076295	0.02852759999996124	epochs	2.0
1191.2075570076295	0.014287199999898803	epochs	3.0
1191.2218442076294	0.014240400000062436	epochs	3.0
1191.2360846076294	0.028341400000044814	epochs	2.0
1191.2360846076294	0.014193799999929979	epochs	3.0
1191.2502784076294	0.014147600000114835	epochs	3.0
1191.2644260076295	0.02815769999983786	epochs	2.0
1191.2644260076295	0.014101699999855555	epochs	3.0
1191.2785277076293	0.014055999999982305	epochs	3.0
1191.2925837076293	0.027976300000091214	epochs	2.0
1191.2925837076293	0.014010600000119666	epochs	3.0
1191.3065943076294	0.013965699999971548	epochs	3.0
1191.3205600076294	0.027797199999895383	epochs	2.0
1191.3205600076294	0.013920800000050804	epochs	3.0
1191.3344808076295	0.01387639999984458	epochs	3.0
1191.3483572076293	0.02762040000015986	epochs	2.0
1191.3483572076293	0.013832200000024386	epochs	3.0
1191.3621894076293	0.013788200000135475	epochs	3.0
1191.3759776076295	0.027445899999975154	epochs	2.0
1191.3759776076295	0.013744599999881757	epochs	3.0
1191.3897222076293	0.013701300000093397	epochs	3.0
1191.4034235076294	0.027273499999864725	epochs	2.0
1191.4034235076294	0.013658200000008947	epochs	3.0
1191.4170817076294	0.013615299999855779	epochs	3.0
1191.4306970076293	0.027103399999987232	epochs	2.0
1191.4306970076293	0.013572800000019924	epochs	3.0
1191.4442698076293	0.013530599999967308	epochs	3.0
1191.4578004076293	0.02693520000002536	epochs	2.0
1191.4578004076293	0.013488400000142065	epochs	3.0
1191.4712888076294	0.013446799999883297	epochs	3.0
1191.4847356076293	0.026769199999989723	epochs	2.0
1191.4847356076293	0.013405200000079276	epochs	3.0
1191.4981408076294	0.013363999999910448	epochs	3.0
1191.5115048076293	0.02660520000017641	epochs	2.0
1191.5115048076293	0.013322900000048321	epochs	3.0
1191.5248277076294	0.013282300000128089	epochs	3.0
1191.5381100076295	0.0264431999999033	epochs	2.0
1191.5381100076295	0.013241699999980483	epochs	3.0
1191.5513517076295	0.013201499999922817	epochs	3.0
1191.5645532076294	0.026283200000079887	epochs	2.0
1191.5645532076294	0.013161500000023807	epochs	3.0
1191.5777147076294	0.01312170000005608	epochs	3.0
1191.5908364076295	0.026124999999865395	epochs	2.0
1191.5908364076295	0.013082100000019636	epochs	3.0
1191.6039185076295	0.013042899999845758	epochs	3.0
1191.6169614076293	0.025968899999952555	epochs	2.0
1191.6169614076293	0.01300390000005791	epochs	3.0
1191.6299653076294	0.012964999999894644	epochs	3.0
1191.6429303076293	0.025814500000024054	epochs	2.0
1191.6429303076293	0.012926400000196736	epochs	3.0
1191.6558567076295	0.012888099999827318	epochs	3.0
1191.6687448076293	0.02566190000015922	epochs	2.0
1191.6687448076293	0.012849899999991976	epochs	3.0
1191.6815947076293	0.012812000000167245	epochs	3.0
1191.6944067076295	0.025511199999982637	epochs	2.0
1191.6944067076295	0.012774399999898378	epochs	3.0
1191.7071811076294	0.012736800000084258	epochs	3.0
1191.7199179076295	0.02536229999986972	epochs	2.0
1191.7199179076295	0.01269969999998466	epochs	3.0
1191.7326176076294	0.01266259999988506	epochs	3.0
1191.7452802076293	0.02521500000011656	epochs	2.0
1191.7452802076293	0.012625800000023446	epochs	3.0
1191.7579060076293	0.012589200000093115	epochs	3.0
1191.7704952076294	0.024584799999956886	epochs	2.0
1191.7940850076293	0.5	epochs	-1.0
1191.7950800076294	0.541439999999966	epochs	1.0
1192.3365200076294	0.45848000000000866	epochs	0.0
1201.2729997634888	0.07807999999999993	epochs	0.0
1201.2729997634888	0.034042900000031295	epochs	1.0
1201.3070426634888	0.009994199999937337	epochs	1.0
1201.3170368634887	0.034042900000031295	epochs	1.0
1201.3510797634888	2.0	epochs	0.0
1203.3510797634888	5.3616799999999785	epochs	0.0
1203.3510797634888	1.0	epochs	1.0
1203.3511247634888	0.5	epochs	-1.0
1203.8511247634888	4.861634999999978	epochs	-1.0
1204.3510797634888	4.3616799999999785	epochs	1.0
1204.3510797634888	4.356753900000058	epochs	-1.0
1204.3510797634888	1.9745872000000873	epochs	2.0
1204.3510797634888	1.0985622000000603	epochs	3.0
1205.4496419634888	0.8760250000000269	epochs	3.0
1206.3256669634889	1.3524075000000266	epochs	2.0
1206.3256669634889	0.7286354999998821	epochs	3.0
1207.0543024634887	0.6237720000001445	epochs	3.0
1207.6780744634889	1.029759199999944	epochs	2.0
1207.6780744634889	0.5453292999998212	epochs	3.0
1208.2234037634887	0.48442990000012287	epochs	3.0
1208.7078336634888	0.004926099999920552	epochs	2.0
1208.7078336634888	0.004926099999920552	epochs	3.0
1208.7127597634887	16.638239999999996	epochs	0.0
1209.9779996871948	0.07807999999999993	epochs	0.0
1209.9779996871948	0.034042900000031295	epochs	1.0
1210.0120425871949	0.009994199999937337	epochs	1.0
1210.0220367871948	0.034042900000031295	epochs	1.0
1210.0560796871948	2.0	epochs	0.0
1212.0560796871948	21.542239999999993	epochs	0.0
1212.0560796871948	1.0	epochs	1.0
1212.0561246871948	0.5	epochs	-1.0
1212.5561246871948	19.999119999999948	epochs	-1.0
1213.0560796871948	20.0	epochs	1.0
1213.0560796871948	4.356753900000058	epochs	-1.0
1213.0560796871948	1.9745872000000873	epochs	2.0
1213.0560796871948	1.0985622000000603	epochs	3.0
1214.1546418871949	0.8760250000000269	epochs	3.0
1215.030666887195	1.3524075000000266	epochs	2.0
1215.030666887195	0.7286354999998821	epochs	3.0
1215.7593023871948	0.6237720000001445	epochs	3.0
1216.383074387195	1.029759199999944	epochs	2.0
1216.383074387195	0.5453292999998212	epochs	3.0
1216.9284036871948	0.48442990000012287	epochs	3.0
1217.4128335871949	0.8317861999998968	epochs	2.0
1217.4128335871949	0.4357763000000432	epochs	3.0
1217.848609887195	0.3960098999998536	epochs	3.0
1218.2446197871948	0.6977970000000369	epochs	2.0
1218.2446197871948	0.3628982000000178	epochs	3.0
1218.6075179871948	0.33489880000001904	epochs	3.0
1218.9424167871948	0.601045699999986	epochs	2.0
1218.9424167871948	0.3109122999999272	epochs	3.0
1219.2533290871947	0.2901334000000588	epochs	3.0
1219.5434624871948	0.5278859000000011	epochs	2.0
1219.5434624871948	0.2719586000000618	epochs	3.0
1219.8154210871949	0.25592729999993935	epochs	3.0
1220.0713483871948	0.470619299999953	epochs	2.0
1220.0713483871948	0.241681299999982	epochs	3.0
1220.3130296871948	0.228937999999971	epochs	3.0
1220.5419676871948	0.42457039999999324	epochs	2.0
1220.5419676871948	0.21747140000002219	epochs	3.0
1220.7594390871948	0.20709899999997106	epochs	3.0
1220.9665380871947	0.3867354000001342	epochs	2.0
1220.9665380871947	0.19767109999997956	epochs	3.0
1221.1642091871947	0.18906430000015462	epochs	3.0
1221.3532734871949	0.35509529999990264	epochs	2.0
1221.3532734871949	0.18117589999997108	epochs	3.0
1221.5344493871949	0.17391939999993156	epochs	3.0
1221.7083687871948	0.3282431000000088	epochs	2.0
1221.7083687871948	0.16722189999995862	epochs	3.0
1221.8755906871947	0.16102120000005016	epochs	3.0
1222.0366118871948	0.30516800000009425	epochs	2.0
1222.0366118871948	0.15526390000013635	epochs	3.0
1222.191875787195	0.1499040999999579	epochs	3.0
1222.341779887195	0.28512529999989056	epochs	2.0
1222.341779887195	0.14490209999985382	epochs	3.0
1222.4866819871947	0.14022320000003674	epochs	3.0
1222.6269051871948	0.267553800000087	epochs	2.0
1222.6269051871948	0.1358368999999584	epochs	3.0
1222.7627420871947	0.1317169000001286	epochs	3.0
1222.8944589871949	0.252022899999929	epochs	2.0
1222.8944589871949	0.1278393000000051	epochs	3.0
1223.0222982871949	0.1241835999999239	epochs	3.0
1223.1464818871948	0.23819649999995818	epochs	2.0
1223.1464818871948	0.12073110000005727	epochs	3.0
1223.2672129871949	0.11746539999990091	epochs	3.0
1223.3846783871948	0.2258088000000953	epochs	2.0
1223.3846783871948	0.11437190000015107	epochs	3.0
1223.499050287195	0.11143689999994422	epochs	3.0
1223.6104871871948	0.21464599999990241	epochs	2.0
1223.6104871871948	0.10864889999993466	epochs	3.0
1223.7191360871948	0.10599709999996776	epochs	3.0
1223.8251331871948	0.20453500000007807	epochs	2.0
1223.8251331871948	0.10347150000006877	epochs	3.0
1223.9286046871948	0.1010635000000093	epochs	3.0
1224.0296681871948	0.19533400000000256	epochs	2.0
1224.0296681871948	0.09876510000003691	epochs	3.0
1224.1284332871949	0.09656889999996565	epochs	3.0
1224.2250021871948	0.18692529999998442	epochs	2.0
1224.2250021871948	0.09446830000001682	epochs	3.0
1224.3194704871948	0.09245699999996759	epochs	3.0
1224.4119274871948	0.1792107000001124	epochs	2.0
1224.4119274871948	0.0905296000000817	epochs	3.0
1224.502457087195	0.08868110000003071	epochs	3.0
1224.591138187195	0.17210769999996955	epochs	2.0
1224.591138187195	0.08690629999978228	epochs	3.0
1224.6780444871947	0.08520140000018728	epochs	3.0
1224.763245887195	0.16554640000003928	epochs	2.0
1224.763245887195	0.08356189999994967	epochs	3.0
1224.8468077871948	0.08198450000008961	epochs	3.0
1224.928792287195	0.15946709999980158	epochs	2.0
1224.928792287195	0.08046539999986635	epochs	3.0
1225.0092576871948	0.07900169999993523	epochs	3.0
1225.0882593871947	0.15381840000009106	epochs	2.0
1225.0882593871947	0.07759010000017952	epochs	3.0
1225.165849487195	0.07622829999991154	epochs	3.0
1225.2420777871948	0.14855639999996129	epochs	2.0
1225.2420777871948	0.07491329999993468	epochs	3.0
1225.3169910871948	0.0736431000000266	epochs	3.0
1225.3906341871948	0.14364240000008976	epochs	2.0
1225.3906341871948	0.07241500000009182	epochs	3.0
1225.4630491871949	0.07122739999999794	epochs	3.0
1225.5342765871949	0.13904309999998077	epochs	2.0
1225.5342765871949	0.07007799999996678	epochs	3.0
1225.6043545871948	0.06896510000001399	epochs	3.0
1225.6733196871949	0.13472929999988992	epochs	2.0
1225.6733196871949	0.0678871000000072	epochs	3.0
1225.7412067871949	0.06684219999988272	epochs	3.0
1225.8080489871948	0.1306752000000415	epochs	2.0
1225.8080489871948	0.06582909999997355	epochs	3.0
1225.8738780871947	0.06484610000006796	epochs	3.0
1225.9387241871948	0.1268577999999252	epochs	2.0
1225.9387241871948	0.06389200000012352	epochs	3.0
1226.002616187195	0.06296579999980167	epochs	3.0
1226.0655819871947	0.12325720000012552	epochs	2.0
1226.0655819871947	0.06206580000002759	epochs	3.0
1226.1276477871947	0.06119140000009793	epochs	3.0
1226.1888391871948	0.11985540000000583	epochs	2.0
1226.1888391871948	0.060341099999959624	epochs	3.0
1226.2491802871948	0.059514300000046205	epochs	3.0
1226.3086945871949	0.1166361999999026	epochs	2.0
1226.3086945871949	0.058709599999929196	epochs	3.0
1226.3674041871948	0.057926599999973405	epochs	3.0
1226.4253307871948	0.11358560000007856	epochs	2.0
1226.4253307871948	0.05716419999998834	epochs	3.0
1226.4824949871947	0.056421400000090216	epochs	3.0
1226.5389163871948	0.11069049999991876	epochs	2.0
1226.5389163871948	0.055697900000041045	epochs	3.0
1226.5946142871949	0.05499259999987771	epochs	3.0
1226.6496068871948	0.1079391000000669	epochs	2.0
1226.6496068871948	0.05430490000003374	epochs	3.0
1226.7039117871948	0.05363420000003316	epochs	3.0
1226.7575459871948	0.10532149999994544	epochs	2.0
1226.7575459871948	0.05297999999993408	epochs	3.0
1226.8105259871948	0.052341500000011365	epochs	3.0
1226.8628674871948	0.10282759999995505	epochs	2.0
1226.8628674871948	0.05171810000001642	epochs	3.0
1226.9145855871948	0.051109499999938635	epochs	3.0
1226.9656950871947	0.10044910000010532	epochs	2.0
1226.9656950871947	0.050514900000052876	epochs	3.0
1227.0162099871948	0.04993420000005244	epochs	3.0
1227.0661441871948	0.0981782999999723	epochs	2.0
1227.0661441871948	0.04936659999998483	epochs	3.0
1227.1155107871948	0.04881169999998747	epochs	3.0
1227.1643224871948	0.09600780000005216	epochs	2.0
1227.1643224871948	0.04826920000004975	epochs	3.0
1227.2125916871948	0.04773860000000241	epochs	3.0
1227.2603302871948	0.09393120000004274	epochs	2.0
1227.2603302871948	0.04721949999998287	epochs	3.0
1227.3075497871948	0.046711700000059864	epochs	3.0
1227.354261487195	0.09194260000003851	epochs	2.0
1227.354261487195	0.046214599999984785	epochs	3.0
1227.4004760871949	0.045728000000053726	epochs	3.0
1227.446204087195	0.09003629999983787	epochs	2.0
1227.446204087195	0.045251499999949374	epochs	3.0
1227.4914555871949	0.04478479999988849	epochs	3.0
1227.5362403871948	0.08820760000003247	epochs	2.0
1227.5362403871948	0.044327800000019124	epochs	3.0
1227.5805681871948	0.04387980000001335	epochs	3.0
1227.6244479871948	0.0864516999999978	epochs	2.0
1227.6244479871948	0.04344100000002982	epochs	3.0
1227.6678889871948	0.04301069999996798	epochs	3.0
1227.7108996871948	0.08476429999996071	epochs	2.0
1227.7108996871948	0.04258900000013455	epochs	3.0
1227.753488687195	0.042175299999826166	epochs	3.0
1227.7956639871948	0.08314150000001064	epochs	2.0
1227.7956639871948	0.04176970000003166	epochs	3.0
1227.8374336871948	0.041371799999978975	epochs	3.0
1227.8788054871948	0.08157970000002024	epochs	2.0
1227.8788054871948	0.040981399999964196	epochs	3.0
1227.9197868871947	0.04059830000005604	epochs	3.0
1227.9603851871948	0.08007550000002084	epochs	2.0
1227.9603851871948	0.040222300000095856	epochs	3.0
1228.0006074871949	0.03985319999992498	epochs	3.0
1228.0404606871948	0.07862569999997504	epochs	2.0
1228.0404606871948	0.039490800000066884	epochs	3.0
1228.0799514871949	0.03913489999990816	epochs	3.0
1228.1190863871948	0.07722760000001472	epochs	2.0
1228.1190863871948	0.038785400000051595	epochs	3.0
1228.1578717871948	0.03844219999996312	epochs	3.0
1228.1963139871948	0.07587820000003376	epochs	2.0
1228.1963139871948	0.03810479999992822	epochs	3.0
1228.2344187871947	0.03777340000010554	epochs	3.0
1228.2721921871948	0.0745752000000266	epochs	2.0
1228.2721921871948	0.03744770000002973	epochs	3.0
1228.3096398871949	0.03712749999999687	epochs	3.0
1228.3467673871949	0.07331629999998768	epochs	2.0
1228.3467673871949	0.03681289999985893	epochs	3.0
1228.3835802871947	0.03650340000012875	epochs	3.0
1228.4200836871948	0.07209899999998015	epochs	2.0
1228.4200836871948	0.03619909999997617	epochs	3.0
1228.4562827871948	0.03589990000000398	epochs	3.0
1228.4921826871948	0.07092170000009901	epochs	2.0
1228.4921826871948	0.03560560000005353	epochs	3.0
1228.5277882871949	0.03531610000004548	epochs	3.0
1228.563104387195	0.06978199999980461	epochs	2.0
1228.563104387195	0.03503119999982118	epochs	3.0
1228.5981355871947	0.03475079999998343	epochs	3.0
1228.6328863871947	0.06867860000011206	epochs	2.0
1228.6328863871947	0.03447510000000875	epochs	3.0
1228.6673614871947	0.034203500000103304	epochs	3.0
1228.7015649871948	0.06760929999995824	epochs	2.0
1228.7015649871948	0.033936199999970995	epochs	3.0
1228.7355011871948	0.033673099999987244	epochs	3.0
1228.7691742871948	0.06657289999998284	epochs	2.0
1228.7691742871948	0.03341399999999339	epochs	3.0
1228.8025882871948	0.033158899999989444	epochs	3.0
1228.8357471871948	0.06556780000005347	epochs	2.0
1228.8357471871948	0.03290770000012344	epochs	3.0
1228.868654887195	0.032660099999930026	epochs	3.0
1228.9013149871948	0.06459259999996902	epochs	2.0
1228.9013149871948	0.03241639999987456	epochs	3.0
1228.9337313871947	0.03217620000009447	epochs	3.0
1228.9659075871948	0.06364600000006249	epochs	2.0
1228.9659075871948	0.03193959999998697	epochs	3.0
1228.9978471871948	0.03170640000007552	epochs	3.0
1229.0295535871949	0.0627266999999847	epochs	2.0
1229.0295535871949	0.031476599999905375	epochs	3.0
1229.0610301871948	0.03125010000007933	epochs	3.0
1229.0922802871949	0.06183359999999993	epochs	2.0
1229.0922802871949	0.03102689999991526	epochs	3.0
1229.1233071871948	0.030806700000084675	epochs	3.0
1229.1541138871949	0.060965599999917686	epochs	2.0
1229.1541138871949	0.030589799999916067	epochs	3.0
1229.1847036871948	0.030375800000001618	epochs	3.0
1229.2150794871948	0.06012160000000222	epochs	2.0
1229.2150794871948	0.030164900000045236	epochs	3.0
1229.2452443871948	0.02995669999995698	epochs	3.0
1229.2752010871948	0.05930069999999432	epochs	2.0
1229.2752010871948	0.029751600000054168	epochs	3.0
1229.3049526871948	0.029549099999940154	epochs	3.0
1229.3345017871948	0.058501800000158255	epochs	2.0
1229.3345017871948	0.02934940000000097	epochs	3.0
1229.3638511871948	0.029152400000157286	epochs	3.0
1229.393003587195	0.05772419999993872	epochs	2.0
1229.393003587195	0.028957999999875028	epochs	3.0
1229.4219615871948	0.02876620000006369	epochs	3.0
1229.4507277871949	0.05696710000006533	epochs	2.0
1229.4507277871949	0.028577000000041153	epochs	3.0
1229.479304787195	0.028390100000024177	epochs	3.0
1229.507694887195	0.05622949999997218	epochs	2.0
1229.507694887195	0.028205699999944045	epochs	3.0
1229.5359005871949	0.028023800000028132	epochs	3.0
1229.563924387195	0.05551070000001346	epochs	2.0
1229.563924387195	0.027843999999959124	epochs	3.0
1229.5917683871949	0.027666700000054334	epochs	3.0
1229.619435087195	0.054810200000019904	epochs	2.0
1229.619435087195	0.02749149999999645	epochs	3.0
1229.646926587195	0.027318700000023455	epochs	3.0
1229.674245287195	0.054126999999880354	epochs	2.0
1229.674245287195	0.027147799999966082	epochs	3.0
1229.701393087195	0.026979199999914272	epochs	3.0
1229.7283722871948	0.053460699999959616	epochs	2.0
1229.7283722871948	0.026812600000084785	epochs	3.0
1229.755184887195	0.02664809999987483	epochs	3.0
1229.7818329871948	0.05281070000000909	epochs	2.0
1229.7818329871948	0.026485600000114573	epochs	3.0
1229.808318587195	0.02632509999989452	epochs	3.0
1229.8346436871948	0.05217620000007628	epochs	2.0
1229.8346436871948	0.026166399999965506	epochs	3.0
1229.8608100871947	0.026009800000110772	epochs	3.0
1229.8868198871949	0.051556699999991906	epochs	2.0
1229.8868198871949	0.025854799999933675	epochs	3.0
1229.9126746871948	0.02570190000005823	epochs	3.0
1229.9383765871949	0.05095189999997274	epochs	2.0
1229.9383765871949	0.025550699999939752	epochs	3.0
1229.9639272871948	0.025401200000032986	epochs	3.0
1229.9893284871948	0.05036100000006627	epochs	2.0
1229.9893284871948	0.025253499999962514	epochs	3.0
1230.0145819871948	0.025107500000103755	epochs	3.0
1230.039689487195	0.04978379999988647	epochs	2.0
1230.039689487195	0.02496320000000196	epochs	3.0
1230.064652687195	0.024820599999884507	epochs	3.0
1230.0894732871948	0.04921949999993558	epochs	2.0
1230.0894732871948	0.024679399999968155	epochs	3.0
1230.1141526871947	0.024540099999967424	epochs	3.0
1230.1386927871947	0.04866790000005494	epochs	2.0
1230.1386927871947	0.024402100000088467	epochs	3.0
1230.1630948871948	0.024265799999966475	epochs	3.0
1230.1873606871948	0.04812860000015462	epochs	2.0
1230.1873606871948	0.024131000000124914	epochs	3.0
1230.211491687195	0.023997600000029706	epochs	3.0
1230.235489287195	0.04760109999983797	epochs	2.0
1230.235489287195	0.02386579999983951	epochs	3.0
1230.2593550871948	0.02373529999999846	epochs	3.0
1230.2830903871948	0.04708500000015192	epochs	2.0
1230.2830903871948	0.023606299999983094	epochs	3.0
1230.3066966871947	0.02347870000016883	epochs	3.0
1230.330175387195	0.046579999999948996	epochs	2.0
1230.330175387195	0.023352499999873544	epochs	3.0
1230.3535278871948	0.02322750000007545	epochs	3.0
1230.3767553871949	0.046085700000048746	epochs	2.0
1230.3767553871949	0.02310399999987567	epochs	3.0
1230.3998593871947	0.022981700000173078	epochs	3.0
1230.422841087195	0.045601799999985815	epochs	2.0
1230.422841087195	0.02286069999991014	epochs	3.0
1230.4457017871948	0.022741100000075676	epochs	3.0
1230.468442887195	0.045127899999897636	epochs	2.0
1230.468442887195	0.022622499999897627	epochs	3.0
1230.4910653871948	0.02250540000000001	epochs	3.0
1230.5135707871948	0.0446638000000803	epochs	2.0
1230.5135707871948	0.02238929999998618	epochs	3.0
1230.5359600871948	0.022274500000094122	epochs	3.0
1230.5582345871949	0.044209199999841076	epochs	2.0
1230.5582345871949	0.022160799999937808	epochs	3.0
1230.5803953871948	0.022048399999903268	epochs	3.0
1230.6024437871947	0.04376360000014756	epochs	2.0
1230.6024437871947	0.021936900000127935	epochs	3.0
1230.6243806871948	0.021826700000019628	epochs	3.0
1230.6462073871949	0.04332709999994222	epochs	2.0
1230.6462073871949	0.021717599999874437	epochs	3.0
1230.6679249871947	0.021609500000067783	epochs	3.0
1230.6895344871948	0.04289900000003399	epochs	2.0
1230.6895344871948	0.02150249999999687	epochs	3.0
1230.7110369871948	0.021396500000037122	epochs	3.0
1230.7324334871948	0.04247949999989942	epochs	2.0
1230.7324334871948	0.021291699999892444	epochs	3.0
1230.7537251871947	0.021187800000006973	epochs	3.0
1230.7749129871947	0.04206790000012006	epochs	2.0
1230.7749129871947	0.02108490000000529	epochs	3.0
1230.7959978871947	0.02098300000011477	epochs	3.0
1230.8169808871949	0.04166439999994509	epochs	2.0
1230.8169808871949	0.020882199999959994	epochs	3.0
1230.8378630871948	0.020782199999985096	epochs	3.0
1230.8586452871948	0.04126850000011473	epochs	2.0
1230.8586452871948	0.020683299999973315	epochs	3.0
1230.8793285871948	0.020585200000141413	epochs	3.0
1230.899913787195	0.04088000000001557	epochs	2.0
1230.899913787195	0.020488099999965925	epochs	3.0
1230.9204018871949	0.020391900000049645	epochs	3.0
1230.940793787195	0.040498799999795665	epochs	2.0
1230.940793787195	0.020296599999937825	epochs	3.0
1230.9610903871949	0.02020219999985784	epochs	3.0
1230.9812925871947	0.04012460000012652	epochs	2.0
1230.9812925871947	0.02010870000003706	epochs	3.0
1231.0014012871948	0.02001590000008946	epochs	3.0
1231.0214171871949	0.03975730000001931	epochs	2.0
1231.0214171871949	0.0199241999998776	epochs	3.0
1231.0413413871947	0.019833100000141712	epochs	3.0
1231.0611744871949	0.03939669999999751	epochs	2.0
1231.0611744871949	0.019742999999834865	epochs	3.0
1231.0809174871947	0.019653700000162644	epochs	3.0
1231.1005711871949	0.03904239999997117	epochs	2.0
1231.1005711871949	0.019565099999908853	epochs	3.0
1231.1201362871948	0.019477300000062314	epochs	3.0
1231.1396135871948	0.03869459999987157	epochs	2.0
1231.1396135871948	0.019390400000020236	epochs	3.0
1231.1590039871949	0.019304199999851335	epochs	3.0
1231.1783081871947	0.03835290000006353	epochs	2.0
1231.1783081871947	0.019218800000089686	epochs	3.0
1231.1975269871948	0.01913409999997384	epochs	3.0
1231.2166610871948	0.03801720000001296	epochs	2.0
1231.2166610871948	0.019050200000037876	epochs	3.0
1231.2357112871948	0.018966999999975087	epochs	3.0
1231.2546782871948	0.03768719999993664	epochs	2.0
1231.2546782871948	0.01888450000001285	epochs	3.0
1231.2735627871948	0.01880269999992379	epochs	3.0
1231.2923654871947	0.03736309999999321	epochs	2.0
1231.2923654871947	0.018721700000014607	epochs	3.0
1231.3110871871947	0.018641399999978603	epochs	3.0
1231.3297285871947	0.037044300000161456	epochs	2.0
1231.3297285871947	0.018561600000111866	epochs	3.0
1231.3482901871948	0.01848270000004959	epochs	3.0
1231.3667728871949	0.03673099999991791	epochs	2.0
1231.3667728871949	0.018404299999929208	epochs	3.0
1231.3851771871948	0.018326699999988705	epochs	3.0
1231.4035038871948	0.03642289999993409	epochs	2.0
1231.4035038871948	0.018249599999990096	epochs	3.0
1231.4217534871948	0.018173299999943993	epochs	3.0
1231.4399267871947	0.03612010000006194	epochs	2.0
1231.4399267871947	0.018097600000146485	epochs	3.0
1231.4580243871949	0.018022499999915453	epochs	3.0
1231.4760468871948	0.035822100000132195	epochs	2.0
1231.4760468871948	0.017947900000081063	epochs	3.0
1231.4939947871949	0.017874200000051133	epochs	3.0
1231.511868987195	0.03552899999999681	epochs	2.0
1231.511868987195	0.01780079999980444	epochs	3.0
1231.5296697871947	0.017728200000192373	epochs	3.0
1231.547397987195	0.03524069999980384	epochs	2.0
1231.547397987195	0.01765609999984008	epochs	3.0
1231.5650540871948	0.017584599999963757	epochs	3.0
1231.5826386871947	0.03495710000015606	epochs	2.0
1231.5826386871947	0.017513700000108656	epochs	3.0
1231.6001523871948	0.017443400000047404	epochs	3.0
1231.617595787195	0.034677899999906	epochs	2.0
1231.617595787195	0.017373599999928047	epochs	3.0
1231.6349693871948	0.017304299999977957	epochs	3.0
1231.6522736871948	0.03440330000012182	epochs	2.0
1231.6522736871948	0.017235700000128418	epochs	3.0
1231.669509387195	0.0171675999999934	epochs	3.0
1231.686676987195	0.03413279999995211	epochs	2.0
1231.686676987195	0.01709989999994832	epochs	3.0
1231.7037768871949	0.017032900000003792	epochs	3.0
1231.7208097871949	0.03386669999986225	epochs	2.0
1231.7208097871949	0.01696640000000116	epochs	3.0
1231.7377761871949	0.01690029999986109	epochs	3.0
1231.7546764871947	0.03360459999998966	epochs	2.0
1231.7546764871947	0.016834800000196992	epochs	3.0
1231.771511287195	0.016769799999792667	epochs	3.0
1231.7882810871947	0.0333466000001863	epochs	2.0
1231.7882810871947	0.016705300000012357	epochs	3.0
1231.8049863871947	0.016641300000173942	epochs	3.0
1231.821627687195	0.033092499999838765	epochs	2.0
1231.821627687195	0.016577799999822673	epochs	3.0
1231.8382054871947	0.01651470000001609	epochs	3.0
1231.8547201871947	0.032842300000083924	epochs	2.0
1231.8547201871947	0.01645220000000336	epochs	3.0
1231.8711723871947	0.016390100000080565	epochs	3.0
1231.8875624871948	0.03259570000000167	epochs	2.0
1231.8875624871948	0.016328400000020338	epochs	3.0
1231.9038908871948	0.016267299999981333	epochs	3.0
1231.9201581871948	0.032352899999978035	epochs	2.0
1231.9201581871948	0.016206600000032267	epochs	3.0
1231.9363647871949	0.016146299999945768	epochs	3.0
1231.9525110871948	0.032113700000081735	epochs	2.0
1231.9525110871948	0.016086600000107865	epochs	3.0
1231.968597687195	0.01602709999997387	epochs	3.0
1231.984624787195	0.03187800000000607	epochs	2.0
1231.984624787195	0.0159681999998611	epochs	3.0
1232.0005929871948	0.01590980000014497	epochs	3.0
1232.016502787195	0.03164569999989908	epochs	2.0
1232.016502787195	0.015851599999905375	epochs	3.0
1232.0323543871948	0.015794099999993705	epochs	3.0
1232.0481484871948	0.03141670000013619	epochs	2.0
1232.0481484871948	0.01573669999993399	epochs	3.0
1232.0638851871947	0.0156800000002022	epochs	3.0
1232.079565187195	0.03119109999988723	epochs	2.0
1232.079565187195	0.015623599999798898	epochs	3.0
1232.0951887871947	0.01556750000008833	epochs	3.0
1232.1107562871948	0.030968699999903038	epochs	2.0
1232.1107562871948	0.015511999999944237	epochs	3.0
1232.1262682871948	0.0154566999999588	epochs	3.0
1232.1417249871947	0.030749500000183616	epochs	2.0
1232.1417249871947	0.015401999999994587	epochs	3.0
1232.1571269871947	0.01534750000018903	epochs	3.0
1232.172474487195	0.030533199999808858	epochs	2.0
1232.172474487195	0.015293400000018664	epochs	3.0
1232.187767887195	0.015239799999790193	epochs	3.0
1232.2030076871947	0.030320100000153616	epochs	2.0
1232.2030076871947	0.015186500000027081	epochs	3.0
1232.2181941871947	0.015133600000126535	epochs	3.0
1232.2333277871949	0.030109899999843037	epochs	2.0
1232.2333277871949	0.015081000000009226	epochs	3.0
1232.2484087871949	0.015028899999833811	epochs	3.0
1232.2634376871947	0.029902500000162036	epochs	2.0
1232.2634376871947	0.014977000000044427	epochs	3.0
1232.2784146871948	0.014925500000117609	epochs	3.0
1232.2933401871949	0.029698099999905025	epochs	2.0
1232.2933401871949	0.014874400000053356	epochs	3.0
1232.308214587195	0.01482369999985167	epochs	3.0
1232.3230382871948	0.029496300000118936	epochs	2.0
1232.3230382871948	0.014773200000036013	epochs	3.0
1232.3378114871948	0.014723100000082923	epochs	3.0
1232.352534587195	0.029297399999904883	epochs	2.0
1232.352534587195	0.014673399999992398	epochs	3.0
1232.367207987195	0.014623999999912485	epochs	3.0
1232.3818319871948	0.029101099999934377	epochs	2.0
1232.3818319871948	0.014574900000070556	epochs	3.0
1232.3964068871949	0.01452619999986382	epochs	3.0
1232.4109330871947	0.028907399999980044	epochs	2.0
1232.4109330871947	0.014477700000043114	epochs	3.0
1232.4254107871948	0.014429699999936929	epochs	3.0
1232.4398404871947	0.02871620000018993	epochs	2.0
1232.4398404871947	0.014381800000137446	epochs	3.0
1232.4542222871949	0.014334400000052483	epochs	3.0
1232.468556687195	0.02852759999996124	epochs	2.0
1232.468556687195	0.014287199999898803	epochs	3.0
1232.4828438871948	0.014240400000062436	epochs	3.0
1232.4970842871949	0.028341400000044814	epochs	2.0
1232.4970842871949	0.014193799999929979	epochs	3.0
1232.5112780871948	0.014147600000114835	epochs	3.0
1232.525425687195	0.02815769999983786	epochs	2.0
1232.525425687195	0.014101699999855555	epochs	3.0
1232.5395273871948	0.014055999999982305	epochs	3.0
1232.5535833871947	0.027976300000091214	epochs	2.0
1232.5535833871947	0.014010600000119666	epochs	3.0
1232.5675939871949	0.013965699999971548	epochs	3.0
1232.5815596871948	0.027797199999895383	epochs	2.0
1232.5815596871948	0.013920800000050804	epochs	3.0
1232.595480487195	0.01387639999984458	epochs	3.0
1232.6093568871947	0.02762040000015986	epochs	2.0
1232.6093568871947	0.013832200000024386	epochs	3.0
1232.6231890871948	0.013788200000135475	epochs	3.0
1232.636977287195	0.027445899999975154	epochs	2.0
1232.636977287195	0.013744599999881757	epochs	3.0
1232.6507218871948	0.013701300000093397	epochs	3.0
1232.6644231871949	0.027273499999864725	epochs	2.0
1232.6644231871949	0.013658200000008947	epochs	3.0
1232.6780813871949	0.013615299999855779	epochs	3.0
1232.6916966871947	0.027103399999987232	epochs	2.0
1232.6916966871947	0.013572800000019924	epochs	3.0
1232.7052694871948	0.013530599999967308	epochs	3.0
1232.7188000871947	0.02693520000002536	epochs	2.0
1232.7188000871947	0.013488400000142065	epochs	3.0
1232.7322884871949	0.013446799999883297	epochs	3.0
1232.7457352871947	0.026769199999989723	epochs	2.0
1232.7457352871947	0.013405200000079276	epochs	3.0
1232.7591404871948	0.013363999999910448	epochs	3.0
1232.7725044871947	0.02660520000017641	epochs	2.0
1232.7725044871947	0.013322900000048321	epochs	3.0
1232.7858273871948	0.013282300000128089	epochs	3.0
1232.799109687195	0.0264431999999033	epochs	2.0
1232.799109687195	0.013241699999980483	epochs	3.0
1232.812351387195	0.013201499999922817	epochs	3.0
1232.8255528871948	0.026283200000079887	epochs	2.0
1232.8255528871948	0.013161500000023807	epochs	3.0
1232.8387143871948	0.01312170000005608	epochs	3.0
1232.851836087195	0.026124999999865395	epochs	2.0
1232.851836087195	0.013082100000019636	epochs	3.0
1232.864918187195	0.013042899999845758	epochs	3.0
1232.8779610871948	0.025968899999952555	epochs	2.0
1232.8779610871948	0.01300390000005791	epochs	3.0
1232.8909649871948	0.012964999999894644	epochs	3.0
1232.9039299871947	0.025814500000024054	epochs	2.0
1232.9039299871947	0.012926400000196736	epochs	3.0
1232.916856387195	0.012888099999827318	epochs	3.0
1232.9297444871947	0.02566190000015922	epochs	2.0
1232.9297444871947	0.012849899999991976	epochs	3.0
1232.9425943871947	0.012812000000167245	epochs	3.0
1232.955406387195	0.025511199999982637	epochs	2.0
1232.955406387195	0.012774399999898378	epochs	3.0
1232.9681807871948	0.012736800000084258	epochs	3.0
1232.9809175871949	0.02536229999986972	epochs	2.0
1232.9809175871949	0.01269969999998466	epochs	3.0
1232.9936172871949	0.01266259999988506	epochs	3.0
1233.0062798871948	0.02521500000011656	epochs	2.0
1233.0062798871948	0.012625800000023446	epochs	3.0
1233.0189056871948	0.012589200000093115	epochs	3.0
1233.0314948871949	0.024584799999956886	epochs	2.0
1233.0552446871948	0.5	epochs	-1.0
1233.0560796871948	0.5422399999999925	epochs	1.0
1233.5983196871948	0.4576799999999821	epochs	0.0
1234.9039998054504	0.07807999999999993	epochs	0.0
1234.9039998054504	0.034042900000031295	epochs	1.0
1234.9380427054505	0.009994199999937337	epochs	1.0
1234.9480369054504	0.034042900000031295	epochs	1.0
1234.9820798054504	2.0	epochs	0.0
1236.9820798054504	5.3815199999999095	epochs	0.0
1236.9820798054504	1.0	epochs	1.0
1236.9821248054504	0.5	epochs	-1.0
1237.4821248054504	4.881474999999909	epochs	-1.0
1237.9820798054504	4.3815199999999095	epochs	1.0
1237.9820798054504	4.356753900000058	epochs	-1.0
1237.9820798054504	1.9745872000000873	epochs	2.0
1237.9820798054504	1.0985622000000603	epochs	3.0
1239.0806420054505	0.8760250000000269	epochs	3.0
1239.9566670054505	1.3524075000000266	epochs	2.0
1239.9566670054505	0.7286354999998821	epochs	3.0
1240.6853025054504	0.6237720000001445	epochs	3.0
1241.3090745054506	1.029759199999944	epochs	2.0
1241.3090745054506	0.5453292999998212	epochs	3.0
1241.8544038054504	0.48442990000012287	epochs	3.0
1242.3388337054505	0.024766099999851576	epochs	2.0
1242.3388337054505	0.024766099999851576	epochs	3.0
1242.3635998054503	16.618400000000065	epochs	0.0
1243.7490000724792	0.07807999999999993	epochs	0.0
1243.7490000724792	0.034042900000031295	epochs	1.0
1243.7830429724793	0.009994199999937337	epochs	1.0
1243.7930371724792	0.034042900000031295	epochs	1.0
1243.8270800724792	2.0	epochs	0.0
1245.8270800724792	21.502160000000003	epochs	0.0
1245.8270800724792	1.0	epochs	1.0
1245.8271250724792	0.5	epochs	-1.0
1246.3271250724792	19.9988800000001	epochs	-1.0
1246.8270800724792	20.0	epochs	1.0
1246.8270800724792	4.356753900000058	epochs	-1.0
1246.8270800724792	1.9745872000000873	epochs	2.0
1246.8270800724792	1.0985622000000603	epochs	3.0
1247.9256422724793	0.8760250000000269	epochs	3.0
1248.8016672724793	1.3524075000000266	epochs	2.0
1248.8016672724793	0.7286354999998821	epochs	3.0
1249.5303027724792	0.6237720000001445	epochs	3.0
1250.1540747724794	1.029759199999944	epochs	2.0
1250.1540747724794	0.5453292999998212	epochs	3.0
1250.6994040724792	0.48442990000012287	epochs	3.0
1251.1838339724793	0.8317861999998968	epochs	2.0
1251.1838339724793	0.4357763000000432	epochs	3.0
1251.6196102724793	0.3960098999998536	epochs	3.0
1252.0156201724792	0.6977970000000369	epochs	2.0
1252.0156201724792	0.3628982000000178	epochs	3.0
1252.3785183724792	0.33489880000001904	epochs	3.0
1252.7134171724792	0.601045699999986	epochs	2.0
1252.7134171724792	0.3109122999999272	epochs	3.0
1253.0243294724792	0.2901334000000588	epochs	3.0
1253.3144628724792	0.5278859000000011	epochs	2.0
1253.3144628724792	0.2719586000000618	epochs	3.0
1253.5864214724793	0.25592729999993935	epochs	3.0
1253.8423487724792	0.470619299999953	epochs	2.0
1253.8423487724792	0.241681299999982	epochs	3.0
1254.0840300724792	0.228937999999971	epochs	3.0
1254.3129680724792	0.42457039999999324	epochs	2.0
1254.3129680724792	0.21747140000002219	epochs	3.0
1254.5304394724792	0.20709899999997106	epochs	3.0
1254.7375384724792	0.3867354000001342	epochs	2.0
1254.7375384724792	0.19767109999997956	epochs	3.0
1254.9352095724792	0.18906430000015462	epochs	3.0
1255.1242738724793	0.35509529999990264	epochs	2.0
1255.1242738724793	0.18117589999997108	epochs	3.0
1255.3054497724793	0.17391939999993156	epochs	3.0
1255.4793691724792	0.3282431000000088	epochs	2.0
1255.4793691724792	0.16722189999995862	epochs	3.0
1255.6465910724792	0.16102120000005016	epochs	3.0
1255.8076122724792	0.30516800000009425	epochs	2.0
1255.8076122724792	0.15526390000013635	epochs	3.0
1255.9628761724794	0.1499040999999579	epochs	3.0
1256.1127802724793	0.28512529999989056	epochs	2.0
1256.1127802724793	0.14490209999985382	epochs	3.0
1256.2576823724792	0.14022320000003674	epochs	3.0
1256.3979055724792	0.267553800000087	epochs	2.0
1256.3979055724792	0.1358368999999584	epochs	3.0
1256.5337424724792	0.1317169000001286	epochs	3.0
1256.6654593724793	0.252022899999929	epochs	2.0
1256.6654593724793	0.1278393000000051	epochs	3.0
1256.7932986724793	0.1241835999999239	epochs	3.0
1256.9174822724792	0.23819649999995818	epochs	2.0
1256.9174822724792	0.12073110000005727	epochs	3.0
1257.0382133724793	0.11746539999990091	epochs	3.0
1257.1556787724792	0.2258088000000953	epochs	2.0
1257.1556787724792	0.11437190000015107	epochs	3.0
1257.2700506724793	0.11143689999994422	epochs	3.0
1257.3814875724793	0.21464599999990241	epochs	2.0
1257.3814875724793	0.10864889999993466	epochs	3.0
1257.4901364724792	0.10599709999996776	epochs	3.0
1257.5961335724792	0.20453500000007807	epochs	2.0
1257.5961335724792	0.10347150000006877	epochs	3.0
1257.6996050724792	0.1010635000000093	epochs	3.0
1257.8006685724793	0.19533400000000256	epochs	2.0
1257.8006685724793	0.09876510000003691	epochs	3.0
1257.8994336724793	0.09656889999996565	epochs	3.0
1257.9960025724793	0.18692529999998442	epochs	2.0
1257.9960025724793	0.09446830000001682	epochs	3.0
1258.0904708724793	0.09245699999996759	epochs	3.0
1258.1829278724792	0.1792107000001124	epochs	2.0
1258.1829278724792	0.0905296000000817	epochs	3.0
1258.2734574724793	0.08868110000003071	epochs	3.0
1258.3621385724794	0.17210769999996955	epochs	2.0
1258.3621385724794	0.08690629999978228	epochs	3.0
1258.4490448724791	0.08520140000018728	epochs	3.0
1258.5342462724793	0.16554640000003928	epochs	2.0
1258.5342462724793	0.08356189999994967	epochs	3.0
1258.6178081724793	0.08198450000008961	epochs	3.0
1258.6997926724794	0.15946709999980158	epochs	2.0
1258.6997926724794	0.08046539999986635	epochs	3.0
1258.7802580724792	0.07900169999993523	epochs	3.0
1258.8592597724792	0.15381840000009106	epochs	2.0
1258.8592597724792	0.07759010000017952	epochs	3.0
1258.9368498724793	0.07622829999991154	epochs	3.0
1259.0130781724793	0.14855639999996129	epochs	2.0
1259.0130781724793	0.07491329999993468	epochs	3.0
1259.0879914724792	0.0736431000000266	epochs	3.0
1259.1616345724792	0.14364240000008976	epochs	2.0
1259.1616345724792	0.07241500000009182	epochs	3.0
1259.2340495724793	0.07122739999999794	epochs	3.0
1259.3052769724793	0.13904309999998077	epochs	2.0
1259.3052769724793	0.07007799999996678	epochs	3.0
1259.3753549724793	0.06896510000001399	epochs	3.0
1259.4443200724793	0.13472929999988992	epochs	2.0
1259.4443200724793	0.0678871000000072	epochs	3.0
1259.5122071724793	0.06684219999988272	epochs	3.0
1259.5790493724792	0.1306752000000415	epochs	2.0
1259.5790493724792	0.06582909999997355	epochs	3.0
1259.6448784724791	0.06484610000006796	epochs	3.0
1259.7097245724792	0.1268577999999252	epochs	2.0
1259.7097245724792	0.06389200000012352	epochs	3.0
1259.7736165724793	0.06296579999980167	epochs	3.0
1259.8365823724791	0.12325720000012552	epochs	2.0
1259.8365823724791	0.06206580000002759	epochs	3.0
1259.8986481724792	0.06119140000009793	epochs	3.0
1259.9598395724793	0.11985540000000583	epochs	2.0
1259.9598395724793	0.060341099999959624	epochs	3.0
1260.0201806724792	0.059514300000046205	epochs	3.0
1260.0796949724793	0.1166361999999026	epochs	2.0
1260.0796949724793	0.058709599999929196	epochs	3.0
1260.1384045724792	0.057926599999973405	epochs	3.0
1260.1963311724792	0.11358560000007856	epochs	2.0
1260.1963311724792	0.05716419999998834	epochs	3.0
1260.2534953724792	0.056421400000090216	epochs	3.0
1260.3099167724793	0.11069049999991876	epochs	2.0
1260.3099167724793	0.055697900000041045	epochs	3.0
1260.3656146724793	0.05499259999987771	epochs	3.0
1260.4206072724792	0.1079391000000669	epochs	2.0
1260.4206072724792	0.05430490000003374	epochs	3.0
1260.4749121724792	0.05363420000003316	epochs	3.0
1260.5285463724792	0.10532149999994544	epochs	2.0
1260.5285463724792	0.05297999999993408	epochs	3.0
1260.5815263724792	0.052341500000011365	epochs	3.0
1260.6338678724792	0.10282759999995505	epochs	2.0
1260.6338678724792	0.05171810000001642	epochs	3.0
1260.6855859724792	0.051109499999938635	epochs	3.0
1260.7366954724791	0.10044910000010532	epochs	2.0
1260.7366954724791	0.050514900000052876	epochs	3.0
1260.7872103724792	0.04993420000005244	epochs	3.0
1260.8371445724792	0.0981782999999723	epochs	2.0
1260.8371445724792	0.04936659999998483	epochs	3.0
1260.8865111724792	0.04881169999998747	epochs	3.0
1260.9353228724792	0.09600780000005216	epochs	2.0
1260.9353228724792	0.04826920000004975	epochs	3.0
1260.9835920724793	0.04773860000000241	epochs	3.0
1261.0313306724793	0.09393120000004274	epochs	2.0
1261.0313306724793	0.04721949999998287	epochs	3.0
1261.0785501724793	0.046711700000059864	epochs	3.0
1261.1252618724793	0.09194260000003851	epochs	2.0
1261.1252618724793	0.046214599999984785	epochs	3.0
1261.1714764724793	0.045728000000053726	epochs	3.0
1261.2172044724794	0.09003629999983787	epochs	2.0
1261.2172044724794	0.045251499999949374	epochs	3.0
1261.2624559724793	0.04478479999988849	epochs	3.0
1261.3072407724792	0.08820760000003247	epochs	2.0
1261.3072407724792	0.044327800000019124	epochs	3.0
1261.3515685724792	0.04387980000001335	epochs	3.0
1261.3954483724792	0.0864516999999978	epochs	2.0
1261.3954483724792	0.04344100000002982	epochs	3.0
1261.4388893724793	0.04301069999996798	epochs	3.0
1261.4819000724792	0.08476429999996071	epochs	2.0
1261.4819000724792	0.04258900000013455	epochs	3.0
1261.5244890724794	0.042175299999826166	epochs	3.0
1261.5666643724792	0.08314150000001064	epochs	2.0
1261.5666643724792	0.04176970000003166	epochs	3.0
1261.6084340724792	0.041371799999978975	epochs	3.0
1261.6498058724792	0.08157970000002024	epochs	2.0
1261.6498058724792	0.040981399999964196	epochs	3.0
1261.6907872724792	0.04059830000005604	epochs	3.0
1261.7313855724792	0.08007550000002084	epochs	2.0
1261.7313855724792	0.040222300000095856	epochs	3.0
1261.7716078724793	0.03985319999992498	epochs	3.0
1261.8114610724792	0.07862569999997504	epochs	2.0
1261.8114610724792	0.039490800000066884	epochs	3.0
1261.8509518724793	0.03913489999990816	epochs	3.0
1261.8900867724792	0.07722760000001472	epochs	2.0
1261.8900867724792	0.038785400000051595	epochs	3.0
1261.9288721724793	0.03844219999996312	epochs	3.0
1261.9673143724792	0.07587820000003376	epochs	2.0
1261.9673143724792	0.03810479999992822	epochs	3.0
1262.0054191724792	0.03777340000010554	epochs	3.0
1262.0431925724793	0.0745752000000266	epochs	2.0
1262.0431925724793	0.03744770000002973	epochs	3.0
1262.0806402724793	0.03712749999999687	epochs	3.0
1262.1177677724793	0.07331629999998768	epochs	2.0
1262.1177677724793	0.03681289999985893	epochs	3.0
1262.1545806724791	0.03650340000012875	epochs	3.0
1262.1910840724793	0.07209899999998015	epochs	2.0
1262.1910840724793	0.03619909999997617	epochs	3.0
1262.2272831724792	0.03589990000000398	epochs	3.0
1262.2631830724793	0.07092170000009901	epochs	2.0
1262.2631830724793	0.03560560000005353	epochs	3.0
1262.2987886724793	0.03531610000004548	epochs	3.0
1262.3341047724793	0.06978199999980461	epochs	2.0
1262.3341047724793	0.03503119999982118	epochs	3.0
1262.3691359724792	0.03475079999998343	epochs	3.0
1262.4038867724792	0.06867860000011206	epochs	2.0
1262.4038867724792	0.03447510000000875	epochs	3.0
1262.4383618724792	0.034203500000103304	epochs	3.0
1262.4725653724793	0.06760929999995824	epochs	2.0
1262.4725653724793	0.033936199999970995	epochs	3.0
1262.5065015724792	0.033673099999987244	epochs	3.0
1262.5401746724792	0.06657289999998284	epochs	2.0
1262.5401746724792	0.03341399999999339	epochs	3.0
1262.5735886724792	0.033158899999989444	epochs	3.0
1262.6067475724792	0.06556780000005347	epochs	2.0
1262.6067475724792	0.03290770000012344	epochs	3.0
1262.6396552724793	0.032660099999930026	epochs	3.0
1262.6723153724793	0.06459259999996902	epochs	2.0
1262.6723153724793	0.03241639999987456	epochs	3.0
1262.7047317724791	0.03217620000009447	epochs	3.0
1262.7369079724792	0.06364600000006249	epochs	2.0
1262.7369079724792	0.03193959999998697	epochs	3.0
1262.7688475724792	0.03170640000007552	epochs	3.0
1262.8005539724793	0.0627266999999847	epochs	2.0
1262.8005539724793	0.031476599999905375	epochs	3.0
1262.8320305724792	0.03125010000007933	epochs	3.0
1262.8632806724793	0.06183359999999993	epochs	2.0
1262.8632806724793	0.03102689999991526	epochs	3.0
1262.8943075724792	0.030806700000084675	epochs	3.0
1262.9251142724793	0.060965599999917686	epochs	2.0
1262.9251142724793	0.030589799999916067	epochs	3.0
1262.9557040724792	0.030375800000001618	epochs	3.0
1262.9860798724792	0.06012160000000222	epochs	2.0
1262.9860798724792	0.030164900000045236	epochs	3.0
1263.0162447724792	0.02995669999995698	epochs	3.0
1263.0462014724792	0.05930069999999432	epochs	2.0
1263.0462014724792	0.029751600000054168	epochs	3.0
1263.0759530724793	0.029549099999940154	epochs	3.0
1263.1055021724792	0.058501800000158255	epochs	2.0
1263.1055021724792	0.02934940000000097	epochs	3.0
1263.1348515724792	0.029152400000157286	epochs	3.0
1263.1640039724793	0.05772419999993872	epochs	2.0
1263.1640039724793	0.028957999999875028	epochs	3.0
1263.1929619724792	0.02876620000006369	epochs	3.0
1263.2217281724793	0.05696710000006533	epochs	2.0
1263.2217281724793	0.028577000000041153	epochs	3.0
1263.2503051724793	0.028390100000024177	epochs	3.0
1263.2786952724794	0.05622949999997218	epochs	2.0
1263.2786952724794	0.028205699999944045	epochs	3.0
1263.3069009724793	0.028023800000028132	epochs	3.0
1263.3349247724793	0.05551070000001346	epochs	2.0
1263.3349247724793	0.027843999999959124	epochs	3.0
1263.3627687724793	0.027666700000054334	epochs	3.0
1263.3904354724793	0.054810200000019904	epochs	2.0
1263.3904354724793	0.02749149999999645	epochs	3.0
1263.4179269724793	0.027318700000023455	epochs	3.0
1263.4452456724794	0.054126999999880354	epochs	2.0
1263.4452456724794	0.027147799999966082	epochs	3.0
1263.4723934724793	0.026979199999914272	epochs	3.0
1263.4993726724792	0.053460699999959616	epochs	2.0
1263.4993726724792	0.026812600000084785	epochs	3.0
1263.5261852724793	0.02664809999987483	epochs	3.0
1263.5528333724792	0.05281070000000909	epochs	2.0
1263.5528333724792	0.026485600000114573	epochs	3.0
1263.5793189724793	0.02632509999989452	epochs	3.0
1263.6056440724792	0.05217620000007628	epochs	2.0
1263.6056440724792	0.026166399999965506	epochs	3.0
1263.6318104724792	0.026009800000110772	epochs	3.0
1263.6578202724793	0.051556699999991906	epochs	2.0
1263.6578202724793	0.025854799999933675	epochs	3.0
1263.6836750724792	0.02570190000005823	epochs	3.0
1263.7093769724793	0.05095189999997274	epochs	2.0
1263.7093769724793	0.025550699999939752	epochs	3.0
1263.7349276724792	0.025401200000032986	epochs	3.0
1263.7603288724792	0.05036100000006627	epochs	2.0
1263.7603288724792	0.025253499999962514	epochs	3.0
1263.7855823724792	0.025107500000103755	epochs	3.0
1263.8106898724793	0.04978379999988647	epochs	2.0
1263.8106898724793	0.02496320000000196	epochs	3.0
1263.8356530724793	0.024820599999884507	epochs	3.0
1263.8604736724792	0.04921949999993558	epochs	2.0
1263.8604736724792	0.024679399999968155	epochs	3.0
1263.8851530724792	0.024540099999967424	epochs	3.0
1263.9096931724791	0.04866790000005494	epochs	2.0
1263.9096931724791	0.024402100000088467	epochs	3.0
1263.9340952724792	0.024265799999966475	epochs	3.0
1263.9583610724792	0.04812860000015462	epochs	2.0
1263.9583610724792	0.024131000000124914	epochs	3.0
1263.9824920724793	0.023997600000029706	epochs	3.0
1264.0064896724793	0.04760109999983797	epochs	2.0
1264.0064896724793	0.02386579999983951	epochs	3.0
1264.0303554724792	0.02373529999999846	epochs	3.0
1264.0540907724792	0.04708500000015192	epochs	2.0
1264.0540907724792	0.023606299999983094	epochs	3.0
1264.0776970724792	0.02347870000016883	epochs	3.0
1264.1011757724793	0.046579999999948996	epochs	2.0
1264.1011757724793	0.023352499999873544	epochs	3.0
1264.1245282724792	0.02322750000007545	epochs	3.0
1264.1477557724793	0.046085700000048746	epochs	2.0
1264.1477557724793	0.02310399999987567	epochs	3.0
1264.1708597724792	0.022981700000173078	epochs	3.0
1264.1938414724793	0.045601799999985815	epochs	2.0
1264.1938414724793	0.02286069999991014	epochs	3.0
1264.2167021724792	0.022741100000075676	epochs	3.0
1264.2394432724793	0.045127899999897636	epochs	2.0
1264.2394432724793	0.022622499999897627	epochs	3.0
1264.2620657724792	0.02250540000000001	epochs	3.0
1264.2845711724792	0.0446638000000803	epochs	2.0
1264.2845711724792	0.02238929999998618	epochs	3.0
1264.3069604724792	0.022274500000094122	epochs	3.0
1264.3292349724793	0.044209199999841076	epochs	2.0
1264.3292349724793	0.022160799999937808	epochs	3.0
1264.3513957724792	0.022048399999903268	epochs	3.0
1264.3734441724791	0.04376360000014756	epochs	2.0
1264.3734441724791	0.021936900000127935	epochs	3.0
1264.3953810724793	0.021826700000019628	epochs	3.0
1264.4172077724793	0.04332709999994222	epochs	2.0
1264.4172077724793	0.021717599999874437	epochs	3.0
1264.4389253724792	0.021609500000067783	epochs	3.0
1264.4605348724792	0.04289900000003399	epochs	2.0
1264.4605348724792	0.02150249999999687	epochs	3.0
1264.4820373724792	0.021396500000037122	epochs	3.0
1264.5034338724793	0.04247949999989942	epochs	2.0
1264.5034338724793	0.021291699999892444	epochs	3.0
1264.5247255724792	0.021187800000006973	epochs	3.0
1264.5459133724792	0.04206790000012006	epochs	2.0
1264.5459133724792	0.02108490000000529	epochs	3.0
1264.5669982724792	0.02098300000011477	epochs	3.0
1264.5879812724793	0.04166439999994509	epochs	2.0
1264.5879812724793	0.020882199999959994	epochs	3.0
1264.6088634724792	0.020782199999985096	epochs	3.0
1264.6296456724792	0.04126850000011473	epochs	2.0
1264.6296456724792	0.020683299999973315	epochs	3.0
1264.6503289724792	0.020585200000141413	epochs	3.0
1264.6709141724793	0.04088000000001557	epochs	2.0
1264.6709141724793	0.020488099999965925	epochs	3.0
1264.6914022724793	0.020391900000049645	epochs	3.0
1264.7117941724794	0.040498799999795665	epochs	2.0
1264.7117941724794	0.020296599999937825	epochs	3.0
1264.7320907724793	0.02020219999985784	epochs	3.0
1264.7522929724792	0.04012460000012652	epochs	2.0
1264.7522929724792	0.02010870000003706	epochs	3.0
1264.7724016724792	0.02001590000008946	epochs	3.0
1264.7924175724793	0.03975730000001931	epochs	2.0
1264.7924175724793	0.0199241999998776	epochs	3.0
1264.8123417724792	0.019833100000141712	epochs	3.0
1264.8321748724793	0.03939669999999751	epochs	2.0
1264.8321748724793	0.019742999999834865	epochs	3.0
1264.8519178724791	0.019653700000162644	epochs	3.0
1264.8715715724793	0.03904239999997117	epochs	2.0
1264.8715715724793	0.019565099999908853	epochs	3.0
1264.8911366724792	0.019477300000062314	epochs	3.0
1264.9106139724793	0.03869459999987157	epochs	2.0
1264.9106139724793	0.019390400000020236	epochs	3.0
1264.9300043724793	0.019304199999851335	epochs	3.0
1264.9493085724791	0.03835290000006353	epochs	2.0
1264.9493085724791	0.019218800000089686	epochs	3.0
1264.9685273724792	0.01913409999997384	epochs	3.0
1264.9876614724792	0.03801720000001296	epochs	2.0
1264.9876614724792	0.019050200000037876	epochs	3.0
1265.0067116724792	0.018966999999975087	epochs	3.0
1265.0256786724792	0.03768719999993664	epochs	2.0
1265.0256786724792	0.01888450000001285	epochs	3.0
1265.0445631724792	0.01880269999992379	epochs	3.0
1265.0633658724792	0.03736309999999321	epochs	2.0
1265.0633658724792	0.018721700000014607	epochs	3.0
1265.0820875724792	0.018641399999978603	epochs	3.0
1265.1007289724791	0.037044300000161456	epochs	2.0
1265.1007289724791	0.018561600000111866	epochs	3.0
1265.1192905724793	0.01848270000004959	epochs	3.0
1265.1377732724793	0.03673099999991791	epochs	2.0
1265.1377732724793	0.018404299999929208	epochs	3.0
1265.1561775724792	0.018326699999988705	epochs	3.0
1265.1745042724792	0.03642289999993409	epochs	2.0
1265.1745042724792	0.018249599999990096	epochs	3.0
1265.1927538724792	0.018173299999943993	epochs	3.0
1265.2109271724792	0.03612010000006194	epochs	2.0
1265.2109271724792	0.018097600000146485	epochs	3.0
1265.2290247724793	0.018022499999915453	epochs	3.0
1265.2470472724792	0.035822100000132195	epochs	2.0
1265.2470472724792	0.017947900000081063	epochs	3.0
1265.2649951724793	0.017874200000051133	epochs	3.0
1265.2828693724794	0.03552899999999681	epochs	2.0
1265.2828693724794	0.01780079999980444	epochs	3.0
1265.3006701724792	0.017728200000192373	epochs	3.0
1265.3183983724794	0.03524069999980384	epochs	2.0
1265.3183983724794	0.01765609999984008	epochs	3.0
1265.3360544724792	0.017584599999963757	epochs	3.0
1265.3536390724792	0.03495710000015606	epochs	2.0
1265.3536390724792	0.017513700000108656	epochs	3.0
1265.3711527724793	0.017443400000047404	epochs	3.0
1265.3885961724793	0.034677899999906	epochs	2.0
1265.3885961724793	0.017373599999928047	epochs	3.0
1265.4059697724792	0.017304299999977957	epochs	3.0
1265.4232740724792	0.03440330000012182	epochs	2.0
1265.4232740724792	0.017235700000128418	epochs	3.0
1265.4405097724793	0.0171675999999934	epochs	3.0
1265.4576773724793	0.03413279999995211	epochs	2.0
1265.4576773724793	0.01709989999994832	epochs	3.0
1265.4747772724793	0.017032900000003792	epochs	3.0
1265.4918101724793	0.03386669999986225	epochs	2.0
1265.4918101724793	0.01696640000000116	epochs	3.0
1265.5087765724793	0.01690029999986109	epochs	3.0
1265.5256768724792	0.03360459999998966	epochs	2.0
1265.5256768724792	0.016834800000196992	epochs	3.0
1265.5425116724793	0.016769799999792667	epochs	3.0
1265.5592814724791	0.0333466000001863	epochs	2.0
1265.5592814724791	0.016705300000012357	epochs	3.0
1265.5759867724792	0.016641300000173942	epochs	3.0
1265.5926280724793	0.033092499999838765	epochs	2.0
1265.5926280724793	0.016577799999822673	epochs	3.0
1265.6092058724792	0.01651470000001609	epochs	3.0
1265.6257205724792	0.032842300000083924	epochs	2.0
1265.6257205724792	0.01645220000000336	epochs	3.0
1265.6421727724792	0.016390100000080565	epochs	3.0
1265.6585628724793	0.03259570000000167	epochs	2.0
1265.6585628724793	0.016328400000020338	epochs	3.0
1265.6748912724793	0.016267299999981333	epochs	3.0
1265.6911585724793	0.032352899999978035	epochs	2.0
1265.6911585724793	0.016206600000032267	epochs	3.0
1265.7073651724793	0.016146299999945768	epochs	3.0
1265.7235114724792	0.032113700000081735	epochs	2.0
1265.7235114724792	0.016086600000107865	epochs	3.0
1265.7395980724793	0.01602709999997387	epochs	3.0
1265.7556251724793	0.03187800000000607	epochs	2.0
1265.7556251724793	0.0159681999998611	epochs	3.0
1265.7715933724792	0.01590980000014497	epochs	3.0
1265.7875031724793	0.03164569999989908	epochs	2.0
1265.7875031724793	0.015851599999905375	epochs	3.0
1265.8033547724792	0.015794099999993705	epochs	3.0
1265.8191488724792	0.03141670000013619	epochs	2.0
1265.8191488724792	0.01573669999993399	epochs	3.0
1265.8348855724792	0.0156800000002022	epochs	3.0
1265.8505655724794	0.03119109999988723	epochs	2.0
1265.8505655724794	0.015623599999798898	epochs	3.0
1265.8661891724792	0.01556750000008833	epochs	3.0
1265.8817566724792	0.030968699999903038	epochs	2.0
1265.8817566724792	0.015511999999944237	epochs	3.0
1265.8972686724792	0.0154566999999588	epochs	3.0
1265.9127253724791	0.030749500000183616	epochs	2.0
1265.9127253724791	0.015401999999994587	epochs	3.0
1265.9281273724791	0.01534750000018903	epochs	3.0
1265.9434748724793	0.030533199999808858	epochs	2.0
1265.9434748724793	0.015293400000018664	epochs	3.0
1265.9587682724793	0.015239799999790193	epochs	3.0
1265.9740080724791	0.030320100000153616	epochs	2.0
1265.9740080724791	0.015186500000027081	epochs	3.0
1265.9891945724792	0.015133600000126535	epochs	3.0
1266.0043281724793	0.030109899999843037	epochs	2.0
1266.0043281724793	0.015081000000009226	epochs	3.0
1266.0194091724793	0.015028899999833811	epochs	3.0
1266.0344380724791	0.029902500000162036	epochs	2.0
1266.0344380724791	0.014977000000044427	epochs	3.0
1266.0494150724792	0.014925500000117609	epochs	3.0
1266.0643405724793	0.029698099999905025	epochs	2.0
1266.0643405724793	0.014874400000053356	epochs	3.0
1266.0792149724793	0.01482369999985167	epochs	3.0
1266.0940386724792	0.029496300000118936	epochs	2.0
1266.0940386724792	0.014773200000036013	epochs	3.0
1266.1088118724792	0.014723100000082923	epochs	3.0
1266.1235349724793	0.029297399999904883	epochs	2.0
1266.1235349724793	0.014673399999992398	epochs	3.0
1266.1382083724793	0.014623999999912485	epochs	3.0
1266.1528323724792	0.029101099999934377	epochs	2.0
1266.1528323724792	0.014574900000070556	epochs	3.0
1266.1674072724793	0.01452619999986382	epochs	3.0
1266.1819334724792	0.028907399999980044	epochs	2.0
1266.1819334724792	0.014477700000043114	epochs	3.0
1266.1964111724792	0.014429699999936929	epochs	3.0
1266.2108408724791	0.02871620000018993	epochs	2.0
1266.2108408724791	0.014381800000137446	epochs	3.0
1266.2252226724793	0.014334400000052483	epochs	3.0
1266.2395570724793	0.02852759999996124	epochs	2.0
1266.2395570724793	0.014287199999898803	epochs	3.0
1266.2538442724792	0.014240400000062436	epochs	3.0
1266.2680846724793	0.028341400000044814	epochs	2.0
1266.2680846724793	0.014193799999929979	epochs	3.0
1266.2822784724792	0.014147600000114835	epochs	3.0
1266.2964260724793	0.02815769999983786	epochs	2.0
1266.2964260724793	0.014101699999855555	epochs	3.0
1266.3105277724792	0.014055999999982305	epochs	3.0
1266.3245837724792	0.027976300000091214	epochs	2.0
1266.3245837724792	0.014010600000119666	epochs	3.0
1266.3385943724793	0.013965699999971548	epochs	3.0
1266.3525600724793	0.027797199999895383	epochs	2.0
1266.3525600724793	0.013920800000050804	epochs	3.0
1266.3664808724793	0.01387639999984458	epochs	3.0
1266.3803572724792	0.02762040000015986	epochs	2.0
1266.3803572724792	0.013832200000024386	epochs	3.0
1266.3941894724792	0.013788200000135475	epochs	3.0
1266.4079776724793	0.027445899999975154	epochs	2.0
1266.4079776724793	0.013744599999881757	epochs	3.0
1266.4217222724792	0.013701300000093397	epochs	3.0
1266.4354235724793	0.027273499999864725	epochs	2.0
1266.4354235724793	0.013658200000008947	epochs	3.0
1266.4490817724793	0.013615299999855779	epochs	3.0
1266.4626970724792	0.027103399999987232	epochs	2.0
1266.4626970724792	0.013572800000019924	epochs	3.0
1266.4762698724792	0.013530599999967308	epochs	3.0
1266.4898004724791	0.02693520000002536	epochs	2.0
1266.4898004724791	0.013488400000142065	epochs	3.0
1266.5032888724793	0.013446799999883297	epochs	3.0
1266.5167356724792	0.026769199999989723	epochs	2.0
1266.5167356724792	0.013405200000079276	epochs	3.0
1266.5301408724793	0.013363999999910448	epochs	3.0
1266.5435048724792	0.02660520000017641	epochs	2.0
1266.5435048724792	0.013322900000048321	epochs	3.0
1266.5568277724792	0.013282300000128089	epochs	3.0
1266.5701100724793	0.0264431999999033	epochs	2.0
1266.5701100724793	0.013241699999980483	epochs	3.0
1266.5833517724793	0.013201499999922817	epochs	3.0
1266.5965532724792	0.026283200000079887	epochs	2.0
1266.5965532724792	0.013161500000023807	epochs	3.0
1266.6097147724793	0.01312170000005608	epochs	3.0
1266.6228364724793	0.026124999999865395	epochs	2.0
1266.6228364724793	0.013082100000019636	epochs	3.0
1266.6359185724793	0.013042899999845758	epochs	3.0
1266.6489614724792	0.025968899999952555	epochs	2.0
1266.6489614724792	0.01300390000005791	epochs	3.0
1266.6619653724792	0.012964999999894644	epochs	3.0
1266.6749303724791	0.025814500000024054	epochs	2.0
1266.6749303724791	0.012926400000196736	epochs	3.0
1266.6878567724793	0.012888099999827318	epochs	3.0
1266.7007448724792	0.02566190000015922	epochs	2.0
1266.7007448724792	0.012849899999991976	epochs	3.0
1266.7135947724792	0.012812000000167245	epochs	3.0
1266.7264067724793	0.025511199999982637	epochs	2.0
1266.7264067724793	0.012774399999898378	epochs	3.0
1266.7391811724792	0.012736800000084258	epochs	3.0
1266.7519179724793	0.02536229999986972	epochs	2.0
1266.7519179724793	0.01269969999998466	epochs	3.0
1266.7646176724793	0.01266259999988506	epochs	3.0
1266.7772802724792	0.02521500000011656	epochs	2.0
1266.7772802724792	0.012625800000023446	epochs	3.0
1266.7899060724792	0.012589200000093115	epochs	3.0
1266.8024952724793	0.024584799999956886	epochs	2.0
1266.8260050724793	0.5	epochs	-1.0
1266.8270800724792	0.5021600000000035	epochs	1.0
1267.3292400724793	0.4977599999999711	epochs	0.0
1268.664999961853	0.07807999999999993	epochs	0.0
1268.664999961853	0.034042900000031295	epochs	1.0
1268.699042861853	0.009994199999937337	epochs	1.0
1268.709037061853	0.034042900000031295	epochs	1.0
1268.743079961853	2.0	epochs	0.0
1270.743079961853	21.501760000000104	epochs	0.0
1270.743079961853	1.0	epochs	1.0
1270.743124961853	0.5	epochs	-1.0
1271.243124961853	19.9988800000001	epochs	-1.0
1271.743079961853	20.0	epochs	1.0
1271.743079961853	4.356753900000058	epochs	-1.0
1271.743079961853	1.9745872000000873	epochs	2.0
1271.743079961853	1.0985622000000603	epochs	3.0
1272.841642161853	0.8760250000000269	epochs	3.0
1273.7176671618531	1.3524075000000266	epochs	2.0
1273.7176671618531	0.7286354999998821	epochs	3.0
1274.446302661853	0.6237720000001445	epochs	3.0
1275.0700746618531	1.029759199999944	epochs	2.0
1275.0700746618531	0.5453292999998212	epochs	3.0
1275.615403961853	0.48442990000012287	epochs	3.0
1276.099833861853	0.8317861999998968	epochs	2.0
1276.099833861853	0.4357763000000432	epochs	3.0
1276.5356101618531	0.3960098999998536	epochs	3.0
1276.931620061853	0.6977970000000369	epochs	2.0
1276.931620061853	0.3628982000000178	epochs	3.0
1277.294518261853	0.33489880000001904	epochs	3.0
1277.629417061853	0.601045699999986	epochs	2.0
1277.629417061853	0.3109122999999272	epochs	3.0
1277.940329361853	0.2901334000000588	epochs	3.0
1278.230462761853	0.5278859000000011	epochs	2.0
1278.230462761853	0.2719586000000618	epochs	3.0
1278.502421361853	0.25592729999993935	epochs	3.0
1278.758348661853	0.470619299999953	epochs	2.0
1278.758348661853	0.241681299999982	epochs	3.0
1279.000029961853	0.228937999999971	epochs	3.0
1279.228967961853	0.42457039999999324	epochs	2.0
1279.228967961853	0.21747140000002219	epochs	3.0
1279.446439361853	0.20709899999997106	epochs	3.0
1279.653538361853	0.3867354000001342	epochs	2.0
1279.653538361853	0.19767109999997956	epochs	3.0
1279.851209461853	0.18906430000015462	epochs	3.0
1280.040273761853	0.35509529999990264	epochs	2.0
1280.040273761853	0.18117589999997108	epochs	3.0
1280.221449661853	0.17391939999993156	epochs	3.0
1280.395369061853	0.3282431000000088	epochs	2.0
1280.395369061853	0.16722189999995862	epochs	3.0
1280.562590961853	0.16102120000005016	epochs	3.0
1280.723612161853	0.30516800000009425	epochs	2.0
1280.723612161853	0.15526390000013635	epochs	3.0
1280.8788760618531	0.1499040999999579	epochs	3.0
1281.028780161853	0.28512529999989056	epochs	2.0
1281.028780161853	0.14490209999985382	epochs	3.0
1281.173682261853	0.14022320000003674	epochs	3.0
1281.313905461853	0.267553800000087	epochs	2.0
1281.313905461853	0.1358368999999584	epochs	3.0
1281.449742361853	0.1317169000001286	epochs	3.0
1281.581459261853	0.252022899999929	epochs	2.0
1281.581459261853	0.1278393000000051	epochs	3.0
1281.709298561853	0.1241835999999239	epochs	3.0
1281.833482161853	0.23819649999995818	epochs	2.0
1281.833482161853	0.12073110000005727	epochs	3.0
1281.954213261853	0.11746539999990091	epochs	3.0
1282.071678661853	0.2258088000000953	epochs	2.0
1282.071678661853	0.11437190000015107	epochs	3.0
1282.186050561853	0.11143689999994422	epochs	3.0
1282.297487461853	0.21464599999990241	epochs	2.0
1282.297487461853	0.10864889999993466	epochs	3.0
1282.406136361853	0.10599709999996776	epochs	3.0
1282.512133461853	0.20453500000007807	epochs	2.0
1282.512133461853	0.10347150000006877	epochs	3.0
1282.615604961853	0.1010635000000093	epochs	3.0
1282.716668461853	0.19533400000000256	epochs	2.0
1282.716668461853	0.09876510000003691	epochs	3.0
1282.815433561853	0.09656889999996565	epochs	3.0
1282.912002461853	0.18692529999998442	epochs	2.0
1282.912002461853	0.09446830000001682	epochs	3.0
1283.006470761853	0.09245699999996759	epochs	3.0
1283.098927761853	0.1792107000001124	epochs	2.0
1283.098927761853	0.0905296000000817	epochs	3.0
1283.189457361853	0.08868110000003071	epochs	3.0
1283.2781384618531	0.17210769999996955	epochs	2.0
1283.2781384618531	0.08690629999978228	epochs	3.0
1283.365044761853	0.08520140000018728	epochs	3.0
1283.450246161853	0.16554640000003928	epochs	2.0
1283.450246161853	0.08356189999994967	epochs	3.0
1283.533808061853	0.08198450000008961	epochs	3.0
1283.6157925618531	0.15946709999980158	epochs	2.0
1283.6157925618531	0.08046539999986635	epochs	3.0
1283.696257961853	0.07900169999993523	epochs	3.0
1283.775259661853	0.15381840000009106	epochs	2.0
1283.775259661853	0.07759010000017952	epochs	3.0
1283.8528497618531	0.07622829999991154	epochs	3.0
1283.929078061853	0.14855639999996129	epochs	2.0
1283.929078061853	0.07491329999993468	epochs	3.0
1284.003991361853	0.0736431000000266	epochs	3.0
1284.077634461853	0.14364240000008976	epochs	2.0
1284.077634461853	0.07241500000009182	epochs	3.0
1284.150049461853	0.07122739999999794	epochs	3.0
1284.221276861853	0.13904309999998077	epochs	2.0
1284.221276861853	0.07007799999996678	epochs	3.0
1284.291354861853	0.06896510000001399	epochs	3.0
1284.360319961853	0.13472929999988992	epochs	2.0
1284.360319961853	0.0678871000000072	epochs	3.0
1284.428207061853	0.06684219999988272	epochs	3.0
1284.495049261853	0.1306752000000415	epochs	2.0
1284.495049261853	0.06582909999997355	epochs	3.0
1284.560878361853	0.06484610000006796	epochs	3.0
1284.625724461853	0.1268577999999252	epochs	2.0
1284.625724461853	0.06389200000012352	epochs	3.0
1284.6896164618531	0.06296579999980167	epochs	3.0
1284.752582261853	0.12325720000012552	epochs	2.0
1284.752582261853	0.06206580000002759	epochs	3.0
1284.814648061853	0.06119140000009793	epochs	3.0
1284.875839461853	0.11985540000000583	epochs	2.0
1284.875839461853	0.060341099999959624	epochs	3.0
1284.936180561853	0.059514300000046205	epochs	3.0
1284.995694861853	0.1166361999999026	epochs	2.0
1284.995694861853	0.058709599999929196	epochs	3.0
1285.054404461853	0.057926599999973405	epochs	3.0
1285.112331061853	0.11358560000007856	epochs	2.0
1285.112331061853	0.05716419999998834	epochs	3.0
1285.169495261853	0.056421400000090216	epochs	3.0
1285.225916661853	0.11069049999991876	epochs	2.0
1285.225916661853	0.055697900000041045	epochs	3.0
1285.281614561853	0.05499259999987771	epochs	3.0
1285.336607161853	0.1079391000000669	epochs	2.0
1285.336607161853	0.05430490000003374	epochs	3.0
1285.390912061853	0.05363420000003316	epochs	3.0
1285.444546261853	0.10532149999994544	epochs	2.0
1285.444546261853	0.05297999999993408	epochs	3.0
1285.497526261853	0.052341500000011365	epochs	3.0
1285.549867761853	0.10282759999995505	epochs	2.0
1285.549867761853	0.05171810000001642	epochs	3.0
1285.601585861853	0.051109499999938635	epochs	3.0
1285.652695361853	0.10044910000010532	epochs	2.0
1285.652695361853	0.050514900000052876	epochs	3.0
1285.703210261853	0.04993420000005244	epochs	3.0
1285.753144461853	0.0981782999999723	epochs	2.0
1285.753144461853	0.04936659999998483	epochs	3.0
1285.802511061853	0.04881169999998747	epochs	3.0
1285.851322761853	0.09600780000005216	epochs	2.0
1285.851322761853	0.04826920000004975	epochs	3.0
1285.899591961853	0.04773860000000241	epochs	3.0
1285.947330561853	0.09393120000004274	epochs	2.0
1285.947330561853	0.04721949999998287	epochs	3.0
1285.994550061853	0.046711700000059864	epochs	3.0
1286.041261761853	0.09194260000003851	epochs	2.0
1286.041261761853	0.046214599999984785	epochs	3.0
1286.087476361853	0.045728000000053726	epochs	3.0
1286.1332043618531	0.09003629999983787	epochs	2.0
1286.1332043618531	0.045251499999949374	epochs	3.0
1286.178455861853	0.04478479999988849	epochs	3.0
1286.223240661853	0.08820760000003247	epochs	2.0
1286.223240661853	0.044327800000019124	epochs	3.0
1286.267568461853	0.04387980000001335	epochs	3.0
1286.311448261853	0.0864516999999978	epochs	2.0
1286.311448261853	0.04344100000002982	epochs	3.0
1286.354889261853	0.04301069999996798	epochs	3.0
1286.397899961853	0.08476429999996071	epochs	2.0
1286.397899961853	0.04258900000013455	epochs	3.0
1286.4404889618531	0.042175299999826166	epochs	3.0
1286.482664261853	0.08314150000001064	epochs	2.0
1286.482664261853	0.04176970000003166	epochs	3.0
1286.524433961853	0.041371799999978975	epochs	3.0
1286.565805761853	0.08157970000002024	epochs	2.0
1286.565805761853	0.040981399999964196	epochs	3.0
1286.606787161853	0.04059830000005604	epochs	3.0
1286.647385461853	0.08007550000002084	epochs	2.0
1286.647385461853	0.040222300000095856	epochs	3.0
1286.687607761853	0.03985319999992498	epochs	3.0
1286.727460961853	0.07862569999997504	epochs	2.0
1286.727460961853	0.039490800000066884	epochs	3.0
1286.766951761853	0.03913489999990816	epochs	3.0
1286.806086661853	0.07722760000001472	epochs	2.0
1286.806086661853	0.038785400000051595	epochs	3.0
1286.844872061853	0.03844219999996312	epochs	3.0
1286.883314261853	0.07587820000003376	epochs	2.0
1286.883314261853	0.03810479999992822	epochs	3.0
1286.921419061853	0.03777340000010554	epochs	3.0
1286.959192461853	0.0745752000000266	epochs	2.0
1286.959192461853	0.03744770000002973	epochs	3.0
1286.996640161853	0.03712749999999687	epochs	3.0
1287.033767661853	0.07331629999998768	epochs	2.0
1287.033767661853	0.03681289999985893	epochs	3.0
1287.070580561853	0.03650340000012875	epochs	3.0
1287.107083961853	0.07209899999998015	epochs	2.0
1287.107083961853	0.03619909999997617	epochs	3.0
1287.143283061853	0.03589990000000398	epochs	3.0
1287.179182961853	0.07092170000009901	epochs	2.0
1287.179182961853	0.03560560000005353	epochs	3.0
1287.214788561853	0.03531610000004548	epochs	3.0
1287.2501046618531	0.06978199999980461	epochs	2.0
1287.2501046618531	0.03503119999982118	epochs	3.0
1287.285135861853	0.03475079999998343	epochs	3.0
1287.319886661853	0.06867860000011206	epochs	2.0
1287.319886661853	0.03447510000000875	epochs	3.0
1287.354361761853	0.034203500000103304	epochs	3.0
1287.388565261853	0.06760929999995824	epochs	2.0
1287.388565261853	0.033936199999970995	epochs	3.0
1287.422501461853	0.033673099999987244	epochs	3.0
1287.456174561853	0.06657289999998284	epochs	2.0
1287.456174561853	0.03341399999999339	epochs	3.0
1287.489588561853	0.033158899999989444	epochs	3.0
1287.522747461853	0.06556780000005347	epochs	2.0
1287.522747461853	0.03290770000012344	epochs	3.0
1287.555655161853	0.032660099999930026	epochs	3.0
1287.588315261853	0.06459259999996902	epochs	2.0
1287.588315261853	0.03241639999987456	epochs	3.0
1287.620731661853	0.03217620000009447	epochs	3.0
1287.652907861853	0.06364600000006249	epochs	2.0
1287.652907861853	0.03193959999998697	epochs	3.0
1287.684847461853	0.03170640000007552	epochs	3.0
1287.716553861853	0.0627266999999847	epochs	2.0
1287.716553861853	0.031476599999905375	epochs	3.0
1287.748030461853	0.03125010000007933	epochs	3.0
1287.779280561853	0.06183359999999993	epochs	2.0
1287.779280561853	0.03102689999991526	epochs	3.0
1287.810307461853	0.030806700000084675	epochs	3.0
1287.841114161853	0.060965599999917686	epochs	2.0
1287.841114161853	0.030589799999916067	epochs	3.0
1287.871703961853	0.030375800000001618	epochs	3.0
1287.902079761853	0.06012160000000222	epochs	2.0
1287.902079761853	0.030164900000045236	epochs	3.0
1287.932244661853	0.02995669999995698	epochs	3.0
1287.962201361853	0.05930069999999432	epochs	2.0
1287.962201361853	0.029751600000054168	epochs	3.0
1287.991952961853	0.029549099999940154	epochs	3.0
1288.021502061853	0.058501800000158255	epochs	2.0
1288.021502061853	0.02934940000000097	epochs	3.0
1288.050851461853	0.029152400000157286	epochs	3.0
1288.0800038618531	0.05772419999993872	epochs	2.0
1288.0800038618531	0.028957999999875028	epochs	3.0
1288.108961861853	0.02876620000006369	epochs	3.0
1288.137728061853	0.05696710000006533	epochs	2.0
1288.137728061853	0.028577000000041153	epochs	3.0
1288.166305061853	0.028390100000024177	epochs	3.0
1288.1946951618531	0.05622949999997218	epochs	2.0
1288.1946951618531	0.028205699999944045	epochs	3.0
1288.222900861853	0.028023800000028132	epochs	3.0
1288.250924661853	0.05551070000001346	epochs	2.0
1288.250924661853	0.027843999999959124	epochs	3.0
1288.278768661853	0.027666700000054334	epochs	3.0
1288.3064353618531	0.054810200000019904	epochs	2.0
1288.3064353618531	0.02749149999999645	epochs	3.0
1288.3339268618531	0.027318700000023455	epochs	3.0
1288.3612455618531	0.054126999999880354	epochs	2.0
1288.3612455618531	0.027147799999966082	epochs	3.0
1288.388393361853	0.026979199999914272	epochs	3.0
1288.415372561853	0.053460699999959616	epochs	2.0
1288.415372561853	0.026812600000084785	epochs	3.0
1288.442185161853	0.02664809999987483	epochs	3.0
1288.468833261853	0.05281070000000909	epochs	2.0
1288.468833261853	0.026485600000114573	epochs	3.0
1288.495318861853	0.02632509999989452	epochs	3.0
1288.521643961853	0.05217620000007628	epochs	2.0
1288.521643961853	0.026166399999965506	epochs	3.0
1288.547810361853	0.026009800000110772	epochs	3.0
1288.573820161853	0.051556699999991906	epochs	2.0
1288.573820161853	0.025854799999933675	epochs	3.0
1288.599674961853	0.02570190000005823	epochs	3.0
1288.625376861853	0.05095189999997274	epochs	2.0
1288.625376861853	0.025550699999939752	epochs	3.0
1288.650927561853	0.025401200000032986	epochs	3.0
1288.676328761853	0.05036100000006627	epochs	2.0
1288.676328761853	0.025253499999962514	epochs	3.0
1288.701582261853	0.025107500000103755	epochs	3.0
1288.726689761853	0.04978379999988647	epochs	2.0
1288.726689761853	0.02496320000000196	epochs	3.0
1288.751652961853	0.024820599999884507	epochs	3.0
1288.776473561853	0.04921949999993558	epochs	2.0
1288.776473561853	0.024679399999968155	epochs	3.0
1288.801152961853	0.024540099999967424	epochs	3.0
1288.825693061853	0.04866790000005494	epochs	2.0
1288.825693061853	0.024402100000088467	epochs	3.0
1288.850095161853	0.024265799999966475	epochs	3.0
1288.874360961853	0.04812860000015462	epochs	2.0
1288.874360961853	0.024131000000124914	epochs	3.0
1288.898491961853	0.023997600000029706	epochs	3.0
1288.9224895618531	0.04760109999983797	epochs	2.0
1288.9224895618531	0.02386579999983951	epochs	3.0
1288.946355361853	0.02373529999999846	epochs	3.0
1288.970090661853	0.04708500000015192	epochs	2.0
1288.970090661853	0.023606299999983094	epochs	3.0
1288.993696961853	0.02347870000016883	epochs	3.0
1289.0171756618531	0.046579999999948996	epochs	2.0
1289.0171756618531	0.023352499999873544	epochs	3.0
1289.040528161853	0.02322750000007545	epochs	3.0
1289.063755661853	0.046085700000048746	epochs	2.0
1289.063755661853	0.02310399999987567	epochs	3.0
1289.086859661853	0.022981700000173078	epochs	3.0
1289.1098413618531	0.045601799999985815	epochs	2.0
1289.1098413618531	0.02286069999991014	epochs	3.0
1289.132702061853	0.022741100000075676	epochs	3.0
1289.155443161853	0.045127899999897636	epochs	2.0
1289.155443161853	0.022622499999897627	epochs	3.0
1289.178065661853	0.02250540000000001	epochs	3.0
1289.200571061853	0.0446638000000803	epochs	2.0
1289.200571061853	0.02238929999998618	epochs	3.0
1289.222960361853	0.022274500000094122	epochs	3.0
1289.245234861853	0.044209199999841076	epochs	2.0
1289.245234861853	0.022160799999937808	epochs	3.0
1289.267395661853	0.022048399999903268	epochs	3.0
1289.289444061853	0.04376360000014756	epochs	2.0
1289.289444061853	0.021936900000127935	epochs	3.0
1289.311380961853	0.021826700000019628	epochs	3.0
1289.333207661853	0.04332709999994222	epochs	2.0
1289.333207661853	0.021717599999874437	epochs	3.0
1289.354925261853	0.021609500000067783	epochs	3.0
1289.376534761853	0.04289900000003399	epochs	2.0
1289.376534761853	0.02150249999999687	epochs	3.0
1289.398037261853	0.021396500000037122	epochs	3.0
1289.419433761853	0.04247949999989942	epochs	2.0
1289.419433761853	0.021291699999892444	epochs	3.0
1289.440725461853	0.021187800000006973	epochs	3.0
1289.461913261853	0.04206790000012006	epochs	2.0
1289.461913261853	0.02108490000000529	epochs	3.0
1289.482998161853	0.02098300000011477	epochs	3.0
1289.503981161853	0.04166439999994509	epochs	2.0
1289.503981161853	0.020882199999959994	epochs	3.0
1289.524863361853	0.020782199999985096	epochs	3.0
1289.545645561853	0.04126850000011473	epochs	2.0
1289.545645561853	0.020683299999973315	epochs	3.0
1289.566328861853	0.020585200000141413	epochs	3.0
1289.5869140618531	0.04088000000001557	epochs	2.0
1289.5869140618531	0.020488099999965925	epochs	3.0
1289.607402161853	0.020391900000049645	epochs	3.0
1289.6277940618531	0.040498799999795665	epochs	2.0
1289.6277940618531	0.020296599999937825	epochs	3.0
1289.648090661853	0.02020219999985784	epochs	3.0
1289.668292861853	0.04012460000012652	epochs	2.0
1289.668292861853	0.02010870000003706	epochs	3.0
1289.688401561853	0.02001590000008946	epochs	3.0
1289.708417461853	0.03975730000001931	epochs	2.0
1289.708417461853	0.0199241999998776	epochs	3.0
1289.728341661853	0.019833100000141712	epochs	3.0
1289.748174761853	0.03939669999999751	epochs	2.0
1289.748174761853	0.019742999999834865	epochs	3.0
1289.767917761853	0.019653700000162644	epochs	3.0
1289.787571461853	0.03904239999997117	epochs	2.0
1289.787571461853	0.019565099999908853	epochs	3.0
1289.807136561853	0.019477300000062314	epochs	3.0
1289.826613861853	0.03869459999987157	epochs	2.0
1289.826613861853	0.019390400000020236	epochs	3.0
1289.846004261853	0.019304199999851335	epochs	3.0
1289.865308461853	0.03835290000006353	epochs	2.0
1289.865308461853	0.019218800000089686	epochs	3.0
1289.884527261853	0.01913409999997384	epochs	3.0
1289.903661361853	0.03801720000001296	epochs	2.0
1289.903661361853	0.019050200000037876	epochs	3.0
1289.922711561853	0.018966999999975087	epochs	3.0
1289.941678561853	0.03768719999993664	epochs	2.0
1289.941678561853	0.01888450000001285	epochs	3.0
1289.960563061853	0.01880269999992379	epochs	3.0
1289.979365761853	0.03736309999999321	epochs	2.0
1289.979365761853	0.018721700000014607	epochs	3.0
1289.998087461853	0.018641399999978603	epochs	3.0
1290.016728861853	0.037044300000161456	epochs	2.0
1290.016728861853	0.018561600000111866	epochs	3.0
1290.035290461853	0.01848270000004959	epochs	3.0
1290.053773161853	0.03673099999991791	epochs	2.0
1290.053773161853	0.018404299999929208	epochs	3.0
1290.072177461853	0.018326699999988705	epochs	3.0
1290.090504161853	0.03642289999993409	epochs	2.0
1290.090504161853	0.018249599999990096	epochs	3.0
1290.108753761853	0.018173299999943993	epochs	3.0
1290.126927061853	0.03612010000006194	epochs	2.0
1290.126927061853	0.018097600000146485	epochs	3.0
1290.145024661853	0.018022499999915453	epochs	3.0
1290.163047161853	0.035822100000132195	epochs	2.0
1290.163047161853	0.017947900000081063	epochs	3.0
1290.180995061853	0.017874200000051133	epochs	3.0
1290.1988692618531	0.03552899999999681	epochs	2.0
1290.1988692618531	0.01780079999980444	epochs	3.0
1290.216670061853	0.017728200000192373	epochs	3.0
1290.2343982618531	0.03524069999980384	epochs	2.0
1290.2343982618531	0.01765609999984008	epochs	3.0
1290.252054361853	0.017584599999963757	epochs	3.0
1290.269638961853	0.03495710000015606	epochs	2.0
1290.269638961853	0.017513700000108656	epochs	3.0
1290.287152661853	0.017443400000047404	epochs	3.0
1290.304596061853	0.034677899999906	epochs	2.0
1290.304596061853	0.017373599999928047	epochs	3.0
1290.321969661853	0.017304299999977957	epochs	3.0
1290.339273961853	0.03440330000012182	epochs	2.0
1290.339273961853	0.017235700000128418	epochs	3.0
1290.3565096618531	0.0171675999999934	epochs	3.0
1290.3736772618531	0.03413279999995211	epochs	2.0
1290.3736772618531	0.01709989999994832	epochs	3.0
1290.390777161853	0.017032900000003792	epochs	3.0
1290.407810061853	0.03386669999986225	epochs	2.0
1290.407810061853	0.01696640000000116	epochs	3.0
1290.424776461853	0.01690029999986109	epochs	3.0
1290.441676761853	0.03360459999998966	epochs	2.0
1290.441676761853	0.016834800000196992	epochs	3.0
1290.4585115618531	0.016769799999792667	epochs	3.0
1290.475281361853	0.0333466000001863	epochs	2.0
1290.475281361853	0.016705300000012357	epochs	3.0
1290.491986661853	0.016641300000173942	epochs	3.0
1290.508627961853	0.033092499999838765	epochs	2.0
1290.508627961853	0.016577799999822673	epochs	3.0
1290.525205761853	0.01651470000001609	epochs	3.0
1290.541720461853	0.032842300000083924	epochs	2.0
1290.541720461853	0.01645220000000336	epochs	3.0
1290.558172661853	0.016390100000080565	epochs	3.0
1290.574562761853	0.03259570000000167	epochs	2.0
1290.574562761853	0.016328400000020338	epochs	3.0
1290.590891161853	0.016267299999981333	epochs	3.0
1290.607158461853	0.032352899999978035	epochs	2.0
1290.607158461853	0.016206600000032267	epochs	3.0
1290.623365061853	0.016146299999945768	epochs	3.0
1290.639511361853	0.032113700000081735	epochs	2.0
1290.639511361853	0.016086600000107865	epochs	3.0
1290.6555979618531	0.01602709999997387	epochs	3.0
1290.671625061853	0.03187800000000607	epochs	2.0
1290.671625061853	0.0159681999998611	epochs	3.0
1290.687593261853	0.01590980000014497	epochs	3.0
1290.703503061853	0.03164569999989908	epochs	2.0
1290.703503061853	0.015851599999905375	epochs	3.0
1290.719354661853	0.015794099999993705	epochs	3.0
1290.735148761853	0.03141670000013619	epochs	2.0
1290.735148761853	0.01573669999993399	epochs	3.0
1290.750885461853	0.0156800000002022	epochs	3.0
1290.7665654618531	0.03119109999988723	epochs	2.0
1290.7665654618531	0.015623599999798898	epochs	3.0
1290.782189061853	0.01556750000008833	epochs	3.0
1290.797756561853	0.030968699999903038	epochs	2.0
1290.797756561853	0.015511999999944237	epochs	3.0
1290.813268561853	0.0154566999999588	epochs	3.0
1290.828725261853	0.030749500000183616	epochs	2.0
1290.828725261853	0.015401999999994587	epochs	3.0
1290.844127261853	0.01534750000018903	epochs	3.0
1290.859474761853	0.030533199999808858	epochs	2.0
1290.859474761853	0.015293400000018664	epochs	3.0
1290.8747681618531	0.015239799999790193	epochs	3.0
1290.890007961853	0.030320100000153616	epochs	2.0
1290.890007961853	0.015186500000027081	epochs	3.0
1290.905194461853	0.015133600000126535	epochs	3.0
1290.920328061853	0.030109899999843037	epochs	2.0
1290.920328061853	0.015081000000009226	epochs	3.0
1290.935409061853	0.015028899999833811	epochs	3.0
1290.950437961853	0.029902500000162036	epochs	2.0
1290.950437961853	0.014977000000044427	epochs	3.0
1290.965414961853	0.014925500000117609	epochs	3.0
1290.980340461853	0.029698099999905025	epochs	2.0
1290.980340461853	0.014874400000053356	epochs	3.0
1290.9952148618531	0.01482369999985167	epochs	3.0
1291.010038561853	0.029496300000118936	epochs	2.0
1291.010038561853	0.014773200000036013	epochs	3.0
1291.024811761853	0.014723100000082923	epochs	3.0
1291.039534861853	0.029297399999904883	epochs	2.0
1291.039534861853	0.014673399999992398	epochs	3.0
1291.054208261853	0.014623999999912485	epochs	3.0
1291.068832261853	0.029101099999934377	epochs	2.0
1291.068832261853	0.014574900000070556	epochs	3.0
1291.083407161853	0.01452619999986382	epochs	3.0
1291.097933361853	0.028907399999980044	epochs	2.0
1291.097933361853	0.014477700000043114	epochs	3.0
1291.112411061853	0.014429699999936929	epochs	3.0
1291.126840761853	0.02871620000018993	epochs	2.0
1291.126840761853	0.014381800000137446	epochs	3.0
1291.141222561853	0.014334400000052483	epochs	3.0
1291.155556961853	0.02852759999996124	epochs	2.0
1291.155556961853	0.014287199999898803	epochs	3.0
1291.169844161853	0.014240400000062436	epochs	3.0
1291.184084561853	0.028341400000044814	epochs	2.0
1291.184084561853	0.014193799999929979	epochs	3.0
1291.198278361853	0.014147600000114835	epochs	3.0
1291.2124259618531	0.02815769999983786	epochs	2.0
1291.2124259618531	0.014101699999855555	epochs	3.0
1291.226527661853	0.014055999999982305	epochs	3.0
1291.240583661853	0.027976300000091214	epochs	2.0
1291.240583661853	0.014010600000119666	epochs	3.0
1291.254594261853	0.013965699999971548	epochs	3.0
1291.268559961853	0.027797199999895383	epochs	2.0
1291.268559961853	0.013920800000050804	epochs	3.0
1291.282480761853	0.01387639999984458	epochs	3.0
1291.296357161853	0.02762040000015986	epochs	2.0
1291.296357161853	0.013832200000024386	epochs	3.0
1291.310189361853	0.013788200000135475	epochs	3.0
1291.323977561853	0.027445899999975154	epochs	2.0
1291.323977561853	0.013744599999881757	epochs	3.0
1291.337722161853	0.013701300000093397	epochs	3.0
1291.351423461853	0.027273499999864725	epochs	2.0
1291.351423461853	0.013658200000008947	epochs	3.0
1291.365081661853	0.013615299999855779	epochs	3.0
1291.378696961853	0.027103399999987232	epochs	2.0
1291.378696961853	0.013572800000019924	epochs	3.0
1291.392269761853	0.013530599999967308	epochs	3.0
1291.405800361853	0.02693520000002536	epochs	2.0
1291.405800361853	0.013488400000142065	epochs	3.0
1291.419288761853	0.013446799999883297	epochs	3.0
1291.432735561853	0.026769199999989723	epochs	2.0
1291.432735561853	0.013405200000079276	epochs	3.0
1291.446140761853	0.013363999999910448	epochs	3.0
1291.459504761853	0.02660520000017641	epochs	2.0
1291.459504761853	0.013322900000048321	epochs	3.0
1291.472827661853	0.013282300000128089	epochs	3.0
1291.4861099618531	0.0264431999999033	epochs	2.0
1291.4861099618531	0.013241699999980483	epochs	3.0
1291.499351661853	0.013201499999922817	epochs	3.0
1291.512553161853	0.026283200000079887	epochs	2.0
1291.512553161853	0.013161500000023807	epochs	3.0
1291.525714661853	0.01312170000005608	epochs	3.0
1291.538836361853	0.026124999999865395	epochs	2.0
1291.538836361853	0.013082100000019636	epochs	3.0
1291.5519184618531	0.013042899999845758	epochs	3.0
1291.564961361853	0.025968899999952555	epochs	2.0
1291.564961361853	0.01300390000005791	epochs	3.0
1291.577965261853	0.012964999999894644	epochs	3.0
1291.590930261853	0.025814500000024054	epochs	2.0
1291.590930261853	0.012926400000196736	epochs	3.0
1291.6038566618531	0.012888099999827318	epochs	3.0
1291.616744761853	0.02566190000015922	epochs	2.0
1291.616744761853	0.012849899999991976	epochs	3.0
1291.629594661853	0.012812000000167245	epochs	3.0
1291.642406661853	0.025511199999982637	epochs	2.0
1291.642406661853	0.012774399999898378	epochs	3.0
1291.655181061853	0.012736800000084258	epochs	3.0
1291.667917861853	0.02536229999986972	epochs	2.0
1291.667917861853	0.01269969999998466	epochs	3.0
1291.680617561853	0.01266259999988506	epochs	3.0
1291.693280161853	0.02521500000011656	epochs	2.0
1291.693280161853	0.012625800000023446	epochs	3.0
1291.705905961853	0.012589200000093115	epochs	3.0
1291.718495161853	0.024584799999956886	epochs	2.0
1291.7420049618531	0.5	epochs	-1.0
1291.743079961853	0.5017600000001039	epochs	1.0
1292.2448399618531	0.4981599999998707	epochs	0.0
1293.6770000457764	0.07807999999999993	epochs	0.0
1293.6770000457764	0.034042900000031295	epochs	1.0
1293.7110429457764	0.009994199999937337	epochs	1.0
1293.7210371457763	0.034042900000031295	epochs	1.0
1293.7550800457764	2.0	epochs	0.0
1295.7550800457764	5.361439999999902	epochs	0.0
1295.7550800457764	1.0	epochs	1.0
1295.7551250457764	0.5	epochs	-1.0
1296.2551250457764	4.861394999999902	epochs	-1.0
1296.7550800457764	4.361439999999902	epochs	1.0
1296.7550800457764	4.356753900000058	epochs	-1.0
1296.7550800457764	1.9745872000000873	epochs	2.0
1296.7550800457764	1.0985622000000603	epochs	3.0
1297.8536422457764	0.8760250000000269	epochs	3.0
1298.7296672457765	1.3524075000000266	epochs	2.0
1298.7296672457765	0.7286354999998821	epochs	3.0
1299.4583027457763	0.6237720000001445	epochs	3.0
1300.0820747457765	1.029759199999944	epochs	2.0
1300.0820747457765	0.5453292999998212	epochs	3.0
1300.6274040457763	0.48442990000012287	epochs	3.0
1301.1118339457764	0.004686099999844373	epochs	2.0
1301.1118339457764	0.004686099999844373	epochs	3.0
1301.1165200457763	16.638480000000072	epochs	0.0
1302.5390000343323	0.07807999999999993	epochs	0.0
1302.5390000343323	0.034042900000031295	epochs	1.0
1302.5730429343323	0.009994199999937337	epochs	1.0
1302.5830371343322	0.034042900000031295	epochs	1.0
1302.6170800343323	2.0	epochs	0.0
1304.6170800343323	5.3814400000001115	epochs	0.0
1304.6170800343323	1.0	epochs	1.0
1304.6171250343323	0.5	epochs	-1.0
1305.1171250343323	4.881395000000111	epochs	-1.0
1305.6170800343323	4.3814400000001115	epochs	1.0
1305.6170800343323	4.356753900000058	epochs	-1.0
1305.6170800343323	1.9745872000000873	epochs	2.0
1305.6170800343323	1.0985622000000603	epochs	3.0
1306.7156422343323	0.8760250000000269	epochs	3.0
1307.5916672343324	1.3524075000000266	epochs	2.0
1307.5916672343324	0.7286354999998821	epochs	3.0
1308.3203027343322	0.6237720000001445	epochs	3.0
1308.9440747343324	1.029759199999944	epochs	2.0
1308.9440747343324	0.5453292999998212	epochs	3.0
1309.4894040343322	0.48442990000012287	epochs	3.0
1309.9738339343323	0.024686100000053557	epochs	2.0
1309.9738339343323	0.024686100000053557	epochs	3.0
1309.9985200343324	16.618479999999863	epochs	0.0
1311.4039998054504	0.07807999999999993	epochs	0.0
1311.4039998054504	0.034042900000031295	epochs	1.0
1311.4380427054505	0.009994199999937337	epochs	1.0
1311.4480369054504	0.034042900000031295	epochs	1.0
1311.4820798054504	2.0	epochs	0.0
1313.4820798054504	21.50224000000003	epochs	0.0
1313.4820798054504	1.0	epochs	1.0
1313.4821248054504	0.5	epochs	-1.0
1313.9821248054504	19.999039999999923	epochs	-1.0
1314.4820798054504	20.0	epochs	1.0
1314.4820798054504	4.356753900000058	epochs	-1.0
1314.4820798054504	1.9745872000000873	epochs	2.0
1314.4820798054504	1.0985622000000603	epochs	3.0
1315.5806420054505	0.8760250000000269	epochs	3.0
1316.4566670054505	1.3524075000000266	epochs	2.0
1316.4566670054505	0.7286354999998821	epochs	3.0
1317.1853025054504	0.6237720000001445	epochs	3.0
1317.8090745054506	1.029759199999944	epochs	2.0
1317.8090745054506	0.5453292999998212	epochs	3.0
1318.3544038054504	0.48442990000012287	epochs	3.0
1318.8388337054505	0.8317861999998968	epochs	2.0
1318.8388337054505	0.4357763000000432	epochs	3.0
1319.2746100054505	0.3960098999998536	epochs	3.0
1319.6706199054504	0.6977970000000369	epochs	2.0
1319.6706199054504	0.3628982000000178	epochs	3.0
1320.0335181054504	0.33489880000001904	epochs	3.0
1320.3684169054504	0.601045699999986	epochs	2.0
1320.3684169054504	0.3109122999999272	epochs	3.0
1320.6793292054504	0.2901334000000588	epochs	3.0
1320.9694626054504	0.5278859000000011	epochs	2.0
1320.9694626054504	0.2719586000000618	epochs	3.0
1321.2414212054505	0.25592729999993935	epochs	3.0
1321.4973485054504	0.470619299999953	epochs	2.0
1321.4973485054504	0.241681299999982	epochs	3.0
1321.7390298054504	0.228937999999971	epochs	3.0
1321.9679678054504	0.42457039999999324	epochs	2.0
1321.9679678054504	0.21747140000002219	epochs	3.0
1322.1854392054504	0.20709899999997106	epochs	3.0
1322.3925382054504	0.3867354000001342	epochs	2.0
1322.3925382054504	0.19767109999997956	epochs	3.0
1322.5902093054503	0.18906430000015462	epochs	3.0
1322.7792736054505	0.35509529999990264	epochs	2.0
1322.7792736054505	0.18117589999997108	epochs	3.0
1322.9604495054505	0.17391939999993156	epochs	3.0
1323.1343689054504	0.3282431000000088	epochs	2.0
1323.1343689054504	0.16722189999995862	epochs	3.0
1323.3015908054504	0.16102120000005016	epochs	3.0
1323.4626120054504	0.30516800000009425	epochs	2.0
1323.4626120054504	0.15526390000013635	epochs	3.0
1323.6178759054505	0.1499040999999579	epochs	3.0
1323.7677800054505	0.28512529999989056	epochs	2.0
1323.7677800054505	0.14490209999985382	epochs	3.0
1323.9126821054504	0.14022320000003674	epochs	3.0
1324.0529053054504	0.267553800000087	epochs	2.0
1324.0529053054504	0.1358368999999584	epochs	3.0
1324.1887422054504	0.1317169000001286	epochs	3.0
1324.3204591054505	0.252022899999929	epochs	2.0
1324.3204591054505	0.1278393000000051	epochs	3.0
1324.4482984054505	0.1241835999999239	epochs	3.0
1324.5724820054504	0.23819649999995818	epochs	2.0
1324.5724820054504	0.12073110000005727	epochs	3.0
1324.6932131054505	0.11746539999990091	epochs	3.0
1324.8106785054504	0.2258088000000953	epochs	2.0
1324.8106785054504	0.11437190000015107	epochs	3.0
1324.9250504054505	0.11143689999994422	epochs	3.0
1325.0364873054505	0.21464599999990241	epochs	2.0
1325.0364873054505	0.10864889999993466	epochs	3.0
1325.1451362054504	0.10599709999996776	epochs	3.0
1325.2511333054504	0.20453500000007807	epochs	2.0
1325.2511333054504	0.10347150000006877	epochs	3.0
1325.3546048054504	0.1010635000000093	epochs	3.0
1325.4556683054504	0.19533400000000256	epochs	2.0
1325.4556683054504	0.09876510000003691	epochs	3.0
1325.5544334054505	0.09656889999996565	epochs	3.0
1325.6510023054504	0.18692529999998442	epochs	2.0
1325.6510023054504	0.09446830000001682	epochs	3.0
1325.7454706054505	0.09245699999996759	epochs	3.0
1325.8379276054504	0.1792107000001124	epochs	2.0
1325.8379276054504	0.0905296000000817	epochs	3.0
1325.9284572054505	0.08868110000003071	epochs	3.0
1326.0171383054505	0.17210769999996955	epochs	2.0
1326.0171383054505	0.08690629999978228	epochs	3.0
1326.1040446054503	0.08520140000018728	epochs	3.0
1326.1892460054505	0.16554640000003928	epochs	2.0
1326.1892460054505	0.08356189999994967	epochs	3.0
1326.2728079054505	0.08198450000008961	epochs	3.0
1326.3547924054506	0.15946709999980158	epochs	2.0
1326.3547924054506	0.08046539999986635	epochs	3.0
1326.4352578054504	0.07900169999993523	epochs	3.0
1326.5142595054504	0.15381840000009106	epochs	2.0
1326.5142595054504	0.07759010000017952	epochs	3.0
1326.5918496054505	0.07622829999991154	epochs	3.0
1326.6680779054504	0.14855639999996129	epochs	2.0
1326.6680779054504	0.07491329999993468	epochs	3.0
1326.7429912054504	0.0736431000000266	epochs	3.0
1326.8166343054504	0.14364240000008976	epochs	2.0
1326.8166343054504	0.07241500000009182	epochs	3.0
1326.8890493054505	0.07122739999999794	epochs	3.0
1326.9602767054505	0.13904309999998077	epochs	2.0
1326.9602767054505	0.07007799999996678	epochs	3.0
1327.0303547054505	0.06896510000001399	epochs	3.0
1327.0993198054505	0.13472929999988992	epochs	2.0
1327.0993198054505	0.0678871000000072	epochs	3.0
1327.1672069054505	0.06684219999988272	epochs	3.0
1327.2340491054504	0.1306752000000415	epochs	2.0
1327.2340491054504	0.06582909999997355	epochs	3.0
1327.2998782054503	0.06484610000006796	epochs	3.0
1327.3647243054504	0.1268577999999252	epochs	2.0
1327.3647243054504	0.06389200000012352	epochs	3.0
1327.4286163054505	0.06296579999980167	epochs	3.0
1327.4915821054503	0.12325720000012552	epochs	2.0
1327.4915821054503	0.06206580000002759	epochs	3.0
1327.5536479054504	0.06119140000009793	epochs	3.0
1327.6148393054505	0.11985540000000583	epochs	2.0
1327.6148393054505	0.060341099999959624	epochs	3.0
1327.6751804054504	0.059514300000046205	epochs	3.0
1327.7346947054505	0.1166361999999026	epochs	2.0
1327.7346947054505	0.058709599999929196	epochs	3.0
1327.7934043054504	0.057926599999973405	epochs	3.0
1327.8513309054504	0.11358560000007856	epochs	2.0
1327.8513309054504	0.05716419999998834	epochs	3.0
1327.9084951054504	0.056421400000090216	epochs	3.0
1327.9649165054504	0.11069049999991876	epochs	2.0
1327.9649165054504	0.055697900000041045	epochs	3.0
1328.0206144054505	0.05499259999987771	epochs	3.0
1328.0756070054504	0.1079391000000669	epochs	2.0
1328.0756070054504	0.05430490000003374	epochs	3.0
1328.1299119054504	0.05363420000003316	epochs	3.0
1328.1835461054504	0.10532149999994544	epochs	2.0
1328.1835461054504	0.05297999999993408	epochs	3.0
1328.2365261054504	0.052341500000011365	epochs	3.0
1328.2888676054504	0.10282759999995505	epochs	2.0
1328.2888676054504	0.05171810000001642	epochs	3.0
1328.3405857054504	0.051109499999938635	epochs	3.0
1328.3916952054503	0.10044910000010532	epochs	2.0
1328.3916952054503	0.050514900000052876	epochs	3.0
1328.4422101054504	0.04993420000005244	epochs	3.0
1328.4921443054504	0.0981782999999723	epochs	2.0
1328.4921443054504	0.04936659999998483	epochs	3.0
1328.5415109054504	0.04881169999998747	epochs	3.0
1328.5903226054504	0.09600780000005216	epochs	2.0
1328.5903226054504	0.04826920000004975	epochs	3.0
1328.6385918054505	0.04773860000000241	epochs	3.0
1328.6863304054505	0.09393120000004274	epochs	2.0
1328.6863304054505	0.04721949999998287	epochs	3.0
1328.7335499054504	0.046711700000059864	epochs	3.0
1328.7802616054505	0.09194260000003851	epochs	2.0
1328.7802616054505	0.046214599999984785	epochs	3.0
1328.8264762054505	0.045728000000053726	epochs	3.0
1328.8722042054505	0.09003629999983787	epochs	2.0
1328.8722042054505	0.045251499999949374	epochs	3.0
1328.9174557054505	0.04478479999988849	epochs	3.0
1328.9622405054504	0.08820760000003247	epochs	2.0
1328.9622405054504	0.044327800000019124	epochs	3.0
1329.0065683054504	0.04387980000001335	epochs	3.0
1329.0504481054504	0.0864516999999978	epochs	2.0
1329.0504481054504	0.04344100000002982	epochs	3.0
1329.0938891054504	0.04301069999996798	epochs	3.0
1329.1368998054504	0.08476429999996071	epochs	2.0
1329.1368998054504	0.04258900000013455	epochs	3.0
1329.1794888054505	0.042175299999826166	epochs	3.0
1329.2216641054504	0.08314150000001064	epochs	2.0
1329.2216641054504	0.04176970000003166	epochs	3.0
1329.2634338054504	0.041371799999978975	epochs	3.0
1329.3048056054504	0.08157970000002024	epochs	2.0
1329.3048056054504	0.040981399999964196	epochs	3.0
1329.3457870054503	0.04059830000005604	epochs	3.0
1329.3863853054504	0.08007550000002084	epochs	2.0
1329.3863853054504	0.040222300000095856	epochs	3.0
1329.4266076054505	0.03985319999992498	epochs	3.0
1329.4664608054504	0.07862569999997504	epochs	2.0
1329.4664608054504	0.039490800000066884	epochs	3.0
1329.5059516054505	0.03913489999990816	epochs	3.0
1329.5450865054504	0.07722760000001472	epochs	2.0
1329.5450865054504	0.038785400000051595	epochs	3.0
1329.5838719054505	0.03844219999996312	epochs	3.0
1329.6223141054504	0.07587820000003376	epochs	2.0
1329.6223141054504	0.03810479999992822	epochs	3.0
1329.6604189054503	0.03777340000010554	epochs	3.0
1329.6981923054504	0.0745752000000266	epochs	2.0
1329.6981923054504	0.03744770000002973	epochs	3.0
1329.7356400054505	0.03712749999999687	epochs	3.0
1329.7727675054505	0.07331629999998768	epochs	2.0
1329.7727675054505	0.03681289999985893	epochs	3.0
1329.8095804054503	0.03650340000012875	epochs	3.0
1329.8460838054505	0.07209899999998015	epochs	2.0
1329.8460838054505	0.03619909999997617	epochs	3.0
1329.8822829054504	0.03589990000000398	epochs	3.0
1329.9181828054504	0.07092170000009901	epochs	2.0
1329.9181828054504	0.03560560000005353	epochs	3.0
1329.9537884054505	0.03531610000004548	epochs	3.0
1329.9891045054505	0.06978199999980461	epochs	2.0
1329.9891045054505	0.03503119999982118	epochs	3.0
1330.0241357054504	0.03475079999998343	epochs	3.0
1330.0588865054503	0.06867860000011206	epochs	2.0
1330.0588865054503	0.03447510000000875	epochs	3.0
1330.0933616054504	0.034203500000103304	epochs	3.0
1330.1275651054505	0.06760929999995824	epochs	2.0
1330.1275651054505	0.033936199999970995	epochs	3.0
1330.1615013054504	0.033673099999987244	epochs	3.0
1330.1951744054504	0.06657289999998284	epochs	2.0
1330.1951744054504	0.03341399999999339	epochs	3.0
1330.2285884054504	0.033158899999989444	epochs	3.0
1330.2617473054504	0.06556780000005347	epochs	2.0
1330.2617473054504	0.03290770000012344	epochs	3.0
1330.2946550054505	0.032660099999930026	epochs	3.0
1330.3273151054505	0.06459259999996902	epochs	2.0
1330.3273151054505	0.03241639999987456	epochs	3.0
1330.3597315054503	0.03217620000009447	epochs	3.0
1330.3919077054504	0.06364600000006249	epochs	2.0
1330.3919077054504	0.03193959999998697	epochs	3.0
1330.4238473054504	0.03170640000007552	epochs	3.0
1330.4555537054505	0.0627266999999847	epochs	2.0
1330.4555537054505	0.031476599999905375	epochs	3.0
1330.4870303054504	0.03125010000007933	epochs	3.0
1330.5182804054505	0.06183359999999993	epochs	2.0
1330.5182804054505	0.03102689999991526	epochs	3.0
1330.5493073054504	0.030806700000084675	epochs	3.0
1330.5801140054505	0.060965599999917686	epochs	2.0
1330.5801140054505	0.030589799999916067	epochs	3.0
1330.6107038054504	0.030375800000001618	epochs	3.0
1330.6410796054504	0.06012160000000222	epochs	2.0
1330.6410796054504	0.030164900000045236	epochs	3.0
1330.6712445054504	0.02995669999995698	epochs	3.0
1330.7012012054504	0.05930069999999432	epochs	2.0
1330.7012012054504	0.029751600000054168	epochs	3.0
1330.7309528054504	0.029549099999940154	epochs	3.0
1330.7605019054504	0.058501800000158255	epochs	2.0
1330.7605019054504	0.02934940000000097	epochs	3.0
1330.7898513054504	0.029152400000157286	epochs	3.0
1330.8190037054505	0.05772419999993872	epochs	2.0
1330.8190037054505	0.028957999999875028	epochs	3.0
1330.8479617054504	0.02876620000006369	epochs	3.0
1330.8767279054505	0.05696710000006533	epochs	2.0
1330.8767279054505	0.028577000000041153	epochs	3.0
1330.9053049054505	0.028390100000024177	epochs	3.0
1330.9336950054505	0.05622949999997218	epochs	2.0
1330.9336950054505	0.028205699999944045	epochs	3.0
1330.9619007054505	0.028023800000028132	epochs	3.0
1330.9899245054505	0.05551070000001346	epochs	2.0
1330.9899245054505	0.027843999999959124	epochs	3.0
1331.0177685054505	0.027666700000054334	epochs	3.0
1331.0454352054505	0.054810200000019904	epochs	2.0
1331.0454352054505	0.02749149999999645	epochs	3.0
1331.0729267054505	0.027318700000023455	epochs	3.0
1331.1002454054506	0.054126999999880354	epochs	2.0
1331.1002454054506	0.027147799999966082	epochs	3.0
1331.1273932054505	0.026979199999914272	epochs	3.0
1331.1543724054504	0.053460699999959616	epochs	2.0
1331.1543724054504	0.026812600000084785	epochs	3.0
1331.1811850054505	0.02664809999987483	epochs	3.0
1331.2078331054504	0.05281070000000909	epochs	2.0
1331.2078331054504	0.026485600000114573	epochs	3.0
1331.2343187054505	0.02632509999989452	epochs	3.0
1331.2606438054504	0.05217620000007628	epochs	2.0
1331.2606438054504	0.026166399999965506	epochs	3.0
1331.2868102054504	0.026009800000110772	epochs	3.0
1331.3128200054505	0.051556699999991906	epochs	2.0
1331.3128200054505	0.025854799999933675	epochs	3.0
1331.3386748054504	0.02570190000005823	epochs	3.0
1331.3643767054505	0.05095189999997274	epochs	2.0
1331.3643767054505	0.025550699999939752	epochs	3.0
1331.3899274054504	0.025401200000032986	epochs	3.0
1331.4153286054504	0.05036100000006627	epochs	2.0
1331.4153286054504	0.025253499999962514	epochs	3.0
1331.4405821054504	0.025107500000103755	epochs	3.0
1331.4656896054505	0.04978379999988647	epochs	2.0
1331.4656896054505	0.02496320000000196	epochs	3.0
1331.4906528054505	0.024820599999884507	epochs	3.0
1331.5154734054504	0.04921949999993558	epochs	2.0
1331.5154734054504	0.024679399999968155	epochs	3.0
1331.5401528054504	0.024540099999967424	epochs	3.0
1331.5646929054503	0.04866790000005494	epochs	2.0
1331.5646929054503	0.024402100000088467	epochs	3.0
1331.5890950054504	0.024265799999966475	epochs	3.0
1331.6133608054504	0.04812860000015462	epochs	2.0
1331.6133608054504	0.024131000000124914	epochs	3.0
1331.6374918054505	0.023997600000029706	epochs	3.0
1331.6614894054505	0.04760109999983797	epochs	2.0
1331.6614894054505	0.02386579999983951	epochs	3.0
1331.6853552054504	0.02373529999999846	epochs	3.0
1331.7090905054504	0.04708500000015192	epochs	2.0
1331.7090905054504	0.023606299999983094	epochs	3.0
1331.7326968054504	0.02347870000016883	epochs	3.0
1331.7561755054505	0.046579999999948996	epochs	2.0
1331.7561755054505	0.023352499999873544	epochs	3.0
1331.7795280054504	0.02322750000007545	epochs	3.0
1331.8027555054505	0.046085700000048746	epochs	2.0
1331.8027555054505	0.02310399999987567	epochs	3.0
1331.8258595054504	0.022981700000173078	epochs	3.0
1331.8488412054505	0.045601799999985815	epochs	2.0
1331.8488412054505	0.02286069999991014	epochs	3.0
1331.8717019054504	0.022741100000075676	epochs	3.0
1331.8944430054505	0.045127899999897636	epochs	2.0
1331.8944430054505	0.022622499999897627	epochs	3.0
1331.9170655054504	0.02250540000000001	epochs	3.0
1331.9395709054504	0.0446638000000803	epochs	2.0
1331.9395709054504	0.02238929999998618	epochs	3.0
1331.9619602054504	0.022274500000094122	epochs	3.0
1331.9842347054505	0.044209199999841076	epochs	2.0
1331.9842347054505	0.022160799999937808	epochs	3.0
1332.0063955054504	0.022048399999903268	epochs	3.0
1332.0284439054503	0.04376360000014756	epochs	2.0
1332.0284439054503	0.021936900000127935	epochs	3.0
1332.0503808054505	0.021826700000019628	epochs	3.0
1332.0722075054505	0.04332709999994222	epochs	2.0
1332.0722075054505	0.021717599999874437	epochs	3.0
1332.0939251054504	0.021609500000067783	epochs	3.0
1332.1155346054504	0.04289900000003399	epochs	2.0
1332.1155346054504	0.02150249999999687	epochs	3.0
1332.1370371054504	0.021396500000037122	epochs	3.0
1332.1584336054505	0.04247949999989942	epochs	2.0
1332.1584336054505	0.021291699999892444	epochs	3.0
1332.1797253054503	0.021187800000006973	epochs	3.0
1332.2009131054504	0.04206790000012006	epochs	2.0
1332.2009131054504	0.02108490000000529	epochs	3.0
1332.2219980054504	0.02098300000011477	epochs	3.0
1332.2429810054505	0.04166439999994509	epochs	2.0
1332.2429810054505	0.020882199999959994	epochs	3.0
1332.2638632054504	0.020782199999985096	epochs	3.0
1332.2846454054504	0.04126850000011473	epochs	2.0
1332.2846454054504	0.020683299999973315	epochs	3.0
1332.3053287054504	0.020585200000141413	epochs	3.0
1332.3259139054505	0.04088000000001557	epochs	2.0
1332.3259139054505	0.020488099999965925	epochs	3.0
1332.3464020054505	0.020391900000049645	epochs	3.0
1332.3667939054505	0.040498799999795665	epochs	2.0
1332.3667939054505	0.020296599999937825	epochs	3.0
1332.3870905054505	0.02020219999985784	epochs	3.0
1332.4072927054503	0.04012460000012652	epochs	2.0
1332.4072927054503	0.02010870000003706	epochs	3.0
1332.4274014054504	0.02001590000008946	epochs	3.0
1332.4474173054505	0.03975730000001931	epochs	2.0
1332.4474173054505	0.0199241999998776	epochs	3.0
1332.4673415054503	0.019833100000141712	epochs	3.0
1332.4871746054505	0.03939669999999751	epochs	2.0
1332.4871746054505	0.019742999999834865	epochs	3.0
1332.5069176054503	0.019653700000162644	epochs	3.0
1332.5265713054505	0.03904239999997117	epochs	2.0
1332.5265713054505	0.019565099999908853	epochs	3.0
1332.5461364054504	0.019477300000062314	epochs	3.0
1332.5656137054505	0.03869459999987157	epochs	2.0
1332.5656137054505	0.019390400000020236	epochs	3.0
1332.5850041054505	0.019304199999851335	epochs	3.0
1332.6043083054503	0.03835290000006353	epochs	2.0
1332.6043083054503	0.019218800000089686	epochs	3.0
1332.6235271054504	0.01913409999997384	epochs	3.0
1332.6426612054504	0.03801720000001296	epochs	2.0
1332.6426612054504	0.019050200000037876	epochs	3.0
1332.6617114054504	0.018966999999975087	epochs	3.0
1332.6806784054504	0.03768719999993664	epochs	2.0
1332.6806784054504	0.01888450000001285	epochs	3.0
1332.6995629054504	0.01880269999992379	epochs	3.0
1332.7183656054503	0.03736309999999321	epochs	2.0
1332.7183656054503	0.018721700000014607	epochs	3.0
1332.7370873054504	0.018641399999978603	epochs	3.0
1332.7557287054503	0.037044300000161456	epochs	2.0
1332.7557287054503	0.018561600000111866	epochs	3.0
1332.7742903054504	0.01848270000004959	epochs	3.0
1332.7927730054505	0.03673099999991791	epochs	2.0
1332.7927730054505	0.018404299999929208	epochs	3.0
1332.8111773054504	0.018326699999988705	epochs	3.0
1332.8295040054504	0.03642289999993409	epochs	2.0
1332.8295040054504	0.018249599999990096	epochs	3.0
1332.8477536054504	0.018173299999943993	epochs	3.0
1332.8659269054504	0.03612010000006194	epochs	2.0
1332.8659269054504	0.018097600000146485	epochs	3.0
1332.8840245054505	0.018022499999915453	epochs	3.0
1332.9020470054504	0.035822100000132195	epochs	2.0
1332.9020470054504	0.017947900000081063	epochs	3.0
1332.9199949054505	0.017874200000051133	epochs	3.0
1332.9378691054505	0.03552899999999681	epochs	2.0
1332.9378691054505	0.01780079999980444	epochs	3.0
1332.9556699054503	0.017728200000192373	epochs	3.0
1332.9733981054505	0.03524069999980384	epochs	2.0
1332.9733981054505	0.01765609999984008	epochs	3.0
1332.9910542054504	0.017584599999963757	epochs	3.0
1333.0086388054503	0.03495710000015606	epochs	2.0
1333.0086388054503	0.017513700000108656	epochs	3.0
1333.0261525054505	0.017443400000047404	epochs	3.0
1333.0435959054505	0.034677899999906	epochs	2.0
1333.0435959054505	0.017373599999928047	epochs	3.0
1333.0609695054504	0.017304299999977957	epochs	3.0
1333.0782738054504	0.03440330000012182	epochs	2.0
1333.0782738054504	0.017235700000128418	epochs	3.0
1333.0955095054505	0.0171675999999934	epochs	3.0
1333.1126771054505	0.03413279999995211	epochs	2.0
1333.1126771054505	0.01709989999994832	epochs	3.0
1333.1297770054505	0.017032900000003792	epochs	3.0
1333.1468099054505	0.03386669999986225	epochs	2.0
1333.1468099054505	0.01696640000000116	epochs	3.0
1333.1637763054505	0.01690029999986109	epochs	3.0
1333.1806766054503	0.03360459999998966	epochs	2.0
1333.1806766054503	0.016834800000196992	epochs	3.0
1333.1975114054505	0.016769799999792667	epochs	3.0
1333.2142812054503	0.0333466000001863	epochs	2.0
1333.2142812054503	0.016705300000012357	epochs	3.0
1333.2309865054503	0.016641300000173942	epochs	3.0
1333.2476278054505	0.033092499999838765	epochs	2.0
1333.2476278054505	0.016577799999822673	epochs	3.0
1333.2642056054503	0.01651470000001609	epochs	3.0
1333.2807203054504	0.032842300000083924	epochs	2.0
1333.2807203054504	0.01645220000000336	epochs	3.0
1333.2971725054504	0.016390100000080565	epochs	3.0
1333.3135626054504	0.03259570000000167	epochs	2.0
1333.3135626054504	0.016328400000020338	epochs	3.0
1333.3298910054505	0.016267299999981333	epochs	3.0
1333.3461583054504	0.032352899999978035	epochs	2.0
1333.3461583054504	0.016206600000032267	epochs	3.0
1333.3623649054505	0.016146299999945768	epochs	3.0
1333.3785112054504	0.032113700000081735	epochs	2.0
1333.3785112054504	0.016086600000107865	epochs	3.0
1333.3945978054505	0.01602709999997387	epochs	3.0
1333.4106249054505	0.03187800000000607	epochs	2.0
1333.4106249054505	0.0159681999998611	epochs	3.0
1333.4265931054504	0.01590980000014497	epochs	3.0
1333.4425029054505	0.03164569999989908	epochs	2.0
1333.4425029054505	0.015851599999905375	epochs	3.0
1333.4583545054504	0.015794099999993705	epochs	3.0
1333.4741486054504	0.03141670000013619	epochs	2.0
1333.4741486054504	0.01573669999993399	epochs	3.0
1333.4898853054503	0.0156800000002022	epochs	3.0
1333.5055653054505	0.03119109999988723	epochs	2.0
1333.5055653054505	0.015623599999798898	epochs	3.0
1333.5211889054503	0.01556750000008833	epochs	3.0
1333.5367564054504	0.030968699999903038	epochs	2.0
1333.5367564054504	0.015511999999944237	epochs	3.0
1333.5522684054504	0.0154566999999588	epochs	3.0
1333.5677251054503	0.030749500000183616	epochs	2.0
1333.5677251054503	0.015401999999994587	epochs	3.0
1333.5831271054503	0.01534750000018903	epochs	3.0
1333.5984746054505	0.030533199999808858	epochs	2.0
1333.5984746054505	0.015293400000018664	epochs	3.0
1333.6137680054505	0.015239799999790193	epochs	3.0
1333.6290078054503	0.030320100000153616	epochs	2.0
1333.6290078054503	0.015186500000027081	epochs	3.0
1333.6441943054504	0.015133600000126535	epochs	3.0
1333.6593279054505	0.030109899999843037	epochs	2.0
1333.6593279054505	0.015081000000009226	epochs	3.0
1333.6744089054505	0.015028899999833811	epochs	3.0
1333.6894378054503	0.029902500000162036	epochs	2.0
1333.6894378054503	0.014977000000044427	epochs	3.0
1333.7044148054504	0.014925500000117609	epochs	3.0
1333.7193403054505	0.029698099999905025	epochs	2.0
1333.7193403054505	0.014874400000053356	epochs	3.0
1333.7342147054505	0.01482369999985167	epochs	3.0
1333.7490384054504	0.029496300000118936	epochs	2.0
1333.7490384054504	0.014773200000036013	epochs	3.0
1333.7638116054504	0.014723100000082923	epochs	3.0
1333.7785347054505	0.029297399999904883	epochs	2.0
1333.7785347054505	0.014673399999992398	epochs	3.0
1333.7932081054505	0.014623999999912485	epochs	3.0
1333.8078321054504	0.029101099999934377	epochs	2.0
1333.8078321054504	0.014574900000070556	epochs	3.0
1333.8224070054505	0.01452619999986382	epochs	3.0
1333.8369332054504	0.028907399999980044	epochs	2.0
1333.8369332054504	0.014477700000043114	epochs	3.0
1333.8514109054504	0.014429699999936929	epochs	3.0
1333.8658406054503	0.02871620000018993	epochs	2.0
1333.8658406054503	0.014381800000137446	epochs	3.0
1333.8802224054505	0.014334400000052483	epochs	3.0
1333.8945568054505	0.02852759999996124	epochs	2.0
1333.8945568054505	0.014287199999898803	epochs	3.0
1333.9088440054504	0.014240400000062436	epochs	3.0
1333.9230844054505	0.028341400000044814	epochs	2.0
1333.9230844054505	0.014193799999929979	epochs	3.0
1333.9372782054504	0.014147600000114835	epochs	3.0
1333.9514258054505	0.02815769999983786	epochs	2.0
1333.9514258054505	0.014101699999855555	epochs	3.0
1333.9655275054504	0.014055999999982305	epochs	3.0
1333.9795835054504	0.027976300000091214	epochs	2.0
1333.9795835054504	0.014010600000119666	epochs	3.0
1333.9935941054505	0.013965699999971548	epochs	3.0
1334.0075598054505	0.027797199999895383	epochs	2.0
1334.0075598054505	0.013920800000050804	epochs	3.0
1334.0214806054505	0.01387639999984458	epochs	3.0
1334.0353570054504	0.02762040000015986	epochs	2.0
1334.0353570054504	0.013832200000024386	epochs	3.0
1334.0491892054504	0.013788200000135475	epochs	3.0
1334.0629774054505	0.027445899999975154	epochs	2.0
1334.0629774054505	0.013744599999881757	epochs	3.0
1334.0767220054504	0.013701300000093397	epochs	3.0
1334.0904233054505	0.027273499999864725	epochs	2.0
1334.0904233054505	0.013658200000008947	epochs	3.0
1334.1040815054505	0.013615299999855779	epochs	3.0
1334.1176968054504	0.027103399999987232	epochs	2.0
1334.1176968054504	0.013572800000019924	epochs	3.0
1334.1312696054504	0.013530599999967308	epochs	3.0
1334.1448002054503	0.02693520000002536	epochs	2.0
1334.1448002054503	0.013488400000142065	epochs	3.0
1334.1582886054505	0.013446799999883297	epochs	3.0
1334.1717354054504	0.026769199999989723	epochs	2.0
1334.1717354054504	0.013405200000079276	epochs	3.0
1334.1851406054504	0.013363999999910448	epochs	3.0
1334.1985046054504	0.02660520000017641	epochs	2.0
1334.1985046054504	0.013322900000048321	epochs	3.0
1334.2118275054504	0.013282300000128089	epochs	3.0
1334.2251098054505	0.0264431999999033	epochs	2.0
1334.2251098054505	0.013241699999980483	epochs	3.0
1334.2383515054505	0.013201499999922817	epochs	3.0
1334.2515530054504	0.026283200000079887	epochs	2.0
1334.2515530054504	0.013161500000023807	epochs	3.0
1334.2647145054505	0.01312170000005608	epochs	3.0
1334.2778362054505	0.026124999999865395	epochs	2.0
1334.2778362054505	0.013082100000019636	epochs	3.0
1334.2909183054505	0.013042899999845758	epochs	3.0
1334.3039612054504	0.025968899999952555	epochs	2.0
1334.3039612054504	0.01300390000005791	epochs	3.0
1334.3169651054504	0.012964999999894644	epochs	3.0
1334.3299301054503	0.025814500000024054	epochs	2.0
1334.3299301054503	0.012926400000196736	epochs	3.0
1334.3428565054505	0.012888099999827318	epochs	3.0
1334.3557446054504	0.02566190000015922	epochs	2.0
1334.3557446054504	0.012849899999991976	epochs	3.0
1334.3685945054503	0.012812000000167245	epochs	3.0
1334.3814065054505	0.025511199999982637	epochs	2.0
1334.3814065054505	0.012774399999898378	epochs	3.0
1334.3941809054504	0.012736800000084258	epochs	3.0
1334.4069177054505	0.02536229999986972	epochs	2.0
1334.4069177054505	0.01269969999998466	epochs	3.0
1334.4196174054505	0.01266259999988506	epochs	3.0
1334.4322800054504	0.02521500000011656	epochs	2.0
1334.4322800054504	0.012625800000023446	epochs	3.0
1334.4449058054504	0.012589200000093115	epochs	3.0
1334.4574950054505	0.024584799999956886	epochs	2.0
1334.4811648054504	0.5	epochs	-1.0
1334.4820798054504	0.5022400000000289	epochs	1.0
1334.9843198054505	0.4976799999999457	epochs	0.0
1336.5419998168945	0.07807999999999993	epochs	0.0
1336.5419998168945	0.034042900000031295	epochs	1.0
1336.5760427168946	0.009994199999937337	epochs	1.0
1336.5860369168945	0.034042900000031295	epochs	1.0
1336.6200798168945	2.0	epochs	0.0
1338.6200798168945	5.361439999999902	epochs	0.0
1338.6200798168945	1.0	epochs	1.0
1338.6201248168945	0.5	epochs	-1.0
1339.1201248168945	4.861394999999902	epochs	-1.0
1339.6200798168945	4.361439999999902	epochs	1.0
1339.6200798168945	4.356753900000058	epochs	-1.0
1339.6200798168945	1.9745872000000873	epochs	2.0
1339.6200798168945	1.0985622000000603	epochs	3.0
1340.7186420168946	0.8760250000000269	epochs	3.0
1341.5946670168946	1.3524075000000266	epochs	2.0
1341.5946670168946	0.7286354999998821	epochs	3.0
1342.3233025168945	0.6237720000001445	epochs	3.0
1342.9470745168946	1.029759199999944	epochs	2.0
1342.9470745168946	0.5453292999998212	epochs	3.0
1343.4924038168945	0.48442990000012287	epochs	3.0
1343.9768337168946	0.004686099999844373	epochs	2.0
1343.9768337168946	0.004686099999844373	epochs	3.0
1343.9815198168944	16.638480000000072	epochs	0.0
1345.4390001296997	0.07807999999999993	epochs	0.0
1345.4390001296997	0.034042900000031295	epochs	1.0
1345.4730430296997	0.009994199999937337	epochs	1.0
1345.4830372296997	0.034042900000031295	epochs	1.0
1345.5170801296997	2.0	epochs	0.0
1347.5170801296997	21.542239999999993	epochs	0.0
1347.5170801296997	1.0	epochs	1.0
1347.5171251296997	0.5	epochs	-1.0
1348.0171251296997	19.998800000000074	epochs	-1.0
1348.5170801296997	20.0	epochs	1.0
1348.5170801296997	4.356753900000058	epochs	-1.0
1348.5170801296997	1.9745872000000873	epochs	2.0
1348.5170801296997	1.0985622000000603	epochs	3.0
1349.6156423296998	0.8760250000000269	epochs	3.0
1350.4916673296998	1.3524075000000266	epochs	2.0
1350.4916673296998	0.7286354999998821	epochs	3.0
1351.2203028296997	0.6237720000001445	epochs	3.0
1351.8440748296998	1.029759199999944	epochs	2.0
1351.8440748296998	0.5453292999998212	epochs	3.0
1352.3894041296996	0.48442990000012287	epochs	3.0
1352.8738340296998	0.8317861999998968	epochs	2.0
1352.8738340296998	0.4357763000000432	epochs	3.0
1353.3096103296998	0.3960098999998536	epochs	3.0
1353.7056202296997	0.6977970000000369	epochs	2.0
1353.7056202296997	0.3628982000000178	epochs	3.0
1354.0685184296997	0.33489880000001904	epochs	3.0
1354.4034172296997	0.601045699999986	epochs	2.0
1354.4034172296997	0.3109122999999272	epochs	3.0
1354.7143295296996	0.2901334000000588	epochs	3.0
1355.0044629296997	0.5278859000000011	epochs	2.0
1355.0044629296997	0.2719586000000618	epochs	3.0
1355.2764215296997	0.25592729999993935	epochs	3.0
1355.5323488296997	0.470619299999953	epochs	2.0
1355.5323488296997	0.241681299999982	epochs	3.0
1355.7740301296997	0.228937999999971	epochs	3.0
1356.0029681296996	0.42457039999999324	epochs	2.0
1356.0029681296996	0.21747140000002219	epochs	3.0
1356.2204395296997	0.20709899999997106	epochs	3.0
1356.4275385296996	0.3867354000001342	epochs	2.0
1356.4275385296996	0.19767109999997956	epochs	3.0
1356.6252096296996	0.18906430000015462	epochs	3.0
1356.8142739296998	0.35509529999990264	epochs	2.0
1356.8142739296998	0.18117589999997108	epochs	3.0
1356.9954498296997	0.17391939999993156	epochs	3.0
1357.1693692296997	0.3282431000000088	epochs	2.0
1357.1693692296997	0.16722189999995862	epochs	3.0
1357.3365911296996	0.16102120000005016	epochs	3.0
1357.4976123296997	0.30516800000009425	epochs	2.0
1357.4976123296997	0.15526390000013635	epochs	3.0
1357.6528762296998	0.1499040999999579	epochs	3.0
1357.8027803296998	0.28512529999989056	epochs	2.0
1357.8027803296998	0.14490209999985382	epochs	3.0
1357.9476824296996	0.14022320000003674	epochs	3.0
1358.0879056296997	0.267553800000087	epochs	2.0
1358.0879056296997	0.1358368999999584	epochs	3.0
1358.2237425296996	0.1317169000001286	epochs	3.0
1358.3554594296997	0.252022899999929	epochs	2.0
1358.3554594296997	0.1278393000000051	epochs	3.0
1358.4832987296998	0.1241835999999239	epochs	3.0
1358.6074823296997	0.23819649999995818	epochs	2.0
1358.6074823296997	0.12073110000005727	epochs	3.0
1358.7282134296997	0.11746539999990091	epochs	3.0
1358.8456788296996	0.2258088000000953	epochs	2.0
1358.8456788296996	0.11437190000015107	epochs	3.0
1358.9600507296998	0.11143689999994422	epochs	3.0
1359.0714876296997	0.21464599999990241	epochs	2.0
1359.0714876296997	0.10864889999993466	epochs	3.0
1359.1801365296997	0.10599709999996776	epochs	3.0
1359.2861336296996	0.20453500000007807	epochs	2.0
1359.2861336296996	0.10347150000006877	epochs	3.0
1359.3896051296997	0.1010635000000093	epochs	3.0
1359.4906686296997	0.19533400000000256	epochs	2.0
1359.4906686296997	0.09876510000003691	epochs	3.0
1359.5894337296997	0.09656889999996565	epochs	3.0
1359.6860026296997	0.18692529999998442	epochs	2.0
1359.6860026296997	0.09446830000001682	epochs	3.0
1359.7804709296997	0.09245699999996759	epochs	3.0
1359.8729279296997	0.1792107000001124	epochs	2.0
1359.8729279296997	0.0905296000000817	epochs	3.0
1359.9634575296998	0.08868110000003071	epochs	3.0
1360.0521386296998	0.17210769999996955	epochs	2.0
1360.0521386296998	0.08690629999978228	epochs	3.0
1360.1390449296996	0.08520140000018728	epochs	3.0
1360.2242463296998	0.16554640000003928	epochs	2.0
1360.2242463296998	0.08356189999994967	epochs	3.0
1360.3078082296997	0.08198450000008961	epochs	3.0
1360.3897927296998	0.15946709999980158	epochs	2.0
1360.3897927296998	0.08046539999986635	epochs	3.0
1360.4702581296997	0.07900169999993523	epochs	3.0
1360.5492598296996	0.15381840000009106	epochs	2.0
1360.5492598296996	0.07759010000017952	epochs	3.0
1360.6268499296998	0.07622829999991154	epochs	3.0
1360.7030782296997	0.14855639999996129	epochs	2.0
1360.7030782296997	0.07491329999993468	epochs	3.0
1360.7779915296996	0.0736431000000266	epochs	3.0
1360.8516346296997	0.14364240000008976	epochs	2.0
1360.8516346296997	0.07241500000009182	epochs	3.0
1360.9240496296998	0.07122739999999794	epochs	3.0
1360.9952770296998	0.13904309999998077	epochs	2.0
1360.9952770296998	0.07007799999996678	epochs	3.0
1361.0653550296997	0.06896510000001399	epochs	3.0
1361.1343201296997	0.13472929999988992	epochs	2.0
1361.1343201296997	0.0678871000000072	epochs	3.0
1361.2022072296998	0.06684219999988272	epochs	3.0
1361.2690494296996	0.1306752000000415	epochs	2.0
1361.2690494296996	0.06582909999997355	epochs	3.0
1361.3348785296996	0.06484610000006796	epochs	3.0
1361.3997246296997	0.1268577999999252	epochs	2.0
1361.3997246296997	0.06389200000012352	epochs	3.0
1361.4636166296998	0.06296579999980167	epochs	3.0
1361.5265824296996	0.12325720000012552	epochs	2.0
1361.5265824296996	0.06206580000002759	epochs	3.0
1361.5886482296996	0.06119140000009793	epochs	3.0
1361.6498396296997	0.11985540000000583	epochs	2.0
1361.6498396296997	0.060341099999959624	epochs	3.0
1361.7101807296997	0.059514300000046205	epochs	3.0
1361.7696950296997	0.1166361999999026	epochs	2.0
1361.7696950296997	0.058709599999929196	epochs	3.0
1361.8284046296997	0.057926599999973405	epochs	3.0
1361.8863312296996	0.11358560000007856	epochs	2.0
1361.8863312296996	0.05716419999998834	epochs	3.0
1361.9434954296996	0.056421400000090216	epochs	3.0
1361.9999168296997	0.11069049999991876	epochs	2.0
1361.9999168296997	0.055697900000041045	epochs	3.0
1362.0556147296998	0.05499259999987771	epochs	3.0
1362.1106073296996	0.1079391000000669	epochs	2.0
1362.1106073296996	0.05430490000003374	epochs	3.0
1362.1649122296997	0.05363420000003316	epochs	3.0
1362.2185464296997	0.10532149999994544	epochs	2.0
1362.2185464296997	0.05297999999993408	epochs	3.0
1362.2715264296996	0.052341500000011365	epochs	3.0
1362.3238679296996	0.10282759999995505	epochs	2.0
1362.3238679296996	0.05171810000001642	epochs	3.0
1362.3755860296997	0.051109499999938635	epochs	3.0
1362.4266955296996	0.10044910000010532	epochs	2.0
1362.4266955296996	0.050514900000052876	epochs	3.0
1362.4772104296997	0.04993420000005244	epochs	3.0
1362.5271446296997	0.0981782999999723	epochs	2.0
1362.5271446296997	0.04936659999998483	epochs	3.0
1362.5765112296997	0.04881169999998747	epochs	3.0
1362.6253229296997	0.09600780000005216	epochs	2.0
1362.6253229296997	0.04826920000004975	epochs	3.0
1362.6735921296997	0.04773860000000241	epochs	3.0
1362.7213307296997	0.09393120000004274	epochs	2.0
1362.7213307296997	0.04721949999998287	epochs	3.0
1362.7685502296997	0.046711700000059864	epochs	3.0
1362.8152619296998	0.09194260000003851	epochs	2.0
1362.8152619296998	0.046214599999984785	epochs	3.0
1362.8614765296998	0.045728000000053726	epochs	3.0
1362.9072045296998	0.09003629999983787	epochs	2.0
1362.9072045296998	0.045251499999949374	epochs	3.0
1362.9524560296998	0.04478479999988849	epochs	3.0
1362.9972408296996	0.08820760000003247	epochs	2.0
1362.9972408296996	0.044327800000019124	epochs	3.0
1363.0415686296997	0.04387980000001335	epochs	3.0
1363.0854484296997	0.0864516999999978	epochs	2.0
1363.0854484296997	0.04344100000002982	epochs	3.0
1363.1288894296997	0.04301069999996798	epochs	3.0
1363.1719001296997	0.08476429999996071	epochs	2.0
1363.1719001296997	0.04258900000013455	epochs	3.0
1363.2144891296998	0.042175299999826166	epochs	3.0
1363.2566644296996	0.08314150000001064	epochs	2.0
1363.2566644296996	0.04176970000003166	epochs	3.0
1363.2984341296997	0.041371799999978975	epochs	3.0
1363.3398059296997	0.08157970000002024	epochs	2.0
1363.3398059296997	0.040981399999964196	epochs	3.0
1363.3807873296996	0.04059830000005604	epochs	3.0
1363.4213856296997	0.08007550000002084	epochs	2.0
1363.4213856296997	0.040222300000095856	epochs	3.0
1363.4616079296998	0.03985319999992498	epochs	3.0
1363.5014611296997	0.07862569999997504	epochs	2.0
1363.5014611296997	0.039490800000066884	epochs	3.0
1363.5409519296998	0.03913489999990816	epochs	3.0
1363.5800868296997	0.07722760000001472	epochs	2.0
1363.5800868296997	0.038785400000051595	epochs	3.0
1363.6188722296997	0.03844219999996312	epochs	3.0
1363.6573144296997	0.07587820000003376	epochs	2.0
1363.6573144296997	0.03810479999992822	epochs	3.0
1363.6954192296996	0.03777340000010554	epochs	3.0
1363.7331926296997	0.0745752000000266	epochs	2.0
1363.7331926296997	0.03744770000002973	epochs	3.0
1363.7706403296997	0.03712749999999687	epochs	3.0
1363.8077678296997	0.07331629999998768	epochs	2.0
1363.8077678296997	0.03681289999985893	epochs	3.0
1363.8445807296996	0.03650340000012875	epochs	3.0
1363.8810841296997	0.07209899999998015	epochs	2.0
1363.8810841296997	0.03619909999997617	epochs	3.0
1363.9172832296997	0.03589990000000398	epochs	3.0
1363.9531831296997	0.07092170000009901	epochs	2.0
1363.9531831296997	0.03560560000005353	epochs	3.0
1363.9887887296998	0.03531610000004548	epochs	3.0
1364.0241048296998	0.06978199999980461	epochs	2.0
1364.0241048296998	0.03503119999982118	epochs	3.0
1364.0591360296996	0.03475079999998343	epochs	3.0
1364.0938868296996	0.06867860000011206	epochs	2.0
1364.0938868296996	0.03447510000000875	epochs	3.0
1364.1283619296996	0.034203500000103304	epochs	3.0
1364.1625654296997	0.06760929999995824	epochs	2.0
1364.1625654296997	0.033936199999970995	epochs	3.0
1364.1965016296997	0.033673099999987244	epochs	3.0
1364.2301747296997	0.06657289999998284	epochs	2.0
1364.2301747296997	0.03341399999999339	epochs	3.0
1364.2635887296997	0.033158899999989444	epochs	3.0
1364.2967476296997	0.06556780000005347	epochs	2.0
1364.2967476296997	0.03290770000012344	epochs	3.0
1364.3296553296998	0.032660099999930026	epochs	3.0
1364.3623154296997	0.06459259999996902	epochs	2.0
1364.3623154296997	0.03241639999987456	epochs	3.0
1364.3947318296996	0.03217620000009447	epochs	3.0
1364.4269080296997	0.06364600000006249	epochs	2.0
1364.4269080296997	0.03193959999998697	epochs	3.0
1364.4588476296997	0.03170640000007552	epochs	3.0
1364.4905540296998	0.0627266999999847	epochs	2.0
1364.4905540296998	0.031476599999905375	epochs	3.0
1364.5220306296997	0.03125010000007933	epochs	3.0
1364.5532807296997	0.06183359999999993	epochs	2.0
1364.5532807296997	0.03102689999991526	epochs	3.0
1364.5843076296997	0.030806700000084675	epochs	3.0
1364.6151143296997	0.060965599999917686	epochs	2.0
1364.6151143296997	0.030589799999916067	epochs	3.0
1364.6457041296997	0.030375800000001618	epochs	3.0
1364.6760799296997	0.06012160000000222	epochs	2.0
1364.6760799296997	0.030164900000045236	epochs	3.0
1364.7062448296997	0.02995669999995698	epochs	3.0
1364.7362015296997	0.05930069999999432	epochs	2.0
1364.7362015296997	0.029751600000054168	epochs	3.0
1364.7659531296997	0.029549099999940154	epochs	3.0
1364.7955022296997	0.058501800000158255	epochs	2.0
1364.7955022296997	0.02934940000000097	epochs	3.0
1364.8248516296997	0.029152400000157286	epochs	3.0
1364.8540040296998	0.05772419999993872	epochs	2.0
1364.8540040296998	0.028957999999875028	epochs	3.0
1364.8829620296997	0.02876620000006369	epochs	3.0
1364.9117282296997	0.05696710000006533	epochs	2.0
1364.9117282296997	0.028577000000041153	epochs	3.0
1364.9403052296998	0.028390100000024177	epochs	3.0
1364.9686953296998	0.05622949999997218	epochs	2.0
1364.9686953296998	0.028205699999944045	epochs	3.0
1364.9969010296998	0.028023800000028132	epochs	3.0
1365.0249248296998	0.05551070000001346	epochs	2.0
1365.0249248296998	0.027843999999959124	epochs	3.0
1365.0527688296997	0.027666700000054334	epochs	3.0
1365.0804355296998	0.054810200000019904	epochs	2.0
1365.0804355296998	0.02749149999999645	epochs	3.0
1365.1079270296998	0.027318700000023455	epochs	3.0
1365.1352457296998	0.054126999999880354	epochs	2.0
1365.1352457296998	0.027147799999966082	epochs	3.0
1365.1623935296998	0.026979199999914272	epochs	3.0
1365.1893727296997	0.053460699999959616	epochs	2.0
1365.1893727296997	0.026812600000084785	epochs	3.0
1365.2161853296998	0.02664809999987483	epochs	3.0
1365.2428334296997	0.05281070000000909	epochs	2.0
1365.2428334296997	0.026485600000114573	epochs	3.0
1365.2693190296998	0.02632509999989452	epochs	3.0
1365.2956441296997	0.05217620000007628	epochs	2.0
1365.2956441296997	0.026166399999965506	epochs	3.0
1365.3218105296996	0.026009800000110772	epochs	3.0
1365.3478203296997	0.051556699999991906	epochs	2.0
1365.3478203296997	0.025854799999933675	epochs	3.0
1365.3736751296997	0.02570190000005823	epochs	3.0
1365.3993770296997	0.05095189999997274	epochs	2.0
1365.3993770296997	0.025550699999939752	epochs	3.0
1365.4249277296997	0.025401200000032986	epochs	3.0
1365.4503289296997	0.05036100000006627	epochs	2.0
1365.4503289296997	0.025253499999962514	epochs	3.0
1365.4755824296997	0.025107500000103755	epochs	3.0
1365.5006899296998	0.04978379999988647	epochs	2.0
1365.5006899296998	0.02496320000000196	epochs	3.0
1365.5256531296998	0.024820599999884507	epochs	3.0
1365.5504737296997	0.04921949999993558	epochs	2.0
1365.5504737296997	0.024679399999968155	epochs	3.0
1365.5751531296996	0.024540099999967424	epochs	3.0
1365.5996932296996	0.04866790000005494	epochs	2.0
1365.5996932296996	0.024402100000088467	epochs	3.0
1365.6240953296997	0.024265799999966475	epochs	3.0
1365.6483611296997	0.04812860000015462	epochs	2.0
1365.6483611296997	0.024131000000124914	epochs	3.0
1365.6724921296998	0.023997600000029706	epochs	3.0
1365.6964897296998	0.04760109999983797	epochs	2.0
1365.6964897296998	0.02386579999983951	epochs	3.0
1365.7203555296996	0.02373529999999846	epochs	3.0
1365.7440908296996	0.04708500000015192	epochs	2.0
1365.7440908296996	0.023606299999983094	epochs	3.0
1365.7676971296996	0.02347870000016883	epochs	3.0
1365.7911758296998	0.046579999999948996	epochs	2.0
1365.7911758296998	0.023352499999873544	epochs	3.0
1365.8145283296997	0.02322750000007545	epochs	3.0
1365.8377558296997	0.046085700000048746	epochs	2.0
1365.8377558296997	0.02310399999987567	epochs	3.0
1365.8608598296996	0.022981700000173078	epochs	3.0
1365.8838415296998	0.045601799999985815	epochs	2.0
1365.8838415296998	0.02286069999991014	epochs	3.0
1365.9067022296997	0.022741100000075676	epochs	3.0
1365.9294433296998	0.045127899999897636	epochs	2.0
1365.9294433296998	0.022622499999897627	epochs	3.0
1365.9520658296997	0.02250540000000001	epochs	3.0
1365.9745712296997	0.0446638000000803	epochs	2.0
1365.9745712296997	0.02238929999998618	epochs	3.0
1365.9969605296997	0.022274500000094122	epochs	3.0
1366.0192350296998	0.044209199999841076	epochs	2.0
1366.0192350296998	0.022160799999937808	epochs	3.0
1366.0413958296997	0.022048399999903268	epochs	3.0
1366.0634442296996	0.04376360000014756	epochs	2.0
1366.0634442296996	0.021936900000127935	epochs	3.0
1366.0853811296997	0.021826700000019628	epochs	3.0
1366.1072078296997	0.04332709999994222	epochs	2.0
1366.1072078296997	0.021717599999874437	epochs	3.0
1366.1289254296996	0.021609500000067783	epochs	3.0
1366.1505349296997	0.04289900000003399	epochs	2.0
1366.1505349296997	0.02150249999999687	epochs	3.0
1366.1720374296997	0.021396500000037122	epochs	3.0
1366.1934339296997	0.04247949999989942	epochs	2.0
1366.1934339296997	0.021291699999892444	epochs	3.0
1366.2147256296996	0.021187800000006973	epochs	3.0
1366.2359134296996	0.04206790000012006	epochs	2.0
1366.2359134296996	0.02108490000000529	epochs	3.0
1366.2569983296996	0.02098300000011477	epochs	3.0
1366.2779813296997	0.04166439999994509	epochs	2.0
1366.2779813296997	0.020882199999959994	epochs	3.0
1366.2988635296997	0.020782199999985096	epochs	3.0
1366.3196457296997	0.04126850000011473	epochs	2.0
1366.3196457296997	0.020683299999973315	epochs	3.0
1366.3403290296997	0.020585200000141413	epochs	3.0
1366.3609142296998	0.04088000000001557	epochs	2.0
1366.3609142296998	0.020488099999965925	epochs	3.0
1366.3814023296998	0.020391900000049645	epochs	3.0
1366.4017942296998	0.040498799999795665	epochs	2.0
1366.4017942296998	0.020296599999937825	epochs	3.0
1366.4220908296998	0.02020219999985784	epochs	3.0
1366.4422930296996	0.04012460000012652	epochs	2.0
1366.4422930296996	0.02010870000003706	epochs	3.0
1366.4624017296996	0.02001590000008946	epochs	3.0
1366.4824176296997	0.03975730000001931	epochs	2.0
1366.4824176296997	0.0199241999998776	epochs	3.0
1366.5023418296996	0.019833100000141712	epochs	3.0
1366.5221749296998	0.03939669999999751	epochs	2.0
1366.5221749296998	0.019742999999834865	epochs	3.0
1366.5419179296996	0.019653700000162644	epochs	3.0
1366.5615716296998	0.03904239999997117	epochs	2.0
1366.5615716296998	0.019565099999908853	epochs	3.0
1366.5811367296997	0.019477300000062314	epochs	3.0
1366.6006140296997	0.03869459999987157	epochs	2.0
1366.6006140296997	0.019390400000020236	epochs	3.0
1366.6200044296997	0.019304199999851335	epochs	3.0
1366.6393086296996	0.03835290000006353	epochs	2.0
1366.6393086296996	0.019218800000089686	epochs	3.0
1366.6585274296997	0.01913409999997384	epochs	3.0
1366.6776615296997	0.03801720000001296	epochs	2.0
1366.6776615296997	0.019050200000037876	epochs	3.0
1366.6967117296997	0.018966999999975087	epochs	3.0
1366.7156787296997	0.03768719999993664	epochs	2.0
1366.7156787296997	0.01888450000001285	epochs	3.0
1366.7345632296997	0.01880269999992379	epochs	3.0
1366.7533659296996	0.03736309999999321	epochs	2.0
1366.7533659296996	0.018721700000014607	epochs	3.0
1366.7720876296996	0.018641399999978603	epochs	3.0
1366.7907290296996	0.037044300000161456	epochs	2.0
1366.7907290296996	0.018561600000111866	epochs	3.0
1366.8092906296997	0.01848270000004959	epochs	3.0
1366.8277733296998	0.03673099999991791	epochs	2.0
1366.8277733296998	0.018404299999929208	epochs	3.0
1366.8461776296997	0.018326699999988705	epochs	3.0
1366.8645043296997	0.03642289999993409	epochs	2.0
1366.8645043296997	0.018249599999990096	epochs	3.0
1366.8827539296997	0.018173299999943993	epochs	3.0
1366.9009272296996	0.03612010000006194	epochs	2.0
1366.9009272296996	0.018097600000146485	epochs	3.0
1366.9190248296998	0.018022499999915453	epochs	3.0
1366.9370473296997	0.035822100000132195	epochs	2.0
1366.9370473296997	0.017947900000081063	epochs	3.0
1366.9549952296998	0.017874200000051133	epochs	3.0
1366.9728694296998	0.03552899999999681	epochs	2.0
1366.9728694296998	0.01780079999980444	epochs	3.0
1366.9906702296996	0.017728200000192373	epochs	3.0
1367.0083984296998	0.03524069999980384	epochs	2.0
1367.0083984296998	0.01765609999984008	epochs	3.0
1367.0260545296996	0.017584599999963757	epochs	3.0
1367.0436391296996	0.03495710000015606	epochs	2.0
1367.0436391296996	0.017513700000108656	epochs	3.0
1367.0611528296997	0.017443400000047404	epochs	3.0
1367.0785962296998	0.034677899999906	epochs	2.0
1367.0785962296998	0.017373599999928047	epochs	3.0
1367.0959698296997	0.017304299999977957	epochs	3.0
1367.1132741296997	0.03440330000012182	epochs	2.0
1367.1132741296997	0.017235700000128418	epochs	3.0
1367.1305098296998	0.0171675999999934	epochs	3.0
1367.1476774296998	0.03413279999995211	epochs	2.0
1367.1476774296998	0.01709989999994832	epochs	3.0
1367.1647773296997	0.017032900000003792	epochs	3.0
1367.1818102296997	0.03386669999986225	epochs	2.0
1367.1818102296997	0.01696640000000116	epochs	3.0
1367.1987766296998	0.01690029999986109	epochs	3.0
1367.2156769296996	0.03360459999998966	epochs	2.0
1367.2156769296996	0.016834800000196992	epochs	3.0
1367.2325117296998	0.016769799999792667	epochs	3.0
1367.2492815296996	0.0333466000001863	epochs	2.0
1367.2492815296996	0.016705300000012357	epochs	3.0
1367.2659868296996	0.016641300000173942	epochs	3.0
1367.2826281296998	0.033092499999838765	epochs	2.0
1367.2826281296998	0.016577799999822673	epochs	3.0
1367.2992059296996	0.01651470000001609	epochs	3.0
1367.3157206296996	0.032842300000083924	epochs	2.0
1367.3157206296996	0.01645220000000336	epochs	3.0
1367.3321728296996	0.016390100000080565	epochs	3.0
1367.3485629296997	0.03259570000000167	epochs	2.0
1367.3485629296997	0.016328400000020338	epochs	3.0
1367.3648913296997	0.016267299999981333	epochs	3.0
1367.3811586296997	0.032352899999978035	epochs	2.0
1367.3811586296997	0.016206600000032267	epochs	3.0
1367.3973652296997	0.016146299999945768	epochs	3.0
1367.4135115296997	0.032113700000081735	epochs	2.0
1367.4135115296997	0.016086600000107865	epochs	3.0
1367.4295981296998	0.01602709999997387	epochs	3.0
1367.4456252296998	0.03187800000000607	epochs	2.0
1367.4456252296998	0.0159681999998611	epochs	3.0
1367.4615934296996	0.01590980000014497	epochs	3.0
1367.4775032296998	0.03164569999989908	epochs	2.0
1367.4775032296998	0.015851599999905375	epochs	3.0
1367.4933548296997	0.015794099999993705	epochs	3.0
1367.5091489296997	0.03141670000013619	epochs	2.0
1367.5091489296997	0.01573669999993399	epochs	3.0
1367.5248856296996	0.0156800000002022	epochs	3.0
1367.5405656296998	0.03119109999988723	epochs	2.0
1367.5405656296998	0.015623599999798898	epochs	3.0
1367.5561892296996	0.01556750000008833	epochs	3.0
1367.5717567296997	0.030968699999903038	epochs	2.0
1367.5717567296997	0.015511999999944237	epochs	3.0
1367.5872687296996	0.0154566999999588	epochs	3.0
1367.6027254296996	0.030749500000183616	epochs	2.0
1367.6027254296996	0.015401999999994587	epochs	3.0
1367.6181274296996	0.01534750000018903	epochs	3.0
1367.6334749296998	0.030533199999808858	epochs	2.0
1367.6334749296998	0.015293400000018664	epochs	3.0
1367.6487683296998	0.015239799999790193	epochs	3.0
1367.6640081296996	0.030320100000153616	epochs	2.0
1367.6640081296996	0.015186500000027081	epochs	3.0
1367.6791946296996	0.015133600000126535	epochs	3.0
1367.6943282296997	0.030109899999843037	epochs	2.0
1367.6943282296997	0.015081000000009226	epochs	3.0
1367.7094092296998	0.015028899999833811	epochs	3.0
1367.7244381296996	0.029902500000162036	epochs	2.0
1367.7244381296996	0.014977000000044427	epochs	3.0
1367.7394151296996	0.014925500000117609	epochs	3.0
1367.7543406296998	0.029698099999905025	epochs	2.0
1367.7543406296998	0.014874400000053356	epochs	3.0
1367.7692150296998	0.01482369999985167	epochs	3.0
1367.7840387296997	0.029496300000118936	epochs	2.0
1367.7840387296997	0.014773200000036013	epochs	3.0
1367.7988119296997	0.014723100000082923	epochs	3.0
1367.8135350296998	0.029297399999904883	epochs	2.0
1367.8135350296998	0.014673399999992398	epochs	3.0
1367.8282084296998	0.014623999999912485	epochs	3.0
1367.8428324296997	0.029101099999934377	epochs	2.0
1367.8428324296997	0.014574900000070556	epochs	3.0
1367.8574073296998	0.01452619999986382	epochs	3.0
1367.8719335296996	0.028907399999980044	epochs	2.0
1367.8719335296996	0.014477700000043114	epochs	3.0
1367.8864112296997	0.014429699999936929	epochs	3.0
1367.9008409296996	0.02871620000018993	epochs	2.0
1367.9008409296996	0.014381800000137446	epochs	3.0
1367.9152227296997	0.014334400000052483	epochs	3.0
1367.9295571296998	0.02852759999996124	epochs	2.0
1367.9295571296998	0.014287199999898803	epochs	3.0
1367.9438443296997	0.014240400000062436	epochs	3.0
1367.9580847296997	0.028341400000044814	epochs	2.0
1367.9580847296997	0.014193799999929979	epochs	3.0
1367.9722785296997	0.014147600000114835	epochs	3.0
1367.9864261296998	0.02815769999983786	epochs	2.0
1367.9864261296998	0.014101699999855555	epochs	3.0
1368.0005278296996	0.014055999999982305	epochs	3.0
1368.0145838296996	0.027976300000091214	epochs	2.0
1368.0145838296996	0.014010600000119666	epochs	3.0
1368.0285944296998	0.013965699999971548	epochs	3.0
1368.0425601296997	0.027797199999895383	epochs	2.0
1368.0425601296997	0.013920800000050804	epochs	3.0
1368.0564809296998	0.01387639999984458	epochs	3.0
1368.0703573296996	0.02762040000015986	epochs	2.0
1368.0703573296996	0.013832200000024386	epochs	3.0
1368.0841895296996	0.013788200000135475	epochs	3.0
1368.0979777296998	0.027445899999975154	epochs	2.0
1368.0979777296998	0.013744599999881757	epochs	3.0
1368.1117223296997	0.013701300000093397	epochs	3.0
1368.1254236296998	0.027273499999864725	epochs	2.0
1368.1254236296998	0.013658200000008947	epochs	3.0
1368.1390818296998	0.013615299999855779	epochs	3.0
1368.1526971296996	0.027103399999987232	epochs	2.0
1368.1526971296996	0.013572800000019924	epochs	3.0
1368.1662699296996	0.013530599999967308	epochs	3.0
1368.1798005296996	0.02693520000002536	epochs	2.0
1368.1798005296996	0.013488400000142065	epochs	3.0
1368.1932889296997	0.013446799999883297	epochs	3.0
1368.2067357296996	0.026769199999989723	epochs	2.0
1368.2067357296996	0.013405200000079276	epochs	3.0
1368.2201409296997	0.013363999999910448	epochs	3.0
1368.2335049296996	0.02660520000017641	epochs	2.0
1368.2335049296996	0.013322900000048321	epochs	3.0
1368.2468278296997	0.013282300000128089	epochs	3.0
1368.2601101296998	0.0264431999999033	epochs	2.0
1368.2601101296998	0.013241699999980483	epochs	3.0
1368.2733518296998	0.013201499999922817	epochs	3.0
1368.2865533296997	0.026283200000079887	epochs	2.0
1368.2865533296997	0.013161500000023807	epochs	3.0
1368.2997148296997	0.01312170000005608	epochs	3.0
1368.3128365296998	0.026124999999865395	epochs	2.0
1368.3128365296998	0.013082100000019636	epochs	3.0
1368.3259186296998	0.013042899999845758	epochs	3.0
1368.3389615296996	0.025968899999952555	epochs	2.0
1368.3389615296996	0.01300390000005791	epochs	3.0
1368.3519654296997	0.012964999999894644	epochs	3.0
1368.3649304296996	0.025814500000024054	epochs	2.0
1368.3649304296996	0.012926400000196736	epochs	3.0
1368.3778568296998	0.012888099999827318	epochs	3.0
1368.3907449296996	0.02566190000015922	epochs	2.0
1368.3907449296996	0.012849899999991976	epochs	3.0
1368.4035948296996	0.012812000000167245	epochs	3.0
1368.4164068296998	0.025511199999982637	epochs	2.0
1368.4164068296998	0.012774399999898378	epochs	3.0
1368.4291812296997	0.012736800000084258	epochs	3.0
1368.4419180296998	0.02536229999986972	epochs	2.0
1368.4419180296998	0.01269969999998466	epochs	3.0
1368.4546177296997	0.01266259999988506	epochs	3.0
1368.4672803296996	0.02521500000011656	epochs	2.0
1368.4672803296996	0.012625800000023446	epochs	3.0
1368.4799061296997	0.012589200000093115	epochs	3.0
1368.4924953296998	0.024584799999956886	epochs	2.0
1368.5159251296998	0.5	epochs	-1.0
1368.5170801296997	0.5422399999999925	epochs	1.0
1369.0593201296997	0.4576799999999821	epochs	0.0
1370.5679998397827	0.07807999999999993	epochs	0.0
1370.5679998397827	0.034042900000031295	epochs	1.0
1370.6020427397827	0.009994199999937337	epochs	1.0
1370.6120369397827	0.034042900000031295	epochs	1.0
1370.6460798397827	2.0	epochs	0.0
1372.6460798397827	21.501760000000104	epochs	0.0
1372.6460798397827	1.0	epochs	1.0
1372.6461248397827	0.5	epochs	-1.0
1373.1461248397827	19.998800000000074	epochs	-1.0
1373.6460798397827	20.0	epochs	1.0
1373.6460798397827	4.356753900000058	epochs	-1.0
1373.6460798397827	1.9745872000000873	epochs	2.0
1373.6460798397827	1.0985622000000603	epochs	3.0
1374.7446420397828	0.8760250000000269	epochs	3.0
1375.6206670397828	1.3524075000000266	epochs	2.0
1375.6206670397828	0.7286354999998821	epochs	3.0
1376.3493025397827	0.6237720000001445	epochs	3.0
1376.9730745397828	1.029759199999944	epochs	2.0
1376.9730745397828	0.5453292999998212	epochs	3.0
1377.5184038397826	0.48442990000012287	epochs	3.0
1378.0028337397828	0.8317861999998968	epochs	2.0
1378.0028337397828	0.4357763000000432	epochs	3.0
1378.4386100397828	0.3960098999998536	epochs	3.0
1378.8346199397827	0.6977970000000369	epochs	2.0
1378.8346199397827	0.3628982000000178	epochs	3.0
1379.1975181397827	0.33489880000001904	epochs	3.0
1379.5324169397827	0.601045699999986	epochs	2.0
1379.5324169397827	0.3109122999999272	epochs	3.0
1379.8433292397826	0.2901334000000588	epochs	3.0
1380.1334626397827	0.5278859000000011	epochs	2.0
1380.1334626397827	0.2719586000000618	epochs	3.0
1380.4054212397828	0.25592729999993935	epochs	3.0
1380.6613485397827	0.470619299999953	epochs	2.0
1380.6613485397827	0.241681299999982	epochs	3.0
1380.9030298397827	0.228937999999971	epochs	3.0
1381.1319678397826	0.42457039999999324	epochs	2.0
1381.1319678397826	0.21747140000002219	epochs	3.0
1381.3494392397827	0.20709899999997106	epochs	3.0
1381.5565382397826	0.3867354000001342	epochs	2.0
1381.5565382397826	0.19767109999997956	epochs	3.0
1381.7542093397826	0.18906430000015462	epochs	3.0
1381.9432736397828	0.35509529999990264	epochs	2.0
1381.9432736397828	0.18117589999997108	epochs	3.0
1382.1244495397827	0.17391939999993156	epochs	3.0
1382.2983689397827	0.3282431000000088	epochs	2.0
1382.2983689397827	0.16722189999995862	epochs	3.0
1382.4655908397826	0.16102120000005016	epochs	3.0
1382.6266120397827	0.30516800000009425	epochs	2.0
1382.6266120397827	0.15526390000013635	epochs	3.0
1382.7818759397828	0.1499040999999579	epochs	3.0
1382.9317800397828	0.28512529999989056	epochs	2.0
1382.9317800397828	0.14490209999985382	epochs	3.0
1383.0766821397826	0.14022320000003674	epochs	3.0
1383.2169053397827	0.267553800000087	epochs	2.0
1383.2169053397827	0.1358368999999584	epochs	3.0
1383.3527422397826	0.1317169000001286	epochs	3.0
1383.4844591397828	0.252022899999929	epochs	2.0
1383.4844591397828	0.1278393000000051	epochs	3.0
1383.6122984397828	0.1241835999999239	epochs	3.0
1383.7364820397827	0.23819649999995818	epochs	2.0
1383.7364820397827	0.12073110000005727	epochs	3.0
1383.8572131397827	0.11746539999990091	epochs	3.0
1383.9746785397826	0.2258088000000953	epochs	2.0
1383.9746785397826	0.11437190000015107	epochs	3.0
1384.0890504397828	0.11143689999994422	epochs	3.0
1384.2004873397827	0.21464599999990241	epochs	2.0
1384.2004873397827	0.10864889999993466	epochs	3.0
1384.3091362397827	0.10599709999996776	epochs	3.0
1384.4151333397826	0.20453500000007807	epochs	2.0
1384.4151333397826	0.10347150000006877	epochs	3.0
1384.5186048397827	0.1010635000000093	epochs	3.0
1384.6196683397827	0.19533400000000256	epochs	2.0
1384.6196683397827	0.09876510000003691	epochs	3.0
1384.7184334397828	0.09656889999996565	epochs	3.0
1384.8150023397827	0.18692529999998442	epochs	2.0
1384.8150023397827	0.09446830000001682	epochs	3.0
1384.9094706397827	0.09245699999996759	epochs	3.0
1385.0019276397827	0.1792107000001124	epochs	2.0
1385.0019276397827	0.0905296000000817	epochs	3.0
1385.0924572397828	0.08868110000003071	epochs	3.0
1385.1811383397828	0.17210769999996955	epochs	2.0
1385.1811383397828	0.08690629999978228	epochs	3.0
1385.2680446397826	0.08520140000018728	epochs	3.0
1385.3532460397828	0.16554640000003928	epochs	2.0
1385.3532460397828	0.08356189999994967	epochs	3.0
1385.4368079397827	0.08198450000008961	epochs	3.0
1385.5187924397828	0.15946709999980158	epochs	2.0
1385.5187924397828	0.08046539999986635	epochs	3.0
1385.5992578397827	0.07900169999993523	epochs	3.0
1385.6782595397826	0.15381840000009106	epochs	2.0
1385.6782595397826	0.07759010000017952	epochs	3.0
1385.7558496397828	0.07622829999991154	epochs	3.0
1385.8320779397827	0.14855639999996129	epochs	2.0
1385.8320779397827	0.07491329999993468	epochs	3.0
1385.9069912397827	0.0736431000000266	epochs	3.0
1385.9806343397827	0.14364240000008976	epochs	2.0
1385.9806343397827	0.07241500000009182	epochs	3.0
1386.0530493397828	0.07122739999999794	epochs	3.0
1386.1242767397828	0.13904309999998077	epochs	2.0
1386.1242767397828	0.07007799999996678	epochs	3.0
1386.1943547397827	0.06896510000001399	epochs	3.0
1386.2633198397828	0.13472929999988992	epochs	2.0
1386.2633198397828	0.0678871000000072	epochs	3.0
1386.3312069397828	0.06684219999988272	epochs	3.0
1386.3980491397826	0.1306752000000415	epochs	2.0
1386.3980491397826	0.06582909999997355	epochs	3.0
1386.4638782397826	0.06484610000006796	epochs	3.0
1386.5287243397827	0.1268577999999252	epochs	2.0
1386.5287243397827	0.06389200000012352	epochs	3.0
1386.5926163397828	0.06296579999980167	epochs	3.0
1386.6555821397826	0.12325720000012552	epochs	2.0
1386.6555821397826	0.06206580000002759	epochs	3.0
1386.7176479397826	0.06119140000009793	epochs	3.0
1386.7788393397827	0.11985540000000583	epochs	2.0
1386.7788393397827	0.060341099999959624	epochs	3.0
1386.8391804397827	0.059514300000046205	epochs	3.0
1386.8986947397827	0.1166361999999026	epochs	2.0
1386.8986947397827	0.058709599999929196	epochs	3.0
1386.9574043397827	0.057926599999973405	epochs	3.0
1387.0153309397826	0.11358560000007856	epochs	2.0
1387.0153309397826	0.05716419999998834	epochs	3.0
1387.0724951397826	0.056421400000090216	epochs	3.0
1387.1289165397827	0.11069049999991876	epochs	2.0
1387.1289165397827	0.055697900000041045	epochs	3.0
1387.1846144397828	0.05499259999987771	epochs	3.0
1387.2396070397826	0.1079391000000669	epochs	2.0
1387.2396070397826	0.05430490000003374	epochs	3.0
1387.2939119397827	0.05363420000003316	epochs	3.0
1387.3475461397827	0.10532149999994544	epochs	2.0
1387.3475461397827	0.05297999999993408	epochs	3.0
1387.4005261397826	0.052341500000011365	epochs	3.0
1387.4528676397827	0.10282759999995505	epochs	2.0
1387.4528676397827	0.05171810000001642	epochs	3.0
1387.5045857397827	0.051109499999938635	epochs	3.0
1387.5556952397826	0.10044910000010532	epochs	2.0
1387.5556952397826	0.050514900000052876	epochs	3.0
1387.6062101397827	0.04993420000005244	epochs	3.0
1387.6561443397827	0.0981782999999723	epochs	2.0
1387.6561443397827	0.04936659999998483	epochs	3.0
1387.7055109397827	0.04881169999998747	epochs	3.0
1387.7543226397827	0.09600780000005216	epochs	2.0
1387.7543226397827	0.04826920000004975	epochs	3.0
1387.8025918397827	0.04773860000000241	epochs	3.0
1387.8503304397827	0.09393120000004274	epochs	2.0
1387.8503304397827	0.04721949999998287	epochs	3.0
1387.8975499397827	0.046711700000059864	epochs	3.0
1387.9442616397828	0.09194260000003851	epochs	2.0
1387.9442616397828	0.046214599999984785	epochs	3.0
1387.9904762397828	0.045728000000053726	epochs	3.0
1388.0362042397828	0.09003629999983787	epochs	2.0
1388.0362042397828	0.045251499999949374	epochs	3.0
1388.0814557397828	0.04478479999988849	epochs	3.0
1388.1262405397827	0.08820760000003247	epochs	2.0
1388.1262405397827	0.044327800000019124	epochs	3.0
1388.1705683397827	0.04387980000001335	epochs	3.0
1388.2144481397827	0.0864516999999978	epochs	2.0
1388.2144481397827	0.04344100000002982	epochs	3.0
1388.2578891397827	0.04301069999996798	epochs	3.0
1388.3008998397827	0.08476429999996071	epochs	2.0
1388.3008998397827	0.04258900000013455	epochs	3.0
1388.3434888397828	0.042175299999826166	epochs	3.0
1388.3856641397826	0.08314150000001064	epochs	2.0
1388.3856641397826	0.04176970000003166	epochs	3.0
1388.4274338397827	0.041371799999978975	epochs	3.0
1388.4688056397827	0.08157970000002024	epochs	2.0
1388.4688056397827	0.040981399999964196	epochs	3.0
1388.5097870397826	0.04059830000005604	epochs	3.0
1388.5503853397827	0.08007550000002084	epochs	2.0
1388.5503853397827	0.040222300000095856	epochs	3.0
1388.5906076397828	0.03985319999992498	epochs	3.0
1388.6304608397827	0.07862569999997504	epochs	2.0
1388.6304608397827	0.039490800000066884	epochs	3.0
1388.6699516397828	0.03913489999990816	epochs	3.0
1388.7090865397827	0.07722760000001472	epochs	2.0
1388.7090865397827	0.038785400000051595	epochs	3.0
1388.7478719397827	0.03844219999996312	epochs	3.0
1388.7863141397827	0.07587820000003376	epochs	2.0
1388.7863141397827	0.03810479999992822	epochs	3.0
1388.8244189397826	0.03777340000010554	epochs	3.0
1388.8621923397827	0.0745752000000266	epochs	2.0
1388.8621923397827	0.03744770000002973	epochs	3.0
1388.8996400397828	0.03712749999999687	epochs	3.0
1388.9367675397827	0.07331629999998768	epochs	2.0
1388.9367675397827	0.03681289999985893	epochs	3.0
1388.9735804397826	0.03650340000012875	epochs	3.0
1389.0100838397827	0.07209899999998015	epochs	2.0
1389.0100838397827	0.03619909999997617	epochs	3.0
1389.0462829397827	0.03589990000000398	epochs	3.0
1389.0821828397827	0.07092170000009901	epochs	2.0
1389.0821828397827	0.03560560000005353	epochs	3.0
1389.1177884397828	0.03531610000004548	epochs	3.0
1389.1531045397828	0.06978199999980461	epochs	2.0
1389.1531045397828	0.03503119999982118	epochs	3.0
1389.1881357397826	0.03475079999998343	epochs	3.0
1389.2228865397826	0.06867860000011206	epochs	2.0
1389.2228865397826	0.03447510000000875	epochs	3.0
1389.2573616397826	0.034203500000103304	epochs	3.0
1389.2915651397827	0.06760929999995824	epochs	2.0
1389.2915651397827	0.033936199999970995	epochs	3.0
1389.3255013397827	0.033673099999987244	epochs	3.0
1389.3591744397827	0.06657289999998284	epochs	2.0
1389.3591744397827	0.03341399999999339	epochs	3.0
1389.3925884397827	0.033158899999989444	epochs	3.0
1389.4257473397827	0.06556780000005347	epochs	2.0
1389.4257473397827	0.03290770000012344	epochs	3.0
1389.4586550397828	0.032660099999930026	epochs	3.0
1389.4913151397827	0.06459259999996902	epochs	2.0
1389.4913151397827	0.03241639999987456	epochs	3.0
1389.5237315397826	0.03217620000009447	epochs	3.0
1389.5559077397827	0.06364600000006249	epochs	2.0
1389.5559077397827	0.03193959999998697	epochs	3.0
1389.5878473397827	0.03170640000007552	epochs	3.0
1389.6195537397828	0.0627266999999847	epochs	2.0
1389.6195537397828	0.031476599999905375	epochs	3.0
1389.6510303397827	0.03125010000007933	epochs	3.0
1389.6822804397827	0.06183359999999993	epochs	2.0
1389.6822804397827	0.03102689999991526	epochs	3.0
1389.7133073397827	0.030806700000084675	epochs	3.0
1389.7441140397827	0.060965599999917686	epochs	2.0
1389.7441140397827	0.030589799999916067	epochs	3.0
1389.7747038397827	0.030375800000001618	epochs	3.0
1389.8050796397827	0.06012160000000222	epochs	2.0
1389.8050796397827	0.030164900000045236	epochs	3.0
1389.8352445397827	0.02995669999995698	epochs	3.0
1389.8652012397827	0.05930069999999432	epochs	2.0
1389.8652012397827	0.029751600000054168	epochs	3.0
1389.8949528397827	0.029549099999940154	epochs	3.0
1389.9245019397827	0.058501800000158255	epochs	2.0
1389.9245019397827	0.02934940000000097	epochs	3.0
1389.9538513397827	0.029152400000157286	epochs	3.0
1389.9830037397828	0.05772419999993872	epochs	2.0
1389.9830037397828	0.028957999999875028	epochs	3.0
1390.0119617397827	0.02876620000006369	epochs	3.0
1390.0407279397828	0.05696710000006533	epochs	2.0
1390.0407279397828	0.028577000000041153	epochs	3.0
1390.0693049397828	0.028390100000024177	epochs	3.0
1390.0976950397828	0.05622949999997218	epochs	2.0
1390.0976950397828	0.028205699999944045	epochs	3.0
1390.1259007397828	0.028023800000028132	epochs	3.0
1390.1539245397828	0.05551070000001346	epochs	2.0
1390.1539245397828	0.027843999999959124	epochs	3.0
1390.1817685397828	0.027666700000054334	epochs	3.0
1390.2094352397828	0.054810200000019904	epochs	2.0
1390.2094352397828	0.02749149999999645	epochs	3.0
1390.2369267397828	0.027318700000023455	epochs	3.0
1390.2642454397828	0.054126999999880354	epochs	2.0
1390.2642454397828	0.027147799999966082	epochs	3.0
1390.2913932397828	0.026979199999914272	epochs	3.0
1390.3183724397827	0.053460699999959616	epochs	2.0
1390.3183724397827	0.026812600000084785	epochs	3.0
1390.3451850397828	0.02664809999987483	epochs	3.0
1390.3718331397827	0.05281070000000909	epochs	2.0
1390.3718331397827	0.026485600000114573	epochs	3.0
1390.3983187397828	0.02632509999989452	epochs	3.0
1390.4246438397827	0.05217620000007628	epochs	2.0
1390.4246438397827	0.026166399999965506	epochs	3.0
1390.4508102397826	0.026009800000110772	epochs	3.0
1390.4768200397828	0.051556699999991906	epochs	2.0
1390.4768200397828	0.025854799999933675	epochs	3.0
1390.5026748397827	0.02570190000005823	epochs	3.0
1390.5283767397827	0.05095189999997274	epochs	2.0
1390.5283767397827	0.025550699999939752	epochs	3.0
1390.5539274397827	0.025401200000032986	epochs	3.0
1390.5793286397827	0.05036100000006627	epochs	2.0
1390.5793286397827	0.025253499999962514	epochs	3.0
1390.6045821397827	0.025107500000103755	epochs	3.0
1390.6296896397828	0.04978379999988647	epochs	2.0
1390.6296896397828	0.02496320000000196	epochs	3.0
1390.6546528397828	0.024820599999884507	epochs	3.0
1390.6794734397827	0.04921949999993558	epochs	2.0
1390.6794734397827	0.024679399999968155	epochs	3.0
1390.7041528397826	0.024540099999967424	epochs	3.0
1390.7286929397826	0.04866790000005494	epochs	2.0
1390.7286929397826	0.024402100000088467	epochs	3.0
1390.7530950397827	0.024265799999966475	epochs	3.0
1390.7773608397827	0.04812860000015462	epochs	2.0
1390.7773608397827	0.024131000000124914	epochs	3.0
1390.8014918397828	0.023997600000029706	epochs	3.0
1390.8254894397828	0.04760109999983797	epochs	2.0
1390.8254894397828	0.02386579999983951	epochs	3.0
1390.8493552397827	0.02373529999999846	epochs	3.0
1390.8730905397827	0.04708500000015192	epochs	2.0
1390.8730905397827	0.023606299999983094	epochs	3.0
1390.8966968397826	0.02347870000016883	epochs	3.0
1390.9201755397828	0.046579999999948996	epochs	2.0
1390.9201755397828	0.023352499999873544	epochs	3.0
1390.9435280397827	0.02322750000007545	epochs	3.0
1390.9667555397828	0.046085700000048746	epochs	2.0
1390.9667555397828	0.02310399999987567	epochs	3.0
1390.9898595397826	0.022981700000173078	epochs	3.0
1391.0128412397828	0.045601799999985815	epochs	2.0
1391.0128412397828	0.02286069999991014	epochs	3.0
1391.0357019397827	0.022741100000075676	epochs	3.0
1391.0584430397828	0.045127899999897636	epochs	2.0
1391.0584430397828	0.022622499999897627	epochs	3.0
1391.0810655397827	0.02250540000000001	epochs	3.0
1391.1035709397827	0.0446638000000803	epochs	2.0
1391.1035709397827	0.02238929999998618	epochs	3.0
1391.1259602397827	0.022274500000094122	epochs	3.0
1391.1482347397828	0.044209199999841076	epochs	2.0
1391.1482347397828	0.022160799999937808	epochs	3.0
1391.1703955397827	0.022048399999903268	epochs	3.0
1391.1924439397826	0.04376360000014756	epochs	2.0
1391.1924439397826	0.021936900000127935	epochs	3.0
1391.2143808397827	0.021826700000019628	epochs	3.0
1391.2362075397828	0.04332709999994222	epochs	2.0
1391.2362075397828	0.021717599999874437	epochs	3.0
1391.2579251397826	0.021609500000067783	epochs	3.0
1391.2795346397827	0.04289900000003399	epochs	2.0
1391.2795346397827	0.02150249999999687	epochs	3.0
1391.3010371397827	0.021396500000037122	epochs	3.0
1391.3224336397827	0.04247949999989942	epochs	2.0
1391.3224336397827	0.021291699999892444	epochs	3.0
1391.3437253397826	0.021187800000006973	epochs	3.0
1391.3649131397826	0.04206790000012006	epochs	2.0
1391.3649131397826	0.02108490000000529	epochs	3.0
1391.3859980397826	0.02098300000011477	epochs	3.0
1391.4069810397827	0.04166439999994509	epochs	2.0
1391.4069810397827	0.020882199999959994	epochs	3.0
1391.4278632397827	0.020782199999985096	epochs	3.0
1391.4486454397827	0.04126850000011473	epochs	2.0
1391.4486454397827	0.020683299999973315	epochs	3.0
1391.4693287397827	0.020585200000141413	epochs	3.0
1391.4899139397828	0.04088000000001557	epochs	2.0
1391.4899139397828	0.020488099999965925	epochs	3.0
1391.5104020397828	0.020391900000049645	epochs	3.0
1391.5307939397828	0.040498799999795665	epochs	2.0
1391.5307939397828	0.020296599999937825	epochs	3.0
1391.5510905397828	0.02020219999985784	epochs	3.0
1391.5712927397826	0.04012460000012652	epochs	2.0
1391.5712927397826	0.02010870000003706	epochs	3.0
1391.5914014397827	0.02001590000008946	epochs	3.0
1391.6114173397827	0.03975730000001931	epochs	2.0
1391.6114173397827	0.0199241999998776	epochs	3.0
1391.6313415397826	0.019833100000141712	epochs	3.0
1391.6511746397828	0.03939669999999751	epochs	2.0
1391.6511746397828	0.019742999999834865	epochs	3.0
1391.6709176397826	0.019653700000162644	epochs	3.0
1391.6905713397828	0.03904239999997117	epochs	2.0
1391.6905713397828	0.019565099999908853	epochs	3.0
1391.7101364397827	0.019477300000062314	epochs	3.0
1391.7296137397827	0.03869459999987157	epochs	2.0
1391.7296137397827	0.019390400000020236	epochs	3.0
1391.7490041397828	0.019304199999851335	epochs	3.0
1391.7683083397826	0.03835290000006353	epochs	2.0
1391.7683083397826	0.019218800000089686	epochs	3.0
1391.7875271397827	0.01913409999997384	epochs	3.0
1391.8066612397827	0.03801720000001296	epochs	2.0
1391.8066612397827	0.019050200000037876	epochs	3.0
1391.8257114397827	0.018966999999975087	epochs	3.0
1391.8446784397827	0.03768719999993664	epochs	2.0
1391.8446784397827	0.01888450000001285	epochs	3.0
1391.8635629397827	0.01880269999992379	epochs	3.0
1391.8823656397826	0.03736309999999321	epochs	2.0
1391.8823656397826	0.018721700000014607	epochs	3.0
1391.9010873397826	0.018641399999978603	epochs	3.0
1391.9197287397826	0.037044300000161456	epochs	2.0
1391.9197287397826	0.018561600000111866	epochs	3.0
1391.9382903397827	0.01848270000004959	epochs	3.0
1391.9567730397828	0.03673099999991791	epochs	2.0
1391.9567730397828	0.018404299999929208	epochs	3.0
1391.9751773397827	0.018326699999988705	epochs	3.0
1391.9935040397827	0.03642289999993409	epochs	2.0
1391.9935040397827	0.018249599999990096	epochs	3.0
1392.0117536397827	0.018173299999943993	epochs	3.0
1392.0299269397826	0.03612010000006194	epochs	2.0
1392.0299269397826	0.018097600000146485	epochs	3.0
1392.0480245397828	0.018022499999915453	epochs	3.0
1392.0660470397827	0.035822100000132195	epochs	2.0
1392.0660470397827	0.017947900000081063	epochs	3.0
1392.0839949397828	0.017874200000051133	epochs	3.0
1392.1018691397828	0.03552899999999681	epochs	2.0
1392.1018691397828	0.01780079999980444	epochs	3.0
1392.1196699397826	0.017728200000192373	epochs	3.0
1392.1373981397828	0.03524069999980384	epochs	2.0
1392.1373981397828	0.01765609999984008	epochs	3.0
1392.1550542397827	0.017584599999963757	epochs	3.0
1392.1726388397826	0.03495710000015606	epochs	2.0
1392.1726388397826	0.017513700000108656	epochs	3.0
1392.1901525397827	0.017443400000047404	epochs	3.0
1392.2075959397828	0.034677899999906	epochs	2.0
1392.2075959397828	0.017373599999928047	epochs	3.0
1392.2249695397827	0.017304299999977957	epochs	3.0
1392.2422738397827	0.03440330000012182	epochs	2.0
1392.2422738397827	0.017235700000128418	epochs	3.0
1392.2595095397828	0.0171675999999934	epochs	3.0
1392.2766771397828	0.03413279999995211	epochs	2.0
1392.2766771397828	0.01709989999994832	epochs	3.0
1392.2937770397828	0.017032900000003792	epochs	3.0
1392.3108099397828	0.03386669999986225	epochs	2.0
1392.3108099397828	0.01696640000000116	epochs	3.0
1392.3277763397828	0.01690029999986109	epochs	3.0
1392.3446766397826	0.03360459999998966	epochs	2.0
1392.3446766397826	0.016834800000196992	epochs	3.0
1392.3615114397828	0.016769799999792667	epochs	3.0
1392.3782812397826	0.0333466000001863	epochs	2.0
1392.3782812397826	0.016705300000012357	epochs	3.0
1392.3949865397826	0.016641300000173942	epochs	3.0
1392.4116278397828	0.033092499999838765	epochs	2.0
1392.4116278397828	0.016577799999822673	epochs	3.0
1392.4282056397826	0.01651470000001609	epochs	3.0
1392.4447203397826	0.032842300000083924	epochs	2.0
1392.4447203397826	0.01645220000000336	epochs	3.0
1392.4611725397826	0.016390100000080565	epochs	3.0
1392.4775626397827	0.03259570000000167	epochs	2.0
1392.4775626397827	0.016328400000020338	epochs	3.0
1392.4938910397827	0.016267299999981333	epochs	3.0
1392.5101583397827	0.032352899999978035	epochs	2.0
1392.5101583397827	0.016206600000032267	epochs	3.0
1392.5263649397828	0.016146299999945768	epochs	3.0
1392.5425112397827	0.032113700000081735	epochs	2.0
1392.5425112397827	0.016086600000107865	epochs	3.0
1392.5585978397828	0.01602709999997387	epochs	3.0
1392.5746249397828	0.03187800000000607	epochs	2.0
1392.5746249397828	0.0159681999998611	epochs	3.0
1392.5905931397826	0.01590980000014497	epochs	3.0
1392.6065029397828	0.03164569999989908	epochs	2.0
1392.6065029397828	0.015851599999905375	epochs	3.0
1392.6223545397827	0.015794099999993705	epochs	3.0
1392.6381486397827	0.03141670000013619	epochs	2.0
1392.6381486397827	0.01573669999993399	epochs	3.0
1392.6538853397826	0.0156800000002022	epochs	3.0
1392.6695653397828	0.03119109999988723	epochs	2.0
1392.6695653397828	0.015623599999798898	epochs	3.0
1392.6851889397826	0.01556750000008833	epochs	3.0
1392.7007564397827	0.030968699999903038	epochs	2.0
1392.7007564397827	0.015511999999944237	epochs	3.0
1392.7162684397827	0.0154566999999588	epochs	3.0
1392.7317251397826	0.030749500000183616	epochs	2.0
1392.7317251397826	0.015401999999994587	epochs	3.0
1392.7471271397826	0.01534750000018903	epochs	3.0
1392.7624746397828	0.030533199999808858	epochs	2.0
1392.7624746397828	0.015293400000018664	epochs	3.0
1392.7777680397828	0.015239799999790193	epochs	3.0
1392.7930078397826	0.030320100000153616	epochs	2.0
1392.7930078397826	0.015186500000027081	epochs	3.0
1392.8081943397826	0.015133600000126535	epochs	3.0
1392.8233279397828	0.030109899999843037	epochs	2.0
1392.8233279397828	0.015081000000009226	epochs	3.0
1392.8384089397828	0.015028899999833811	epochs	3.0
1392.8534378397826	0.029902500000162036	epochs	2.0
1392.8534378397826	0.014977000000044427	epochs	3.0
1392.8684148397826	0.014925500000117609	epochs	3.0
1392.8833403397828	0.029698099999905025	epochs	2.0
1392.8833403397828	0.014874400000053356	epochs	3.0
1392.8982147397828	0.01482369999985167	epochs	3.0
1392.9130384397827	0.029496300000118936	epochs	2.0
1392.9130384397827	0.014773200000036013	epochs	3.0
1392.9278116397827	0.014723100000082923	epochs	3.0
1392.9425347397828	0.029297399999904883	epochs	2.0
1392.9425347397828	0.014673399999992398	epochs	3.0
1392.9572081397828	0.014623999999912485	epochs	3.0
1392.9718321397827	0.029101099999934377	epochs	2.0
1392.9718321397827	0.014574900000070556	epochs	3.0
1392.9864070397828	0.01452619999986382	epochs	3.0
1393.0009332397826	0.028907399999980044	epochs	2.0
1393.0009332397826	0.014477700000043114	epochs	3.0
1393.0154109397827	0.014429699999936929	epochs	3.0
1393.0298406397826	0.02871620000018993	epochs	2.0
1393.0298406397826	0.014381800000137446	epochs	3.0
1393.0442224397827	0.014334400000052483	epochs	3.0
1393.0585568397828	0.02852759999996124	epochs	2.0
1393.0585568397828	0.014287199999898803	epochs	3.0
1393.0728440397827	0.014240400000062436	epochs	3.0
1393.0870844397828	0.028341400000044814	epochs	2.0
1393.0870844397828	0.014193799999929979	epochs	3.0
1393.1012782397827	0.014147600000114835	epochs	3.0
1393.1154258397828	0.02815769999983786	epochs	2.0
1393.1154258397828	0.014101699999855555	epochs	3.0
1393.1295275397827	0.014055999999982305	epochs	3.0
1393.1435835397826	0.027976300000091214	epochs	2.0
1393.1435835397826	0.014010600000119666	epochs	3.0
1393.1575941397828	0.013965699999971548	epochs	3.0
1393.1715598397827	0.027797199999895383	epochs	2.0
1393.1715598397827	0.013920800000050804	epochs	3.0
1393.1854806397828	0.01387639999984458	epochs	3.0
1393.1993570397826	0.02762040000015986	epochs	2.0
1393.1993570397826	0.013832200000024386	epochs	3.0
1393.2131892397827	0.013788200000135475	epochs	3.0
1393.2269774397828	0.027445899999975154	epochs	2.0
1393.2269774397828	0.013744599999881757	epochs	3.0
1393.2407220397827	0.013701300000093397	epochs	3.0
1393.2544233397828	0.027273499999864725	epochs	2.0
1393.2544233397828	0.013658200000008947	epochs	3.0
1393.2680815397828	0.013615299999855779	epochs	3.0
1393.2816968397826	0.027103399999987232	epochs	2.0
1393.2816968397826	0.013572800000019924	epochs	3.0
1393.2952696397826	0.013530599999967308	epochs	3.0
1393.3088002397826	0.02693520000002536	epochs	2.0
1393.3088002397826	0.013488400000142065	epochs	3.0
1393.3222886397828	0.013446799999883297	epochs	3.0
1393.3357354397826	0.026769199999989723	epochs	2.0
1393.3357354397826	0.013405200000079276	epochs	3.0
1393.3491406397827	0.013363999999910448	epochs	3.0
1393.3625046397826	0.02660520000017641	epochs	2.0
1393.3625046397826	0.013322900000048321	epochs	3.0
1393.3758275397827	0.013282300000128089	epochs	3.0
1393.3891098397828	0.0264431999999033	epochs	2.0
1393.3891098397828	0.013241699999980483	epochs	3.0
1393.4023515397828	0.013201499999922817	epochs	3.0
1393.4155530397827	0.026283200000079887	epochs	2.0
1393.4155530397827	0.013161500000023807	epochs	3.0
1393.4287145397827	0.01312170000005608	epochs	3.0
1393.4418362397828	0.026124999999865395	epochs	2.0
1393.4418362397828	0.013082100000019636	epochs	3.0
1393.4549183397828	0.013042899999845758	epochs	3.0
1393.4679612397827	0.025968899999952555	epochs	2.0
1393.4679612397827	0.01300390000005791	epochs	3.0
1393.4809651397827	0.012964999999894644	epochs	3.0
1393.4939301397826	0.025814500000024054	epochs	2.0
1393.4939301397826	0.012926400000196736	epochs	3.0
1393.5068565397828	0.012888099999827318	epochs	3.0
1393.5197446397826	0.02566190000015922	epochs	2.0
1393.5197446397826	0.012849899999991976	epochs	3.0
1393.5325945397826	0.012812000000167245	epochs	3.0
1393.5454065397828	0.025511199999982637	epochs	2.0
1393.5454065397828	0.012774399999898378	epochs	3.0
1393.5581809397827	0.012736800000084258	epochs	3.0
1393.5709177397828	0.02536229999986972	epochs	2.0
1393.5709177397828	0.01269969999998466	epochs	3.0
1393.5836174397828	0.01266259999988506	epochs	3.0
1393.5962800397826	0.02521500000011656	epochs	2.0
1393.5962800397826	0.012625800000023446	epochs	3.0
1393.6089058397827	0.012589200000093115	epochs	3.0
1393.6214950397828	0.024584799999956886	epochs	2.0
1393.6449248397828	0.5	epochs	-1.0
1393.6460798397827	0.5017600000001039	epochs	1.0
1394.1478398397828	0.4981599999998707	epochs	0.0
1405.4969997406006	0.07807999999999993	epochs	0.0
1405.4969997406006	0.034042900000031295	epochs	1.0
1405.5310426406006	0.009994199999937337	epochs	1.0
1405.5410368406006	0.034042900000031295	epochs	1.0
1405.5750797406006	0.2299199999999928	epochs	0.0
1405.5750797406006	0.049999999999954525	epochs	1.0
1405.6250797406005	0.009999999999990905	epochs	1.0
1405.6350797406005	0.049999999999954525	epochs	1.0
1405.6850797406005	0.009999999999990905	epochs	1.0
1405.6950797406005	0.0500000000001819	epochs	1.0
1405.7450797406007	0.009999999999990905	epochs	1.0
1405.7550797406006	0.04991999999992913	epochs	1.0
2091.8909997940063	0.0780800000002273	epochs	0.0
2091.8909997940063	0.03404289999980392	epochs	1.0
2091.925042694006	0.00999420000016471	epochs	1.0
2091.9350368940063	0.03404290000025867	epochs	1.0
2091.9690797940066	0.22991999999976542	epochs	0.0
2091.9690797940066	0.04999999999972715	epochs	1.0
2092.0190797940063	0.010000000000218279	epochs	1.0
2092.0290797940065	0.04999999999972715	epochs	1.0
2092.0790797940062	0.010000000000218279	epochs	1.0
2092.0890797940065	0.04999999999972715	epochs	1.0
2092.139079794006	0.010000000000218279	epochs	1.0
2092.1490797940064	0.04991999999992913	epochs	1.0
2149.117000102997	0.07812000000012631	epochs	0.0
2149.117000102997	0.03406029999996463	epochs	1.0
2149.151060402997	0.009999400000197056	epochs	1.0
2149.161059802997	0.03406029999996463	epochs	1.0
2149.195120102997	2.9999800000000505	epochs	0.0
2149.195120102997	1.0	epochs	1.0
2150.195120102997	1.0	epochs	1.0
2151.195120102997	0.9999800000000505	epochs	1.0
2153.7259998321533	0.07812000000012631	epochs	0.0
2153.7259998321533	0.03406029999996463	epochs	1.0
2153.7600601321533	0.009999400000197056	epochs	1.0
2153.7700595321535	0.03406029999996463	epochs	1.0
2153.8041198321534	2.9999800000000505	epochs	0.0
2153.8041198321534	1.0	epochs	1.0
2154.8041198321534	1.0	epochs	1.0
2155.8041198321534	0.9999800000000505	epochs	1.0
2158.3599996566772	0.07812000000012631	epochs	0.0
2158.3599996566772	0.03406029999996463	epochs	1.0
2158.394059956677	0.009999400000197056	epochs	1.0
2158.4040593566774	0.03406029999996463	epochs	1.0
2158.4381196566774	2.9999800000000505	epochs	0.0
2158.4381196566774	1.0	epochs	1.0
2159.4381196566774	1.0	epochs	1.0
2160.4381196566774	0.9999800000000505	epochs	1.0
2163.0920000076294	0.07812000000012631	epochs	0.0
2163.0920000076294	0.03406029999996463	epochs	1.0
2163.1260603076294	0.009999400000197056	epochs	1.0
2163.1360597076296	0.03406029999996463	epochs	1.0
2163.1701200076295	2.9999800000000505	epochs	0.0
2163.1701200076295	1.0	epochs	1.0
2164.1701200076295	1.0	epochs	1.0
2165.1701200076295	0.9999800000000505	epochs	1.0
2167.757999897003	0.07812000000012631	epochs	0.0
2167.757999897003	0.03406029999996463	epochs	1.0
2167.792060197003	0.009999400000197056	epochs	1.0
2167.8020595970033	0.03406029999996463	epochs	1.0
2167.8361198970033	2.9999800000000505	epochs	0.0
2167.8361198970033	1.0	epochs	1.0
2168.8361198970033	1.0	epochs	1.0
2169.8361198970033	0.9999800000000505	epochs	1.0
2172.4249997138977	0.07812000000012631	epochs	0.0
2172.4249997138977	0.03406029999996463	epochs	1.0
2172.4590600138977	0.009999400000197056	epochs	1.0
2172.469059413898	0.03406029999996463	epochs	1.0
2172.503119713898	2.9999800000000505	epochs	0.0
2172.503119713898	1.0	epochs	1.0
2173.503119713898	1.0	epochs	1.0
2174.503119713898	0.9999800000000505	epochs	1.0
2177.1589999198914	0.07812000000012631	epochs	0.0
2177.1589999198914	0.03406029999996463	epochs	1.0
2177.1930602198913	0.009999400000197056	epochs	1.0
2177.2030596198915	0.03406029999996463	epochs	1.0
2177.2371199198915	2.9999800000000505	epochs	0.0
2177.2371199198915	1.0	epochs	1.0
2178.2371199198915	1.0	epochs	1.0
2179.2371199198915	0.9999800000000505	epochs	1.0
2181.8239998817444	0.07812000000012631	epochs	0.0
2181.8239998817444	0.03406029999996463	epochs	1.0
2181.8580601817443	0.009999400000197056	epochs	1.0
2181.8680595817445	0.03406029999996463	epochs	1.0
2181.9021198817445	2.9999800000000505	epochs	0.0
2181.9021198817445	1.0	epochs	1.0
2182.9021198817445	1.0	epochs	1.0
2183.9021198817445	0.9999800000000505	epochs	1.0
2186.489999771118	0.07812000000012631	epochs	0.0
2186.489999771118	0.03406029999996463	epochs	1.0
2186.524060071118	0.009999400000197056	epochs	1.0
2186.5340594711183	0.03406029999996463	epochs	1.0
2186.5681197711183	2.9999800000000505	epochs	0.0
2186.5681197711183	1.0	epochs	1.0
2187.5681197711183	1.0	epochs	1.0
2188.5681197711183	0.9999800000000505	epochs	1.0
2191.2339997291565	0.07812000000012631	epochs	0.0
2191.2339997291565	0.03406029999996463	epochs	1.0
2191.2680600291565	0.009999400000197056	epochs	1.0
2191.2780594291567	0.03406029999996463	epochs	1.0
2191.3121197291566	2.9999800000000505	epochs	0.0
2191.3121197291566	1.0	epochs	1.0
2192.3121197291566	1.0	epochs	1.0
2193.3121197291566	0.9999800000000505	epochs	1.0
2195.883999824524	0.07812000000012631	epochs	0.0
2195.883999824524	0.03406029999996463	epochs	1.0
2195.918060124524	0.009999400000197056	epochs	1.0
2195.928059524524	0.03406029999996463	epochs	1.0
2195.962119824524	2.9999800000000505	epochs	0.0
2195.962119824524	1.0	epochs	1.0
2196.962119824524	1.0	epochs	1.0
2197.962119824524	0.9999800000000505	epochs	1.0
2200.4790000915527	0.07812000000012631	epochs	0.0
2200.4790000915527	0.03406029999996463	epochs	1.0
2200.5130603915527	0.009999400000197056	epochs	1.0
2200.523059791553	0.03406029999996463	epochs	1.0
2200.557120091553	2.9999800000000505	epochs	0.0
2200.557120091553	1.0	epochs	1.0
2201.557120091553	1.0	epochs	1.0
2202.557120091553	0.9999800000000505	epochs	1.0
2205.263000011444	0.07812000000012631	epochs	0.0
2205.263000011444	0.03406029999996463	epochs	1.0
2205.297060311444	0.009999400000197056	epochs	1.0
2205.3070597114443	0.03406029999996463	epochs	1.0
2205.341120011444	2.9999800000000505	epochs	0.0
2205.341120011444	1.0	epochs	1.0
2206.341120011444	1.0	epochs	1.0
2207.341120011444	0.9999800000000505	epochs	1.0
2209.928999900818	0.07812000000012631	epochs	0.0
2209.928999900818	0.03406029999996463	epochs	1.0
2209.963060200818	0.009999400000197056	epochs	1.0
2209.973059600818	0.03406029999996463	epochs	1.0
2210.007119900818	2.9999800000000505	epochs	0.0
2210.007119900818	1.0	epochs	1.0
2211.007119900818	1.0	epochs	1.0
2212.007119900818	0.9999800000000505	epochs	1.0
2214.5879998207092	0.07812000000012631	epochs	0.0
2214.5879998207092	0.03406029999996463	epochs	1.0
2214.622060120709	0.009999400000197056	epochs	1.0
2214.6320595207094	0.03406029999996463	epochs	1.0
2214.6661198207094	2.9999800000000505	epochs	0.0
2214.6661198207094	1.0	epochs	1.0
2215.6661198207094	1.0	epochs	1.0
2216.6661198207094	0.9999800000000505	epochs	1.0
2219.3379998207092	0.07812000000012631	epochs	0.0
2219.3379998207092	0.03406029999996463	epochs	1.0
2219.372060120709	0.009999400000197056	epochs	1.0
2219.3820595207094	0.03406029999996463	epochs	1.0
2219.4161198207094	2.9999800000000505	epochs	0.0
2219.4161198207094	1.0	epochs	1.0
2220.4161198207094	1.0	epochs	1.0
2221.4161198207094	0.9999800000000505	epochs	1.0
2223.955999851227	0.07812000000012631	epochs	0.0
2223.955999851227	0.03406029999996463	epochs	1.0
2223.9900601512268	0.009999400000197056	epochs	1.0
2224.000059551227	0.03406029999996463	epochs	1.0
2224.034119851227	2.9999800000000505	epochs	0.0
2224.034119851227	1.0	epochs	1.0
2225.034119851227	1.0	epochs	1.0
2226.034119851227	0.9999800000000505	epochs	1.0
2228.672999858856	0.07812000000012631	epochs	0.0
2228.672999858856	0.03406029999996463	epochs	1.0
2228.707060158856	0.009999400000197056	epochs	1.0
2228.7170595588564	0.03406029999996463	epochs	1.0
2228.7511198588563	2.9999800000000505	epochs	0.0
2228.7511198588563	1.0	epochs	1.0
2229.7511198588563	1.0	epochs	1.0
2230.7511198588563	0.9999800000000505	epochs	1.0
2233.3979997634888	0.07812000000012631	epochs	0.0
2233.3979997634888	0.03406029999996463	epochs	1.0
2233.4320600634887	0.009999400000197056	epochs	1.0
2233.442059463489	0.03406029999996463	epochs	1.0
2233.476119763489	2.9999800000000505	epochs	0.0
2233.476119763489	1.0	epochs	1.0
2234.476119763489	1.0	epochs	1.0
2235.476119763489	0.9999800000000505	epochs	1.0
2238.1809997558594	0.07812000000012631	epochs	0.0
2238.1809997558594	0.03406029999996463	epochs	1.0
2238.2150600558593	0.009999400000197056	epochs	1.0
2238.2250594558595	0.03406029999996463	epochs	1.0
2238.2591197558595	2.9999800000000505	epochs	0.0
2238.2591197558595	0.900000000000091	epochs	1.0
2239.1591197558596	0.09999999999990905	epochs	1.0
2239.2591197558595	1.0	epochs	1.0
2240.2591197558595	0.9999800000000505	epochs	1.0
2242.8859996795654	0.07812000000012631	epochs	0.0
2242.8859996795654	0.03406029999996463	epochs	1.0
2242.9200599795654	0.009999400000197056	epochs	1.0
2242.9300593795656	0.03406029999996463	epochs	1.0
2242.9641196795656	2.9999800000000505	epochs	0.0
2242.9641196795656	0.900000000000091	epochs	1.0
2243.8641196795656	0.09999999999990905	epochs	1.0
2243.9641196795656	1.0	epochs	1.0
2244.9641196795656	0.9999800000000505	epochs	1.0
2247.668999671936	0.07812000000012631	epochs	0.0
2247.668999671936	0.03406029999996463	epochs	1.0
2247.703059971936	0.009999400000197056	epochs	1.0
2247.713059371936	0.03406029999996463	epochs	1.0
2247.747119671936	2.9999800000000505	epochs	0.0
2247.747119671936	0.900000000000091	epochs	1.0
2248.6471196719363	0.09999999999990905	epochs	1.0
2248.747119671936	1.0	epochs	1.0
2249.747119671936	0.9999800000000505	epochs	1.0
2252.447000026703	0.07812000000012631	epochs	0.0
2252.447000026703	0.03406029999996463	epochs	1.0
2252.481060326703	0.009999400000197056	epochs	1.0
2252.491059726703	0.03406029999996463	epochs	1.0
2252.525120026703	2.9999800000000505	epochs	0.0
2252.525120026703	0.900000000000091	epochs	1.0
2253.425120026703	0.09999999999990905	epochs	1.0
2253.525120026703	1.0	epochs	1.0
2254.525120026703	0.9999800000000505	epochs	1.0
2257.130000114441	0.07812000000012631	epochs	0.0
2257.130000114441	0.03406029999996463	epochs	1.0
2257.164060414441	0.009999400000197056	epochs	1.0
2257.174059814441	0.03406029999996463	epochs	1.0
2257.208120114441	2.9999800000000505	epochs	0.0
2257.208120114441	0.900000000000091	epochs	1.0
2258.108120114441	0.09999999999990905	epochs	1.0
2258.208120114441	1.0	epochs	1.0
2259.208120114441	0.9999800000000505	epochs	1.0
2261.867000102997	0.07812000000012631	epochs	0.0
2261.867000102997	0.03406029999996463	epochs	1.0
2261.901060402997	0.009999400000197056	epochs	1.0
2261.911059802997	0.03406029999996463	epochs	1.0
2261.945120102997	2.9999800000000505	epochs	0.0
2261.945120102997	0.900000000000091	epochs	1.0
2262.845120102997	0.09999999999990905	epochs	1.0
2262.945120102997	1.0	epochs	1.0
2263.945120102997	0.9999800000000505	epochs	1.0
2266.6009998321533	0.07812000000012631	epochs	0.0
2266.6009998321533	0.03406029999996463	epochs	1.0
2266.6350601321533	0.009999400000197056	epochs	1.0
2266.6450595321535	0.03406029999996463	epochs	1.0
2266.6791198321534	2.9999800000000505	epochs	0.0
2266.6791198321534	0.900000000000091	epochs	1.0
2267.5791198321535	0.09999999999990905	epochs	1.0
2267.6791198321534	1.0	epochs	1.0
2268.6791198321534	0.9999800000000505	epochs	1.0
2271.2599997520447	0.07812000000012631	epochs	0.0
2271.2599997520447	0.03406029999996463	epochs	1.0
2271.2940600520446	0.009999400000197056	epochs	1.0
2271.304059452045	0.03406029999996463	epochs	1.0
2271.338119752045	2.9999800000000505	epochs	0.0
2271.338119752045	0.900000000000091	epochs	1.0
2272.238119752045	0.09999999999990905	epochs	1.0
2272.338119752045	1.0	epochs	1.0
2273.338119752045	0.9999800000000505	epochs	1.0
2276.026000022888	0.07812000000012631	epochs	0.0
2276.026000022888	0.03406029999996463	epochs	1.0
2276.060060322888	0.009999400000197056	epochs	1.0
2276.0700597228883	0.03406029999996463	epochs	1.0
2276.1041200228883	2.9999800000000505	epochs	0.0
2276.1041200228883	0.900000000000091	epochs	1.0
2277.0041200228884	0.09999999999990905	epochs	1.0
2277.1041200228883	1.0	epochs	1.0
2278.1041200228883	0.9999800000000505	epochs	1.0
2280.776000022888	0.07812000000012631	epochs	0.0
2280.776000022888	0.03406029999996463	epochs	1.0
2280.810060322888	0.009999400000197056	epochs	1.0
2280.8200597228883	0.03406029999996463	epochs	1.0
2280.8541200228883	2.9999800000000505	epochs	0.0
2280.8541200228883	1.0	epochs	1.0
2281.8541200228883	1.0	epochs	1.0
2282.8541200228883	0.9999800000000505	epochs	1.0
2285.526000022888	0.07812000000012631	epochs	0.0
2285.526000022888	0.03406029999996463	epochs	1.0
2285.560060322888	0.009999400000197056	epochs	1.0
2285.5700597228883	0.03406029999996463	epochs	1.0
2285.6041200228883	2.9999800000000505	epochs	0.0
2285.6041200228883	1.0	epochs	1.0
2286.6041200228883	1.0	epochs	1.0
2287.6041200228883	0.9999800000000505	epochs	1.0
2290.1929998397827	0.07812000000012631	epochs	0.0
2290.1929998397827	0.03406029999996463	epochs	1.0
2290.2270601397827	0.009999400000197056	epochs	1.0
2290.237059539783	0.03406029999996463	epochs	1.0
2290.271119839783	2.9999800000000505	epochs	0.0
2290.271119839783	1.0	epochs	1.0
2291.271119839783	1.0	epochs	1.0
2292.271119839783	0.9999800000000505	epochs	1.0
2294.949999809265	0.07812000000012631	epochs	0.0
2294.949999809265	0.03406029999996463	epochs	1.0
2294.984060109265	0.009999400000197056	epochs	1.0
2294.9940595092653	0.03406029999996463	epochs	1.0
2295.0281198092653	2.9999800000000505	epochs	0.0
2295.0281198092653	1.0	epochs	1.0
2296.0281198092653	1.0	epochs	1.0
2297.0281198092653	0.9999800000000505	epochs	1.0
2299.5829997062683	0.07812000000012631	epochs	0.0
2299.5829997062683	0.03406029999996463	epochs	1.0
2299.6170600062683	0.009999400000197056	epochs	1.0
2299.6270594062685	0.03406029999996463	epochs	1.0
2299.6611197062684	2.9999800000000505	epochs	0.0
2299.6611197062684	1.0	epochs	1.0
2300.6611197062684	1.0	epochs	1.0
2301.6611197062684	0.9999800000000505	epochs	1.0
2304.28200006485	0.07812000000012631	epochs	0.0
2304.28200006485	0.03406029999996463	epochs	1.0
2304.31606036485	0.009999400000197056	epochs	1.0
2304.32605976485	0.03406029999996463	epochs	1.0
2304.36012006485	2.9999800000000505	epochs	0.0
2304.36012006485	1.0	epochs	1.0
2305.36012006485	1.0	epochs	1.0
2306.36012006485	0.9999800000000505	epochs	1.0
2308.9979996681213	0.07812000000012631	epochs	0.0
2308.9979996681213	0.03406029999996463	epochs	1.0
2309.0320599681213	0.009999400000197056	epochs	1.0
2309.0420593681215	0.03406029999996463	epochs	1.0
2309.0761196681215	2.9999800000000505	epochs	0.0
2309.0761196681215	1.0	epochs	1.0
2310.0761196681215	1.0	epochs	1.0
2311.0761196681215	0.9999800000000505	epochs	1.0
2313.7649998664856	0.07812000000012631	epochs	0.0
2313.7649998664856	0.03406029999996463	epochs	1.0
2313.7990601664856	0.009999400000197056	epochs	1.0
2313.8090595664858	0.03406029999996463	epochs	1.0
2313.8431198664857	2.9999800000000505	epochs	0.0
2313.8431198664857	1.0	epochs	1.0
2314.8431198664857	1.0	epochs	1.0
2315.8431198664857	0.9999800000000505	epochs	1.0
2318.548999786377	0.07812000000012631	epochs	0.0
2318.548999786377	0.03406029999996463	epochs	1.0
2318.583060086377	0.009999400000197056	epochs	1.0
2318.593059486377	0.03406029999996463	epochs	1.0
2318.627119786377	2.9999800000000505	epochs	0.0
2318.627119786377	1.0	epochs	1.0
2319.627119786377	1.0	epochs	1.0
2320.627119786377	0.9999800000000505	epochs	1.0
2323.271999835968	0.07812000000012631	epochs	0.0
2323.271999835968	0.03406029999996463	epochs	1.0
2323.306060135968	0.009999400000197056	epochs	1.0
2323.316059535968	0.03406029999996463	epochs	1.0
2323.350119835968	2.9999800000000505	epochs	0.0
2323.350119835968	1.0	epochs	1.0
2324.350119835968	1.0	epochs	1.0
2325.350119835968	0.9999800000000505	epochs	1.0
2328.005000114441	0.07812000000012631	epochs	0.0
2328.005000114441	0.03406029999996463	epochs	1.0
2328.039060414441	0.009999400000197056	epochs	1.0
2328.049059814441	0.03406029999996463	epochs	1.0
2328.083120114441	2.9999800000000505	epochs	0.0
2328.083120114441	1.0	epochs	1.0
2329.083120114441	1.0	epochs	1.0
2330.083120114441	0.9999800000000505	epochs	1.0
2332.7389998435974	0.07812000000012631	epochs	0.0
2332.7389998435974	0.03406029999996463	epochs	1.0
2332.7730601435974	0.009999400000197056	epochs	1.0
2332.7830595435976	0.03406029999996463	epochs	1.0
2332.8171198435975	2.9999800000000505	epochs	0.0
2332.8171198435975	1.0	epochs	1.0
2333.8171198435975	1.0	epochs	1.0
2334.8171198435975	0.9999800000000505	epochs	1.0
2337.455999851227	0.07812000000012631	epochs	0.0
2337.455999851227	0.03406029999996463	epochs	1.0
2337.4900601512268	0.009999400000197056	epochs	1.0
2337.500059551227	0.03406029999996463	epochs	1.0
2337.534119851227	2.9999800000000505	epochs	0.0
2337.534119851227	1.0	epochs	1.0
2338.534119851227	1.0	epochs	1.0
2339.534119851227	0.9999800000000505	epochs	1.0
2342.128999710083	0.07812000000012631	epochs	0.0
2342.128999710083	0.03406029999996463	epochs	1.0
2342.163060010083	0.009999400000197056	epochs	1.0
2342.173059410083	0.03406029999996463	epochs	1.0
2342.207119710083	2.9999800000000505	epochs	0.0
2342.207119710083	1.0	epochs	1.0
2343.207119710083	1.0	epochs	1.0
2344.207119710083	0.9999800000000505	epochs	1.0
2346.946000099182	0.07812000000012631	epochs	0.0
2346.946000099182	0.03406029999996463	epochs	1.0
2346.980060399182	0.009999400000197056	epochs	1.0
2346.9900597991823	0.03406029999996463	epochs	1.0
2347.0241200991823	2.9999800000000505	epochs	0.0
2347.0241200991823	1.0	epochs	1.0
2348.0241200991823	1.0	epochs	1.0
2349.0241200991823	0.9999800000000505	epochs	1.0
2351.651000022888	0.07812000000012631	epochs	0.0
2351.651000022888	0.03406029999996463	epochs	1.0
2351.685060322888	0.009999400000197056	epochs	1.0
2351.6950597228883	0.03406029999996463	epochs	1.0
2351.7291200228883	2.9999800000000505	epochs	0.0
2351.7291200228883	1.0	epochs	1.0
2352.7291200228883	1.0	epochs	1.0
2353.7291200228883	0.9999800000000505	epochs	1.0
2356.334000110626	0.07812000000012631	epochs	0.0
2356.334000110626	0.03406029999996463	epochs	1.0
2356.368060410626	0.009999400000197056	epochs	1.0
2356.3780598106264	0.03406029999996463	epochs	1.0
2356.4121201106263	2.9999800000000505	epochs	0.0
2356.4121201106263	1.0	epochs	1.0
2357.4121201106263	1.0	epochs	1.0
2358.4121201106263	0.9999800000000505	epochs	1.0
2361.030999660492	0.07812000000012631	epochs	0.0
2361.030999660492	0.03406029999996463	epochs	1.0
2361.065059960492	0.009999400000197056	epochs	1.0
2361.075059360492	0.03406029999996463	epochs	1.0
2361.109119660492	2.9999800000000505	epochs	0.0
2361.109119660492	1.0	epochs	1.0
2362.109119660492	1.0	epochs	1.0
2363.109119660492	0.9999800000000505	epochs	1.0
2365.780999660492	0.07812000000012631	epochs	0.0
2365.780999660492	0.03406029999996463	epochs	1.0
2365.815059960492	0.009999400000197056	epochs	1.0
2365.825059360492	0.03406029999996463	epochs	1.0
2365.859119660492	2.9999800000000505	epochs	0.0
2365.859119660492	1.0	epochs	1.0
2366.859119660492	1.0	epochs	1.0
2367.859119660492	0.9999800000000505	epochs	1.0
2370.513999938965	0.07812000000012631	epochs	0.0
2370.513999938965	0.03406029999996463	epochs	1.0
2370.548060238965	0.009999400000197056	epochs	1.0
2370.558059638965	0.03406029999996463	epochs	1.0
2370.592119938965	2.9999800000000505	epochs	0.0
2370.592119938965	1.0	epochs	1.0
2371.592119938965	1.0	epochs	1.0
2372.592119938965	0.9999800000000505	epochs	1.0
2375.2789998054504	0.07812000000012631	epochs	0.0
2375.2789998054504	0.03406029999996463	epochs	1.0
2375.3130601054504	0.009999400000197056	epochs	1.0
2375.3230595054506	0.03406029999996463	epochs	1.0
2375.3571198054506	3.6499799999996867	epochs	0.0
2375.3571198054506	2.0	epochs	1.0
2377.3571198054506	0.29999999999972715	epochs	1.0
2377.6571198054503	0.005000000000109139	epochs	1.0
2377.6621198054504	0.3000000000001819	epochs	1.0
2377.9621198054506	1.0	epochs	1.0
2378.9621198054506	0.04497999999966851	epochs	1.0
2380.7789998054504	0.07812000000012631	epochs	0.0
2380.7789998054504	0.03406029999996463	epochs	1.0
2380.8130601054504	0.009999400000197056	epochs	1.0
2380.8230595054506	0.03406029999996463	epochs	1.0
2380.8571198054506	3.6499799999996867	epochs	0.0
2380.8571198054506	2.0	epochs	1.0
2382.8571198054506	0.29999999999972715	epochs	1.0
2383.1571198054503	0.010000000000218279	epochs	1.0
2383.1671198054505	0.29999999999972715	epochs	1.0
2383.4671198054502	1.0	epochs	1.0
2384.4671198054502	0.039980000000014115	epochs	1.0
2386.2129998207092	0.07812000000012631	epochs	0.0
2386.2129998207092	0.03406029999996463	epochs	1.0
2386.247060120709	0.009999400000197056	epochs	1.0
2386.2570595207094	0.03406029999996463	epochs	1.0
2386.2911198207094	3.6499799999996867	epochs	0.0
2386.2911198207094	2.0	epochs	1.0
2388.2911198207094	0.29999999999972715	epochs	1.0
2388.591119820709	0.015000000000327418	epochs	1.0
2388.6061198207094	0.29999999999972715	epochs	1.0
2388.906119820709	1.0	epochs	1.0
2389.906119820709	0.034979999999904976	epochs	1.0
2391.5099997520447	0.07812000000012631	epochs	0.0
2391.5099997520447	0.03406029999996463	epochs	1.0
2391.5440600520446	0.009999400000197056	epochs	1.0
2391.554059452045	0.03406029999996463	epochs	1.0
2391.588119752045	3.6499799999996867	epochs	0.0
2391.588119752045	2.0	epochs	1.0
2393.588119752045	0.29999999999972715	epochs	1.0
2393.8881197520445	0.01999999999998181	epochs	1.0
2393.9081197520445	0.3000000000001819	epochs	1.0
2394.2081197520447	1.0	epochs	1.0
2395.2081197520447	0.029979999999795837	epochs	1.0
2396.9439997673035	0.07812000000012631	epochs	0.0
2396.9439997673035	0.03406029999996463	epochs	1.0
2396.9780600673034	0.009999400000197056	epochs	1.0
2396.9880594673036	0.03406029999996463	epochs	1.0
2397.0221197673036	3.6499799999996867	epochs	0.0
2397.0221197673036	2.0	epochs	1.0
2399.0221197673036	0.29999999999972715	epochs	1.0
2399.3221197673033	0.02500000000009095	epochs	1.0
2399.3471197673034	0.3000000000001819	epochs	1.0
2399.6471197673036	1.0	epochs	1.0
2400.6471197673036	0.024979999999686697	epochs	1.0
2402.3410000801086	0.07812000000012631	epochs	0.0
2402.3410000801086	0.03406029999996463	epochs	1.0
2402.3750603801086	0.009999400000197056	epochs	1.0
2402.385059780109	0.03406029999996463	epochs	1.0
2402.4191200801088	3.6499799999996867	epochs	0.0
2402.4191200801088	2.0	epochs	1.0
2404.4191200801088	0.29999999999972715	epochs	1.0
2404.7191200801085	0.03000000000020009	epochs	1.0
2404.7491200801087	0.29999999999972715	epochs	1.0
2405.0491200801084	1.0	epochs	1.0
2406.0491200801084	0.019980000000032305	epochs	1.0
2407.7249999046326	0.07812000000012631	epochs	0.0
2407.7249999046326	0.03406029999996463	epochs	1.0
2407.7590602046325	0.009999400000197056	epochs	1.0
2407.7690596046327	0.03406029999996463	epochs	1.0
2407.8031199046327	3.6499799999996867	epochs	0.0
2407.8031199046327	2.0	epochs	1.0
2409.8031199046327	0.29999999999972715	epochs	1.0
2410.1031199046324	0.03500000000030923	epochs	1.0
2410.1381199046327	0.29999999999972715	epochs	1.0
2410.4381199046325	1.0	epochs	1.0
2411.4381199046325	0.014979999999923166	epochs	1.0
2413.1809997558594	0.07812000000012631	epochs	0.0
2413.1809997558594	0.03406029999996463	epochs	1.0
2413.2150600558593	0.009999400000197056	epochs	1.0
2413.2250594558595	0.03406029999996463	epochs	1.0
2413.2591197558595	3.6499799999996867	epochs	0.0
2413.2591197558595	2.0	epochs	1.0
2415.2591197558595	0.29999999999972715	epochs	1.0
2415.5591197558592	0.03999999999996362	epochs	1.0
2415.599119755859	0.3000000000001819	epochs	1.0
2415.8991197558594	1.0	epochs	1.0
2416.8991197558594	0.009979999999814027	epochs	1.0
2418.614999771118	0.07812000000012631	epochs	0.0
2418.614999771118	0.03406029999996463	epochs	1.0
2418.649060071118	0.009999400000197056	epochs	1.0
2418.6590594711183	0.03406029999996463	epochs	1.0
2418.6931197711183	3.6499799999996867	epochs	0.0
2418.6931197711183	2.0	epochs	1.0
2420.6931197711183	0.29999999999972715	epochs	1.0
2420.993119771118	0.04500000000007276	epochs	1.0
2421.038119771118	0.3000000000001819	epochs	1.0
2421.3381197711183	1.0	epochs	1.0
2422.3381197711183	0.004979999999704887	epochs	1.0
2424.0190000534058	0.07812000000012631	epochs	0.0
2424.0190000534058	0.03406029999996463	epochs	1.0
2424.0530603534057	0.009999400000197056	epochs	1.0
2424.063059753406	0.03406029999996463	epochs	1.0
2424.097120053406	3.6499799999996867	epochs	0.0
2424.097120053406	2.0	epochs	1.0
2426.097120053406	0.29999999999972715	epochs	1.0
2426.3971200534056	0.0500000000001819	epochs	1.0
2426.447120053406	0.3000000000001819	epochs	1.0
2426.747120053406	0.9999799999995957	epochs	1.0
2429.4530000686646	0.07812000000012631	epochs	0.0
2429.4530000686646	0.03406029999996463	epochs	1.0
2429.4870603686645	0.009999400000197056	epochs	1.0
2429.4970597686647	0.03406029999996463	epochs	1.0
2429.5311200686647	4.0999799999999595	epochs	0.0
2429.5311200686647	2.0	epochs	1.0
2431.5311200686647	0.29999999999972715	epochs	1.0
2431.8311200686644	0.1000000000003638	epochs	1.0
2431.9311200686648	0.29999999999972715	epochs	1.0
2432.2311200686645	1.0	epochs	1.0
2433.2311200686645	0.39998000000014144	epochs	1.0
2436.7430000305176	0.07812000000012631	epochs	0.0
2436.7430000305176	0.03406029999996463	epochs	1.0
2436.7770603305175	0.009999400000197056	epochs	1.0
2436.7870597305177	0.03406029999996463	epochs	1.0
2436.8211200305177	4.0999799999999595	epochs	0.0
2436.8211200305177	2.0	epochs	1.0
2438.8211200305177	0.29999999999972715	epochs	1.0
2439.1211200305174	0.20000000000027285	epochs	1.0
2439.3211200305177	0.29999999999972715	epochs	1.0
2439.6211200305174	1.0	epochs	1.0
2440.6211200305174	0.2999800000002324	epochs	1.0
2444.0949997901917	0.07812000000012631	epochs	0.0
2444.0949997901917	0.03406029999996463	epochs	1.0
2444.1290600901916	0.009999400000197056	epochs	1.0
2444.139059490192	0.03406029999996463	epochs	1.0
2444.173119790192	4.0999799999999595	epochs	0.0
2444.173119790192	2.0	epochs	1.0
2446.173119790192	0.29999999999972715	epochs	1.0
2446.4731197901915	0.3000000000001819	epochs	1.0
2446.7731197901917	0.3000000000001819	epochs	1.0
2447.073119790192	1.0	epochs	1.0
2448.073119790192	0.1999799999998686	epochs	1.0
2451.43199968338	0.07812000000012631	epochs	0.0
2451.43199968338	0.03406029999996463	epochs	1.0
2451.46605998338	0.009999400000197056	epochs	1.0
2451.4760593833803	0.03406029999996463	epochs	1.0
2451.5101196833803	4.0999799999999595	epochs	0.0
2451.5101196833803	2.0	epochs	1.0
2453.5101196833803	0.29999999999972715	epochs	1.0
2453.81011968338	0.40000000000009095	epochs	1.0
2454.21011968338	0.3000000000001819	epochs	1.0
2454.5101196833803	1.0	epochs	1.0
2455.5101196833803	0.09997999999995955	epochs	1.0
2458.7659997940063	0.07812000000012631	epochs	0.0
2458.7659997940063	0.03406029999996463	epochs	1.0
2458.8000600940063	0.009999400000197056	epochs	1.0
2458.8100594940065	0.03406029999996463	epochs	1.0
2458.8441197940065	4.0999799999999595	epochs	0.0
2458.8441197940065	2.0	epochs	1.0
2460.8441197940065	0.29999999999972715	epochs	1.0
2461.144119794006	0.5	epochs	1.0
2461.644119794006	0.3000000000001819	epochs	1.0
2461.9441197940064	0.9999800000000505	epochs	1.0
2466.058000087738	0.07812000000012631	epochs	0.0
2466.058000087738	0.03406029999996463	epochs	1.0
2466.092060387738	0.009999400000197056	epochs	1.0
2466.102059787738	0.03406029999996463	epochs	1.0
2466.136120087738	7.5999799999999595	epochs	0.0
2466.136120087738	2.0	epochs	1.0
2468.136120087738	0.29999999999972715	epochs	1.0
2468.436120087738	1.0	epochs	1.0
2469.436120087738	0.3000000000001819	epochs	1.0
2469.736120087738	1.0	epochs	1.0
2470.736120087738	2.9999800000000505	epochs	1.0
2476.8680000305176	0.07812000000012631	epochs	0.0
2476.8680000305176	0.03406029999996463	epochs	1.0
2476.9020603305175	0.009999400000197056	epochs	1.0
2476.9120597305177	0.03406029999996463	epochs	1.0
2476.9461200305177	7.5999799999999595	epochs	0.0
2476.9461200305177	2.0	epochs	1.0
2478.9461200305177	0.29999999999972715	epochs	1.0
2479.2461200305174	2.0	epochs	1.0
2481.2461200305174	0.3000000000001819	epochs	1.0
2481.5461200305176	1.0	epochs	1.0
2482.5461200305176	1.9999800000000505	epochs	1.0
2487.672999858856	0.07812000000012631	epochs	0.0
2487.672999858856	0.03406029999996463	epochs	1.0
2487.707060158856	0.009999400000197056	epochs	1.0
2487.7170595588564	0.03406029999996463	epochs	1.0
2487.7511198588563	7.5999799999999595	epochs	0.0
2487.7511198588563	2.0	epochs	1.0
2489.7511198588563	0.29999999999972715	epochs	1.0
2490.051119858856	3.0	epochs	1.0
2493.051119858856	0.3000000000001819	epochs	1.0
2493.3511198588562	1.0	epochs	1.0
2494.3511198588562	0.9999800000000505	epochs	1.0
2498.4249997138977	0.07812000000012631	epochs	0.0
2498.4249997138977	0.03406029999996463	epochs	1.0
2498.4590600138977	0.009999400000197056	epochs	1.0
2498.469059413898	0.03406029999996463	epochs	1.0
2498.503119713898	7.5999799999999595	epochs	0.0
2498.503119713898	2.0	epochs	1.0
2500.503119713898	0.29999999999972715	epochs	1.0
2500.8031197138976	4.0	epochs	1.0
2504.8031197138976	0.3000000000001819	epochs	1.0
2505.1031197138977	0.9999800000000505	epochs	1.0
