onset	duration	nwb_table	treelevel
8.710999965667725	0.09999999999999964	epochs	0.0
8.710999965667725	0.04499999999999993	epochs	1.0
8.755999965667725	0.009999999999999787	epochs	1.0
8.765999965667724	0.04499999999999993	epochs	1.0
8.810999965667724	0.7049950000000003	epochs	0.0
8.810999965667724	0.5	epochs	-1.0
8.810999965667724	0.5	epochs	-1.0
8.810999965667724	0.5	epochs	1.0
9.310999965667724	0.0600000000000005	epochs	-1.0
9.310999965667724	0.025000000000000355	epochs	-1.0
9.310999965667724	0.025000000000000355	epochs	1.0
9.335999965667725	0.009999999999999787	epochs	-1.0
9.335999965667725	0.009999999999999787	epochs	1.0
9.345999965667724	0.025000000000000355	epochs	-1.0
9.345999965667724	0.025000000000000355	epochs	1.0
9.370999965667725	0.0600000000000005	epochs	-1.0
9.370999965667725	0.025000000000000355	epochs	-1.0
9.370999965667725	0.025000000000000355	epochs	1.0
9.395999965667725	0.009999999999999787	epochs	-1.0
9.395999965667725	0.009999999999999787	epochs	1.0
9.405999965667725	0.025000000000000355	epochs	-1.0
9.405999965667725	0.025000000000000355	epochs	1.0
9.430999965667725	0.05999999999999872	epochs	-1.0
9.430999965667725	0.02499999999999858	epochs	-1.0
9.430999965667725	0.02499999999999858	epochs	1.0
9.455999965667724	0.010000000000001563	epochs	-1.0
9.455999965667724	0.010000000000001563	epochs	1.0
9.465999965667725	0.02499999999999858	epochs	-1.0
9.465999965667725	0.02499999999999858	epochs	1.0
9.490999965667724	0.024995000000000545	epochs	1.0
331.5199999809265	0.10000000000002274	epochs	0.0
331.5199999809265	0.045000000000015916	epochs	1.0
331.56499998092653	0.009999999999990905	epochs	1.0
331.5749999809265	0.045000000000015916	epochs	1.0
331.61999998092654	0.7049949999999967	epochs	0.0
331.61999998092654	0.5	epochs	-1.0
331.61999998092654	0.5	epochs	1.0
332.11999998092654	0.060000000000002274	epochs	-1.0
332.11999998092654	0.024999999999977263	epochs	-1.0
332.11999998092654	0.024999999999977263	epochs	1.0
332.1449999809265	0.009999999999990905	epochs	-1.0
332.1449999809265	0.009999999999990905	epochs	1.0
332.1549999809265	0.025000000000034106	epochs	-1.0
332.1549999809265	0.025000000000034106	epochs	1.0
332.17999998092654	0.060000000000002274	epochs	-1.0
332.17999998092654	0.024999999999977263	epochs	-1.0
332.17999998092654	0.024999999999977263	epochs	1.0
332.2049999809265	0.009999999999990905	epochs	-1.0
332.2049999809265	0.009999999999990905	epochs	1.0
332.2149999809265	0.025000000000034106	epochs	-1.0
332.2149999809265	0.025000000000034106	epochs	1.0
332.23999998092654	0.05999999999994543	epochs	-1.0
332.23999998092654	0.024999999999977263	epochs	-1.0
332.23999998092654	0.024999999999977263	epochs	1.0
332.2649999809265	0.009999999999990905	epochs	-1.0
332.2649999809265	0.009999999999990905	epochs	1.0
332.2749999809265	0.024999999999977263	epochs	-1.0
332.2749999809265	0.024999999999977263	epochs	1.0
332.2999999809265	0.02499500000004673	epochs	1.0
410.2630000114441	0.10000000000002274	epochs	0.0
410.2630000114441	0.045000000000015916	epochs	1.0
410.3080000114441	0.009999999999990905	epochs	1.0
410.3180000114441	0.045000000000015916	epochs	1.0
410.3630000114441	61.384995	epochs	0.0
410.3630000114441	0.5	epochs	-1.0
410.3630000114441	0.5	epochs	-1.0
410.3630000114441	0.5	epochs	1.0
410.8630000114441	0.060000000000002274	epochs	-1.0
410.8630000114441	0.024999999999977263	epochs	-1.0
410.8630000114441	0.024999999999977263	epochs	1.0
410.8880000114441	0.009999999999990905	epochs	-1.0
410.8880000114441	0.009999999999990905	epochs	1.0
410.8980000114441	0.025000000000034106	epochs	-1.0
410.8980000114441	0.025000000000034106	epochs	1.0
410.9230000114441	0.060000000000002274	epochs	-1.0
410.9230000114441	0.024999999999977263	epochs	-1.0
410.9230000114441	0.024999999999977263	epochs	1.0
410.9480000114441	0.009999999999990905	epochs	-1.0
410.9480000114441	0.009999999999990905	epochs	1.0
410.9580000114441	0.025000000000034106	epochs	-1.0
410.9580000114441	0.025000000000034106	epochs	1.0
410.9830000114441	0.05999999999994543	epochs	-1.0
410.9830000114441	0.024999999999977263	epochs	-1.0
410.9830000114441	0.024999999999977263	epochs	1.0
411.0080000114441	0.009999999999990905	epochs	-1.0
411.0080000114441	0.009999999999990905	epochs	1.0
411.0180000114441	0.024999999999977263	epochs	-1.0
411.0180000114441	0.024999999999977263	epochs	1.0
411.04300001144406	60.0	epochs	1.0
471.04300001144406	0.5	epochs	-1.0
471.04300001144406	0.5	epochs	-1.0
471.04300001144406	0.5	epochs	1.0
471.54300001144406	0.06000000000005912	epochs	-1.0
471.54300001144406	0.025000000000034106	epochs	-1.0
471.54300001144406	0.025000000000034106	epochs	1.0
471.5680000114441	0.009999999999990905	epochs	-1.0
471.5680000114441	0.009999999999990905	epochs	1.0
471.5780000114441	0.025000000000034106	epochs	-1.0
471.5780000114441	0.025000000000034106	epochs	1.0
471.6030000114441	0.05999999999994543	epochs	-1.0
471.6030000114441	0.024999999999977263	epochs	-1.0
471.6030000114441	0.024999999999977263	epochs	1.0
471.6280000114441	0.009999999999990905	epochs	-1.0
471.6280000114441	0.009999999999990905	epochs	1.0
471.6380000114441	0.024999999999977263	epochs	-1.0
471.6380000114441	0.024999999999977263	epochs	1.0
471.66300001144407	0.060000000000002274	epochs	-1.0
471.66300001144407	0.025000000000034106	epochs	-1.0
471.66300001144407	0.025000000000034106	epochs	1.0
471.6880000114441	0.009999999999990905	epochs	-1.0
471.6880000114441	0.009999999999990905	epochs	1.0
471.6980000114441	0.024999999999977263	epochs	-1.0
471.6980000114441	0.024999999999977263	epochs	1.0
471.72300001144407	0.02499500000004673	epochs	1.0
512.3450002670288	0.10000000000002274	epochs	0.0
512.3450002670288	0.04499999999995907	epochs	1.0
512.3900002670288	0.009999999999990905	epochs	1.0
512.4000002670288	0.04500000000007276	epochs	1.0
512.4450002670288	0.7049949999999399	epochs	0.0
512.4450002670288	0.5	epochs	-1.0
512.4450002670288	0.5	epochs	-1.0
512.4450002670288	0.5	epochs	1.0
512.9450002670288	0.05999999999994543	epochs	-1.0
512.9450002670288	0.024999999999977263	epochs	-1.0
512.9450002670288	0.024999999999977263	epochs	1.0
512.9700002670288	0.009999999999990905	epochs	-1.0
512.9700002670288	0.009999999999990905	epochs	1.0
512.9800002670288	0.024999999999977263	epochs	-1.0
512.9800002670288	0.024999999999977263	epochs	1.0
513.0050002670288	0.06000000000005912	epochs	-1.0
513.0050002670288	0.024999999999977263	epochs	-1.0
513.0050002670288	0.024999999999977263	epochs	1.0
513.0300002670288	0.010000000000104592	epochs	-1.0
513.0300002670288	0.010000000000104592	epochs	1.0
513.0400002670289	0.024999999999977263	epochs	-1.0
513.0400002670289	0.024999999999977263	epochs	1.0
513.0650002670288	0.05999999999994543	epochs	-1.0
513.0650002670288	0.024999999999977263	epochs	-1.0
513.0650002670288	0.024999999999977263	epochs	1.0
513.0900002670288	0.009999999999990905	epochs	-1.0
513.0900002670288	0.009999999999990905	epochs	1.0
513.1000002670288	0.024999999999977263	epochs	-1.0
513.1000002670288	0.024999999999977263	epochs	1.0
513.1250002670288	0.024994999999989886	epochs	1.0
513.5500001907349	0.10000000000002274	epochs	0.0
513.5500001907349	0.04499999999995907	epochs	1.0
513.5950001907348	0.009999999999990905	epochs	1.0
513.6050001907348	0.04500000000007276	epochs	1.0
513.6500001907349	0.7049949999999399	epochs	0.0
513.6500001907349	0.5	epochs	-1.0
513.6500001907349	0.5	epochs	-1.0
513.6500001907349	0.5	epochs	1.0
514.1500001907349	0.05999999999994543	epochs	-1.0
514.1500001907349	0.024999999999977263	epochs	-1.0
514.1500001907349	0.024999999999977263	epochs	1.0
514.1750001907349	0.009999999999990905	epochs	-1.0
514.1750001907349	0.009999999999990905	epochs	1.0
514.1850001907349	0.024999999999977263	epochs	-1.0
514.1850001907349	0.024999999999977263	epochs	1.0
514.2100001907348	0.06000000000005912	epochs	-1.0
514.2100001907348	0.024999999999977263	epochs	-1.0
514.2100001907348	0.024999999999977263	epochs	1.0
514.2350001907348	0.010000000000104592	epochs	-1.0
514.2350001907348	0.010000000000104592	epochs	1.0
514.2450001907349	0.024999999999977263	epochs	-1.0
514.2450001907349	0.024999999999977263	epochs	1.0
514.2700001907349	0.05999999999994543	epochs	-1.0
514.2700001907349	0.024999999999977263	epochs	-1.0
514.2700001907349	0.024999999999977263	epochs	1.0
514.2950001907349	0.009999999999990905	epochs	-1.0
514.2950001907349	0.009999999999990905	epochs	1.0
514.3050001907349	0.024999999999977263	epochs	-1.0
514.3050001907349	0.024999999999977263	epochs	1.0
514.3300001907348	0.024994999999989886	epochs	1.0
514.683000087738	0.10000000000002274	epochs	0.0
514.683000087738	0.04499999999995907	epochs	1.0
514.728000087738	0.009999999999990905	epochs	1.0
514.738000087738	0.04500000000007276	epochs	1.0
514.7830000877381	0.7049949999999399	epochs	0.0
514.7830000877381	0.5	epochs	-1.0
514.7830000877381	0.5	epochs	-1.0
514.7830000877381	0.5	epochs	1.0
515.2830000877381	0.05999999999994543	epochs	-1.0
515.2830000877381	0.024999999999977263	epochs	-1.0
515.2830000877381	0.024999999999977263	epochs	1.0
515.308000087738	0.009999999999990905	epochs	-1.0
515.308000087738	0.009999999999990905	epochs	1.0
515.318000087738	0.024999999999977263	epochs	-1.0
515.318000087738	0.024999999999977263	epochs	1.0
515.343000087738	0.06000000000005912	epochs	-1.0
515.343000087738	0.024999999999977263	epochs	-1.0
515.343000087738	0.024999999999977263	epochs	1.0
515.368000087738	0.010000000000104592	epochs	-1.0
515.368000087738	0.010000000000104592	epochs	1.0
515.3780000877381	0.024999999999977263	epochs	-1.0
515.3780000877381	0.024999999999977263	epochs	1.0
515.4030000877381	0.05999999999994543	epochs	-1.0
515.4030000877381	0.024999999999977263	epochs	-1.0
515.4030000877381	0.024999999999977263	epochs	1.0
515.428000087738	0.009999999999990905	epochs	-1.0
515.428000087738	0.009999999999990905	epochs	1.0
515.438000087738	0.024999999999977263	epochs	-1.0
515.438000087738	0.024999999999977263	epochs	1.0
515.463000087738	0.024994999999989886	epochs	1.0
572.4620003700256	0.04690000000005057	epochs	0.0
572.4620003700256	0.018450499999971726	epochs	1.0
572.4804508700256	0.00999899999999343	epochs	1.0
572.4904498700256	0.018450500000085412	epochs	1.0
572.5089003700257	5.999979999999937	epochs	0.0
572.5089003700257	0.5	epochs	1.0
572.5089046700257	0.5	epochs	-1.0
572.5089046700257	0.5	epochs	-1.0
573.0089003700257	5.0	epochs	1.0
578.0089003700257	0.4999799999999368	epochs	1.0
578.0089046700257	0.4999756999999363	epochs	-1.0
584.2070002555847	0.04690000000005057	epochs	0.0
584.2070002555847	0.018450499999971726	epochs	1.0
584.2254507555847	0.00999899999999343	epochs	1.0
584.2354497555847	0.018450500000085412	epochs	1.0
584.2539002555848	2.5129799999999705	epochs	0.0
584.2539002555848	0.5	epochs	1.0
584.2539045555848	0.5	epochs	-1.0
584.7539002555848	1.0	epochs	1.0
585.7539002555848	1.0129799999999705	epochs	1.0
586.2539045555848	0.5	epochs	-1.0
586.7668802555847	0.9869999999999663	epochs	0.0
587.1070003509521	0.04690000000005057	epochs	0.0
587.1070003509521	0.018450499999971726	epochs	1.0
587.1254508509521	0.00999899999999343	epochs	1.0
587.1354498509521	0.018450500000085412	epochs	1.0
587.1539003509522	2.5529999999999973	epochs	0.0
587.1539003509522	0.5	epochs	1.0
587.1539046509522	0.5	epochs	-1.0
587.6539003509522	1.0	epochs	1.0
588.6539003509522	1.0529999999999973	epochs	1.0
589.1539046509522	0.5	epochs	-1.0
589.7069003509522	0.9469799999999395	epochs	0.0
590.0570001602173	0.04690000000005057	epochs	0.0
590.0570001602173	0.018450499999971726	epochs	1.0
590.0754506602173	0.00999899999999343	epochs	1.0
590.0854496602173	0.018450500000085412	epochs	1.0
590.1039001602173	0.5329799999999523	epochs	0.0
590.1039001602173	0.5	epochs	1.0
590.1039044602173	0.5	epochs	-1.0
590.6039001602173	0.03297999999995227	epochs	1.0
590.6368801602173	2.9669999999999845	epochs	0.0
591.0069999694824	0.04690000000005057	epochs	0.0
591.0069999694824	0.018450499999971726	epochs	1.0
591.0254504694824	0.00999899999999343	epochs	1.0
591.0354494694824	0.018450500000085412	epochs	1.0
591.0538999694825	2.53291999999999	epochs	0.0
591.0538999694825	0.5	epochs	1.0
591.0539042694825	0.5	epochs	-1.0
591.5538999694825	1.0	epochs	1.0
592.5538999694825	1.03291999999999	epochs	1.0
593.0539042694825	0.5	epochs	-1.0
593.5868199694825	0.9670599999999467	epochs	0.0
593.9260001182556	0.04690000000005057	epochs	0.0
593.9260001182556	0.018450499999971726	epochs	1.0
593.9444506182556	0.00999899999999343	epochs	1.0
593.9544496182556	0.018450500000085412	epochs	1.0
593.9729001182557	2.5129799999999705	epochs	0.0
593.9729001182557	0.5	epochs	1.0
593.9729044182557	0.5	epochs	-1.0
594.4729001182557	1.0	epochs	1.0
595.4729001182557	1.0129799999999705	epochs	1.0
595.9729044182557	0.5	epochs	-1.0
596.4858801182556	0.9869999999999663	epochs	0.0
596.8420000076294	0.04690000000005057	epochs	0.0
596.8420000076294	0.018450499999971726	epochs	1.0
596.8604505076294	0.00999899999999343	epochs	1.0
596.8704495076294	0.018450500000085412	epochs	1.0
596.8889000076294	2.5129799999999705	epochs	0.0
596.8889000076294	0.5	epochs	1.0
596.8889043076294	0.5	epochs	-1.0
597.3889000076294	1.0	epochs	1.0
598.3889000076294	1.0129799999999705	epochs	1.0
598.8889043076294	0.5	epochs	-1.0
599.4018800076294	0.9869999999999663	epochs	0.0
599.7920002937317	0.6499800000000278	epochs	0.0
599.7920002937317	0.049999999999954525	epochs	1.0
599.8420002937316	0.5	epochs	1.0
600.3420002937316	0.09998000000007323	epochs	1.0
600.8590002059937	0.6499800000000278	epochs	0.0
600.8590002059937	0.049999999999954525	epochs	1.0
600.9090002059936	0.5	epochs	1.0
601.4090002059936	0.09998000000007323	epochs	1.0
601.9260001182556	0.6499800000000278	epochs	0.0
601.9260001182556	0.049999999999954525	epochs	1.0
601.9760001182556	0.5	epochs	1.0
602.4760001182556	0.09998000000007323	epochs	1.0
603.0090003013611	0.6499800000000278	epochs	0.0
603.0090003013611	0.049999999999954525	epochs	1.0
603.059000301361	0.5	epochs	1.0
603.559000301361	0.09998000000007323	epochs	1.0
604.079999923706	0.6499800000000278	epochs	0.0
604.079999923706	0.049999999999954525	epochs	1.0
604.129999923706	0.5	epochs	1.0
604.629999923706	0.09998000000007323	epochs	1.0
605.2470002174377	0.04690000000005057	epochs	0.0
605.2470002174377	0.018450499999971726	epochs	1.0
605.2654507174377	0.00999899999999343	epochs	1.0
605.2754497174377	0.018450500000085412	epochs	1.0
605.2939002174378	2.51299999999992	epochs	0.0
605.2939002174378	0.5	epochs	1.0
605.2939045174378	0.5	epochs	-1.0
605.7939002174378	1.0	epochs	1.0
606.7939002174378	1.01299999999992	epochs	1.0
607.2939045174378	0.5	epochs	-1.0
607.8069002174377	2.986980000000017	epochs	0.0
610.4470000267029	0.04690000000005057	epochs	0.0
610.4470000267029	0.018450499999971726	epochs	1.0
610.4654505267029	0.00999899999999343	epochs	1.0
610.4754495267028	0.018450500000085412	epochs	1.0
610.4939000267029	2.513979999999947	epochs	0.0
610.4939000267029	0.5	epochs	1.0
610.4939043267029	0.5	epochs	-1.0
610.9939000267029	1.0	epochs	1.0
611.9939000267029	1.0139799999999468	epochs	1.0
612.4939043267029	0.5	epochs	-1.0
613.0078800267029	2.98599999999999	epochs	0.0
615.6600003242493	0.04690000000005057	epochs	0.0
615.6600003242493	0.018450499999971726	epochs	1.0
615.6784508242492	0.00999899999999343	epochs	1.0
615.6884498242492	0.018450500000085412	epochs	1.0
615.7069003242493	6.499979999999937	epochs	0.0
615.7069003242493	0.5	epochs	1.0
615.7069046242493	0.5	epochs	-1.0
616.2069003242493	1.0	epochs	1.0
617.2069003242493	4.999979999999937	epochs	1.0
617.7069046242493	0.5	epochs	-1.0
618.2069046242493	0.5	epochs	-1.0
618.7069046242493	0.5	epochs	-1.0
619.2069046242493	0.5	epochs	-1.0
619.7069046242493	0.5	epochs	-1.0
620.2069046242493	0.5	epochs	-1.0
620.7069046242493	0.5	epochs	-1.0
621.2069046242493	0.5	epochs	-1.0
622.7430000305176	0.04690000000005057	epochs	0.0
622.7430000305176	0.018450499999971726	epochs	1.0
622.7614505305175	0.00999899999999343	epochs	1.0
622.7714495305175	0.018450500000085412	epochs	1.0
622.7899000305176	0.5539799999999104	epochs	0.0
622.7899000305176	0.5	epochs	1.0
622.7899043305176	0.5	epochs	-1.0
623.2899000305176	0.05397999999991043	epochs	1.0
623.3438800305175	5.946000000000026	epochs	0.0
623.8370003700256	0.04690000000005057	epochs	0.0
623.8370003700256	0.018450499999971726	epochs	1.0
623.8554508700256	0.00999899999999343	epochs	1.0
623.8654498700256	0.018450500000085412	epochs	1.0
623.8839003700257	4.513059999999996	epochs	0.0
623.8839003700257	0.5	epochs	1.0
623.8839046700257	0.5	epochs	-1.0
624.3839003700257	1.0	epochs	1.0
625.3839003700257	3.013059999999996	epochs	1.0
625.8839046700257	0.5	epochs	-1.0
626.3839046700257	0.5	epochs	-1.0
626.8839046700257	0.5	epochs	-1.0
627.3839046700257	0.5	epochs	-1.0
627.8839046700257	0.5	epochs	-1.0
628.3969603700257	1.986919999999941	epochs	0.0
628.9210000038147	0.04690000000005057	epochs	0.0
628.9210000038147	0.018450499999971726	epochs	1.0
628.9394505038147	0.00999899999999343	epochs	1.0
628.9494495038147	0.018450500000085412	epochs	1.0
628.9679000038147	6.499979999999937	epochs	0.0
628.9679000038147	0.5	epochs	1.0
628.9679043038147	0.5	epochs	-1.0
629.4679000038147	1.0	epochs	1.0
630.4679000038147	4.999979999999937	epochs	1.0
630.9679043038147	0.5	epochs	-1.0
631.4679043038147	0.5	epochs	-1.0
631.9679043038147	0.5	epochs	-1.0
632.4679043038147	0.5	epochs	-1.0
632.9679043038147	0.5	epochs	-1.0
633.4679043038147	0.5	epochs	-1.0
633.9679043038147	0.5	epochs	-1.0
634.4679043038147	0.5	epochs	-1.0
636.0910000801086	0.04690000000005057	epochs	0.0
636.0910000801086	0.018450499999971726	epochs	1.0
636.1094505801086	0.00999899999999343	epochs	1.0
636.1194495801086	0.018450500000085412	epochs	1.0
636.1379000801087	0.5529799999999341	epochs	0.0
636.1379000801087	0.5	epochs	1.0
636.1379043801087	0.5	epochs	-1.0
636.6379000801087	0.05297999999993408	epochs	1.0
636.6908800801086	5.947000000000003	epochs	0.0
652.2020001411438	0.04690000000005057	epochs	0.0
652.2020001411438	0.018450499999971726	epochs	1.0
652.2204506411438	0.00999899999999343	epochs	1.0
652.2304496411438	0.018450500000085412	epochs	1.0
652.2489001411438	2.513979999999947	epochs	0.0
652.2489001411438	0.5	epochs	1.0
652.2489044411438	0.5	epochs	-1.0
652.7489001411438	1.0	epochs	1.0
653.7489001411438	1.0139799999999468	epochs	1.0
654.2489044411438	0.5	epochs	-1.0
654.7628801411438	3.98599999999999	epochs	0.0
655.3050003051758	0.04690000000005057	epochs	0.0
655.3050003051758	0.018450499999971726	epochs	1.0
655.3234508051758	0.00999899999999343	epochs	1.0
655.3334498051757	0.018450500000085412	epochs	1.0
655.3519003051758	6.499979999999937	epochs	0.0
655.3519003051758	0.5	epochs	1.0
655.3519046051758	0.5	epochs	-1.0
655.8519003051758	1.0	epochs	1.0
656.8519003051758	4.999979999999937	epochs	1.0
657.3519046051758	0.5	epochs	-1.0
657.8519046051758	0.5	epochs	-1.0
658.3519046051758	0.5	epochs	-1.0
658.8519046051758	0.5	epochs	-1.0
659.3519046051758	0.5	epochs	-1.0
659.8519046051758	0.5	epochs	-1.0
660.3519046051758	0.5	epochs	-1.0
660.8519046051758	0.5	epochs	-1.0
662.454999923706	0.04690000000005057	epochs	0.0
662.454999923706	0.018450499999971726	epochs	1.0
662.473450423706	0.00999899999999343	epochs	1.0
662.483449423706	0.018450500000085412	epochs	1.0
662.5018999237061	0.5539799999999104	epochs	0.0
662.5018999237061	0.5	epochs	1.0
662.5019042237061	0.5	epochs	-1.0
663.0018999237061	0.05397999999991043	epochs	1.0
663.055879923706	5.946000000000026	epochs	0.0
678.6930003166199	0.04690000000005057	epochs	0.0
678.6930003166199	0.018450499999971726	epochs	1.0
678.7114508166198	0.00999899999999343	epochs	1.0
678.7214498166198	0.018450500000085412	epochs	1.0
678.7399003166199	6.499979999999937	epochs	0.0
678.7399003166199	0.5	epochs	1.0
678.7399046166199	0.5	epochs	-1.0
679.2399003166199	1.0	epochs	1.0
680.2399003166199	4.999979999999937	epochs	1.0
680.7399046166199	0.5	epochs	-1.0
681.2399046166199	0.5	epochs	-1.0
681.7399046166199	0.5	epochs	-1.0
682.2399046166199	0.5	epochs	-1.0
682.7399046166199	0.5	epochs	-1.0
683.2399046166199	0.5	epochs	-1.0
683.7399046166199	0.5	epochs	-1.0
684.2399046166199	0.5	epochs	-1.0
685.9630002975464	0.04690000000005057	epochs	0.0
685.9630002975464	0.018450499999971726	epochs	1.0
685.9814507975464	0.00999899999999343	epochs	1.0
685.9914497975464	0.018450500000085412	epochs	1.0
686.0099002975464	0.5530199999999468	epochs	0.0
686.0099002975464	0.5	epochs	1.0
686.0099045975464	0.5	epochs	-1.0
686.5099002975464	0.053019999999946776	epochs	1.0
686.5629202975464	5.94695999999999	epochs	0.0
702.1570000648499	0.04690000000005057	epochs	0.0
702.1570000648499	0.018450499999971726	epochs	1.0
702.1754505648498	0.00999899999999343	epochs	1.0
702.1854495648498	0.018450500000085412	epochs	1.0
702.2039000648499	2.5129799999999705	epochs	0.0
702.2039000648499	0.5	epochs	1.0
702.2039043648499	0.5	epochs	-1.0
702.7039000648499	1.0	epochs	1.0
703.7039000648499	1.0129799999999705	epochs	1.0
704.2039043648499	0.5	epochs	-1.0
704.7168800648499	3.9869999999999663	epochs	0.0
705.3450002670288	0.04690000000005057	epochs	0.0
705.3450002670288	0.018450499999971726	epochs	1.0
705.3634507670288	0.00999899999999343	epochs	1.0
705.3734497670288	0.018450500000085412	epochs	1.0
705.3919002670289	6.499979999999937	epochs	0.0
705.3919002670289	0.5	epochs	1.0
705.3919045670289	0.5	epochs	-1.0
705.8919002670289	1.0	epochs	1.0
706.8919002670289	4.999979999999937	epochs	1.0
707.3919045670289	0.5	epochs	-1.0
707.8919045670289	0.5	epochs	-1.0
708.3919045670289	0.5	epochs	-1.0
708.8919045670289	0.5	epochs	-1.0
709.3919045670289	0.5	epochs	-1.0
709.8919045670289	0.5	epochs	-1.0
710.3919045670289	0.5	epochs	-1.0
710.8919045670289	0.5	epochs	-1.0
712.5950002670288	0.04690000000005057	epochs	0.0
712.5950002670288	0.018450499999971726	epochs	1.0
712.6134507670288	0.00999899999999343	epochs	1.0
712.6234497670288	0.018450500000085412	epochs	1.0
712.6419002670289	0.5339799999999286	epochs	0.0
712.6419002670289	0.5	epochs	1.0
712.6419045670289	0.5	epochs	-1.0
713.1419002670289	0.03397999999992862	epochs	1.0
713.1758802670288	5.966000000000008	epochs	0.0
734.9120001792908	0.04690000000005057	epochs	0.0
734.9120001792908	0.018450499999971726	epochs	1.0
734.9304506792907	0.00999899999999343	epochs	1.0
734.9404496792907	0.018450500000085412	epochs	1.0
734.9589001792908	0.5529799999999341	epochs	0.0
734.9589001792908	0.5	epochs	1.0
734.9589044792908	0.5	epochs	-1.0
735.4589001792908	0.05297999999993408	epochs	1.0
735.5118801792908	5.947000000000003	epochs	0.0
736.1119999885559	0.04690000000005057	epochs	0.0
736.1119999885559	0.018450499999971726	epochs	1.0
736.1304504885559	0.00999899999999343	epochs	1.0
736.1404494885559	0.018450500000085412	epochs	1.0
736.158899988556	0.5529799999999341	epochs	0.0
736.158899988556	0.5	epochs	1.0
736.158904288556	0.5	epochs	-1.0
736.658899988556	0.05297999999993408	epochs	1.0
736.7118799885559	5.947000000000003	epochs	0.0
752.2810001373291	0.04690000000005057	epochs	0.0
752.2810001373291	0.018450499999971726	epochs	1.0
752.2994506373291	0.00999899999999343	epochs	1.0
752.3094496373291	0.018450500000085412	epochs	1.0
752.3279001373292	2.51299999999992	epochs	0.0
752.3279001373292	0.5	epochs	1.0
752.3279044373292	0.5	epochs	-1.0
752.8279001373292	1.0	epochs	1.0
753.8279001373292	1.01299999999992	epochs	1.0
754.3279044373292	0.5	epochs	-1.0
754.8409001373291	3.986980000000017	epochs	0.0
755.4650001525879	0.04690000000005057	epochs	0.0
755.4650001525879	0.018450499999971726	epochs	1.0
755.4834506525879	0.00999899999999343	epochs	1.0
755.4934496525879	0.018450500000085412	epochs	1.0
755.5119001525879	2.513979999999947	epochs	0.0
755.5119001525879	0.5	epochs	1.0
755.5119044525879	0.5	epochs	-1.0
756.0119001525879	1.0	epochs	1.0
757.0119001525879	1.0139799999999468	epochs	1.0
757.5119044525879	0.5	epochs	-1.0
758.0258801525879	3.98599999999999	epochs	0.0
758.6480002403259	0.04690000000005057	epochs	0.0
758.6480002403259	0.018450499999971726	epochs	1.0
758.6664507403259	0.00999899999999343	epochs	1.0
758.6764497403259	0.018450500000085412	epochs	1.0
758.694900240326	2.513979999999947	epochs	0.0
758.694900240326	0.5	epochs	1.0
758.694904540326	0.5	epochs	-1.0
759.194900240326	1.0	epochs	1.0
760.194900240326	1.0139799999999468	epochs	1.0
760.694904540326	0.5	epochs	-1.0
761.2088802403259	3.98599999999999	epochs	0.0
761.8480000495911	0.04690000000005057	epochs	0.0
761.8480000495911	0.018450499999971726	epochs	1.0
761.866450549591	0.00999899999999343	epochs	1.0
761.876449549591	0.018450500000085412	epochs	1.0
761.8949000495911	5.032999999999902	epochs	0.0
761.8949000495911	0.5	epochs	1.0
761.8949043495911	0.5	epochs	-1.0
762.3949000495911	1.0	epochs	1.0
763.3949000495911	3.5329999999999018	epochs	1.0
763.8949043495911	0.5	epochs	-1.0
764.3949043495911	0.5	epochs	-1.0
764.8949043495911	0.5	epochs	-1.0
765.3949043495911	0.5	epochs	-1.0
765.8949043495911	0.5	epochs	-1.0
766.3949043495911	0.5	epochs	-1.0
766.927900049591	1.466980000000035	epochs	0.0
767.6070003509521	0.04690000000005057	epochs	0.0
767.6070003509521	0.018450499999971726	epochs	1.0
767.6254508509521	0.00999899999999343	epochs	1.0
767.6354498509521	0.018450500000085412	epochs	1.0
767.6539003509522	6.033999999999992	epochs	0.0
767.6539003509522	0.5	epochs	1.0
767.6539046509522	0.5	epochs	-1.0
768.1539003509522	1.0	epochs	1.0
769.1539003509522	4.533999999999992	epochs	1.0
769.6539046509522	0.5	epochs	-1.0
770.1539046509522	0.5	epochs	-1.0
770.6539046509522	0.5	epochs	-1.0
771.1539046509522	0.5	epochs	-1.0
771.6539046509522	0.5	epochs	-1.0
772.1539046509522	0.5	epochs	-1.0
772.6539046509522	0.5	epochs	-1.0
773.1539046509522	0.5	epochs	-1.0
773.6879003509522	0.465979999999945	epochs	0.0
774.3850002288818	0.04690000000005057	epochs	0.0
774.3850002288818	0.018450499999971726	epochs	1.0
774.4034507288818	0.00999899999999343	epochs	1.0
774.4134497288818	0.018450500000085412	epochs	1.0
774.4319002288819	6.499979999999937	epochs	0.0
774.4319002288819	0.5	epochs	1.0
774.4319045288819	0.5	epochs	-1.0
774.9319002288819	1.0	epochs	1.0
775.9319002288819	4.999979999999937	epochs	1.0
776.4319045288819	0.5	epochs	-1.0
776.9319045288819	0.5	epochs	-1.0
777.4319045288819	0.5	epochs	-1.0
777.9319045288819	0.5	epochs	-1.0
778.4319045288819	0.5	epochs	-1.0
778.9319045288819	0.5	epochs	-1.0
779.4319045288819	0.5	epochs	-1.0
779.9319045288819	0.5	epochs	-1.0
781.7520003318787	0.04690000000005057	epochs	0.0
781.7520003318787	0.018450499999971726	epochs	1.0
781.7704508318786	0.00999899999999343	epochs	1.0
781.7804498318786	0.018450500000085412	epochs	1.0
781.7989003318787	0.5539799999999104	epochs	0.0
781.7989003318787	0.5	epochs	1.0
781.7989046318787	0.5	epochs	-1.0
782.2989003318787	0.05397999999991043	epochs	1.0
782.3528803318786	5.946000000000026	epochs	0.0
797.9370002746582	0.04690000000005057	epochs	0.0
797.9370002746582	0.018450499999971726	epochs	1.0
797.9554507746582	0.00999899999999343	epochs	1.0
797.9654497746582	0.018450500000085412	epochs	1.0
797.9839002746583	2.51299999999992	epochs	0.0
797.9839002746583	0.5	epochs	1.0
797.9839045746583	0.5	epochs	-1.0
798.4839002746583	1.0	epochs	1.0
799.4839002746583	1.01299999999992	epochs	1.0
799.9839045746583	0.5	epochs	-1.0
800.4969002746582	3.986980000000017	epochs	0.0
801.2710003852844	0.15297999999995682	epochs	0.0
801.2710003852844	0.049999999999954525	epochs	1.0
801.3210003852844	0.0030000000000427463	epochs	1.0
801.3240003852844	0.09997999999995955	epochs	1.0
802.1040000915527	0.15297999999995682	epochs	0.0
802.1040000915527	0.049999999999954525	epochs	1.0
802.1540000915527	0.0030000000000427463	epochs	1.0
802.1570000915527	0.09997999999995955	epochs	1.0
802.9710001945496	0.15297999999995682	epochs	0.0
802.9710001945496	0.049999999999954525	epochs	1.0
803.0210001945495	0.0030000000000427463	epochs	1.0
803.0240001945496	0.09997999999995955	epochs	1.0
803.871000289917	0.15297999999995682	epochs	0.0
803.871000289917	0.049999999999954525	epochs	1.0
803.921000289917	0.0030000000000427463	epochs	1.0
803.924000289917	0.09997999999995955	epochs	1.0
804.7470002174377	0.15297999999995682	epochs	0.0
804.7470002174377	0.049999999999954525	epochs	1.0
804.7970002174377	0.0030000000000427463	epochs	1.0
804.8000002174377	0.09997999999995955	epochs	1.0
805.6300001144409	0.15297999999995682	epochs	0.0
805.6300001144409	0.049999999999954525	epochs	1.0
805.6800001144409	0.0030000000000427463	epochs	1.0
805.6830001144409	0.09997999999995955	epochs	1.0
806.563000202179	0.15297999999995682	epochs	0.0
806.563000202179	0.049999999999954525	epochs	1.0
806.6130002021789	0.0030000000000427463	epochs	1.0
806.616000202179	0.09997999999995955	epochs	1.0
807.4800000190735	0.15297999999995682	epochs	0.0
807.4800000190735	0.049999999999954525	epochs	1.0
807.5300000190734	0.0030000000000427463	epochs	1.0
807.5330000190735	0.09997999999995955	epochs	1.0
808.3800001144409	0.15297999999995682	epochs	0.0
808.3800001144409	0.049999999999954525	epochs	1.0
808.4300001144409	0.0030000000000427463	epochs	1.0
808.4330001144409	0.09997999999995955	epochs	1.0
809.329999923706	0.15297999999995682	epochs	0.0
809.329999923706	0.049999999999954525	epochs	1.0
809.379999923706	0.0030000000000427463	epochs	1.0
809.382999923706	0.09997999999995955	epochs	1.0
810.313000202179	0.15297999999995682	epochs	0.0
810.313000202179	0.049999999999954525	epochs	1.0
810.3630002021789	0.0030000000000427463	epochs	1.0
810.366000202179	0.09997999999995955	epochs	1.0
811.2630000114441	0.15297999999995682	epochs	0.0
811.2630000114441	0.049999999999954525	epochs	1.0
811.313000011444	0.0030000000000427463	epochs	1.0
811.3160000114441	0.09997999999995955	epochs	1.0
812.2300000190735	0.15297999999995682	epochs	0.0
812.2300000190735	0.049999999999954525	epochs	1.0
812.2800000190734	0.0030000000000427463	epochs	1.0
812.2830000190735	0.09997999999995955	epochs	1.0
813.2130002975464	0.15297999999995682	epochs	0.0
813.2130002975464	0.049999999999954525	epochs	1.0
813.2630002975463	0.0030000000000427463	epochs	1.0
813.2660002975464	0.09997999999995955	epochs	1.0
814.1800003051758	0.15297999999995682	epochs	0.0
814.1800003051758	0.049999999999954525	epochs	1.0
814.2300003051757	0.0030000000000427463	epochs	1.0
814.2330003051758	0.09997999999995955	epochs	1.0
815.2490000724792	0.04690000000005057	epochs	0.0
815.2490000724792	0.018450499999971726	epochs	1.0
815.2674505724792	0.00999899999999343	epochs	1.0
815.2774495724792	0.018450500000085412	epochs	1.0
815.2959000724793	1.5529999999999973	epochs	0.0
815.2959000724793	0.5	epochs	1.0
815.2959043724793	0.5	epochs	-1.0
815.7959000724793	0.0029999999999290594	epochs	1.0
815.7989000724792	1.0500000000000682	epochs	1.0
816.2989043724792	0.5	epochs	-1.0
816.8489000724793	0.04998000000000502	epochs	0.0
817.5989999771118	0.04690000000005057	epochs	0.0
817.5989999771118	0.018450499999971726	epochs	1.0
817.6174504771118	0.00999899999999343	epochs	1.0
817.6274494771118	0.018450500000085412	epochs	1.0
817.6458999771119	1.552979999999934	epochs	0.0
817.6458999771119	0.5	epochs	1.0
817.6459042771119	0.5	epochs	-1.0
818.1458999771119	0.0029999999999290594	epochs	1.0
818.1488999771118	1.049980000000005	epochs	1.0
818.6489042771118	0.5	epochs	-1.0
819.1988799771118	0.05000000000006821	epochs	0.0
820.1160001754761	0.04690000000005057	epochs	0.0
820.1160001754761	0.018450499999971726	epochs	1.0
820.134450675476	0.00999899999999343	epochs	1.0
820.144449675476	0.018450500000085412	epochs	1.0
820.1629001754761	10.013919999999985	epochs	0.0
820.1629001754761	0.5	epochs	1.0
820.1629044754761	0.5	epochs	-1.0
820.6629001754761	9.513919999999985	epochs	1.0
829.1759401754761	1.000880000000052	epochs	-1.0
829.1759401754761	0.03994000000000142	epochs	-1.0
829.673424475476	0.5	epochs	-1.0
830.1768201754761	9.486059999999952	epochs	0.0
831.3159999847412	0.04690000000005057	epochs	0.0
831.3159999847412	0.018450499999971726	epochs	1.0
831.3344504847412	0.00999899999999343	epochs	1.0
831.3444494847412	0.018450500000085412	epochs	1.0
831.3628999847413	9.752999999999929	epochs	0.0
831.3628999847413	0.5	epochs	1.0
831.3629042847413	0.5	epochs	-1.0
831.8628999847413	9.252999999999929	epochs	1.0
840.1159399847412	0.9999599999999873	epochs	-1.0
840.1159399847412	0.03989999999998872	epochs	-1.0
840.6134242847412	0.5	epochs	-1.0
841.1158999847412	9.746980000000008	epochs	0.0
841.9539999961853	0.04690000000005057	epochs	0.0
841.9539999961853	0.018450499999971726	epochs	1.0
841.9724504961853	0.00999899999999343	epochs	1.0
841.9824494961853	0.018450500000085412	epochs	1.0
842.0008999961854	0.5529799999999341	epochs	0.0
842.0008999961854	0.5	epochs	1.0
842.0009042961854	0.5	epochs	-1.0
842.5008999961854	0.05297999999993408	epochs	1.0
842.5538799961853	18.947000000000003	epochs	0.0
871.2090001106262	0.04690000000005057	epochs	0.0
871.2090001106262	0.018450499999971726	epochs	1.0
871.2274506106262	0.00999899999999343	epochs	1.0
871.2374496106262	0.018450500000085412	epochs	1.0
871.2559001106263	10.312919999999963	epochs	0.0
871.2559001106263	0.5	epochs	1.0
871.2559044106263	0.5	epochs	-1.0
871.7559001106263	9.812919999999963	epochs	1.0
880.5689401106263	0.9998799999999619	epochs	-1.0
880.5689401106263	0.03989999999998872	epochs	-1.0
881.0664244106263	0.5	epochs	-1.0
881.5688201106262	9.187059999999974	epochs	0.0
895.28600025177	0.046879999999987376	epochs	0.0
895.28600025177	0.018442599999957565	epochs	1.0
895.30444285177	0.009994800000072246	epochs	1.0
895.31443765177	0.018442599999957565	epochs	1.0
895.33288025177	2.0	epochs	0.0
897.33288025177	0.5137600000000475	epochs	0.0
897.33288025177	0.5137600000000475	epochs	1.0
897.3329045517701	0.5	epochs	-1.0
897.8329045517701	0.013735699999983808	epochs	-1.0
897.84664025177	21.486159999999927	epochs	0.0
899.1530003547668	0.046879999999987376	epochs	0.0
899.1530003547668	0.018442599999957565	epochs	1.0
899.1714429547668	0.009994800000072246	epochs	1.0
899.1814377547669	0.018442599999957565	epochs	1.0
899.1998803547668	2.0	epochs	0.0
901.1998803547668	5.392799999999966	epochs	0.0
901.1998803547668	1.0	epochs	1.0
901.1999046547669	0.5	epochs	-1.0
901.6999046547669	4.892775699999902	epochs	-1.0
902.1998803547668	4.392799999999966	epochs	1.0
902.1998803547668	4.356753900000058	epochs	-1.0
902.1998803547668	1.9745871999999736	epochs	2.0
902.1998803547668	1.0985622000000603	epochs	3.0
903.2984425547669	0.8760249999999132	epochs	3.0
904.1744675547668	1.3524075000000266	epochs	2.0
904.1744675547668	0.7286354999999958	epochs	3.0
904.9031030547668	0.6237720000000309	epochs	3.0
905.5268750547668	1.0297592000000577	epochs	2.0
905.5268750547668	0.5453293000000485	epochs	3.0
906.0722043547669	0.4844299000000092	epochs	3.0
906.5566342547669	0.03604609999990771	epochs	2.0
906.5566342547669	0.03604609999990771	epochs	3.0
906.5926803547668	16.60712000000001	epochs	0.0
907.5390000343323	0.046879999999987376	epochs	0.0
907.5390000343323	0.018442599999957565	epochs	1.0
907.5574426343322	0.009994800000072246	epochs	1.0
907.5674374343323	0.018442599999957565	epochs	1.0
907.5858800343323	2.0	epochs	0.0
909.5858800343323	21.999919999999975	epochs	0.0
909.5858800343323	1.0	epochs	1.0
909.5859043343323	0.5	epochs	-1.0
910.0859043343323	19.99935999999991	epochs	-1.0
910.5858800343323	20.0	epochs	1.0
910.5858800343323	4.356753900000058	epochs	-1.0
910.5858800343323	1.9745871999999736	epochs	2.0
910.5858800343323	1.0985622000000603	epochs	3.0
911.6844422343323	0.8760249999999132	epochs	3.0
912.5604672343322	1.3524075000000266	epochs	2.0
912.5604672343322	0.7286354999999958	epochs	3.0
913.2891027343322	0.6237720000000309	epochs	3.0
913.9128747343323	1.0297592000000577	epochs	2.0
913.9128747343323	0.5453293000000485	epochs	3.0
914.4582040343323	0.4844299000000092	epochs	3.0
914.9426339343323	0.8317862000000105	epochs	2.0
914.9426339343323	0.4357762999999295	epochs	3.0
915.3784102343323	0.39600990000008096	epochs	3.0
915.7744201343323	0.6977969999999232	epochs	2.0
915.7744201343323	0.36289819999990414	epochs	3.0
916.1373183343322	0.33489880000001904	epochs	3.0
916.4722171343323	0.601045699999986	epochs	2.0
916.4722171343323	0.3109123000000409	epochs	3.0
916.7831294343323	0.29013339999994514	epochs	3.0
917.0732628343322	0.5278859000000011	epochs	2.0
917.0732628343322	0.2719586000000618	epochs	3.0
917.3452214343323	0.25592729999993935	epochs	3.0
917.6011487343322	0.4706193000000667	epochs	2.0
917.6011487343322	0.241681299999982	epochs	3.0
917.8428300343322	0.22893800000008468	epochs	3.0
918.0717680343323	0.42457039999999324	epochs	2.0
918.0717680343323	0.21747140000002219	epochs	3.0
918.2892394343323	0.20709899999997106	epochs	3.0
918.4963384343323	0.3867354000000205	epochs	2.0
918.4963384343323	0.19767109999997956	epochs	3.0
918.6940095343323	0.18906430000004093	epochs	3.0
918.8830738343323	0.35509529999990264	epochs	2.0
918.8830738343323	0.18117589999997108	epochs	3.0
919.0642497343323	0.17391939999993156	epochs	3.0
919.2381691343322	0.3282431000000088	epochs	2.0
919.2381691343322	0.1672219000000723	epochs	3.0
919.4053910343323	0.16102119999993647	epochs	3.0
919.5664122343322	0.30516800000009425	epochs	2.0
919.5664122343322	0.15526390000002266	epochs	3.0
919.7216761343323	0.1499041000000716	epochs	3.0
919.8715802343323	0.28512530000000424	epochs	2.0
919.8715802343323	0.1449020999999675	epochs	3.0
920.0164823343323	0.14022320000003674	epochs	3.0
920.1567055343323	0.2675537999999733	epochs	2.0
920.1567055343323	0.1358368999999584	epochs	3.0
920.2925424343323	0.1317169000000149	epochs	3.0
920.4242593343323	0.252022899999929	epochs	2.0
920.4242593343323	0.1278393000000051	epochs	3.0
920.5520986343323	0.1241835999999239	epochs	3.0
920.6762822343322	0.23819650000007186	epochs	2.0
920.6762822343322	0.12073110000005727	epochs	3.0
920.7970133343323	0.1174654000000146	epochs	3.0
920.9144787343323	0.2258087999999816	epochs	2.0
920.9144787343323	0.1143718999999237	epochs	3.0
921.0288506343322	0.1114369000000579	epochs	3.0
921.1402875343323	0.2146460000000161	epochs	2.0
921.1402875343323	0.10864889999993466	epochs	3.0
921.2489364343322	0.10599710000008145	epochs	3.0
921.3549335343323	0.20453499999996438	epochs	2.0
921.3549335343323	0.10347149999995509	epochs	3.0
921.4584050343323	0.1010635000000093	epochs	3.0
921.5594685343323	0.19533400000000256	epochs	2.0
921.5594685343323	0.09876510000003691	epochs	3.0
921.6582336343323	0.09656889999996565	epochs	3.0
921.7548025343323	0.18692529999998442	epochs	2.0
921.7548025343323	0.09446830000001682	epochs	3.0
921.8492708343323	0.09245699999996759	epochs	3.0
921.9417278343323	0.17921069999999872	epochs	2.0
921.9417278343323	0.09052959999996801	epochs	3.0
922.0322574343322	0.08868110000003071	epochs	3.0
922.1209385343323	0.17210769999996955	epochs	2.0
922.1209385343323	0.08690630000000965	epochs	3.0
922.2078448343323	0.0852013999999599	epochs	3.0
922.2930462343322	0.16554640000003928	epochs	2.0
922.2930462343322	0.08356190000006336	epochs	3.0
922.3766081343323	0.08198449999997592	epochs	3.0
922.4585926343323	0.15946710000002895	epochs	2.0
922.4585926343323	0.08046539999998004	epochs	3.0
922.5390580343322	0.07900170000004891	epochs	3.0
922.6180597343323	0.15381839999997737	epochs	2.0
922.6180597343323	0.07759009999995214	epochs	3.0
922.6956498343322	0.07622830000002523	epochs	3.0
922.7718781343323	0.14855639999996129	epochs	2.0
922.7718781343323	0.07491330000004837	epochs	3.0
922.8467914343323	0.07364309999991292	epochs	3.0
922.9204345343322	0.14364240000008976	epochs	2.0
922.9204345343322	0.07241500000009182	epochs	3.0
922.9928495343323	0.07122739999999794	epochs	3.0
923.0640769343323	0.13904309999998077	epochs	2.0
923.0640769343323	0.07007799999996678	epochs	3.0
923.1341549343323	0.06896510000001399	epochs	3.0
923.2031200343323	0.1347293000000036	epochs	2.0
923.2031200343323	0.0678871000000072	epochs	3.0
923.2710071343323	0.06684219999999641	epochs	3.0
923.3378493343323	0.13067519999992783	epochs	2.0
923.3378493343323	0.06582909999997355	epochs	3.0
923.4036784343323	0.06484609999995428	epochs	3.0
923.4685245343322	0.12685780000003888	epochs	2.0
923.4685245343322	0.06389200000000983	epochs	3.0
923.5324165343322	0.06296580000002905	epochs	3.0
923.5953823343323	0.12325720000001184	epochs	2.0
923.5953823343323	0.06206580000002759	epochs	3.0
923.6574481343323	0.06119139999998424	epochs	3.0
923.7186395343323	0.11985540000000583	epochs	2.0
923.7186395343323	0.060341099999959624	epochs	3.0
923.7789806343322	0.059514300000046205	epochs	3.0
923.8384949343323	0.11663620000001629	epochs	2.0
923.8384949343323	0.05870960000004288	epochs	3.0
923.8972045343323	0.057926599999973405	epochs	3.0
923.9551311343323	0.11358559999996487	epochs	2.0
923.9551311343323	0.05716419999998834	epochs	3.0
924.0122953343323	0.05642139999997653	epochs	3.0
924.0687167343323	0.11069050000003244	epochs	2.0
924.0687167343323	0.055697900000041045	epochs	3.0
924.1244146343323	0.0549925999999914	epochs	3.0
924.1794072343323	0.10793909999995321	epochs	2.0
924.1794072343323	0.05430489999992005	epochs	3.0
924.2337121343322	0.05363420000003316	epochs	3.0
924.2873463343323	0.10532150000005913	epochs	2.0
924.2873463343323	0.05298000000004777	epochs	3.0
924.3403263343323	0.052341500000011365	epochs	3.0
924.3926678343323	0.10282759999995505	epochs	2.0
924.3926678343323	0.05171810000001642	epochs	3.0
924.4443859343323	0.051109499999938635	epochs	3.0
924.4954954343323	0.10044909999999163	epochs	2.0
924.4954954343323	0.050514900000052876	epochs	3.0
924.5460103343323	0.049934199999938755	epochs	3.0
924.5959445343323	0.0981782999999723	epochs	2.0
924.5959445343323	0.04936659999998483	epochs	3.0
924.6453111343322	0.04881169999998747	epochs	3.0
924.6941228343322	0.09600780000005216	epochs	2.0
924.6941228343322	0.04826920000004975	epochs	3.0
924.7423920343323	0.04773860000000241	epochs	3.0
924.7901306343323	0.09393120000004274	epochs	2.0
924.7901306343323	0.04721949999998287	epochs	3.0
924.8373501343323	0.046711700000059864	epochs	3.0
924.8840618343323	0.09194259999992482	epochs	2.0
924.8840618343323	0.046214599999984785	epochs	3.0
924.9302764343323	0.04572799999994004	epochs	3.0
924.9760044343323	0.09003630000006524	epochs	2.0
924.9760044343323	0.04525150000006306	epochs	3.0
925.0212559343323	0.04478480000000218	epochs	3.0
925.0660407343323	0.08820759999991878	epochs	2.0
925.0660407343323	0.04432779999990544	epochs	3.0
925.1103685343322	0.04387980000001335	epochs	3.0
925.1542483343322	0.0864516999999978	epochs	2.0
925.1542483343322	0.04344100000002982	epochs	3.0
925.1976893343323	0.04301069999996798	epochs	3.0
925.2407000343322	0.0847643000000744	epochs	2.0
925.2407000343322	0.04258900000002086	epochs	3.0
925.2832890343323	0.04217530000005354	epochs	3.0
925.3254643343323	0.08314150000001064	epochs	2.0
925.3254643343323	0.041769699999917975	epochs	3.0
925.3672340343322	0.04137180000009266	epochs	3.0
925.4086058343323	0.08157969999990655	epochs	2.0
925.4086058343323	0.040981399999964196	epochs	3.0
925.4495872343323	0.040598299999942355	epochs	3.0
925.4901855343322	0.08007550000002084	epochs	2.0
925.4901855343322	0.040222300000095856	epochs	3.0
925.5304078343323	0.03985319999992498	epochs	3.0
925.5702610343322	0.07862569999997504	epochs	2.0
925.5702610343322	0.039490800000066884	epochs	3.0
925.6097518343323	0.03913489999990816	epochs	3.0
925.6488867343322	0.07722760000001472	epochs	2.0
925.6488867343322	0.038785400000051595	epochs	3.0
925.6876721343323	0.03844219999996312	epochs	3.0
925.7261143343322	0.07587820000003376	epochs	2.0
925.7261143343322	0.038104800000041905	epochs	3.0
925.7642191343323	0.03777339999999185	epochs	3.0
925.8019925343323	0.0745752000000266	epochs	2.0
925.8019925343323	0.03744770000002973	epochs	3.0
925.8394402343323	0.03712749999999687	epochs	3.0
925.8765677343323	0.07331629999998768	epochs	2.0
925.8765677343323	0.036812899999972615	epochs	3.0
925.9133806343323	0.03650340000001506	epochs	3.0
925.9498840343323	0.07209899999998015	epochs	2.0
925.9498840343323	0.03619909999997617	epochs	3.0
925.9860831343323	0.03589990000000398	epochs	3.0
926.0219830343323	0.07092169999998532	epochs	2.0
926.0219830343323	0.03560560000005353	epochs	3.0
926.0575886343323	0.035316099999931794	epochs	3.0
926.0929047343323	0.06978200000003199	epochs	2.0
926.0929047343323	0.03503120000004856	epochs	3.0
926.1279359343323	0.03475079999998343	epochs	3.0
926.1626867343323	0.06867859999999837	epochs	2.0
926.1626867343323	0.03447510000000875	epochs	3.0
926.1971618343323	0.03420349999998962	epochs	3.0
926.2313653343323	0.06760929999995824	epochs	2.0
926.2313653343323	0.033936199999970995	epochs	3.0
926.2653015343323	0.033673099999987244	epochs	3.0
926.2989746343322	0.06657289999998284	epochs	2.0
926.2989746343322	0.03341399999999339	epochs	3.0
926.3323886343322	0.033158899999989444	epochs	3.0
926.3655475343322	0.06556780000005347	epochs	2.0
926.3655475343322	0.032907700000009754	epochs	3.0
926.3984552343322	0.03266010000004371	epochs	3.0
926.4311153343323	0.06459259999996902	epochs	2.0
926.4311153343323	0.032416399999988244	epochs	3.0
926.4635317343323	0.03217619999998078	epochs	3.0
926.4957079343322	0.06364600000006249	epochs	2.0
926.4957079343322	0.03193959999998697	epochs	3.0
926.5276475343322	0.03170640000007552	epochs	3.0
926.5593539343323	0.0627266999999847	epochs	2.0
926.5593539343323	0.03147660000001906	epochs	3.0
926.5908305343323	0.03125009999996564	epochs	3.0
926.6220806343323	0.06183359999999993	epochs	2.0
926.6220806343323	0.031026900000028945	epochs	3.0
926.6531075343323	0.030806699999970988	epochs	3.0
926.6839142343323	0.06096560000003137	epochs	2.0
926.6839142343323	0.030589800000029754	epochs	3.0
926.7145040343323	0.030375800000001618	epochs	3.0
926.7448798343323	0.06012160000000222	epochs	2.0
926.7448798343323	0.03016489999993155	epochs	3.0
926.7750447343323	0.02995670000007067	epochs	3.0
926.8050014343323	0.05930069999999432	epochs	2.0
926.8050014343323	0.02975159999994048	epochs	3.0
926.8347530343323	0.02954910000005384	epochs	3.0
926.8643021343323	0.05850179999993088	epochs	2.0
926.8643021343323	0.02934940000000097	epochs	3.0
926.8936515343323	0.029152399999929912	epochs	3.0
926.9228039343323	0.057724200000052406	epochs	2.0
926.9228039343323	0.028957999999988715	epochs	3.0
926.9517619343322	0.02876620000006369	epochs	3.0
926.9805281343323	0.05696709999995164	epochs	2.0
926.9805281343323	0.028576999999927466	epochs	3.0
927.0091051343322	0.028390100000024177	epochs	3.0
927.0374952343323	0.05622949999997218	epochs	2.0
927.0374952343323	0.028205700000057732	epochs	3.0
927.0657009343323	0.028023799999914445	epochs	3.0
927.0937247343322	0.05551070000001346	epochs	2.0
927.0937247343322	0.02784400000007281	epochs	3.0
927.1215687343323	0.027666699999940647	epochs	3.0
927.1492354343322	0.054810200000019904	epochs	2.0
927.1492354343322	0.02749149999999645	epochs	3.0
927.1767269343322	0.027318700000023455	epochs	3.0
927.2040456343323	0.05412699999999404	epochs	2.0
927.2040456343323	0.027147799999966082	epochs	3.0
927.2311934343322	0.02697920000002796	epochs	3.0
927.2581726343323	0.0534607000000733	epochs	2.0
927.2581726343323	0.0268125999999711	epochs	3.0
927.2849852343322	0.026648100000102204	epochs	3.0
927.3116333343323	0.052810699999895405	epochs	2.0
927.3116333343323	0.026485600000000886	epochs	3.0
927.3381189343323	0.02632509999989452	epochs	3.0
927.3644440343322	0.05217620000007628	epochs	2.0
927.3644440343322	0.026166400000079193	epochs	3.0
927.3906104343323	0.026009799999997085	epochs	3.0
927.4166202343323	0.051556699999991906	epochs	2.0
927.4166202343323	0.025854799999933675	epochs	3.0
927.4424750343322	0.02570190000005823	epochs	3.0
927.4681769343323	0.05095189999997274	epochs	2.0
927.4681769343323	0.025550699999939752	epochs	3.0
927.4937276343322	0.025401200000032986	epochs	3.0
927.5191288343323	0.05036100000006627	epochs	2.0
927.5191288343323	0.025253499999962514	epochs	3.0
927.5443823343322	0.025107500000103755	epochs	3.0
927.5694898343323	0.049783800000000156	epochs	2.0
927.5694898343323	0.024963199999888275	epochs	3.0
927.5944530343322	0.02482060000011188	epochs	3.0
927.6192736343323	0.04921949999993558	epochs	2.0
927.6192736343323	0.024679399999968155	epochs	3.0
927.6439530343323	0.024540099999967424	epochs	3.0
927.6684931343323	0.04866790000005494	epochs	2.0
927.6684931343323	0.02440209999997478	epochs	3.0
927.6928952343322	0.024265800000080162	epochs	3.0
927.7171610343323	0.048128599999927246	epochs	2.0
927.7171610343323	0.02413099999989754	epochs	3.0
927.7412920343322	0.023997600000029706	epochs	3.0
927.7652896343322	0.047601100000065344	epochs	2.0
927.7652896343322	0.023865800000066884	epochs	3.0
927.7891554343323	0.02373529999999846	epochs	3.0
927.8128907343323	0.04708499999992455	epochs	2.0
927.8128907343323	0.023606299999983094	epochs	3.0
927.8364970343323	0.023478699999941455	epochs	3.0
927.8599757343322	0.04658000000006268	epochs	2.0
927.8599757343322	0.02335249999998723	epochs	3.0
927.8833282343322	0.02322750000007545	epochs	3.0
927.9065557343323	0.04608569999993506	epochs	2.0
927.9065557343323	0.023103999999989355	epochs	3.0
927.9296597343323	0.022981699999945704	epochs	3.0
927.9526414343322	0.045601799999985815	epochs	2.0
927.9526414343322	0.022860700000023826	epochs	3.0
927.9755021343323	0.02274109999996199	epochs	3.0
927.9982432343322	0.04512790000001132	epochs	2.0
927.9982432343322	0.022622500000011314	epochs	3.0
928.0208657343322	0.02250540000000001	epochs	3.0
928.0433711343322	0.0446638000000803	epochs	2.0
928.0433711343322	0.022389300000099865	epochs	3.0
928.0657604343323	0.022274499999980435	epochs	3.0
928.0880349343323	0.04420919999995476	epochs	2.0
928.0880349343323	0.022160799999937808	epochs	3.0
928.1101957343323	0.022048400000016954	epochs	3.0
928.1322441343323	0.043763600000033875	epochs	2.0
928.1322441343323	0.021936900000014248	epochs	3.0
928.1541810343323	0.021826700000019628	epochs	3.0
928.1760077343323	0.04332709999994222	epochs	2.0
928.1760077343323	0.021717599999988124	epochs	3.0
928.1977253343323	0.021609499999954096	epochs	3.0
928.2193348343322	0.04289900000003399	epochs	2.0
928.2193348343322	0.02150249999999687	epochs	3.0
928.2408373343322	0.021396500000037122	epochs	3.0
928.2622338343323	0.042479500000013104	epochs	2.0
928.2622338343323	0.02129170000000613	epochs	3.0
928.2835255343323	0.021187800000006973	epochs	3.0
928.3047133343323	0.042067900000006375	epochs	2.0
928.3047133343323	0.02108490000000529	epochs	3.0
928.3257982343323	0.020983000000001084	epochs	3.0
928.3467812343323	0.04166439999994509	epochs	2.0
928.3467812343323	0.020882199999959994	epochs	3.0
928.3676634343323	0.020782199999985096	epochs	3.0
928.3884456343322	0.04126850000000104	epochs	2.0
928.3884456343322	0.020683300000087	epochs	3.0
928.4091289343323	0.02058519999991404	epochs	3.0
928.4297141343322	0.04088000000001557	epochs	2.0
928.4297141343322	0.020488100000079612	epochs	3.0
928.4502022343323	0.02039189999993596	epochs	3.0
928.4705941343323	0.04049880000002304	epochs	2.0
928.4705941343323	0.020296600000051512	epochs	3.0
928.4908907343323	0.020202199999971526	epochs	3.0
928.5110929343323	0.04012460000001283	epochs	2.0
928.5110929343323	0.02010870000003706	epochs	3.0
928.5312016343323	0.020015899999975773	epochs	3.0
928.5512175343323	0.03975730000001931	epochs	2.0
928.5512175343323	0.019924199999991288	epochs	3.0
928.5711417343323	0.019833100000028026	epochs	3.0
928.5909748343323	0.03939669999999751	epochs	2.0
928.5909748343323	0.01974299999994855	epochs	3.0
928.6107178343323	0.019653700000048957	epochs	3.0
928.6303715343323	0.03904239999997117	epochs	2.0
928.6303715343323	0.019565099999908853	epochs	3.0
928.6499366343322	0.019477300000062314	epochs	3.0
928.6694139343323	0.03869459999998526	epochs	2.0
928.6694139343323	0.019390400000020236	epochs	3.0
928.6888043343323	0.01930419999996502	epochs	3.0
928.7081085343323	0.03835290000006353	epochs	2.0
928.7081085343323	0.019218799999976	epochs	3.0
928.7273273343322	0.01913410000008753	epochs	3.0
928.7464614343323	0.038017199999899276	epochs	2.0
928.7464614343323	0.01905019999992419	epochs	3.0
928.7655116343323	0.018966999999975087	epochs	3.0
928.7844786343322	0.037687200000050325	epochs	2.0
928.7844786343322	0.01888450000001285	epochs	3.0
928.8033631343322	0.018802700000037476	epochs	3.0
928.8221658343323	0.03736309999999321	epochs	2.0
928.8221658343323	0.018721700000014607	epochs	3.0
928.8408875343323	0.018641399999978603	epochs	3.0
928.8595289343323	0.03704430000004777	epochs	2.0
928.8595289343323	0.01856159999999818	epochs	3.0
928.8780905343323	0.01848270000004959	epochs	3.0
928.8965732343323	0.03673099999991791	epochs	2.0
928.8965732343323	0.018404299999929208	epochs	3.0
928.9149775343323	0.018326699999988705	epochs	3.0
928.9333042343322	0.036422900000047775	epochs	2.0
928.9333042343322	0.018249599999990096	epochs	3.0
928.9515538343322	0.01817330000005768	epochs	3.0
928.9697271343323	0.03612009999994825	epochs	2.0
928.9697271343323	0.0180976000000328	epochs	3.0
928.9878247343323	0.018022499999915453	epochs	3.0
929.0058472343322	0.03582210000001851	epochs	2.0
929.0058472343322	0.017947900000081063	epochs	3.0
929.0237951343323	0.017874199999937446	epochs	3.0
929.0416693343323	0.03552899999999681	epochs	2.0
929.0416693343323	0.017800800000031813	epochs	3.0
929.0594701343323	0.017728199999965	epochs	3.0
929.0771983343323	0.03524070000003121	epochs	2.0
929.0771983343323	0.017656100000067454	epochs	3.0
929.0948544343323	0.017584599999963757	epochs	3.0
929.1124390343323	0.034957100000042374	epochs	2.0
929.1124390343323	0.01751369999999497	epochs	3.0
929.1299527343323	0.017443400000047404	epochs	3.0
929.1473961343323	0.034677899999906	epochs	2.0
929.1473961343323	0.017373599999928047	epochs	3.0
929.1647697343323	0.017304299999977957	epochs	3.0
929.1820740343322	0.03440330000000813	epochs	2.0
929.1820740343322	0.01723570000001473	epochs	3.0
929.1993097343322	0.0171675999999934	epochs	3.0
929.2164773343322	0.0341328000000658	epochs	2.0
929.2164773343322	0.017099900000062007	epochs	3.0
929.2335772343323	0.017032900000003792	epochs	3.0
929.2506101343323	0.033866699999975935	epochs	2.0
929.2506101343323	0.01696640000000116	epochs	3.0
929.2675765343323	0.016900299999974777	epochs	3.0
929.2844768343323	0.03360459999998966	epochs	2.0
929.2844768343323	0.01683479999996962	epochs	3.0
929.3013116343323	0.01676980000002004	epochs	3.0
929.3180814343323	0.033346599999958926	epochs	2.0
929.3180814343323	0.016705300000012357	epochs	3.0
929.3347867343323	0.01664129999994657	epochs	3.0
929.3514280343322	0.03309250000006614	epochs	2.0
929.3514280343322	0.016577800000050047	epochs	3.0
929.3680058343323	0.01651470000001609	epochs	3.0
929.3845205343323	0.03284229999997024	epochs	2.0
929.3845205343323	0.01645220000000336	epochs	3.0
929.4009727343323	0.01639009999996688	epochs	3.0
929.4173628343323	0.03259570000000167	epochs	2.0
929.4173628343323	0.016328400000020338	epochs	3.0
929.4336912343323	0.016267299999981333	epochs	3.0
929.4499585343323	0.032352899999978035	epochs	2.0
929.4499585343323	0.016206600000032267	epochs	3.0
929.4661651343323	0.016146299999945768	epochs	3.0
929.4823114343322	0.032113700000081735	epochs	2.0
929.4823114343322	0.016086599999994178	epochs	3.0
929.4983980343322	0.016027100000087557	epochs	3.0
929.5144251343323	0.03187799999989238	epochs	2.0
929.5144251343323	0.015968199999974786	epochs	3.0
929.5303933343323	0.015909799999917595	epochs	3.0
929.5463031343322	0.031645700000012766	epochs	2.0
929.5463031343322	0.01585160000001906	epochs	3.0
929.5621547343322	0.015794099999993705	epochs	3.0
929.5779488343322	0.0314167000000225	epochs	2.0
929.5779488343322	0.015736700000047676	epochs	3.0
929.5936855343323	0.015679999999974825	epochs	3.0
929.6093655343323	0.031191100000000915	epochs	2.0
929.6093655343323	0.015623600000026272	epochs	3.0
929.6249891343323	0.015567499999974643	epochs	3.0
929.6405566343323	0.030968700000016725	epochs	2.0
929.6405566343323	0.015512000000057924	epochs	3.0
929.6560686343323	0.0154566999999588	epochs	3.0
929.6715253343323	0.030749499999956242	epochs	2.0
929.6715253343323	0.015401999999994587	epochs	3.0
929.6869273343323	0.015347499999961656	epochs	3.0
929.7022748343322	0.03053320000003623	epochs	2.0
929.7022748343322	0.015293400000018664	epochs	3.0
929.7175682343322	0.015239800000017567	epochs	3.0
929.7328080343323	0.03032010000003993	epochs	2.0
929.7328080343323	0.015186500000027081	epochs	3.0
929.7479945343323	0.015133600000012848	epochs	3.0
929.7631281343323	0.030109899999956724	epochs	2.0
929.7631281343323	0.015081000000009226	epochs	3.0
929.7782091343323	0.015028899999947498	epochs	3.0
929.7932380343323	0.02990250000004835	epochs	2.0
929.7932380343323	0.014977000000044427	epochs	3.0
929.8082150343323	0.014925500000003922	epochs	3.0
929.8231405343323	0.029698100000018712	epochs	2.0
929.8231405343323	0.01487439999993967	epochs	3.0
929.8380149343323	0.014823700000079043	epochs	3.0
929.8528386343323	0.029496299999891562	epochs	2.0
929.8528386343323	0.014773199999922326	epochs	3.0
929.8676118343323	0.014723099999969236	epochs	3.0
929.8823349343322	0.02929740000001857	epochs	2.0
929.8823349343322	0.014673400000106085	epochs	3.0
929.8970083343323	0.014623999999912485	epochs	3.0
929.9116323343322	0.029101100000048064	epochs	2.0
929.9116323343322	0.014574900000070556	epochs	3.0
929.9262072343323	0.014526199999977507	epochs	3.0
929.9407334343323	0.028907399999980044	epochs	2.0
929.9407334343323	0.014477700000043114	epochs	3.0
929.9552111343323	0.014429699999936929	epochs	3.0
929.9696408343323	0.028716199999962555	epochs	2.0
929.9696408343323	0.014381800000023759	epochs	3.0
929.9840226343323	0.014334399999938796	epochs	3.0
929.9983570343322	0.028527600000074926	epochs	2.0
929.9983570343322	0.01428720000001249	epochs	3.0
930.0126442343322	0.014240400000062436	epochs	3.0
930.0268846343323	0.028341399999931127	epochs	2.0
930.0268846343323	0.014193799999929979	epochs	3.0
930.0410784343322	0.014147600000001148	epochs	3.0
930.0552260343322	0.028157700000065233	epochs	2.0
930.0552260343322	0.014101700000082928	epochs	3.0
930.0693277343323	0.014055999999982305	epochs	3.0
930.0833837343323	0.027976299999977527	epochs	2.0
930.0833837343323	0.01401060000000598	epochs	3.0
930.0973943343323	0.013965699999971548	epochs	3.0
930.1113600343323	0.02779720000000907	epochs	2.0
930.1113600343323	0.013920800000050804	epochs	3.0
930.1252808343323	0.013876399999958267	epochs	3.0
930.1391572343323	0.027620399999932488	epochs	2.0
930.1391572343323	0.013832200000024386	epochs	3.0
930.1529894343323	0.013788199999908102	epochs	3.0
930.1667776343322	0.02744590000008884	epochs	2.0
930.1667776343322	0.01374460000010913	epochs	3.0
930.1805222343323	0.01370129999997971	epochs	3.0
930.1942235343323	0.027273499999978412	epochs	2.0
930.1942235343323	0.013658200000008947	epochs	3.0
930.2078817343323	0.013615299999969466	epochs	3.0
930.2214970343323	0.027103399999987232	epochs	2.0
930.2214970343323	0.013572800000019924	epochs	3.0
930.2350698343323	0.013530599999967308	epochs	3.0
930.2486004343323	0.02693520000002536	epochs	2.0
930.2486004343323	0.013488400000028378	epochs	3.0
930.2620888343323	0.013446799999996983	epochs	3.0
930.2755356343323	0.026769199999989723	epochs	2.0
930.2755356343323	0.013405199999965589	epochs	3.0
930.2889408343323	0.013364000000024134	epochs	3.0
930.3023048343323	0.026605199999949036	epochs	2.0
930.3023048343323	0.013322899999934634	epochs	3.0
930.3156277343322	0.013282300000014402	epochs	3.0
930.3289100343322	0.026443200000016986	epochs	2.0
930.3289100343322	0.013241699999980483	epochs	3.0
930.3421517343322	0.013201500000036503	epochs	3.0
930.3553532343323	0.0262831999999662	epochs	2.0
930.3553532343323	0.013161500000023807	epochs	3.0
930.3685147343323	0.013121699999942393	epochs	3.0
930.3816364343322	0.02612500000009277	epochs	2.0
930.3816364343322	0.013082100000019636	epochs	3.0
930.3947185343322	0.013042900000073132	epochs	3.0
930.4077614343323	0.025968899999952555	epochs	2.0
930.4077614343323	0.013003899999944224	epochs	3.0
930.4207653343323	0.012965000000008331	epochs	3.0
930.4337303343323	0.025814500000024054	epochs	2.0
930.4337303343323	0.012926399999969362	epochs	3.0
930.4466567343322	0.012888100000054692	epochs	3.0
930.4595448343323	0.025661899999931848	epochs	2.0
930.4595448343323	0.012849899999991976	epochs	3.0
930.4723947343323	0.012811999999939871	epochs	3.0
930.4852067343322	0.025511200000096323	epochs	2.0
930.4852067343322	0.012774400000012065	epochs	3.0
930.4979811343322	0.012736800000084258	epochs	3.0
930.5107179343323	0.025362299999983406	epochs	2.0
930.5107179343323	0.01269969999998466	epochs	3.0
930.5234176343323	0.012662599999998747	epochs	3.0
930.5360802343323	0.025215000000002874	epochs	2.0
930.5360802343323	0.012625800000023446	epochs	3.0
930.5487060343323	0.012589199999979428	epochs	3.0
930.5612952343323	0.024584799999956886	epochs	2.0
930.5852643343322	0.5	epochs	-1.0
930.5858800343323	0.9999199999999746	epochs	1.0
931.0852643343322	0.5	epochs	-1.0
932.7740001678467	0.046879999999987376	epochs	0.0
932.7740001678467	0.018442599999957565	epochs	1.0
932.7924427678466	0.009994800000072246	epochs	1.0
932.8024375678467	0.018442599999957565	epochs	1.0
932.8208801678467	2.0	epochs	0.0
934.8208801678467	0.5127999999999702	epochs	0.0
934.8208801678467	0.5127999999999702	epochs	1.0
934.8209044678467	0.5	epochs	-1.0
935.3209044678467	0.012775699999906465	epochs	-1.0
935.3336801678466	21.487120000000004	epochs	0.0
936.6719999313354	0.046879999999987376	epochs	0.0
936.6719999313354	0.018442599999957565	epochs	1.0
936.6904425313354	0.009994800000072246	epochs	1.0
936.7004373313355	0.018442599999957565	epochs	1.0
936.7188799313354	2.0	epochs	0.0
938.7188799313354	21.999919999999975	epochs	0.0
938.7188799313354	1.0	epochs	1.0
938.7189042313355	0.5	epochs	-1.0
939.2189042313355	19.99935999999991	epochs	-1.0
939.7188799313354	20.0	epochs	1.0
939.7188799313354	4.356753900000058	epochs	-1.0
939.7188799313354	1.9745871999999736	epochs	2.0
939.7188799313354	1.0985622000000603	epochs	3.0
940.8174421313355	0.8760249999999132	epochs	3.0
941.6934671313354	1.3524075000000266	epochs	2.0
941.6934671313354	0.7286354999999958	epochs	3.0
942.4221026313354	0.6237720000000309	epochs	3.0
943.0458746313354	1.0297592000000577	epochs	2.0
943.0458746313354	0.5453293000000485	epochs	3.0
943.5912039313355	0.4844299000000092	epochs	3.0
944.0756338313355	0.8317862000000105	epochs	2.0
944.0756338313355	0.4357762999999295	epochs	3.0
944.5114101313354	0.39600990000008096	epochs	3.0
944.9074200313355	0.6977969999999232	epochs	2.0
944.9074200313355	0.36289819999990414	epochs	3.0
945.2703182313354	0.33489880000001904	epochs	3.0
945.6052170313354	0.601045699999986	epochs	2.0
945.6052170313354	0.3109123000000409	epochs	3.0
945.9161293313355	0.29013339999994514	epochs	3.0
946.2062627313354	0.5278859000000011	epochs	2.0
946.2062627313354	0.2719586000000618	epochs	3.0
946.4782213313355	0.25592729999993935	epochs	3.0
946.7341486313354	0.4706193000000667	epochs	2.0
946.7341486313354	0.241681299999982	epochs	3.0
946.9758299313354	0.22893800000008468	epochs	3.0
947.2047679313355	0.42457039999999324	epochs	2.0
947.2047679313355	0.21747140000002219	epochs	3.0
947.4222393313355	0.20709899999997106	epochs	3.0
947.6293383313355	0.3867354000000205	epochs	2.0
947.6293383313355	0.19767109999997956	epochs	3.0
947.8270094313355	0.18906430000004093	epochs	3.0
948.0160737313355	0.35509529999990264	epochs	2.0
948.0160737313355	0.18117589999997108	epochs	3.0
948.1972496313355	0.17391939999993156	epochs	3.0
948.3711690313354	0.3282431000000088	epochs	2.0
948.3711690313354	0.1672219000000723	epochs	3.0
948.5383909313355	0.16102119999993647	epochs	3.0
948.6994121313354	0.30516800000009425	epochs	2.0
948.6994121313354	0.15526390000002266	epochs	3.0
948.8546760313354	0.1499041000000716	epochs	3.0
949.0045801313355	0.28512530000000424	epochs	2.0
949.0045801313355	0.1449020999999675	epochs	3.0
949.1494822313355	0.14022320000003674	epochs	3.0
949.2897054313355	0.2675537999999733	epochs	2.0
949.2897054313355	0.1358368999999584	epochs	3.0
949.4255423313355	0.1317169000000149	epochs	3.0
949.5572592313355	0.252022899999929	epochs	2.0
949.5572592313355	0.1278393000000051	epochs	3.0
949.6850985313355	0.1241835999999239	epochs	3.0
949.8092821313354	0.23819650000007186	epochs	2.0
949.8092821313354	0.12073110000005727	epochs	3.0
949.9300132313355	0.1174654000000146	epochs	3.0
950.0474786313355	0.2258087999999816	epochs	2.0
950.0474786313355	0.1143718999999237	epochs	3.0
950.1618505313354	0.1114369000000579	epochs	3.0
950.2732874313355	0.2146460000000161	epochs	2.0
950.2732874313355	0.10864889999993466	epochs	3.0
950.3819363313354	0.10599710000008145	epochs	3.0
950.4879334313355	0.20453499999996438	epochs	2.0
950.4879334313355	0.10347149999995509	epochs	3.0
950.5914049313354	0.1010635000000093	epochs	3.0
950.6924684313354	0.19533400000000256	epochs	2.0
950.6924684313354	0.09876510000003691	epochs	3.0
950.7912335313355	0.09656889999996565	epochs	3.0
950.8878024313354	0.18692529999998442	epochs	2.0
950.8878024313354	0.09446830000001682	epochs	3.0
950.9822707313355	0.09245699999996759	epochs	3.0
951.0747277313354	0.17921069999999872	epochs	2.0
951.0747277313354	0.09052959999996801	epochs	3.0
951.1652573313354	0.08868110000003071	epochs	3.0
951.2539384313354	0.17210769999996955	epochs	2.0
951.2539384313354	0.08690630000000965	epochs	3.0
951.3408447313354	0.0852013999999599	epochs	3.0
951.4260461313354	0.16554640000003928	epochs	2.0
951.4260461313354	0.08356190000006336	epochs	3.0
951.5096080313355	0.08198449999997592	epochs	3.0
951.5915925313354	0.15946710000002895	epochs	2.0
951.5915925313354	0.08046539999998004	epochs	3.0
951.6720579313354	0.07900170000004891	epochs	3.0
951.7510596313355	0.15381839999997737	epochs	2.0
951.7510596313355	0.07759009999995214	epochs	3.0
951.8286497313354	0.07622830000002523	epochs	3.0
951.9048780313354	0.14855639999996129	epochs	2.0
951.9048780313354	0.07491330000004837	epochs	3.0
951.9797913313355	0.07364309999991292	epochs	3.0
952.0534344313354	0.14364240000008976	epochs	2.0
952.0534344313354	0.07241500000009182	epochs	3.0
952.1258494313355	0.07122739999999794	epochs	3.0
952.1970768313355	0.13904309999998077	epochs	2.0
952.1970768313355	0.07007799999996678	epochs	3.0
952.2671548313355	0.06896510000001399	epochs	3.0
952.3361199313355	0.1347293000000036	epochs	2.0
952.3361199313355	0.0678871000000072	epochs	3.0
952.4040070313355	0.06684219999999641	epochs	3.0
952.4708492313355	0.13067519999992783	epochs	2.0
952.4708492313355	0.06582909999997355	epochs	3.0
952.5366783313355	0.06484609999995428	epochs	3.0
952.6015244313354	0.12685780000003888	epochs	2.0
952.6015244313354	0.06389200000000983	epochs	3.0
952.6654164313354	0.06296580000002905	epochs	3.0
952.7283822313354	0.12325720000001184	epochs	2.0
952.7283822313354	0.06206580000002759	epochs	3.0
952.7904480313355	0.06119139999998424	epochs	3.0
952.8516394313355	0.11985540000000583	epochs	2.0
952.8516394313355	0.060341099999959624	epochs	3.0
952.9119805313354	0.059514300000046205	epochs	3.0
952.9714948313355	0.11663620000001629	epochs	2.0
952.9714948313355	0.05870960000004288	epochs	3.0
953.0302044313355	0.057926599999973405	epochs	3.0
953.0881310313355	0.11358559999996487	epochs	2.0
953.0881310313355	0.05716419999998834	epochs	3.0
953.1452952313355	0.05642139999997653	epochs	3.0
953.2017166313354	0.11069050000003244	epochs	2.0
953.2017166313354	0.055697900000041045	epochs	3.0
953.2574145313355	0.0549925999999914	epochs	3.0
953.3124071313355	0.10793909999995321	epochs	2.0
953.3124071313355	0.05430489999992005	epochs	3.0
953.3667120313354	0.05363420000003316	epochs	3.0
953.4203462313354	0.10532150000005913	epochs	2.0
953.4203462313354	0.05298000000004777	epochs	3.0
953.4733262313355	0.052341500000011365	epochs	3.0
953.5256677313355	0.10282759999995505	epochs	2.0
953.5256677313355	0.05171810000001642	epochs	3.0
953.5773858313355	0.051109499999938635	epochs	3.0
953.6284953313354	0.10044909999999163	epochs	2.0
953.6284953313354	0.050514900000052876	epochs	3.0
953.6790102313355	0.049934199999938755	epochs	3.0
953.7289444313354	0.0981782999999723	epochs	2.0
953.7289444313354	0.04936659999998483	epochs	3.0
953.7783110313354	0.04881169999998747	epochs	3.0
953.8271227313354	0.09600780000005216	epochs	2.0
953.8271227313354	0.04826920000004975	epochs	3.0
953.8753919313355	0.04773860000000241	epochs	3.0
953.9231305313355	0.09393120000004274	epochs	2.0
953.9231305313355	0.04721949999998287	epochs	3.0
953.9703500313354	0.046711700000059864	epochs	3.0
954.0170617313355	0.09194259999992482	epochs	2.0
954.0170617313355	0.046214599999984785	epochs	3.0
954.0632763313355	0.04572799999994004	epochs	3.0
954.1090043313354	0.09003630000006524	epochs	2.0
954.1090043313354	0.04525150000006306	epochs	3.0
954.1542558313355	0.04478480000000218	epochs	3.0
954.1990406313355	0.08820759999991878	epochs	2.0
954.1990406313355	0.04432779999990544	epochs	3.0
954.2433684313354	0.04387980000001335	epochs	3.0
954.2872482313354	0.0864516999999978	epochs	2.0
954.2872482313354	0.04344100000002982	epochs	3.0
954.3306892313354	0.04301069999996798	epochs	3.0
954.3736999313354	0.0847643000000744	epochs	2.0
954.3736999313354	0.04258900000002086	epochs	3.0
954.4162889313354	0.04217530000005354	epochs	3.0
954.4584642313355	0.08314150000001064	epochs	2.0
954.4584642313355	0.041769699999917975	epochs	3.0
954.5002339313354	0.04137180000009266	epochs	3.0
954.5416057313355	0.08157969999990655	epochs	2.0
954.5416057313355	0.040981399999964196	epochs	3.0
954.5825871313355	0.040598299999942355	epochs	3.0
954.6231854313354	0.08007550000002084	epochs	2.0
954.6231854313354	0.040222300000095856	epochs	3.0
954.6634077313355	0.03985319999992498	epochs	3.0
954.7032609313354	0.07862569999997504	epochs	2.0
954.7032609313354	0.039490800000066884	epochs	3.0
954.7427517313355	0.03913489999990816	epochs	3.0
954.7818866313354	0.07722760000001472	epochs	2.0
954.7818866313354	0.038785400000051595	epochs	3.0
954.8206720313354	0.03844219999996312	epochs	3.0
954.8591142313354	0.07587820000003376	epochs	2.0
954.8591142313354	0.038104800000041905	epochs	3.0
954.8972190313355	0.03777339999999185	epochs	3.0
954.9349924313354	0.0745752000000266	epochs	2.0
954.9349924313354	0.03744770000002973	epochs	3.0
954.9724401313355	0.03712749999999687	epochs	3.0
955.0095676313355	0.07331629999998768	epochs	2.0
955.0095676313355	0.036812899999972615	epochs	3.0
955.0463805313354	0.03650340000001506	epochs	3.0
955.0828839313355	0.07209899999998015	epochs	2.0
955.0828839313355	0.03619909999997617	epochs	3.0
955.1190830313354	0.03589990000000398	epochs	3.0
955.1549829313354	0.07092169999998532	epochs	2.0
955.1549829313354	0.03560560000005353	epochs	3.0
955.1905885313355	0.035316099999931794	epochs	3.0
955.2259046313354	0.06978200000003199	epochs	2.0
955.2259046313354	0.03503120000004856	epochs	3.0
955.2609358313355	0.03475079999998343	epochs	3.0
955.2956866313355	0.06867859999999837	epochs	2.0
955.2956866313355	0.03447510000000875	epochs	3.0
955.3301617313355	0.03420349999998962	epochs	3.0
955.3643652313355	0.06760929999995824	epochs	2.0
955.3643652313355	0.033936199999970995	epochs	3.0
955.3983014313354	0.033673099999987244	epochs	3.0
955.4319745313354	0.06657289999998284	epochs	2.0
955.4319745313354	0.03341399999999339	epochs	3.0
955.4653885313354	0.033158899999989444	epochs	3.0
955.4985474313354	0.06556780000005347	epochs	2.0
955.4985474313354	0.032907700000009754	epochs	3.0
955.5314551313354	0.03266010000004371	epochs	3.0
955.5641152313354	0.06459259999996902	epochs	2.0
955.5641152313354	0.032416399999988244	epochs	3.0
955.5965316313354	0.03217619999998078	epochs	3.0
955.6287078313354	0.06364600000006249	epochs	2.0
955.6287078313354	0.03193959999998697	epochs	3.0
955.6606474313354	0.03170640000007552	epochs	3.0
955.6923538313355	0.0627266999999847	epochs	2.0
955.6923538313355	0.03147660000001906	epochs	3.0
955.7238304313355	0.03125009999996564	epochs	3.0
955.7550805313355	0.06183359999999993	epochs	2.0
955.7550805313355	0.031026900000028945	epochs	3.0
955.7861074313355	0.030806699999970988	epochs	3.0
955.8169141313355	0.06096560000003137	epochs	2.0
955.8169141313355	0.030589800000029754	epochs	3.0
955.8475039313355	0.030375800000001618	epochs	3.0
955.8778797313355	0.06012160000000222	epochs	2.0
955.8778797313355	0.03016489999993155	epochs	3.0
955.9080446313354	0.02995670000007067	epochs	3.0
955.9380013313355	0.05930069999999432	epochs	2.0
955.9380013313355	0.02975159999994048	epochs	3.0
955.9677529313354	0.02954910000005384	epochs	3.0
955.9973020313355	0.05850179999993088	epochs	2.0
955.9973020313355	0.02934940000000097	epochs	3.0
956.0266514313355	0.029152399999929912	epochs	3.0
956.0558038313354	0.057724200000052406	epochs	2.0
956.0558038313354	0.028957999999988715	epochs	3.0
956.0847618313354	0.02876620000006369	epochs	3.0
956.1135280313355	0.05696709999995164	epochs	2.0
956.1135280313355	0.028576999999927466	epochs	3.0
956.1421050313354	0.028390100000024177	epochs	3.0
956.1704951313354	0.05622949999997218	epochs	2.0
956.1704951313354	0.028205700000057732	epochs	3.0
956.1987008313355	0.028023799999914445	epochs	3.0
956.2267246313354	0.05551070000001346	epochs	2.0
956.2267246313354	0.02784400000007281	epochs	3.0
956.2545686313355	0.027666699999940647	epochs	3.0
956.2822353313354	0.054810200000019904	epochs	2.0
956.2822353313354	0.02749149999999645	epochs	3.0
956.3097268313354	0.027318700000023455	epochs	3.0
956.3370455313354	0.05412699999999404	epochs	2.0
956.3370455313354	0.027147799999966082	epochs	3.0
956.3641933313354	0.02697920000002796	epochs	3.0
956.3911725313354	0.0534607000000733	epochs	2.0
956.3911725313354	0.0268125999999711	epochs	3.0
956.4179851313354	0.026648100000102204	epochs	3.0
956.4446332313355	0.052810699999895405	epochs	2.0
956.4446332313355	0.026485600000000886	epochs	3.0
956.4711188313355	0.02632509999989452	epochs	3.0
956.4974439313354	0.05217620000007628	epochs	2.0
956.4974439313354	0.026166400000079193	epochs	3.0
956.5236103313355	0.026009799999997085	epochs	3.0
956.5496201313355	0.051556699999991906	epochs	2.0
956.5496201313355	0.025854799999933675	epochs	3.0
956.5754749313354	0.02570190000005823	epochs	3.0
956.6011768313355	0.05095189999997274	epochs	2.0
956.6011768313355	0.025550699999939752	epochs	3.0
956.6267275313354	0.025401200000032986	epochs	3.0
956.6521287313354	0.05036100000006627	epochs	2.0
956.6521287313354	0.025253499999962514	epochs	3.0
956.6773822313354	0.025107500000103755	epochs	3.0
956.7024897313355	0.049783800000000156	epochs	2.0
956.7024897313355	0.024963199999888275	epochs	3.0
956.7274529313354	0.02482060000011188	epochs	3.0
956.7522735313355	0.04921949999993558	epochs	2.0
956.7522735313355	0.024679399999968155	epochs	3.0
956.7769529313355	0.024540099999967424	epochs	3.0
956.8014930313354	0.04866790000005494	epochs	2.0
956.8014930313354	0.02440209999997478	epochs	3.0
956.8258951313354	0.024265800000080162	epochs	3.0
956.8501609313355	0.048128599999927246	epochs	2.0
956.8501609313355	0.02413099999989754	epochs	3.0
956.8742919313354	0.023997600000029706	epochs	3.0
956.8982895313354	0.047601100000065344	epochs	2.0
956.8982895313354	0.023865800000066884	epochs	3.0
956.9221553313355	0.02373529999999846	epochs	3.0
956.9458906313355	0.04708499999992455	epochs	2.0
956.9458906313355	0.023606299999983094	epochs	3.0
956.9694969313355	0.023478699999941455	epochs	3.0
956.9929756313354	0.04658000000006268	epochs	2.0
956.9929756313354	0.02335249999998723	epochs	3.0
957.0163281313354	0.02322750000007545	epochs	3.0
957.0395556313355	0.04608569999993506	epochs	2.0
957.0395556313355	0.023103999999989355	epochs	3.0
957.0626596313355	0.022981699999945704	epochs	3.0
957.0856413313354	0.045601799999985815	epochs	2.0
957.0856413313354	0.022860700000023826	epochs	3.0
957.1085020313354	0.02274109999996199	epochs	3.0
957.1312431313354	0.04512790000001132	epochs	2.0
957.1312431313354	0.022622500000011314	epochs	3.0
957.1538656313354	0.02250540000000001	epochs	3.0
957.1763710313354	0.0446638000000803	epochs	2.0
957.1763710313354	0.022389300000099865	epochs	3.0
957.1987603313355	0.022274499999980435	epochs	3.0
957.2210348313355	0.04420919999995476	epochs	2.0
957.2210348313355	0.022160799999937808	epochs	3.0
957.2431956313354	0.022048400000016954	epochs	3.0
957.2652440313354	0.043763600000033875	epochs	2.0
957.2652440313354	0.021936900000014248	epochs	3.0
957.2871809313355	0.021826700000019628	epochs	3.0
957.3090076313355	0.04332709999994222	epochs	2.0
957.3090076313355	0.021717599999988124	epochs	3.0
957.3307252313355	0.021609499999954096	epochs	3.0
957.3523347313354	0.04289900000003399	epochs	2.0
957.3523347313354	0.02150249999999687	epochs	3.0
957.3738372313354	0.021396500000037122	epochs	3.0
957.3952337313355	0.042479500000013104	epochs	2.0
957.3952337313355	0.02129170000000613	epochs	3.0
957.4165254313355	0.021187800000006973	epochs	3.0
957.4377132313355	0.042067900000006375	epochs	2.0
957.4377132313355	0.02108490000000529	epochs	3.0
957.4587981313355	0.020983000000001084	epochs	3.0
957.4797811313355	0.04166439999994509	epochs	2.0
957.4797811313355	0.020882199999959994	epochs	3.0
957.5006633313354	0.020782199999985096	epochs	3.0
957.5214455313354	0.04126850000000104	epochs	2.0
957.5214455313354	0.020683300000087	epochs	3.0
957.5421288313355	0.02058519999991404	epochs	3.0
957.5627140313354	0.04088000000001557	epochs	2.0
957.5627140313354	0.020488100000079612	epochs	3.0
957.5832021313355	0.02039189999993596	epochs	3.0
957.6035940313354	0.04049880000002304	epochs	2.0
957.6035940313354	0.020296600000051512	epochs	3.0
957.6238906313355	0.020202199999971526	epochs	3.0
957.6440928313355	0.04012460000001283	epochs	2.0
957.6440928313355	0.02010870000003706	epochs	3.0
957.6642015313355	0.020015899999975773	epochs	3.0
957.6842174313355	0.03975730000001931	epochs	2.0
957.6842174313355	0.019924199999991288	epochs	3.0
957.7041416313355	0.019833100000028026	epochs	3.0
957.7239747313355	0.03939669999999751	epochs	2.0
957.7239747313355	0.01974299999994855	epochs	3.0
957.7437177313354	0.019653700000048957	epochs	3.0
957.7633714313355	0.03904239999997117	epochs	2.0
957.7633714313355	0.019565099999908853	epochs	3.0
957.7829365313354	0.019477300000062314	epochs	3.0
957.8024138313355	0.03869459999998526	epochs	2.0
957.8024138313355	0.019390400000020236	epochs	3.0
957.8218042313355	0.01930419999996502	epochs	3.0
957.8411084313354	0.03835290000006353	epochs	2.0
957.8411084313354	0.019218799999976	epochs	3.0
957.8603272313354	0.01913410000008753	epochs	3.0
957.8794613313355	0.038017199999899276	epochs	2.0
957.8794613313355	0.01905019999992419	epochs	3.0
957.8985115313354	0.018966999999975087	epochs	3.0
957.9174785313354	0.037687200000050325	epochs	2.0
957.9174785313354	0.01888450000001285	epochs	3.0
957.9363630313354	0.018802700000037476	epochs	3.0
957.9551657313355	0.03736309999999321	epochs	2.0
957.9551657313355	0.018721700000014607	epochs	3.0
957.9738874313355	0.018641399999978603	epochs	3.0
957.9925288313354	0.03704430000004777	epochs	2.0
957.9925288313354	0.01856159999999818	epochs	3.0
958.0110904313354	0.01848270000004959	epochs	3.0
958.0295731313355	0.03673099999991791	epochs	2.0
958.0295731313355	0.018404299999929208	epochs	3.0
958.0479774313354	0.018326699999988705	epochs	3.0
958.0663041313354	0.036422900000047775	epochs	2.0
958.0663041313354	0.018249599999990096	epochs	3.0
958.0845537313354	0.01817330000005768	epochs	3.0
958.1027270313355	0.03612009999994825	epochs	2.0
958.1027270313355	0.0180976000000328	epochs	3.0
958.1208246313355	0.018022499999915453	epochs	3.0
958.1388471313354	0.03582210000001851	epochs	2.0
958.1388471313354	0.017947900000081063	epochs	3.0
958.1567950313355	0.017874199999937446	epochs	3.0
958.1746692313354	0.03552899999999681	epochs	2.0
958.1746692313354	0.017800800000031813	epochs	3.0
958.1924700313355	0.017728199999965	epochs	3.0
958.2101982313354	0.03524070000003121	epochs	2.0
958.2101982313354	0.017656100000067454	epochs	3.0
958.2278543313355	0.017584599999963757	epochs	3.0
958.2454389313355	0.034957100000042374	epochs	2.0
958.2454389313355	0.01751369999999497	epochs	3.0
958.2629526313355	0.017443400000047404	epochs	3.0
958.2803960313355	0.034677899999906	epochs	2.0
958.2803960313355	0.017373599999928047	epochs	3.0
958.2977696313354	0.017304299999977957	epochs	3.0
958.3150739313354	0.03440330000000813	epochs	2.0
958.3150739313354	0.01723570000001473	epochs	3.0
958.3323096313354	0.0171675999999934	epochs	3.0
958.3494772313354	0.0341328000000658	epochs	2.0
958.3494772313354	0.017099900000062007	epochs	3.0
958.3665771313355	0.017032900000003792	epochs	3.0
958.3836100313355	0.033866699999975935	epochs	2.0
958.3836100313355	0.01696640000000116	epochs	3.0
958.4005764313355	0.016900299999974777	epochs	3.0
958.4174767313355	0.03360459999998966	epochs	2.0
958.4174767313355	0.01683479999996962	epochs	3.0
958.4343115313354	0.01676980000002004	epochs	3.0
958.4510813313354	0.033346599999958926	epochs	2.0
958.4510813313354	0.016705300000012357	epochs	3.0
958.4677866313355	0.01664129999994657	epochs	3.0
958.4844279313354	0.03309250000006614	epochs	2.0
958.4844279313354	0.016577800000050047	epochs	3.0
958.5010057313355	0.01651470000001609	epochs	3.0
958.5175204313355	0.03284229999997024	epochs	2.0
958.5175204313355	0.01645220000000336	epochs	3.0
958.5339726313355	0.01639009999996688	epochs	3.0
958.5503627313354	0.03259570000000167	epochs	2.0
958.5503627313354	0.016328400000020338	epochs	3.0
958.5666911313355	0.016267299999981333	epochs	3.0
958.5829584313354	0.032352899999978035	epochs	2.0
958.5829584313354	0.016206600000032267	epochs	3.0
958.5991650313355	0.016146299999945768	epochs	3.0
958.6153113313354	0.032113700000081735	epochs	2.0
958.6153113313354	0.016086599999994178	epochs	3.0
958.6313979313354	0.016027100000087557	epochs	3.0
958.6474250313355	0.03187799999989238	epochs	2.0
958.6474250313355	0.015968199999974786	epochs	3.0
958.6633932313355	0.015909799999917595	epochs	3.0
958.6793030313354	0.031645700000012766	epochs	2.0
958.6793030313354	0.01585160000001906	epochs	3.0
958.6951546313354	0.015794099999993705	epochs	3.0
958.7109487313354	0.0314167000000225	epochs	2.0
958.7109487313354	0.015736700000047676	epochs	3.0
958.7266854313355	0.015679999999974825	epochs	3.0
958.7423654313354	0.031191100000000915	epochs	2.0
958.7423654313354	0.015623600000026272	epochs	3.0
958.7579890313355	0.015567499999974643	epochs	3.0
958.7735565313354	0.030968700000016725	epochs	2.0
958.7735565313354	0.015512000000057924	epochs	3.0
958.7890685313355	0.0154566999999588	epochs	3.0
958.8045252313354	0.030749499999956242	epochs	2.0
958.8045252313354	0.015401999999994587	epochs	3.0
958.8199272313354	0.015347499999961656	epochs	3.0
958.8352747313354	0.03053320000003623	epochs	2.0
958.8352747313354	0.015293400000018664	epochs	3.0
958.8505681313354	0.015239800000017567	epochs	3.0
958.8658079313354	0.03032010000003993	epochs	2.0
958.8658079313354	0.015186500000027081	epochs	3.0
958.8809944313355	0.015133600000012848	epochs	3.0
958.8961280313355	0.030109899999956724	epochs	2.0
958.8961280313355	0.015081000000009226	epochs	3.0
958.9112090313355	0.015028899999947498	epochs	3.0
958.9262379313354	0.02990250000004835	epochs	2.0
958.9262379313354	0.014977000000044427	epochs	3.0
958.9412149313355	0.014925500000003922	epochs	3.0
958.9561404313355	0.029698100000018712	epochs	2.0
958.9561404313355	0.01487439999993967	epochs	3.0
958.9710148313354	0.014823700000079043	epochs	3.0
958.9858385313355	0.029496299999891562	epochs	2.0
958.9858385313355	0.014773199999922326	epochs	3.0
959.0006117313354	0.014723099999969236	epochs	3.0
959.0153348313354	0.02929740000001857	epochs	2.0
959.0153348313354	0.014673400000106085	epochs	3.0
959.0300082313355	0.014623999999912485	epochs	3.0
959.0446322313354	0.029101100000048064	epochs	2.0
959.0446322313354	0.014574900000070556	epochs	3.0
959.0592071313355	0.014526199999977507	epochs	3.0
959.0737333313355	0.028907399999980044	epochs	2.0
959.0737333313355	0.014477700000043114	epochs	3.0
959.0882110313355	0.014429699999936929	epochs	3.0
959.1026407313354	0.028716199999962555	epochs	2.0
959.1026407313354	0.014381800000023759	epochs	3.0
959.1170225313355	0.014334399999938796	epochs	3.0
959.1313569313354	0.028527600000074926	epochs	2.0
959.1313569313354	0.01428720000001249	epochs	3.0
959.1456441313354	0.014240400000062436	epochs	3.0
959.1598845313355	0.028341399999931127	epochs	2.0
959.1598845313355	0.014193799999929979	epochs	3.0
959.1740783313354	0.014147600000001148	epochs	3.0
959.1882259313354	0.028157700000065233	epochs	2.0
959.1882259313354	0.014101700000082928	epochs	3.0
959.2023276313355	0.014055999999982305	epochs	3.0
959.2163836313355	0.027976299999977527	epochs	2.0
959.2163836313355	0.01401060000000598	epochs	3.0
959.2303942313355	0.013965699999971548	epochs	3.0
959.2443599313355	0.02779720000000907	epochs	2.0
959.2443599313355	0.013920800000050804	epochs	3.0
959.2582807313355	0.013876399999958267	epochs	3.0
959.2721571313355	0.027620399999932488	epochs	2.0
959.2721571313355	0.013832200000024386	epochs	3.0
959.2859893313355	0.013788199999908102	epochs	3.0
959.2997775313354	0.02744590000008884	epochs	2.0
959.2997775313354	0.01374460000010913	epochs	3.0
959.3135221313355	0.01370129999997971	epochs	3.0
959.3272234313355	0.027273499999978412	epochs	2.0
959.3272234313355	0.013658200000008947	epochs	3.0
959.3408816313355	0.013615299999969466	epochs	3.0
959.3544969313355	0.027103399999987232	epochs	2.0
959.3544969313355	0.013572800000019924	epochs	3.0
959.3680697313355	0.013530599999967308	epochs	3.0
959.3816003313354	0.02693520000002536	epochs	2.0
959.3816003313354	0.013488400000028378	epochs	3.0
959.3950887313355	0.013446799999996983	epochs	3.0
959.4085355313355	0.026769199999989723	epochs	2.0
959.4085355313355	0.013405199999965589	epochs	3.0
959.4219407313354	0.013364000000024134	epochs	3.0
959.4353047313355	0.026605199999949036	epochs	2.0
959.4353047313355	0.013322899999934634	epochs	3.0
959.4486276313354	0.013282300000014402	epochs	3.0
959.4619099313354	0.026443200000016986	epochs	2.0
959.4619099313354	0.013241699999980483	epochs	3.0
959.4751516313354	0.013201500000036503	epochs	3.0
959.4883531313354	0.0262831999999662	epochs	2.0
959.4883531313354	0.013161500000023807	epochs	3.0
959.5015146313355	0.013121699999942393	epochs	3.0
959.5146363313354	0.02612500000009277	epochs	2.0
959.5146363313354	0.013082100000019636	epochs	3.0
959.5277184313354	0.013042900000073132	epochs	3.0
959.5407613313355	0.025968899999952555	epochs	2.0
959.5407613313355	0.013003899999944224	epochs	3.0
959.5537652313354	0.012965000000008331	epochs	3.0
959.5667302313354	0.025814500000024054	epochs	2.0
959.5667302313354	0.012926399999969362	epochs	3.0
959.5796566313354	0.012888100000054692	epochs	3.0
959.5925447313355	0.025661899999931848	epochs	2.0
959.5925447313355	0.012849899999991976	epochs	3.0
959.6053946313355	0.012811999999939871	epochs	3.0
959.6182066313354	0.025511200000096323	epochs	2.0
959.6182066313354	0.012774400000012065	epochs	3.0
959.6309810313354	0.012736800000084258	epochs	3.0
959.6437178313355	0.025362299999983406	epochs	2.0
959.6437178313355	0.01269969999998466	epochs	3.0
959.6564175313355	0.012662599999998747	epochs	3.0
959.6690801313355	0.025215000000002874	epochs	2.0
959.6690801313355	0.012625800000023446	epochs	3.0
959.6817059313355	0.012589199999979428	epochs	3.0
959.6942951313355	0.024584799999956886	epochs	2.0
959.7182642313354	0.5	epochs	-1.0
959.7188799313354	0.9999199999999746	epochs	1.0
960.2182642313354	0.5	epochs	-1.0
961.804000377655	0.046879999999987376	epochs	0.0
961.804000377655	0.018442599999957565	epochs	1.0
961.822442977655	0.009994800000072246	epochs	1.0
961.8324377776551	0.018442599999957565	epochs	1.0
961.850880377655	2.0	epochs	0.0
963.850880377655	0.5127200000000585	epochs	0.0
963.850880377655	0.5127200000000585	epochs	1.0
963.8509046776551	0.5	epochs	-1.0
964.3509046776551	0.012695699999994758	epochs	-1.0
964.3636003776551	21.487199999999916	epochs	0.0
965.7710003852844	0.046879999999987376	epochs	0.0
965.7710003852844	0.018442599999957565	epochs	1.0
965.7894429852844	0.009994800000072246	epochs	1.0
965.7994377852845	0.018442599999957565	epochs	1.0
965.8178803852844	2.0	epochs	0.0
967.8178803852844	21.512879999999996	epochs	0.0
967.8178803852844	1.0	epochs	1.0
967.8179046852845	0.5	epochs	-1.0
968.3179046852845	19.99935999999991	epochs	-1.0
968.8178803852844	20.0	epochs	1.0
968.8178803852844	4.356753900000058	epochs	-1.0
968.8178803852844	1.9745871999999736	epochs	2.0
968.8178803852844	1.0985622000000603	epochs	3.0
969.9164425852845	0.8760249999999132	epochs	3.0
970.7924675852844	1.3524075000000266	epochs	2.0
970.7924675852844	0.7286354999999958	epochs	3.0
971.5211030852844	0.6237720000000309	epochs	3.0
972.1448750852844	1.0297592000000577	epochs	2.0
972.1448750852844	0.5453293000000485	epochs	3.0
972.6902043852845	0.4844299000000092	epochs	3.0
973.1746342852845	0.8317862000000105	epochs	2.0
973.1746342852845	0.4357762999999295	epochs	3.0
973.6104105852844	0.39600990000008096	epochs	3.0
974.0064204852845	0.6977969999999232	epochs	2.0
974.0064204852845	0.36289819999990414	epochs	3.0
974.3693186852844	0.33489880000001904	epochs	3.0
974.7042174852844	0.601045699999986	epochs	2.0
974.7042174852844	0.3109123000000409	epochs	3.0
975.0151297852844	0.29013339999994514	epochs	3.0
975.3052631852844	0.5278859000000011	epochs	2.0
975.3052631852844	0.2719586000000618	epochs	3.0
975.5772217852845	0.25592729999993935	epochs	3.0
975.8331490852844	0.4706193000000667	epochs	2.0
975.8331490852844	0.241681299999982	epochs	3.0
976.0748303852844	0.22893800000008468	epochs	3.0
976.3037683852845	0.42457039999999324	epochs	2.0
976.3037683852845	0.21747140000002219	epochs	3.0
976.5212397852845	0.20709899999997106	epochs	3.0
976.7283387852844	0.3867354000000205	epochs	2.0
976.7283387852844	0.19767109999997956	epochs	3.0
976.9260098852844	0.18906430000004093	epochs	3.0
977.1150741852845	0.35509529999990264	epochs	2.0
977.1150741852845	0.18117589999997108	epochs	3.0
977.2962500852844	0.17391939999993156	epochs	3.0
977.4701694852844	0.3282431000000088	epochs	2.0
977.4701694852844	0.1672219000000723	epochs	3.0
977.6373913852844	0.16102119999993647	epochs	3.0
977.7984125852844	0.30516800000009425	epochs	2.0
977.7984125852844	0.15526390000002266	epochs	3.0
977.9536764852844	0.1499041000000716	epochs	3.0
978.1035805852845	0.28512530000000424	epochs	2.0
978.1035805852845	0.1449020999999675	epochs	3.0
978.2484826852844	0.14022320000003674	epochs	3.0
978.3887058852845	0.2675537999999733	epochs	2.0
978.3887058852845	0.1358368999999584	epochs	3.0
978.5245427852844	0.1317169000000149	epochs	3.0
978.6562596852845	0.252022899999929	epochs	2.0
978.6562596852845	0.1278393000000051	epochs	3.0
978.7840989852845	0.1241835999999239	epochs	3.0
978.9082825852844	0.23819650000007186	epochs	2.0
978.9082825852844	0.12073110000005727	epochs	3.0
979.0290136852844	0.1174654000000146	epochs	3.0
979.1464790852845	0.2258087999999816	epochs	2.0
979.1464790852845	0.1143718999999237	epochs	3.0
979.2608509852844	0.1114369000000579	epochs	3.0
979.3722878852844	0.2146460000000161	epochs	2.0
979.3722878852844	0.10864889999993466	epochs	3.0
979.4809367852844	0.10599710000008145	epochs	3.0
979.5869338852845	0.20453499999996438	epochs	2.0
979.5869338852845	0.10347149999995509	epochs	3.0
979.6904053852844	0.1010635000000093	epochs	3.0
979.7914688852844	0.19533400000000256	epochs	2.0
979.7914688852844	0.09876510000003691	epochs	3.0
979.8902339852845	0.09656889999996565	epochs	3.0
979.9868028852844	0.18692529999998442	epochs	2.0
979.9868028852844	0.09446830000001682	epochs	3.0
980.0812711852844	0.09245699999996759	epochs	3.0
980.1737281852844	0.17921069999999872	epochs	2.0
980.1737281852844	0.09052959999996801	epochs	3.0
980.2642577852844	0.08868110000003071	epochs	3.0
980.3529388852844	0.17210769999996955	epochs	2.0
980.3529388852844	0.08690630000000965	epochs	3.0
980.4398451852844	0.0852013999999599	epochs	3.0
980.5250465852844	0.16554640000003928	epochs	2.0
980.5250465852844	0.08356190000006336	epochs	3.0
980.6086084852844	0.08198449999997592	epochs	3.0
980.6905929852844	0.15946710000002895	epochs	2.0
980.6905929852844	0.08046539999998004	epochs	3.0
980.7710583852844	0.07900170000004891	epochs	3.0
980.8500600852844	0.15381839999997737	epochs	2.0
980.8500600852844	0.07759009999995214	epochs	3.0
980.9276501852844	0.07622830000002523	epochs	3.0
981.0038784852844	0.14855639999996129	epochs	2.0
981.0038784852844	0.07491330000004837	epochs	3.0
981.0787917852845	0.07364309999991292	epochs	3.0
981.1524348852844	0.14364240000008976	epochs	2.0
981.1524348852844	0.07241500000009182	epochs	3.0
981.2248498852845	0.07122739999999794	epochs	3.0
981.2960772852845	0.13904309999998077	epochs	2.0
981.2960772852845	0.07007799999996678	epochs	3.0
981.3661552852844	0.06896510000001399	epochs	3.0
981.4351203852844	0.1347293000000036	epochs	2.0
981.4351203852844	0.0678871000000072	epochs	3.0
981.5030074852845	0.06684219999999641	epochs	3.0
981.5698496852845	0.13067519999992783	epochs	2.0
981.5698496852845	0.06582909999997355	epochs	3.0
981.6356787852844	0.06484609999995428	epochs	3.0
981.7005248852844	0.12685780000003888	epochs	2.0
981.7005248852844	0.06389200000000983	epochs	3.0
981.7644168852844	0.06296580000002905	epochs	3.0
981.8273826852844	0.12325720000001184	epochs	2.0
981.8273826852844	0.06206580000002759	epochs	3.0
981.8894484852844	0.06119139999998424	epochs	3.0
981.9506398852844	0.11985540000000583	epochs	2.0
981.9506398852844	0.060341099999959624	epochs	3.0
982.0109809852844	0.059514300000046205	epochs	3.0
982.0704952852844	0.11663620000001629	epochs	2.0
982.0704952852844	0.05870960000004288	epochs	3.0
982.1292048852845	0.057926599999973405	epochs	3.0
982.1871314852845	0.11358559999996487	epochs	2.0
982.1871314852845	0.05716419999998834	epochs	3.0
982.2442956852844	0.05642139999997653	epochs	3.0
982.3007170852844	0.11069050000003244	epochs	2.0
982.3007170852844	0.055697900000041045	epochs	3.0
982.3564149852845	0.0549925999999914	epochs	3.0
982.4114075852845	0.10793909999995321	epochs	2.0
982.4114075852845	0.05430489999992005	epochs	3.0
982.4657124852844	0.05363420000003316	epochs	3.0
982.5193466852844	0.10532150000005913	epochs	2.0
982.5193466852844	0.05298000000004777	epochs	3.0
982.5723266852845	0.052341500000011365	epochs	3.0
982.6246681852845	0.10282759999995505	epochs	2.0
982.6246681852845	0.05171810000001642	epochs	3.0
982.6763862852845	0.051109499999938635	epochs	3.0
982.7274957852844	0.10044909999999163	epochs	2.0
982.7274957852844	0.050514900000052876	epochs	3.0
982.7780106852845	0.049934199999938755	epochs	3.0
982.8279448852844	0.0981782999999723	epochs	2.0
982.8279448852844	0.04936659999998483	epochs	3.0
982.8773114852844	0.04881169999998747	epochs	3.0
982.9261231852844	0.09600780000005216	epochs	2.0
982.9261231852844	0.04826920000004975	epochs	3.0
982.9743923852844	0.04773860000000241	epochs	3.0
983.0221309852844	0.09393120000004274	epochs	2.0
983.0221309852844	0.04721949999998287	epochs	3.0
983.0693504852844	0.046711700000059864	epochs	3.0
983.1160621852845	0.09194259999992482	epochs	2.0
983.1160621852845	0.046214599999984785	epochs	3.0
983.1622767852845	0.04572799999994004	epochs	3.0
983.2080047852844	0.09003630000006524	epochs	2.0
983.2080047852844	0.04525150000006306	epochs	3.0
983.2532562852845	0.04478480000000218	epochs	3.0
983.2980410852845	0.08820759999991878	epochs	2.0
983.2980410852845	0.04432779999990544	epochs	3.0
983.3423688852844	0.04387980000001335	epochs	3.0
983.3862486852844	0.0864516999999978	epochs	2.0
983.3862486852844	0.04344100000002982	epochs	3.0
983.4296896852844	0.04301069999996798	epochs	3.0
983.4727003852844	0.0847643000000744	epochs	2.0
983.4727003852844	0.04258900000002086	epochs	3.0
983.5152893852844	0.04217530000005354	epochs	3.0
983.5574646852845	0.08314150000001064	epochs	2.0
983.5574646852845	0.041769699999917975	epochs	3.0
983.5992343852844	0.04137180000009266	epochs	3.0
983.6406061852845	0.08157969999990655	epochs	2.0
983.6406061852845	0.040981399999964196	epochs	3.0
983.6815875852844	0.040598299999942355	epochs	3.0
983.7221858852844	0.08007550000002084	epochs	2.0
983.7221858852844	0.040222300000095856	epochs	3.0
983.7624081852845	0.03985319999992498	epochs	3.0
983.8022613852844	0.07862569999997504	epochs	2.0
983.8022613852844	0.039490800000066884	epochs	3.0
983.8417521852845	0.03913489999990816	epochs	3.0
983.8808870852844	0.07722760000001472	epochs	2.0
983.8808870852844	0.038785400000051595	epochs	3.0
983.9196724852844	0.03844219999996312	epochs	3.0
983.9581146852844	0.07587820000003376	epochs	2.0
983.9581146852844	0.038104800000041905	epochs	3.0
983.9962194852844	0.03777339999999185	epochs	3.0
984.0339928852844	0.0745752000000266	epochs	2.0
984.0339928852844	0.03744770000002973	epochs	3.0
984.0714405852844	0.03712749999999687	epochs	3.0
984.1085680852844	0.07331629999998768	epochs	2.0
984.1085680852844	0.036812899999972615	epochs	3.0
984.1453809852844	0.03650340000001506	epochs	3.0
984.1818843852844	0.07209899999998015	epochs	2.0
984.1818843852844	0.03619909999997617	epochs	3.0
984.2180834852844	0.03589990000000398	epochs	3.0
984.2539833852844	0.07092169999998532	epochs	2.0
984.2539833852844	0.03560560000005353	epochs	3.0
984.2895889852845	0.035316099999931794	epochs	3.0
984.3249050852844	0.06978200000003199	epochs	2.0
984.3249050852844	0.03503120000004856	epochs	3.0
984.3599362852844	0.03475079999998343	epochs	3.0
984.3946870852844	0.06867859999999837	epochs	2.0
984.3946870852844	0.03447510000000875	epochs	3.0
984.4291621852844	0.03420349999998962	epochs	3.0
984.4633656852844	0.06760929999995824	epochs	2.0
984.4633656852844	0.033936199999970995	epochs	3.0
984.4973018852844	0.033673099999987244	epochs	3.0
984.5309749852844	0.06657289999998284	epochs	2.0
984.5309749852844	0.03341399999999339	epochs	3.0
984.5643889852844	0.033158899999989444	epochs	3.0
984.5975478852844	0.06556780000005347	epochs	2.0
984.5975478852844	0.032907700000009754	epochs	3.0
984.6304555852844	0.03266010000004371	epochs	3.0
984.6631156852844	0.06459259999996902	epochs	2.0
984.6631156852844	0.032416399999988244	epochs	3.0
984.6955320852844	0.03217619999998078	epochs	3.0
984.7277082852844	0.06364600000006249	epochs	2.0
984.7277082852844	0.03193959999998697	epochs	3.0
984.7596478852844	0.03170640000007552	epochs	3.0
984.7913542852845	0.0627266999999847	epochs	2.0
984.7913542852845	0.03147660000001906	epochs	3.0
984.8228308852845	0.03125009999996564	epochs	3.0
984.8540809852844	0.06183359999999993	epochs	2.0
984.8540809852844	0.031026900000028945	epochs	3.0
984.8851078852845	0.030806699999970988	epochs	3.0
984.9159145852844	0.06096560000003137	epochs	2.0
984.9159145852844	0.030589800000029754	epochs	3.0
984.9465043852845	0.030375800000001618	epochs	3.0
984.9768801852845	0.06012160000000222	epochs	2.0
984.9768801852845	0.03016489999993155	epochs	3.0
985.0070450852844	0.02995670000007067	epochs	3.0
985.0370017852845	0.05930069999999432	epochs	2.0
985.0370017852845	0.02975159999994048	epochs	3.0
985.0667533852844	0.02954910000005384	epochs	3.0
985.0963024852845	0.05850179999993088	epochs	2.0
985.0963024852845	0.02934940000000097	epochs	3.0
985.1256518852845	0.029152399999929912	epochs	3.0
985.1548042852844	0.057724200000052406	epochs	2.0
985.1548042852844	0.028957999999988715	epochs	3.0
985.1837622852844	0.02876620000006369	epochs	3.0
985.2125284852845	0.05696709999995164	epochs	2.0
985.2125284852845	0.028576999999927466	epochs	3.0
985.2411054852844	0.028390100000024177	epochs	3.0
985.2694955852844	0.05622949999997218	epochs	2.0
985.2694955852844	0.028205700000057732	epochs	3.0
985.2977012852845	0.028023799999914445	epochs	3.0
985.3257250852844	0.05551070000001346	epochs	2.0
985.3257250852844	0.02784400000007281	epochs	3.0
985.3535690852844	0.027666699999940647	epochs	3.0
985.3812357852844	0.054810200000019904	epochs	2.0
985.3812357852844	0.02749149999999645	epochs	3.0
985.4087272852844	0.027318700000023455	epochs	3.0
985.4360459852844	0.05412699999999404	epochs	2.0
985.4360459852844	0.027147799999966082	epochs	3.0
985.4631937852844	0.02697920000002796	epochs	3.0
985.4901729852844	0.0534607000000733	epochs	2.0
985.4901729852844	0.0268125999999711	epochs	3.0
985.5169855852844	0.026648100000102204	epochs	3.0
985.5436336852845	0.052810699999895405	epochs	2.0
985.5436336852845	0.026485600000000886	epochs	3.0
985.5701192852845	0.02632509999989452	epochs	3.0
985.5964443852844	0.05217620000007628	epochs	2.0
985.5964443852844	0.026166400000079193	epochs	3.0
985.6226107852845	0.026009799999997085	epochs	3.0
985.6486205852844	0.051556699999991906	epochs	2.0
985.6486205852844	0.025854799999933675	epochs	3.0
985.6744753852844	0.02570190000005823	epochs	3.0
985.7001772852844	0.05095189999997274	epochs	2.0
985.7001772852844	0.025550699999939752	epochs	3.0
985.7257279852844	0.025401200000032986	epochs	3.0
985.7511291852844	0.05036100000006627	epochs	2.0
985.7511291852844	0.025253499999962514	epochs	3.0
985.7763826852844	0.025107500000103755	epochs	3.0
985.8014901852845	0.049783800000000156	epochs	2.0
985.8014901852845	0.024963199999888275	epochs	3.0
985.8264533852844	0.02482060000011188	epochs	3.0
985.8512739852845	0.04921949999993558	epochs	2.0
985.8512739852845	0.024679399999968155	epochs	3.0
985.8759533852844	0.024540099999967424	epochs	3.0
985.9004934852844	0.04866790000005494	epochs	2.0
985.9004934852844	0.02440209999997478	epochs	3.0
985.9248955852844	0.024265800000080162	epochs	3.0
985.9491613852845	0.048128599999927246	epochs	2.0
985.9491613852845	0.02413099999989754	epochs	3.0
985.9732923852844	0.023997600000029706	epochs	3.0
985.9972899852844	0.047601100000065344	epochs	2.0
985.9972899852844	0.023865800000066884	epochs	3.0
986.0211557852845	0.02373529999999846	epochs	3.0
986.0448910852845	0.04708499999992455	epochs	2.0
986.0448910852845	0.023606299999983094	epochs	3.0
986.0684973852844	0.023478699999941455	epochs	3.0
986.0919760852844	0.04658000000006268	epochs	2.0
986.0919760852844	0.02335249999998723	epochs	3.0
986.1153285852844	0.02322750000007545	epochs	3.0
986.1385560852844	0.04608569999993506	epochs	2.0
986.1385560852844	0.023103999999989355	epochs	3.0
986.1616600852844	0.022981699999945704	epochs	3.0
986.1846417852844	0.045601799999985815	epochs	2.0
986.1846417852844	0.022860700000023826	epochs	3.0
986.2075024852844	0.02274109999996199	epochs	3.0
986.2302435852844	0.04512790000001132	epochs	2.0
986.2302435852844	0.022622500000011314	epochs	3.0
986.2528660852844	0.02250540000000001	epochs	3.0
986.2753714852844	0.0446638000000803	epochs	2.0
986.2753714852844	0.022389300000099865	epochs	3.0
986.2977607852845	0.022274499999980435	epochs	3.0
986.3200352852845	0.04420919999995476	epochs	2.0
986.3200352852845	0.022160799999937808	epochs	3.0
986.3421960852844	0.022048400000016954	epochs	3.0
986.3642444852844	0.043763600000033875	epochs	2.0
986.3642444852844	0.021936900000014248	epochs	3.0
986.3861813852844	0.021826700000019628	epochs	3.0
986.4080080852845	0.04332709999994222	epochs	2.0
986.4080080852845	0.021717599999988124	epochs	3.0
986.4297256852844	0.021609499999954096	epochs	3.0
986.4513351852844	0.04289900000003399	epochs	2.0
986.4513351852844	0.02150249999999687	epochs	3.0
986.4728376852844	0.021396500000037122	epochs	3.0
986.4942341852844	0.042479500000013104	epochs	2.0
986.4942341852844	0.02129170000000613	epochs	3.0
986.5155258852844	0.021187800000006973	epochs	3.0
986.5367136852844	0.042067900000006375	epochs	2.0
986.5367136852844	0.02108490000000529	epochs	3.0
986.5577985852844	0.020983000000001084	epochs	3.0
986.5787815852844	0.04166439999994509	epochs	2.0
986.5787815852844	0.020882199999959994	epochs	3.0
986.5996637852844	0.020782199999985096	epochs	3.0
986.6204459852844	0.04126850000000104	epochs	2.0
986.6204459852844	0.020683300000087	epochs	3.0
986.6411292852845	0.02058519999991404	epochs	3.0
986.6617144852844	0.04088000000001557	epochs	2.0
986.6617144852844	0.020488100000079612	epochs	3.0
986.6822025852845	0.02039189999993596	epochs	3.0
986.7025944852844	0.04049880000002304	epochs	2.0
986.7025944852844	0.020296600000051512	epochs	3.0
986.7228910852845	0.020202199999971526	epochs	3.0
986.7430932852844	0.04012460000001283	epochs	2.0
986.7430932852844	0.02010870000003706	epochs	3.0
986.7632019852845	0.020015899999975773	epochs	3.0
986.7832178852844	0.03975730000001931	epochs	2.0
986.7832178852844	0.019924199999991288	epochs	3.0
986.8031420852844	0.019833100000028026	epochs	3.0
986.8229751852845	0.03939669999999751	epochs	2.0
986.8229751852845	0.01974299999994855	epochs	3.0
986.8427181852844	0.019653700000048957	epochs	3.0
986.8623718852845	0.03904239999997117	epochs	2.0
986.8623718852845	0.019565099999908853	epochs	3.0
986.8819369852844	0.019477300000062314	epochs	3.0
986.9014142852844	0.03869459999998526	epochs	2.0
986.9014142852844	0.019390400000020236	epochs	3.0
986.9208046852845	0.01930419999996502	epochs	3.0
986.9401088852844	0.03835290000006353	epochs	2.0
986.9401088852844	0.019218799999976	epochs	3.0
986.9593276852844	0.01913410000008753	epochs	3.0
986.9784617852845	0.038017199999899276	epochs	2.0
986.9784617852845	0.01905019999992419	epochs	3.0
986.9975119852844	0.018966999999975087	epochs	3.0
987.0164789852844	0.037687200000050325	epochs	2.0
987.0164789852844	0.01888450000001285	epochs	3.0
987.0353634852844	0.018802700000037476	epochs	3.0
987.0541661852844	0.03736309999999321	epochs	2.0
987.0541661852844	0.018721700000014607	epochs	3.0
987.0728878852844	0.018641399999978603	epochs	3.0
987.0915292852844	0.03704430000004777	epochs	2.0
987.0915292852844	0.01856159999999818	epochs	3.0
987.1100908852844	0.01848270000004959	epochs	3.0
987.1285735852845	0.03673099999991791	epochs	2.0
987.1285735852845	0.018404299999929208	epochs	3.0
987.1469778852844	0.018326699999988705	epochs	3.0
987.1653045852844	0.036422900000047775	epochs	2.0
987.1653045852844	0.018249599999990096	epochs	3.0
987.1835541852844	0.01817330000005768	epochs	3.0
987.2017274852844	0.03612009999994825	epochs	2.0
987.2017274852844	0.0180976000000328	epochs	3.0
987.2198250852845	0.018022499999915453	epochs	3.0
987.2378475852844	0.03582210000001851	epochs	2.0
987.2378475852844	0.017947900000081063	epochs	3.0
987.2557954852845	0.017874199999937446	epochs	3.0
987.2736696852844	0.03552899999999681	epochs	2.0
987.2736696852844	0.017800800000031813	epochs	3.0
987.2914704852844	0.017728199999965	epochs	3.0
987.3091986852844	0.03524070000003121	epochs	2.0
987.3091986852844	0.017656100000067454	epochs	3.0
987.3268547852845	0.017584599999963757	epochs	3.0
987.3444393852844	0.034957100000042374	epochs	2.0
987.3444393852844	0.01751369999999497	epochs	3.0
987.3619530852844	0.017443400000047404	epochs	3.0
987.3793964852845	0.034677899999906	epochs	2.0
987.3793964852845	0.017373599999928047	epochs	3.0
987.3967700852844	0.017304299999977957	epochs	3.0
987.4140743852844	0.03440330000000813	epochs	2.0
987.4140743852844	0.01723570000001473	epochs	3.0
987.4313100852844	0.0171675999999934	epochs	3.0
987.4484776852844	0.0341328000000658	epochs	2.0
987.4484776852844	0.017099900000062007	epochs	3.0
987.4655775852844	0.017032900000003792	epochs	3.0
987.4826104852845	0.033866699999975935	epochs	2.0
987.4826104852845	0.01696640000000116	epochs	3.0
987.4995768852845	0.016900299999974777	epochs	3.0
987.5164771852844	0.03360459999998966	epochs	2.0
987.5164771852844	0.01683479999996962	epochs	3.0
987.5333119852844	0.01676980000002004	epochs	3.0
987.5500817852844	0.033346599999958926	epochs	2.0
987.5500817852844	0.016705300000012357	epochs	3.0
987.5667870852844	0.01664129999994657	epochs	3.0
987.5834283852844	0.03309250000006614	epochs	2.0
987.5834283852844	0.016577800000050047	epochs	3.0
987.6000061852844	0.01651470000001609	epochs	3.0
987.6165208852844	0.03284229999997024	epochs	2.0
987.6165208852844	0.01645220000000336	epochs	3.0
987.6329730852844	0.01639009999996688	epochs	3.0
987.6493631852844	0.03259570000000167	epochs	2.0
987.6493631852844	0.016328400000020338	epochs	3.0
987.6656915852844	0.016267299999981333	epochs	3.0
987.6819588852844	0.032352899999978035	epochs	2.0
987.6819588852844	0.016206600000032267	epochs	3.0
987.6981654852844	0.016146299999945768	epochs	3.0
987.7143117852844	0.032113700000081735	epochs	2.0
987.7143117852844	0.016086599999994178	epochs	3.0
987.7303983852844	0.016027100000087557	epochs	3.0
987.7464254852845	0.03187799999989238	epochs	2.0
987.7464254852845	0.015968199999974786	epochs	3.0
987.7623936852845	0.015909799999917595	epochs	3.0
987.7783034852844	0.031645700000012766	epochs	2.0
987.7783034852844	0.01585160000001906	epochs	3.0
987.7941550852844	0.015794099999993705	epochs	3.0
987.8099491852844	0.0314167000000225	epochs	2.0
987.8099491852844	0.015736700000047676	epochs	3.0
987.8256858852844	0.015679999999974825	epochs	3.0
987.8413658852844	0.031191100000000915	epochs	2.0
987.8413658852844	0.015623600000026272	epochs	3.0
987.8569894852844	0.015567499999974643	epochs	3.0
987.8725569852844	0.030968700000016725	epochs	2.0
987.8725569852844	0.015512000000057924	epochs	3.0
987.8880689852845	0.0154566999999588	epochs	3.0
987.9035256852844	0.030749499999956242	epochs	2.0
987.9035256852844	0.015401999999994587	epochs	3.0
987.9189276852844	0.015347499999961656	epochs	3.0
987.9342751852844	0.03053320000003623	epochs	2.0
987.9342751852844	0.015293400000018664	epochs	3.0
987.9495685852844	0.015239800000017567	epochs	3.0
987.9648083852844	0.03032010000003993	epochs	2.0
987.9648083852844	0.015186500000027081	epochs	3.0
987.9799948852844	0.015133600000012848	epochs	3.0
987.9951284852845	0.030109899999956724	epochs	2.0
987.9951284852845	0.015081000000009226	epochs	3.0
988.0102094852845	0.015028899999947498	epochs	3.0
988.0252383852844	0.02990250000004835	epochs	2.0
988.0252383852844	0.014977000000044427	epochs	3.0
988.0402153852845	0.014925500000003922	epochs	3.0
988.0551408852845	0.029698100000018712	epochs	2.0
988.0551408852845	0.01487439999993967	epochs	3.0
988.0700152852844	0.014823700000079043	epochs	3.0
988.0848389852845	0.029496299999891562	epochs	2.0
988.0848389852845	0.014773199999922326	epochs	3.0
988.0996121852844	0.014723099999969236	epochs	3.0
988.1143352852844	0.02929740000001857	epochs	2.0
988.1143352852844	0.014673400000106085	epochs	3.0
988.1290086852845	0.014623999999912485	epochs	3.0
988.1436326852844	0.029101100000048064	epochs	2.0
988.1436326852844	0.014574900000070556	epochs	3.0
988.1582075852845	0.014526199999977507	epochs	3.0
988.1727337852844	0.028907399999980044	epochs	2.0
988.1727337852844	0.014477700000043114	epochs	3.0
988.1872114852845	0.014429699999936929	epochs	3.0
988.2016411852844	0.028716199999962555	epochs	2.0
988.2016411852844	0.014381800000023759	epochs	3.0
988.2160229852844	0.014334399999938796	epochs	3.0
988.2303573852844	0.028527600000074926	epochs	2.0
988.2303573852844	0.01428720000001249	epochs	3.0
988.2446445852844	0.014240400000062436	epochs	3.0
988.2588849852845	0.028341399999931127	epochs	2.0
988.2588849852845	0.014193799999929979	epochs	3.0
988.2730787852844	0.014147600000001148	epochs	3.0
988.2872263852844	0.028157700000065233	epochs	2.0
988.2872263852844	0.014101700000082928	epochs	3.0
988.3013280852845	0.014055999999982305	epochs	3.0
988.3153840852844	0.027976299999977527	epochs	2.0
988.3153840852844	0.01401060000000598	epochs	3.0
988.3293946852845	0.013965699999971548	epochs	3.0
988.3433603852844	0.02779720000000907	epochs	2.0
988.3433603852844	0.013920800000050804	epochs	3.0
988.3572811852845	0.013876399999958267	epochs	3.0
988.3711575852844	0.027620399999932488	epochs	2.0
988.3711575852844	0.013832200000024386	epochs	3.0
988.3849897852845	0.013788199999908102	epochs	3.0
988.3987779852844	0.02744590000008884	epochs	2.0
988.3987779852844	0.01374460000010913	epochs	3.0
988.4125225852845	0.01370129999997971	epochs	3.0
988.4262238852845	0.027273499999978412	epochs	2.0
988.4262238852845	0.013658200000008947	epochs	3.0
988.4398820852845	0.013615299999969466	epochs	3.0
988.4534973852844	0.027103399999987232	epochs	2.0
988.4534973852844	0.013572800000019924	epochs	3.0
988.4670701852845	0.013530599999967308	epochs	3.0
988.4806007852844	0.02693520000002536	epochs	2.0
988.4806007852844	0.013488400000028378	epochs	3.0
988.4940891852845	0.013446799999996983	epochs	3.0
988.5075359852844	0.026769199999989723	epochs	2.0
988.5075359852844	0.013405199999965589	epochs	3.0
988.5209411852844	0.013364000000024134	epochs	3.0
988.5343051852844	0.026605199999949036	epochs	2.0
988.5343051852844	0.013322899999934634	epochs	3.0
988.5476280852844	0.013282300000014402	epochs	3.0
988.5609103852844	0.026443200000016986	epochs	2.0
988.5609103852844	0.013241699999980483	epochs	3.0
988.5741520852844	0.013201500000036503	epochs	3.0
988.5873535852844	0.0262831999999662	epochs	2.0
988.5873535852844	0.013161500000023807	epochs	3.0
988.6005150852844	0.013121699999942393	epochs	3.0
988.6136367852844	0.02612500000009277	epochs	2.0
988.6136367852844	0.013082100000019636	epochs	3.0
988.6267188852844	0.013042900000073132	epochs	3.0
988.6397617852845	0.025968899999952555	epochs	2.0
988.6397617852845	0.013003899999944224	epochs	3.0
988.6527656852844	0.012965000000008331	epochs	3.0
988.6657306852844	0.025814500000024054	epochs	2.0
988.6657306852844	0.012926399999969362	epochs	3.0
988.6786570852844	0.012888100000054692	epochs	3.0
988.6915451852844	0.025661899999931848	epochs	2.0
988.6915451852844	0.012849899999991976	epochs	3.0
988.7043950852844	0.012811999999939871	epochs	3.0
988.7172070852844	0.025511200000096323	epochs	2.0
988.7172070852844	0.012774400000012065	epochs	3.0
988.7299814852844	0.012736800000084258	epochs	3.0
988.7427182852845	0.025362299999983406	epochs	2.0
988.7427182852845	0.01269969999998466	epochs	3.0
988.7554179852845	0.012662599999998747	epochs	3.0
988.7680805852845	0.025215000000002874	epochs	2.0
988.7680805852845	0.012625800000023446	epochs	3.0
988.7807063852845	0.012589199999979428	epochs	3.0
988.7932955852845	0.024584799999956886	epochs	2.0
988.8172646852844	0.5	epochs	-1.0
988.8178803852844	0.5128799999999956	epochs	1.0
989.3307603852844	0.48703999999997905	epochs	0.0
990.3380002975464	0.046879999999987376	epochs	0.0
990.3380002975464	0.018442599999957565	epochs	1.0
990.3564428975463	0.009994800000072246	epochs	1.0
990.3664376975464	0.018442599999957565	epochs	1.0
990.3848802975464	2.0	epochs	0.0
992.3848802975464	21.999919999999975	epochs	0.0
992.3848802975464	1.0	epochs	1.0
992.3849045975464	0.5	epochs	-1.0
992.8849045975464	19.99935999999991	epochs	-1.0
993.3848802975464	20.0	epochs	1.0
993.3848802975464	4.356753900000058	epochs	-1.0
993.3848802975464	1.9745871999999736	epochs	2.0
993.3848802975464	1.0985622000000603	epochs	3.0
994.4834424975464	0.8760249999999132	epochs	3.0
995.3594674975463	1.3524075000000266	epochs	2.0
995.3594674975463	0.7286354999999958	epochs	3.0
996.0881029975463	0.6237720000000309	epochs	3.0
996.7118749975464	1.0297592000000577	epochs	2.0
996.7118749975464	0.5453293000000485	epochs	3.0
997.2572042975464	0.4844299000000092	epochs	3.0
997.7416341975464	0.8317862000000105	epochs	2.0
997.7416341975464	0.4357762999999295	epochs	3.0
998.1774104975464	0.39600990000008096	epochs	3.0
998.5734203975464	0.6977969999999232	epochs	2.0
998.5734203975464	0.36289819999990414	epochs	3.0
998.9363185975463	0.33489880000001904	epochs	3.0
999.2712173975464	0.601045699999986	epochs	2.0
999.2712173975464	0.3109123000000409	epochs	3.0
999.5821296975464	0.29013339999994514	epochs	3.0
999.8722630975464	0.5278859000000011	epochs	2.0
999.8722630975464	0.2719586000000618	epochs	3.0
1000.1442216975464	0.25592729999993935	epochs	3.0
1000.4001489975464	0.4706193000000667	epochs	2.0
1000.4001489975464	0.241681299999982	epochs	3.0
1000.6418302975463	0.22893800000008468	epochs	3.0
1000.8707682975464	0.42457039999999324	epochs	2.0
1000.8707682975464	0.21747140000002219	epochs	3.0
1001.0882396975464	0.20709899999997106	epochs	3.0
1001.2953386975464	0.3867354000000205	epochs	2.0
1001.2953386975464	0.19767109999997956	epochs	3.0
1001.4930097975464	0.18906430000004093	epochs	3.0
1001.6820740975464	0.35509529999990264	epochs	2.0
1001.6820740975464	0.18117589999997108	epochs	3.0
1001.8632499975464	0.17391939999993156	epochs	3.0
1002.0371693975463	0.3282431000000088	epochs	2.0
1002.0371693975463	0.1672219000000723	epochs	3.0
1002.2043912975464	0.16102119999993647	epochs	3.0
1002.3654124975463	0.30516800000009425	epochs	2.0
1002.3654124975463	0.15526390000002266	epochs	3.0
1002.5206763975464	0.1499041000000716	epochs	3.0
1002.6705804975464	0.28512530000000424	epochs	2.0
1002.6705804975464	0.1449020999999675	epochs	3.0
1002.8154825975464	0.14022320000003674	epochs	3.0
1002.9557057975464	0.2675537999999733	epochs	2.0
1002.9557057975464	0.1358368999999584	epochs	3.0
1003.0915426975464	0.1317169000000149	epochs	3.0
1003.2232595975464	0.252022899999929	epochs	2.0
1003.2232595975464	0.1278393000000051	epochs	3.0
1003.3510988975464	0.1241835999999239	epochs	3.0
1003.4752824975463	0.23819650000007186	epochs	2.0
1003.4752824975463	0.12073110000005727	epochs	3.0
1003.5960135975464	0.1174654000000146	epochs	3.0
1003.7134789975464	0.2258087999999816	epochs	2.0
1003.7134789975464	0.1143718999999237	epochs	3.0
1003.8278508975463	0.1114369000000579	epochs	3.0
1003.9392877975464	0.2146460000000161	epochs	2.0
1003.9392877975464	0.10864889999993466	epochs	3.0
1004.0479366975463	0.10599710000008145	epochs	3.0
1004.1539337975464	0.20453499999996438	epochs	2.0
1004.1539337975464	0.10347149999995509	epochs	3.0
1004.2574052975464	0.1010635000000093	epochs	3.0
1004.3584687975464	0.19533400000000256	epochs	2.0
1004.3584687975464	0.09876510000003691	epochs	3.0
1004.4572338975464	0.09656889999996565	epochs	3.0
1004.5538027975464	0.18692529999998442	epochs	2.0
1004.5538027975464	0.09446830000001682	epochs	3.0
1004.6482710975464	0.09245699999996759	epochs	3.0
1004.7407280975464	0.17921069999999872	epochs	2.0
1004.7407280975464	0.09052959999996801	epochs	3.0
1004.8312576975463	0.08868110000003071	epochs	3.0
1004.9199387975464	0.17210769999996955	epochs	2.0
1004.9199387975464	0.08690630000000965	epochs	3.0
1005.0068450975464	0.0852013999999599	epochs	3.0
1005.0920464975463	0.16554640000003928	epochs	2.0
1005.0920464975463	0.08356190000006336	epochs	3.0
1005.1756083975464	0.08198449999997592	epochs	3.0
1005.2575928975464	0.15946710000002895	epochs	2.0
1005.2575928975464	0.08046539999998004	epochs	3.0
1005.3380582975464	0.07900170000004891	epochs	3.0
1005.4170599975464	0.15381839999997737	epochs	2.0
1005.4170599975464	0.07759009999995214	epochs	3.0
1005.4946500975464	0.07622830000002523	epochs	3.0
1005.5708783975464	0.14855639999996129	epochs	2.0
1005.5708783975464	0.07491330000004837	epochs	3.0
1005.6457916975464	0.07364309999991292	epochs	3.0
1005.7194347975463	0.14364240000008976	epochs	2.0
1005.7194347975463	0.07241500000009182	epochs	3.0
1005.7918497975464	0.07122739999999794	epochs	3.0
1005.8630771975464	0.13904309999998077	epochs	2.0
1005.8630771975464	0.07007799999996678	epochs	3.0
1005.9331551975464	0.06896510000001399	epochs	3.0
1006.0021202975464	0.1347293000000036	epochs	2.0
1006.0021202975464	0.0678871000000072	epochs	3.0
1006.0700073975464	0.06684219999999641	epochs	3.0
1006.1368495975464	0.13067519999992783	epochs	2.0
1006.1368495975464	0.06582909999997355	epochs	3.0
1006.2026786975464	0.06484609999995428	epochs	3.0
1006.2675247975463	0.12685780000003888	epochs	2.0
1006.2675247975463	0.06389200000000983	epochs	3.0
1006.3314167975464	0.06296580000002905	epochs	3.0
1006.3943825975464	0.12325720000001184	epochs	2.0
1006.3943825975464	0.06206580000002759	epochs	3.0
1006.4564483975464	0.06119139999998424	epochs	3.0
1006.5176397975464	0.11985540000000583	epochs	2.0
1006.5176397975464	0.060341099999959624	epochs	3.0
1006.5779808975464	0.059514300000046205	epochs	3.0
1006.6374951975464	0.11663620000001629	epochs	2.0
1006.6374951975464	0.05870960000004288	epochs	3.0
1006.6962047975464	0.057926599999973405	epochs	3.0
1006.7541313975464	0.11358559999996487	epochs	2.0
1006.7541313975464	0.05716419999998834	epochs	3.0
1006.8112955975464	0.05642139999997653	epochs	3.0
1006.8677169975464	0.11069050000003244	epochs	2.0
1006.8677169975464	0.055697900000041045	epochs	3.0
1006.9234148975464	0.0549925999999914	epochs	3.0
1006.9784074975464	0.10793909999995321	epochs	2.0
1006.9784074975464	0.05430489999992005	epochs	3.0
1007.0327123975463	0.05363420000003316	epochs	3.0
1007.0863465975464	0.10532150000005913	epochs	2.0
1007.0863465975464	0.05298000000004777	epochs	3.0
1007.1393265975464	0.052341500000011365	epochs	3.0
1007.1916680975464	0.10282759999995505	epochs	2.0
1007.1916680975464	0.05171810000001642	epochs	3.0
1007.2433861975464	0.051109499999938635	epochs	3.0
1007.2944956975464	0.10044909999999163	epochs	2.0
1007.2944956975464	0.050514900000052876	epochs	3.0
1007.3450105975464	0.049934199999938755	epochs	3.0
1007.3949447975464	0.0981782999999723	epochs	2.0
1007.3949447975464	0.04936659999998483	epochs	3.0
1007.4443113975464	0.04881169999998747	epochs	3.0
1007.4931230975463	0.09600780000005216	epochs	2.0
1007.4931230975463	0.04826920000004975	epochs	3.0
1007.5413922975464	0.04773860000000241	epochs	3.0
1007.5891308975464	0.09393120000004274	epochs	2.0
1007.5891308975464	0.04721949999998287	epochs	3.0
1007.6363503975464	0.046711700000059864	epochs	3.0
1007.6830620975464	0.09194259999992482	epochs	2.0
1007.6830620975464	0.046214599999984785	epochs	3.0
1007.7292766975464	0.04572799999994004	epochs	3.0
1007.7750046975464	0.09003630000006524	epochs	2.0
1007.7750046975464	0.04525150000006306	epochs	3.0
1007.8202561975464	0.04478480000000218	epochs	3.0
1007.8650409975464	0.08820759999991878	epochs	2.0
1007.8650409975464	0.04432779999990544	epochs	3.0
1007.9093687975463	0.04387980000001335	epochs	3.0
1007.9532485975463	0.0864516999999978	epochs	2.0
1007.9532485975463	0.04344100000002982	epochs	3.0
1007.9966895975464	0.04301069999996798	epochs	3.0
1008.0397002975463	0.0847643000000744	epochs	2.0
1008.0397002975463	0.04258900000002086	epochs	3.0
1008.0822892975464	0.04217530000005354	epochs	3.0
1008.1244645975464	0.08314150000001064	epochs	2.0
1008.1244645975464	0.041769699999917975	epochs	3.0
1008.1662342975463	0.04137180000009266	epochs	3.0
1008.2076060975464	0.08157969999990655	epochs	2.0
1008.2076060975464	0.040981399999964196	epochs	3.0
1008.2485874975464	0.040598299999942355	epochs	3.0
1008.2891857975463	0.08007550000002084	epochs	2.0
1008.2891857975463	0.040222300000095856	epochs	3.0
1008.3294080975464	0.03985319999992498	epochs	3.0
1008.3692612975464	0.07862569999997504	epochs	2.0
1008.3692612975464	0.039490800000066884	epochs	3.0
1008.4087520975464	0.03913489999990816	epochs	3.0
1008.4478869975463	0.07722760000001472	epochs	2.0
1008.4478869975463	0.038785400000051595	epochs	3.0
1008.4866723975464	0.03844219999996312	epochs	3.0
1008.5251145975463	0.07587820000003376	epochs	2.0
1008.5251145975463	0.038104800000041905	epochs	3.0
1008.5632193975464	0.03777339999999185	epochs	3.0
1008.6009927975464	0.0745752000000266	epochs	2.0
1008.6009927975464	0.03744770000002973	epochs	3.0
1008.6384404975464	0.03712749999999687	epochs	3.0
1008.6755679975464	0.07331629999998768	epochs	2.0
1008.6755679975464	0.036812899999972615	epochs	3.0
1008.7123808975464	0.03650340000001506	epochs	3.0
1008.7488842975464	0.07209899999998015	epochs	2.0
1008.7488842975464	0.03619909999997617	epochs	3.0
1008.7850833975464	0.03589990000000398	epochs	3.0
1008.8209832975464	0.07092169999998532	epochs	2.0
1008.8209832975464	0.03560560000005353	epochs	3.0
1008.8565888975464	0.035316099999931794	epochs	3.0
1008.8919049975464	0.06978200000003199	epochs	2.0
1008.8919049975464	0.03503120000004856	epochs	3.0
1008.9269361975464	0.03475079999998343	epochs	3.0
1008.9616869975464	0.06867859999999837	epochs	2.0
1008.9616869975464	0.03447510000000875	epochs	3.0
1008.9961620975464	0.03420349999998962	epochs	3.0
1009.0303655975464	0.06760929999995824	epochs	2.0
1009.0303655975464	0.033936199999970995	epochs	3.0
1009.0643017975464	0.033673099999987244	epochs	3.0
1009.0979748975464	0.06657289999998284	epochs	2.0
1009.0979748975464	0.03341399999999339	epochs	3.0
1009.1313888975463	0.033158899999989444	epochs	3.0
1009.1645477975463	0.06556780000005347	epochs	2.0
1009.1645477975463	0.032907700000009754	epochs	3.0
1009.1974554975463	0.03266010000004371	epochs	3.0
1009.2301155975464	0.06459259999996902	epochs	2.0
1009.2301155975464	0.032416399999988244	epochs	3.0
1009.2625319975464	0.03217619999998078	epochs	3.0
1009.2947081975464	0.06364600000006249	epochs	2.0
1009.2947081975464	0.03193959999998697	epochs	3.0
1009.3266477975463	0.03170640000007552	epochs	3.0
1009.3583541975464	0.0627266999999847	epochs	2.0
1009.3583541975464	0.03147660000001906	epochs	3.0
1009.3898307975464	0.03125009999996564	epochs	3.0
1009.4210808975464	0.06183359999999993	epochs	2.0
1009.4210808975464	0.031026900000028945	epochs	3.0
1009.4521077975464	0.030806699999970988	epochs	3.0
1009.4829144975464	0.06096560000003137	epochs	2.0
1009.4829144975464	0.030589800000029754	epochs	3.0
1009.5135042975464	0.030375800000001618	epochs	3.0
1009.5438800975464	0.06012160000000222	epochs	2.0
1009.5438800975464	0.03016489999993155	epochs	3.0
1009.5740449975464	0.02995670000007067	epochs	3.0
1009.6040016975464	0.05930069999999432	epochs	2.0
1009.6040016975464	0.02975159999994048	epochs	3.0
1009.6337532975464	0.02954910000005384	epochs	3.0
1009.6633023975464	0.05850179999993088	epochs	2.0
1009.6633023975464	0.02934940000000097	epochs	3.0
1009.6926517975464	0.029152399999929912	epochs	3.0
1009.7218041975464	0.057724200000052406	epochs	2.0
1009.7218041975464	0.028957999999988715	epochs	3.0
1009.7507621975464	0.02876620000006369	epochs	3.0
1009.7795283975464	0.05696709999995164	epochs	2.0
1009.7795283975464	0.028576999999927466	epochs	3.0
1009.8081053975463	0.028390100000024177	epochs	3.0
1009.8364954975464	0.05622949999997218	epochs	2.0
1009.8364954975464	0.028205700000057732	epochs	3.0
1009.8647011975464	0.028023799999914445	epochs	3.0
1009.8927249975463	0.05551070000001346	epochs	2.0
1009.8927249975463	0.02784400000007281	epochs	3.0
1009.9205689975464	0.027666699999940647	epochs	3.0
1009.9482356975464	0.054810200000019904	epochs	2.0
1009.9482356975464	0.02749149999999645	epochs	3.0
1009.9757271975463	0.027318700000023455	epochs	3.0
1010.0030458975464	0.05412699999999404	epochs	2.0
1010.0030458975464	0.027147799999966082	epochs	3.0
1010.0301936975463	0.02697920000002796	epochs	3.0
1010.0571728975464	0.0534607000000733	epochs	2.0
1010.0571728975464	0.0268125999999711	epochs	3.0
1010.0839854975463	0.026648100000102204	epochs	3.0
1010.1106335975464	0.052810699999895405	epochs	2.0
1010.1106335975464	0.026485600000000886	epochs	3.0
1010.1371191975464	0.02632509999989452	epochs	3.0
1010.1634442975463	0.05217620000007628	epochs	2.0
1010.1634442975463	0.026166400000079193	epochs	3.0
1010.1896106975464	0.026009799999997085	epochs	3.0
1010.2156204975464	0.051556699999991906	epochs	2.0
1010.2156204975464	0.025854799999933675	epochs	3.0
1010.2414752975463	0.02570190000005823	epochs	3.0
1010.2671771975464	0.05095189999997274	epochs	2.0
1010.2671771975464	0.025550699999939752	epochs	3.0
1010.2927278975463	0.025401200000032986	epochs	3.0
1010.3181290975464	0.05036100000006627	epochs	2.0
1010.3181290975464	0.025253499999962514	epochs	3.0
1010.3433825975463	0.025107500000103755	epochs	3.0
1010.3684900975464	0.049783800000000156	epochs	2.0
1010.3684900975464	0.024963199999888275	epochs	3.0
1010.3934532975463	0.02482060000011188	epochs	3.0
1010.4182738975464	0.04921949999993558	epochs	2.0
1010.4182738975464	0.024679399999968155	epochs	3.0
1010.4429532975464	0.024540099999967424	epochs	3.0
1010.4674933975464	0.04866790000005494	epochs	2.0
1010.4674933975464	0.02440209999997478	epochs	3.0
1010.4918954975464	0.024265800000080162	epochs	3.0
1010.5161612975464	0.048128599999927246	epochs	2.0
1010.5161612975464	0.02413099999989754	epochs	3.0
1010.5402922975463	0.023997600000029706	epochs	3.0
1010.5642898975464	0.047601100000065344	epochs	2.0
1010.5642898975464	0.023865800000066884	epochs	3.0
1010.5881556975464	0.02373529999999846	epochs	3.0
1010.6118909975464	0.04708499999992455	epochs	2.0
1010.6118909975464	0.023606299999983094	epochs	3.0
1010.6354972975464	0.023478699999941455	epochs	3.0
1010.6589759975463	0.04658000000006268	epochs	2.0
1010.6589759975463	0.02335249999998723	epochs	3.0
1010.6823284975463	0.02322750000007545	epochs	3.0
1010.7055559975464	0.04608569999993506	epochs	2.0
1010.7055559975464	0.023103999999989355	epochs	3.0
1010.7286599975464	0.022981699999945704	epochs	3.0
1010.7516416975463	0.045601799999985815	epochs	2.0
1010.7516416975463	0.022860700000023826	epochs	3.0
1010.7745023975464	0.02274109999996199	epochs	3.0
1010.7972434975463	0.04512790000001132	epochs	2.0
1010.7972434975463	0.022622500000011314	epochs	3.0
1010.8198659975463	0.02250540000000001	epochs	3.0
1010.8423713975463	0.0446638000000803	epochs	2.0
1010.8423713975463	0.022389300000099865	epochs	3.0
1010.8647606975464	0.022274499999980435	epochs	3.0
1010.8870351975464	0.04420919999995476	epochs	2.0
1010.8870351975464	0.022160799999937808	epochs	3.0
1010.9091959975464	0.022048400000016954	epochs	3.0
1010.9312443975464	0.043763600000033875	epochs	2.0
1010.9312443975464	0.021936900000014248	epochs	3.0
1010.9531812975464	0.021826700000019628	epochs	3.0
1010.9750079975464	0.04332709999994222	epochs	2.0
1010.9750079975464	0.021717599999988124	epochs	3.0
1010.9967255975464	0.021609499999954096	epochs	3.0
1011.0183350975464	0.04289900000003399	epochs	2.0
1011.0183350975464	0.02150249999999687	epochs	3.0
1011.0398375975464	0.021396500000037122	epochs	3.0
1011.0612340975464	0.042479500000013104	epochs	2.0
1011.0612340975464	0.02129170000000613	epochs	3.0
1011.0825257975464	0.021187800000006973	epochs	3.0
1011.1037135975464	0.042067900000006375	epochs	2.0
1011.1037135975464	0.02108490000000529	epochs	3.0
1011.1247984975464	0.020983000000001084	epochs	3.0
1011.1457814975464	0.04166439999994509	epochs	2.0
1011.1457814975464	0.020882199999959994	epochs	3.0
1011.1666636975464	0.020782199999985096	epochs	3.0
1011.1874458975464	0.04126850000000104	epochs	2.0
1011.1874458975464	0.020683300000087	epochs	3.0
1011.2081291975464	0.02058519999991404	epochs	3.0
1011.2287143975464	0.04088000000001557	epochs	2.0
1011.2287143975464	0.020488100000079612	epochs	3.0
1011.2492024975464	0.02039189999993596	epochs	3.0
1011.2695943975464	0.04049880000002304	epochs	2.0
1011.2695943975464	0.020296600000051512	epochs	3.0
1011.2898909975464	0.020202199999971526	epochs	3.0
1011.3100931975464	0.04012460000001283	epochs	2.0
1011.3100931975464	0.02010870000003706	epochs	3.0
1011.3302018975464	0.020015899999975773	epochs	3.0
1011.3502177975464	0.03975730000001931	epochs	2.0
1011.3502177975464	0.019924199999991288	epochs	3.0
1011.3701419975464	0.019833100000028026	epochs	3.0
1011.3899750975464	0.03939669999999751	epochs	2.0
1011.3899750975464	0.01974299999994855	epochs	3.0
1011.4097180975464	0.019653700000048957	epochs	3.0
1011.4293717975464	0.03904239999997117	epochs	2.0
1011.4293717975464	0.019565099999908853	epochs	3.0
1011.4489368975463	0.019477300000062314	epochs	3.0
1011.4684141975464	0.03869459999998526	epochs	2.0
1011.4684141975464	0.019390400000020236	epochs	3.0
1011.4878045975464	0.01930419999996502	epochs	3.0
1011.5071087975464	0.03835290000006353	epochs	2.0
1011.5071087975464	0.019218799999976	epochs	3.0
1011.5263275975464	0.01913410000008753	epochs	3.0
1011.5454616975464	0.038017199999899276	epochs	2.0
1011.5454616975464	0.01905019999992419	epochs	3.0
1011.5645118975464	0.018966999999975087	epochs	3.0
1011.5834788975463	0.037687200000050325	epochs	2.0
1011.5834788975463	0.01888450000001285	epochs	3.0
1011.6023633975464	0.018802700000037476	epochs	3.0
1011.6211660975464	0.03736309999999321	epochs	2.0
1011.6211660975464	0.018721700000014607	epochs	3.0
1011.6398877975464	0.018641399999978603	epochs	3.0
1011.6585291975464	0.03704430000004777	epochs	2.0
1011.6585291975464	0.01856159999999818	epochs	3.0
1011.6770907975464	0.01848270000004959	epochs	3.0
1011.6955734975464	0.03673099999991791	epochs	2.0
1011.6955734975464	0.018404299999929208	epochs	3.0
1011.7139777975464	0.018326699999988705	epochs	3.0
1011.7323044975464	0.036422900000047775	epochs	2.0
1011.7323044975464	0.018249599999990096	epochs	3.0
1011.7505540975463	0.01817330000005768	epochs	3.0
1011.7687273975464	0.03612009999994825	epochs	2.0
1011.7687273975464	0.0180976000000328	epochs	3.0
1011.7868249975464	0.018022499999915453	epochs	3.0
1011.8048474975463	0.03582210000001851	epochs	2.0
1011.8048474975463	0.017947900000081063	epochs	3.0
1011.8227953975464	0.017874199999937446	epochs	3.0
1011.8406695975464	0.03552899999999681	epochs	2.0
1011.8406695975464	0.017800800000031813	epochs	3.0
1011.8584703975464	0.017728199999965	epochs	3.0
1011.8761985975464	0.03524070000003121	epochs	2.0
1011.8761985975464	0.017656100000067454	epochs	3.0
1011.8938546975464	0.017584599999963757	epochs	3.0
1011.9114392975464	0.034957100000042374	epochs	2.0
1011.9114392975464	0.01751369999999497	epochs	3.0
1011.9289529975464	0.017443400000047404	epochs	3.0
1011.9463963975464	0.034677899999906	epochs	2.0
1011.9463963975464	0.017373599999928047	epochs	3.0
1011.9637699975464	0.017304299999977957	epochs	3.0
1011.9810742975463	0.03440330000000813	epochs	2.0
1011.9810742975463	0.01723570000001473	epochs	3.0
1011.9983099975464	0.0171675999999934	epochs	3.0
1012.0154775975464	0.0341328000000658	epochs	2.0
1012.0154775975464	0.017099900000062007	epochs	3.0
1012.0325774975464	0.017032900000003792	epochs	3.0
1012.0496103975464	0.033866699999975935	epochs	2.0
1012.0496103975464	0.01696640000000116	epochs	3.0
1012.0665767975464	0.016900299999974777	epochs	3.0
1012.0834770975464	0.03360459999998966	epochs	2.0
1012.0834770975464	0.01683479999996962	epochs	3.0
1012.1003118975464	0.01676980000002004	epochs	3.0
1012.1170816975464	0.033346599999958926	epochs	2.0
1012.1170816975464	0.016705300000012357	epochs	3.0
1012.1337869975464	0.01664129999994657	epochs	3.0
1012.1504282975463	0.03309250000006614	epochs	2.0
1012.1504282975463	0.016577800000050047	epochs	3.0
1012.1670060975464	0.01651470000001609	epochs	3.0
1012.1835207975464	0.03284229999997024	epochs	2.0
1012.1835207975464	0.01645220000000336	epochs	3.0
1012.1999729975464	0.01639009999996688	epochs	3.0
1012.2163630975464	0.03259570000000167	epochs	2.0
1012.2163630975464	0.016328400000020338	epochs	3.0
1012.2326914975464	0.016267299999981333	epochs	3.0
1012.2489587975464	0.032352899999978035	epochs	2.0
1012.2489587975464	0.016206600000032267	epochs	3.0
1012.2651653975464	0.016146299999945768	epochs	3.0
1012.2813116975464	0.032113700000081735	epochs	2.0
1012.2813116975464	0.016086599999994178	epochs	3.0
1012.2973982975464	0.016027100000087557	epochs	3.0
1012.3134253975464	0.03187799999989238	epochs	2.0
1012.3134253975464	0.015968199999974786	epochs	3.0
1012.3293935975464	0.015909799999917595	epochs	3.0
1012.3453033975463	0.031645700000012766	epochs	2.0
1012.3453033975463	0.01585160000001906	epochs	3.0
1012.3611549975464	0.015794099999993705	epochs	3.0
1012.3769490975463	0.0314167000000225	epochs	2.0
1012.3769490975463	0.015736700000047676	epochs	3.0
1012.3926857975464	0.015679999999974825	epochs	3.0
1012.4083657975464	0.031191100000000915	epochs	2.0
1012.4083657975464	0.015623600000026272	epochs	3.0
1012.4239893975464	0.015567499999974643	epochs	3.0
1012.4395568975464	0.030968700000016725	epochs	2.0
1012.4395568975464	0.015512000000057924	epochs	3.0
1012.4550688975464	0.0154566999999588	epochs	3.0
1012.4705255975464	0.030749499999956242	epochs	2.0
1012.4705255975464	0.015401999999994587	epochs	3.0
1012.4859275975464	0.015347499999961656	epochs	3.0
1012.5012750975463	0.03053320000003623	epochs	2.0
1012.5012750975463	0.015293400000018664	epochs	3.0
1012.5165684975464	0.015239800000017567	epochs	3.0
1012.5318082975464	0.03032010000003993	epochs	2.0
1012.5318082975464	0.015186500000027081	epochs	3.0
1012.5469947975464	0.015133600000012848	epochs	3.0
1012.5621283975464	0.030109899999956724	epochs	2.0
1012.5621283975464	0.015081000000009226	epochs	3.0
1012.5772093975464	0.015028899999947498	epochs	3.0
1012.5922382975464	0.02990250000004835	epochs	2.0
1012.5922382975464	0.014977000000044427	epochs	3.0
1012.6072152975464	0.014925500000003922	epochs	3.0
1012.6221407975464	0.029698100000018712	epochs	2.0
1012.6221407975464	0.01487439999993967	epochs	3.0
1012.6370151975464	0.014823700000079043	epochs	3.0
1012.6518388975464	0.029496299999891562	epochs	2.0
1012.6518388975464	0.014773199999922326	epochs	3.0
1012.6666120975464	0.014723099999969236	epochs	3.0
1012.6813351975463	0.02929740000001857	epochs	2.0
1012.6813351975463	0.014673400000106085	epochs	3.0
1012.6960085975464	0.014623999999912485	epochs	3.0
1012.7106325975464	0.029101100000048064	epochs	2.0
1012.7106325975464	0.014574900000070556	epochs	3.0
1012.7252074975464	0.014526199999977507	epochs	3.0
1012.7397336975464	0.028907399999980044	epochs	2.0
1012.7397336975464	0.014477700000043114	epochs	3.0
1012.7542113975464	0.014429699999936929	epochs	3.0
1012.7686410975464	0.028716199999962555	epochs	2.0
1012.7686410975464	0.014381800000023759	epochs	3.0
1012.7830228975464	0.014334399999938796	epochs	3.0
1012.7973572975463	0.028527600000074926	epochs	2.0
1012.7973572975463	0.01428720000001249	epochs	3.0
1012.8116444975464	0.014240400000062436	epochs	3.0
1012.8258848975464	0.028341399999931127	epochs	2.0
1012.8258848975464	0.014193799999929979	epochs	3.0
1012.8400786975463	0.014147600000001148	epochs	3.0
1012.8542262975463	0.028157700000065233	epochs	2.0
1012.8542262975463	0.014101700000082928	epochs	3.0
1012.8683279975464	0.014055999999982305	epochs	3.0
1012.8823839975464	0.027976299999977527	epochs	2.0
1012.8823839975464	0.01401060000000598	epochs	3.0
1012.8963945975464	0.013965699999971548	epochs	3.0
1012.9103602975464	0.02779720000000907	epochs	2.0
1012.9103602975464	0.013920800000050804	epochs	3.0
1012.9242810975464	0.013876399999958267	epochs	3.0
1012.9381574975464	0.027620399999932488	epochs	2.0
1012.9381574975464	0.013832200000024386	epochs	3.0
1012.9519896975464	0.013788199999908102	epochs	3.0
1012.9657778975463	0.02744590000008884	epochs	2.0
1012.9657778975463	0.01374460000010913	epochs	3.0
1012.9795224975464	0.01370129999997971	epochs	3.0
1012.9932237975464	0.027273499999978412	epochs	2.0
1012.9932237975464	0.013658200000008947	epochs	3.0
1013.0068819975464	0.013615299999969466	epochs	3.0
1013.0204972975464	0.027103399999987232	epochs	2.0
1013.0204972975464	0.013572800000019924	epochs	3.0
1013.0340700975464	0.013530599999967308	epochs	3.0
1013.0476006975464	0.02693520000002536	epochs	2.0
1013.0476006975464	0.013488400000028378	epochs	3.0
1013.0610890975464	0.013446799999996983	epochs	3.0
1013.0745358975464	0.026769199999989723	epochs	2.0
1013.0745358975464	0.013405199999965589	epochs	3.0
1013.0879410975464	0.013364000000024134	epochs	3.0
1013.1013050975464	0.026605199999949036	epochs	2.0
1013.1013050975464	0.013322899999934634	epochs	3.0
1013.1146279975463	0.013282300000014402	epochs	3.0
1013.1279102975464	0.026443200000016986	epochs	2.0
1013.1279102975464	0.013241699999980483	epochs	3.0
1013.1411519975463	0.013201500000036503	epochs	3.0
1013.1543534975464	0.0262831999999662	epochs	2.0
1013.1543534975464	0.013161500000023807	epochs	3.0
1013.1675149975464	0.013121699999942393	epochs	3.0
1013.1806366975463	0.02612500000009277	epochs	2.0
1013.1806366975463	0.013082100000019636	epochs	3.0
1013.1937187975464	0.013042900000073132	epochs	3.0
1013.2067616975464	0.025968899999952555	epochs	2.0
1013.2067616975464	0.013003899999944224	epochs	3.0
1013.2197655975464	0.012965000000008331	epochs	3.0
1013.2327305975464	0.025814500000024054	epochs	2.0
1013.2327305975464	0.012926399999969362	epochs	3.0
1013.2456569975463	0.012888100000054692	epochs	3.0
1013.2585450975464	0.025661899999931848	epochs	2.0
1013.2585450975464	0.012849899999991976	epochs	3.0
1013.2713949975464	0.012811999999939871	epochs	3.0
1013.2842069975463	0.025511200000096323	epochs	2.0
1013.2842069975463	0.012774400000012065	epochs	3.0
1013.2969813975463	0.012736800000084258	epochs	3.0
1013.3097181975464	0.025362299999983406	epochs	2.0
1013.3097181975464	0.01269969999998466	epochs	3.0
1013.3224178975464	0.012662599999998747	epochs	3.0
1013.3350804975464	0.025215000000002874	epochs	2.0
1013.3350804975464	0.012625800000023446	epochs	3.0
1013.3477062975464	0.012589199999979428	epochs	3.0
1013.3602954975464	0.024584799999956886	epochs	2.0
1013.3842645975463	0.5	epochs	-1.0
1013.3848802975464	0.9999199999999746	epochs	1.0
1013.8842645975463	0.5	epochs	-1.0
1015.7120003700256	0.046879999999987376	epochs	0.0
1015.7120003700256	0.018442599999957565	epochs	1.0
1015.7304429700256	0.009994800000072246	epochs	1.0
1015.7404377700257	0.018442599999957565	epochs	1.0
1015.7588803700256	2.0	epochs	0.0
1017.7588803700256	0.5127200000000585	epochs	0.0
1017.7588803700256	0.5127200000000585	epochs	1.0
1017.7589046700257	0.5	epochs	-1.0
1018.2589046700257	0.012695699999994758	epochs	-1.0
1018.2716003700257	21.48720000000003	epochs	0.0
1019.6280002593994	0.046879999999987376	epochs	0.0
1019.6280002593994	0.018442599999957565	epochs	1.0
1019.6464428593994	0.009994800000072246	epochs	1.0
1019.6564376593994	0.018442599999957565	epochs	1.0
1019.6748802593994	2.0	epochs	0.0
1021.6748802593994	0.5127200000000585	epochs	0.0
1021.6748802593994	0.5127200000000585	epochs	1.0
1021.6749045593995	0.5	epochs	-1.0
1022.1749045593995	0.012695699999994758	epochs	-1.0
1022.1876002593995	21.48720000000003	epochs	0.0
1100.045000076294	0.04688000000010106	epochs	0.0
1100.045000076294	0.018442600000071252	epochs	1.0
1100.063442676294	0.009994799999958559	epochs	1.0
1100.073437476294	0.018442600000071252	epochs	1.0
1100.091880076294	0.2299199999999928	epochs	0.0
1100.091880076294	0.049999999999954525	epochs	1.0
1100.141880076294	0.009999999999990905	epochs	1.0
1100.151880076294	0.049999999999954525	epochs	1.0
1100.201880076294	0.009999999999990905	epochs	1.0
1100.211880076294	0.049999999999954525	epochs	1.0
1100.261880076294	0.009999999999990905	epochs	1.0
1100.2718800762939	0.049920000000156506	epochs	1.0
