onset	duration	nwb_table	treelevel
8.950000286102295	0.09999999999999964	epochs	0.0
8.950000286102295	0.04499999999999993	epochs	1.0
8.995000286102295	0.009999999999999787	epochs	1.0
9.005000286102295	0.04499999999999993	epochs	1.0
9.050000286102295	0.7049950000000003	epochs	0.0
9.050000286102295	0.5	epochs	-1.0
9.050000286102295	0.5	epochs	-1.0
9.050000286102295	0.5	epochs	1.0
9.550000286102295	0.0600000000000005	epochs	-1.0
9.550000286102295	0.025000000000000355	epochs	-1.0
9.550000286102295	0.025000000000000355	epochs	1.0
9.575000286102295	0.009999999999999787	epochs	-1.0
9.575000286102295	0.009999999999999787	epochs	1.0
9.585000286102295	0.025000000000000355	epochs	-1.0
9.585000286102295	0.025000000000000355	epochs	1.0
9.610000286102295	0.0600000000000005	epochs	-1.0
9.610000286102295	0.025000000000000355	epochs	-1.0
9.610000286102295	0.025000000000000355	epochs	1.0
9.635000286102295	0.009999999999999787	epochs	-1.0
9.635000286102295	0.009999999999999787	epochs	1.0
9.645000286102295	0.025000000000000355	epochs	-1.0
9.645000286102295	0.025000000000000355	epochs	1.0
9.670000286102296	0.05999999999999872	epochs	-1.0
9.670000286102296	0.02499999999999858	epochs	-1.0
9.670000286102296	0.02499999999999858	epochs	1.0
9.695000286102294	0.010000000000001563	epochs	-1.0
9.695000286102294	0.010000000000001563	epochs	1.0
9.705000286102296	0.02499999999999858	epochs	-1.0
9.705000286102296	0.02499999999999858	epochs	1.0
9.730000286102294	0.024995000000000545	epochs	1.0
8529.631000041962	0.1000000000003638	epochs	0.0
8529.631000041962	0.04500000000007276	epochs	1.0
8529.676000041962	0.010000000000218279	epochs	1.0
8529.686000041962	0.04500000000007276	epochs	1.0
8529.731000041962	0.7049950000000536	epochs	0.0
8529.731000041962	0.5	epochs	-1.0
8529.731000041962	0.5	epochs	1.0
8530.231000041962	0.05999999999949068	epochs	-1.0
8530.231000041962	0.024999999999636202	epochs	-1.0
8530.231000041962	0.024999999999636202	epochs	1.0
8530.256000041962	0.010000000000218279	epochs	-1.0
8530.256000041962	0.010000000000218279	epochs	1.0
8530.266000041962	0.024999999999636202	epochs	-1.0
8530.266000041962	0.024999999999636202	epochs	1.0
8530.291000041962	0.05999999999949068	epochs	-1.0
8530.291000041962	0.024999999999636202	epochs	-1.0
8530.291000041962	0.024999999999636202	epochs	1.0
8530.316000041961	0.010000000000218279	epochs	-1.0
8530.316000041961	0.010000000000218279	epochs	1.0
8530.326000041961	0.024999999999636202	epochs	-1.0
8530.326000041961	0.024999999999636202	epochs	1.0
8530.351000041961	0.06000000000130967	epochs	-1.0
8530.351000041961	0.02500000000145519	epochs	-1.0
8530.351000041961	0.02500000000145519	epochs	1.0
8530.376000041962	0.00999999999839929	epochs	-1.0
8530.376000041962	0.00999999999839929	epochs	1.0
8530.38600004196	0.02500000000145519	epochs	-1.0
8530.38600004196	0.02500000000145519	epochs	1.0
8530.411000041962	0.024994999999762513	epochs	1.0
8667.322000026703	0.1000000000003638	epochs	0.0
8667.322000026703	0.04500000000007276	epochs	1.0
8667.367000026703	0.010000000000218279	epochs	1.0
8667.377000026703	0.04500000000007276	epochs	1.0
8667.422000026703	61.384995000000345	epochs	0.0
8667.422000026703	0.5	epochs	-1.0
8667.422000026703	0.5	epochs	-1.0
8667.422000026703	0.5	epochs	1.0
8667.922000026703	0.05999999999949068	epochs	-1.0
8667.922000026703	0.024999999999636202	epochs	-1.0
8667.922000026703	0.024999999999636202	epochs	1.0
8667.947000026703	0.010000000000218279	epochs	-1.0
8667.947000026703	0.010000000000218279	epochs	1.0
8667.957000026703	0.024999999999636202	epochs	-1.0
8667.957000026703	0.024999999999636202	epochs	1.0
8667.982000026703	0.05999999999949068	epochs	-1.0
8667.982000026703	0.024999999999636202	epochs	-1.0
8667.982000026703	0.024999999999636202	epochs	1.0
8668.007000026702	0.010000000000218279	epochs	-1.0
8668.007000026702	0.010000000000218279	epochs	1.0
8668.017000026703	0.024999999999636202	epochs	-1.0
8668.017000026703	0.024999999999636202	epochs	1.0
8668.042000026702	0.06000000000130967	epochs	-1.0
8668.042000026702	0.02500000000145519	epochs	-1.0
8668.042000026702	0.02500000000145519	epochs	1.0
8668.067000026704	0.00999999999839929	epochs	-1.0
8668.067000026704	0.00999999999839929	epochs	1.0
8668.077000026702	0.02500000000145519	epochs	-1.0
8668.077000026702	0.02500000000145519	epochs	1.0
8668.102000026704	60.0	epochs	1.0
8728.102000026704	0.5	epochs	-1.0
8728.102000026704	0.5	epochs	-1.0
8728.102000026704	0.5	epochs	1.0
8728.602000026704	0.05999999999949068	epochs	-1.0
8728.602000026704	0.024999999999636202	epochs	-1.0
8728.602000026704	0.024999999999636202	epochs	1.0
8728.627000026703	0.010000000000218279	epochs	-1.0
8728.627000026703	0.010000000000218279	epochs	1.0
8728.637000026703	0.024999999999636202	epochs	-1.0
8728.637000026703	0.024999999999636202	epochs	1.0
8728.662000026703	0.05999999999949068	epochs	-1.0
8728.662000026703	0.024999999999636202	epochs	-1.0
8728.662000026703	0.024999999999636202	epochs	1.0
8728.687000026703	0.010000000000218279	epochs	-1.0
8728.687000026703	0.010000000000218279	epochs	1.0
8728.697000026703	0.024999999999636202	epochs	-1.0
8728.697000026703	0.024999999999636202	epochs	1.0
8728.722000026703	0.05999999999949068	epochs	-1.0
8728.722000026703	0.024999999999636202	epochs	-1.0
8728.722000026703	0.024999999999636202	epochs	1.0
8728.747000026702	0.010000000000218279	epochs	-1.0
8728.747000026702	0.010000000000218279	epochs	1.0
8728.757000026702	0.024999999999636202	epochs	-1.0
8728.757000026702	0.024999999999636202	epochs	1.0
8728.782000026702	0.024995000001581502	epochs	1.0
8847.605000019073	0.1000000000003638	epochs	0.0
8847.605000019073	0.04500000000007276	epochs	1.0
8847.650000019074	0.010000000000218279	epochs	1.0
8847.660000019074	0.04500000000007276	epochs	1.0
8847.705000019074	0.7049950000000536	epochs	0.0
8847.705000019074	0.5	epochs	-1.0
8847.705000019074	0.5	epochs	-1.0
8847.705000019074	0.5	epochs	1.0
8848.205000019074	0.05999999999949068	epochs	-1.0
8848.205000019074	0.024999999999636202	epochs	-1.0
8848.205000019074	0.024999999999636202	epochs	1.0
8848.230000019073	0.010000000000218279	epochs	-1.0
8848.230000019073	0.010000000000218279	epochs	1.0
8848.240000019074	0.024999999999636202	epochs	-1.0
8848.240000019074	0.024999999999636202	epochs	1.0
8848.265000019073	0.05999999999949068	epochs	-1.0
8848.265000019073	0.024999999999636202	epochs	-1.0
8848.265000019073	0.024999999999636202	epochs	1.0
8848.290000019073	0.010000000000218279	epochs	-1.0
8848.290000019073	0.010000000000218279	epochs	1.0
8848.300000019073	0.024999999999636202	epochs	-1.0
8848.300000019073	0.024999999999636202	epochs	1.0
8848.325000019073	0.06000000000130967	epochs	-1.0
8848.325000019073	0.02500000000145519	epochs	-1.0
8848.325000019073	0.02500000000145519	epochs	1.0
8848.350000019074	0.00999999999839929	epochs	-1.0
8848.350000019074	0.00999999999839929	epochs	1.0
8848.360000019073	0.02500000000145519	epochs	-1.0
8848.360000019073	0.02500000000145519	epochs	1.0
8848.385000019074	0.024994999999762513	epochs	1.0
8896.807000160217	0.1000000000003638	epochs	0.0
8896.807000160217	0.04500000000007276	epochs	1.0
8896.852000160217	0.010000000000218279	epochs	1.0
8896.862000160218	0.04500000000007276	epochs	1.0
8896.907000160218	0.7049950000000536	epochs	0.0
8896.907000160218	0.5	epochs	-1.0
8896.907000160218	0.5	epochs	-1.0
8896.907000160218	0.5	epochs	1.0
8897.407000160218	0.05999999999949068	epochs	-1.0
8897.407000160218	0.024999999999636202	epochs	-1.0
8897.407000160218	0.024999999999636202	epochs	1.0
8897.432000160217	0.010000000000218279	epochs	-1.0
8897.432000160217	0.010000000000218279	epochs	1.0
8897.442000160218	0.024999999999636202	epochs	-1.0
8897.442000160218	0.024999999999636202	epochs	1.0
8897.467000160217	0.05999999999949068	epochs	-1.0
8897.467000160217	0.024999999999636202	epochs	-1.0
8897.467000160217	0.024999999999636202	epochs	1.0
8897.492000160217	0.010000000000218279	epochs	-1.0
8897.492000160217	0.010000000000218279	epochs	1.0
8897.502000160217	0.024999999999636202	epochs	-1.0
8897.502000160217	0.024999999999636202	epochs	1.0
8897.527000160217	0.06000000000130967	epochs	-1.0
8897.527000160217	0.02500000000145519	epochs	-1.0
8897.527000160217	0.02500000000145519	epochs	1.0
8897.552000160218	0.00999999999839929	epochs	-1.0
8897.552000160218	0.00999999999839929	epochs	1.0
8897.562000160216	0.02500000000145519	epochs	-1.0
8897.562000160216	0.02500000000145519	epochs	1.0
8897.587000160218	0.024994999999762513	epochs	1.0
8983.276000022888	0.08303999999952794	epochs	0.0
8983.276000022888	0.036520999999993364	epochs	1.0
8983.312521022888	0.009997999999541207	epochs	1.0
8983.322519022888	0.036520999999993364	epochs	1.0
8983.359040022888	5.999980000000505	epochs	0.0
8983.359040022888	0.5	epochs	1.0
8983.359056522888	0.5	epochs	-1.0
8983.359056522888	0.5	epochs	-1.0
8983.859040022888	5.0	epochs	1.0
8988.859040022888	0.49998000000050524	epochs	1.0
8988.859056522888	0.49996350000037637	epochs	-1.0
9020.539000034332	0.08303999999952794	epochs	0.0
9020.539000034332	0.036520999999993364	epochs	1.0
9020.575521034332	0.009997999999541207	epochs	1.0
9020.585519034332	0.036520999999993364	epochs	1.0
9020.622040034332	2.516859999999724	epochs	0.0
9020.622040034332	0.5	epochs	1.0
9020.622056534332	0.5	epochs	-1.0
9021.122040034332	1.0	epochs	1.0
9022.122040034332	1.016859999999724	epochs	1.0
9022.622056534332	0.5	epochs	-1.0
9023.138900034332	0.9831200000007811	epochs	0.0
9023.480999946594	0.08303999999952794	epochs	0.0
9023.480999946594	0.036520999999993364	epochs	1.0
9023.517520946594	0.009997999999541207	epochs	1.0
9023.527518946594	0.036520999999993364	epochs	1.0
9023.564039946594	3.4999800000005052	epochs	0.0
9023.564039946594	0.5	epochs	1.0
9023.564056446594	0.5	epochs	-1.0
9024.064039946594	1.0	epochs	1.0
9025.064039946594	1.9999800000005052	epochs	1.0
9025.564056446594	0.5	epochs	-1.0
9026.064056446594	0.5	epochs	-1.0
9027.414999961853	0.08303999999952794	epochs	0.0
9027.414999961853	0.036520999999993364	epochs	1.0
9027.451520961853	0.009997999999541207	epochs	1.0
9027.461518961853	0.036520999999993364	epochs	1.0
9027.498039961853	0.51662000000033	epochs	0.0
9027.498039961853	0.5	epochs	1.0
9027.498056461853	0.5	epochs	-1.0
9027.998039961853	0.016620000000330037	epochs	1.0
9028.014659961853	2.983360000000175	epochs	0.0
9040.524000167847	0.08303999999952794	epochs	0.0
9040.524000167847	0.036520999999993364	epochs	1.0
9040.560521167847	0.009997999999541207	epochs	1.0
9040.570519167846	0.036520999999993364	epochs	1.0
9040.607040167846	0.517359999999826	epochs	0.0
9040.607040167846	0.5	epochs	1.0
9040.607056667846	0.5	epochs	-1.0
9041.107040167846	0.01735999999982596	epochs	1.0
9041.124400167846	2.9826200000006793	epochs	0.0
9041.440999984741	0.08303999999952794	epochs	0.0
9041.440999984741	0.036520999999993364	epochs	1.0
9041.477520984741	0.009997999999541207	epochs	1.0
9041.48751898474	0.036520999999993364	epochs	1.0
9041.52403998474	0.5164999999997235	epochs	0.0
9041.52403998474	0.5	epochs	1.0
9041.52405648474	0.5	epochs	-1.0
9042.02403998474	0.016499999999723514	epochs	1.0
9042.04053998474	2.9834800000007817	epochs	0.0
9054.605999946594	0.08303999999952794	epochs	0.0
9054.605999946594	0.036520999999993364	epochs	1.0
9054.642520946594	0.009997999999541207	epochs	1.0
9054.652518946594	0.036520999999993364	epochs	1.0
9054.689039946594	0.5172600000005332	epochs	0.0
9054.689039946594	0.5	epochs	1.0
9054.689056446594	0.5	epochs	-1.0
9055.189039946594	0.017260000000533182	epochs	1.0
9055.206299946594	2.982719999999972	epochs	0.0
9055.539000034332	0.08303999999952794	epochs	0.0
9055.539000034332	0.036520999999993364	epochs	1.0
9055.575521034332	0.009997999999541207	epochs	1.0
9055.585519034332	0.036520999999993364	epochs	1.0
9055.622040034332	0.5163599999996222	epochs	0.0
9055.622040034332	0.5	epochs	1.0
9055.622056534332	0.5	epochs	-1.0
9056.122040034332	0.016359999999622232	epochs	1.0
9056.138400034331	2.983620000000883	epochs	0.0
9056.488999843597	0.08303999999952794	epochs	0.0
9056.488999843597	0.036520999999993364	epochs	1.0
9056.525520843597	0.009997999999541207	epochs	1.0
9056.535518843597	0.036520999999993364	epochs	1.0
9056.572039843597	0.51662000000033	epochs	0.0
9056.572039843597	0.5	epochs	1.0
9056.572056343597	0.5	epochs	-1.0
9057.072039843597	0.016620000000330037	epochs	1.0
9057.088659843597	2.983360000000175	epochs	0.0
9057.388999938965	0.08303999999952794	epochs	0.0
9057.388999938965	0.036520999999993364	epochs	1.0
9057.425520938965	0.009997999999541207	epochs	1.0
9057.435518938964	0.036520999999993364	epochs	1.0
9057.472039938964	2.51662000000033	epochs	0.0
9057.472039938964	0.5	epochs	1.0
9057.472056438965	0.5	epochs	-1.0
9057.972039938964	1.0	epochs	1.0
9058.972039938964	1.01662000000033	epochs	1.0
9059.472056438965	0.5	epochs	-1.0
9059.988659938965	0.9833600000001752	epochs	0.0
9060.373000144958	0.08303999999952794	epochs	0.0
9060.373000144958	0.036520999999993364	epochs	1.0
9060.409521144958	0.009997999999541207	epochs	1.0
9060.419519144958	0.036520999999993364	epochs	1.0
9060.456040144958	2.516859999999724	epochs	0.0
9060.456040144958	0.5	epochs	1.0
9060.456056644958	0.5	epochs	-1.0
9060.956040144958	1.0	epochs	1.0
9061.956040144958	1.016859999999724	epochs	1.0
9062.456056644958	0.5	epochs	-1.0
9062.972900144958	0.9831200000007811	epochs	0.0
9063.339000225067	0.08303999999952794	epochs	0.0
9063.339000225067	0.036520999999993364	epochs	1.0
9063.375521225067	0.009997999999541207	epochs	1.0
9063.385519225067	0.036520999999993364	epochs	1.0
9063.422040225067	2.51662000000033	epochs	0.0
9063.422040225067	0.5	epochs	1.0
9063.422056725067	0.5	epochs	-1.0
9063.922040225067	1.0	epochs	1.0
9064.922040225067	1.01662000000033	epochs	1.0
9065.422056725067	0.5	epochs	-1.0
9065.938660225067	0.9833600000001752	epochs	0.0
9066.339000225067	0.08303999999952794	epochs	0.0
9066.339000225067	0.036520999999993364	epochs	1.0
9066.375521225067	0.009997999999541207	epochs	1.0
9066.385519225067	0.036520999999993364	epochs	1.0
9066.422040225067	0.5168800000010378	epochs	0.0
9066.422040225067	0.5	epochs	1.0
9066.422056725067	0.5	epochs	-1.0
9066.922040225067	0.016880000001037843	epochs	1.0
9066.938920225068	2.9830999999994674	epochs	0.0
9067.304999828339	0.08303999999952794	epochs	0.0
9067.304999828339	0.036520999999993364	epochs	1.0
9067.341520828339	0.009997999999541207	epochs	1.0
9067.351518828338	0.036520999999993364	epochs	1.0
9067.388039828338	0.5164800000002288	epochs	0.0
9067.388039828338	0.5	epochs	1.0
9067.388056328338	0.5	epochs	-1.0
9067.888039828338	0.016480000000228756	epochs	1.0
9067.904519828338	2.9835000000002765	epochs	0.0
9068.322000026703	0.08303999999952794	epochs	0.0
9068.322000026703	0.036520999999993364	epochs	1.0
9068.358521026703	0.009997999999541207	epochs	1.0
9068.368519026702	0.036520999999993364	epochs	1.0
9068.405040026702	2.515480000000025	epochs	0.0
9068.405040026702	0.5	epochs	1.0
9068.405056526703	0.5	epochs	-1.0
9068.905040026702	1.0	epochs	1.0
9069.905040026702	1.015480000000025	epochs	1.0
9070.405056526703	0.5	epochs	-1.0
9070.920520026702	0.9845000000004802	epochs	0.0
9071.421999931335	0.6499800000001414	epochs	0.0
9071.421999931335	0.049999999999272404	epochs	1.0
9071.471999931335	0.5	epochs	1.0
9071.971999931335	0.09998000000086904	epochs	1.0
9072.572000026703	0.6499800000001414	epochs	0.0
9072.572000026703	0.049999999999272404	epochs	1.0
9072.622000026702	0.5	epochs	1.0
9073.122000026702	0.09998000000086904	epochs	1.0
9073.710000038147	0.6499800000001414	epochs	0.0
9073.710000038147	0.049999999999272404	epochs	1.0
9073.760000038146	0.5	epochs	1.0
9074.260000038146	0.09998000000086904	epochs	1.0
9074.776000022888	0.6499800000001414	epochs	0.0
9074.776000022888	0.049999999999272404	epochs	1.0
9074.826000022887	0.5	epochs	1.0
9075.326000022887	0.09998000000086904	epochs	1.0
9075.942999839783	0.08303999999952794	epochs	0.0
9075.942999839783	0.036520999999993364	epochs	1.0
9075.979520839783	0.009997999999541207	epochs	1.0
9075.989518839782	0.036520999999993364	epochs	1.0
9076.026039839782	2.5359800000005635	epochs	0.0
9076.026039839782	0.5	epochs	1.0
9076.026056339782	0.5	epochs	-1.0
9076.526039839782	1.0	epochs	1.0
9077.526039839782	1.0359800000005635	epochs	1.0
9078.026056239783	0.5	epochs	-1.0
9078.562019839783	2.963999999999942	epochs	0.0
9081.05999994278	0.08303999999952794	epochs	0.0
9081.05999994278	0.036520999999993364	epochs	1.0
9081.09652094278	0.009997999999541207	epochs	1.0
9081.106518942779	0.036520999999993364	epochs	1.0
9081.143039942779	0.5167400000009366	epochs	0.0
9081.143039942779	0.5	epochs	1.0
9081.14305644278	0.5	epochs	-1.0
9081.643039942779	0.01674000000093656	epochs	1.0
9081.65977994278	4.983239999999569	epochs	0.0
9086.354000091553	0.08303999999952794	epochs	0.0
9086.354000091553	0.036520999999993364	epochs	1.0
9086.390521091553	0.009997999999541207	epochs	1.0
9086.400519091552	0.036520999999993364	epochs	1.0
9086.437040091552	2.516859999999724	epochs	0.0
9086.437040091552	0.5	epochs	1.0
9086.437056591552	0.5	epochs	-1.0
9086.937040091552	1.0	epochs	1.0
9087.937040091552	1.016859999999724	epochs	1.0
9088.437056491553	0.5	epochs	-1.0
9088.953900091552	2.983120000000781	epochs	0.0
9091.519999980927	0.08303999999952794	epochs	0.0
9091.519999980927	0.036520999999993364	epochs	1.0
9091.556520980927	0.009997999999541207	epochs	1.0
9091.566518980926	0.036520999999993364	epochs	1.0
9091.603039980926	3.51662000000033	epochs	0.0
9091.603039980926	0.5	epochs	1.0
9091.603056480926	0.5	epochs	-1.0
9092.103039980926	1.0	epochs	1.0
9093.103039980926	2.01662000000033	epochs	1.0
9093.603056380927	0.5	epochs	-1.0
9094.103056380927	0.5	epochs	-1.0
9094.603056380927	0.5	epochs	-1.0
9095.119659980926	1.9833600000001752	epochs	0.0
9096.654000282288	0.08303999999952794	epochs	0.0
9096.654000282288	0.036520999999993364	epochs	1.0
9096.690521282288	0.009997999999541207	epochs	1.0
9096.700519282287	0.036520999999993364	epochs	1.0
9096.737040282287	3.036600000001272	epochs	0.0
9096.737040282287	0.5	epochs	1.0
9096.737056782287	0.5	epochs	-1.0
9097.237040282287	1.0	epochs	1.0
9098.237040282287	1.5366000000012718	epochs	1.0
9098.737056682288	0.5	epochs	-1.0
9099.237056682288	0.5	epochs	-1.0
9099.773640282288	2.4633799999992334	epochs	0.0
9101.78700017929	0.08303999999952794	epochs	0.0
9101.78700017929	0.036520999999993364	epochs	1.0
9101.82352117929	0.009997999999541207	epochs	1.0
9101.83351917929	0.036520999999993364	epochs	1.0
9101.87004017929	3.5368600000001607	epochs	0.0
9101.87004017929	0.5	epochs	1.0
9101.87005667929	0.5	epochs	-1.0
9102.37004017929	1.0	epochs	1.0
9103.37004017929	2.0368600000001607	epochs	1.0
9103.870056579291	0.5	epochs	-1.0
9104.370056579291	0.5	epochs	-1.0
9104.870056579291	0.5	epochs	-1.0
9105.40690017929	1.9631200000003446	epochs	0.0
9107.115000247955	0.08303999999952794	epochs	0.0
9107.115000247955	0.036520999999993364	epochs	1.0
9107.151521247955	0.009997999999541207	epochs	1.0
9107.161519247955	0.036520999999993364	epochs	1.0
9107.198040247955	0.5169999999998254	epochs	0.0
9107.198040247955	0.5	epochs	1.0
9107.198056747955	0.5	epochs	-1.0
9107.698040247955	0.016999999999825377	epochs	1.0
9107.715040247955	5.98298000000068	epochs	0.0
9108.182000160217	0.08303999999952794	epochs	0.0
9108.182000160217	0.036520999999993364	epochs	1.0
9108.218521160217	0.009997999999541207	epochs	1.0
9108.228519160217	0.036520999999993364	epochs	1.0
9108.265040160217	3.036980000000767	epochs	0.0
9108.265040160217	0.5	epochs	1.0
9108.265056660217	0.5	epochs	-1.0
9108.765040160217	1.0	epochs	1.0
9109.765040160217	1.5369800000007672	epochs	1.0
9110.265056660217	0.5	epochs	-1.0
9110.765056660217	0.5	epochs	-1.0
9111.302020160218	3.462999999999738	epochs	0.0
9111.832000255585	0.08303999999952794	epochs	0.0
9111.832000255585	0.036520999999993364	epochs	1.0
9111.868521255585	0.009997999999541207	epochs	1.0
9111.878519255584	0.036520999999993364	epochs	1.0
9111.915040255584	0.5172400000010384	epochs	0.0
9111.915040255584	0.5	epochs	1.0
9111.915056755584	0.5	epochs	-1.0
9112.415040255584	0.017240000001038425	epochs	1.0
9112.432280255585	5.982739999999467	epochs	0.0
9112.914999961853	0.08303999999952794	epochs	0.0
9112.914999961853	0.036520999999993364	epochs	1.0
9112.951520961853	0.009997999999541207	epochs	1.0
9112.961518961853	0.036520999999993364	epochs	1.0
9112.998039961853	0.5158800000008341	epochs	0.0
9112.998039961853	0.5	epochs	1.0
9112.998056461853	0.5	epochs	-1.0
9113.498039961853	0.015880000000834116	epochs	1.0
9113.513919961853	5.984099999999671	epochs	0.0
9113.978000164032	0.08303999999952794	epochs	0.0
9113.978000164032	0.036520999999993364	epochs	1.0
9114.014521164032	0.009997999999541207	epochs	1.0
9114.024519164032	0.036520999999993364	epochs	1.0
9114.061040164032	2.5172400000010384	epochs	0.0
9114.061040164032	0.5	epochs	1.0
9114.061056664032	0.5	epochs	-1.0
9114.561040164032	1.0	epochs	1.0
9115.561040164032	1.0172400000010384	epochs	1.0
9116.061056664032	0.5	epochs	-1.0
9116.578280164033	3.982739999999467	epochs	0.0
9117.1280002594	0.08303999999952794	epochs	0.0
9117.1280002594	0.036520999999993364	epochs	1.0
9117.1645212594	0.009997999999541207	epochs	1.0
9117.174519259399	0.036520999999993364	epochs	1.0
9117.211040259399	2.5169800000003306	epochs	0.0
9117.211040259399	0.5	epochs	1.0
9117.211056759399	0.5	epochs	-1.0
9117.711040259399	1.0	epochs	1.0
9118.711040259399	1.0169800000003306	epochs	1.0
9119.211056759399	0.5	epochs	-1.0
9119.7280202594	3.9830000000001746	epochs	0.0
9120.27799987793	0.08303999999952794	epochs	0.0
9120.27799987793	0.036520999999993364	epochs	1.0
9120.31452087793	0.009997999999541207	epochs	1.0
9120.32451887793	0.036520999999993364	epochs	1.0
9120.36103987793	2.5172400000010384	epochs	0.0
9120.36103987793	0.5	epochs	1.0
9120.36105637793	0.5	epochs	-1.0
9120.86103987793	1.0	epochs	1.0
9121.86103987793	1.0172400000010384	epochs	1.0
9122.36105637793	0.5	epochs	-1.0
9122.87827987793	3.982739999999467	epochs	0.0
9123.44400024414	0.08303999999952794	epochs	0.0
9123.44400024414	0.036520999999993364	epochs	1.0
9123.48052124414	0.009997999999541207	epochs	1.0
9123.49051924414	0.036520999999993364	epochs	1.0
9123.52704024414	2.5172400000010384	epochs	0.0
9123.52704024414	0.5	epochs	1.0
9123.52705674414	0.5	epochs	-1.0
9124.02704024414	1.0	epochs	1.0
9125.02704024414	1.0172400000010384	epochs	1.0
9125.52705674414	0.5	epochs	-1.0
9126.044280244141	3.982739999999467	epochs	0.0
9126.639999866486	0.08303999999952794	epochs	0.0
9126.639999866486	0.036520999999993364	epochs	1.0
9126.676520866486	0.009997999999541207	epochs	1.0
9126.686518866485	0.036520999999993364	epochs	1.0
9126.723039866485	2.515740000000733	epochs	0.0
9126.723039866485	0.5	epochs	1.0
9126.723056366485	0.5	epochs	-1.0
9127.223039866485	1.0	epochs	1.0
9128.223039866485	1.0157400000007328	epochs	1.0
9128.723056366485	0.5	epochs	-1.0
9129.238779866486	3.9842399999997724	epochs	0.0
9129.922999858856	0.15298000000075263	epochs	0.0
9129.922999858856	0.049999999999272404	epochs	1.0
9129.972999858855	0.0030000000006111804	epochs	1.0
9129.975999858856	0.09998000000086904	epochs	1.0
9130.707000255585	0.15298000000075263	epochs	0.0
9130.707000255585	0.049999999999272404	epochs	1.0
9130.757000255584	0.0030000000006111804	epochs	1.0
9130.760000255585	0.09998000000086904	epochs	1.0
9131.473000049591	0.15298000000075263	epochs	0.0
9131.473000049591	0.049999999999272404	epochs	1.0
9131.52300004959	0.0030000000006111804	epochs	1.0
9131.526000049591	0.09998000000086904	epochs	1.0
9132.223000049591	0.15298000000075263	epochs	0.0
9132.223000049591	0.049999999999272404	epochs	1.0
9132.27300004959	0.0030000000006111804	epochs	1.0
9132.276000049591	0.09998000000086904	epochs	1.0
9133.039999961853	0.15298000000075263	epochs	0.0
9133.039999961853	0.049999999999272404	epochs	1.0
9133.089999961852	0.0030000000006111804	epochs	1.0
9133.092999961853	0.09998000000086904	epochs	1.0
9133.84700012207	0.15298000000075263	epochs	0.0
9133.84700012207	0.049999999999272404	epochs	1.0
9133.89700012207	0.0030000000006111804	epochs	1.0
9133.90000012207	0.09998000000086904	epochs	1.0
9134.612999916077	0.15298000000075263	epochs	0.0
9134.612999916077	0.049999999999272404	epochs	1.0
9134.662999916076	0.0030000000006111804	epochs	1.0
9134.665999916077	0.09998000000086904	epochs	1.0
9135.413000106812	0.15298000000075263	epochs	0.0
9135.413000106812	0.049999999999272404	epochs	1.0
9135.46300010681	0.0030000000006111804	epochs	1.0
9135.466000106811	0.09998000000086904	epochs	1.0
9136.296999931335	0.15298000000075263	epochs	0.0
9136.296999931335	0.049999999999272404	epochs	1.0
9136.346999931335	0.0030000000006111804	epochs	1.0
9136.349999931335	0.09998000000086904	epochs	1.0
9137.179999828339	0.15298000000075263	epochs	0.0
9137.179999828339	0.049999999999272404	epochs	1.0
9137.229999828338	0.0030000000006111804	epochs	1.0
9137.232999828339	0.09998000000086904	epochs	1.0
9137.997000217438	0.15298000000075263	epochs	0.0
9137.997000217438	0.049999999999272404	epochs	1.0
9138.047000217437	0.0030000000006111804	epochs	1.0
9138.050000217438	0.09998000000086904	epochs	1.0
9138.929999828339	0.08303999999952794	epochs	0.0
9138.929999828339	0.036520999999993364	epochs	1.0
9138.966520828339	0.009997999999541207	epochs	1.0
9138.976518828338	0.036520999999993364	epochs	1.0
9139.013039828338	1.516859999999724	epochs	0.0
9139.013039828338	0.5	epochs	1.0
9139.013056328338	0.5	epochs	-1.0
9139.513039828338	0.0030000000006111804	epochs	1.0
9139.516039828339	1.013859999999113	epochs	1.0
9140.016056328339	0.5	epochs	-1.0
9140.529899828338	0.08611999999993714	epochs	0.0
9141.197000026703	0.08303999999952794	epochs	0.0
9141.197000026703	0.036520999999993364	epochs	1.0
9141.233521026703	0.009997999999541207	epochs	1.0
9141.243519026702	0.036520999999993364	epochs	1.0
9141.280040026702	0.5168800000010378	epochs	0.0
9141.280040026702	0.5	epochs	1.0
9141.280056526703	0.5	epochs	-1.0
9141.780040026702	0.0030000000006111804	epochs	1.0
9141.783040026703	0.013880000000426662	epochs	1.0
9141.796920026703	1.0860999999986234	epochs	0.0
9143.313000202179	0.08303999999952794	epochs	0.0
9143.313000202179	0.036520999999993364	epochs	1.0
9143.349521202179	0.009997999999541207	epochs	1.0
9143.359519202178	0.036520999999993364	epochs	1.0
9143.396040202178	0.5174999999999272	epochs	0.0
9143.396040202178	0.5	epochs	1.0
9143.396056702179	0.5	epochs	-1.0
9143.896040202178	0.0030000000006111804	epochs	1.0
9143.89904020218	0.01449999999931606	epochs	1.0
9143.913540202178	1.085479999999734	epochs	0.0
9145.421000003815	0.08303999999952794	epochs	0.0
9145.421000003815	0.036520999999993364	epochs	1.0
9145.457521003815	0.009997999999541207	epochs	1.0
9145.467519003814	0.036520999999993364	epochs	1.0
9145.504040003814	0.5164999999997235	epochs	0.0
9145.504040003814	0.5	epochs	1.0
9145.504056503814	0.5	epochs	-1.0
9146.004040003814	0.0030000000006111804	epochs	1.0
9146.007040003815	0.013499999999112333	epochs	1.0
9146.020540003814	1.0864799999999377	epochs	0.0
9147.755000114441	0.08303999999952794	epochs	0.0
9147.755000114441	0.036520999999993364	epochs	1.0
9147.791521114441	0.009997999999541207	epochs	1.0
9147.80151911444	0.036520999999993364	epochs	1.0
9147.83804011444	0.5162400000008347	epochs	0.0
9147.83804011444	0.5	epochs	1.0
9147.83805661444	0.5	epochs	-1.0
9148.33804011444	0.0030000000006111804	epochs	1.0
9148.341040114441	0.013240000000223517	epochs	1.0
9148.354280114441	1.0867399999988265	epochs	0.0
9149.987999916077	0.08303999999952794	epochs	0.0
9149.987999916077	0.036520999999993364	epochs	1.0
9150.024520916077	0.009997999999541207	epochs	1.0
9150.034518916076	0.036520999999993364	epochs	1.0
9150.071039916076	1.5164999999997235	epochs	0.0
9150.071039916076	0.5	epochs	1.0
9150.071056416076	0.5	epochs	-1.0
9150.571039916076	0.0030000000006111804	epochs	1.0
9150.574039916077	1.0134999999991123	epochs	1.0
9151.074056416077	0.5	epochs	-1.0
9151.587539916076	0.08647999999993772	epochs	0.0
9152.22100019455	0.08303999999952794	epochs	0.0
9152.22100019455	0.036520999999993364	epochs	1.0
9152.25752119455	0.009997999999541207	epochs	1.0
9152.26751919455	0.036520999999993364	epochs	1.0
9152.304040194549	1.6029799999996612	epochs	0.0
9152.304040194549	0.5	epochs	1.0
9152.30405669455	0.5	epochs	-1.0
9152.804040194549	0.0030000000006111804	epochs	1.0
9152.80704019455	1.09997999999905	epochs	1.0
9153.30705669455	0.5	epochs	-1.0
9154.698999881744	0.08303999999952794	epochs	0.0
9154.698999881744	0.036520999999993364	epochs	1.0
9154.735520881744	0.009997999999541207	epochs	1.0
9154.745518881744	0.036520999999993364	epochs	1.0
9154.782039881744	0.5164999999997235	epochs	0.0
9154.782039881744	0.5	epochs	1.0
9154.782056381744	0.5	epochs	-1.0
9155.282039881744	0.0030000000006111804	epochs	1.0
9155.285039881745	0.013499999999112333	epochs	1.0
9155.298539881744	1.0864799999999377	epochs	0.0
9156.933000087738	0.08303999999952794	epochs	0.0
9156.933000087738	0.036520999999993364	epochs	1.0
9156.969521087738	0.009997999999541207	epochs	1.0
9156.979519087738	0.036520999999993364	epochs	1.0
9157.016040087738	1.516859999999724	epochs	0.0
9157.016040087738	0.5	epochs	1.0
9157.016056587738	0.5	epochs	-1.0
9157.516040087738	0.0030000000006111804	epochs	1.0
9157.519040087738	1.013859999999113	epochs	1.0
9158.019056587738	0.5	epochs	-1.0
9158.532900087737	0.08611999999993714	epochs	0.0
9159.24900007248	0.08303999999952794	epochs	0.0
9159.24900007248	0.036520999999993364	epochs	1.0
9159.28552107248	0.009997999999541207	epochs	1.0
9159.295519072479	0.036520999999993364	epochs	1.0
9159.332040072479	1.5156200000001263	epochs	0.0
9159.332040072479	0.5	epochs	1.0
9159.332056572479	0.5	epochs	-1.0
9159.832040072479	0.0030000000006111804	epochs	1.0
9159.83504007248	1.0126199999995151	epochs	1.0
9160.33505657248	0.5	epochs	-1.0
9160.847660072479	0.08735999999953492	epochs	0.0
9161.649000167847	0.08303999999952794	epochs	0.0
9161.649000167847	0.036520999999993364	epochs	1.0
9161.685521167847	0.009997999999541207	epochs	1.0
9161.695519167846	0.036520999999993364	epochs	1.0
9161.732040167846	5.116519999999582	epochs	0.0
9161.732040167846	0.5	epochs	1.0
9161.732056667846	0.5	epochs	-1.0
9162.232040167846	4.616519999999582	epochs	1.0
9164.849160167847	1.9993999999987864	epochs	-1.0
9164.849160167847	0.04032000000006519	epochs	-1.0
9165.346656567846	0.5	epochs	-1.0
9165.846656567846	0.5	epochs	-1.0
9166.346656567846	0.5	epochs	-1.0
9166.848560167846	14.383460000000923	epochs	0.0
9167.876999855042	0.08303999999952794	epochs	0.0
9167.876999855042	0.036520999999993364	epochs	1.0
9167.913520855041	0.009997999999541207	epochs	1.0
9167.923518855041	0.036520999999993364	epochs	1.0
9167.960039855041	4.236539999999877	epochs	0.0
9167.960039855041	0.5	epochs	1.0
9167.960056355041	0.5	epochs	-1.0
9168.460039855041	3.736539999999877	epochs	1.0
9171.197279855041	0.9992999999994936	epochs	-1.0
9171.197279855041	0.039699999999356805	epochs	-1.0
9171.69477625504	0.5	epochs	-1.0
9172.19657985504	15.263440000000628	epochs	0.0
9172.94400024414	0.08303999999952794	epochs	0.0
9172.94400024414	0.036520999999993364	epochs	1.0
9172.98052124414	0.009997999999541207	epochs	1.0
9172.99051924414	0.036520999999993364	epochs	1.0
9173.02704024414	5.135920000000624	epochs	0.0
9173.02704024414	0.5	epochs	1.0
9173.02705674414	0.5	epochs	-1.0
9173.52704024414	4.635920000000624	epochs	1.0
9176.16354024414	1.9994200000001001	epochs	-1.0
9176.16354024414	0.039559999999255524	epochs	-1.0
9176.66103664414	0.5	epochs	-1.0
9177.16103664414	0.5	epochs	-1.0
9177.66103664414	0.5	epochs	-1.0
9178.16296024414	14.364059999999881	epochs	0.0
9204.803999900818	0.08303999999952794	epochs	0.0
9204.803999900818	0.036520999999993364	epochs	1.0
9204.840520900818	0.009997999999541207	epochs	1.0
9204.850518900817	0.036520999999993364	epochs	1.0
9204.887039900817	2.0	epochs	0.0
9206.887039900817	5.396160000000236	epochs	0.0
9206.887039900817	1.0	epochs	1.0
9206.887056400818	0.5	epochs	-1.0
9207.387056400818	4.8961435000001075	epochs	-1.0
9207.887039900817	4.396160000000236	epochs	1.0
9207.887039900817	4.356753899999603	epochs	-1.0
9207.887039900817	1.9745872000003146	epochs	2.0
9207.887039900817	1.0985622000007425	epochs	3.0
9208.985602100818	0.8760249999995722	epochs	3.0
9209.861627100818	1.3524075000004814	epochs	2.0
9209.861627100818	0.7286354999996547	epochs	3.0
9210.590262600817	0.6237720000008267	epochs	3.0
9211.214034600818	1.0297591999988072	epochs	2.0
9211.214034600818	0.545329299999139	epochs	3.0
9211.759363900817	0.4844298999996681	epochs	3.0
9212.243793800817	0.03940610000063316	epochs	2.0
9212.243793800817	0.03940610000063316	epochs	3.0
9212.283199900818	16.603759999999966	epochs	0.0
9213.25400018692	0.08303999999952794	epochs	0.0
9213.25400018692	0.036520999999993364	epochs	1.0
9213.29052118692	0.009997999999541207	epochs	1.0
9213.30051918692	0.036520999999993364	epochs	1.0
9213.33704018692	2.0	epochs	0.0
9215.33704018692	21.999920000000202	epochs	0.0
9215.33704018692	1.0	epochs	1.0
9215.33705668692	0.5	epochs	-1.0
9215.83705668692	19.997440000001006	epochs	-1.0
9216.33704018692	20.0	epochs	1.0
9216.33704018692	4.356753899999603	epochs	-1.0
9216.33704018692	1.9745872000003146	epochs	2.0
9216.33704018692	1.0985622000007425	epochs	3.0
9217.43560238692	0.8760249999995722	epochs	3.0
9218.31162738692	1.3524075000004814	epochs	2.0
9218.31162738692	0.7286354999996547	epochs	3.0
9219.04026288692	0.6237720000008267	epochs	3.0
9219.66403488692	1.0297591999988072	epochs	2.0
9219.66403488692	0.545329299999139	epochs	3.0
9220.20936418692	0.4844298999996681	epochs	3.0
9220.69379408692	0.8317862000003515	epochs	2.0
9220.69379408692	0.4357763000007253	epochs	3.0
9221.12957038692	0.3960098999996262	epochs	3.0
9221.52558028692	0.697797000000719	epochs	2.0
9221.52558028692	0.3628982000009273	epochs	3.0
9221.88847848692	0.33489879999979166	epochs	3.0
9222.22337728692	0.6010456999993039	epochs	2.0
9222.22337728692	0.31091229999947245	epochs	3.0
9222.53428958692	0.29013339999983145	epochs	3.0
9222.82442298692	0.5278859000009106	epochs	2.0
9222.82442298692	0.27195860000028915	epochs	3.0
9223.09638158692	0.25592730000062147	epochs	3.0
9223.35230888692	0.4706193000001804	epochs	2.0
9223.35230888692	0.241681299999982	epochs	3.0
9223.59399018692	0.22893800000019837	epochs	3.0
9223.82292818692	0.424570399998629	epochs	2.0
9223.82292818692	0.21747139999934006	epochs	3.0
9224.04039958692	0.20709899999928894	epochs	3.0
9224.24749858692	0.38673540000127105	epochs	2.0
9224.24749858692	0.19767110000066168	epochs	3.0
9224.44516968692	0.18906430000060936	epochs	3.0
9224.63423398692	0.3550952999994479	epochs	2.0
9224.63423398692	0.18117589999928896	epochs	3.0
9224.81540988692	0.17391940000015893	epochs	3.0
9224.98932928692	0.3282431000006909	epochs	2.0
9224.98932928692	0.1672218999992765	epochs	3.0
9225.15655118692	0.1610212000014144	epochs	3.0
9225.31757238692	0.3051679999989574	epochs	2.0
9225.31757238692	0.15526390000013635	epochs	3.0
9225.472836286921	0.14990409999882104	epochs	3.0
9225.62274038692	0.28512530000080005	epochs	2.0
9225.62274038692	0.1449021000007633	epochs	3.0
9225.76764248692	0.14022320000003674	epochs	3.0
9225.90786568692	0.26755380000031437	epochs	2.0
9225.90786568692	0.1358368999990489	epochs	3.0
9226.04370258692	0.13171690000126546	epochs	3.0
9226.17541948692	0.25202290000015637	epochs	2.0
9226.17541948692	0.12783929999932298	epochs	3.0
9226.30325878692	0.1241836000008334	epochs	3.0
9226.427442386921	0.23819649999859394	epochs	2.0
9226.427442386921	0.1207310999998299	epochs	3.0
9226.54817348692	0.11746539999876404	epochs	3.0
9226.66563888692	0.22580879999986792	epochs	2.0
9226.66563888692	0.11437190000106057	epochs	3.0
9226.78001078692	0.11143689999880735	epochs	3.0
9226.89144768692	0.21464600000035716	epochs	2.0
9226.89144768692	0.10864890000084415	epochs	3.0
9227.00009658692	0.10599709999951301	epochs	3.0
9227.10609368692	0.2045350000007602	epochs	2.0
9227.10609368692	0.10347150000052352	epochs	3.0
9227.20956518692	0.10106350000023667	epochs	3.0
9227.31062868692	0.19533400000000256	epochs	2.0
9227.31062868692	0.09876509999958216	epochs	3.0
9227.40939378692	0.0965689000004204	epochs	3.0
9227.50596268692	0.18692530000043917	epochs	2.0
9227.50596268692	0.09446829999978945	epochs	3.0
9227.60043098692	0.09245700000064971	epochs	3.0
9227.692887986921	0.17921069999829342	epochs	2.0
9227.692887986921	0.09052959999826271	epochs	3.0
9227.78341758692	0.08868110000003071	epochs	3.0
9227.87209868692	0.17210770000019693	epochs	2.0
9227.87209868692	0.08690630000091915	epochs	3.0
9227.95900498692	0.08520139999927778	epochs	3.0
9228.04420638692	0.16554640000140353	epochs	2.0
9228.04420638692	0.08356190000085917	epochs	3.0
9228.12776828692	0.08198450000054436	epochs	3.0
9228.209752786921	0.15946709999843733	epochs	2.0
9228.209752786921	0.08046539999850211	epochs	3.0
9228.29021818692	0.07900169999993523	epochs	3.0
9228.36921988692	0.15381840000009106	epochs	2.0
9228.36921988692	0.07759010000154376	epochs	3.0
9228.446809986921	0.0762282999985473	epochs	3.0
9228.52303828692	0.14855640000132553	epochs	2.0
9228.52303828692	0.07491330000084417	epochs	3.0
9228.59795158692	0.07364310000048135	epochs	3.0
9228.67159468692	0.14364239999849815	epochs	2.0
9228.67159468692	0.07241499999872758	epochs	3.0
9228.74400968692	0.07122739999977057	epochs	3.0
9228.81523708692	0.13904309999998077	epochs	2.0
9228.81523708692	0.0700780000006489	epochs	3.0
9228.88531508692	0.06896509999933187	epochs	3.0
9228.95428018692	0.1347293000017089	epochs	2.0
9228.95428018692	0.0678871000000072	epochs	3.0
9229.02216728692	0.06684220000170171	epochs	3.0
9229.089009486921	0.1306752000000415	epochs	2.0
9229.089009486921	0.06582909999997355	epochs	3.0
9229.154838586921	0.06484610000006796	epochs	3.0
9229.219684686921	0.1268577999999252	epochs	2.0
9229.219684686921	0.06389199999830453	epochs	3.0
9229.28357668692	0.06296580000162066	epochs	3.0
9229.346542486921	0.12325719999898865	epochs	2.0
9229.346542486921	0.062065799998890725	epochs	3.0
9229.40860828692	0.06119140000009793	epochs	3.0
9229.46979968692	0.1198554000002332	epochs	2.0
9229.46979968692	0.06034110000109649	epochs	3.0
9229.530140786921	0.05951429999913671	epochs	3.0
9229.58965508692	0.11663620000035735	epochs	2.0
9229.58965508692	0.058709599999929196	epochs	3.0
9229.64836468692	0.05792660000042815	epochs	3.0
9229.70629128692	0.11358560000007856	epochs	2.0
9229.70629128692	0.057164199999533594	epochs	3.0
9229.76345548692	0.05642140000054496	epochs	3.0
9229.81987688692	0.11069049999969138	epochs	2.0
9229.81987688692	0.055697899999358924	epochs	3.0
9229.87557478692	0.05499260000033246	epochs	3.0
9229.93056738692	0.10793910000029427	epochs	2.0
9229.93056738692	0.05430490000071586	epochs	3.0
9229.984872286921	0.053634199999578414	epochs	3.0
9230.03850648692	0.10532149999926332	epochs	2.0
9230.03850648692	0.05298000000038883	epochs	3.0
9230.091486486921	0.0523414999988745	epochs	3.0
9230.14382798692	0.10282759999972768	epochs	2.0
9230.14382798692	0.05171809999956167	epochs	3.0
9230.19554608692	0.05110950000016601	epochs	3.0
9230.24665558692	0.10044910000033269	epochs	2.0
9230.24665558692	0.050514900000052876	epochs	3.0
9230.29717048692	0.049934200000279816	epochs	3.0
9230.34710468692	0.09817830000065442	epochs	2.0
9230.34710468692	0.0493666000002122	epochs	3.0
9230.39647128692	0.048811700000442215	epochs	3.0
9230.44528298692	0.09600779999891529	epochs	2.0
9230.44528298692	0.04826919999868551	epochs	3.0
9230.49355218692	0.04773860000022978	epochs	3.0
9230.54129078692	0.09393120000095223	epochs	2.0
9230.54129078692	0.047219500000210246	epochs	3.0
9230.58851028692	0.046711700000741985	epochs	3.0
9230.63522198692	0.09194260000003851	epochs	2.0
9230.63522198692	0.04621459999907529	epochs	3.0
9230.68143658692	0.04572800000096322	epochs	3.0
9230.72716458692	0.09003630000006524	epochs	2.0
9230.72716458692	0.045251499999722	epochs	3.0
9230.77241608692	0.04478480000034324	epochs	3.0
9230.81720088692	0.0882075999998051	epochs	2.0
9230.81720088692	0.0443278000002465	epochs	3.0
9230.86152868692	0.0438797999995586	epochs	3.0
9230.90540848692	0.0864516999990883	epochs	2.0
9230.90540848692	0.04344099999980244	epochs	3.0
9230.94884948692	0.04301069999928586	epochs	3.0
9230.99186018692	0.08476430000155233	epochs	2.0
9230.99186018692	0.042589000000589294	epochs	3.0
9231.03444918692	0.042175300000963034	epochs	3.0
9231.076624486921	0.08314149999932852	epochs	2.0
9231.076624486921	0.04176969999934954	epochs	3.0
9231.11839418692	0.041371799999978975	epochs	3.0
9231.15976598692	0.08157969999956549	epochs	2.0
9231.15976598692	0.04098139999950945	epochs	3.0
9231.20074738692	0.04059830000005604	epochs	3.0
9231.24134568692	0.08007550000002084	epochs	2.0
9231.24134568692	0.040222300000095856	epochs	3.0
9231.28156798692	0.03985319999992498	epochs	3.0
9231.32142118692	0.07862569999997504	epochs	2.0
9231.32142118692	0.03949079999983951	epochs	3.0
9231.36091198692	0.03913490000013553	epochs	3.0
9231.40004688692	0.07722760000069684	epochs	2.0
9231.40004688692	0.038785400000051595	epochs	3.0
9231.43883228692	0.038442200000645244	epochs	3.0
9231.47727448692	0.07587819999935164	epochs	2.0
9231.47727448692	0.03810479999992822	epochs	3.0
9231.51537928692	0.03777339999942342	epochs	3.0
9231.55315268692	0.07457520000025397	epochs	2.0
9231.55315268692	0.037447700000484474	epochs	3.0
9231.59060038692	0.0371274999997695	epochs	3.0
9231.62772788692	0.07331630000044242	epochs	2.0
9231.62772788692	0.03681289999985893	epochs	3.0
9231.66454078692	0.0365034000005835	epochs	3.0
9231.70104418692	0.07209899999907066	epochs	2.0
9231.70104418692	0.036199099999066675	epochs	3.0
9231.73724328692	0.03589990000000398	epochs	3.0
9231.77314318692	0.07092170000032638	epochs	2.0
9231.77314318692	0.03560560000005353	epochs	3.0
9231.80874878692	0.035316100000272854	epochs	3.0
9231.84406488692	0.06978200000048673	epochs	2.0
9231.84406488692	0.03503120000095805	epochs	3.0
9231.879096086921	0.03475079999952868	epochs	3.0
9231.91384688692	0.0686786000005668	epochs	2.0
9231.91384688692	0.03447509999932663	epochs	3.0
9231.94832198692	0.03420350000124017	epochs	3.0
9231.982525486921	0.06760929999836662	epochs	2.0
9231.982525486921	0.03393619999951625	epochs	3.0
9232.01646168692	0.033673099998850375	epochs	3.0
9232.05013478692	0.0665729000011197	epochs	2.0
9232.05013478692	0.033414000001357635	epochs	3.0
9232.08354878692	0.03315889999976207	epochs	3.0
9232.11670768692	0.06556780000028084	epochs	2.0
9232.11670768692	0.0329076999987592	epochs	3.0
9232.14961538692	0.03266010000152164	epochs	3.0
9232.18227548692	0.06459259999974165	epochs	2.0
9232.18227548692	0.03241639999941981	epochs	3.0
9232.21469188692	0.03217620000032184	epochs	3.0
9232.24686808692	0.06364599999869824	epochs	2.0
9232.24686808692	0.03193959999953222	epochs	3.0
9232.27880768692	0.031706399999166024	epochs	3.0
9232.31051408692	0.0627266999999847	epochs	2.0
9232.31051408692	0.03147660000104224	epochs	3.0
9232.34199068692	0.03125009999894246	epochs	3.0
9232.37324078692	0.061833600000682054	epochs	2.0
9232.37324078692	0.031026900000142632	epochs	3.0
9232.40426768692	0.030806700000539422	epochs	3.0
9232.43507438692	0.06096559999969031	epochs	2.0
9232.43507438692	0.03058980000059819	epochs	3.0
9232.46566418692	0.030375799999092123	epochs	3.0
9232.49603998692	0.06012160000136646	epochs	2.0
9232.49603998692	0.030164900001182104	epochs	3.0
9232.52620488692	0.029956700000184355	epochs	3.0
9232.556161586921	0.05930069999885745	epochs	2.0
9232.556161586921	0.029751599999144673	epochs	3.0
9232.58591318692	0.02954909999971278	epochs	3.0
9232.61546228692	0.058501800000158255	epochs	2.0
9232.61546228692	0.029349399999773595	epochs	3.0
9232.64481168692	0.02915240000038466	epochs	3.0
9232.67396408692	0.05772419999993872	epochs	2.0
9232.67396408692	0.028958000000784523	epochs	3.0
9232.70292208692	0.028766199999154196	epochs	3.0
9232.73168828692	0.05696709999938321	epochs	2.0
9232.73168828692	0.028577000000950648	epochs	3.0
9232.760265286921	0.02839009999843256	epochs	3.0
9232.78865538692	0.05622949999997218	epochs	2.0
9232.78865538692	0.028205700000398792	epochs	3.0
9232.81686108692	0.028023799999573384	epochs	3.0
9232.84488488692	0.05551070000001346	epochs	2.0
9232.84488488692	0.027844000000186497	epochs	3.0
9232.87272888692	0.02766669999982696	epochs	3.0
9232.90039558692	0.05481020000115677	epochs	2.0
9232.90039558692	0.027491500000905944	epochs	3.0
9232.92788708692	0.02731870000025083	epochs	3.0
9232.95520578692	0.05412699999942561	epochs	2.0
9232.95520578692	0.027147799999511335	epochs	3.0
9232.98235358692	0.026979199999914272	epochs	3.0
9233.00933278692	0.05346070000086911	epochs	2.0
9233.00933278692	0.02681260000099428	epochs	3.0
9233.03614538692	0.02664809999987483	epochs	3.0
9233.06279348692	0.0528106999990996	epochs	2.0
9233.06279348692	0.026485599999432452	epochs	3.0
9233.08927908692	0.026325099999667145	epochs	3.0
9233.11560418692	0.0521762000007584	epochs	2.0
9233.11560418692	0.026166400000875	epochs	3.0
9233.14177058692	0.0260097999998834	epochs	3.0
9233.16778038692	0.05155670000021928	epochs	2.0
9233.16778038692	0.02585480000016105	epochs	3.0
9233.19363518692	0.02570190000005823	epochs	3.0
9233.21933708692	0.05095189999883587	epochs	2.0
9233.21933708692	0.025550700000167126	epochs	3.0
9233.244887786921	0.025401199998668744	epochs	3.0
9233.27028898692	0.05036099999961152	epochs	2.0
9233.27028898692	0.025253499999962514	epochs	3.0
9233.29554248692	0.025107499999649008	epochs	3.0
9233.32064998692	0.04978380000102334	epochs	2.0
9233.32064998692	0.024963200001366204	epochs	3.0
9233.34561318692	0.024820599999657134	epochs	3.0
9233.37043378692	0.0492195000006177	epochs	2.0
9233.37043378692	0.024679399999513407	epochs	3.0
9233.39511318692	0.024540100001104292	epochs	3.0
9233.419653286921	0.0486678999986907	epochs	2.0
9233.419653286921	0.024402099999861093	epochs	3.0
9233.44405538692	0.024265799998829607	epochs	3.0
9233.46832118692	0.04812860000129149	epochs	2.0
9233.46832118692	0.024131000000124914	epochs	3.0
9233.49245218692	0.023997600001166575	epochs	3.0
9233.516449786921	0.04760109999915585	epochs	2.0
9233.516449786921	0.02386579999983951	epochs	3.0
9233.54031558692	0.02373529999931634	epochs	3.0
9233.56405088692	0.04708500000015192	epochs	2.0
9233.56405088692	0.023606299999300973	epochs	3.0
9233.58765718692	0.02347870000085095	epochs	3.0
9233.61113588692	0.04658000000017637	epochs	2.0
9233.61113588692	0.02335250000032829	epochs	3.0
9233.63448838692	0.023227499999848078	epochs	3.0
9233.65771588692	0.04608569999982137	epochs	2.0
9233.65771588692	0.02310399999987567	epochs	3.0
9233.68081988692	0.022981699999945704	epochs	3.0
9233.70380158692	0.04560180000044056	epochs	2.0
9233.70380158692	0.022860700000819634	epochs	3.0
9233.726662286921	0.02274109999962093	epochs	3.0
9233.74940338692	0.04512789999898814	epochs	2.0
9233.74940338692	0.02262249999876076	epochs	3.0
9233.77202588692	0.022505400000227382	epochs	3.0
9233.79453128692	0.04466380000121717	epochs	2.0
9233.79453128692	0.022389300000213552	epochs	3.0
9233.81692058692	0.022274500001003616	epochs	3.0
9233.83919508692	0.04420919999938633	epochs	2.0
9233.83919508692	0.022160799999255687	epochs	3.0
9233.86135588692	0.02204840000013064	epochs	3.0
9233.88340428692	0.04376360000060231	epochs	2.0
9233.88340428692	0.021936900000582682	epochs	3.0
9233.90534118692	0.021826700000019628	epochs	3.0
9233.92716788692	0.043327100000169594	epochs	2.0
9233.92716788692	0.02171759999873757	epochs	3.0
9233.94888548692	0.021609500001432025	epochs	3.0
9233.970494986921	0.04289900000003399	epochs	2.0
9233.970494986921	0.021502499999769498	epochs	3.0
9233.99199748692	0.021396500000264496	epochs	3.0
9234.013393986921	0.04247949999989942	epochs	2.0
9234.013393986921	0.02129169999898295	epochs	3.0
9234.03468568692	0.021187800000916468	epochs	3.0
9234.055873486921	0.04206789999989269	epochs	2.0
9234.055873486921	0.021084899999550544	epochs	3.0
9234.07695838692	0.020983000000342145	epochs	3.0
9234.09794138692	0.041664399999717716	epochs	2.0
9234.09794138692	0.020882199998595752	epochs	3.0
9234.11882358692	0.020782200001121964	epochs	3.0
9234.13960578692	0.04126849999920523	epochs	2.0
9234.13960578692	0.020683299999291194	epochs	3.0
9234.16028908692	0.02058519999991404	epochs	3.0
9234.18087428692	0.04088000000047032	epochs	2.0
9234.18087428692	0.02048810000087542	epochs	3.0
9234.20136238692	0.020391899999594898	epochs	3.0
9234.22175428692	0.040498799999113544	epochs	2.0
9234.22175428692	0.020296599999710452	epochs	3.0
9234.24205088692	0.020202199999403092	epochs	3.0
9234.26225308692	0.04012460000012652	epochs	2.0
9234.26225308692	0.020108700000491808	epochs	3.0
9234.28236178692	0.020015899999634712	epochs	3.0
9234.30237768692	0.03975730000092881	epochs	2.0
9234.30237768692	0.0199241999998776	epochs	3.0
9234.32230188692	0.019833100001051207	epochs	3.0
9234.34213498692	0.03939669999999751	epochs	2.0
9234.34213498692	0.01974299999892537	epochs	3.0
9234.36187798692	0.01965370000107214	epochs	3.0
9234.38153168692	0.03904239999974379	epochs	2.0
9234.38153168692	0.019565099999454105	epochs	3.0
9234.40109678692	0.019477300000289688	epochs	3.0
9234.42057408692	0.03869459999987157	epochs	2.0
9234.42057408692	0.019390400000702357	epochs	3.0
9234.43996448692	0.019304199999169214	epochs	3.0
9234.45926868692	0.03835290000097302	epochs	2.0
9234.45926868692	0.019218800000089686	epochs	3.0
9234.47848748692	0.019134100000883336	epochs	3.0
9234.497621586921	0.03801719999864872	epochs	2.0
9234.497621586921	0.019050199998673634	epochs	3.0
9234.51667178692	0.018966999999975087	epochs	3.0
9234.53563878692	0.037687199999709264	epochs	2.0
9234.53563878692	0.018884500001149718	epochs	3.0
9234.55452328692	0.018802699998559547	epochs	3.0
9234.57332598692	0.037363100000220584	epochs	2.0
9234.57332598692	0.01872170000024198	epochs	3.0
9234.59204768692	0.018641399999978603	epochs	3.0
9234.61068908692	0.03704430000107095	epochs	2.0
9234.61068908692	0.018561599999884493	epochs	3.0
9234.62925068692	0.01848270000118646	epochs	3.0
9234.64773338692	0.036731000000145286	epochs	2.0
9234.64773338692	0.018404299999019713	epochs	3.0
9234.66613768692	0.018326700001125573	epochs	3.0
9234.68446438692	0.03642289999879722	epochs	2.0
9234.68446438692	0.018249599999762722	epochs	3.0
9234.70271398692	0.018173299999034498	epochs	3.0
9234.72088728692	0.03612010000142618	epochs	2.0
9234.72088728692	0.01809760000105598	epochs	3.0
9234.73898488692	0.0180225000003702	epochs	3.0
9234.757007386921	0.03582209999876795	epochs	2.0
9234.757007386921	0.01794789999985369	epochs	3.0
9234.77495528692	0.017874199998914264	epochs	3.0
9234.79282948692	0.035529000000678934	epochs	2.0
9234.79282948692	0.017800800000259187	epochs	3.0
9234.81063028692	0.017728200000419747	epochs	3.0
9234.82835848692	0.035240699999121716	epochs	2.0
9234.82835848692	0.017656099998930586	epochs	3.0
9234.84601458692	0.01758460000019113	epochs	3.0
9234.86359918692	0.03495710000061081	epochs	2.0
9234.86359918692	0.017513700000563404	epochs	3.0
9234.88111288692	0.017443400000047404	epochs	3.0
9234.89855628692	0.03467789999922388	epochs	2.0
9234.89855628692	0.017373599999700673	epochs	3.0
9234.91592988692	0.01730429999952321	epochs	3.0
9234.93323418692	0.03440330000012182	epochs	2.0
9234.93323418692	0.017235700001037912	epochs	3.0
9234.95046988692	0.017167599999083905	epochs	3.0
9234.96763748692	0.034132800001316355	epochs	2.0
9234.96763748692	0.017099900000175694	epochs	3.0
9234.98473738692	0.01703290000114066	epochs	3.0
9235.00177028692	0.033866699999634875	epochs	2.0
9235.00177028692	0.016966399998636916	epochs	3.0
9235.01873668692	0.01690030000099796	epochs	3.0
9235.03563698692	0.03360459999930754	epochs	2.0
9235.03563698692	0.01683479999883275	epochs	3.0
9235.05247178692	0.016769800000474788	epochs	3.0
9235.06924158692	0.033346600001095794	epochs	2.0
9235.06924158692	0.016705300000467105	epochs	3.0
9235.08594688692	0.01664130000062869	epochs	3.0
9235.102588186921	0.033092499999838765	epochs	2.0
9235.102588186921	0.016577799999140552	epochs	3.0
9235.11916598692	0.016514700000698213	epochs	3.0
9235.13568068692	0.03284229999917443	epochs	2.0
9235.13568068692	0.01645219999954861	epochs	3.0
9235.15213288692	0.016390099999625818	epochs	3.0
9235.16852298692	0.03259570000045642	epochs	2.0
9235.16852298692	0.016328400000929832	epochs	3.0
9235.18485138692	0.016267299999526585	epochs	3.0
9235.20111868692	0.03235289999975066	epochs	2.0
9235.20111868692	0.016206599999350146	epochs	3.0
9235.21732528692	0.016146300000400515	epochs	3.0
9235.23347158692	0.03211369999917224	epochs	2.0
9235.23347158692	0.016086600000562612	epochs	3.0
9235.24955818692	0.01602709999860963	epochs	3.0
9235.26558528692	0.031878000001597684	epochs	2.0
9235.26558528692	0.01596820000122534	epochs	3.0
9235.28155348692	0.015909800000372343	epochs	3.0
9235.29746328692	0.031645699998989585	epochs	2.0
9235.29746328692	0.015851599999223254	epochs	3.0
9235.31331488692	0.01579409999976633	epochs	3.0
9235.32910898692	0.03141669999968144	epochs	2.0
9235.32910898692	0.015736700001070858	epochs	3.0
9235.344845686921	0.015679999998610583	epochs	3.0
9235.36052568692	0.031191100000796723	epochs	2.0
9235.36052568692	0.015623600000253646	epochs	3.0
9235.37614928692	0.015567500000543077	epochs	3.0
9235.39171678692	0.030968699998993543	epochs	2.0
9235.39171678692	0.015511999999944237	epochs	3.0
9235.40722878692	0.015456699999049306	epochs	3.0
9235.42268548692	0.030749500001547858	epochs	2.0
9235.42268548692	0.015402000000904081	epochs	3.0
9235.43808748692	0.015347500000643777	epochs	3.0
9235.453434986921	0.030533199998899363	epochs	2.0
9235.453434986921	0.01529339999979129	epochs	3.0
9235.46872838692	0.015239799999108072	epochs	3.0
9235.48396818692	0.030320100000608363	epochs	2.0
9235.48396818692	0.015186500000709202	epochs	3.0
9235.49915468692	0.015133599999899161	epochs	3.0
9235.51428828692	0.030109899998933543	epochs	2.0
9235.51428828692	0.015080999999554479	epochs	3.0
9235.52936928692	0.015028899999379064	epochs	3.0
9235.54439818692	0.02990250000038941	epochs	2.0
9235.54439818692	0.014977000000726548	epochs	3.0
9235.55937518692	0.014925499999662861	epochs	3.0
9235.57430068692	0.029698100001041894	epochs	2.0
9235.57430068692	0.014874399999825982	epochs	3.0
9235.58917508692	0.014823700001215911	epochs	3.0
9235.60399878692	0.02949629999966419	epochs	2.0
9235.60399878692	0.014773199998671771	epochs	3.0
9235.61877198692	0.014723100000992417	epochs	3.0
9235.63349508692	0.02929740000035963	epochs	2.0
9235.63349508692	0.014673399999082903	epochs	3.0
9235.64816848692	0.014624000001276727	epochs	3.0
9235.66279248692	0.029101099999024882	epochs	2.0
9235.66279248692	0.01457489999847894	epochs	3.0
9235.67736738692	0.014526200000545941	epochs	3.0
9235.69189358692	0.028907400001116912	epochs	2.0
9235.69189358692	0.014477700000497862	epochs	3.0
9235.70637128692	0.01442970000061905	epochs	3.0
9235.720800986921	0.028716199998598313	epochs	2.0
9235.720800986921	0.014381799999682698	epochs	3.0
9235.73518278692	0.014334399998915615	epochs	3.0
9235.74951718692	0.02852760000132548	epochs	2.0
9235.74951718692	0.014287200001490419	epochs	3.0
9235.763804386921	0.014240399999835063	epochs	3.0
9235.77804478692	0.028341399998680572	epochs	2.0
9235.77804478692	0.014193799999702605	epochs	3.0
9235.79223858692	0.014147599998977967	epochs	3.0
9235.80638618692	0.02815770000051998	epochs	2.0
9235.80638618692	0.014101700000537676	epochs	3.0
9235.82048788692	0.014055999999982305	epochs	3.0
9235.83454388692	0.02797629999986384	epochs	2.0
9235.83454388692	0.014010599999892293	epochs	3.0
9235.84855448692	0.013965699999971548	epochs	3.0
9235.86252018692	0.02779720000035013	epochs	2.0
9235.86252018692	0.013920800000050804	epochs	3.0
9235.87644098692	0.013876400000299327	epochs	3.0
9235.89031738692	0.02762040000015986	epochs	2.0
9235.89031738692	0.01383220000025176	epochs	3.0
9235.90414958692	0.013788199999908102	epochs	3.0
9235.91793778692	0.027445899999293033	epochs	2.0
9235.91793778692	0.013744599998972262	epochs	3.0
9235.93168238692	0.01370130000032077	epochs	3.0
9235.94538368692	0.027273499999864725	epochs	2.0
9235.94538368692	0.0136581999995542	epochs	3.0
9235.95904188692	0.013615300000310526	epochs	3.0
9235.97265718692	0.02710339999975986	epochs	2.0
9235.97265718692	0.013572800000474672	epochs	3.0
9235.98622998692	0.013530599999285187	epochs	3.0
9235.99976058692	0.026935200001389603	epochs	2.0
9235.99976058692	0.01348839999991469	epochs	3.0
9236.01324898692	0.013446800001474912	epochs	3.0
9236.02669578692	0.02676919999976235	epochs	2.0
9236.02669578692	0.013405199999397155	epochs	3.0
9236.04010098692	0.013364000000365195	epochs	3.0
9236.05346498692	0.026605199998812168	epochs	2.0
9236.05346498692	0.013322900000275695	epochs	3.0
9236.06678788692	0.013282299998536473	epochs	3.0
9236.08007018692	0.026443200000358047	epochs	2.0
9236.08007018692	0.01324170000043523	epochs	3.0
9236.09331188692	0.013201499999922817	epochs	3.0
9236.10651338692	0.026283200000762008	epochs	2.0
9236.10651338692	0.013161500000933302	epochs	3.0
9236.11967488692	0.013121699999828706	epochs	3.0
9236.13279658692	0.026125000000320142	epochs	2.0
9236.13279658692	0.01308210000024701	epochs	3.0
9236.14587868692	0.013042900000073132	epochs	3.0
9236.15892158692	0.025968899999497808	epochs	2.0
9236.15892158692	0.013003899999603163	epochs	3.0
9236.17192548692	0.012964999999894644	epochs	3.0
9236.18489048692	0.025814500000706175	epochs	2.0
9236.18489048692	0.012926400000651483	epochs	3.0
9236.197816886921	0.012888100000054692	epochs	3.0
9236.210704986921	0.025661899999249727	epochs	2.0
9236.210704986921	0.01284989999840036	epochs	3.0
9236.22355488692	0.012812000000849366	epochs	3.0
9236.23636688692	0.02551119999952789	epochs	2.0
9236.23636688692	0.012774400000125752	epochs	3.0
9236.24914128692	0.012736799999402137	epochs	3.0
9236.26187808692	0.025362300000779214	epochs	2.0
9236.26187808692	0.01269970000066678	epochs	3.0
9236.27457778692	0.012662600000112434	epochs	3.0
9236.28724038692	0.025214999999661813	epochs	2.0
9236.28724038692	0.012625800000023446	epochs	3.0
9236.29986618692	0.012589199999638367	epochs	3.0
9236.31245538692	0.024584799999502138	epochs	2.0
9236.33449668692	0.5	epochs	-1.0
9236.33704018692	0.999920000000202	epochs	1.0
9236.83449668692	0.5	epochs	-1.0
9238.454999923706	0.08303999999952794	epochs	0.0
9238.454999923706	0.036520999999993364	epochs	1.0
9238.491520923706	0.009997999999541207	epochs	1.0
9238.501518923706	0.036520999999993364	epochs	1.0
9238.538039923706	2.0	epochs	0.0
9240.538039923706	0.5356800000008661	epochs	0.0
9240.538039923706	0.5356800000008661	epochs	1.0
9240.538056423706	0.5	epochs	-1.0
9241.038056423706	0.03566350000073726	epochs	-1.0
9241.073719923706	21.464239999999336	epochs	0.0
9242.204999923706	0.08303999999952794	epochs	0.0
9242.204999923706	0.036520999999993364	epochs	1.0
9242.241520923706	0.009997999999541207	epochs	1.0
9242.251518923706	0.036520999999993364	epochs	1.0
9242.288039923706	2.0	epochs	0.0
9244.288039923706	21.516240000000835	epochs	0.0
9244.288039923706	1.0	epochs	1.0
9244.288056423706	0.5	epochs	-1.0
9244.788056423706	19.997440000001006	epochs	-1.0
9245.288039923706	20.0	epochs	1.0
9245.288039923706	4.356753899999603	epochs	-1.0
9245.288039923706	1.9745872000003146	epochs	2.0
9245.288039923706	1.0985622000007425	epochs	3.0
9246.386602123706	0.8760249999995722	epochs	3.0
9247.262627123706	1.3524075000004814	epochs	2.0
9247.262627123706	0.7286354999996547	epochs	3.0
9247.991262623706	0.6237720000008267	epochs	3.0
9248.615034623706	1.0297591999988072	epochs	2.0
9248.615034623706	0.545329299999139	epochs	3.0
9249.160363923706	0.4844298999996681	epochs	3.0
9249.644793823705	0.8317862000003515	epochs	2.0
9249.644793823705	0.4357763000007253	epochs	3.0
9250.080570123706	0.3960098999996262	epochs	3.0
9250.476580023706	0.697797000000719	epochs	2.0
9250.476580023706	0.3628982000009273	epochs	3.0
9250.839478223706	0.33489879999979166	epochs	3.0
9251.174377023706	0.6010456999993039	epochs	2.0
9251.174377023706	0.31091229999947245	epochs	3.0
9251.485289323706	0.29013339999983145	epochs	3.0
9251.775422723706	0.5278859000009106	epochs	2.0
9251.775422723706	0.27195860000028915	epochs	3.0
9252.047381323706	0.25592730000062147	epochs	3.0
9252.303308623706	0.4706193000001804	epochs	2.0
9252.303308623706	0.241681299999982	epochs	3.0
9252.544989923706	0.22893800000019837	epochs	3.0
9252.773927923707	0.424570399998629	epochs	2.0
9252.773927923707	0.21747139999934006	epochs	3.0
9252.991399323706	0.20709899999928894	epochs	3.0
9253.198498323705	0.38673540000127105	epochs	2.0
9253.198498323705	0.19767110000066168	epochs	3.0
9253.396169423706	0.18906430000060936	epochs	3.0
9253.585233723707	0.3550952999994479	epochs	2.0
9253.585233723707	0.18117589999928896	epochs	3.0
9253.766409623706	0.17391940000015893	epochs	3.0
9253.940329023706	0.3282431000006909	epochs	2.0
9253.940329023706	0.1672218999992765	epochs	3.0
9254.107550923705	0.1610212000014144	epochs	3.0
9254.268572123707	0.3051679999989574	epochs	2.0
9254.268572123707	0.15526390000013635	epochs	3.0
9254.423836023707	0.14990409999882104	epochs	3.0
9254.573740123706	0.28512530000080005	epochs	2.0
9254.573740123706	0.1449021000007633	epochs	3.0
9254.718642223706	0.14022320000003674	epochs	3.0
9254.858865423706	0.26755380000031437	epochs	2.0
9254.858865423706	0.1358368999990489	epochs	3.0
9254.994702323705	0.13171690000126546	epochs	3.0
9255.126419223707	0.25202290000015637	epochs	2.0
9255.126419223707	0.12783929999932298	epochs	3.0
9255.254258523706	0.1241836000008334	epochs	3.0
9255.378442123707	0.23819649999859394	epochs	2.0
9255.378442123707	0.1207310999998299	epochs	3.0
9255.499173223707	0.11746539999876404	epochs	3.0
9255.616638623706	0.22580879999986792	epochs	2.0
9255.616638623706	0.11437190000106057	epochs	3.0
9255.731010523707	0.11143689999880735	epochs	3.0
9255.842447423705	0.21464600000035716	epochs	2.0
9255.842447423705	0.10864890000084415	epochs	3.0
9255.951096323706	0.10599709999951301	epochs	3.0
9256.057093423706	0.2045350000007602	epochs	2.0
9256.057093423706	0.10347150000052352	epochs	3.0
9256.160564923706	0.10106350000023667	epochs	3.0
9256.261628423706	0.19533400000000256	epochs	2.0
9256.261628423706	0.09876509999958216	epochs	3.0
9256.360393523706	0.0965689000004204	epochs	3.0
9256.456962423706	0.18692530000043917	epochs	2.0
9256.456962423706	0.09446829999978945	epochs	3.0
9256.551430723706	0.09245700000064971	epochs	3.0
9256.643887723707	0.17921069999829342	epochs	2.0
9256.643887723707	0.09052959999826271	epochs	3.0
9256.734417323705	0.08868110000003071	epochs	3.0
9256.823098423705	0.17210770000019693	epochs	2.0
9256.823098423705	0.08690630000091915	epochs	3.0
9256.910004723706	0.08520139999927778	epochs	3.0
9256.995206123705	0.16554640000140353	epochs	2.0
9256.995206123705	0.08356190000085917	epochs	3.0
9257.078768023706	0.08198450000054436	epochs	3.0
9257.160752523707	0.15946709999843733	epochs	2.0
9257.160752523707	0.08046539999850211	epochs	3.0
9257.241217923705	0.07900169999993523	epochs	3.0
9257.320219623705	0.15381840000009106	epochs	2.0
9257.320219623705	0.07759010000154376	epochs	3.0
9257.397809723707	0.0762282999985473	epochs	3.0
9257.474038023705	0.14855640000132553	epochs	2.0
9257.474038023705	0.07491330000084417	epochs	3.0
9257.548951323706	0.07364310000048135	epochs	3.0
9257.622594423707	0.14364239999849815	epochs	2.0
9257.622594423707	0.07241499999872758	epochs	3.0
9257.695009423705	0.07122739999977057	epochs	3.0
9257.766236823705	0.13904309999998077	epochs	2.0
9257.766236823705	0.0700780000006489	epochs	3.0
9257.836314823706	0.06896509999933187	epochs	3.0
9257.905279923705	0.1347293000017089	epochs	2.0
9257.905279923705	0.0678871000000072	epochs	3.0
9257.973167023705	0.06684220000170171	epochs	3.0
9258.040009223707	0.1306752000000415	epochs	2.0
9258.040009223707	0.06582909999997355	epochs	3.0
9258.105838323707	0.06484610000006796	epochs	3.0
9258.170684423707	0.1268577999999252	epochs	2.0
9258.170684423707	0.06389199999830453	epochs	3.0
9258.234576423705	0.06296580000162066	epochs	3.0
9258.297542223707	0.12325719999898865	epochs	2.0
9258.297542223707	0.062065799998890725	epochs	3.0
9258.359608023706	0.06119140000009793	epochs	3.0
9258.420799423706	0.1198554000002332	epochs	2.0
9258.420799423706	0.06034110000109649	epochs	3.0
9258.481140523707	0.05951429999913671	epochs	3.0
9258.540654823706	0.11663620000035735	epochs	2.0
9258.540654823706	0.058709599999929196	epochs	3.0
9258.599364423706	0.05792660000042815	epochs	3.0
9258.657291023706	0.11358560000007856	epochs	2.0
9258.657291023706	0.057164199999533594	epochs	3.0
9258.714455223706	0.05642140000054496	epochs	3.0
9258.770876623706	0.11069049999969138	epochs	2.0
9258.770876623706	0.055697899999358924	epochs	3.0
9258.826574523706	0.05499260000033246	epochs	3.0
9258.881567123706	0.10793910000029427	epochs	2.0
9258.881567123706	0.05430490000071586	epochs	3.0
9258.935872023707	0.053634199999578414	epochs	3.0
9258.989506223706	0.10532149999926332	epochs	2.0
9258.989506223706	0.05298000000038883	epochs	3.0
9259.042486223707	0.0523414999988745	epochs	3.0
9259.094827723706	0.10282759999972768	epochs	2.0
9259.094827723706	0.05171809999956167	epochs	3.0
9259.146545823705	0.05110950000016601	epochs	3.0
9259.197655323705	0.10044910000033269	epochs	2.0
9259.197655323705	0.050514900000052876	epochs	3.0
9259.248170223706	0.049934200000279816	epochs	3.0
9259.298104423706	0.09817830000065442	epochs	2.0
9259.298104423706	0.0493666000002122	epochs	3.0
9259.347471023706	0.048811700000442215	epochs	3.0
9259.396282723706	0.09600779999891529	epochs	2.0
9259.396282723706	0.04826919999868551	epochs	3.0
9259.444551923705	0.04773860000022978	epochs	3.0
9259.492290523705	0.09393120000095223	epochs	2.0
9259.492290523705	0.047219500000210246	epochs	3.0
9259.539510023706	0.046711700000741985	epochs	3.0
9259.586221723706	0.09194260000003851	epochs	2.0
9259.586221723706	0.04621459999907529	epochs	3.0
9259.632436323705	0.04572800000096322	epochs	3.0
9259.678164323706	0.09003630000006524	epochs	2.0
9259.678164323706	0.045251499999722	epochs	3.0
9259.723415823706	0.04478480000034324	epochs	3.0
9259.768200623706	0.0882075999998051	epochs	2.0
9259.768200623706	0.0443278000002465	epochs	3.0
9259.812528423707	0.0438797999995586	epochs	3.0
9259.856408223706	0.0864516999990883	epochs	2.0
9259.856408223706	0.04344099999980244	epochs	3.0
9259.899849223706	0.04301069999928586	epochs	3.0
9259.942859923705	0.08476430000155233	epochs	2.0
9259.942859923705	0.042589000000589294	epochs	3.0
9259.985448923706	0.042175300000963034	epochs	3.0
9260.027624223707	0.08314149999932852	epochs	2.0
9260.027624223707	0.04176969999934954	epochs	3.0
9260.069393923706	0.041371799999978975	epochs	3.0
9260.110765723706	0.08157969999956549	epochs	2.0
9260.110765723706	0.04098139999950945	epochs	3.0
9260.151747123706	0.04059830000005604	epochs	3.0
9260.192345423706	0.08007550000002084	epochs	2.0
9260.192345423706	0.040222300000095856	epochs	3.0
9260.232567723706	0.03985319999992498	epochs	3.0
9260.272420923706	0.07862569999997504	epochs	2.0
9260.272420923706	0.03949079999983951	epochs	3.0
9260.311911723706	0.03913490000013553	epochs	3.0
9260.351046623706	0.07722760000069684	epochs	2.0
9260.351046623706	0.038785400000051595	epochs	3.0
9260.389832023706	0.038442200000645244	epochs	3.0
9260.428274223706	0.07587819999935164	epochs	2.0
9260.428274223706	0.03810479999992822	epochs	3.0
9260.466379023706	0.03777339999942342	epochs	3.0
9260.504152423706	0.07457520000025397	epochs	2.0
9260.504152423706	0.037447700000484474	epochs	3.0
9260.541600123706	0.0371274999997695	epochs	3.0
9260.578727623706	0.07331630000044242	epochs	2.0
9260.578727623706	0.03681289999985893	epochs	3.0
9260.615540523706	0.0365034000005835	epochs	3.0
9260.652043923707	0.07209899999907066	epochs	2.0
9260.652043923707	0.036199099999066675	epochs	3.0
9260.688243023706	0.03589990000000398	epochs	3.0
9260.724142923706	0.07092170000032638	epochs	2.0
9260.724142923706	0.03560560000005353	epochs	3.0
9260.759748523706	0.035316100000272854	epochs	3.0
9260.795064623706	0.06978200000048673	epochs	2.0
9260.795064623706	0.03503120000095805	epochs	3.0
9260.830095823707	0.03475079999952868	epochs	3.0
9260.864846623706	0.0686786000005668	epochs	2.0
9260.864846623706	0.03447509999932663	epochs	3.0
9260.899321723706	0.03420350000124017	epochs	3.0
9260.933525223707	0.06760929999836662	epochs	2.0
9260.933525223707	0.03393619999951625	epochs	3.0
9260.967461423706	0.033673099998850375	epochs	3.0
9261.001134523705	0.0665729000011197	epochs	2.0
9261.001134523705	0.033414000001357635	epochs	3.0
9261.034548523707	0.03315889999976207	epochs	3.0
9261.067707423706	0.06556780000028084	epochs	2.0
9261.067707423706	0.0329076999987592	epochs	3.0
9261.100615123705	0.03266010000152164	epochs	3.0
9261.133275223707	0.06459259999974165	epochs	2.0
9261.133275223707	0.03241639999941981	epochs	3.0
9261.165691623706	0.03217620000032184	epochs	3.0
9261.197867823706	0.06364599999869824	epochs	2.0
9261.197867823706	0.03193959999953222	epochs	3.0
9261.229807423706	0.031706399999166024	epochs	3.0
9261.261513823705	0.0627266999999847	epochs	2.0
9261.261513823705	0.03147660000104224	epochs	3.0
9261.292990423706	0.03125009999894246	epochs	3.0
9261.324240523705	0.061833600000682054	epochs	2.0
9261.324240523705	0.031026900000142632	epochs	3.0
9261.355267423705	0.030806700000539422	epochs	3.0
9261.386074123706	0.06096559999969031	epochs	2.0
9261.386074123706	0.03058980000059819	epochs	3.0
9261.416663923706	0.030375799999092123	epochs	3.0
9261.447039723706	0.06012160000136646	epochs	2.0
9261.447039723706	0.030164900001182104	epochs	3.0
9261.477204623707	0.029956700000184355	epochs	3.0
9261.507161323707	0.05930069999885745	epochs	2.0
9261.507161323707	0.029751599999144673	epochs	3.0
9261.536912923706	0.02954909999971278	epochs	3.0
9261.566462023706	0.058501800000158255	epochs	2.0
9261.566462023706	0.029349399999773595	epochs	3.0
9261.595811423706	0.02915240000038466	epochs	3.0
9261.624963823706	0.05772419999993872	epochs	2.0
9261.624963823706	0.028958000000784523	epochs	3.0
9261.653921823707	0.028766199999154196	epochs	3.0
9261.682688023706	0.05696709999938321	epochs	2.0
9261.682688023706	0.028577000000950648	epochs	3.0
9261.711265023707	0.02839009999843256	epochs	3.0
9261.739655123705	0.05622949999997218	epochs	2.0
9261.739655123705	0.028205700000398792	epochs	3.0
9261.767860823706	0.028023799999573384	epochs	3.0
9261.795884623705	0.05551070000001346	epochs	2.0
9261.795884623705	0.027844000000186497	epochs	3.0
9261.823728623705	0.02766669999982696	epochs	3.0
9261.851395323705	0.05481020000115677	epochs	2.0
9261.851395323705	0.027491500000905944	epochs	3.0
9261.878886823706	0.02731870000025083	epochs	3.0
9261.906205523706	0.05412699999942561	epochs	2.0
9261.906205523706	0.027147799999511335	epochs	3.0
9261.933353323706	0.026979199999914272	epochs	3.0
9261.960332523706	0.05346070000086911	epochs	2.0
9261.960332523706	0.02681260000099428	epochs	3.0
9261.987145123707	0.02664809999987483	epochs	3.0
9262.013793223707	0.0528106999990996	epochs	2.0
9262.013793223707	0.026485599999432452	epochs	3.0
9262.040278823706	0.026325099999667145	epochs	3.0
9262.066603923706	0.0521762000007584	epochs	2.0
9262.066603923706	0.026166400000875	epochs	3.0
9262.092770323707	0.0260097999998834	epochs	3.0
9262.118780123707	0.05155670000021928	epochs	2.0
9262.118780123707	0.02585480000016105	epochs	3.0
9262.144634923707	0.02570190000005823	epochs	3.0
9262.170336823707	0.05095189999883587	epochs	2.0
9262.170336823707	0.025550700000167126	epochs	3.0
9262.195887523707	0.025401199998668744	epochs	3.0
9262.221288723706	0.05036099999961152	epochs	2.0
9262.221288723706	0.025253499999962514	epochs	3.0
9262.246542223706	0.025107499999649008	epochs	3.0
9262.271649723705	0.04978380000102334	epochs	2.0
9262.271649723705	0.024963200001366204	epochs	3.0
9262.296612923707	0.024820599999657134	epochs	3.0
9262.321433523706	0.0492195000006177	epochs	2.0
9262.321433523706	0.024679399999513407	epochs	3.0
9262.346112923706	0.024540100001104292	epochs	3.0
9262.370653023707	0.0486678999986907	epochs	2.0
9262.370653023707	0.024402099999861093	epochs	3.0
9262.395055123707	0.024265799998829607	epochs	3.0
9262.419320923706	0.04812860000129149	epochs	2.0
9262.419320923706	0.024131000000124914	epochs	3.0
9262.443451923706	0.023997600001166575	epochs	3.0
9262.467449523707	0.04760109999915585	epochs	2.0
9262.467449523707	0.02386579999983951	epochs	3.0
9262.491315323707	0.02373529999931634	epochs	3.0
9262.515050623706	0.04708500000015192	epochs	2.0
9262.515050623706	0.023606299999300973	epochs	3.0
9262.538656923705	0.02347870000085095	epochs	3.0
9262.562135623706	0.04658000000017637	epochs	2.0
9262.562135623706	0.02335250000032829	epochs	3.0
9262.585488123706	0.023227499999848078	epochs	3.0
9262.608715623706	0.04608569999982137	epochs	2.0
9262.608715623706	0.02310399999987567	epochs	3.0
9262.631819623706	0.022981699999945704	epochs	3.0
9262.654801323706	0.04560180000044056	epochs	2.0
9262.654801323706	0.022860700000819634	epochs	3.0
9262.677662023707	0.02274109999962093	epochs	3.0
9262.700403123707	0.04512789999898814	epochs	2.0
9262.700403123707	0.02262249999876076	epochs	3.0
9262.723025623705	0.022505400000227382	epochs	3.0
9262.745531023706	0.04466380000121717	epochs	2.0
9262.745531023706	0.022389300000213552	epochs	3.0
9262.767920323706	0.022274500001003616	epochs	3.0
9262.790194823707	0.04420919999938633	epochs	2.0
9262.790194823707	0.022160799999255687	epochs	3.0
9262.812355623706	0.02204840000013064	epochs	3.0
9262.834404023706	0.04376360000060231	epochs	2.0
9262.834404023706	0.021936900000582682	epochs	3.0
9262.856340923707	0.021826700000019628	epochs	3.0
9262.878167623707	0.043327100000169594	epochs	2.0
9262.878167623707	0.02171759999873757	epochs	3.0
9262.899885223705	0.021609500001432025	epochs	3.0
9262.921494723707	0.04289900000003399	epochs	2.0
9262.921494723707	0.021502499999769498	epochs	3.0
9262.942997223707	0.021396500000264496	epochs	3.0
9262.964393723707	0.04247949999989942	epochs	2.0
9262.964393723707	0.02129169999898295	epochs	3.0
9262.985685423706	0.021187800000916468	epochs	3.0
9263.006873223707	0.04206789999989269	epochs	2.0
9263.006873223707	0.021084899999550544	epochs	3.0
9263.027958123706	0.020983000000342145	epochs	3.0
9263.048941123707	0.041664399999717716	epochs	2.0
9263.048941123707	0.020882199998595752	epochs	3.0
9263.069823323705	0.020782200001121964	epochs	3.0
9263.090605523706	0.04126849999920523	epochs	2.0
9263.090605523706	0.020683299999291194	epochs	3.0
9263.111288823706	0.02058519999991404	epochs	3.0
9263.131874023706	0.04088000000047032	epochs	2.0
9263.131874023706	0.02048810000087542	epochs	3.0
9263.152362123707	0.020391899999594898	epochs	3.0
9263.172754023706	0.040498799999113544	epochs	2.0
9263.172754023706	0.020296599999710452	epochs	3.0
9263.193050623706	0.020202199999403092	epochs	3.0
9263.213252823705	0.04012460000012652	epochs	2.0
9263.213252823705	0.020108700000491808	epochs	3.0
9263.233361523706	0.020015899999634712	epochs	3.0
9263.253377423705	0.03975730000092881	epochs	2.0
9263.253377423705	0.0199241999998776	epochs	3.0
9263.273301623705	0.019833100001051207	epochs	3.0
9263.293134723706	0.03939669999999751	epochs	2.0
9263.293134723706	0.01974299999892537	epochs	3.0
9263.312877723705	0.01965370000107214	epochs	3.0
9263.332531423706	0.03904239999974379	epochs	2.0
9263.332531423706	0.019565099999454105	epochs	3.0
9263.352096523706	0.019477300000289688	epochs	3.0
9263.371573823706	0.03869459999987157	epochs	2.0
9263.371573823706	0.019390400000702357	epochs	3.0
9263.390964223707	0.019304199999169214	epochs	3.0
9263.410268423706	0.03835290000097302	epochs	2.0
9263.410268423706	0.019218800000089686	epochs	3.0
9263.429487223706	0.019134100000883336	epochs	3.0
9263.448621323707	0.03801719999864872	epochs	2.0
9263.448621323707	0.019050199998673634	epochs	3.0
9263.467671523706	0.018966999999975087	epochs	3.0
9263.486638523706	0.037687199999709264	epochs	2.0
9263.486638523706	0.018884500001149718	epochs	3.0
9263.505523023707	0.018802699998559547	epochs	3.0
9263.524325723705	0.037363100000220584	epochs	2.0
9263.524325723705	0.01872170000024198	epochs	3.0
9263.543047423706	0.018641399999978603	epochs	3.0
9263.561688823705	0.03704430000107095	epochs	2.0
9263.561688823705	0.018561599999884493	epochs	3.0
9263.580250423705	0.01848270000118646	epochs	3.0
9263.598733123707	0.036731000000145286	epochs	2.0
9263.598733123707	0.018404299999019713	epochs	3.0
9263.617137423706	0.018326700001125573	epochs	3.0
9263.635464123707	0.03642289999879722	epochs	2.0
9263.635464123707	0.018249599999762722	epochs	3.0
9263.653713723706	0.018173299999034498	epochs	3.0
9263.671887023705	0.03612010000142618	epochs	2.0
9263.671887023705	0.01809760000105598	epochs	3.0
9263.689984623707	0.0180225000003702	epochs	3.0
9263.708007123707	0.03582209999876795	epochs	2.0
9263.708007123707	0.01794789999985369	epochs	3.0
9263.725955023707	0.017874199998914264	epochs	3.0
9263.743829223706	0.035529000000678934	epochs	2.0
9263.743829223706	0.017800800000259187	epochs	3.0
9263.761630023706	0.017728200000419747	epochs	3.0
9263.779358223706	0.035240699999121716	epochs	2.0
9263.779358223706	0.017656099998930586	epochs	3.0
9263.797014323705	0.01758460000019113	epochs	3.0
9263.814598923705	0.03495710000061081	epochs	2.0
9263.814598923705	0.017513700000563404	epochs	3.0
9263.832112623706	0.017443400000047404	epochs	3.0
9263.849556023706	0.03467789999922388	epochs	2.0
9263.849556023706	0.017373599999700673	epochs	3.0
9263.866929623706	0.01730429999952321	epochs	3.0
9263.884233923705	0.03440330000012182	epochs	2.0
9263.884233923705	0.017235700001037912	epochs	3.0
9263.901469623706	0.017167599999083905	epochs	3.0
9263.918637223705	0.034132800001316355	epochs	2.0
9263.918637223705	0.017099900000175694	epochs	3.0
9263.935737123706	0.01703290000114066	epochs	3.0
9263.952770023707	0.033866699999634875	epochs	2.0
9263.952770023707	0.016966399998636916	epochs	3.0
9263.969736423705	0.01690030000099796	epochs	3.0
9263.986636723706	0.03360459999930754	epochs	2.0
9263.986636723706	0.01683479999883275	epochs	3.0
9264.003471523705	0.016769800000474788	epochs	3.0
9264.020241323706	0.033346600001095794	epochs	2.0
9264.020241323706	0.016705300000467105	epochs	3.0
9264.036946623706	0.01664130000062869	epochs	3.0
9264.053587923707	0.033092499999838765	epochs	2.0
9264.053587923707	0.016577799999140552	epochs	3.0
9264.070165723706	0.016514700000698213	epochs	3.0
9264.086680423707	0.03284229999917443	epochs	2.0
9264.086680423707	0.01645219999954861	epochs	3.0
9264.103132623706	0.016390099999625818	epochs	3.0
9264.119522723706	0.03259570000045642	epochs	2.0
9264.119522723706	0.016328400000929832	epochs	3.0
9264.135851123707	0.016267299999526585	epochs	3.0
9264.152118423706	0.03235289999975066	epochs	2.0
9264.152118423706	0.016206599999350146	epochs	3.0
9264.168325023706	0.016146300000400515	epochs	3.0
9264.184471323706	0.03211369999917224	epochs	2.0
9264.184471323706	0.016086600000562612	epochs	3.0
9264.200557923707	0.01602709999860963	epochs	3.0
9264.216585023705	0.031878000001597684	epochs	2.0
9264.216585023705	0.01596820000122534	epochs	3.0
9264.232553223706	0.015909800000372343	epochs	3.0
9264.248463023707	0.031645699998989585	epochs	2.0
9264.248463023707	0.015851599999223254	epochs	3.0
9264.264314623706	0.01579409999976633	epochs	3.0
9264.280108723706	0.03141669999968144	epochs	2.0
9264.280108723706	0.015736700001070858	epochs	3.0
9264.295845423707	0.015679999998610583	epochs	3.0
9264.311525423705	0.031191100000796723	epochs	2.0
9264.311525423705	0.015623600000253646	epochs	3.0
9264.327149023706	0.015567500000543077	epochs	3.0
9264.342716523706	0.030968699998993543	epochs	2.0
9264.342716523706	0.015511999999944237	epochs	3.0
9264.358228523706	0.015456699999049306	epochs	3.0
9264.373685223705	0.030749500001547858	epochs	2.0
9264.373685223705	0.015402000000904081	epochs	3.0
9264.389087223706	0.015347500000643777	epochs	3.0
9264.404434723707	0.030533199998899363	epochs	2.0
9264.404434723707	0.01529339999979129	epochs	3.0
9264.419728123707	0.015239799999108072	epochs	3.0
9264.434967923706	0.030320100000608363	epochs	2.0
9264.434967923706	0.015186500000709202	epochs	3.0
9264.450154423706	0.015133599999899161	epochs	3.0
9264.465288023706	0.030109899998933543	epochs	2.0
9264.465288023706	0.015080999999554479	epochs	3.0
9264.480369023706	0.015028899999379064	epochs	3.0
9264.495397923705	0.02990250000038941	epochs	2.0
9264.495397923705	0.014977000000726548	epochs	3.0
9264.510374923706	0.014925499999662861	epochs	3.0
9264.525300423706	0.029698100001041894	epochs	2.0
9264.525300423706	0.014874399999825982	epochs	3.0
9264.540174823705	0.014823700001215911	epochs	3.0
9264.554998523707	0.02949629999966419	epochs	2.0
9264.554998523707	0.014773199998671771	epochs	3.0
9264.569771723705	0.014723100000992417	epochs	3.0
9264.584494823706	0.02929740000035963	epochs	2.0
9264.584494823706	0.014673399999082903	epochs	3.0
9264.599168223705	0.014624000001276727	epochs	3.0
9264.613792223707	0.029101099999024882	epochs	2.0
9264.613792223707	0.01457489999847894	epochs	3.0
9264.628367123705	0.014526200000545941	epochs	3.0
9264.642893323706	0.028907400001116912	epochs	2.0
9264.642893323706	0.014477700000497862	epochs	3.0
9264.657371023706	0.01442970000061905	epochs	3.0
9264.671800723707	0.028716199998598313	epochs	2.0
9264.671800723707	0.014381799999682698	epochs	3.0
9264.686182523707	0.014334399998915615	epochs	3.0
9264.700516923705	0.02852760000132548	epochs	2.0
9264.700516923705	0.014287200001490419	epochs	3.0
9264.714804123707	0.014240399999835063	epochs	3.0
9264.729044523707	0.028341399998680572	epochs	2.0
9264.729044523707	0.014193799999702605	epochs	3.0
9264.743238323706	0.014147599998977967	epochs	3.0
9264.757385923705	0.02815770000051998	epochs	2.0
9264.757385923705	0.014101700000537676	epochs	3.0
9264.771487623706	0.014055999999982305	epochs	3.0
9264.785543623706	0.02797629999986384	epochs	2.0
9264.785543623706	0.014010599999892293	epochs	3.0
9264.799554223706	0.013965699999971548	epochs	3.0
9264.813519923706	0.02779720000035013	epochs	2.0
9264.813519923706	0.013920800000050804	epochs	3.0
9264.827440723706	0.013876400000299327	epochs	3.0
9264.841317123706	0.02762040000015986	epochs	2.0
9264.841317123706	0.01383220000025176	epochs	3.0
9264.855149323706	0.013788199999908102	epochs	3.0
9264.868937523706	0.027445899999293033	epochs	2.0
9264.868937523706	0.013744599998972262	epochs	3.0
9264.882682123705	0.01370130000032077	epochs	3.0
9264.896383423706	0.027273499999864725	epochs	2.0
9264.896383423706	0.0136581999995542	epochs	3.0
9264.910041623705	0.013615300000310526	epochs	3.0
9264.923656923705	0.02710339999975986	epochs	2.0
9264.923656923705	0.013572800000474672	epochs	3.0
9264.937229723706	0.013530599999285187	epochs	3.0
9264.950760323705	0.026935200001389603	epochs	2.0
9264.950760323705	0.01348839999991469	epochs	3.0
9264.964248723705	0.013446800001474912	epochs	3.0
9264.977695523707	0.02676919999976235	epochs	2.0
9264.977695523707	0.013405199999397155	epochs	3.0
9264.991100723706	0.013364000000365195	epochs	3.0
9265.004464723706	0.026605199998812168	epochs	2.0
9265.004464723706	0.013322900000275695	epochs	3.0
9265.017787623707	0.013282299998536473	epochs	3.0
9265.031069923705	0.026443200000358047	epochs	2.0
9265.031069923705	0.01324170000043523	epochs	3.0
9265.044311623706	0.013201499999922817	epochs	3.0
9265.057513123706	0.026283200000762008	epochs	2.0
9265.057513123706	0.013161500000933302	epochs	3.0
9265.070674623707	0.013121699999828706	epochs	3.0
9265.083796323706	0.026125000000320142	epochs	2.0
9265.083796323706	0.01308210000024701	epochs	3.0
9265.096878423707	0.013042900000073132	epochs	3.0
9265.109921323707	0.025968899999497808	epochs	2.0
9265.109921323707	0.013003899999603163	epochs	3.0
9265.122925223706	0.012964999999894644	epochs	3.0
9265.135890223706	0.025814500000706175	epochs	2.0
9265.135890223706	0.012926400000651483	epochs	3.0
9265.148816623707	0.012888100000054692	epochs	3.0
9265.161704723707	0.025661899999249727	epochs	2.0
9265.161704723707	0.01284989999840036	epochs	3.0
9265.174554623705	0.012812000000849366	epochs	3.0
9265.187366623706	0.02551119999952789	epochs	2.0
9265.187366623706	0.012774400000125752	epochs	3.0
9265.200141023706	0.012736799999402137	epochs	3.0
9265.212877823706	0.025362300000779214	epochs	2.0
9265.212877823706	0.01269970000066678	epochs	3.0
9265.225577523706	0.012662600000112434	epochs	3.0
9265.238240123706	0.025214999999661813	epochs	2.0
9265.238240123706	0.012625800000023446	epochs	3.0
9265.250865923706	0.012589199999638367	epochs	3.0
9265.263455123706	0.024584799999502138	epochs	2.0
9265.285496423707	0.5	epochs	-1.0
9265.288039923706	0.5162400000008347	epochs	1.0
9265.804279923706	0.4836799999993673	epochs	0.0
9266.715000152588	0.08303999999952794	epochs	0.0
9266.715000152588	0.036520999999993364	epochs	1.0
9266.751521152588	0.009997999999541207	epochs	1.0
9266.761519152587	0.036520999999993364	epochs	1.0
9266.798040152587	2.0	epochs	0.0
9268.798040152587	21.53672000000006	epochs	0.0
9268.798040152587	1.0	epochs	1.0
9268.798056652588	0.5	epochs	-1.0
9269.298056652588	19.997440000001006	epochs	-1.0
9269.798040152587	20.0	epochs	1.0
9269.798040152587	4.356753899999603	epochs	-1.0
9269.798040152587	1.9745872000003146	epochs	2.0
9269.798040152587	1.0985622000007425	epochs	3.0
9270.896602352588	0.8760249999995722	epochs	3.0
9271.772627352588	1.3524075000004814	epochs	2.0
9271.772627352588	0.7286354999996547	epochs	3.0
9272.501262852587	0.6237720000008267	epochs	3.0
9273.125034852588	1.0297591999988072	epochs	2.0
9273.125034852588	0.545329299999139	epochs	3.0
9273.670364152587	0.4844298999996681	epochs	3.0
9274.154794052587	0.8317862000003515	epochs	2.0
9274.154794052587	0.4357763000007253	epochs	3.0
9274.590570352588	0.3960098999996262	epochs	3.0
9274.986580252587	0.697797000000719	epochs	2.0
9274.986580252587	0.3628982000009273	epochs	3.0
9275.349478452588	0.33489879999979166	epochs	3.0
9275.684377252588	0.6010456999993039	epochs	2.0
9275.684377252588	0.31091229999947245	epochs	3.0
9275.995289552588	0.29013339999983145	epochs	3.0
9276.285422952587	0.5278859000009106	epochs	2.0
9276.285422952587	0.27195860000028915	epochs	3.0
9276.557381552588	0.25592730000062147	epochs	3.0
9276.813308852588	0.4706193000001804	epochs	2.0
9276.813308852588	0.241681299999982	epochs	3.0
9277.054990152588	0.22893800000019837	epochs	3.0
9277.283928152588	0.424570399998629	epochs	2.0
9277.283928152588	0.21747139999934006	epochs	3.0
9277.501399552588	0.20709899999928894	epochs	3.0
9277.708498552587	0.38673540000127105	epochs	2.0
9277.708498552587	0.19767110000066168	epochs	3.0
9277.906169652588	0.18906430000060936	epochs	3.0
9278.095233952588	0.3550952999994479	epochs	2.0
9278.095233952588	0.18117589999928896	epochs	3.0
9278.276409852588	0.17391940000015893	epochs	3.0
9278.450329252588	0.3282431000006909	epochs	2.0
9278.450329252588	0.1672218999992765	epochs	3.0
9278.617551152587	0.1610212000014144	epochs	3.0
9278.778572352589	0.3051679999989574	epochs	2.0
9278.778572352589	0.15526390000013635	epochs	3.0
9278.933836252589	0.14990409999882104	epochs	3.0
9279.083740352587	0.28512530000080005	epochs	2.0
9279.083740352587	0.1449021000007633	epochs	3.0
9279.228642452588	0.14022320000003674	epochs	3.0
9279.368865652588	0.26755380000031437	epochs	2.0
9279.368865652588	0.1358368999990489	epochs	3.0
9279.504702552587	0.13171690000126546	epochs	3.0
9279.636419452589	0.25202290000015637	epochs	2.0
9279.636419452589	0.12783929999932298	epochs	3.0
9279.764258752588	0.1241836000008334	epochs	3.0
9279.888442352589	0.23819649999859394	epochs	2.0
9279.888442352589	0.1207310999998299	epochs	3.0
9280.009173452589	0.11746539999876404	epochs	3.0
9280.126638852587	0.22580879999986792	epochs	2.0
9280.126638852587	0.11437190000106057	epochs	3.0
9280.241010752588	0.11143689999880735	epochs	3.0
9280.352447652587	0.21464600000035716	epochs	2.0
9280.352447652587	0.10864890000084415	epochs	3.0
9280.461096552588	0.10599709999951301	epochs	3.0
9280.567093652588	0.2045350000007602	epochs	2.0
9280.567093652588	0.10347150000052352	epochs	3.0
9280.670565152588	0.10106350000023667	epochs	3.0
9280.771628652588	0.19533400000000256	epochs	2.0
9280.771628652588	0.09876509999958216	epochs	3.0
9280.870393752588	0.0965689000004204	epochs	3.0
9280.966962652588	0.18692530000043917	epochs	2.0
9280.966962652588	0.09446829999978945	epochs	3.0
9281.061430952588	0.09245700000064971	epochs	3.0
9281.153887952589	0.17921069999829342	epochs	2.0
9281.153887952589	0.09052959999826271	epochs	3.0
9281.244417552587	0.08868110000003071	epochs	3.0
9281.333098652587	0.17210770000019693	epochs	2.0
9281.333098652587	0.08690630000091915	epochs	3.0
9281.420004952588	0.08520139999927778	epochs	3.0
9281.505206352587	0.16554640000140353	epochs	2.0
9281.505206352587	0.08356190000085917	epochs	3.0
9281.588768252588	0.08198450000054436	epochs	3.0
9281.670752752589	0.15946709999843733	epochs	2.0
9281.670752752589	0.08046539999850211	epochs	3.0
9281.751218152587	0.07900169999993523	epochs	3.0
9281.830219852587	0.15381840000009106	epochs	2.0
9281.830219852587	0.07759010000154376	epochs	3.0
9281.907809952589	0.0762282999985473	epochs	3.0
9281.984038252587	0.14855640000132553	epochs	2.0
9281.984038252587	0.07491330000084417	epochs	3.0
9282.058951552588	0.07364310000048135	epochs	3.0
9282.132594652589	0.14364239999849815	epochs	2.0
9282.132594652589	0.07241499999872758	epochs	3.0
9282.205009652587	0.07122739999977057	epochs	3.0
9282.276237052587	0.13904309999998077	epochs	2.0
9282.276237052587	0.0700780000006489	epochs	3.0
9282.346315052588	0.06896509999933187	epochs	3.0
9282.415280152587	0.1347293000017089	epochs	2.0
9282.415280152587	0.0678871000000072	epochs	3.0
9282.483167252587	0.06684220000170171	epochs	3.0
9282.550009452589	0.1306752000000415	epochs	2.0
9282.550009452589	0.06582909999997355	epochs	3.0
9282.615838552589	0.06484610000006796	epochs	3.0
9282.680684652589	0.1268577999999252	epochs	2.0
9282.680684652589	0.06389199999830453	epochs	3.0
9282.744576652587	0.06296580000162066	epochs	3.0
9282.807542452589	0.12325719999898865	epochs	2.0
9282.807542452589	0.062065799998890725	epochs	3.0
9282.869608252588	0.06119140000009793	epochs	3.0
9282.930799652588	0.1198554000002332	epochs	2.0
9282.930799652588	0.06034110000109649	epochs	3.0
9282.991140752589	0.05951429999913671	epochs	3.0
9283.050655052588	0.11663620000035735	epochs	2.0
9283.050655052588	0.058709599999929196	epochs	3.0
9283.109364652588	0.05792660000042815	epochs	3.0
9283.167291252588	0.11358560000007856	epochs	2.0
9283.167291252588	0.057164199999533594	epochs	3.0
9283.224455452588	0.05642140000054496	epochs	3.0
9283.280876852588	0.11069049999969138	epochs	2.0
9283.280876852588	0.055697899999358924	epochs	3.0
9283.336574752588	0.05499260000033246	epochs	3.0
9283.391567352588	0.10793910000029427	epochs	2.0
9283.391567352588	0.05430490000071586	epochs	3.0
9283.445872252589	0.053634199999578414	epochs	3.0
9283.499506452588	0.10532149999926332	epochs	2.0
9283.499506452588	0.05298000000038883	epochs	3.0
9283.552486452589	0.0523414999988745	epochs	3.0
9283.604827952588	0.10282759999972768	epochs	2.0
9283.604827952588	0.05171809999956167	epochs	3.0
9283.656546052587	0.05110950000016601	epochs	3.0
9283.707655552587	0.10044910000033269	epochs	2.0
9283.707655552587	0.050514900000052876	epochs	3.0
9283.758170452587	0.049934200000279816	epochs	3.0
9283.808104652588	0.09817830000065442	epochs	2.0
9283.808104652588	0.0493666000002122	epochs	3.0
9283.857471252588	0.048811700000442215	epochs	3.0
9283.906282952588	0.09600779999891529	epochs	2.0
9283.906282952588	0.04826919999868551	epochs	3.0
9283.954552152587	0.04773860000022978	epochs	3.0
9284.002290752587	0.09393120000095223	epochs	2.0
9284.002290752587	0.047219500000210246	epochs	3.0
9284.049510252587	0.046711700000741985	epochs	3.0
9284.096221952588	0.09194260000003851	epochs	2.0
9284.096221952588	0.04621459999907529	epochs	3.0
9284.142436552587	0.04572800000096322	epochs	3.0
9284.188164552588	0.09003630000006524	epochs	2.0
9284.188164552588	0.045251499999722	epochs	3.0
9284.233416052588	0.04478480000034324	epochs	3.0
9284.278200852588	0.0882075999998051	epochs	2.0
9284.278200852588	0.0443278000002465	epochs	3.0
9284.322528652589	0.0438797999995586	epochs	3.0
9284.366408452588	0.0864516999990883	epochs	2.0
9284.366408452588	0.04344099999980244	epochs	3.0
9284.409849452588	0.04301069999928586	epochs	3.0
9284.452860152587	0.08476430000155233	epochs	2.0
9284.452860152587	0.042589000000589294	epochs	3.0
9284.495449152588	0.042175300000963034	epochs	3.0
9284.537624452589	0.08314149999932852	epochs	2.0
9284.537624452589	0.04176969999934954	epochs	3.0
9284.579394152588	0.041371799999978975	epochs	3.0
9284.620765952588	0.08157969999956549	epochs	2.0
9284.620765952588	0.04098139999950945	epochs	3.0
9284.661747352588	0.04059830000005604	epochs	3.0
9284.702345652588	0.08007550000002084	epochs	2.0
9284.702345652588	0.040222300000095856	epochs	3.0
9284.742567952588	0.03985319999992498	epochs	3.0
9284.782421152588	0.07862569999997504	epochs	2.0
9284.782421152588	0.03949079999983951	epochs	3.0
9284.821911952587	0.03913490000013553	epochs	3.0
9284.861046852588	0.07722760000069684	epochs	2.0
9284.861046852588	0.038785400000051595	epochs	3.0
9284.899832252588	0.038442200000645244	epochs	3.0
9284.938274452588	0.07587819999935164	epochs	2.0
9284.938274452588	0.03810479999992822	epochs	3.0
9284.976379252588	0.03777339999942342	epochs	3.0
9285.014152652588	0.07457520000025397	epochs	2.0
9285.014152652588	0.037447700000484474	epochs	3.0
9285.051600352588	0.0371274999997695	epochs	3.0
9285.088727852588	0.07331630000044242	epochs	2.0
9285.088727852588	0.03681289999985893	epochs	3.0
9285.125540752588	0.0365034000005835	epochs	3.0
9285.162044152588	0.07209899999907066	epochs	2.0
9285.162044152588	0.036199099999066675	epochs	3.0
9285.198243252587	0.03589990000000398	epochs	3.0
9285.234143152587	0.07092170000032638	epochs	2.0
9285.234143152587	0.03560560000005353	epochs	3.0
9285.269748752587	0.035316100000272854	epochs	3.0
9285.305064852588	0.06978200000048673	epochs	2.0
9285.305064852588	0.03503120000095805	epochs	3.0
9285.340096052589	0.03475079999952868	epochs	3.0
9285.374846852588	0.0686786000005668	epochs	2.0
9285.374846852588	0.03447509999932663	epochs	3.0
9285.409321952588	0.03420350000124017	epochs	3.0
9285.443525452589	0.06760929999836662	epochs	2.0
9285.443525452589	0.03393619999951625	epochs	3.0
9285.477461652588	0.033673099998850375	epochs	3.0
9285.511134752587	0.0665729000011197	epochs	2.0
9285.511134752587	0.033414000001357635	epochs	3.0
9285.544548752589	0.03315889999976207	epochs	3.0
9285.577707652588	0.06556780000028084	epochs	2.0
9285.577707652588	0.0329076999987592	epochs	3.0
9285.610615352587	0.03266010000152164	epochs	3.0
9285.643275452589	0.06459259999974165	epochs	2.0
9285.643275452589	0.03241639999941981	epochs	3.0
9285.675691852588	0.03217620000032184	epochs	3.0
9285.707868052588	0.06364599999869824	epochs	2.0
9285.707868052588	0.03193959999953222	epochs	3.0
9285.739807652588	0.031706399999166024	epochs	3.0
9285.771514052587	0.0627266999999847	epochs	2.0
9285.771514052587	0.03147660000104224	epochs	3.0
9285.802990652588	0.03125009999894246	epochs	3.0
9285.834240752587	0.061833600000682054	epochs	2.0
9285.834240752587	0.031026900000142632	epochs	3.0
9285.865267652587	0.030806700000539422	epochs	3.0
9285.896074352588	0.06096559999969031	epochs	2.0
9285.896074352588	0.03058980000059819	epochs	3.0
9285.926664152588	0.030375799999092123	epochs	3.0
9285.957039952587	0.06012160000136646	epochs	2.0
9285.957039952587	0.030164900001182104	epochs	3.0
9285.987204852589	0.029956700000184355	epochs	3.0
9286.017161552589	0.05930069999885745	epochs	2.0
9286.017161552589	0.029751599999144673	epochs	3.0
9286.046913152588	0.02954909999971278	epochs	3.0
9286.076462252588	0.058501800000158255	epochs	2.0
9286.076462252588	0.029349399999773595	epochs	3.0
9286.105811652587	0.02915240000038466	epochs	3.0
9286.134964052588	0.05772419999993872	epochs	2.0
9286.134964052588	0.028958000000784523	epochs	3.0
9286.163922052589	0.028766199999154196	epochs	3.0
9286.192688252588	0.05696709999938321	epochs	2.0
9286.192688252588	0.028577000000950648	epochs	3.0
9286.221265252589	0.02839009999843256	epochs	3.0
9286.249655352587	0.05622949999997218	epochs	2.0
9286.249655352587	0.028205700000398792	epochs	3.0
9286.277861052587	0.028023799999573384	epochs	3.0
9286.305884852587	0.05551070000001346	epochs	2.0
9286.305884852587	0.027844000000186497	epochs	3.0
9286.333728852587	0.02766669999982696	epochs	3.0
9286.361395552587	0.05481020000115677	epochs	2.0
9286.361395552587	0.027491500000905944	epochs	3.0
9286.388887052588	0.02731870000025083	epochs	3.0
9286.416205752588	0.05412699999942561	epochs	2.0
9286.416205752588	0.027147799999511335	epochs	3.0
9286.443353552588	0.026979199999914272	epochs	3.0
9286.470332752588	0.05346070000086911	epochs	2.0
9286.470332752588	0.02681260000099428	epochs	3.0
9286.497145352589	0.02664809999987483	epochs	3.0
9286.523793452589	0.0528106999990996	epochs	2.0
9286.523793452589	0.026485599999432452	epochs	3.0
9286.550279052588	0.026325099999667145	epochs	3.0
9286.576604152588	0.0521762000007584	epochs	2.0
9286.576604152588	0.026166400000875	epochs	3.0
9286.602770552588	0.0260097999998834	epochs	3.0
9286.628780352588	0.05155670000021928	epochs	2.0
9286.628780352588	0.02585480000016105	epochs	3.0
9286.654635152589	0.02570190000005823	epochs	3.0
9286.680337052589	0.05095189999883587	epochs	2.0
9286.680337052589	0.025550700000167126	epochs	3.0
9286.705887752589	0.025401199998668744	epochs	3.0
9286.731288952587	0.05036099999961152	epochs	2.0
9286.731288952587	0.025253499999962514	epochs	3.0
9286.756542452587	0.025107499999649008	epochs	3.0
9286.781649952587	0.04978380000102334	epochs	2.0
9286.781649952587	0.024963200001366204	epochs	3.0
9286.806613152588	0.024820599999657134	epochs	3.0
9286.831433752588	0.0492195000006177	epochs	2.0
9286.831433752588	0.024679399999513407	epochs	3.0
9286.856113152588	0.024540100001104292	epochs	3.0
9286.880653252589	0.0486678999986907	epochs	2.0
9286.880653252589	0.024402099999861093	epochs	3.0
9286.905055352589	0.024265799998829607	epochs	3.0
9286.929321152587	0.04812860000129149	epochs	2.0
9286.929321152587	0.024131000000124914	epochs	3.0
9286.953452152587	0.023997600001166575	epochs	3.0
9286.977449752589	0.04760109999915585	epochs	2.0
9286.977449752589	0.02386579999983951	epochs	3.0
9287.001315552588	0.02373529999931634	epochs	3.0
9287.025050852588	0.04708500000015192	epochs	2.0
9287.025050852588	0.023606299999300973	epochs	3.0
9287.048657152587	0.02347870000085095	epochs	3.0
9287.072135852588	0.04658000000017637	epochs	2.0
9287.072135852588	0.02335250000032829	epochs	3.0
9287.095488352588	0.023227499999848078	epochs	3.0
9287.118715852588	0.04608569999982137	epochs	2.0
9287.118715852588	0.02310399999987567	epochs	3.0
9287.141819852588	0.022981699999945704	epochs	3.0
9287.164801552588	0.04560180000044056	epochs	2.0
9287.164801552588	0.022860700000819634	epochs	3.0
9287.187662252589	0.02274109999962093	epochs	3.0
9287.210403352588	0.04512789999898814	epochs	2.0
9287.210403352588	0.02262249999876076	epochs	3.0
9287.233025852587	0.022505400000227382	epochs	3.0
9287.255531252587	0.04466380000121717	epochs	2.0
9287.255531252587	0.022389300000213552	epochs	3.0
9287.277920552588	0.022274500001003616	epochs	3.0
9287.300195052589	0.04420919999938633	epochs	2.0
9287.300195052589	0.022160799999255687	epochs	3.0
9287.322355852588	0.02204840000013064	epochs	3.0
9287.344404252588	0.04376360000060231	epochs	2.0
9287.344404252588	0.021936900000582682	epochs	3.0
9287.366341152589	0.021826700000019628	epochs	3.0
9287.388167852589	0.043327100000169594	epochs	2.0
9287.388167852589	0.02171759999873757	epochs	3.0
9287.409885452587	0.021609500001432025	epochs	3.0
9287.431494952589	0.04289900000003399	epochs	2.0
9287.431494952589	0.021502499999769498	epochs	3.0
9287.452997452589	0.021396500000264496	epochs	3.0
9287.474393952589	0.04247949999989942	epochs	2.0
9287.474393952589	0.02129169999898295	epochs	3.0
9287.495685652588	0.021187800000916468	epochs	3.0
9287.516873452589	0.04206789999989269	epochs	2.0
9287.516873452589	0.021084899999550544	epochs	3.0
9287.537958352588	0.020983000000342145	epochs	3.0
9287.558941352589	0.041664399999717716	epochs	2.0
9287.558941352589	0.020882199998595752	epochs	3.0
9287.579823552587	0.020782200001121964	epochs	3.0
9287.600605752588	0.04126849999920523	epochs	2.0
9287.600605752588	0.020683299999291194	epochs	3.0
9287.621289052588	0.02058519999991404	epochs	3.0
9287.641874252588	0.04088000000047032	epochs	2.0
9287.641874252588	0.02048810000087542	epochs	3.0
9287.662362352588	0.020391899999594898	epochs	3.0
9287.682754252588	0.040498799999113544	epochs	2.0
9287.682754252588	0.020296599999710452	epochs	3.0
9287.703050852588	0.020202199999403092	epochs	3.0
9287.723253052587	0.04012460000012652	epochs	2.0
9287.723253052587	0.020108700000491808	epochs	3.0
9287.743361752588	0.020015899999634712	epochs	3.0
9287.763377652587	0.03975730000092881	epochs	2.0
9287.763377652587	0.0199241999998776	epochs	3.0
9287.783301852587	0.019833100001051207	epochs	3.0
9287.803134952588	0.03939669999999751	epochs	2.0
9287.803134952588	0.01974299999892537	epochs	3.0
9287.822877952587	0.01965370000107214	epochs	3.0
9287.842531652588	0.03904239999974379	epochs	2.0
9287.842531652588	0.019565099999454105	epochs	3.0
9287.862096752588	0.019477300000289688	epochs	3.0
9287.881574052588	0.03869459999987157	epochs	2.0
9287.881574052588	0.019390400000702357	epochs	3.0
9287.900964452589	0.019304199999169214	epochs	3.0
9287.920268652588	0.03835290000097302	epochs	2.0
9287.920268652588	0.019218800000089686	epochs	3.0
9287.939487452588	0.019134100000883336	epochs	3.0
9287.958621552589	0.03801719999864872	epochs	2.0
9287.958621552589	0.019050199998673634	epochs	3.0
9287.977671752587	0.018966999999975087	epochs	3.0
9287.996638752587	0.037687199999709264	epochs	2.0
9287.996638752587	0.018884500001149718	epochs	3.0
9288.015523252589	0.018802699998559547	epochs	3.0
9288.034325952587	0.037363100000220584	epochs	2.0
9288.034325952587	0.01872170000024198	epochs	3.0
9288.053047652587	0.018641399999978603	epochs	3.0
9288.071689052587	0.03704430000107095	epochs	2.0
9288.071689052587	0.018561599999884493	epochs	3.0
9288.090250652587	0.01848270000118646	epochs	3.0
9288.108733352588	0.036731000000145286	epochs	2.0
9288.108733352588	0.018404299999019713	epochs	3.0
9288.127137652587	0.018326700001125573	epochs	3.0
9288.145464352589	0.03642289999879722	epochs	2.0
9288.145464352589	0.018249599999762722	epochs	3.0
9288.163713952588	0.018173299999034498	epochs	3.0
9288.181887252587	0.03612010000142618	epochs	2.0
9288.181887252587	0.01809760000105598	epochs	3.0
9288.199984852588	0.0180225000003702	epochs	3.0
9288.218007352589	0.03582209999876795	epochs	2.0
9288.218007352589	0.01794789999985369	epochs	3.0
9288.235955252589	0.017874199998914264	epochs	3.0
9288.253829452588	0.035529000000678934	epochs	2.0
9288.253829452588	0.017800800000259187	epochs	3.0
9288.271630252588	0.017728200000419747	epochs	3.0
9288.289358452588	0.035240699999121716	epochs	2.0
9288.289358452588	0.017656099998930586	epochs	3.0
9288.307014552587	0.01758460000019113	epochs	3.0
9288.324599152587	0.03495710000061081	epochs	2.0
9288.324599152587	0.017513700000563404	epochs	3.0
9288.342112852588	0.017443400000047404	epochs	3.0
9288.359556252588	0.03467789999922388	epochs	2.0
9288.359556252588	0.017373599999700673	epochs	3.0
9288.376929852588	0.01730429999952321	epochs	3.0
9288.394234152587	0.03440330000012182	epochs	2.0
9288.394234152587	0.017235700001037912	epochs	3.0
9288.411469852588	0.017167599999083905	epochs	3.0
9288.428637452587	0.034132800001316355	epochs	2.0
9288.428637452587	0.017099900000175694	epochs	3.0
9288.445737352587	0.01703290000114066	epochs	3.0
9288.462770252589	0.033866699999634875	epochs	2.0
9288.462770252589	0.016966399998636916	epochs	3.0
9288.479736652587	0.01690030000099796	epochs	3.0
9288.496636952588	0.03360459999930754	epochs	2.0
9288.496636952588	0.01683479999883275	epochs	3.0
9288.513471752587	0.016769800000474788	epochs	3.0
9288.530241552588	0.033346600001095794	epochs	2.0
9288.530241552588	0.016705300000467105	epochs	3.0
9288.546946852588	0.01664130000062869	epochs	3.0
9288.563588152589	0.033092499999838765	epochs	2.0
9288.563588152589	0.016577799999140552	epochs	3.0
9288.580165952588	0.016514700000698213	epochs	3.0
9288.596680652588	0.03284229999917443	epochs	2.0
9288.596680652588	0.01645219999954861	epochs	3.0
9288.613132852588	0.016390099999625818	epochs	3.0
9288.629522952588	0.03259570000045642	epochs	2.0
9288.629522952588	0.016328400000929832	epochs	3.0
9288.645851352589	0.016267299999526585	epochs	3.0
9288.662118652588	0.03235289999975066	epochs	2.0
9288.662118652588	0.016206599999350146	epochs	3.0
9288.678325252587	0.016146300000400515	epochs	3.0
9288.694471552588	0.03211369999917224	epochs	2.0
9288.694471552588	0.016086600000562612	epochs	3.0
9288.710558152588	0.01602709999860963	epochs	3.0
9288.726585252587	0.031878000001597684	epochs	2.0
9288.726585252587	0.01596820000122534	epochs	3.0
9288.742553452588	0.015909800000372343	epochs	3.0
9288.758463252589	0.031645699998989585	epochs	2.0
9288.758463252589	0.015851599999223254	epochs	3.0
9288.774314852588	0.01579409999976633	epochs	3.0
9288.790108952588	0.03141669999968144	epochs	2.0
9288.790108952588	0.015736700001070858	epochs	3.0
9288.805845652589	0.015679999998610583	epochs	3.0
9288.821525652587	0.031191100000796723	epochs	2.0
9288.821525652587	0.015623600000253646	epochs	3.0
9288.837149252588	0.015567500000543077	epochs	3.0
9288.852716752588	0.030968699998993543	epochs	2.0
9288.852716752588	0.015511999999944237	epochs	3.0
9288.868228752588	0.015456699999049306	epochs	3.0
9288.883685452587	0.030749500001547858	epochs	2.0
9288.883685452587	0.015402000000904081	epochs	3.0
9288.899087452588	0.015347500000643777	epochs	3.0
9288.914434952589	0.030533199998899363	epochs	2.0
9288.914434952589	0.01529339999979129	epochs	3.0
9288.929728352588	0.015239799999108072	epochs	3.0
9288.944968152588	0.030320100000608363	epochs	2.0
9288.944968152588	0.015186500000709202	epochs	3.0
9288.960154652588	0.015133599999899161	epochs	3.0
9288.975288252588	0.030109899998933543	epochs	2.0
9288.975288252588	0.015080999999554479	epochs	3.0
9288.990369252588	0.015028899999379064	epochs	3.0
9289.005398152587	0.02990250000038941	epochs	2.0
9289.005398152587	0.014977000000726548	epochs	3.0
9289.020375152588	0.014925499999662861	epochs	3.0
9289.035300652587	0.029698100001041894	epochs	2.0
9289.035300652587	0.014874399999825982	epochs	3.0
9289.050175052587	0.014823700001215911	epochs	3.0
9289.064998752589	0.02949629999966419	epochs	2.0
9289.064998752589	0.014773199998671771	epochs	3.0
9289.079771952587	0.014723100000992417	epochs	3.0
9289.094495052588	0.02929740000035963	epochs	2.0
9289.094495052588	0.014673399999082903	epochs	3.0
9289.109168452587	0.014624000001276727	epochs	3.0
9289.123792452589	0.029101099999024882	epochs	2.0
9289.123792452589	0.01457489999847894	epochs	3.0
9289.138367352587	0.014526200000545941	epochs	3.0
9289.152893552588	0.028907400001116912	epochs	2.0
9289.152893552588	0.014477700000497862	epochs	3.0
9289.167371252588	0.01442970000061905	epochs	3.0
9289.181800952589	0.028716199998598313	epochs	2.0
9289.181800952589	0.014381799999682698	epochs	3.0
9289.196182752588	0.014334399998915615	epochs	3.0
9289.210517152587	0.02852760000132548	epochs	2.0
9289.210517152587	0.014287200001490419	epochs	3.0
9289.224804352589	0.014240399999835063	epochs	3.0
9289.239044752589	0.028341399998680572	epochs	2.0
9289.239044752589	0.014193799999702605	epochs	3.0
9289.253238552588	0.014147599998977967	epochs	3.0
9289.267386152587	0.02815770000051998	epochs	2.0
9289.267386152587	0.014101700000537676	epochs	3.0
9289.281487852588	0.014055999999982305	epochs	3.0
9289.295543852588	0.02797629999986384	epochs	2.0
9289.295543852588	0.014010599999892293	epochs	3.0
9289.309554452588	0.013965699999971548	epochs	3.0
9289.323520152588	0.02779720000035013	epochs	2.0
9289.323520152588	0.013920800000050804	epochs	3.0
9289.337440952588	0.013876400000299327	epochs	3.0
9289.351317352588	0.02762040000015986	epochs	2.0
9289.351317352588	0.01383220000025176	epochs	3.0
9289.365149552588	0.013788199999908102	epochs	3.0
9289.378937752588	0.027445899999293033	epochs	2.0
9289.378937752588	0.013744599998972262	epochs	3.0
9289.392682352587	0.01370130000032077	epochs	3.0
9289.406383652587	0.027273499999864725	epochs	2.0
9289.406383652587	0.0136581999995542	epochs	3.0
9289.420041852587	0.013615300000310526	epochs	3.0
9289.433657152587	0.02710339999975986	epochs	2.0
9289.433657152587	0.013572800000474672	epochs	3.0
9289.447229952588	0.013530599999285187	epochs	3.0
9289.460760552587	0.026935200001389603	epochs	2.0
9289.460760552587	0.01348839999991469	epochs	3.0
9289.474248952587	0.013446800001474912	epochs	3.0
9289.487695752588	0.02676919999976235	epochs	2.0
9289.487695752588	0.013405199999397155	epochs	3.0
9289.501100952588	0.013364000000365195	epochs	3.0
9289.514464952588	0.026605199998812168	epochs	2.0
9289.514464952588	0.013322900000275695	epochs	3.0
9289.527787852589	0.013282299998536473	epochs	3.0
9289.541070152587	0.026443200000358047	epochs	2.0
9289.541070152587	0.01324170000043523	epochs	3.0
9289.554311852587	0.013201499999922817	epochs	3.0
9289.567513352587	0.026283200000762008	epochs	2.0
9289.567513352587	0.013161500000933302	epochs	3.0
9289.580674852588	0.013121699999828706	epochs	3.0
9289.593796552588	0.026125000000320142	epochs	2.0
9289.593796552588	0.01308210000024701	epochs	3.0
9289.606878652588	0.013042900000073132	epochs	3.0
9289.619921552588	0.025968899999497808	epochs	2.0
9289.619921552588	0.013003899999603163	epochs	3.0
9289.632925452588	0.012964999999894644	epochs	3.0
9289.645890452588	0.025814500000706175	epochs	2.0
9289.645890452588	0.012926400000651483	epochs	3.0
9289.658816852589	0.012888100000054692	epochs	3.0
9289.671704952589	0.025661899999249727	epochs	2.0
9289.671704952589	0.01284989999840036	epochs	3.0
9289.684554852587	0.012812000000849366	epochs	3.0
9289.697366852588	0.02551119999952789	epochs	2.0
9289.697366852588	0.012774400000125752	epochs	3.0
9289.710141252588	0.012736799999402137	epochs	3.0
9289.722878052587	0.025362300000779214	epochs	2.0
9289.722878052587	0.01269970000066678	epochs	3.0
9289.735577752588	0.012662600000112434	epochs	3.0
9289.748240352588	0.025214999999661813	epochs	2.0
9289.748240352588	0.012625800000023446	epochs	3.0
9289.760866152588	0.012589199999638367	epochs	3.0
9289.773455352588	0.024584799999502138	epochs	2.0
9289.795496652589	0.5	epochs	-1.0
9289.798040152587	0.5367200000000594	epochs	1.0
9290.334760152587	0.4632000000001426	epochs	0.0
9291.247000217438	0.08303999999952794	epochs	0.0
9291.247000217438	0.036520999999993364	epochs	1.0
9291.283521217438	0.009997999999541207	epochs	1.0
9291.293519217437	0.036520999999993364	epochs	1.0
9291.330040217437	2.0	epochs	0.0
9293.330040217437	0.5169600000008359	epochs	0.0
9293.330040217437	0.5169600000008359	epochs	1.0
9293.330056717437	0.5	epochs	-1.0
9293.830056717437	0.01694350000070699	epochs	-1.0
9293.847000217438	21.482959999999366	epochs	0.0
9295.075000286102	0.08303999999952794	epochs	0.0
9295.075000286102	0.036520999999993364	epochs	1.0
9295.111521286102	0.009997999999541207	epochs	1.0
9295.121519286102	0.036520999999993364	epochs	1.0
9295.158040286102	2.0	epochs	0.0
9297.158040286102	21.556480000001102	epochs	0.0
9297.158040286102	1.0	epochs	1.0
9297.158056786102	0.5	epochs	-1.0
9297.658056786102	19.997440000001006	epochs	-1.0
9298.158040286102	20.0	epochs	1.0
9298.158040286102	4.356753899999603	epochs	-1.0
9298.158040286102	1.9745872000003146	epochs	2.0
9298.158040286102	1.0985622000007425	epochs	3.0
9299.256602486103	0.8760249999995722	epochs	3.0
9300.132627486102	1.3524075000004814	epochs	2.0
9300.132627486102	0.7286354999996547	epochs	3.0
9300.861262986102	0.6237720000008267	epochs	3.0
9301.485034986103	1.0297591999988072	epochs	2.0
9301.485034986103	0.545329299999139	epochs	3.0
9302.030364286102	0.4844298999996681	epochs	3.0
9302.514794186101	0.8317862000003515	epochs	2.0
9302.514794186101	0.4357763000007253	epochs	3.0
9302.950570486102	0.3960098999996262	epochs	3.0
9303.346580386102	0.697797000000719	epochs	2.0
9303.346580386102	0.3628982000009273	epochs	3.0
9303.709478586103	0.33489879999979166	epochs	3.0
9304.044377386102	0.6010456999993039	epochs	2.0
9304.044377386102	0.31091229999947245	epochs	3.0
9304.355289686102	0.29013339999983145	epochs	3.0
9304.645423086102	0.5278859000009106	epochs	2.0
9304.645423086102	0.27195860000028915	epochs	3.0
9304.917381686102	0.25592730000062147	epochs	3.0
9305.173308986103	0.4706193000001804	epochs	2.0
9305.173308986103	0.241681299999982	epochs	3.0
9305.414990286103	0.22893800000019837	epochs	3.0
9305.643928286103	0.424570399998629	epochs	2.0
9305.643928286103	0.21747139999934006	epochs	3.0
9305.861399686102	0.20709899999928894	epochs	3.0
9306.068498686102	0.38673540000127105	epochs	2.0
9306.068498686102	0.19767110000066168	epochs	3.0
9306.266169786102	0.18906430000060936	epochs	3.0
9306.455234086103	0.3550952999994479	epochs	2.0
9306.455234086103	0.18117589999928896	epochs	3.0
9306.636409986102	0.17391940000015893	epochs	3.0
9306.810329386102	0.3282431000006909	epochs	2.0
9306.810329386102	0.1672218999992765	epochs	3.0
9306.977551286102	0.1610212000014144	epochs	3.0
9307.138572486103	0.3051679999989574	epochs	2.0
9307.138572486103	0.15526390000013635	epochs	3.0
9307.293836386103	0.14990409999882104	epochs	3.0
9307.443740486102	0.28512530000080005	epochs	2.0
9307.443740486102	0.1449021000007633	epochs	3.0
9307.588642586103	0.14022320000003674	epochs	3.0
9307.728865786103	0.26755380000031437	epochs	2.0
9307.728865786103	0.1358368999990489	epochs	3.0
9307.864702686102	0.13171690000126546	epochs	3.0
9307.996419586103	0.25202290000015637	epochs	2.0
9307.996419586103	0.12783929999932298	epochs	3.0
9308.124258886102	0.1241836000008334	epochs	3.0
9308.248442486103	0.23819649999859394	epochs	2.0
9308.248442486103	0.1207310999998299	epochs	3.0
9308.369173586103	0.11746539999876404	epochs	3.0
9308.486638986102	0.22580879999986792	epochs	2.0
9308.486638986102	0.11437190000106057	epochs	3.0
9308.601010886103	0.11143689999880735	epochs	3.0
9308.712447786102	0.21464600000035716	epochs	2.0
9308.712447786102	0.10864890000084415	epochs	3.0
9308.821096686102	0.10599709999951301	epochs	3.0
9308.927093786102	0.2045350000007602	epochs	2.0
9308.927093786102	0.10347150000052352	epochs	3.0
9309.030565286103	0.10106350000023667	epochs	3.0
9309.131628786103	0.19533400000000256	epochs	2.0
9309.131628786103	0.09876509999958216	epochs	3.0
9309.230393886102	0.0965689000004204	epochs	3.0
9309.326962786103	0.18692530000043917	epochs	2.0
9309.326962786103	0.09446829999978945	epochs	3.0
9309.421431086103	0.09245700000064971	epochs	3.0
9309.513888086103	0.17921069999829342	epochs	2.0
9309.513888086103	0.09052959999826271	epochs	3.0
9309.604417686101	0.08868110000003071	epochs	3.0
9309.693098786101	0.17210770000019693	epochs	2.0
9309.693098786101	0.08690630000091915	epochs	3.0
9309.780005086102	0.08520139999927778	epochs	3.0
9309.865206486102	0.16554640000140353	epochs	2.0
9309.865206486102	0.08356190000085917	epochs	3.0
9309.948768386103	0.08198450000054436	epochs	3.0
9310.030752886103	0.15946709999843733	epochs	2.0
9310.030752886103	0.08046539999850211	epochs	3.0
9310.111218286102	0.07900169999993523	epochs	3.0
9310.190219986102	0.15381840000009106	epochs	2.0
9310.190219986102	0.07759010000154376	epochs	3.0
9310.267810086103	0.0762282999985473	epochs	3.0
9310.344038386102	0.14855640000132553	epochs	2.0
9310.344038386102	0.07491330000084417	epochs	3.0
9310.418951686102	0.07364310000048135	epochs	3.0
9310.492594786103	0.14364239999849815	epochs	2.0
9310.492594786103	0.07241499999872758	epochs	3.0
9310.565009786102	0.07122739999977057	epochs	3.0
9310.636237186101	0.13904309999998077	epochs	2.0
9310.636237186101	0.0700780000006489	epochs	3.0
9310.706315186102	0.06896509999933187	epochs	3.0
9310.775280286101	0.1347293000017089	epochs	2.0
9310.775280286101	0.0678871000000072	epochs	3.0
9310.843167386101	0.06684220000170171	epochs	3.0
9310.910009586103	0.1306752000000415	epochs	2.0
9310.910009586103	0.06582909999997355	epochs	3.0
9310.975838686103	0.06484610000006796	epochs	3.0
9311.040684786103	0.1268577999999252	epochs	2.0
9311.040684786103	0.06389199999830453	epochs	3.0
9311.104576786101	0.06296580000162066	epochs	3.0
9311.167542586103	0.12325719999898865	epochs	2.0
9311.167542586103	0.062065799998890725	epochs	3.0
9311.229608386102	0.06119140000009793	epochs	3.0
9311.290799786102	0.1198554000002332	epochs	2.0
9311.290799786102	0.06034110000109649	epochs	3.0
9311.351140886103	0.05951429999913671	epochs	3.0
9311.410655186102	0.11663620000035735	epochs	2.0
9311.410655186102	0.058709599999929196	epochs	3.0
9311.469364786102	0.05792660000042815	epochs	3.0
9311.527291386103	0.11358560000007856	epochs	2.0
9311.527291386103	0.057164199999533594	epochs	3.0
9311.584455586102	0.05642140000054496	epochs	3.0
9311.640876986103	0.11069049999969138	epochs	2.0
9311.640876986103	0.055697899999358924	epochs	3.0
9311.696574886102	0.05499260000033246	epochs	3.0
9311.751567486102	0.10793910000029427	epochs	2.0
9311.751567486102	0.05430490000071586	epochs	3.0
9311.805872386103	0.053634199999578414	epochs	3.0
9311.859506586103	0.10532149999926332	epochs	2.0
9311.859506586103	0.05298000000038883	epochs	3.0
9311.912486586103	0.0523414999988745	epochs	3.0
9311.964828086102	0.10282759999972768	epochs	2.0
9311.964828086102	0.05171809999956167	epochs	3.0
9312.016546186102	0.05110950000016601	epochs	3.0
9312.067655686102	0.10044910000033269	epochs	2.0
9312.067655686102	0.050514900000052876	epochs	3.0
9312.118170586102	0.049934200000279816	epochs	3.0
9312.168104786102	0.09817830000065442	epochs	2.0
9312.168104786102	0.0493666000002122	epochs	3.0
9312.217471386102	0.048811700000442215	epochs	3.0
9312.266283086103	0.09600779999891529	epochs	2.0
9312.266283086103	0.04826919999868551	epochs	3.0
9312.314552286101	0.04773860000022978	epochs	3.0
9312.362290886102	0.09393120000095223	epochs	2.0
9312.362290886102	0.047219500000210246	epochs	3.0
9312.409510386102	0.046711700000741985	epochs	3.0
9312.456222086103	0.09194260000003851	epochs	2.0
9312.456222086103	0.04621459999907529	epochs	3.0
9312.502436686102	0.04572800000096322	epochs	3.0
9312.548164686103	0.09003630000006524	epochs	2.0
9312.548164686103	0.045251499999722	epochs	3.0
9312.593416186102	0.04478480000034324	epochs	3.0
9312.638200986103	0.0882075999998051	epochs	2.0
9312.638200986103	0.0443278000002465	epochs	3.0
9312.682528786103	0.0438797999995586	epochs	3.0
9312.726408586102	0.0864516999990883	epochs	2.0
9312.726408586102	0.04344099999980244	epochs	3.0
9312.769849586102	0.04301069999928586	epochs	3.0
9312.812860286102	0.08476430000155233	epochs	2.0
9312.812860286102	0.042589000000589294	epochs	3.0
9312.855449286102	0.042175300000963034	epochs	3.0
9312.897624586103	0.08314149999932852	epochs	2.0
9312.897624586103	0.04176969999934954	epochs	3.0
9312.939394286102	0.041371799999978975	epochs	3.0
9312.980766086102	0.08157969999956549	epochs	2.0
9312.980766086102	0.04098139999950945	epochs	3.0
9313.021747486102	0.04059830000005604	epochs	3.0
9313.062345786102	0.08007550000002084	epochs	2.0
9313.062345786102	0.040222300000095856	epochs	3.0
9313.102568086102	0.03985319999992498	epochs	3.0
9313.142421286102	0.07862569999997504	epochs	2.0
9313.142421286102	0.03949079999983951	epochs	3.0
9313.181912086102	0.03913490000013553	epochs	3.0
9313.221046986102	0.07722760000069684	epochs	2.0
9313.221046986102	0.038785400000051595	epochs	3.0
9313.259832386102	0.038442200000645244	epochs	3.0
9313.298274586103	0.07587819999935164	epochs	2.0
9313.298274586103	0.03810479999992822	epochs	3.0
9313.336379386103	0.03777339999942342	epochs	3.0
9313.374152786102	0.07457520000025397	epochs	2.0
9313.374152786102	0.037447700000484474	epochs	3.0
9313.411600486103	0.0371274999997695	epochs	3.0
9313.448727986102	0.07331630000044242	epochs	2.0
9313.448727986102	0.03681289999985893	epochs	3.0
9313.485540886102	0.0365034000005835	epochs	3.0
9313.522044286103	0.07209899999907066	epochs	2.0
9313.522044286103	0.036199099999066675	epochs	3.0
9313.558243386102	0.03589990000000398	epochs	3.0
9313.594143286102	0.07092170000032638	epochs	2.0
9313.594143286102	0.03560560000005353	epochs	3.0
9313.629748886102	0.035316100000272854	epochs	3.0
9313.665064986102	0.06978200000048673	epochs	2.0
9313.665064986102	0.03503120000095805	epochs	3.0
9313.700096186103	0.03475079999952868	epochs	3.0
9313.734846986103	0.0686786000005668	epochs	2.0
9313.734846986103	0.03447509999932663	epochs	3.0
9313.769322086102	0.03420350000124017	epochs	3.0
9313.803525586103	0.06760929999836662	epochs	2.0
9313.803525586103	0.03393619999951625	epochs	3.0
9313.837461786103	0.033673099998850375	epochs	3.0
9313.871134886102	0.0665729000011197	epochs	2.0
9313.871134886102	0.033414000001357635	epochs	3.0
9313.904548886103	0.03315889999976207	epochs	3.0
9313.937707786103	0.06556780000028084	epochs	2.0
9313.937707786103	0.0329076999987592	epochs	3.0
9313.970615486101	0.03266010000152164	epochs	3.0
9314.003275586103	0.06459259999974165	epochs	2.0
9314.003275586103	0.03241639999941981	epochs	3.0
9314.035691986102	0.03217620000032184	epochs	3.0
9314.067868186103	0.06364599999869824	epochs	2.0
9314.067868186103	0.03193959999953222	epochs	3.0
9314.099807786102	0.031706399999166024	epochs	3.0
9314.131514186101	0.0627266999999847	epochs	2.0
9314.131514186101	0.03147660000104224	epochs	3.0
9314.162990786102	0.03125009999894246	epochs	3.0
9314.194240886101	0.061833600000682054	epochs	2.0
9314.194240886101	0.031026900000142632	epochs	3.0
9314.225267786102	0.030806700000539422	epochs	3.0
9314.256074486102	0.06096559999969031	epochs	2.0
9314.256074486102	0.03058980000059819	epochs	3.0
9314.286664286103	0.030375799999092123	epochs	3.0
9314.317040086102	0.06012160000136646	epochs	2.0
9314.317040086102	0.030164900001182104	epochs	3.0
9314.347204986103	0.029956700000184355	epochs	3.0
9314.377161686103	0.05930069999885745	epochs	2.0
9314.377161686103	0.029751599999144673	epochs	3.0
9314.406913286102	0.02954909999971278	epochs	3.0
9314.436462386102	0.058501800000158255	epochs	2.0
9314.436462386102	0.029349399999773595	epochs	3.0
9314.465811786102	0.02915240000038466	epochs	3.0
9314.494964186102	0.05772419999993872	epochs	2.0
9314.494964186102	0.028958000000784523	epochs	3.0
9314.523922186103	0.028766199999154196	epochs	3.0
9314.552688386102	0.05696709999938321	epochs	2.0
9314.552688386102	0.028577000000950648	epochs	3.0
9314.581265386103	0.02839009999843256	epochs	3.0
9314.609655486101	0.05622949999997218	epochs	2.0
9314.609655486101	0.028205700000398792	epochs	3.0
9314.637861186102	0.028023799999573384	epochs	3.0
9314.665884986101	0.05551070000001346	epochs	2.0
9314.665884986101	0.027844000000186497	epochs	3.0
9314.693728986102	0.02766669999982696	epochs	3.0
9314.721395686101	0.05481020000115677	epochs	2.0
9314.721395686101	0.027491500000905944	epochs	3.0
9314.748887186102	0.02731870000025083	epochs	3.0
9314.776205886103	0.05412699999942561	epochs	2.0
9314.776205886103	0.027147799999511335	epochs	3.0
9314.803353686102	0.026979199999914272	epochs	3.0
9314.830332886102	0.05346070000086911	epochs	2.0
9314.830332886102	0.02681260000099428	epochs	3.0
9314.857145486103	0.02664809999987483	epochs	3.0
9314.883793586103	0.0528106999990996	epochs	2.0
9314.883793586103	0.026485599999432452	epochs	3.0
9314.910279186102	0.026325099999667145	epochs	3.0
9314.936604286102	0.0521762000007584	epochs	2.0
9314.936604286102	0.026166400000875	epochs	3.0
9314.962770686103	0.0260097999998834	epochs	3.0
9314.988780486103	0.05155670000021928	epochs	2.0
9314.988780486103	0.02585480000016105	epochs	3.0
9315.014635286103	0.02570190000005823	epochs	3.0
9315.040337186103	0.05095189999883587	epochs	2.0
9315.040337186103	0.025550700000167126	epochs	3.0
9315.065887886103	0.025401199998668744	epochs	3.0
9315.091289086102	0.05036099999961152	epochs	2.0
9315.091289086102	0.025253499999962514	epochs	3.0
9315.116542586102	0.025107499999649008	epochs	3.0
9315.141650086101	0.04978380000102334	epochs	2.0
9315.141650086101	0.024963200001366204	epochs	3.0
9315.166613286103	0.024820599999657134	epochs	3.0
9315.191433886102	0.0492195000006177	epochs	2.0
9315.191433886102	0.024679399999513407	epochs	3.0
9315.216113286102	0.024540100001104292	epochs	3.0
9315.240653386103	0.0486678999986907	epochs	2.0
9315.240653386103	0.024402099999861093	epochs	3.0
9315.265055486103	0.024265799998829607	epochs	3.0
9315.289321286102	0.04812860000129149	epochs	2.0
9315.289321286102	0.024131000000124914	epochs	3.0
9315.313452286102	0.023997600001166575	epochs	3.0
9315.337449886103	0.04760109999915585	epochs	2.0
9315.337449886103	0.02386579999983951	epochs	3.0
9315.361315686103	0.02373529999931634	epochs	3.0
9315.385050986102	0.04708500000015192	epochs	2.0
9315.385050986102	0.023606299999300973	epochs	3.0
9315.408657286102	0.02347870000085095	epochs	3.0
9315.432135986102	0.04658000000017637	epochs	2.0
9315.432135986102	0.02335250000032829	epochs	3.0
9315.455488486103	0.023227499999848078	epochs	3.0
9315.478715986103	0.04608569999982137	epochs	2.0
9315.478715986103	0.02310399999987567	epochs	3.0
9315.501819986102	0.022981699999945704	epochs	3.0
9315.524801686102	0.04560180000044056	epochs	2.0
9315.524801686102	0.022860700000819634	epochs	3.0
9315.547662386103	0.02274109999962093	epochs	3.0
9315.570403486103	0.04512789999898814	epochs	2.0
9315.570403486103	0.02262249999876076	epochs	3.0
9315.593025986102	0.022505400000227382	epochs	3.0
9315.615531386102	0.04466380000121717	epochs	2.0
9315.615531386102	0.022389300000213552	epochs	3.0
9315.637920686102	0.022274500001003616	epochs	3.0
9315.660195186103	0.04420919999938633	epochs	2.0
9315.660195186103	0.022160799999255687	epochs	3.0
9315.682355986102	0.02204840000013064	epochs	3.0
9315.704404386102	0.04376360000060231	epochs	2.0
9315.704404386102	0.021936900000582682	epochs	3.0
9315.726341286103	0.021826700000019628	epochs	3.0
9315.748167986103	0.043327100000169594	epochs	2.0
9315.748167986103	0.02171759999873757	epochs	3.0
9315.769885586102	0.021609500001432025	epochs	3.0
9315.791495086103	0.04289900000003399	epochs	2.0
9315.791495086103	0.021502499999769498	epochs	3.0
9315.812997586103	0.021396500000264496	epochs	3.0
9315.834394086103	0.04247949999989942	epochs	2.0
9315.834394086103	0.02129169999898295	epochs	3.0
9315.855685786102	0.021187800000916468	epochs	3.0
9315.876873586103	0.04206789999989269	epochs	2.0
9315.876873586103	0.021084899999550544	epochs	3.0
9315.897958486103	0.020983000000342145	epochs	3.0
9315.918941486103	0.041664399999717716	epochs	2.0
9315.918941486103	0.020882199998595752	epochs	3.0
9315.939823686102	0.020782200001121964	epochs	3.0
9315.960605886103	0.04126849999920523	epochs	2.0
9315.960605886103	0.020683299999291194	epochs	3.0
9315.981289186102	0.02058519999991404	epochs	3.0
9316.001874386102	0.04088000000047032	epochs	2.0
9316.001874386102	0.02048810000087542	epochs	3.0
9316.022362486103	0.020391899999594898	epochs	3.0
9316.042754386102	0.040498799999113544	epochs	2.0
9316.042754386102	0.020296599999710452	epochs	3.0
9316.063050986102	0.020202199999403092	epochs	3.0
9316.083253186102	0.04012460000012652	epochs	2.0
9316.083253186102	0.020108700000491808	epochs	3.0
9316.103361886102	0.020015899999634712	epochs	3.0
9316.123377786102	0.03975730000092881	epochs	2.0
9316.123377786102	0.0199241999998776	epochs	3.0
9316.143301986102	0.019833100001051207	epochs	3.0
9316.163135086103	0.03939669999999751	epochs	2.0
9316.163135086103	0.01974299999892537	epochs	3.0
9316.182878086101	0.01965370000107214	epochs	3.0
9316.202531786103	0.03904239999974379	epochs	2.0
9316.202531786103	0.019565099999454105	epochs	3.0
9316.222096886102	0.019477300000289688	epochs	3.0
9316.241574186102	0.03869459999987157	epochs	2.0
9316.241574186102	0.019390400000702357	epochs	3.0
9316.260964586103	0.019304199999169214	epochs	3.0
9316.280268786102	0.03835290000097302	epochs	2.0
9316.280268786102	0.019218800000089686	epochs	3.0
9316.299487586102	0.019134100000883336	epochs	3.0
9316.318621686103	0.03801719999864872	epochs	2.0
9316.318621686103	0.019050199998673634	epochs	3.0
9316.337671886102	0.018966999999975087	epochs	3.0
9316.356638886102	0.037687199999709264	epochs	2.0
9316.356638886102	0.018884500001149718	epochs	3.0
9316.375523386103	0.018802699998559547	epochs	3.0
9316.394326086102	0.037363100000220584	epochs	2.0
9316.394326086102	0.01872170000024198	epochs	3.0
9316.413047786102	0.018641399999978603	epochs	3.0
9316.431689186102	0.03704430000107095	epochs	2.0
9316.431689186102	0.018561599999884493	epochs	3.0
9316.450250786102	0.01848270000118646	epochs	3.0
9316.468733486103	0.036731000000145286	epochs	2.0
9316.468733486103	0.018404299999019713	epochs	3.0
9316.487137786102	0.018326700001125573	epochs	3.0
9316.505464486103	0.03642289999879722	epochs	2.0
9316.505464486103	0.018249599999762722	epochs	3.0
9316.523714086103	0.018173299999034498	epochs	3.0
9316.541887386102	0.03612010000142618	epochs	2.0
9316.541887386102	0.01809760000105598	epochs	3.0
9316.559984986103	0.0180225000003702	epochs	3.0
9316.578007486103	0.03582209999876795	epochs	2.0
9316.578007486103	0.01794789999985369	epochs	3.0
9316.595955386103	0.017874199998914264	epochs	3.0
9316.613829586102	0.035529000000678934	epochs	2.0
9316.613829586102	0.017800800000259187	epochs	3.0
9316.631630386102	0.017728200000419747	epochs	3.0
9316.649358586103	0.035240699999121716	epochs	2.0
9316.649358586103	0.017656099998930586	epochs	3.0
9316.667014686102	0.01758460000019113	epochs	3.0
9316.684599286102	0.03495710000061081	epochs	2.0
9316.684599286102	0.017513700000563404	epochs	3.0
9316.702112986102	0.017443400000047404	epochs	3.0
9316.719556386102	0.03467789999922388	epochs	2.0
9316.719556386102	0.017373599999700673	epochs	3.0
9316.736929986102	0.01730429999952321	epochs	3.0
9316.754234286102	0.03440330000012182	epochs	2.0
9316.754234286102	0.017235700001037912	epochs	3.0
9316.771469986103	0.017167599999083905	epochs	3.0
9316.788637586102	0.034132800001316355	epochs	2.0
9316.788637586102	0.017099900000175694	epochs	3.0
9316.805737486102	0.01703290000114066	epochs	3.0
9316.822770386103	0.033866699999634875	epochs	2.0
9316.822770386103	0.016966399998636916	epochs	3.0
9316.839736786102	0.01690030000099796	epochs	3.0
9316.856637086103	0.03360459999930754	epochs	2.0
9316.856637086103	0.01683479999883275	epochs	3.0
9316.873471886101	0.016769800000474788	epochs	3.0
9316.890241686102	0.033346600001095794	epochs	2.0
9316.890241686102	0.016705300000467105	epochs	3.0
9316.906946986102	0.01664130000062869	epochs	3.0
9316.923588286103	0.033092499999838765	epochs	2.0
9316.923588286103	0.016577799999140552	epochs	3.0
9316.940166086102	0.016514700000698213	epochs	3.0
9316.956680786103	0.03284229999917443	epochs	2.0
9316.956680786103	0.01645219999954861	epochs	3.0
9316.973132986102	0.016390099999625818	epochs	3.0
9316.989523086102	0.03259570000045642	epochs	2.0
9316.989523086102	0.016328400000929832	epochs	3.0
9317.005851486103	0.016267299999526585	epochs	3.0
9317.022118786103	0.03235289999975066	epochs	2.0
9317.022118786103	0.016206599999350146	epochs	3.0
9317.038325386102	0.016146300000400515	epochs	3.0
9317.054471686102	0.03211369999917224	epochs	2.0
9317.054471686102	0.016086600000562612	epochs	3.0
9317.070558286103	0.01602709999860963	epochs	3.0
9317.086585386101	0.031878000001597684	epochs	2.0
9317.086585386101	0.01596820000122534	epochs	3.0
9317.102553586103	0.015909800000372343	epochs	3.0
9317.118463386103	0.031645699998989585	epochs	2.0
9317.118463386103	0.015851599999223254	epochs	3.0
9317.134314986102	0.01579409999976633	epochs	3.0
9317.150109086102	0.03141669999968144	epochs	2.0
9317.150109086102	0.015736700001070858	epochs	3.0
9317.165845786103	0.015679999998610583	epochs	3.0
9317.181525786102	0.031191100000796723	epochs	2.0
9317.181525786102	0.015623600000253646	epochs	3.0
9317.197149386102	0.015567500000543077	epochs	3.0
9317.212716886102	0.030968699998993543	epochs	2.0
9317.212716886102	0.015511999999944237	epochs	3.0
9317.228228886102	0.015456699999049306	epochs	3.0
9317.243685586101	0.030749500001547858	epochs	2.0
9317.243685586101	0.015402000000904081	epochs	3.0
9317.259087586102	0.015347500000643777	epochs	3.0
9317.274435086103	0.030533199998899363	epochs	2.0
9317.274435086103	0.01529339999979129	epochs	3.0
9317.289728486103	0.015239799999108072	epochs	3.0
9317.304968286102	0.030320100000608363	epochs	2.0
9317.304968286102	0.015186500000709202	epochs	3.0
9317.320154786103	0.015133599999899161	epochs	3.0
9317.335288386103	0.030109899998933543	epochs	2.0
9317.335288386103	0.015080999999554479	epochs	3.0
9317.350369386102	0.015028899999379064	epochs	3.0
9317.365398286101	0.02990250000038941	epochs	2.0
9317.365398286101	0.014977000000726548	epochs	3.0
9317.380375286102	0.014925499999662861	epochs	3.0
9317.395300786102	0.029698100001041894	epochs	2.0
9317.395300786102	0.014874399999825982	epochs	3.0
9317.410175186102	0.014823700001215911	epochs	3.0
9317.424998886103	0.02949629999966419	epochs	2.0
9317.424998886103	0.014773199998671771	epochs	3.0
9317.439772086102	0.014723100000992417	epochs	3.0
9317.454495186103	0.02929740000035963	epochs	2.0
9317.454495186103	0.014673399999082903	epochs	3.0
9317.469168586102	0.014624000001276727	epochs	3.0
9317.483792586103	0.029101099999024882	epochs	2.0
9317.483792586103	0.01457489999847894	epochs	3.0
9317.498367486101	0.014526200000545941	epochs	3.0
9317.512893686102	0.028907400001116912	epochs	2.0
9317.512893686102	0.014477700000497862	epochs	3.0
9317.527371386102	0.01442970000061905	epochs	3.0
9317.541801086103	0.028716199998598313	epochs	2.0
9317.541801086103	0.014381799999682698	epochs	3.0
9317.556182886103	0.014334399998915615	epochs	3.0
9317.570517286102	0.02852760000132548	epochs	2.0
9317.570517286102	0.014287200001490419	epochs	3.0
9317.584804486103	0.014240399999835063	epochs	3.0
9317.599044886103	0.028341399998680572	epochs	2.0
9317.599044886103	0.014193799999702605	epochs	3.0
9317.613238686103	0.014147599998977967	epochs	3.0
9317.627386286102	0.02815770000051998	epochs	2.0
9317.627386286102	0.014101700000537676	epochs	3.0
9317.641487986102	0.014055999999982305	epochs	3.0
9317.655543986102	0.02797629999986384	epochs	2.0
9317.655543986102	0.014010599999892293	epochs	3.0
9317.669554586102	0.013965699999971548	epochs	3.0
9317.683520286102	0.02779720000035013	epochs	2.0
9317.683520286102	0.013920800000050804	epochs	3.0
9317.697441086102	0.013876400000299327	epochs	3.0
9317.711317486102	0.02762040000015986	epochs	2.0
9317.711317486102	0.01383220000025176	epochs	3.0
9317.725149686103	0.013788199999908102	epochs	3.0
9317.738937886103	0.027445899999293033	epochs	2.0
9317.738937886103	0.013744599998972262	epochs	3.0
9317.752682486102	0.01370130000032077	epochs	3.0
9317.766383786102	0.027273499999864725	epochs	2.0
9317.766383786102	0.0136581999995542	epochs	3.0
9317.780041986101	0.013615300000310526	epochs	3.0
9317.793657286102	0.02710339999975986	epochs	2.0
9317.793657286102	0.013572800000474672	epochs	3.0
9317.807230086102	0.013530599999285187	epochs	3.0
9317.820760686101	0.026935200001389603	epochs	2.0
9317.820760686101	0.01348839999991469	epochs	3.0
9317.834249086101	0.013446800001474912	epochs	3.0
9317.847695886103	0.02676919999976235	epochs	2.0
9317.847695886103	0.013405199999397155	epochs	3.0
9317.861101086102	0.013364000000365195	epochs	3.0
9317.874465086103	0.026605199998812168	epochs	2.0
9317.874465086103	0.013322900000275695	epochs	3.0
9317.887787986103	0.013282299998536473	epochs	3.0
9317.901070286101	0.026443200000358047	epochs	2.0
9317.901070286101	0.01324170000043523	epochs	3.0
9317.914311986102	0.013201499999922817	epochs	3.0
9317.927513486102	0.026283200000762008	epochs	2.0
9317.927513486102	0.013161500000933302	epochs	3.0
9317.940674986103	0.013121699999828706	epochs	3.0
9317.953796686103	0.026125000000320142	epochs	2.0
9317.953796686103	0.01308210000024701	epochs	3.0
9317.966878786103	0.013042900000073132	epochs	3.0
9317.979921686103	0.025968899999497808	epochs	2.0
9317.979921686103	0.013003899999603163	epochs	3.0
9317.992925586103	0.012964999999894644	epochs	3.0
9318.005890586102	0.025814500000706175	epochs	2.0
9318.005890586102	0.012926400000651483	epochs	3.0
9318.018816986103	0.012888100000054692	epochs	3.0
9318.031705086103	0.025661899999249727	epochs	2.0
9318.031705086103	0.01284989999840036	epochs	3.0
9318.044554986102	0.012812000000849366	epochs	3.0
9318.057366986102	0.02551119999952789	epochs	2.0
9318.057366986102	0.012774400000125752	epochs	3.0
9318.070141386102	0.012736799999402137	epochs	3.0
9318.082878186102	0.025362300000779214	epochs	2.0
9318.082878186102	0.01269970000066678	epochs	3.0
9318.095577886103	0.012662600000112434	epochs	3.0
9318.108240486103	0.025214999999661813	epochs	2.0
9318.108240486103	0.012625800000023446	epochs	3.0
9318.120866286103	0.012589199999638367	epochs	3.0
9318.133455486102	0.024584799999502138	epochs	2.0
9318.155496786103	0.5	epochs	-1.0
9318.158040286102	0.5564800000011019	epochs	1.0
9318.714520286103	0.4434399999991001	epochs	0.0
9319.87900018692	0.08303999999952794	epochs	0.0
9319.87900018692	0.036520999999993364	epochs	1.0
9319.91552118692	0.009997999999541207	epochs	1.0
9319.92551918692	0.036520999999993364	epochs	1.0
9319.96204018692	2.0	epochs	0.0
9321.96204018692	5.415440000000672	epochs	0.0
9321.96204018692	1.0	epochs	1.0
9321.96205668692	0.5	epochs	-1.0
9322.46205668692	4.915423500000543	epochs	-1.0
9322.96204018692	4.415440000000672	epochs	1.0
9322.96204018692	4.356753899999603	epochs	-1.0
9322.96204018692	1.9745872000003146	epochs	2.0
9322.96204018692	1.0985622000007425	epochs	3.0
9324.06060238692	0.8760249999995722	epochs	3.0
9324.93662738692	1.3524075000004814	epochs	2.0
9324.93662738692	0.7286354999996547	epochs	3.0
9325.66526288692	0.6237720000008267	epochs	3.0
9326.28903488692	1.0297591999988072	epochs	2.0
9326.28903488692	0.545329299999139	epochs	3.0
9326.83436418692	0.4844298999996681	epochs	3.0
9327.31879408692	0.05868610000106855	epochs	2.0
9327.31879408692	0.05868610000106855	epochs	3.0
9327.37748018692	16.58447999999953	epochs	0.0
9328.34399986267	0.08303999999952794	epochs	0.0
9328.34399986267	0.036520999999993364	epochs	1.0
9328.38052086267	0.009997999999541207	epochs	1.0
9328.39051886267	0.036520999999993364	epochs	1.0
9328.42703986267	2.0	epochs	0.0
9330.42703986267	0.5163200000006327	epochs	0.0
9330.42703986267	0.5163200000006327	epochs	1.0
9330.42705636267	0.5	epochs	-1.0
9330.92705636267	0.016303500000503846	epochs	-1.0
9330.943359862671	21.48359999999957	epochs	0.0
9332.16100025177	0.08303999999952794	epochs	0.0
9332.16100025177	0.036520999999993364	epochs	1.0
9332.19752125177	0.009997999999541207	epochs	1.0
9332.20751925177	0.036520999999993364	epochs	1.0
9332.24404025177	2.0	epochs	0.0
9334.24404025177	21.999920000000202	epochs	0.0
9334.24404025177	1.0	epochs	1.0
9334.24405675177	0.5	epochs	-1.0
9334.74405675177	19.9976800000004	epochs	-1.0
9335.24404025177	20.0	epochs	1.0
9335.24404025177	4.356753899999603	epochs	-1.0
9335.24404025177	1.9745872000003146	epochs	2.0
9335.24404025177	1.0985622000007425	epochs	3.0
9336.34260245177	0.8760249999995722	epochs	3.0
9337.21862745177	1.3524075000004814	epochs	2.0
9337.21862745177	0.7286354999996547	epochs	3.0
9337.94726295177	0.6237720000008267	epochs	3.0
9338.57103495177	1.0297591999988072	epochs	2.0
9338.57103495177	0.545329299999139	epochs	3.0
9339.11636425177	0.4844298999996681	epochs	3.0
9339.60079415177	0.8317862000003515	epochs	2.0
9339.60079415177	0.4357763000007253	epochs	3.0
9340.03657045177	0.3960098999996262	epochs	3.0
9340.43258035177	0.697797000000719	epochs	2.0
9340.43258035177	0.3628982000009273	epochs	3.0
9340.79547855177	0.33489879999979166	epochs	3.0
9341.13037735177	0.6010456999993039	epochs	2.0
9341.13037735177	0.31091229999947245	epochs	3.0
9341.44128965177	0.29013339999983145	epochs	3.0
9341.73142305177	0.5278859000009106	epochs	2.0
9341.73142305177	0.27195860000028915	epochs	3.0
9342.00338165177	0.25592730000062147	epochs	3.0
9342.25930895177	0.4706193000001804	epochs	2.0
9342.25930895177	0.241681299999982	epochs	3.0
9342.50099025177	0.22893800000019837	epochs	3.0
9342.72992825177	0.424570399998629	epochs	2.0
9342.72992825177	0.21747139999934006	epochs	3.0
9342.94739965177	0.20709899999928894	epochs	3.0
9343.15449865177	0.38673540000127105	epochs	2.0
9343.15449865177	0.19767110000066168	epochs	3.0
9343.35216975177	0.18906430000060936	epochs	3.0
9343.54123405177	0.3550952999994479	epochs	2.0
9343.54123405177	0.18117589999928896	epochs	3.0
9343.72240995177	0.17391940000015893	epochs	3.0
9343.89632935177	0.3282431000006909	epochs	2.0
9343.89632935177	0.1672218999992765	epochs	3.0
9344.06355125177	0.1610212000014144	epochs	3.0
9344.22457245177	0.3051679999989574	epochs	2.0
9344.22457245177	0.15526390000013635	epochs	3.0
9344.37983635177	0.14990409999882104	epochs	3.0
9344.52974045177	0.28512530000080005	epochs	2.0
9344.52974045177	0.1449021000007633	epochs	3.0
9344.67464255177	0.14022320000003674	epochs	3.0
9344.81486575177	0.26755380000031437	epochs	2.0
9344.81486575177	0.1358368999990489	epochs	3.0
9344.95070265177	0.13171690000126546	epochs	3.0
9345.08241955177	0.25202290000015637	epochs	2.0
9345.08241955177	0.12783929999932298	epochs	3.0
9345.21025885177	0.1241836000008334	epochs	3.0
9345.33444245177	0.23819649999859394	epochs	2.0
9345.33444245177	0.1207310999998299	epochs	3.0
9345.45517355177	0.11746539999876404	epochs	3.0
9345.57263895177	0.22580879999986792	epochs	2.0
9345.57263895177	0.11437190000106057	epochs	3.0
9345.68701085177	0.11143689999880735	epochs	3.0
9345.79844775177	0.21464600000035716	epochs	2.0
9345.79844775177	0.10864890000084415	epochs	3.0
9345.90709665177	0.10599709999951301	epochs	3.0
9346.01309375177	0.2045350000007602	epochs	2.0
9346.01309375177	0.10347150000052352	epochs	3.0
9346.11656525177	0.10106350000023667	epochs	3.0
9346.21762875177	0.19533400000000256	epochs	2.0
9346.21762875177	0.09876509999958216	epochs	3.0
9346.31639385177	0.0965689000004204	epochs	3.0
9346.41296275177	0.18692530000043917	epochs	2.0
9346.41296275177	0.09446829999978945	epochs	3.0
9346.50743105177	0.09245700000064971	epochs	3.0
9346.59988805177	0.17921069999829342	epochs	2.0
9346.59988805177	0.09052959999826271	epochs	3.0
9346.69041765177	0.08868110000003071	epochs	3.0
9346.77909875177	0.17210770000019693	epochs	2.0
9346.77909875177	0.08690630000091915	epochs	3.0
9346.86600505177	0.08520139999927778	epochs	3.0
9346.95120645177	0.16554640000140353	epochs	2.0
9346.95120645177	0.08356190000085917	epochs	3.0
9347.03476835177	0.08198450000054436	epochs	3.0
9347.11675285177	0.15946709999843733	epochs	2.0
9347.11675285177	0.08046539999850211	epochs	3.0
9347.19721825177	0.07900169999993523	epochs	3.0
9347.27621995177	0.15381840000009106	epochs	2.0
9347.27621995177	0.07759010000154376	epochs	3.0
9347.35381005177	0.0762282999985473	epochs	3.0
9347.43003835177	0.14855640000132553	epochs	2.0
9347.43003835177	0.07491330000084417	epochs	3.0
9347.50495165177	0.07364310000048135	epochs	3.0
9347.57859475177	0.14364239999849815	epochs	2.0
9347.57859475177	0.07241499999872758	epochs	3.0
9347.65100975177	0.07122739999977057	epochs	3.0
9347.72223715177	0.13904309999998077	epochs	2.0
9347.72223715177	0.0700780000006489	epochs	3.0
9347.79231515177	0.06896509999933187	epochs	3.0
9347.86128025177	0.1347293000017089	epochs	2.0
9347.86128025177	0.0678871000000072	epochs	3.0
9347.92916735177	0.06684220000170171	epochs	3.0
9347.99600955177	0.1306752000000415	epochs	2.0
9347.99600955177	0.06582909999997355	epochs	3.0
9348.06183865177	0.06484610000006796	epochs	3.0
9348.12668475177	0.1268577999999252	epochs	2.0
9348.12668475177	0.06389199999830453	epochs	3.0
9348.19057675177	0.06296580000162066	epochs	3.0
9348.25354255177	0.12325719999898865	epochs	2.0
9348.25354255177	0.062065799998890725	epochs	3.0
9348.31560835177	0.06119140000009793	epochs	3.0
9348.37679975177	0.1198554000002332	epochs	2.0
9348.37679975177	0.06034110000109649	epochs	3.0
9348.43714085177	0.05951429999913671	epochs	3.0
9348.49665515177	0.11663620000035735	epochs	2.0
9348.49665515177	0.058709599999929196	epochs	3.0
9348.55536475177	0.05792660000042815	epochs	3.0
9348.61329135177	0.11358560000007856	epochs	2.0
9348.61329135177	0.057164199999533594	epochs	3.0
9348.67045555177	0.05642140000054496	epochs	3.0
9348.72687695177	0.11069049999969138	epochs	2.0
9348.72687695177	0.055697899999358924	epochs	3.0
9348.78257485177	0.05499260000033246	epochs	3.0
9348.83756745177	0.10793910000029427	epochs	2.0
9348.83756745177	0.05430490000071586	epochs	3.0
9348.89187235177	0.053634199999578414	epochs	3.0
9348.94550655177	0.10532149999926332	epochs	2.0
9348.94550655177	0.05298000000038883	epochs	3.0
9348.99848655177	0.0523414999988745	epochs	3.0
9349.05082805177	0.10282759999972768	epochs	2.0
9349.05082805177	0.05171809999956167	epochs	3.0
9349.10254615177	0.05110950000016601	epochs	3.0
9349.15365565177	0.10044910000033269	epochs	2.0
9349.15365565177	0.050514900000052876	epochs	3.0
9349.20417055177	0.049934200000279816	epochs	3.0
9349.25410475177	0.09817830000065442	epochs	2.0
9349.25410475177	0.0493666000002122	epochs	3.0
9349.30347135177	0.048811700000442215	epochs	3.0
9349.35228305177	0.09600779999891529	epochs	2.0
9349.35228305177	0.04826919999868551	epochs	3.0
9349.40055225177	0.04773860000022978	epochs	3.0
9349.44829085177	0.09393120000095223	epochs	2.0
9349.44829085177	0.047219500000210246	epochs	3.0
9349.49551035177	0.046711700000741985	epochs	3.0
9349.54222205177	0.09194260000003851	epochs	2.0
9349.54222205177	0.04621459999907529	epochs	3.0
9349.58843665177	0.04572800000096322	epochs	3.0
9349.63416465177	0.09003630000006524	epochs	2.0
9349.63416465177	0.045251499999722	epochs	3.0
9349.67941615177	0.04478480000034324	epochs	3.0
9349.72420095177	0.0882075999998051	epochs	2.0
9349.72420095177	0.0443278000002465	epochs	3.0
9349.76852875177	0.0438797999995586	epochs	3.0
9349.81240855177	0.0864516999990883	epochs	2.0
9349.81240855177	0.04344099999980244	epochs	3.0
9349.85584955177	0.04301069999928586	epochs	3.0
9349.89886025177	0.08476430000155233	epochs	2.0
9349.89886025177	0.042589000000589294	epochs	3.0
9349.94144925177	0.042175300000963034	epochs	3.0
9349.98362455177	0.08314149999932852	epochs	2.0
9349.98362455177	0.04176969999934954	epochs	3.0
9350.02539425177	0.041371799999978975	epochs	3.0
9350.06676605177	0.08157969999956549	epochs	2.0
9350.06676605177	0.04098139999950945	epochs	3.0
9350.10774745177	0.04059830000005604	epochs	3.0
9350.14834575177	0.08007550000002084	epochs	2.0
9350.14834575177	0.040222300000095856	epochs	3.0
9350.18856805177	0.03985319999992498	epochs	3.0
9350.22842125177	0.07862569999997504	epochs	2.0
9350.22842125177	0.03949079999983951	epochs	3.0
9350.26791205177	0.03913490000013553	epochs	3.0
9350.30704695177	0.07722760000069684	epochs	2.0
9350.30704695177	0.038785400000051595	epochs	3.0
9350.34583235177	0.038442200000645244	epochs	3.0
9350.38427455177	0.07587819999935164	epochs	2.0
9350.38427455177	0.03810479999992822	epochs	3.0
9350.42237935177	0.03777339999942342	epochs	3.0
9350.46015275177	0.07457520000025397	epochs	2.0
9350.46015275177	0.037447700000484474	epochs	3.0
9350.49760045177	0.0371274999997695	epochs	3.0
9350.53472795177	0.07331630000044242	epochs	2.0
9350.53472795177	0.03681289999985893	epochs	3.0
9350.57154085177	0.0365034000005835	epochs	3.0
9350.60804425177	0.07209899999907066	epochs	2.0
9350.60804425177	0.036199099999066675	epochs	3.0
9350.64424335177	0.03589990000000398	epochs	3.0
9350.68014325177	0.07092170000032638	epochs	2.0
9350.68014325177	0.03560560000005353	epochs	3.0
9350.71574885177	0.035316100000272854	epochs	3.0
9350.75106495177	0.06978200000048673	epochs	2.0
9350.75106495177	0.03503120000095805	epochs	3.0
9350.78609615177	0.03475079999952868	epochs	3.0
9350.82084695177	0.0686786000005668	epochs	2.0
9350.82084695177	0.03447509999932663	epochs	3.0
9350.85532205177	0.03420350000124017	epochs	3.0
9350.889525551771	0.06760929999836662	epochs	2.0
9350.889525551771	0.03393619999951625	epochs	3.0
9350.92346175177	0.033673099998850375	epochs	3.0
9350.95713485177	0.0665729000011197	epochs	2.0
9350.95713485177	0.033414000001357635	epochs	3.0
9350.99054885177	0.03315889999976207	epochs	3.0
9351.02370775177	0.06556780000028084	epochs	2.0
9351.02370775177	0.0329076999987592	epochs	3.0
9351.05661545177	0.03266010000152164	epochs	3.0
9351.08927555177	0.06459259999974165	epochs	2.0
9351.08927555177	0.03241639999941981	epochs	3.0
9351.12169195177	0.03217620000032184	epochs	3.0
9351.15386815177	0.06364599999869824	epochs	2.0
9351.15386815177	0.03193959999953222	epochs	3.0
9351.18580775177	0.031706399999166024	epochs	3.0
9351.21751415177	0.0627266999999847	epochs	2.0
9351.21751415177	0.03147660000104224	epochs	3.0
9351.24899075177	0.03125009999894246	epochs	3.0
9351.28024085177	0.061833600000682054	epochs	2.0
9351.28024085177	0.031026900000142632	epochs	3.0
9351.31126775177	0.030806700000539422	epochs	3.0
9351.34207445177	0.06096559999969031	epochs	2.0
9351.34207445177	0.03058980000059819	epochs	3.0
9351.37266425177	0.030375799999092123	epochs	3.0
9351.40304005177	0.06012160000136646	epochs	2.0
9351.40304005177	0.030164900001182104	epochs	3.0
9351.43320495177	0.029956700000184355	epochs	3.0
9351.46316165177	0.05930069999885745	epochs	2.0
9351.46316165177	0.029751599999144673	epochs	3.0
9351.49291325177	0.02954909999971278	epochs	3.0
9351.52246235177	0.058501800000158255	epochs	2.0
9351.52246235177	0.029349399999773595	epochs	3.0
9351.55181175177	0.02915240000038466	epochs	3.0
9351.58096415177	0.05772419999993872	epochs	2.0
9351.58096415177	0.028958000000784523	epochs	3.0
9351.60992215177	0.028766199999154196	epochs	3.0
9351.63868835177	0.05696709999938321	epochs	2.0
9351.63868835177	0.028577000000950648	epochs	3.0
9351.66726535177	0.02839009999843256	epochs	3.0
9351.69565545177	0.05622949999997218	epochs	2.0
9351.69565545177	0.028205700000398792	epochs	3.0
9351.72386115177	0.028023799999573384	epochs	3.0
9351.75188495177	0.05551070000001346	epochs	2.0
9351.75188495177	0.027844000000186497	epochs	3.0
9351.77972895177	0.02766669999982696	epochs	3.0
9351.80739565177	0.05481020000115677	epochs	2.0
9351.80739565177	0.027491500000905944	epochs	3.0
9351.83488715177	0.02731870000025083	epochs	3.0
9351.86220585177	0.05412699999942561	epochs	2.0
9351.86220585177	0.027147799999511335	epochs	3.0
9351.88935365177	0.026979199999914272	epochs	3.0
9351.91633285177	0.05346070000086911	epochs	2.0
9351.91633285177	0.02681260000099428	epochs	3.0
9351.94314545177	0.02664809999987483	epochs	3.0
9351.96979355177	0.0528106999990996	epochs	2.0
9351.96979355177	0.026485599999432452	epochs	3.0
9351.99627915177	0.026325099999667145	epochs	3.0
9352.02260425177	0.0521762000007584	epochs	2.0
9352.02260425177	0.026166400000875	epochs	3.0
9352.04877065177	0.0260097999998834	epochs	3.0
9352.07478045177	0.05155670000021928	epochs	2.0
9352.07478045177	0.02585480000016105	epochs	3.0
9352.10063525177	0.02570190000005823	epochs	3.0
9352.12633715177	0.05095189999883587	epochs	2.0
9352.12633715177	0.025550700000167126	epochs	3.0
9352.15188785177	0.025401199998668744	epochs	3.0
9352.17728905177	0.05036099999961152	epochs	2.0
9352.17728905177	0.025253499999962514	epochs	3.0
9352.20254255177	0.025107499999649008	epochs	3.0
9352.22765005177	0.04978380000102334	epochs	2.0
9352.22765005177	0.024963200001366204	epochs	3.0
9352.25261325177	0.024820599999657134	epochs	3.0
9352.27743385177	0.0492195000006177	epochs	2.0
9352.27743385177	0.024679399999513407	epochs	3.0
9352.30211325177	0.024540100001104292	epochs	3.0
9352.32665335177	0.0486678999986907	epochs	2.0
9352.32665335177	0.024402099999861093	epochs	3.0
9352.35105545177	0.024265799998829607	epochs	3.0
9352.37532125177	0.04812860000129149	epochs	2.0
9352.37532125177	0.024131000000124914	epochs	3.0
9352.39945225177	0.023997600001166575	epochs	3.0
9352.42344985177	0.04760109999915585	epochs	2.0
9352.42344985177	0.02386579999983951	epochs	3.0
9352.44731565177	0.02373529999931634	epochs	3.0
9352.47105095177	0.04708500000015192	epochs	2.0
9352.47105095177	0.023606299999300973	epochs	3.0
9352.49465725177	0.02347870000085095	epochs	3.0
9352.51813595177	0.04658000000017637	epochs	2.0
9352.51813595177	0.02335250000032829	epochs	3.0
9352.54148845177	0.023227499999848078	epochs	3.0
9352.56471595177	0.04608569999982137	epochs	2.0
9352.56471595177	0.02310399999987567	epochs	3.0
9352.58781995177	0.022981699999945704	epochs	3.0
9352.61080165177	0.04560180000044056	epochs	2.0
9352.61080165177	0.022860700000819634	epochs	3.0
9352.63366235177	0.02274109999962093	epochs	3.0
9352.65640345177	0.04512789999898814	epochs	2.0
9352.65640345177	0.02262249999876076	epochs	3.0
9352.67902595177	0.022505400000227382	epochs	3.0
9352.70153135177	0.04466380000121717	epochs	2.0
9352.70153135177	0.022389300000213552	epochs	3.0
9352.72392065177	0.022274500001003616	epochs	3.0
9352.74619515177	0.04420919999938633	epochs	2.0
9352.74619515177	0.022160799999255687	epochs	3.0
9352.76835595177	0.02204840000013064	epochs	3.0
9352.79040435177	0.04376360000060231	epochs	2.0
9352.79040435177	0.021936900000582682	epochs	3.0
9352.81234125177	0.021826700000019628	epochs	3.0
9352.83416795177	0.043327100000169594	epochs	2.0
9352.83416795177	0.02171759999873757	epochs	3.0
9352.85588555177	0.021609500001432025	epochs	3.0
9352.87749505177	0.04289900000003399	epochs	2.0
9352.87749505177	0.021502499999769498	epochs	3.0
9352.89899755177	0.021396500000264496	epochs	3.0
9352.920394051771	0.04247949999989942	epochs	2.0
9352.920394051771	0.02129169999898295	epochs	3.0
9352.94168575177	0.021187800000916468	epochs	3.0
9352.96287355177	0.04206789999989269	epochs	2.0
9352.96287355177	0.021084899999550544	epochs	3.0
9352.98395845177	0.020983000000342145	epochs	3.0
9353.00494145177	0.041664399999717716	epochs	2.0
9353.00494145177	0.020882199998595752	epochs	3.0
9353.02582365177	0.020782200001121964	epochs	3.0
9353.04660585177	0.04126849999920523	epochs	2.0
9353.04660585177	0.020683299999291194	epochs	3.0
9353.06728915177	0.02058519999991404	epochs	3.0
9353.08787435177	0.04088000000047032	epochs	2.0
9353.08787435177	0.02048810000087542	epochs	3.0
9353.10836245177	0.020391899999594898	epochs	3.0
9353.12875435177	0.040498799999113544	epochs	2.0
9353.12875435177	0.020296599999710452	epochs	3.0
9353.14905095177	0.020202199999403092	epochs	3.0
9353.16925315177	0.04012460000012652	epochs	2.0
9353.16925315177	0.020108700000491808	epochs	3.0
9353.18936185177	0.020015899999634712	epochs	3.0
9353.20937775177	0.03975730000092881	epochs	2.0
9353.20937775177	0.0199241999998776	epochs	3.0
9353.22930195177	0.019833100001051207	epochs	3.0
9353.24913505177	0.03939669999999751	epochs	2.0
9353.24913505177	0.01974299999892537	epochs	3.0
9353.26887805177	0.01965370000107214	epochs	3.0
9353.28853175177	0.03904239999974379	epochs	2.0
9353.28853175177	0.019565099999454105	epochs	3.0
9353.30809685177	0.019477300000289688	epochs	3.0
9353.32757415177	0.03869459999987157	epochs	2.0
9353.32757415177	0.019390400000702357	epochs	3.0
9353.34696455177	0.019304199999169214	epochs	3.0
9353.36626875177	0.03835290000097302	epochs	2.0
9353.36626875177	0.019218800000089686	epochs	3.0
9353.38548755177	0.019134100000883336	epochs	3.0
9353.40462165177	0.03801719999864872	epochs	2.0
9353.40462165177	0.019050199998673634	epochs	3.0
9353.42367185177	0.018966999999975087	epochs	3.0
9353.44263885177	0.037687199999709264	epochs	2.0
9353.44263885177	0.018884500001149718	epochs	3.0
9353.46152335177	0.018802699998559547	epochs	3.0
9353.48032605177	0.037363100000220584	epochs	2.0
9353.48032605177	0.01872170000024198	epochs	3.0
9353.49904775177	0.018641399999978603	epochs	3.0
9353.51768915177	0.03704430000107095	epochs	2.0
9353.51768915177	0.018561599999884493	epochs	3.0
9353.53625075177	0.01848270000118646	epochs	3.0
9353.55473345177	0.036731000000145286	epochs	2.0
9353.55473345177	0.018404299999019713	epochs	3.0
9353.57313775177	0.018326700001125573	epochs	3.0
9353.59146445177	0.03642289999879722	epochs	2.0
9353.59146445177	0.018249599999762722	epochs	3.0
9353.60971405177	0.018173299999034498	epochs	3.0
9353.62788735177	0.03612010000142618	epochs	2.0
9353.62788735177	0.01809760000105598	epochs	3.0
9353.64598495177	0.0180225000003702	epochs	3.0
9353.66400745177	0.03582209999876795	epochs	2.0
9353.66400745177	0.01794789999985369	epochs	3.0
9353.68195535177	0.017874199998914264	epochs	3.0
9353.69982955177	0.035529000000678934	epochs	2.0
9353.69982955177	0.017800800000259187	epochs	3.0
9353.71763035177	0.017728200000419747	epochs	3.0
9353.73535855177	0.035240699999121716	epochs	2.0
9353.73535855177	0.017656099998930586	epochs	3.0
9353.75301465177	0.01758460000019113	epochs	3.0
9353.77059925177	0.03495710000061081	epochs	2.0
9353.77059925177	0.017513700000563404	epochs	3.0
9353.78811295177	0.017443400000047404	epochs	3.0
9353.80555635177	0.03467789999922388	epochs	2.0
9353.80555635177	0.017373599999700673	epochs	3.0
9353.82292995177	0.01730429999952321	epochs	3.0
9353.84023425177	0.03440330000012182	epochs	2.0
9353.84023425177	0.017235700001037912	epochs	3.0
9353.85746995177	0.017167599999083905	epochs	3.0
9353.87463755177	0.034132800001316355	epochs	2.0
9353.87463755177	0.017099900000175694	epochs	3.0
9353.89173745177	0.01703290000114066	epochs	3.0
9353.90877035177	0.033866699999634875	epochs	2.0
9353.90877035177	0.016966399998636916	epochs	3.0
9353.92573675177	0.01690030000099796	epochs	3.0
9353.94263705177	0.03360459999930754	epochs	2.0
9353.94263705177	0.01683479999883275	epochs	3.0
9353.95947185177	0.016769800000474788	epochs	3.0
9353.97624165177	0.033346600001095794	epochs	2.0
9353.97624165177	0.016705300000467105	epochs	3.0
9353.99294695177	0.01664130000062869	epochs	3.0
9354.00958825177	0.033092499999838765	epochs	2.0
9354.00958825177	0.016577799999140552	epochs	3.0
9354.02616605177	0.016514700000698213	epochs	3.0
9354.04268075177	0.03284229999917443	epochs	2.0
9354.04268075177	0.01645219999954861	epochs	3.0
9354.05913295177	0.016390099999625818	epochs	3.0
9354.07552305177	0.03259570000045642	epochs	2.0
9354.07552305177	0.016328400000929832	epochs	3.0
9354.09185145177	0.016267299999526585	epochs	3.0
9354.10811875177	0.03235289999975066	epochs	2.0
9354.10811875177	0.016206599999350146	epochs	3.0
9354.12432535177	0.016146300000400515	epochs	3.0
9354.14047165177	0.03211369999917224	epochs	2.0
9354.14047165177	0.016086600000562612	epochs	3.0
9354.15655825177	0.01602709999860963	epochs	3.0
9354.17258535177	0.031878000001597684	epochs	2.0
9354.17258535177	0.01596820000122534	epochs	3.0
9354.18855355177	0.015909800000372343	epochs	3.0
9354.20446335177	0.031645699998989585	epochs	2.0
9354.20446335177	0.015851599999223254	epochs	3.0
9354.22031495177	0.01579409999976633	epochs	3.0
9354.23610905177	0.03141669999968144	epochs	2.0
9354.23610905177	0.015736700001070858	epochs	3.0
9354.25184575177	0.015679999998610583	epochs	3.0
9354.26752575177	0.031191100000796723	epochs	2.0
9354.26752575177	0.015623600000253646	epochs	3.0
9354.28314935177	0.015567500000543077	epochs	3.0
9354.29871685177	0.030968699998993543	epochs	2.0
9354.29871685177	0.015511999999944237	epochs	3.0
9354.31422885177	0.015456699999049306	epochs	3.0
9354.32968555177	0.030749500001547858	epochs	2.0
9354.32968555177	0.015402000000904081	epochs	3.0
9354.34508755177	0.015347500000643777	epochs	3.0
9354.36043505177	0.030533199998899363	epochs	2.0
9354.36043505177	0.01529339999979129	epochs	3.0
9354.37572845177	0.015239799999108072	epochs	3.0
9354.39096825177	0.030320100000608363	epochs	2.0
9354.39096825177	0.015186500000709202	epochs	3.0
9354.40615475177	0.015133599999899161	epochs	3.0
9354.42128835177	0.030109899998933543	epochs	2.0
9354.42128835177	0.015080999999554479	epochs	3.0
9354.43636935177	0.015028899999379064	epochs	3.0
9354.45139825177	0.02990250000038941	epochs	2.0
9354.45139825177	0.014977000000726548	epochs	3.0
9354.46637525177	0.014925499999662861	epochs	3.0
9354.48130075177	0.029698100001041894	epochs	2.0
9354.48130075177	0.014874399999825982	epochs	3.0
9354.49617515177	0.014823700001215911	epochs	3.0
9354.51099885177	0.02949629999966419	epochs	2.0
9354.51099885177	0.014773199998671771	epochs	3.0
9354.52577205177	0.014723100000992417	epochs	3.0
9354.54049515177	0.02929740000035963	epochs	2.0
9354.54049515177	0.014673399999082903	epochs	3.0
9354.55516855177	0.014624000001276727	epochs	3.0
9354.56979255177	0.029101099999024882	epochs	2.0
9354.56979255177	0.01457489999847894	epochs	3.0
9354.58436745177	0.014526200000545941	epochs	3.0
9354.59889365177	0.028907400001116912	epochs	2.0
9354.59889365177	0.014477700000497862	epochs	3.0
9354.61337135177	0.01442970000061905	epochs	3.0
9354.62780105177	0.028716199998598313	epochs	2.0
9354.62780105177	0.014381799999682698	epochs	3.0
9354.64218285177	0.014334399998915615	epochs	3.0
9354.65651725177	0.02852760000132548	epochs	2.0
9354.65651725177	0.014287200001490419	epochs	3.0
9354.67080445177	0.014240399999835063	epochs	3.0
9354.68504485177	0.028341399998680572	epochs	2.0
9354.68504485177	0.014193799999702605	epochs	3.0
9354.69923865177	0.014147599998977967	epochs	3.0
9354.71338625177	0.02815770000051998	epochs	2.0
9354.71338625177	0.014101700000537676	epochs	3.0
9354.72748795177	0.014055999999982305	epochs	3.0
9354.74154395177	0.02797629999986384	epochs	2.0
9354.74154395177	0.014010599999892293	epochs	3.0
9354.75555455177	0.013965699999971548	epochs	3.0
9354.76952025177	0.02779720000035013	epochs	2.0
9354.76952025177	0.013920800000050804	epochs	3.0
9354.78344105177	0.013876400000299327	epochs	3.0
9354.79731745177	0.02762040000015986	epochs	2.0
9354.79731745177	0.01383220000025176	epochs	3.0
9354.81114965177	0.013788199999908102	epochs	3.0
9354.82493785177	0.027445899999293033	epochs	2.0
9354.82493785177	0.013744599998972262	epochs	3.0
9354.83868245177	0.01370130000032077	epochs	3.0
9354.85238375177	0.027273499999864725	epochs	2.0
9354.85238375177	0.0136581999995542	epochs	3.0
9354.86604195177	0.013615300000310526	epochs	3.0
9354.87965725177	0.02710339999975986	epochs	2.0
9354.87965725177	0.013572800000474672	epochs	3.0
9354.89323005177	0.013530599999285187	epochs	3.0
9354.90676065177	0.026935200001389603	epochs	2.0
9354.90676065177	0.01348839999991469	epochs	3.0
9354.92024905177	0.013446800001474912	epochs	3.0
9354.93369585177	0.02676919999976235	epochs	2.0
9354.93369585177	0.013405199999397155	epochs	3.0
9354.94710105177	0.013364000000365195	epochs	3.0
9354.96046505177	0.026605199998812168	epochs	2.0
9354.96046505177	0.013322900000275695	epochs	3.0
9354.97378795177	0.013282299998536473	epochs	3.0
9354.98707025177	0.026443200000358047	epochs	2.0
9354.98707025177	0.01324170000043523	epochs	3.0
9355.00031195177	0.013201499999922817	epochs	3.0
9355.01351345177	0.026283200000762008	epochs	2.0
9355.01351345177	0.013161500000933302	epochs	3.0
9355.02667495177	0.013121699999828706	epochs	3.0
9355.03979665177	0.026125000000320142	epochs	2.0
9355.03979665177	0.01308210000024701	epochs	3.0
9355.05287875177	0.013042900000073132	epochs	3.0
9355.06592165177	0.025968899999497808	epochs	2.0
9355.06592165177	0.013003899999603163	epochs	3.0
9355.07892555177	0.012964999999894644	epochs	3.0
9355.09189055177	0.025814500000706175	epochs	2.0
9355.09189055177	0.012926400000651483	epochs	3.0
9355.10481695177	0.012888100000054692	epochs	3.0
9355.11770505177	0.025661899999249727	epochs	2.0
9355.11770505177	0.01284989999840036	epochs	3.0
9355.13055495177	0.012812000000849366	epochs	3.0
9355.14336695177	0.02551119999952789	epochs	2.0
9355.14336695177	0.012774400000125752	epochs	3.0
9355.15614135177	0.012736799999402137	epochs	3.0
9355.16887815177	0.025362300000779214	epochs	2.0
9355.16887815177	0.01269970000066678	epochs	3.0
9355.18157785177	0.012662600000112434	epochs	3.0
9355.19424045177	0.025214999999661813	epochs	2.0
9355.19424045177	0.012625800000023446	epochs	3.0
9355.20686625177	0.012589199999638367	epochs	3.0
9355.21945545177	0.024584799999502138	epochs	2.0
9355.24173675177	0.5	epochs	-1.0
9355.24404025177	0.999920000000202	epochs	1.0
9355.74173675177	0.5	epochs	-1.0
9357.332000255585	0.08303999999952794	epochs	0.0
9357.332000255585	0.036520999999993364	epochs	1.0
9357.368521255585	0.009997999999541207	epochs	1.0
9357.378519255584	0.036520999999993364	epochs	1.0
9357.415040255584	2.0	epochs	0.0
9359.415040255584	0.5171200000004319	epochs	0.0
9359.415040255584	0.5171200000004319	epochs	1.0
9359.415056755584	0.5	epochs	-1.0
9359.915056755584	0.01710350000030303	epochs	-1.0
9359.932160255585	21.48279999999977	epochs	0.0
9361.116000175476	0.08303999999952794	epochs	0.0
9361.116000175476	0.036520999999993364	epochs	1.0
9361.152521175476	0.009997999999541207	epochs	1.0
9361.162519175476	0.036520999999993364	epochs	1.0
9361.199040175476	2.0	epochs	0.0
9363.199040175476	0.5172000000002299	epochs	0.0
9363.199040175476	0.5172000000002299	epochs	1.0
9363.199056675476	0.5	epochs	-1.0
9363.699056675476	0.01718350000010105	epochs	-1.0
9363.716240175476	21.482719999999972	epochs	0.0
9364.880000114441	0.08303999999952794	epochs	0.0
9364.880000114441	0.036520999999993364	epochs	1.0
9364.916521114441	0.009997999999541207	epochs	1.0
9364.92651911444	0.036520999999993364	epochs	1.0
9364.96304011444	2.0	epochs	0.0
9366.96304011444	0.5164800000002288	epochs	0.0
9366.96304011444	0.5164800000002288	epochs	1.0
9366.96305661444	0.5	epochs	-1.0
9367.46305661444	0.016463500000099884	epochs	-1.0
9367.47952011444	21.483439999999973	epochs	0.0
9368.880000114441	0.08303999999952794	epochs	0.0
9368.880000114441	0.036520999999993364	epochs	1.0
9368.916521114441	0.009997999999541207	epochs	1.0
9368.92651911444	0.036520999999993364	epochs	1.0
9368.96304011444	2.0	epochs	0.0
9370.96304011444	0.5162400000008347	epochs	0.0
9370.96304011444	0.5162400000008347	epochs	1.0
9370.96305661444	0.5	epochs	-1.0
9371.46305661444	0.016223500000705826	epochs	-1.0
9371.479280114441	21.483679999999367	epochs	0.0
9372.697000026703	0.08303999999952794	epochs	0.0
9372.697000026703	0.036520999999993364	epochs	1.0
9372.733521026703	0.009997999999541207	epochs	1.0
9372.743519026702	0.036520999999993364	epochs	1.0
9372.780040026702	2.0	epochs	0.0
9374.780040026702	21.999920000000202	epochs	0.0
9374.780040026702	1.0	epochs	1.0
9374.780056526703	0.5	epochs	-1.0
9375.280056526703	19.9976800000004	epochs	-1.0
9375.780040026702	20.0	epochs	1.0
9375.780040026702	4.356753899999603	epochs	-1.0
9375.780040026702	1.9745872000003146	epochs	2.0
9375.780040026702	1.0985622000007425	epochs	3.0
9376.878602226703	0.8760249999995722	epochs	3.0
9377.754627226703	1.3524075000004814	epochs	2.0
9377.754627226703	0.7286354999996547	epochs	3.0
9378.483262726702	0.6237720000008267	epochs	3.0
9379.107034726703	1.0297591999988072	epochs	2.0
9379.107034726703	0.545329299999139	epochs	3.0
9379.652364026702	0.4844298999996681	epochs	3.0
9380.136793926702	0.8317862000003515	epochs	2.0
9380.136793926702	0.4357763000007253	epochs	3.0
9380.572570226703	0.3960098999996262	epochs	3.0
9380.968580126702	0.697797000000719	epochs	2.0
9380.968580126702	0.3628982000009273	epochs	3.0
9381.331478326703	0.33489879999979166	epochs	3.0
9381.666377126703	0.6010456999993039	epochs	2.0
9381.666377126703	0.31091229999947245	epochs	3.0
9381.977289426703	0.29013339999983145	epochs	3.0
9382.267422826702	0.5278859000009106	epochs	2.0
9382.267422826702	0.27195860000028915	epochs	3.0
9382.539381426703	0.25592730000062147	epochs	3.0
9382.795308726703	0.4706193000001804	epochs	2.0
9382.795308726703	0.241681299999982	epochs	3.0
9383.036990026703	0.22893800000019837	epochs	3.0
9383.265928026703	0.424570399998629	epochs	2.0
9383.265928026703	0.21747139999934006	epochs	3.0
9383.483399426703	0.20709899999928894	epochs	3.0
9383.690498426702	0.38673540000127105	epochs	2.0
9383.690498426702	0.19767110000066168	epochs	3.0
9383.888169526703	0.18906430000060936	epochs	3.0
9384.077233826703	0.3550952999994479	epochs	2.0
9384.077233826703	0.18117589999928896	epochs	3.0
9384.258409726703	0.17391940000015893	epochs	3.0
9384.432329126703	0.3282431000006909	epochs	2.0
9384.432329126703	0.1672218999992765	epochs	3.0
9384.599551026702	0.1610212000014144	epochs	3.0
9384.760572226704	0.3051679999989574	epochs	2.0
9384.760572226704	0.15526390000013635	epochs	3.0
9384.915836126704	0.14990409999882104	epochs	3.0
9385.065740226702	0.28512530000080005	epochs	2.0
9385.065740226702	0.1449021000007633	epochs	3.0
9385.210642326703	0.14022320000003674	epochs	3.0
9385.350865526703	0.26755380000031437	epochs	2.0
9385.350865526703	0.1358368999990489	epochs	3.0
9385.486702426702	0.13171690000126546	epochs	3.0
9385.618419326704	0.25202290000015637	epochs	2.0
9385.618419326704	0.12783929999932298	epochs	3.0
9385.746258626703	0.1241836000008334	epochs	3.0
9385.870442226704	0.23819649999859394	epochs	2.0
9385.870442226704	0.1207310999998299	epochs	3.0
9385.991173326704	0.11746539999876404	epochs	3.0
9386.108638726702	0.22580879999986792	epochs	2.0
9386.108638726702	0.11437190000106057	epochs	3.0
9386.223010626703	0.11143689999880735	epochs	3.0
9386.334447526702	0.21464600000035716	epochs	2.0
9386.334447526702	0.10864890000084415	epochs	3.0
9386.443096426703	0.10599709999951301	epochs	3.0
9386.549093526703	0.2045350000007602	epochs	2.0
9386.549093526703	0.10347150000052352	epochs	3.0
9386.652565026703	0.10106350000023667	epochs	3.0
9386.753628526703	0.19533400000000256	epochs	2.0
9386.753628526703	0.09876509999958216	epochs	3.0
9386.852393626703	0.0965689000004204	epochs	3.0
9386.948962526703	0.18692530000043917	epochs	2.0
9386.948962526703	0.09446829999978945	epochs	3.0
9387.043430826703	0.09245700000064971	epochs	3.0
9387.135887826704	0.17921069999829342	epochs	2.0
9387.135887826704	0.09052959999826271	epochs	3.0
9387.226417426702	0.08868110000003071	epochs	3.0
9387.315098526702	0.17210770000019693	epochs	2.0
9387.315098526702	0.08690630000091915	epochs	3.0
9387.402004826703	0.08520139999927778	epochs	3.0
9387.487206226702	0.16554640000140353	epochs	2.0
9387.487206226702	0.08356190000085917	epochs	3.0
9387.570768126703	0.08198450000054436	epochs	3.0
9387.652752626704	0.15946709999843733	epochs	2.0
9387.652752626704	0.08046539999850211	epochs	3.0
9387.733218026702	0.07900169999993523	epochs	3.0
9387.812219726702	0.15381840000009106	epochs	2.0
9387.812219726702	0.07759010000154376	epochs	3.0
9387.889809826704	0.0762282999985473	epochs	3.0
9387.966038126702	0.14855640000132553	epochs	2.0
9387.966038126702	0.07491330000084417	epochs	3.0
9388.040951426703	0.07364310000048135	epochs	3.0
9388.114594526704	0.14364239999849815	epochs	2.0
9388.114594526704	0.07241499999872758	epochs	3.0
9388.187009526702	0.07122739999977057	epochs	3.0
9388.258236926702	0.13904309999998077	epochs	2.0
9388.258236926702	0.0700780000006489	epochs	3.0
9388.328314926703	0.06896509999933187	epochs	3.0
9388.397280026702	0.1347293000017089	epochs	2.0
9388.397280026702	0.0678871000000072	epochs	3.0
9388.465167126702	0.06684220000170171	epochs	3.0
9388.532009326704	0.1306752000000415	epochs	2.0
9388.532009326704	0.06582909999997355	epochs	3.0
9388.597838426704	0.06484610000006796	epochs	3.0
9388.662684526704	0.1268577999999252	epochs	2.0
9388.662684526704	0.06389199999830453	epochs	3.0
9388.726576526702	0.06296580000162066	epochs	3.0
9388.789542326704	0.12325719999898865	epochs	2.0
9388.789542326704	0.062065799998890725	epochs	3.0
9388.851608126703	0.06119140000009793	epochs	3.0
9388.912799526703	0.1198554000002332	epochs	2.0
9388.912799526703	0.06034110000109649	epochs	3.0
9388.973140626704	0.05951429999913671	epochs	3.0
9389.032654926703	0.11663620000035735	epochs	2.0
9389.032654926703	0.058709599999929196	epochs	3.0
9389.091364526703	0.05792660000042815	epochs	3.0
9389.149291126703	0.11358560000007856	epochs	2.0
9389.149291126703	0.057164199999533594	epochs	3.0
9389.206455326703	0.05642140000054496	epochs	3.0
9389.262876726703	0.11069049999969138	epochs	2.0
9389.262876726703	0.055697899999358924	epochs	3.0
9389.318574626703	0.05499260000033246	epochs	3.0
9389.373567226703	0.10793910000029427	epochs	2.0
9389.373567226703	0.05430490000071586	epochs	3.0
9389.427872126704	0.053634199999578414	epochs	3.0
9389.481506326703	0.10532149999926332	epochs	2.0
9389.481506326703	0.05298000000038883	epochs	3.0
9389.534486326704	0.0523414999988745	epochs	3.0
9389.586827826703	0.10282759999972768	epochs	2.0
9389.586827826703	0.05171809999956167	epochs	3.0
9389.638545926702	0.05110950000016601	epochs	3.0
9389.689655426702	0.10044910000033269	epochs	2.0
9389.689655426702	0.050514900000052876	epochs	3.0
9389.740170326702	0.049934200000279816	epochs	3.0
9389.790104526703	0.09817830000065442	epochs	2.0
9389.790104526703	0.0493666000002122	epochs	3.0
9389.839471126703	0.048811700000442215	epochs	3.0
9389.888282826703	0.09600779999891529	epochs	2.0
9389.888282826703	0.04826919999868551	epochs	3.0
9389.936552026702	0.04773860000022978	epochs	3.0
9389.984290626702	0.09393120000095223	epochs	2.0
9389.984290626702	0.047219500000210246	epochs	3.0
9390.031510126702	0.046711700000741985	epochs	3.0
9390.078221826703	0.09194260000003851	epochs	2.0
9390.078221826703	0.04621459999907529	epochs	3.0
9390.124436426702	0.04572800000096322	epochs	3.0
9390.170164426703	0.09003630000006524	epochs	2.0
9390.170164426703	0.045251499999722	epochs	3.0
9390.215415926703	0.04478480000034324	epochs	3.0
9390.260200726703	0.0882075999998051	epochs	2.0
9390.260200726703	0.0443278000002465	epochs	3.0
9390.304528526704	0.0438797999995586	epochs	3.0
9390.348408326703	0.0864516999990883	epochs	2.0
9390.348408326703	0.04344099999980244	epochs	3.0
9390.391849326703	0.04301069999928586	epochs	3.0
9390.434860026702	0.08476430000155233	epochs	2.0
9390.434860026702	0.042589000000589294	epochs	3.0
9390.477449026703	0.042175300000963034	epochs	3.0
9390.519624326704	0.08314149999932852	epochs	2.0
9390.519624326704	0.04176969999934954	epochs	3.0
9390.561394026703	0.041371799999978975	epochs	3.0
9390.602765826703	0.08157969999956549	epochs	2.0
9390.602765826703	0.04098139999950945	epochs	3.0
9390.643747226703	0.04059830000005604	epochs	3.0
9390.684345526703	0.08007550000002084	epochs	2.0
9390.684345526703	0.040222300000095856	epochs	3.0
9390.724567826703	0.03985319999992498	epochs	3.0
9390.764421026703	0.07862569999997504	epochs	2.0
9390.764421026703	0.03949079999983951	epochs	3.0
9390.803911826702	0.03913490000013553	epochs	3.0
9390.843046726703	0.07722760000069684	epochs	2.0
9390.843046726703	0.038785400000051595	epochs	3.0
9390.881832126703	0.038442200000645244	epochs	3.0
9390.920274326703	0.07587819999935164	epochs	2.0
9390.920274326703	0.03810479999992822	epochs	3.0
9390.958379126703	0.03777339999942342	epochs	3.0
9390.996152526703	0.07457520000025397	epochs	2.0
9390.996152526703	0.037447700000484474	epochs	3.0
9391.033600226703	0.0371274999997695	epochs	3.0
9391.070727726703	0.07331630000044242	epochs	2.0
9391.070727726703	0.03681289999985893	epochs	3.0
9391.107540626703	0.0365034000005835	epochs	3.0
9391.144044026703	0.07209899999907066	epochs	2.0
9391.144044026703	0.036199099999066675	epochs	3.0
9391.180243126702	0.03589990000000398	epochs	3.0
9391.216143026702	0.07092170000032638	epochs	2.0
9391.216143026702	0.03560560000005353	epochs	3.0
9391.251748626702	0.035316100000272854	epochs	3.0
9391.287064726703	0.06978200000048673	epochs	2.0
9391.287064726703	0.03503120000095805	epochs	3.0
9391.322095926704	0.03475079999952868	epochs	3.0
9391.356846726703	0.0686786000005668	epochs	2.0
9391.356846726703	0.03447509999932663	epochs	3.0
9391.391321826703	0.03420350000124017	epochs	3.0
9391.425525326704	0.06760929999836662	epochs	2.0
9391.425525326704	0.03393619999951625	epochs	3.0
9391.459461526703	0.033673099998850375	epochs	3.0
9391.493134626702	0.0665729000011197	epochs	2.0
9391.493134626702	0.033414000001357635	epochs	3.0
9391.526548626704	0.03315889999976207	epochs	3.0
9391.559707526703	0.06556780000028084	epochs	2.0
9391.559707526703	0.0329076999987592	epochs	3.0
9391.592615226702	0.03266010000152164	epochs	3.0
9391.625275326704	0.06459259999974165	epochs	2.0
9391.625275326704	0.03241639999941981	epochs	3.0
9391.657691726703	0.03217620000032184	epochs	3.0
9391.689867926703	0.06364599999869824	epochs	2.0
9391.689867926703	0.03193959999953222	epochs	3.0
9391.721807526703	0.031706399999166024	epochs	3.0
9391.753513926702	0.0627266999999847	epochs	2.0
9391.753513926702	0.03147660000104224	epochs	3.0
9391.784990526703	0.03125009999894246	epochs	3.0
9391.816240626702	0.061833600000682054	epochs	2.0
9391.816240626702	0.031026900000142632	epochs	3.0
9391.847267526702	0.030806700000539422	epochs	3.0
9391.878074226703	0.06096559999969031	epochs	2.0
9391.878074226703	0.03058980000059819	epochs	3.0
9391.908664026703	0.030375799999092123	epochs	3.0
9391.939039826702	0.06012160000136646	epochs	2.0
9391.939039826702	0.030164900001182104	epochs	3.0
9391.969204726704	0.029956700000184355	epochs	3.0
9391.999161426704	0.05930069999885745	epochs	2.0
9391.999161426704	0.029751599999144673	epochs	3.0
9392.028913026703	0.02954909999971278	epochs	3.0
9392.058462126703	0.058501800000158255	epochs	2.0
9392.058462126703	0.029349399999773595	epochs	3.0
9392.087811526702	0.02915240000038466	epochs	3.0
9392.116963926703	0.05772419999993872	epochs	2.0
9392.116963926703	0.028958000000784523	epochs	3.0
9392.145921926704	0.028766199999154196	epochs	3.0
9392.174688126703	0.05696709999938321	epochs	2.0
9392.174688126703	0.028577000000950648	epochs	3.0
9392.203265126704	0.02839009999843256	epochs	3.0
9392.231655226702	0.05622949999997218	epochs	2.0
9392.231655226702	0.028205700000398792	epochs	3.0
9392.259860926702	0.028023799999573384	epochs	3.0
9392.287884726702	0.05551070000001346	epochs	2.0
9392.287884726702	0.027844000000186497	epochs	3.0
9392.315728726702	0.02766669999982696	epochs	3.0
9392.343395426702	0.05481020000115677	epochs	2.0
9392.343395426702	0.027491500000905944	epochs	3.0
9392.370886926703	0.02731870000025083	epochs	3.0
9392.398205626703	0.05412699999942561	epochs	2.0
9392.398205626703	0.027147799999511335	epochs	3.0
9392.425353426703	0.026979199999914272	epochs	3.0
9392.452332626703	0.05346070000086911	epochs	2.0
9392.452332626703	0.02681260000099428	epochs	3.0
9392.479145226704	0.02664809999987483	epochs	3.0
9392.505793326703	0.0528106999990996	epochs	2.0
9392.505793326703	0.026485599999432452	epochs	3.0
9392.532278926703	0.026325099999667145	epochs	3.0
9392.558604026703	0.0521762000007584	epochs	2.0
9392.558604026703	0.026166400000875	epochs	3.0
9392.584770426703	0.0260097999998834	epochs	3.0
9392.610780226703	0.05155670000021928	epochs	2.0
9392.610780226703	0.02585480000016105	epochs	3.0
9392.636635026704	0.02570190000005823	epochs	3.0
9392.662336926704	0.05095189999883587	epochs	2.0
9392.662336926704	0.025550700000167126	epochs	3.0
9392.687887626704	0.025401199998668744	epochs	3.0
9392.713288826702	0.05036099999961152	epochs	2.0
9392.713288826702	0.025253499999962514	epochs	3.0
9392.738542326702	0.025107499999649008	epochs	3.0
9392.763649826702	0.04978380000102334	epochs	2.0
9392.763649826702	0.024963200001366204	epochs	3.0
9392.788613026703	0.024820599999657134	epochs	3.0
9392.813433626703	0.0492195000006177	epochs	2.0
9392.813433626703	0.024679399999513407	epochs	3.0
9392.838113026703	0.024540100001104292	epochs	3.0
9392.862653126704	0.0486678999986907	epochs	2.0
9392.862653126704	0.024402099999861093	epochs	3.0
9392.887055226704	0.024265799998829607	epochs	3.0
9392.911321026702	0.04812860000129149	epochs	2.0
9392.911321026702	0.024131000000124914	epochs	3.0
9392.935452026702	0.023997600001166575	epochs	3.0
9392.959449626704	0.04760109999915585	epochs	2.0
9392.959449626704	0.02386579999983951	epochs	3.0
9392.983315426703	0.02373529999931634	epochs	3.0
9393.007050726703	0.04708500000015192	epochs	2.0
9393.007050726703	0.023606299999300973	epochs	3.0
9393.030657026702	0.02347870000085095	epochs	3.0
9393.054135726703	0.04658000000017637	epochs	2.0
9393.054135726703	0.02335250000032829	epochs	3.0
9393.077488226703	0.023227499999848078	epochs	3.0
9393.100715726703	0.04608569999982137	epochs	2.0
9393.100715726703	0.02310399999987567	epochs	3.0
9393.123819726703	0.022981699999945704	epochs	3.0
9393.146801426703	0.04560180000044056	epochs	2.0
9393.146801426703	0.022860700000819634	epochs	3.0
9393.169662126704	0.02274109999962093	epochs	3.0
9393.192403226703	0.04512789999898814	epochs	2.0
9393.192403226703	0.02262249999876076	epochs	3.0
9393.215025726702	0.022505400000227382	epochs	3.0
9393.237531126702	0.04466380000121717	epochs	2.0
9393.237531126702	0.022389300000213552	epochs	3.0
9393.259920426703	0.022274500001003616	epochs	3.0
9393.282194926704	0.04420919999938633	epochs	2.0
9393.282194926704	0.022160799999255687	epochs	3.0
9393.304355726703	0.02204840000013064	epochs	3.0
9393.326404126703	0.04376360000060231	epochs	2.0
9393.326404126703	0.021936900000582682	epochs	3.0
9393.348341026704	0.021826700000019628	epochs	3.0
9393.370167726704	0.043327100000169594	epochs	2.0
9393.370167726704	0.02171759999873757	epochs	3.0
9393.391885326702	0.021609500001432025	epochs	3.0
9393.413494826704	0.04289900000003399	epochs	2.0
9393.413494826704	0.021502499999769498	epochs	3.0
9393.434997326704	0.021396500000264496	epochs	3.0
9393.456393826704	0.04247949999989942	epochs	2.0
9393.456393826704	0.02129169999898295	epochs	3.0
9393.477685526703	0.021187800000916468	epochs	3.0
9393.498873326704	0.04206789999989269	epochs	2.0
9393.498873326704	0.021084899999550544	epochs	3.0
9393.519958226703	0.020983000000342145	epochs	3.0
9393.540941226704	0.041664399999717716	epochs	2.0
9393.540941226704	0.020882199998595752	epochs	3.0
9393.561823426702	0.020782200001121964	epochs	3.0
9393.582605626703	0.04126849999920523	epochs	2.0
9393.582605626703	0.020683299999291194	epochs	3.0
9393.603288926703	0.02058519999991404	epochs	3.0
9393.623874126703	0.04088000000047032	epochs	2.0
9393.623874126703	0.02048810000087542	epochs	3.0
9393.644362226703	0.020391899999594898	epochs	3.0
9393.664754126703	0.040498799999113544	epochs	2.0
9393.664754126703	0.020296599999710452	epochs	3.0
9393.685050726703	0.020202199999403092	epochs	3.0
9393.705252926702	0.04012460000012652	epochs	2.0
9393.705252926702	0.020108700000491808	epochs	3.0
9393.725361626703	0.020015899999634712	epochs	3.0
9393.745377526702	0.03975730000092881	epochs	2.0
9393.745377526702	0.0199241999998776	epochs	3.0
9393.765301726702	0.019833100001051207	epochs	3.0
9393.785134826703	0.03939669999999751	epochs	2.0
9393.785134826703	0.01974299999892537	epochs	3.0
9393.804877826702	0.01965370000107214	epochs	3.0
9393.824531526703	0.03904239999974379	epochs	2.0
9393.824531526703	0.019565099999454105	epochs	3.0
9393.844096626703	0.019477300000289688	epochs	3.0
9393.863573926703	0.03869459999987157	epochs	2.0
9393.863573926703	0.019390400000702357	epochs	3.0
9393.882964326704	0.019304199999169214	epochs	3.0
9393.902268526703	0.03835290000097302	epochs	2.0
9393.902268526703	0.019218800000089686	epochs	3.0
9393.921487326703	0.019134100000883336	epochs	3.0
9393.940621426704	0.03801719999864872	epochs	2.0
9393.940621426704	0.019050199998673634	epochs	3.0
9393.959671626702	0.018966999999975087	epochs	3.0
9393.978638626702	0.037687199999709264	epochs	2.0
9393.978638626702	0.018884500001149718	epochs	3.0
9393.997523126704	0.018802699998559547	epochs	3.0
9394.016325826702	0.037363100000220584	epochs	2.0
9394.016325826702	0.01872170000024198	epochs	3.0
9394.035047526702	0.018641399999978603	epochs	3.0
9394.053688926702	0.03704430000107095	epochs	2.0
9394.053688926702	0.018561599999884493	epochs	3.0
9394.072250526702	0.01848270000118646	epochs	3.0
9394.090733226703	0.036731000000145286	epochs	2.0
9394.090733226703	0.018404299999019713	epochs	3.0
9394.109137526702	0.018326700001125573	epochs	3.0
9394.127464226704	0.03642289999879722	epochs	2.0
9394.127464226704	0.018249599999762722	epochs	3.0
9394.145713826703	0.018173299999034498	epochs	3.0
9394.163887126702	0.03612010000142618	epochs	2.0
9394.163887126702	0.01809760000105598	epochs	3.0
9394.181984726703	0.0180225000003702	epochs	3.0
9394.200007226704	0.03582209999876795	epochs	2.0
9394.200007226704	0.01794789999985369	epochs	3.0
9394.217955126704	0.017874199998914264	epochs	3.0
9394.235829326703	0.035529000000678934	epochs	2.0
9394.235829326703	0.017800800000259187	epochs	3.0
9394.253630126703	0.017728200000419747	epochs	3.0
9394.271358326703	0.035240699999121716	epochs	2.0
9394.271358326703	0.017656099998930586	epochs	3.0
9394.289014426702	0.01758460000019113	epochs	3.0
9394.306599026702	0.03495710000061081	epochs	2.0
9394.306599026702	0.017513700000563404	epochs	3.0
9394.324112726703	0.017443400000047404	epochs	3.0
9394.341556126703	0.03467789999922388	epochs	2.0
9394.341556126703	0.017373599999700673	epochs	3.0
9394.358929726703	0.01730429999952321	epochs	3.0
9394.376234026702	0.03440330000012182	epochs	2.0
9394.376234026702	0.017235700001037912	epochs	3.0
9394.393469726703	0.017167599999083905	epochs	3.0
9394.410637326702	0.034132800001316355	epochs	2.0
9394.410637326702	0.017099900000175694	epochs	3.0
9394.427737226702	0.01703290000114066	epochs	3.0
9394.444770126704	0.033866699999634875	epochs	2.0
9394.444770126704	0.016966399998636916	epochs	3.0
9394.461736526702	0.01690030000099796	epochs	3.0
9394.478636826703	0.03360459999930754	epochs	2.0
9394.478636826703	0.01683479999883275	epochs	3.0
9394.495471626702	0.016769800000474788	epochs	3.0
9394.512241426703	0.033346600001095794	epochs	2.0
9394.512241426703	0.016705300000467105	epochs	3.0
9394.528946726703	0.01664130000062869	epochs	3.0
9394.545588026704	0.033092499999838765	epochs	2.0
9394.545588026704	0.016577799999140552	epochs	3.0
9394.562165826703	0.016514700000698213	epochs	3.0
9394.578680526703	0.03284229999917443	epochs	2.0
9394.578680526703	0.01645219999954861	epochs	3.0
9394.595132726703	0.016390099999625818	epochs	3.0
9394.611522826703	0.03259570000045642	epochs	2.0
9394.611522826703	0.016328400000929832	epochs	3.0
9394.627851226704	0.016267299999526585	epochs	3.0
9394.644118526703	0.03235289999975066	epochs	2.0
9394.644118526703	0.016206599999350146	epochs	3.0
9394.660325126702	0.016146300000400515	epochs	3.0
9394.676471426703	0.03211369999917224	epochs	2.0
9394.676471426703	0.016086600000562612	epochs	3.0
9394.692558026703	0.01602709999860963	epochs	3.0
9394.708585126702	0.031878000001597684	epochs	2.0
9394.708585126702	0.01596820000122534	epochs	3.0
9394.724553326703	0.015909800000372343	epochs	3.0
9394.740463126704	0.031645699998989585	epochs	2.0
9394.740463126704	0.015851599999223254	epochs	3.0
9394.756314726703	0.01579409999976633	epochs	3.0
9394.772108826703	0.03141669999968144	epochs	2.0
9394.772108826703	0.015736700001070858	epochs	3.0
9394.787845526704	0.015679999998610583	epochs	3.0
9394.803525526702	0.031191100000796723	epochs	2.0
9394.803525526702	0.015623600000253646	epochs	3.0
9394.819149126703	0.015567500000543077	epochs	3.0
9394.834716626703	0.030968699998993543	epochs	2.0
9394.834716626703	0.015511999999944237	epochs	3.0
9394.850228626703	0.015456699999049306	epochs	3.0
9394.865685326702	0.030749500001547858	epochs	2.0
9394.865685326702	0.015402000000904081	epochs	3.0
9394.881087326703	0.015347500000643777	epochs	3.0
9394.896434826704	0.030533199998899363	epochs	2.0
9394.896434826704	0.01529339999979129	epochs	3.0
9394.911728226703	0.015239799999108072	epochs	3.0
9394.926968026703	0.030320100000608363	epochs	2.0
9394.926968026703	0.015186500000709202	epochs	3.0
9394.942154526703	0.015133599999899161	epochs	3.0
9394.957288126703	0.030109899998933543	epochs	2.0
9394.957288126703	0.015080999999554479	epochs	3.0
9394.972369126703	0.015028899999379064	epochs	3.0
9394.987398026702	0.02990250000038941	epochs	2.0
9394.987398026702	0.014977000000726548	epochs	3.0
9395.002375026703	0.014925499999662861	epochs	3.0
9395.017300526702	0.029698100001041894	epochs	2.0
9395.017300526702	0.014874399999825982	epochs	3.0
9395.032174926702	0.014823700001215911	epochs	3.0
9395.046998626703	0.02949629999966419	epochs	2.0
9395.046998626703	0.014773199998671771	epochs	3.0
9395.061771826702	0.014723100000992417	epochs	3.0
9395.076494926703	0.02929740000035963	epochs	2.0
9395.076494926703	0.014673399999082903	epochs	3.0
9395.091168326702	0.014624000001276727	epochs	3.0
9395.105792326704	0.029101099999024882	epochs	2.0
9395.105792326704	0.01457489999847894	epochs	3.0
9395.120367226702	0.014526200000545941	epochs	3.0
9395.134893426703	0.028907400001116912	epochs	2.0
9395.134893426703	0.014477700000497862	epochs	3.0
9395.149371126703	0.01442970000061905	epochs	3.0
9395.163800826704	0.028716199998598313	epochs	2.0
9395.163800826704	0.014381799999682698	epochs	3.0
9395.178182626703	0.014334399998915615	epochs	3.0
9395.192517026702	0.02852760000132548	epochs	2.0
9395.192517026702	0.014287200001490419	epochs	3.0
9395.206804226704	0.014240399999835063	epochs	3.0
9395.221044626704	0.028341399998680572	epochs	2.0
9395.221044626704	0.014193799999702605	epochs	3.0
9395.235238426703	0.014147599998977967	epochs	3.0
9395.249386026702	0.02815770000051998	epochs	2.0
9395.249386026702	0.014101700000537676	epochs	3.0
9395.263487726703	0.014055999999982305	epochs	3.0
9395.277543726703	0.02797629999986384	epochs	2.0
9395.277543726703	0.014010599999892293	epochs	3.0
9395.291554326703	0.013965699999971548	epochs	3.0
9395.305520026703	0.02779720000035013	epochs	2.0
9395.305520026703	0.013920800000050804	epochs	3.0
9395.319440826703	0.013876400000299327	epochs	3.0
9395.333317226703	0.02762040000015986	epochs	2.0
9395.333317226703	0.01383220000025176	epochs	3.0
9395.347149426703	0.013788199999908102	epochs	3.0
9395.360937626703	0.027445899999293033	epochs	2.0
9395.360937626703	0.013744599998972262	epochs	3.0
9395.374682226702	0.01370130000032077	epochs	3.0
9395.388383526702	0.027273499999864725	epochs	2.0
9395.388383526702	0.0136581999995542	epochs	3.0
9395.402041726702	0.013615300000310526	epochs	3.0
9395.415657026702	0.02710339999975986	epochs	2.0
9395.415657026702	0.013572800000474672	epochs	3.0
9395.429229826703	0.013530599999285187	epochs	3.0
9395.442760426702	0.026935200001389603	epochs	2.0
9395.442760426702	0.01348839999991469	epochs	3.0
9395.456248826702	0.013446800001474912	epochs	3.0
9395.469695626703	0.02676919999976235	epochs	2.0
9395.469695626703	0.013405199999397155	epochs	3.0
9395.483100826703	0.013364000000365195	epochs	3.0
9395.496464826703	0.026605199998812168	epochs	2.0
9395.496464826703	0.013322900000275695	epochs	3.0
9395.509787726704	0.013282299998536473	epochs	3.0
9395.523070026702	0.026443200000358047	epochs	2.0
9395.523070026702	0.01324170000043523	epochs	3.0
9395.536311726702	0.013201499999922817	epochs	3.0
9395.549513226702	0.026283200000762008	epochs	2.0
9395.549513226702	0.013161500000933302	epochs	3.0
9395.562674726703	0.013121699999828706	epochs	3.0
9395.575796426703	0.026125000000320142	epochs	2.0
9395.575796426703	0.01308210000024701	epochs	3.0
9395.588878526703	0.013042900000073132	epochs	3.0
9395.601921426703	0.025968899999497808	epochs	2.0
9395.601921426703	0.013003899999603163	epochs	3.0
9395.614925326703	0.012964999999894644	epochs	3.0
9395.627890326703	0.025814500000706175	epochs	2.0
9395.627890326703	0.012926400000651483	epochs	3.0
9395.640816726704	0.012888100000054692	epochs	3.0
9395.653704826704	0.025661899999249727	epochs	2.0
9395.653704826704	0.01284989999840036	epochs	3.0
9395.666554726702	0.012812000000849366	epochs	3.0
9395.679366726703	0.02551119999952789	epochs	2.0
9395.679366726703	0.012774400000125752	epochs	3.0
9395.692141126703	0.012736799999402137	epochs	3.0
9395.704877926702	0.025362300000779214	epochs	2.0
9395.704877926702	0.01269970000066678	epochs	3.0
9395.717577626703	0.012662600000112434	epochs	3.0
9395.730240226703	0.025214999999661813	epochs	2.0
9395.730240226703	0.012625800000023446	epochs	3.0
9395.742866026703	0.012589199999638367	epochs	3.0
9395.755455226703	0.024584799999502138	epochs	2.0
9395.777736526703	0.5	epochs	-1.0
9395.780040026702	0.999920000000202	epochs	1.0
9396.277736526703	0.5	epochs	-1.0
9397.886000156403	0.08303999999952794	epochs	0.0
9397.886000156403	0.036520999999993364	epochs	1.0
9397.922521156403	0.009997999999541207	epochs	1.0
9397.932519156402	0.036520999999993364	epochs	1.0
9397.969040156402	2.0	epochs	0.0
9399.969040156402	21.516560000000027	epochs	0.0
9399.969040156402	1.0	epochs	1.0
9399.969056656402	0.5	epochs	-1.0
9400.469056656402	19.9976800000004	epochs	-1.0
9400.969040156402	20.0	epochs	1.0
9400.969040156402	4.356753899999603	epochs	-1.0
9400.969040156402	1.9745872000003146	epochs	2.0
9400.969040156402	1.0985622000007425	epochs	3.0
9402.067602356403	0.8760249999995722	epochs	3.0
9402.943627356402	1.3524075000004814	epochs	2.0
9402.943627356402	0.7286354999996547	epochs	3.0
9403.672262856402	0.6237720000008267	epochs	3.0
9404.296034856403	1.0297591999988072	epochs	2.0
9404.296034856403	0.545329299999139	epochs	3.0
9404.841364156402	0.4844298999996681	epochs	3.0
9405.325794056402	0.8317862000003515	epochs	2.0
9405.325794056402	0.4357763000007253	epochs	3.0
9405.761570356402	0.3960098999996262	epochs	3.0
9406.157580256402	0.697797000000719	epochs	2.0
9406.157580256402	0.3628982000009273	epochs	3.0
9406.520478456403	0.33489879999979166	epochs	3.0
9406.855377256403	0.6010456999993039	epochs	2.0
9406.855377256403	0.31091229999947245	epochs	3.0
9407.166289556402	0.29013339999983145	epochs	3.0
9407.456422956402	0.5278859000009106	epochs	2.0
9407.456422956402	0.27195860000028915	epochs	3.0
9407.728381556402	0.25592730000062147	epochs	3.0
9407.984308856403	0.4706193000001804	epochs	2.0
9407.984308856403	0.241681299999982	epochs	3.0
9408.225990156403	0.22893800000019837	epochs	3.0
9408.454928156403	0.424570399998629	epochs	2.0
9408.454928156403	0.21747139999934006	epochs	3.0
9408.672399556403	0.20709899999928894	epochs	3.0
9408.879498556402	0.38673540000127105	epochs	2.0
9408.879498556402	0.19767110000066168	epochs	3.0
9409.077169656402	0.18906430000060936	epochs	3.0
9409.266233956403	0.3550952999994479	epochs	2.0
9409.266233956403	0.18117589999928896	epochs	3.0
9409.447409856402	0.17391940000015893	epochs	3.0
9409.621329256403	0.3282431000006909	epochs	2.0
9409.621329256403	0.1672218999992765	epochs	3.0
9409.788551156402	0.1610212000014144	epochs	3.0
9409.949572356403	0.3051679999989574	epochs	2.0
9409.949572356403	0.15526390000013635	epochs	3.0
9410.104836256403	0.14990409999882104	epochs	3.0
9410.254740356402	0.28512530000080005	epochs	2.0
9410.254740356402	0.1449021000007633	epochs	3.0
9410.399642456403	0.14022320000003674	epochs	3.0
9410.539865656403	0.26755380000031437	epochs	2.0
9410.539865656403	0.1358368999990489	epochs	3.0
9410.675702556402	0.13171690000126546	epochs	3.0
9410.807419456403	0.25202290000015637	epochs	2.0
9410.807419456403	0.12783929999932298	epochs	3.0
9410.935258756403	0.1241836000008334	epochs	3.0
9411.059442356403	0.23819649999859394	epochs	2.0
9411.059442356403	0.1207310999998299	epochs	3.0
9411.180173456403	0.11746539999876404	epochs	3.0
9411.297638856402	0.22580879999986792	epochs	2.0
9411.297638856402	0.11437190000106057	epochs	3.0
9411.412010756403	0.11143689999880735	epochs	3.0
9411.523447656402	0.21464600000035716	epochs	2.0
9411.523447656402	0.10864890000084415	epochs	3.0
9411.632096556403	0.10599709999951301	epochs	3.0
9411.738093656402	0.2045350000007602	epochs	2.0
9411.738093656402	0.10347150000052352	epochs	3.0
9411.841565156403	0.10106350000023667	epochs	3.0
9411.942628656403	0.19533400000000256	epochs	2.0
9411.942628656403	0.09876509999958216	epochs	3.0
9412.041393756403	0.0965689000004204	epochs	3.0
9412.137962656403	0.18692530000043917	epochs	2.0
9412.137962656403	0.09446829999978945	epochs	3.0
9412.232430956403	0.09245700000064971	epochs	3.0
9412.324887956403	0.17921069999829342	epochs	2.0
9412.324887956403	0.09052959999826271	epochs	3.0
9412.415417556402	0.08868110000003071	epochs	3.0
9412.504098656402	0.17210770000019693	epochs	2.0
9412.504098656402	0.08690630000091915	epochs	3.0
9412.591004956403	0.08520139999927778	epochs	3.0
9412.676206356402	0.16554640000140353	epochs	2.0
9412.676206356402	0.08356190000085917	epochs	3.0
9412.759768256403	0.08198450000054436	epochs	3.0
9412.841752756403	0.15946709999843733	epochs	2.0
9412.841752756403	0.08046539999850211	epochs	3.0
9412.922218156402	0.07900169999993523	epochs	3.0
9413.001219856402	0.15381840000009106	epochs	2.0
9413.001219856402	0.07759010000154376	epochs	3.0
9413.078809956403	0.0762282999985473	epochs	3.0
9413.155038256402	0.14855640000132553	epochs	2.0
9413.155038256402	0.07491330000084417	epochs	3.0
9413.229951556403	0.07364310000048135	epochs	3.0
9413.303594656403	0.14364239999849815	epochs	2.0
9413.303594656403	0.07241499999872758	epochs	3.0
9413.376009656402	0.07122739999977057	epochs	3.0
9413.447237056402	0.13904309999998077	epochs	2.0
9413.447237056402	0.0700780000006489	epochs	3.0
9413.517315056402	0.06896509999933187	epochs	3.0
9413.586280156402	0.1347293000017089	epochs	2.0
9413.586280156402	0.0678871000000072	epochs	3.0
9413.654167256402	0.06684220000170171	epochs	3.0
9413.721009456403	0.1306752000000415	epochs	2.0
9413.721009456403	0.06582909999997355	epochs	3.0
9413.786838556403	0.06484610000006796	epochs	3.0
9413.851684656403	0.1268577999999252	epochs	2.0
9413.851684656403	0.06389199999830453	epochs	3.0
9413.915576656402	0.06296580000162066	epochs	3.0
9413.978542456403	0.12325719999898865	epochs	2.0
9413.978542456403	0.062065799998890725	epochs	3.0
9414.040608256402	0.06119140000009793	epochs	3.0
9414.101799656402	0.1198554000002332	epochs	2.0
9414.101799656402	0.06034110000109649	epochs	3.0
9414.162140756403	0.05951429999913671	epochs	3.0
9414.221655056403	0.11663620000035735	epochs	2.0
9414.221655056403	0.058709599999929196	epochs	3.0
9414.280364656403	0.05792660000042815	epochs	3.0
9414.338291256403	0.11358560000007856	epochs	2.0
9414.338291256403	0.057164199999533594	epochs	3.0
9414.395455456402	0.05642140000054496	epochs	3.0
9414.451876856403	0.11069049999969138	epochs	2.0
9414.451876856403	0.055697899999358924	epochs	3.0
9414.507574756402	0.05499260000033246	epochs	3.0
9414.562567356403	0.10793910000029427	epochs	2.0
9414.562567356403	0.05430490000071586	epochs	3.0
9414.616872256403	0.053634199999578414	epochs	3.0
9414.670506456403	0.10532149999926332	epochs	2.0
9414.670506456403	0.05298000000038883	epochs	3.0
9414.723486456403	0.0523414999988745	epochs	3.0
9414.775827956402	0.10282759999972768	epochs	2.0
9414.775827956402	0.05171809999956167	epochs	3.0
9414.827546056402	0.05110950000016601	epochs	3.0
9414.878655556402	0.10044910000033269	epochs	2.0
9414.878655556402	0.050514900000052876	epochs	3.0
9414.929170456402	0.049934200000279816	epochs	3.0
9414.979104656402	0.09817830000065442	epochs	2.0
9414.979104656402	0.0493666000002122	epochs	3.0
9415.028471256403	0.048811700000442215	epochs	3.0
9415.077282956403	0.09600779999891529	epochs	2.0
9415.077282956403	0.04826919999868551	epochs	3.0
9415.125552156402	0.04773860000022978	epochs	3.0
9415.173290756402	0.09393120000095223	epochs	2.0
9415.173290756402	0.047219500000210246	epochs	3.0
9415.220510256402	0.046711700000741985	epochs	3.0
9415.267221956403	0.09194260000003851	epochs	2.0
9415.267221956403	0.04621459999907529	epochs	3.0
9415.313436556402	0.04572800000096322	epochs	3.0
9415.359164556403	0.09003630000006524	epochs	2.0
9415.359164556403	0.045251499999722	epochs	3.0
9415.404416056403	0.04478480000034324	epochs	3.0
9415.449200856403	0.0882075999998051	epochs	2.0
9415.449200856403	0.0443278000002465	epochs	3.0
9415.493528656403	0.0438797999995586	epochs	3.0
9415.537408456403	0.0864516999990883	epochs	2.0
9415.537408456403	0.04344099999980244	epochs	3.0
9415.580849456403	0.04301069999928586	epochs	3.0
9415.623860156402	0.08476430000155233	epochs	2.0
9415.623860156402	0.042589000000589294	epochs	3.0
9415.666449156402	0.042175300000963034	epochs	3.0
9415.708624456403	0.08314149999932852	epochs	2.0
9415.708624456403	0.04176969999934954	epochs	3.0
9415.750394156403	0.041371799999978975	epochs	3.0
9415.791765956403	0.08157969999956549	epochs	2.0
9415.791765956403	0.04098139999950945	epochs	3.0
9415.832747356402	0.04059830000005604	epochs	3.0
9415.873345656402	0.08007550000002084	epochs	2.0
9415.873345656402	0.040222300000095856	epochs	3.0
9415.913567956402	0.03985319999992498	epochs	3.0
9415.953421156402	0.07862569999997504	epochs	2.0
9415.953421156402	0.03949079999983951	epochs	3.0
9415.992911956402	0.03913490000013553	epochs	3.0
9416.032046856402	0.07722760000069684	epochs	2.0
9416.032046856402	0.038785400000051595	epochs	3.0
9416.070832256402	0.038442200000645244	epochs	3.0
9416.109274456403	0.07587819999935164	epochs	2.0
9416.109274456403	0.03810479999992822	epochs	3.0
9416.147379256403	0.03777339999942342	epochs	3.0
9416.185152656402	0.07457520000025397	epochs	2.0
9416.185152656402	0.037447700000484474	epochs	3.0
9416.222600356403	0.0371274999997695	epochs	3.0
9416.259727856403	0.07331630000044242	epochs	2.0
9416.259727856403	0.03681289999985893	epochs	3.0
9416.296540756402	0.0365034000005835	epochs	3.0
9416.333044156403	0.07209899999907066	epochs	2.0
9416.333044156403	0.036199099999066675	epochs	3.0
9416.369243256402	0.03589990000000398	epochs	3.0
9416.405143156402	0.07092170000032638	epochs	2.0
9416.405143156402	0.03560560000005353	epochs	3.0
9416.440748756402	0.035316100000272854	epochs	3.0
9416.476064856402	0.06978200000048673	epochs	2.0
9416.476064856402	0.03503120000095805	epochs	3.0
9416.511096056403	0.03475079999952868	epochs	3.0
9416.545846856403	0.0686786000005668	epochs	2.0
9416.545846856403	0.03447509999932663	epochs	3.0
9416.580321956402	0.03420350000124017	epochs	3.0
9416.614525456403	0.06760929999836662	epochs	2.0
9416.614525456403	0.03393619999951625	epochs	3.0
9416.648461656403	0.033673099998850375	epochs	3.0
9416.682134756402	0.0665729000011197	epochs	2.0
9416.682134756402	0.033414000001357635	epochs	3.0
9416.715548756403	0.03315889999976207	epochs	3.0
9416.748707656403	0.06556780000028084	epochs	2.0
9416.748707656403	0.0329076999987592	epochs	3.0
9416.781615356402	0.03266010000152164	epochs	3.0
9416.814275456403	0.06459259999974165	epochs	2.0
9416.814275456403	0.03241639999941981	epochs	3.0
9416.846691856403	0.03217620000032184	epochs	3.0
9416.878868056403	0.06364599999869824	epochs	2.0
9416.878868056403	0.03193959999953222	epochs	3.0
9416.910807656403	0.031706399999166024	epochs	3.0
9416.942514056402	0.0627266999999847	epochs	2.0
9416.942514056402	0.03147660000104224	epochs	3.0
9416.973990656403	0.03125009999894246	epochs	3.0
9417.005240756402	0.061833600000682054	epochs	2.0
9417.005240756402	0.031026900000142632	epochs	3.0
9417.036267656402	0.030806700000539422	epochs	3.0
9417.067074356402	0.06096559999969031	epochs	2.0
9417.067074356402	0.03058980000059819	epochs	3.0
9417.097664156403	0.030375799999092123	epochs	3.0
9417.128039956402	0.06012160000136646	epochs	2.0
9417.128039956402	0.030164900001182104	epochs	3.0
9417.158204856403	0.029956700000184355	epochs	3.0
9417.188161556403	0.05930069999885745	epochs	2.0
9417.188161556403	0.029751599999144673	epochs	3.0
9417.217913156403	0.02954909999971278	epochs	3.0
9417.247462256402	0.058501800000158255	epochs	2.0
9417.247462256402	0.029349399999773595	epochs	3.0
9417.276811656402	0.02915240000038466	epochs	3.0
9417.305964056402	0.05772419999993872	epochs	2.0
9417.305964056402	0.028958000000784523	epochs	3.0
9417.334922056403	0.028766199999154196	epochs	3.0
9417.363688256402	0.05696709999938321	epochs	2.0
9417.363688256402	0.028577000000950648	epochs	3.0
9417.392265256403	0.02839009999843256	epochs	3.0
9417.420655356402	0.05622949999997218	epochs	2.0
9417.420655356402	0.028205700000398792	epochs	3.0
9417.448861056402	0.028023799999573384	epochs	3.0
9417.476884856402	0.05551070000001346	epochs	2.0
9417.476884856402	0.027844000000186497	epochs	3.0
9417.504728856402	0.02766669999982696	epochs	3.0
9417.532395556402	0.05481020000115677	epochs	2.0
9417.532395556402	0.027491500000905944	epochs	3.0
9417.559887056403	0.02731870000025083	epochs	3.0
9417.587205756403	0.05412699999942561	epochs	2.0
9417.587205756403	0.027147799999511335	epochs	3.0
9417.614353556402	0.026979199999914272	epochs	3.0
9417.641332756402	0.05346070000086911	epochs	2.0
9417.641332756402	0.02681260000099428	epochs	3.0
9417.668145356403	0.02664809999987483	epochs	3.0
9417.694793456403	0.0528106999990996	epochs	2.0
9417.694793456403	0.026485599999432452	epochs	3.0
9417.721279056403	0.026325099999667145	epochs	3.0
9417.747604156402	0.0521762000007584	epochs	2.0
9417.747604156402	0.026166400000875	epochs	3.0
9417.773770556403	0.0260097999998834	epochs	3.0
9417.799780356403	0.05155670000021928	epochs	2.0
9417.799780356403	0.02585480000016105	epochs	3.0
9417.825635156403	0.02570190000005823	epochs	3.0
9417.851337056403	0.05095189999883587	epochs	2.0
9417.851337056403	0.025550700000167126	epochs	3.0
9417.876887756403	0.025401199998668744	epochs	3.0
9417.902288956402	0.05036099999961152	epochs	2.0
9417.902288956402	0.025253499999962514	epochs	3.0
9417.927542456402	0.025107499999649008	epochs	3.0
9417.952649956402	0.04978380000102334	epochs	2.0
9417.952649956402	0.024963200001366204	epochs	3.0
9417.977613156403	0.024820599999657134	epochs	3.0
9418.002433756403	0.0492195000006177	epochs	2.0
9418.002433756403	0.024679399999513407	epochs	3.0
9418.027113156402	0.024540100001104292	epochs	3.0
9418.051653256403	0.0486678999986907	epochs	2.0
9418.051653256403	0.024402099999861093	epochs	3.0
9418.076055356403	0.024265799998829607	epochs	3.0
9418.100321156402	0.04812860000129149	epochs	2.0
9418.100321156402	0.024131000000124914	epochs	3.0
9418.124452156402	0.023997600001166575	epochs	3.0
9418.148449756403	0.04760109999915585	epochs	2.0
9418.148449756403	0.02386579999983951	epochs	3.0
9418.172315556403	0.02373529999931634	epochs	3.0
9418.196050856403	0.04708500000015192	epochs	2.0
9418.196050856403	0.023606299999300973	epochs	3.0
9418.219657156402	0.02347870000085095	epochs	3.0
9418.243135856403	0.04658000000017637	epochs	2.0
9418.243135856403	0.02335250000032829	epochs	3.0
9418.266488356403	0.023227499999848078	epochs	3.0
9418.289715856403	0.04608569999982137	epochs	2.0
9418.289715856403	0.02310399999987567	epochs	3.0
9418.312819856403	0.022981699999945704	epochs	3.0
9418.335801556403	0.04560180000044056	epochs	2.0
9418.335801556403	0.022860700000819634	epochs	3.0
9418.358662256403	0.02274109999962093	epochs	3.0
9418.381403356403	0.04512789999898814	epochs	2.0
9418.381403356403	0.02262249999876076	epochs	3.0
9418.404025856402	0.022505400000227382	epochs	3.0
9418.426531256402	0.04466380000121717	epochs	2.0
9418.426531256402	0.022389300000213552	epochs	3.0
9418.448920556402	0.022274500001003616	epochs	3.0
9418.471195056403	0.04420919999938633	epochs	2.0
9418.471195056403	0.022160799999255687	epochs	3.0
9418.493355856403	0.02204840000013064	epochs	3.0
9418.515404256403	0.04376360000060231	epochs	2.0
9418.515404256403	0.021936900000582682	epochs	3.0
9418.537341156403	0.021826700000019628	epochs	3.0
9418.559167856403	0.043327100000169594	epochs	2.0
9418.559167856403	0.02171759999873757	epochs	3.0
9418.580885456402	0.021609500001432025	epochs	3.0
9418.602494956403	0.04289900000003399	epochs	2.0
9418.602494956403	0.021502499999769498	epochs	3.0
9418.623997456403	0.021396500000264496	epochs	3.0
9418.645393956403	0.04247949999989942	epochs	2.0
9418.645393956403	0.02129169999898295	epochs	3.0
9418.666685656402	0.021187800000916468	epochs	3.0
9418.687873456403	0.04206789999989269	epochs	2.0
9418.687873456403	0.021084899999550544	epochs	3.0
9418.708958356403	0.020983000000342145	epochs	3.0
9418.729941356403	0.041664399999717716	epochs	2.0
9418.729941356403	0.020882199998595752	epochs	3.0
9418.750823556402	0.020782200001121964	epochs	3.0
9418.771605756403	0.04126849999920523	epochs	2.0
9418.771605756403	0.020683299999291194	epochs	3.0
9418.792289056402	0.02058519999991404	epochs	3.0
9418.812874256402	0.04088000000047032	epochs	2.0
9418.812874256402	0.02048810000087542	epochs	3.0
9418.833362356403	0.020391899999594898	epochs	3.0
9418.853754256403	0.040498799999113544	epochs	2.0
9418.853754256403	0.020296599999710452	epochs	3.0
9418.874050856402	0.020202199999403092	epochs	3.0
9418.894253056402	0.04012460000012652	epochs	2.0
9418.894253056402	0.020108700000491808	epochs	3.0
9418.914361756402	0.020015899999634712	epochs	3.0
9418.934377656402	0.03975730000092881	epochs	2.0
9418.934377656402	0.0199241999998776	epochs	3.0
9418.954301856402	0.019833100001051207	epochs	3.0
9418.974134956403	0.03939669999999751	epochs	2.0
9418.974134956403	0.01974299999892537	epochs	3.0
9418.993877956402	0.01965370000107214	epochs	3.0
9419.013531656403	0.03904239999974379	epochs	2.0
9419.013531656403	0.019565099999454105	epochs	3.0
9419.033096756402	0.019477300000289688	epochs	3.0
9419.052574056403	0.03869459999987157	epochs	2.0
9419.052574056403	0.019390400000702357	epochs	3.0
9419.071964456403	0.019304199999169214	epochs	3.0
9419.091268656402	0.03835290000097302	epochs	2.0
9419.091268656402	0.019218800000089686	epochs	3.0
9419.110487456403	0.019134100000883336	epochs	3.0
9419.129621556403	0.03801719999864872	epochs	2.0
9419.129621556403	0.019050199998673634	epochs	3.0
9419.148671756402	0.018966999999975087	epochs	3.0
9419.167638756402	0.037687199999709264	epochs	2.0
9419.167638756402	0.018884500001149718	epochs	3.0
9419.186523256403	0.018802699998559547	epochs	3.0
9419.205325956402	0.037363100000220584	epochs	2.0
9419.205325956402	0.01872170000024198	epochs	3.0
9419.224047656402	0.018641399999978603	epochs	3.0
9419.242689056402	0.03704430000107095	epochs	2.0
9419.242689056402	0.018561599999884493	epochs	3.0
9419.261250656402	0.01848270000118646	epochs	3.0
9419.279733356403	0.036731000000145286	epochs	2.0
9419.279733356403	0.018404299999019713	epochs	3.0
9419.298137656402	0.018326700001125573	epochs	3.0
9419.316464356403	0.03642289999879722	epochs	2.0
9419.316464356403	0.018249599999762722	epochs	3.0
9419.334713956403	0.018173299999034498	epochs	3.0
9419.352887256402	0.03612010000142618	epochs	2.0
9419.352887256402	0.01809760000105598	epochs	3.0
9419.370984856403	0.0180225000003702	epochs	3.0
9419.389007356403	0.03582209999876795	epochs	2.0
9419.389007356403	0.01794789999985369	epochs	3.0
9419.406955256403	0.017874199998914264	epochs	3.0
9419.424829456402	0.035529000000678934	epochs	2.0
9419.424829456402	0.017800800000259187	epochs	3.0
9419.442630256402	0.017728200000419747	epochs	3.0
9419.460358456403	0.035240699999121716	epochs	2.0
9419.460358456403	0.017656099998930586	epochs	3.0
9419.478014556402	0.01758460000019113	epochs	3.0
9419.495599156402	0.03495710000061081	epochs	2.0
9419.495599156402	0.017513700000563404	epochs	3.0
9419.513112856403	0.017443400000047404	epochs	3.0
9419.530556256403	0.03467789999922388	epochs	2.0
9419.530556256403	0.017373599999700673	epochs	3.0
9419.547929856402	0.01730429999952321	epochs	3.0
9419.565234156402	0.03440330000012182	epochs	2.0
9419.565234156402	0.017235700001037912	epochs	3.0
9419.582469856403	0.017167599999083905	epochs	3.0
9419.599637456402	0.034132800001316355	epochs	2.0
9419.599637456402	0.017099900000175694	epochs	3.0
9419.616737356402	0.01703290000114066	epochs	3.0
9419.633770256403	0.033866699999634875	epochs	2.0
9419.633770256403	0.016966399998636916	epochs	3.0
9419.650736656402	0.01690030000099796	epochs	3.0
9419.667636956403	0.03360459999930754	epochs	2.0
9419.667636956403	0.01683479999883275	epochs	3.0
9419.684471756402	0.016769800000474788	epochs	3.0
9419.701241556402	0.033346600001095794	epochs	2.0
9419.701241556402	0.016705300000467105	epochs	3.0
9419.717946856403	0.01664130000062869	epochs	3.0
9419.734588156403	0.033092499999838765	epochs	2.0
9419.734588156403	0.016577799999140552	epochs	3.0
9419.751165956402	0.016514700000698213	epochs	3.0
9419.767680656403	0.03284229999917443	epochs	2.0
9419.767680656403	0.01645219999954861	epochs	3.0
9419.784132856403	0.016390099999625818	epochs	3.0
9419.800522956402	0.03259570000045642	epochs	2.0
9419.800522956402	0.016328400000929832	epochs	3.0
9419.816851356403	0.016267299999526585	epochs	3.0
9419.833118656403	0.03235289999975066	epochs	2.0
9419.833118656403	0.016206599999350146	epochs	3.0
9419.849325256402	0.016146300000400515	epochs	3.0
9419.865471556403	0.03211369999917224	epochs	2.0
9419.865471556403	0.016086600000562612	epochs	3.0
9419.881558156403	0.01602709999860963	epochs	3.0
9419.897585256402	0.031878000001597684	epochs	2.0
9419.897585256402	0.01596820000122534	epochs	3.0
9419.913553456403	0.015909800000372343	epochs	3.0
9419.929463256403	0.031645699998989585	epochs	2.0
9419.929463256403	0.015851599999223254	epochs	3.0
9419.945314856403	0.01579409999976633	epochs	3.0
9419.961108956402	0.03141669999968144	epochs	2.0
9419.961108956402	0.015736700001070858	epochs	3.0
9419.976845656403	0.015679999998610583	epochs	3.0
9419.992525656402	0.031191100000796723	epochs	2.0
9419.992525656402	0.015623600000253646	epochs	3.0
9420.008149256402	0.015567500000543077	epochs	3.0
9420.023716756403	0.030968699998993543	epochs	2.0
9420.023716756403	0.015511999999944237	epochs	3.0
9420.039228756403	0.015456699999049306	epochs	3.0
9420.054685456402	0.030749500001547858	epochs	2.0
9420.054685456402	0.015402000000904081	epochs	3.0
9420.070087456403	0.015347500000643777	epochs	3.0
9420.085434956403	0.030533199998899363	epochs	2.0
9420.085434956403	0.01529339999979129	epochs	3.0
9420.100728356403	0.015239799999108072	epochs	3.0
9420.115968156402	0.030320100000608363	epochs	2.0
9420.115968156402	0.015186500000709202	epochs	3.0
9420.131154656403	0.015133599999899161	epochs	3.0
9420.146288256403	0.030109899998933543	epochs	2.0
9420.146288256403	0.015080999999554479	epochs	3.0
9420.161369256402	0.015028899999379064	epochs	3.0
9420.176398156402	0.02990250000038941	epochs	2.0
9420.176398156402	0.014977000000726548	epochs	3.0
9420.191375156403	0.014925499999662861	epochs	3.0
9420.206300656402	0.029698100001041894	epochs	2.0
9420.206300656402	0.014874399999825982	epochs	3.0
9420.221175056402	0.014823700001215911	epochs	3.0
9420.235998756403	0.02949629999966419	epochs	2.0
9420.235998756403	0.014773199998671771	epochs	3.0
9420.250771956402	0.014723100000992417	epochs	3.0
9420.265495056403	0.02929740000035963	epochs	2.0
9420.265495056403	0.014673399999082903	epochs	3.0
9420.280168456402	0.014624000001276727	epochs	3.0
9420.294792456403	0.029101099999024882	epochs	2.0
9420.294792456403	0.01457489999847894	epochs	3.0
9420.309367356402	0.014526200000545941	epochs	3.0
9420.323893556402	0.028907400001116912	epochs	2.0
9420.323893556402	0.014477700000497862	epochs	3.0
9420.338371256403	0.01442970000061905	epochs	3.0
9420.352800956403	0.028716199998598313	epochs	2.0
9420.352800956403	0.014381799999682698	epochs	3.0
9420.367182756403	0.014334399998915615	epochs	3.0
9420.381517156402	0.02852760000132548	epochs	2.0
9420.381517156402	0.014287200001490419	epochs	3.0
9420.395804356403	0.014240399999835063	epochs	3.0
9420.410044756403	0.028341399998680572	epochs	2.0
9420.410044756403	0.014193799999702605	epochs	3.0
9420.424238556403	0.014147599998977967	epochs	3.0
9420.438386156402	0.02815770000051998	epochs	2.0
9420.438386156402	0.014101700000537676	epochs	3.0
9420.452487856403	0.014055999999982305	epochs	3.0
9420.466543856402	0.02797629999986384	epochs	2.0
9420.466543856402	0.014010599999892293	epochs	3.0
9420.480554456402	0.013965699999971548	epochs	3.0
9420.494520156402	0.02779720000035013	epochs	2.0
9420.494520156402	0.013920800000050804	epochs	3.0
9420.508440956402	0.013876400000299327	epochs	3.0
9420.522317356403	0.02762040000015986	epochs	2.0
9420.522317356403	0.01383220000025176	epochs	3.0
9420.536149556403	0.013788199999908102	epochs	3.0
9420.549937756403	0.027445899999293033	epochs	2.0
9420.549937756403	0.013744599998972262	epochs	3.0
9420.563682356402	0.01370130000032077	epochs	3.0
9420.577383656402	0.027273499999864725	epochs	2.0
9420.577383656402	0.0136581999995542	epochs	3.0
9420.591041856402	0.013615300000310526	epochs	3.0
9420.604657156402	0.02710339999975986	epochs	2.0
9420.604657156402	0.013572800000474672	epochs	3.0
9420.618229956403	0.013530599999285187	epochs	3.0
9420.631760556402	0.026935200001389603	epochs	2.0
9420.631760556402	0.01348839999991469	epochs	3.0
9420.645248956402	0.013446800001474912	epochs	3.0
9420.658695756403	0.02676919999976235	epochs	2.0
9420.658695756403	0.013405199999397155	epochs	3.0
9420.672100956403	0.013364000000365195	epochs	3.0
9420.685464956403	0.026605199998812168	epochs	2.0
9420.685464956403	0.013322900000275695	epochs	3.0
9420.698787856403	0.013282299998536473	epochs	3.0
9420.712070156402	0.026443200000358047	epochs	2.0
9420.712070156402	0.01324170000043523	epochs	3.0
9420.725311856402	0.013201499999922817	epochs	3.0
9420.738513356402	0.026283200000762008	epochs	2.0
9420.738513356402	0.013161500000933302	epochs	3.0
9420.751674856403	0.013121699999828706	epochs	3.0
9420.764796556403	0.026125000000320142	epochs	2.0
9420.764796556403	0.01308210000024701	epochs	3.0
9420.777878656403	0.013042900000073132	epochs	3.0
9420.790921556403	0.025968899999497808	epochs	2.0
9420.790921556403	0.013003899999603163	epochs	3.0
9420.803925456403	0.012964999999894644	epochs	3.0
9420.816890456403	0.025814500000706175	epochs	2.0
9420.816890456403	0.012926400000651483	epochs	3.0
9420.829816856403	0.012888100000054692	epochs	3.0
9420.842704956403	0.025661899999249727	epochs	2.0
9420.842704956403	0.01284989999840036	epochs	3.0
9420.855554856402	0.012812000000849366	epochs	3.0
9420.868366856403	0.02551119999952789	epochs	2.0
9420.868366856403	0.012774400000125752	epochs	3.0
9420.881141256403	0.012736799999402137	epochs	3.0
9420.893878056402	0.025362300000779214	epochs	2.0
9420.893878056402	0.01269970000066678	epochs	3.0
9420.906577756403	0.012662600000112434	epochs	3.0
9420.919240356403	0.025214999999661813	epochs	2.0
9420.919240356403	0.012625800000023446	epochs	3.0
9420.931866156403	0.012589199999638367	epochs	3.0
9420.944455356403	0.024584799999502138	epochs	2.0
9420.966736656403	0.5	epochs	-1.0
9420.969040156402	0.5165600000000268	epochs	1.0
9421.485600156402	0.4833600000001752	epochs	0.0
9422.651999950409	0.08303999999952794	epochs	0.0
9422.651999950409	0.036520999999993364	epochs	1.0
9422.688520950409	0.009997999999541207	epochs	1.0
9422.698518950408	0.036520999999993364	epochs	1.0
9422.735039950408	2.0	epochs	0.0
9424.735039950408	21.51599999999962	epochs	0.0
9424.735039950408	1.0	epochs	1.0
9424.735056450409	0.5	epochs	-1.0
9425.235056450409	19.9976800000004	epochs	-1.0
9425.735039950408	20.0	epochs	1.0
9425.735039950408	4.356753899999603	epochs	-1.0
9425.735039950408	1.9745872000003146	epochs	2.0
9425.735039950408	1.0985622000007425	epochs	3.0
9426.83360215041	0.8760249999995722	epochs	3.0
9427.709627150409	1.3524075000004814	epochs	2.0
9427.709627150409	0.7286354999996547	epochs	3.0
9428.438262650408	0.6237720000008267	epochs	3.0
9429.06203465041	1.0297591999988072	epochs	2.0
9429.06203465041	0.545329299999139	epochs	3.0
9429.607363950408	0.4844298999996681	epochs	3.0
9430.091793850408	0.8317862000003515	epochs	2.0
9430.091793850408	0.4357763000007253	epochs	3.0
9430.527570150409	0.3960098999996262	epochs	3.0
9430.923580050408	0.697797000000719	epochs	2.0
9430.923580050408	0.3628982000009273	epochs	3.0
9431.28647825041	0.33489879999979166	epochs	3.0
9431.62137705041	0.6010456999993039	epochs	2.0
9431.62137705041	0.31091229999947245	epochs	3.0
9431.932289350409	0.29013339999983145	epochs	3.0
9432.222422750408	0.5278859000009106	epochs	2.0
9432.222422750408	0.27195860000028915	epochs	3.0
9432.494381350409	0.25592730000062147	epochs	3.0
9432.75030865041	0.4706193000001804	epochs	2.0
9432.75030865041	0.241681299999982	epochs	3.0
9432.99198995041	0.22893800000019837	epochs	3.0
9433.22092795041	0.424570399998629	epochs	2.0
9433.22092795041	0.21747139999934006	epochs	3.0
9433.438399350409	0.20709899999928894	epochs	3.0
9433.645498350408	0.38673540000127105	epochs	2.0
9433.645498350408	0.19767110000066168	epochs	3.0
9433.843169450409	0.18906430000060936	epochs	3.0
9434.03223375041	0.3550952999994479	epochs	2.0
9434.03223375041	0.18117589999928896	epochs	3.0
9434.213409650409	0.17391940000015893	epochs	3.0
9434.387329050409	0.3282431000006909	epochs	2.0
9434.387329050409	0.1672218999992765	epochs	3.0
9434.554550950408	0.1610212000014144	epochs	3.0
9434.71557215041	0.3051679999989574	epochs	2.0
9434.71557215041	0.15526390000013635	epochs	3.0
9434.87083605041	0.14990409999882104	epochs	3.0
9435.020740150409	0.28512530000080005	epochs	2.0
9435.020740150409	0.1449021000007633	epochs	3.0
9435.16564225041	0.14022320000003674	epochs	3.0
9435.30586545041	0.26755380000031437	epochs	2.0
9435.30586545041	0.1358368999990489	epochs	3.0
9435.441702350408	0.13171690000126546	epochs	3.0
9435.57341925041	0.25202290000015637	epochs	2.0
9435.57341925041	0.12783929999932298	epochs	3.0
9435.701258550409	0.1241836000008334	epochs	3.0
9435.82544215041	0.23819649999859394	epochs	2.0
9435.82544215041	0.1207310999998299	epochs	3.0
9435.94617325041	0.11746539999876404	epochs	3.0
9436.063638650408	0.22580879999986792	epochs	2.0
9436.063638650408	0.11437190000106057	epochs	3.0
9436.17801055041	0.11143689999880735	epochs	3.0
9436.289447450408	0.21464600000035716	epochs	2.0
9436.289447450408	0.10864890000084415	epochs	3.0
9436.39809635041	0.10599709999951301	epochs	3.0
9436.504093450409	0.2045350000007602	epochs	2.0
9436.504093450409	0.10347150000052352	epochs	3.0
9436.60756495041	0.10106350000023667	epochs	3.0
9436.70862845041	0.19533400000000256	epochs	2.0
9436.70862845041	0.09876509999958216	epochs	3.0
9436.807393550409	0.0965689000004204	epochs	3.0
9436.90396245041	0.18692530000043917	epochs	2.0
9436.90396245041	0.09446829999978945	epochs	3.0
9436.99843075041	0.09245700000064971	epochs	3.0
9437.09088775041	0.17921069999829342	epochs	2.0
9437.09088775041	0.09052959999826271	epochs	3.0
9437.181417350408	0.08868110000003071	epochs	3.0
9437.270098450408	0.17210770000019693	epochs	2.0
9437.270098450408	0.08690630000091915	epochs	3.0
9437.357004750409	0.08520139999927778	epochs	3.0
9437.442206150408	0.16554640000140353	epochs	2.0
9437.442206150408	0.08356190000085917	epochs	3.0
9437.52576805041	0.08198450000054436	epochs	3.0
9437.60775255041	0.15946709999843733	epochs	2.0
9437.60775255041	0.08046539999850211	epochs	3.0
9437.688217950408	0.07900169999993523	epochs	3.0
9437.767219650408	0.15381840000009106	epochs	2.0
9437.767219650408	0.07759010000154376	epochs	3.0
9437.84480975041	0.0762282999985473	epochs	3.0
9437.921038050408	0.14855640000132553	epochs	2.0
9437.921038050408	0.07491330000084417	epochs	3.0
9437.995951350409	0.07364310000048135	epochs	3.0
9438.06959445041	0.14364239999849815	epochs	2.0
9438.06959445041	0.07241499999872758	epochs	3.0
9438.142009450408	0.07122739999977057	epochs	3.0
9438.213236850408	0.13904309999998077	epochs	2.0
9438.213236850408	0.0700780000006489	epochs	3.0
9438.283314850409	0.06896509999933187	epochs	3.0
9438.352279950408	0.1347293000017089	epochs	2.0
9438.352279950408	0.0678871000000072	epochs	3.0
9438.420167050408	0.06684220000170171	epochs	3.0
9438.48700925041	0.1306752000000415	epochs	2.0
9438.48700925041	0.06582909999997355	epochs	3.0
9438.55283835041	0.06484610000006796	epochs	3.0
9438.61768445041	0.1268577999999252	epochs	2.0
9438.61768445041	0.06389199999830453	epochs	3.0
9438.681576450408	0.06296580000162066	epochs	3.0
9438.74454225041	0.12325719999898865	epochs	2.0
9438.74454225041	0.062065799998890725	epochs	3.0
9438.806608050409	0.06119140000009793	epochs	3.0
9438.867799450409	0.1198554000002332	epochs	2.0
9438.867799450409	0.06034110000109649	epochs	3.0
9438.92814055041	0.05951429999913671	epochs	3.0
9438.987654850409	0.11663620000035735	epochs	2.0
9438.987654850409	0.058709599999929196	epochs	3.0
9439.046364450409	0.05792660000042815	epochs	3.0
9439.10429105041	0.11358560000007856	epochs	2.0
9439.10429105041	0.057164199999533594	epochs	3.0
9439.161455250409	0.05642140000054496	epochs	3.0
9439.21787665041	0.11069049999969138	epochs	2.0
9439.21787665041	0.055697899999358924	epochs	3.0
9439.273574550409	0.05499260000033246	epochs	3.0
9439.328567150409	0.10793910000029427	epochs	2.0
9439.328567150409	0.05430490000071586	epochs	3.0
9439.38287205041	0.053634199999578414	epochs	3.0
9439.43650625041	0.10532149999926332	epochs	2.0
9439.43650625041	0.05298000000038883	epochs	3.0
9439.48948625041	0.0523414999988745	epochs	3.0
9439.541827750409	0.10282759999972768	epochs	2.0
9439.541827750409	0.05171809999956167	epochs	3.0
9439.593545850408	0.05110950000016601	epochs	3.0
9439.644655350408	0.10044910000033269	epochs	2.0
9439.644655350408	0.050514900000052876	epochs	3.0
9439.695170250408	0.049934200000279816	epochs	3.0
9439.745104450409	0.09817830000065442	epochs	2.0
9439.745104450409	0.0493666000002122	epochs	3.0
9439.794471050409	0.048811700000442215	epochs	3.0
9439.84328275041	0.09600779999891529	epochs	2.0
9439.84328275041	0.04826919999868551	epochs	3.0
9439.891551950408	0.04773860000022978	epochs	3.0
9439.939290550408	0.09393120000095223	epochs	2.0
9439.939290550408	0.047219500000210246	epochs	3.0
9439.986510050408	0.046711700000741985	epochs	3.0
9440.03322175041	0.09194260000003851	epochs	2.0
9440.03322175041	0.04621459999907529	epochs	3.0
9440.079436350408	0.04572800000096322	epochs	3.0
9440.12516435041	0.09003630000006524	epochs	2.0
9440.12516435041	0.045251499999722	epochs	3.0
9440.170415850409	0.04478480000034324	epochs	3.0
9440.21520065041	0.0882075999998051	epochs	2.0
9440.21520065041	0.0443278000002465	epochs	3.0
9440.25952845041	0.0438797999995586	epochs	3.0
9440.30340825041	0.0864516999990883	epochs	2.0
9440.30340825041	0.04344099999980244	epochs	3.0
9440.346849250409	0.04301069999928586	epochs	3.0
9440.389859950408	0.08476430000155233	epochs	2.0
9440.389859950408	0.042589000000589294	epochs	3.0
9440.432448950409	0.042175300000963034	epochs	3.0
9440.47462425041	0.08314149999932852	epochs	2.0
9440.47462425041	0.04176969999934954	epochs	3.0
9440.51639395041	0.041371799999978975	epochs	3.0
9440.557765750409	0.08157969999956549	epochs	2.0
9440.557765750409	0.04098139999950945	epochs	3.0
9440.598747150409	0.04059830000005604	epochs	3.0
9440.639345450409	0.08007550000002084	epochs	2.0
9440.639345450409	0.040222300000095856	epochs	3.0
9440.679567750409	0.03985319999992498	epochs	3.0
9440.719420950409	0.07862569999997504	epochs	2.0
9440.719420950409	0.03949079999983951	epochs	3.0
9440.758911750409	0.03913490000013553	epochs	3.0
9440.798046650409	0.07722760000069684	epochs	2.0
9440.798046650409	0.038785400000051595	epochs	3.0
9440.836832050409	0.038442200000645244	epochs	3.0
9440.87527425041	0.07587819999935164	epochs	2.0
9440.87527425041	0.03810479999992822	epochs	3.0
9440.91337905041	0.03777339999942342	epochs	3.0
9440.951152450409	0.07457520000025397	epochs	2.0
9440.951152450409	0.037447700000484474	epochs	3.0
9440.98860015041	0.0371274999997695	epochs	3.0
9441.025727650409	0.07331630000044242	epochs	2.0
9441.025727650409	0.03681289999985893	epochs	3.0
9441.062540550409	0.0365034000005835	epochs	3.0
9441.09904395041	0.07209899999907066	epochs	2.0
9441.09904395041	0.036199099999066675	epochs	3.0
9441.135243050408	0.03589990000000398	epochs	3.0
9441.171142950408	0.07092170000032638	epochs	2.0
9441.171142950408	0.03560560000005353	epochs	3.0
9441.206748550409	0.035316100000272854	epochs	3.0
9441.242064650409	0.06978200000048673	epochs	2.0
9441.242064650409	0.03503120000095805	epochs	3.0
9441.27709585041	0.03475079999952868	epochs	3.0
9441.31184665041	0.0686786000005668	epochs	2.0
9441.31184665041	0.03447509999932663	epochs	3.0
9441.346321750409	0.03420350000124017	epochs	3.0
9441.38052525041	0.06760929999836662	epochs	2.0
9441.38052525041	0.03393619999951625	epochs	3.0
9441.41446145041	0.033673099998850375	epochs	3.0
9441.448134550408	0.0665729000011197	epochs	2.0
9441.448134550408	0.033414000001357635	epochs	3.0
9441.48154855041	0.03315889999976207	epochs	3.0
9441.51470745041	0.06556780000028084	epochs	2.0
9441.51470745041	0.0329076999987592	epochs	3.0
9441.547615150408	0.03266010000152164	epochs	3.0
9441.58027525041	0.06459259999974165	epochs	2.0
9441.58027525041	0.03241639999941981	epochs	3.0
9441.612691650409	0.03217620000032184	epochs	3.0
9441.64486785041	0.06364599999869824	epochs	2.0
9441.64486785041	0.03193959999953222	epochs	3.0
9441.676807450409	0.031706399999166024	epochs	3.0
9441.708513850408	0.0627266999999847	epochs	2.0
9441.708513850408	0.03147660000104224	epochs	3.0
9441.73999045041	0.03125009999894246	epochs	3.0
9441.771240550408	0.061833600000682054	epochs	2.0
9441.771240550408	0.031026900000142632	epochs	3.0
9441.802267450408	0.030806700000539422	epochs	3.0
9441.833074150409	0.06096559999969031	epochs	2.0
9441.833074150409	0.03058980000059819	epochs	3.0
9441.86366395041	0.030375799999092123	epochs	3.0
9441.894039750408	0.06012160000136646	epochs	2.0
9441.894039750408	0.030164900001182104	epochs	3.0
9441.92420465041	0.029956700000184355	epochs	3.0
9441.95416135041	0.05930069999885745	epochs	2.0
9441.95416135041	0.029751599999144673	epochs	3.0
9441.983912950409	0.02954909999971278	epochs	3.0
9442.013462050409	0.058501800000158255	epochs	2.0
9442.013462050409	0.029349399999773595	epochs	3.0
9442.042811450408	0.02915240000038466	epochs	3.0
9442.071963850409	0.05772419999993872	epochs	2.0
9442.071963850409	0.028958000000784523	epochs	3.0
9442.10092185041	0.028766199999154196	epochs	3.0
9442.129688050409	0.05696709999938321	epochs	2.0
9442.129688050409	0.028577000000950648	epochs	3.0
9442.15826505041	0.02839009999843256	epochs	3.0
9442.186655150408	0.05622949999997218	epochs	2.0
9442.186655150408	0.028205700000398792	epochs	3.0
9442.214860850409	0.028023799999573384	epochs	3.0
9442.242884650408	0.05551070000001346	epochs	2.0
9442.242884650408	0.027844000000186497	epochs	3.0
9442.270728650408	0.02766669999982696	epochs	3.0
9442.298395350408	0.05481020000115677	epochs	2.0
9442.298395350408	0.027491500000905944	epochs	3.0
9442.325886850409	0.02731870000025083	epochs	3.0
9442.35320555041	0.05412699999942561	epochs	2.0
9442.35320555041	0.027147799999511335	epochs	3.0
9442.380353350409	0.026979199999914272	epochs	3.0
9442.407332550409	0.05346070000086911	epochs	2.0
9442.407332550409	0.02681260000099428	epochs	3.0
9442.43414515041	0.02664809999987483	epochs	3.0
9442.46079325041	0.0528106999990996	epochs	2.0
9442.46079325041	0.026485599999432452	epochs	3.0
9442.487278850409	0.026325099999667145	epochs	3.0
9442.513603950409	0.0521762000007584	epochs	2.0
9442.513603950409	0.026166400000875	epochs	3.0
9442.53977035041	0.0260097999998834	epochs	3.0
9442.56578015041	0.05155670000021928	epochs	2.0
9442.56578015041	0.02585480000016105	epochs	3.0
9442.59163495041	0.02570190000005823	epochs	3.0
9442.61733685041	0.05095189999883587	epochs	2.0
9442.61733685041	0.025550700000167126	epochs	3.0
9442.64288755041	0.025401199998668744	epochs	3.0
9442.668288750408	0.05036099999961152	epochs	2.0
9442.668288750408	0.025253499999962514	epochs	3.0
9442.693542250408	0.025107499999649008	epochs	3.0
9442.718649750408	0.04978380000102334	epochs	2.0
9442.718649750408	0.024963200001366204	epochs	3.0
9442.74361295041	0.024820599999657134	epochs	3.0
9442.76843355041	0.0492195000006177	epochs	2.0
9442.76843355041	0.024679399999513407	epochs	3.0
9442.793112950409	0.024540100001104292	epochs	3.0
9442.81765305041	0.0486678999986907	epochs	2.0
9442.81765305041	0.024402099999861093	epochs	3.0
9442.84205515041	0.024265799998829607	epochs	3.0
9442.866320950408	0.04812860000129149	epochs	2.0
9442.866320950408	0.024131000000124914	epochs	3.0
9442.890451950409	0.023997600001166575	epochs	3.0
9442.91444955041	0.04760109999915585	epochs	2.0
9442.91444955041	0.02386579999983951	epochs	3.0
9442.93831535041	0.02373529999931634	epochs	3.0
9442.962050650409	0.04708500000015192	epochs	2.0
9442.962050650409	0.023606299999300973	epochs	3.0
9442.985656950408	0.02347870000085095	epochs	3.0
9443.009135650409	0.04658000000017637	epochs	2.0
9443.009135650409	0.02335250000032829	epochs	3.0
9443.03248815041	0.023227499999848078	epochs	3.0
9443.05571565041	0.04608569999982137	epochs	2.0
9443.05571565041	0.02310399999987567	epochs	3.0
9443.078819650409	0.022981699999945704	epochs	3.0
9443.101801350409	0.04560180000044056	epochs	2.0
9443.101801350409	0.022860700000819634	epochs	3.0
9443.12466205041	0.02274109999962093	epochs	3.0
9443.14740315041	0.04512789999898814	epochs	2.0
9443.14740315041	0.02262249999876076	epochs	3.0
9443.170025650408	0.022505400000227382	epochs	3.0
9443.192531050408	0.04466380000121717	epochs	2.0
9443.192531050408	0.022389300000213552	epochs	3.0
9443.214920350409	0.022274500001003616	epochs	3.0
9443.23719485041	0.04420919999938633	epochs	2.0
9443.23719485041	0.022160799999255687	epochs	3.0
9443.259355650409	0.02204840000013064	epochs	3.0
9443.281404050409	0.04376360000060231	epochs	2.0
9443.281404050409	0.021936900000582682	epochs	3.0
9443.30334095041	0.021826700000019628	epochs	3.0
9443.32516765041	0.043327100000169594	epochs	2.0
9443.32516765041	0.02171759999873757	epochs	3.0
9443.346885250408	0.021609500001432025	epochs	3.0
9443.36849475041	0.04289900000003399	epochs	2.0
9443.36849475041	0.021502499999769498	epochs	3.0
9443.38999725041	0.021396500000264496	epochs	3.0
9443.41139375041	0.04247949999989942	epochs	2.0
9443.41139375041	0.02129169999898295	epochs	3.0
9443.432685450409	0.021187800000916468	epochs	3.0
9443.45387325041	0.04206789999989269	epochs	2.0
9443.45387325041	0.021084899999550544	epochs	3.0
9443.47495815041	0.020983000000342145	epochs	3.0
9443.49594115041	0.041664399999717716	epochs	2.0
9443.49594115041	0.020882199998595752	epochs	3.0
9443.516823350408	0.020782200001121964	epochs	3.0
9443.53760555041	0.04126849999920523	epochs	2.0
9443.53760555041	0.020683299999291194	epochs	3.0
9443.558288850409	0.02058519999991404	epochs	3.0
9443.578874050409	0.04088000000047032	epochs	2.0
9443.578874050409	0.02048810000087542	epochs	3.0
9443.59936215041	0.020391899999594898	epochs	3.0
9443.619754050409	0.040498799999113544	epochs	2.0
9443.619754050409	0.020296599999710452	epochs	3.0
9443.640050650409	0.020202199999403092	epochs	3.0
9443.660252850408	0.04012460000012652	epochs	2.0
9443.660252850408	0.020108700000491808	epochs	3.0
9443.680361550409	0.020015899999634712	epochs	3.0
9443.700377450408	0.03975730000092881	epochs	2.0
9443.700377450408	0.0199241999998776	epochs	3.0
9443.720301650408	0.019833100001051207	epochs	3.0
9443.74013475041	0.03939669999999751	epochs	2.0
9443.74013475041	0.01974299999892537	epochs	3.0
9443.759877750408	0.01965370000107214	epochs	3.0
9443.77953145041	0.03904239999974379	epochs	2.0
9443.77953145041	0.019565099999454105	epochs	3.0
9443.799096550409	0.019477300000289688	epochs	3.0
9443.818573850409	0.03869459999987157	epochs	2.0
9443.818573850409	0.019390400000702357	epochs	3.0
9443.83796425041	0.019304199999169214	epochs	3.0
9443.857268450409	0.03835290000097302	epochs	2.0
9443.857268450409	0.019218800000089686	epochs	3.0
9443.876487250409	0.019134100000883336	epochs	3.0
9443.89562135041	0.03801719999864872	epochs	2.0
9443.89562135041	0.019050199998673634	epochs	3.0
9443.914671550408	0.018966999999975087	epochs	3.0
9443.933638550408	0.037687199999709264	epochs	2.0
9443.933638550408	0.018884500001149718	epochs	3.0
9443.95252305041	0.018802699998559547	epochs	3.0
9443.971325750408	0.037363100000220584	epochs	2.0
9443.971325750408	0.01872170000024198	epochs	3.0
9443.990047450408	0.018641399999978603	epochs	3.0
9444.008688850408	0.03704430000107095	epochs	2.0
9444.008688850408	0.018561599999884493	epochs	3.0
9444.027250450408	0.01848270000118646	epochs	3.0
9444.04573315041	0.036731000000145286	epochs	2.0
9444.04573315041	0.018404299999019713	epochs	3.0
9444.064137450408	0.018326700001125573	epochs	3.0
9444.08246415041	0.03642289999879722	epochs	2.0
9444.08246415041	0.018249599999762722	epochs	3.0
9444.10071375041	0.018173299999034498	epochs	3.0
9444.118887050408	0.03612010000142618	epochs	2.0
9444.118887050408	0.01809760000105598	epochs	3.0
9444.13698465041	0.0180225000003702	epochs	3.0
9444.15500715041	0.03582209999876795	epochs	2.0
9444.15500715041	0.01794789999985369	epochs	3.0
9444.17295505041	0.017874199998914264	epochs	3.0
9444.190829250409	0.035529000000678934	epochs	2.0
9444.190829250409	0.017800800000259187	epochs	3.0
9444.208630050409	0.017728200000419747	epochs	3.0
9444.22635825041	0.035240699999121716	epochs	2.0
9444.22635825041	0.017656099998930586	epochs	3.0
9444.244014350408	0.01758460000019113	epochs	3.0
9444.261598950408	0.03495710000061081	epochs	2.0
9444.261598950408	0.017513700000563404	epochs	3.0
9444.279112650409	0.017443400000047404	epochs	3.0
9444.296556050409	0.03467789999922388	epochs	2.0
9444.296556050409	0.017373599999700673	epochs	3.0
9444.313929650409	0.01730429999952321	epochs	3.0
9444.331233950408	0.03440330000012182	epochs	2.0
9444.331233950408	0.017235700001037912	epochs	3.0
9444.34846965041	0.017167599999083905	epochs	3.0
9444.365637250408	0.034132800001316355	epochs	2.0
9444.365637250408	0.017099900000175694	epochs	3.0
9444.382737150409	0.01703290000114066	epochs	3.0
9444.39977005041	0.033866699999634875	epochs	2.0
9444.39977005041	0.016966399998636916	epochs	3.0
9444.416736450408	0.01690030000099796	epochs	3.0
9444.43363675041	0.03360459999930754	epochs	2.0
9444.43363675041	0.01683479999883275	epochs	3.0
9444.450471550408	0.016769800000474788	epochs	3.0
9444.467241350409	0.033346600001095794	epochs	2.0
9444.467241350409	0.016705300000467105	epochs	3.0
9444.483946650409	0.01664130000062869	epochs	3.0
9444.50058795041	0.033092499999838765	epochs	2.0
9444.50058795041	0.016577799999140552	epochs	3.0
9444.517165750409	0.016514700000698213	epochs	3.0
9444.53368045041	0.03284229999917443	epochs	2.0
9444.53368045041	0.01645219999954861	epochs	3.0
9444.550132650409	0.016390099999625818	epochs	3.0
9444.566522750409	0.03259570000045642	epochs	2.0
9444.566522750409	0.016328400000929832	epochs	3.0
9444.58285115041	0.016267299999526585	epochs	3.0
9444.59911845041	0.03235289999975066	epochs	2.0
9444.59911845041	0.016206599999350146	epochs	3.0
9444.615325050409	0.016146300000400515	epochs	3.0
9444.631471350409	0.03211369999917224	epochs	2.0
9444.631471350409	0.016086600000562612	epochs	3.0
9444.64755795041	0.01602709999860963	epochs	3.0
9444.663585050408	0.031878000001597684	epochs	2.0
9444.663585050408	0.01596820000122534	epochs	3.0
9444.67955325041	0.015909800000372343	epochs	3.0
9444.69546305041	0.031645699998989585	epochs	2.0
9444.69546305041	0.015851599999223254	epochs	3.0
9444.711314650409	0.01579409999976633	epochs	3.0
9444.727108750409	0.03141669999968144	epochs	2.0
9444.727108750409	0.015736700001070858	epochs	3.0
9444.74284545041	0.015679999998610583	epochs	3.0
9444.758525450408	0.031191100000796723	epochs	2.0
9444.758525450408	0.015623600000253646	epochs	3.0
9444.774149050409	0.015567500000543077	epochs	3.0
9444.78971655041	0.030968699998993543	epochs	2.0
9444.78971655041	0.015511999999944237	epochs	3.0
9444.805228550409	0.015456699999049306	epochs	3.0
9444.820685250408	0.030749500001547858	epochs	2.0
9444.820685250408	0.015402000000904081	epochs	3.0
9444.836087250409	0.015347500000643777	epochs	3.0
9444.85143475041	0.030533199998899363	epochs	2.0
9444.85143475041	0.01529339999979129	epochs	3.0
9444.86672815041	0.015239799999108072	epochs	3.0
9444.881967950409	0.030320100000608363	epochs	2.0
9444.881967950409	0.015186500000709202	epochs	3.0
9444.89715445041	0.015133599999899161	epochs	3.0
9444.91228805041	0.030109899998933543	epochs	2.0
9444.91228805041	0.015080999999554479	epochs	3.0
9444.927369050409	0.015028899999379064	epochs	3.0
9444.942397950408	0.02990250000038941	epochs	2.0
9444.942397950408	0.014977000000726548	epochs	3.0
9444.957374950409	0.014925499999662861	epochs	3.0
9444.972300450409	0.029698100001041894	epochs	2.0
9444.972300450409	0.014874399999825982	epochs	3.0
9444.987174850408	0.014823700001215911	epochs	3.0
9445.00199855041	0.02949629999966419	epochs	2.0
9445.00199855041	0.014773199998671771	epochs	3.0
9445.016771750408	0.014723100000992417	epochs	3.0
9445.03149485041	0.02929740000035963	epochs	2.0
9445.03149485041	0.014673399999082903	epochs	3.0
9445.046168250408	0.014624000001276727	epochs	3.0
9445.06079225041	0.029101099999024882	epochs	2.0
9445.06079225041	0.01457489999847894	epochs	3.0
9445.075367150408	0.014526200000545941	epochs	3.0
9445.089893350409	0.028907400001116912	epochs	2.0
9445.089893350409	0.014477700000497862	epochs	3.0
9445.10437105041	0.01442970000061905	epochs	3.0
9445.11880075041	0.028716199998598313	epochs	2.0
9445.11880075041	0.014381799999682698	epochs	3.0
9445.13318255041	0.014334399998915615	epochs	3.0
9445.147516950408	0.02852760000132548	epochs	2.0
9445.147516950408	0.014287200001490419	epochs	3.0
9445.16180415041	0.014240399999835063	epochs	3.0
9445.17604455041	0.028341399998680572	epochs	2.0
9445.17604455041	0.014193799999702605	epochs	3.0
9445.19023835041	0.014147599998977967	epochs	3.0
9445.204385950408	0.02815770000051998	epochs	2.0
9445.204385950408	0.014101700000537676	epochs	3.0
9445.218487650409	0.014055999999982305	epochs	3.0
9445.232543650409	0.02797629999986384	epochs	2.0
9445.232543650409	0.014010599999892293	epochs	3.0
9445.246554250409	0.013965699999971548	epochs	3.0
9445.260519950409	0.02779720000035013	epochs	2.0
9445.260519950409	0.013920800000050804	epochs	3.0
9445.274440750409	0.013876400000299327	epochs	3.0
9445.288317150409	0.02762040000015986	epochs	2.0
9445.288317150409	0.01383220000025176	epochs	3.0
9445.30214935041	0.013788199999908102	epochs	3.0
9445.31593755041	0.027445899999293033	epochs	2.0
9445.31593755041	0.013744599998972262	epochs	3.0
9445.329682150408	0.01370130000032077	epochs	3.0
9445.343383450409	0.027273499999864725	epochs	2.0
9445.343383450409	0.0136581999995542	epochs	3.0
9445.357041650408	0.013615300000310526	epochs	3.0
9445.370656950408	0.02710339999975986	epochs	2.0
9445.370656950408	0.013572800000474672	epochs	3.0
9445.384229750409	0.013530599999285187	epochs	3.0
9445.397760350408	0.026935200001389603	epochs	2.0
9445.397760350408	0.01348839999991469	epochs	3.0
9445.411248750408	0.013446800001474912	epochs	3.0
9445.42469555041	0.02676919999976235	epochs	2.0
9445.42469555041	0.013405199999397155	epochs	3.0
9445.438100750409	0.013364000000365195	epochs	3.0
9445.45146475041	0.026605199998812168	epochs	2.0
9445.45146475041	0.013322900000275695	epochs	3.0
9445.46478765041	0.013282299998536473	epochs	3.0
9445.478069950408	0.026443200000358047	epochs	2.0
9445.478069950408	0.01324170000043523	epochs	3.0
9445.491311650409	0.013201499999922817	epochs	3.0
9445.504513150408	0.026283200000762008	epochs	2.0
9445.504513150408	0.013161500000933302	epochs	3.0
9445.51767465041	0.013121699999828706	epochs	3.0
9445.53079635041	0.026125000000320142	epochs	2.0
9445.53079635041	0.01308210000024701	epochs	3.0
9445.54387845041	0.013042900000073132	epochs	3.0
9445.55692135041	0.025968899999497808	epochs	2.0
9445.55692135041	0.013003899999603163	epochs	3.0
9445.56992525041	0.012964999999894644	epochs	3.0
9445.582890250409	0.025814500000706175	epochs	2.0
9445.582890250409	0.012926400000651483	epochs	3.0
9445.59581665041	0.012888100000054692	epochs	3.0
9445.60870475041	0.025661899999249727	epochs	2.0
9445.60870475041	0.01284989999840036	epochs	3.0
9445.621554650408	0.012812000000849366	epochs	3.0
9445.634366650409	0.02551119999952789	epochs	2.0
9445.634366650409	0.012774400000125752	epochs	3.0
9445.64714105041	0.012736799999402137	epochs	3.0
9445.659877850409	0.025362300000779214	epochs	2.0
9445.659877850409	0.01269970000066678	epochs	3.0
9445.67257755041	0.012662600000112434	epochs	3.0
9445.68524015041	0.025214999999661813	epochs	2.0
9445.68524015041	0.012625800000023446	epochs	3.0
9445.69786595041	0.012589199999638367	epochs	3.0
9445.710455150409	0.024584799999502138	epochs	2.0
9445.732736450409	0.5	epochs	-1.0
9445.735039950408	0.5159999999996217	epochs	1.0
9446.251039950408	0.48392000000058033	epochs	0.0
9447.404000282288	0.08303999999952794	epochs	0.0
9447.404000282288	0.036520999999993364	epochs	1.0
9447.440521282288	0.009997999999541207	epochs	1.0
9447.450519282287	0.036520999999993364	epochs	1.0
9447.487040282287	2.0	epochs	0.0
9449.487040282287	21.999920000000202	epochs	0.0
9449.487040282287	1.0	epochs	1.0
9449.487056782287	0.5	epochs	-1.0
9449.987056782287	19.9976800000004	epochs	-1.0
9450.487040282287	20.0	epochs	1.0
9450.487040282287	4.356753899999603	epochs	-1.0
9450.487040282287	1.9745872000003146	epochs	2.0
9450.487040282287	1.0985622000007425	epochs	3.0
9451.585602482288	0.8760249999995722	epochs	3.0
9452.461627482287	1.3524075000004814	epochs	2.0
9452.461627482287	0.7286354999996547	epochs	3.0
9453.190262982287	0.6237720000008267	epochs	3.0
9453.814034982288	1.0297591999988072	epochs	2.0
9453.814034982288	0.545329299999139	epochs	3.0
9454.359364282287	0.4844298999996681	epochs	3.0
9454.843794182287	0.8317862000003515	epochs	2.0
9454.843794182287	0.4357763000007253	epochs	3.0
9455.279570482287	0.3960098999996262	epochs	3.0
9455.675580382287	0.697797000000719	epochs	2.0
9455.675580382287	0.3628982000009273	epochs	3.0
9456.038478582288	0.33489879999979166	epochs	3.0
9456.373377382288	0.6010456999993039	epochs	2.0
9456.373377382288	0.31091229999947245	epochs	3.0
9456.684289682287	0.29013339999983145	epochs	3.0
9456.974423082287	0.5278859000009106	epochs	2.0
9456.974423082287	0.27195860000028915	epochs	3.0
9457.246381682287	0.25592730000062147	epochs	3.0
9457.502308982288	0.4706193000001804	epochs	2.0
9457.502308982288	0.241681299999982	epochs	3.0
9457.743990282288	0.22893800000019837	epochs	3.0
9457.972928282288	0.424570399998629	epochs	2.0
9457.972928282288	0.21747139999934006	epochs	3.0
9458.190399682288	0.20709899999928894	epochs	3.0
9458.397498682287	0.38673540000127105	epochs	2.0
9458.397498682287	0.19767110000066168	epochs	3.0
9458.595169782287	0.18906430000060936	epochs	3.0
9458.784234082288	0.3550952999994479	epochs	2.0
9458.784234082288	0.18117589999928896	epochs	3.0
9458.965409982287	0.17391940000015893	epochs	3.0
9459.139329382288	0.3282431000006909	epochs	2.0
9459.139329382288	0.1672218999992765	epochs	3.0
9459.306551282287	0.1610212000014144	epochs	3.0
9459.467572482288	0.3051679999989574	epochs	2.0
9459.467572482288	0.15526390000013635	epochs	3.0
9459.622836382288	0.14990409999882104	epochs	3.0
9459.772740482287	0.28512530000080005	epochs	2.0
9459.772740482287	0.1449021000007633	epochs	3.0
9459.917642582288	0.14022320000003674	epochs	3.0
9460.057865782288	0.26755380000031437	epochs	2.0
9460.057865782288	0.1358368999990489	epochs	3.0
9460.193702682287	0.13171690000126546	epochs	3.0
9460.325419582288	0.25202290000015637	epochs	2.0
9460.325419582288	0.12783929999932298	epochs	3.0
9460.453258882288	0.1241836000008334	epochs	3.0
9460.577442482288	0.23819649999859394	epochs	2.0
9460.577442482288	0.1207310999998299	epochs	3.0
9460.698173582288	0.11746539999876404	epochs	3.0
9460.815638982287	0.22580879999986792	epochs	2.0
9460.815638982287	0.11437190000106057	epochs	3.0
9460.930010882288	0.11143689999880735	epochs	3.0
9461.041447782287	0.21464600000035716	epochs	2.0
9461.041447782287	0.10864890000084415	epochs	3.0
9461.150096682288	0.10599709999951301	epochs	3.0
9461.256093782287	0.2045350000007602	epochs	2.0
9461.256093782287	0.10347150000052352	epochs	3.0
9461.359565282288	0.10106350000023667	epochs	3.0
9461.460628782288	0.19533400000000256	epochs	2.0
9461.460628782288	0.09876509999958216	epochs	3.0
9461.559393882288	0.0965689000004204	epochs	3.0
9461.655962782288	0.18692530000043917	epochs	2.0
9461.655962782288	0.09446829999978945	epochs	3.0
9461.750431082288	0.09245700000064971	epochs	3.0
9461.842888082288	0.17921069999829342	epochs	2.0
9461.842888082288	0.09052959999826271	epochs	3.0
9461.933417682287	0.08868110000003071	epochs	3.0
9462.022098782287	0.17210770000019693	epochs	2.0
9462.022098782287	0.08690630000091915	epochs	3.0
9462.109005082288	0.08520139999927778	epochs	3.0
9462.194206482287	0.16554640000140353	epochs	2.0
9462.194206482287	0.08356190000085917	epochs	3.0
9462.277768382288	0.08198450000054436	epochs	3.0
9462.359752882288	0.15946709999843733	epochs	2.0
9462.359752882288	0.08046539999850211	epochs	3.0
9462.440218282287	0.07900169999993523	epochs	3.0
9462.519219982287	0.15381840000009106	epochs	2.0
9462.519219982287	0.07759010000154376	epochs	3.0
9462.596810082288	0.0762282999985473	epochs	3.0
9462.673038382287	0.14855640000132553	epochs	2.0
9462.673038382287	0.07491330000084417	epochs	3.0
9462.747951682288	0.07364310000048135	epochs	3.0
9462.821594782288	0.14364239999849815	epochs	2.0
9462.821594782288	0.07241499999872758	epochs	3.0
9462.894009782287	0.07122739999977057	epochs	3.0
9462.965237182287	0.13904309999998077	epochs	2.0
9462.965237182287	0.0700780000006489	epochs	3.0
9463.035315182287	0.06896509999933187	epochs	3.0
9463.104280282287	0.1347293000017089	epochs	2.0
9463.104280282287	0.0678871000000072	epochs	3.0
9463.172167382287	0.06684220000170171	epochs	3.0
9463.239009582288	0.1306752000000415	epochs	2.0
9463.239009582288	0.06582909999997355	epochs	3.0
9463.304838682288	0.06484610000006796	epochs	3.0
9463.369684782288	0.1268577999999252	epochs	2.0
9463.369684782288	0.06389199999830453	epochs	3.0
9463.433576782287	0.06296580000162066	epochs	3.0
9463.496542582288	0.12325719999898865	epochs	2.0
9463.496542582288	0.062065799998890725	epochs	3.0
9463.558608382287	0.06119140000009793	epochs	3.0
9463.619799782287	0.1198554000002332	epochs	2.0
9463.619799782287	0.06034110000109649	epochs	3.0
9463.680140882288	0.05951429999913671	epochs	3.0
9463.739655182288	0.11663620000035735	epochs	2.0
9463.739655182288	0.058709599999929196	epochs	3.0
9463.798364782288	0.05792660000042815	epochs	3.0
9463.856291382288	0.11358560000007856	epochs	2.0
9463.856291382288	0.057164199999533594	epochs	3.0
9463.913455582287	0.05642140000054496	epochs	3.0
9463.969876982288	0.11069049999969138	epochs	2.0
9463.969876982288	0.055697899999358924	epochs	3.0
9464.025574882287	0.05499260000033246	epochs	3.0
9464.080567482288	0.10793910000029427	epochs	2.0
9464.080567482288	0.05430490000071586	epochs	3.0
9464.134872382288	0.053634199999578414	epochs	3.0
9464.188506582288	0.10532149999926332	epochs	2.0
9464.188506582288	0.05298000000038883	epochs	3.0
9464.241486582288	0.0523414999988745	epochs	3.0
9464.293828082287	0.10282759999972768	epochs	2.0
9464.293828082287	0.05171809999956167	epochs	3.0
9464.345546182287	0.05110950000016601	epochs	3.0
9464.396655682287	0.10044910000033269	epochs	2.0
9464.396655682287	0.050514900000052876	epochs	3.0
9464.447170582287	0.049934200000279816	epochs	3.0
9464.497104782287	0.09817830000065442	epochs	2.0
9464.497104782287	0.0493666000002122	epochs	3.0
9464.546471382288	0.048811700000442215	epochs	3.0
9464.595283082288	0.09600779999891529	epochs	2.0
9464.595283082288	0.04826919999868551	epochs	3.0
9464.643552282287	0.04773860000022978	epochs	3.0
9464.691290882287	0.09393120000095223	epochs	2.0
9464.691290882287	0.047219500000210246	epochs	3.0
9464.738510382287	0.046711700000741985	epochs	3.0
9464.785222082288	0.09194260000003851	epochs	2.0
9464.785222082288	0.04621459999907529	epochs	3.0
9464.831436682287	0.04572800000096322	epochs	3.0
9464.877164682288	0.09003630000006524	epochs	2.0
9464.877164682288	0.045251499999722	epochs	3.0
9464.922416182288	0.04478480000034324	epochs	3.0
9464.967200982288	0.0882075999998051	epochs	2.0
9464.967200982288	0.0443278000002465	epochs	3.0
9465.011528782288	0.0438797999995586	epochs	3.0
9465.055408582288	0.0864516999990883	epochs	2.0
9465.055408582288	0.04344099999980244	epochs	3.0
9465.098849582288	0.04301069999928586	epochs	3.0
9465.141860282287	0.08476430000155233	epochs	2.0
9465.141860282287	0.042589000000589294	epochs	3.0
9465.184449282287	0.042175300000963034	epochs	3.0
9465.226624582288	0.08314149999932852	epochs	2.0
9465.226624582288	0.04176969999934954	epochs	3.0
9465.268394282288	0.041371799999978975	epochs	3.0
9465.309766082288	0.08157969999956549	epochs	2.0
9465.309766082288	0.04098139999950945	epochs	3.0
9465.350747482287	0.04059830000005604	epochs	3.0
9465.391345782287	0.08007550000002084	epochs	2.0
9465.391345782287	0.040222300000095856	epochs	3.0
9465.431568082287	0.03985319999992498	epochs	3.0
9465.471421282287	0.07862569999997504	epochs	2.0
9465.471421282287	0.03949079999983951	epochs	3.0
9465.510912082287	0.03913490000013553	epochs	3.0
9465.550046982287	0.07722760000069684	epochs	2.0
9465.550046982287	0.038785400000051595	epochs	3.0
9465.588832382287	0.038442200000645244	epochs	3.0
9465.627274582288	0.07587819999935164	epochs	2.0
9465.627274582288	0.03810479999992822	epochs	3.0
9465.665379382288	0.03777339999942342	epochs	3.0
9465.703152782287	0.07457520000025397	epochs	2.0
9465.703152782287	0.037447700000484474	epochs	3.0
9465.740600482288	0.0371274999997695	epochs	3.0
9465.777727982288	0.07331630000044242	epochs	2.0
9465.777727982288	0.03681289999985893	epochs	3.0
9465.814540882287	0.0365034000005835	epochs	3.0
9465.851044282288	0.07209899999907066	epochs	2.0
9465.851044282288	0.036199099999066675	epochs	3.0
9465.887243382287	0.03589990000000398	epochs	3.0
9465.923143282287	0.07092170000032638	epochs	2.0
9465.923143282287	0.03560560000005353	epochs	3.0
9465.958748882287	0.035316100000272854	epochs	3.0
9465.994064982287	0.06978200000048673	epochs	2.0
9465.994064982287	0.03503120000095805	epochs	3.0
9466.029096182288	0.03475079999952868	epochs	3.0
9466.063846982288	0.0686786000005668	epochs	2.0
9466.063846982288	0.03447509999932663	epochs	3.0
9466.098322082287	0.03420350000124017	epochs	3.0
9466.132525582289	0.06760929999836662	epochs	2.0
9466.132525582289	0.03393619999951625	epochs	3.0
9466.166461782288	0.033673099998850375	epochs	3.0
9466.200134882287	0.0665729000011197	epochs	2.0
9466.200134882287	0.033414000001357635	epochs	3.0
9466.233548882288	0.03315889999976207	epochs	3.0
9466.266707782288	0.06556780000028084	epochs	2.0
9466.266707782288	0.0329076999987592	epochs	3.0
9466.299615482287	0.03266010000152164	epochs	3.0
9466.332275582288	0.06459259999974165	epochs	2.0
9466.332275582288	0.03241639999941981	epochs	3.0
9466.364691982288	0.03217620000032184	epochs	3.0
9466.396868182288	0.06364599999869824	epochs	2.0
9466.396868182288	0.03193959999953222	epochs	3.0
9466.428807782288	0.031706399999166024	epochs	3.0
9466.460514182287	0.0627266999999847	epochs	2.0
9466.460514182287	0.03147660000104224	epochs	3.0
9466.491990782288	0.03125009999894246	epochs	3.0
9466.523240882287	0.061833600000682054	epochs	2.0
9466.523240882287	0.031026900000142632	epochs	3.0
9466.554267782287	0.030806700000539422	epochs	3.0
9466.585074482287	0.06096559999969031	epochs	2.0
9466.585074482287	0.03058980000059819	epochs	3.0
9466.615664282288	0.030375799999092123	epochs	3.0
9466.646040082287	0.06012160000136646	epochs	2.0
9466.646040082287	0.030164900001182104	epochs	3.0
9466.676204982288	0.029956700000184355	epochs	3.0
9466.706161682288	0.05930069999885745	epochs	2.0
9466.706161682288	0.029751599999144673	epochs	3.0
9466.735913282288	0.02954909999971278	epochs	3.0
9466.765462382287	0.058501800000158255	epochs	2.0
9466.765462382287	0.029349399999773595	epochs	3.0
9466.794811782287	0.02915240000038466	epochs	3.0
9466.823964182287	0.05772419999993872	epochs	2.0
9466.823964182287	0.028958000000784523	epochs	3.0
9466.852922182288	0.028766199999154196	epochs	3.0
9466.881688382287	0.05696709999938321	epochs	2.0
9466.881688382287	0.028577000000950648	epochs	3.0
9466.910265382288	0.02839009999843256	epochs	3.0
9466.938655482287	0.05622949999997218	epochs	2.0
9466.938655482287	0.028205700000398792	epochs	3.0
9466.966861182287	0.028023799999573384	epochs	3.0
9466.994884982287	0.05551070000001346	epochs	2.0
9466.994884982287	0.027844000000186497	epochs	3.0
9467.022728982287	0.02766669999982696	epochs	3.0
9467.050395682287	0.05481020000115677	epochs	2.0
9467.050395682287	0.027491500000905944	epochs	3.0
9467.077887182288	0.02731870000025083	epochs	3.0
9467.105205882288	0.05412699999942561	epochs	2.0
9467.105205882288	0.027147799999511335	epochs	3.0
9467.132353682287	0.026979199999914272	epochs	3.0
9467.159332882287	0.05346070000086911	epochs	2.0
9467.159332882287	0.02681260000099428	epochs	3.0
9467.186145482288	0.02664809999987483	epochs	3.0
9467.212793582288	0.0528106999990996	epochs	2.0
9467.212793582288	0.026485599999432452	epochs	3.0
9467.239279182288	0.026325099999667145	epochs	3.0
9467.265604282287	0.0521762000007584	epochs	2.0
9467.265604282287	0.026166400000875	epochs	3.0
9467.291770682288	0.0260097999998834	epochs	3.0
9467.317780482288	0.05155670000021928	epochs	2.0
9467.317780482288	0.02585480000016105	epochs	3.0
9467.343635282288	0.02570190000005823	epochs	3.0
9467.369337182288	0.05095189999883587	epochs	2.0
9467.369337182288	0.025550700000167126	epochs	3.0
9467.394887882288	0.025401199998668744	epochs	3.0
9467.420289082287	0.05036099999961152	epochs	2.0
9467.420289082287	0.025253499999962514	epochs	3.0
9467.445542582287	0.025107499999649008	epochs	3.0
9467.470650082287	0.04978380000102334	epochs	2.0
9467.470650082287	0.024963200001366204	epochs	3.0
9467.495613282288	0.024820599999657134	epochs	3.0
9467.520433882288	0.0492195000006177	epochs	2.0
9467.520433882288	0.024679399999513407	epochs	3.0
9467.545113282287	0.024540100001104292	epochs	3.0
9467.569653382288	0.0486678999986907	epochs	2.0
9467.569653382288	0.024402099999861093	epochs	3.0
9467.594055482288	0.024265799998829607	epochs	3.0
9467.618321282287	0.04812860000129149	epochs	2.0
9467.618321282287	0.024131000000124914	epochs	3.0
9467.642452282287	0.023997600001166575	epochs	3.0
9467.666449882288	0.04760109999915585	epochs	2.0
9467.666449882288	0.02386579999983951	epochs	3.0
9467.690315682288	0.02373529999931634	epochs	3.0
9467.714050982288	0.04708500000015192	epochs	2.0
9467.714050982288	0.023606299999300973	epochs	3.0
9467.737657282287	0.02347870000085095	epochs	3.0
9467.761135982288	0.04658000000017637	epochs	2.0
9467.761135982288	0.02335250000032829	epochs	3.0
9467.784488482288	0.023227499999848078	epochs	3.0
9467.807715982288	0.04608569999982137	epochs	2.0
9467.807715982288	0.02310399999987567	epochs	3.0
9467.830819982288	0.022981699999945704	epochs	3.0
9467.853801682288	0.04560180000044056	epochs	2.0
9467.853801682288	0.022860700000819634	epochs	3.0
9467.876662382288	0.02274109999962093	epochs	3.0
9467.899403482288	0.04512789999898814	epochs	2.0
9467.899403482288	0.02262249999876076	epochs	3.0
9467.922025982287	0.022505400000227382	epochs	3.0
9467.944531382287	0.04466380000121717	epochs	2.0
9467.944531382287	0.022389300000213552	epochs	3.0
9467.966920682287	0.022274500001003616	epochs	3.0
9467.989195182288	0.04420919999938633	epochs	2.0
9467.989195182288	0.022160799999255687	epochs	3.0
9468.011355982288	0.02204840000013064	epochs	3.0
9468.033404382288	0.04376360000060231	epochs	2.0
9468.033404382288	0.021936900000582682	epochs	3.0
9468.055341282288	0.021826700000019628	epochs	3.0
9468.077167982288	0.043327100000169594	epochs	2.0
9468.077167982288	0.02171759999873757	epochs	3.0
9468.098885582287	0.021609500001432025	epochs	3.0
9468.120495082288	0.04289900000003399	epochs	2.0
9468.120495082288	0.021502499999769498	epochs	3.0
9468.141997582288	0.021396500000264496	epochs	3.0
9468.163394082289	0.04247949999989942	epochs	2.0
9468.163394082289	0.02129169999898295	epochs	3.0
9468.184685782287	0.021187800000916468	epochs	3.0
9468.205873582288	0.04206789999989269	epochs	2.0
9468.205873582288	0.021084899999550544	epochs	3.0
9468.226958482288	0.020983000000342145	epochs	3.0
9468.247941482288	0.041664399999717716	epochs	2.0
9468.247941482288	0.020882199998595752	epochs	3.0
9468.268823682287	0.020782200001121964	epochs	3.0
9468.289605882288	0.04126849999920523	epochs	2.0
9468.289605882288	0.020683299999291194	epochs	3.0
9468.310289182287	0.02058519999991404	epochs	3.0
9468.330874382287	0.04088000000047032	epochs	2.0
9468.330874382287	0.02048810000087542	epochs	3.0
9468.351362482288	0.020391899999594898	epochs	3.0
9468.371754382288	0.040498799999113544	epochs	2.0
9468.371754382288	0.020296599999710452	epochs	3.0
9468.392050982287	0.020202199999403092	epochs	3.0
9468.412253182287	0.04012460000012652	epochs	2.0
9468.412253182287	0.020108700000491808	epochs	3.0
9468.432361882287	0.020015899999634712	epochs	3.0
9468.452377782287	0.03975730000092881	epochs	2.0
9468.452377782287	0.0199241999998776	epochs	3.0
9468.472301982287	0.019833100001051207	epochs	3.0
9468.492135082288	0.03939669999999751	epochs	2.0
9468.492135082288	0.01974299999892537	epochs	3.0
9468.511878082287	0.01965370000107214	epochs	3.0
9468.531531782288	0.03904239999974379	epochs	2.0
9468.531531782288	0.019565099999454105	epochs	3.0
9468.551096882287	0.019477300000289688	epochs	3.0
9468.570574182288	0.03869459999987157	epochs	2.0
9468.570574182288	0.019390400000702357	epochs	3.0
9468.589964582288	0.019304199999169214	epochs	3.0
9468.609268782287	0.03835290000097302	epochs	2.0
9468.609268782287	0.019218800000089686	epochs	3.0
9468.628487582288	0.019134100000883336	epochs	3.0
9468.647621682288	0.03801719999864872	epochs	2.0
9468.647621682288	0.019050199998673634	epochs	3.0
9468.666671882287	0.018966999999975087	epochs	3.0
9468.685638882287	0.037687199999709264	epochs	2.0
9468.685638882287	0.018884500001149718	epochs	3.0
9468.704523382288	0.018802699998559547	epochs	3.0
9468.723326082287	0.037363100000220584	epochs	2.0
9468.723326082287	0.01872170000024198	epochs	3.0
9468.742047782287	0.018641399999978603	epochs	3.0
9468.760689182287	0.03704430000107095	epochs	2.0
9468.760689182287	0.018561599999884493	epochs	3.0
9468.779250782287	0.01848270000118646	epochs	3.0
9468.797733482288	0.036731000000145286	epochs	2.0
9468.797733482288	0.018404299999019713	epochs	3.0
9468.816137782287	0.018326700001125573	epochs	3.0
9468.834464482288	0.03642289999879722	epochs	2.0
9468.834464482288	0.018249599999762722	epochs	3.0
9468.852714082288	0.018173299999034498	epochs	3.0
9468.870887382287	0.03612010000142618	epochs	2.0
9468.870887382287	0.01809760000105598	epochs	3.0
9468.888984982288	0.0180225000003702	epochs	3.0
9468.907007482288	0.03582209999876795	epochs	2.0
9468.907007482288	0.01794789999985369	epochs	3.0
9468.924955382288	0.017874199998914264	epochs	3.0
9468.942829582287	0.035529000000678934	epochs	2.0
9468.942829582287	0.017800800000259187	epochs	3.0
9468.960630382287	0.017728200000419747	epochs	3.0
9468.978358582288	0.035240699999121716	epochs	2.0
9468.978358582288	0.017656099998930586	epochs	3.0
9468.996014682287	0.01758460000019113	epochs	3.0
9469.013599282287	0.03495710000061081	epochs	2.0
9469.013599282287	0.017513700000563404	epochs	3.0
9469.031112982288	0.017443400000047404	epochs	3.0
9469.048556382288	0.03467789999922388	epochs	2.0
9469.048556382288	0.017373599999700673	epochs	3.0
9469.065929982287	0.01730429999952321	epochs	3.0
9469.083234282287	0.03440330000012182	epochs	2.0
9469.083234282287	0.017235700001037912	epochs	3.0
9469.100469982288	0.017167599999083905	epochs	3.0
9469.117637582287	0.034132800001316355	epochs	2.0
9469.117637582287	0.017099900000175694	epochs	3.0
9469.134737482287	0.01703290000114066	epochs	3.0
9469.151770382288	0.033866699999634875	epochs	2.0
9469.151770382288	0.016966399998636916	epochs	3.0
9469.168736782287	0.01690030000099796	epochs	3.0
9469.185637082288	0.03360459999930754	epochs	2.0
9469.185637082288	0.01683479999883275	epochs	3.0
9469.202471882287	0.016769800000474788	epochs	3.0
9469.219241682287	0.033346600001095794	epochs	2.0
9469.219241682287	0.016705300000467105	epochs	3.0
9469.235946982288	0.01664130000062869	epochs	3.0
9469.252588282288	0.033092499999838765	epochs	2.0
9469.252588282288	0.016577799999140552	epochs	3.0
9469.269166082287	0.016514700000698213	epochs	3.0
9469.285680782288	0.03284229999917443	epochs	2.0
9469.285680782288	0.01645219999954861	epochs	3.0
9469.302132982288	0.016390099999625818	epochs	3.0
9469.318523082287	0.03259570000045642	epochs	2.0
9469.318523082287	0.016328400000929832	epochs	3.0
9469.334851482288	0.016267299999526585	epochs	3.0
9469.351118782288	0.03235289999975066	epochs	2.0
9469.351118782288	0.016206599999350146	epochs	3.0
9469.367325382287	0.016146300000400515	epochs	3.0
9469.383471682288	0.03211369999917224	epochs	2.0
9469.383471682288	0.016086600000562612	epochs	3.0
9469.399558282288	0.01602709999860963	epochs	3.0
9469.415585382287	0.031878000001597684	epochs	2.0
9469.415585382287	0.01596820000122534	epochs	3.0
9469.431553582288	0.015909800000372343	epochs	3.0
9469.447463382288	0.031645699998989585	epochs	2.0
9469.447463382288	0.015851599999223254	epochs	3.0
9469.463314982288	0.01579409999976633	epochs	3.0
9469.479109082287	0.03141669999968144	epochs	2.0
9469.479109082287	0.015736700001070858	epochs	3.0
9469.494845782288	0.015679999998610583	epochs	3.0
9469.510525782287	0.031191100000796723	epochs	2.0
9469.510525782287	0.015623600000253646	epochs	3.0
9469.526149382287	0.015567500000543077	epochs	3.0
9469.541716882288	0.030968699998993543	epochs	2.0
9469.541716882288	0.015511999999944237	epochs	3.0
9469.557228882288	0.015456699999049306	epochs	3.0
9469.572685582287	0.030749500001547858	epochs	2.0
9469.572685582287	0.015402000000904081	epochs	3.0
9469.588087582288	0.015347500000643777	epochs	3.0
9469.603435082288	0.030533199998899363	epochs	2.0
9469.603435082288	0.01529339999979129	epochs	3.0
9469.618728482288	0.015239799999108072	epochs	3.0
9469.633968282287	0.030320100000608363	epochs	2.0
9469.633968282287	0.015186500000709202	epochs	3.0
9469.649154782288	0.015133599999899161	epochs	3.0
9469.664288382288	0.030109899998933543	epochs	2.0
9469.664288382288	0.015080999999554479	epochs	3.0
9469.679369382287	0.015028899999379064	epochs	3.0
9469.694398282287	0.02990250000038941	epochs	2.0
9469.694398282287	0.014977000000726548	epochs	3.0
9469.709375282288	0.014925499999662861	epochs	3.0
9469.724300782287	0.029698100001041894	epochs	2.0
9469.724300782287	0.014874399999825982	epochs	3.0
9469.739175182287	0.014823700001215911	epochs	3.0
9469.753998882288	0.02949629999966419	epochs	2.0
9469.753998882288	0.014773199998671771	epochs	3.0
9469.768772082287	0.014723100000992417	epochs	3.0
9469.783495182288	0.02929740000035963	epochs	2.0
9469.783495182288	0.014673399999082903	epochs	3.0
9469.798168582287	0.014624000001276727	epochs	3.0
9469.812792582288	0.029101099999024882	epochs	2.0
9469.812792582288	0.01457489999847894	epochs	3.0
9469.827367482287	0.014526200000545941	epochs	3.0
9469.841893682287	0.028907400001116912	epochs	2.0
9469.841893682287	0.014477700000497862	epochs	3.0
9469.856371382288	0.01442970000061905	epochs	3.0
9469.870801082288	0.028716199998598313	epochs	2.0
9469.870801082288	0.014381799999682698	epochs	3.0
9469.885182882288	0.014334399998915615	epochs	3.0
9469.899517282287	0.02852760000132548	epochs	2.0
9469.899517282287	0.014287200001490419	epochs	3.0
9469.913804482288	0.014240399999835063	epochs	3.0
9469.928044882288	0.028341399998680572	epochs	2.0
9469.928044882288	0.014193799999702605	epochs	3.0
9469.942238682288	0.014147599998977967	epochs	3.0
9469.956386282287	0.02815770000051998	epochs	2.0
9469.956386282287	0.014101700000537676	epochs	3.0
9469.970487982288	0.014055999999982305	epochs	3.0
9469.984543982288	0.02797629999986384	epochs	2.0
9469.984543982288	0.014010599999892293	epochs	3.0
9469.998554582287	0.013965699999971548	epochs	3.0
9470.012520282287	0.02779720000035013	epochs	2.0
9470.012520282287	0.013920800000050804	epochs	3.0
9470.026441082287	0.013876400000299327	epochs	3.0
9470.040317482288	0.02762040000015986	epochs	2.0
9470.040317482288	0.01383220000025176	epochs	3.0
9470.054149682288	0.013788199999908102	epochs	3.0
9470.067937882288	0.027445899999293033	epochs	2.0
9470.067937882288	0.013744599998972262	epochs	3.0
9470.081682482287	0.01370130000032077	epochs	3.0
9470.095383782287	0.027273499999864725	epochs	2.0
9470.095383782287	0.0136581999995542	epochs	3.0
9470.109041982287	0.013615300000310526	epochs	3.0
9470.122657282287	0.02710339999975986	epochs	2.0
9470.122657282287	0.013572800000474672	epochs	3.0
9470.136230082288	0.013530599999285187	epochs	3.0
9470.149760682287	0.026935200001389603	epochs	2.0
9470.149760682287	0.01348839999991469	epochs	3.0
9470.163249082287	0.013446800001474912	epochs	3.0
9470.176695882288	0.02676919999976235	epochs	2.0
9470.176695882288	0.013405199999397155	epochs	3.0
9470.190101082288	0.013364000000365195	epochs	3.0
9470.203465082288	0.026605199998812168	epochs	2.0
9470.203465082288	0.013322900000275695	epochs	3.0
9470.216787982288	0.013282299998536473	epochs	3.0
9470.230070282287	0.026443200000358047	epochs	2.0
9470.230070282287	0.01324170000043523	epochs	3.0
9470.243311982287	0.013201499999922817	epochs	3.0
9470.256513482287	0.026283200000762008	epochs	2.0
9470.256513482287	0.013161500000933302	epochs	3.0
9470.269674982288	0.013121699999828706	epochs	3.0
9470.282796682288	0.026125000000320142	epochs	2.0
9470.282796682288	0.01308210000024701	epochs	3.0
9470.295878782288	0.013042900000073132	epochs	3.0
9470.308921682288	0.025968899999497808	epochs	2.0
9470.308921682288	0.013003899999603163	epochs	3.0
9470.321925582288	0.012964999999894644	epochs	3.0
9470.334890582288	0.025814500000706175	epochs	2.0
9470.334890582288	0.012926400000651483	epochs	3.0
9470.347816982288	0.012888100000054692	epochs	3.0
9470.360705082288	0.025661899999249727	epochs	2.0
9470.360705082288	0.01284989999840036	epochs	3.0
9470.373554982287	0.012812000000849366	epochs	3.0
9470.386366982288	0.02551119999952789	epochs	2.0
9470.386366982288	0.012774400000125752	epochs	3.0
9470.399141382288	0.012736799999402137	epochs	3.0
9470.411878182287	0.025362300000779214	epochs	2.0
9470.411878182287	0.01269970000066678	epochs	3.0
9470.424577882288	0.012662600000112434	epochs	3.0
9470.437240482288	0.025214999999661813	epochs	2.0
9470.437240482288	0.012625800000023446	epochs	3.0
9470.449866282288	0.012589199999638367	epochs	3.0
9470.462455482288	0.024584799999502138	epochs	2.0
9470.484736782288	0.5	epochs	-1.0
9470.487040282287	0.999920000000202	epochs	1.0
9470.984736782288	0.5	epochs	-1.0
9472.858000278473	0.08303999999952794	epochs	0.0
9472.858000278473	0.036520999999993364	epochs	1.0
9472.894521278473	0.009997999999541207	epochs	1.0
9472.904519278472	0.036520999999993364	epochs	1.0
9472.941040278472	2.0	epochs	0.0
9474.941040278472	0.5165600000000268	epochs	0.0
9474.941040278472	0.5165600000000268	epochs	1.0
9474.941056778473	0.5	epochs	-1.0
9475.441056778473	0.016543499999897904	epochs	-1.0
9475.457600278472	21.483360000000175	epochs	0.0
9476.791999816895	0.08303999999952794	epochs	0.0
9476.791999816895	0.036520999999993364	epochs	1.0
9476.828520816895	0.009997999999541207	epochs	1.0
9476.838518816894	0.036520999999993364	epochs	1.0
9476.875039816894	2.0	epochs	0.0
9478.875039816894	0.5172000000002299	epochs	0.0
9478.875039816894	0.5172000000002299	epochs	1.0
9478.875056316894	0.5	epochs	-1.0
9479.375056316894	0.01718350000010105	epochs	-1.0
9479.392239816894	21.482719999999972	epochs	0.0
9480.675000190735	0.08303999999952794	epochs	0.0
9480.675000190735	0.036520999999993364	epochs	1.0
9480.711521190735	0.009997999999541207	epochs	1.0
9480.721519190734	0.036520999999993364	epochs	1.0
9480.758040190734	2.0	epochs	0.0
9482.758040190734	0.5164800000002288	epochs	0.0
9482.758040190734	0.5164800000002288	epochs	1.0
9482.758056690735	0.5	epochs	-1.0
9483.258056690735	0.016463500000099884	epochs	-1.0
9483.274520190735	21.483439999999973	epochs	0.0
9484.425000190735	0.08303999999952794	epochs	0.0
9484.425000190735	0.036520999999993364	epochs	1.0
9484.461521190735	0.009997999999541207	epochs	1.0
9484.471519190734	0.036520999999993364	epochs	1.0
9484.508040190734	2.0	epochs	0.0
9486.508040190734	0.5168000000012398	epochs	0.0
9486.508040190734	0.5168000000012398	epochs	1.0
9486.508056690735	0.5	epochs	-1.0
9487.008056690735	0.01678350000111095	epochs	-1.0
9487.024840190736	21.483119999998962	epochs	0.0
9488.170000076294	0.08303999999952794	epochs	0.0
9488.170000076294	0.036520999999993364	epochs	1.0
9488.206521076294	0.009997999999541207	epochs	1.0
9488.216519076293	0.036520999999993364	epochs	1.0
9488.253040076293	2.0	epochs	0.0
9490.253040076293	0.5171200000004319	epochs	0.0
9490.253040076293	0.5171200000004319	epochs	1.0
9490.253056576294	0.5	epochs	-1.0
9490.753056576294	0.01710350000030303	epochs	-1.0
9490.770160076294	21.48279999999977	epochs	0.0
9491.920000076294	0.08303999999952794	epochs	0.0
9491.920000076294	0.036520999999993364	epochs	1.0
9491.956521076294	0.009997999999541207	epochs	1.0
9491.966519076293	0.036520999999993364	epochs	1.0
9492.003040076293	2.0	epochs	0.0
9494.003040076293	0.5162400000008347	epochs	0.0
9494.003040076293	0.5162400000008347	epochs	1.0
9494.003056576294	0.5	epochs	-1.0
9494.503056576294	0.016223500000705826	epochs	-1.0
9494.519280076294	21.483679999999367	epochs	0.0
9495.702000141144	0.08303999999952794	epochs	0.0
9495.702000141144	0.036520999999993364	epochs	1.0
9495.738521141144	0.009997999999541207	epochs	1.0
9495.748519141143	0.036520999999993364	epochs	1.0
9495.785040141143	2.0	epochs	0.0
9497.785040141143	0.5163200000006327	epochs	0.0
9497.785040141143	0.5163200000006327	epochs	1.0
9497.785056641143	0.5	epochs	-1.0
9498.285056641143	0.016303500000503846	epochs	-1.0
9498.301360141144	21.48359999999957	epochs	0.0
9499.485000133514	0.08303999999952794	epochs	0.0
9499.485000133514	0.036520999999993364	epochs	1.0
9499.521521133514	0.009997999999541207	epochs	1.0
9499.531519133514	0.036520999999993364	epochs	1.0
9499.568040133514	2.0	epochs	0.0
9501.568040133514	0.5162400000008347	epochs	0.0
9501.568040133514	0.5162400000008347	epochs	1.0
9501.568056633514	0.5	epochs	-1.0
9502.068056633514	0.016223500000705826	epochs	-1.0
9502.084280133515	21.483679999999367	epochs	0.0
9503.302000045776	0.08303999999952794	epochs	0.0
9503.302000045776	0.036520999999993364	epochs	1.0
9503.338521045776	0.009997999999541207	epochs	1.0
9503.348519045776	0.036520999999993364	epochs	1.0
9503.385040045776	2.0	epochs	0.0
9505.385040045776	0.5167199999996228	epochs	0.0
9505.385040045776	0.5167199999996228	epochs	1.0
9505.385056545776	0.5	epochs	-1.0
9505.885056545776	0.016703499999493943	epochs	-1.0
9505.901760045776	21.48320000000058	epochs	0.0
9539.077000141144	0.08303999999952794	epochs	0.0
9539.077000141144	0.036520999999993364	epochs	1.0
9539.113521141144	0.009997999999541207	epochs	1.0
9539.123519141143	0.036520999999993364	epochs	1.0
9539.160040141143	0.22991999999976542	epochs	0.0
9539.160040141143	0.050000000001091394	epochs	1.0
9539.210040141144	0.010000000000218279	epochs	1.0
9539.220040141145	0.049999999999272404	epochs	1.0
9539.270040141144	0.010000000000218279	epochs	1.0
9539.280040141144	0.049999999999272404	epochs	1.0
9539.330040141143	0.010000000000218279	epochs	1.0
9539.340040141144	0.049919999999474385	epochs	1.0
10077.192999839783	0.08303999999952794	epochs	0.0
10077.192999839783	0.036520999999993364	epochs	1.0
10077.229520839783	0.009997999999541207	epochs	1.0
10077.239518839782	0.036520999999993364	epochs	1.0
10077.276039839782	0.22991999999976542	epochs	0.0
10077.276039839782	0.050000000001091394	epochs	1.0
10077.326039839783	0.010000000000218279	epochs	1.0
10077.336039839784	0.049999999999272404	epochs	1.0
10077.386039839783	0.010000000000218279	epochs	1.0
10077.396039839783	0.049999999999272404	epochs	1.0
10077.446039839782	0.010000000000218279	epochs	1.0
10077.456039839783	0.049919999999474385	epochs	1.0
