onset	duration	nwb_table	treelevel
15.243000030517578	0.09999999999999964	epochs	0.0
15.243000030517578	0.04499999999999993	epochs	1.0
15.288000030517578	0.009999999999999787	epochs	1.0
15.298000030517578	0.04499999999999993	epochs	1.0
15.343000030517578	0.704995000000002	epochs	0.0
15.343000030517578	0.5	epochs	-1.0
15.343000030517578	0.5	epochs	-1.0
15.343000030517578	0.5	epochs	1.0
15.843000030517578	0.0600000000000005	epochs	-1.0
15.843000030517578	0.025000000000000355	epochs	-1.0
15.843000030517578	0.025000000000000355	epochs	1.0
15.868000030517578	0.009999999999999787	epochs	-1.0
15.868000030517578	0.009999999999999787	epochs	1.0
15.878000030517578	0.025000000000000355	epochs	-1.0
15.878000030517578	0.025000000000000355	epochs	1.0
15.903000030517578	0.0600000000000005	epochs	-1.0
15.903000030517578	0.025000000000000355	epochs	-1.0
15.903000030517578	0.025000000000000355	epochs	1.0
15.928000030517579	0.009999999999999787	epochs	-1.0
15.928000030517579	0.009999999999999787	epochs	1.0
15.938000030517578	0.025000000000000355	epochs	-1.0
15.938000030517578	0.025000000000000355	epochs	1.0
15.963000030517579	0.0600000000000005	epochs	-1.0
15.963000030517579	0.02499999999999858	epochs	-1.0
15.963000030517579	0.02499999999999858	epochs	1.0
15.988000030517577	0.010000000000001563	epochs	-1.0
15.988000030517577	0.010000000000001563	epochs	1.0
15.998000030517579	0.025000000000000355	epochs	-1.0
15.998000030517579	0.025000000000000355	epochs	1.0
16.02300003051758	0.024995000000000545	epochs	1.0
278.71799993515015	0.10000000000002274	epochs	0.0
278.71799993515015	0.045000000000015916	epochs	1.0
278.76299993515016	0.009999999999990905	epochs	1.0
278.77299993515015	0.045000000000015916	epochs	1.0
278.81799993515017	0.7049949999999967	epochs	0.0
278.81799993515017	0.5	epochs	-1.0
278.81799993515017	0.5	epochs	1.0
279.31799993515017	0.060000000000002274	epochs	-1.0
279.31799993515017	0.024999999999977263	epochs	-1.0
279.31799993515017	0.024999999999977263	epochs	1.0
279.34299993515015	0.009999999999990905	epochs	-1.0
279.34299993515015	0.009999999999990905	epochs	1.0
279.35299993515014	0.025000000000034106	epochs	-1.0
279.35299993515014	0.025000000000034106	epochs	1.0
279.37799993515017	0.060000000000002274	epochs	-1.0
279.37799993515017	0.024999999999977263	epochs	-1.0
279.37799993515017	0.024999999999977263	epochs	1.0
279.40299993515015	0.009999999999990905	epochs	-1.0
279.40299993515015	0.009999999999990905	epochs	1.0
279.41299993515014	0.025000000000034106	epochs	-1.0
279.41299993515014	0.025000000000034106	epochs	1.0
279.4379999351502	0.05999999999994543	epochs	-1.0
279.4379999351502	0.024999999999977263	epochs	-1.0
279.4379999351502	0.024999999999977263	epochs	1.0
279.46299993515015	0.009999999999990905	epochs	-1.0
279.46299993515015	0.009999999999990905	epochs	1.0
279.47299993515014	0.024999999999977263	epochs	-1.0
279.47299993515014	0.024999999999977263	epochs	1.0
279.4979999351501	0.02499500000004673	epochs	1.0
351.8289999961853	0.10000000000002274	epochs	0.0
351.8289999961853	0.045000000000015916	epochs	1.0
351.8739999961853	0.009999999999990905	epochs	1.0
351.8839999961853	0.045000000000015916	epochs	1.0
351.9289999961853	61.384995	epochs	0.0
351.9289999961853	0.5	epochs	-1.0
351.9289999961853	0.5	epochs	-1.0
351.9289999961853	0.5	epochs	1.0
352.4289999961853	0.060000000000002274	epochs	-1.0
352.4289999961853	0.024999999999977263	epochs	-1.0
352.4289999961853	0.024999999999977263	epochs	1.0
352.4539999961853	0.009999999999990905	epochs	-1.0
352.4539999961853	0.009999999999990905	epochs	1.0
352.4639999961853	0.025000000000034106	epochs	-1.0
352.4639999961853	0.025000000000034106	epochs	1.0
352.4889999961853	0.060000000000002274	epochs	-1.0
352.4889999961853	0.024999999999977263	epochs	-1.0
352.4889999961853	0.024999999999977263	epochs	1.0
352.5139999961853	0.009999999999990905	epochs	-1.0
352.5139999961853	0.009999999999990905	epochs	1.0
352.5239999961853	0.025000000000034106	epochs	-1.0
352.5239999961853	0.025000000000034106	epochs	1.0
352.54899999618533	0.05999999999994543	epochs	-1.0
352.54899999618533	0.024999999999977263	epochs	-1.0
352.54899999618533	0.024999999999977263	epochs	1.0
352.5739999961853	0.009999999999990905	epochs	-1.0
352.5739999961853	0.009999999999990905	epochs	1.0
352.5839999961853	0.024999999999977263	epochs	-1.0
352.5839999961853	0.024999999999977263	epochs	1.0
352.6089999961853	60.0	epochs	1.0
412.6089999961853	0.5	epochs	-1.0
412.6089999961853	0.5	epochs	-1.0
412.6089999961853	0.5	epochs	1.0
413.1089999961853	0.06000000000005912	epochs	-1.0
413.1089999961853	0.025000000000034106	epochs	-1.0
413.1089999961853	0.025000000000034106	epochs	1.0
413.1339999961853	0.009999999999990905	epochs	-1.0
413.1339999961853	0.009999999999990905	epochs	1.0
413.1439999961853	0.025000000000034106	epochs	-1.0
413.1439999961853	0.025000000000034106	epochs	1.0
413.16899999618533	0.05999999999994543	epochs	-1.0
413.16899999618533	0.024999999999977263	epochs	-1.0
413.16899999618533	0.024999999999977263	epochs	1.0
413.1939999961853	0.009999999999990905	epochs	-1.0
413.1939999961853	0.009999999999990905	epochs	1.0
413.2039999961853	0.024999999999977263	epochs	-1.0
413.2039999961853	0.024999999999977263	epochs	1.0
413.2289999961853	0.060000000000002274	epochs	-1.0
413.2289999961853	0.025000000000034106	epochs	-1.0
413.2289999961853	0.025000000000034106	epochs	1.0
413.2539999961853	0.009999999999990905	epochs	-1.0
413.2539999961853	0.009999999999990905	epochs	1.0
413.2639999961853	0.024999999999977263	epochs	-1.0
413.2639999961853	0.024999999999977263	epochs	1.0
413.2889999961853	0.02499500000004673	epochs	1.0
445.11400032043457	0.10000000000002274	epochs	0.0
445.11400032043457	0.045000000000015916	epochs	1.0
445.1590003204346	0.009999999999990905	epochs	1.0
445.1690003204346	0.045000000000015916	epochs	1.0
445.2140003204346	0.7049949999999967	epochs	0.0
445.2140003204346	0.5	epochs	-1.0
445.2140003204346	0.5	epochs	-1.0
445.2140003204346	0.5	epochs	1.0
445.7140003204346	0.060000000000002274	epochs	-1.0
445.7140003204346	0.024999999999977263	epochs	-1.0
445.7140003204346	0.024999999999977263	epochs	1.0
445.73900032043457	0.009999999999990905	epochs	-1.0
445.73900032043457	0.009999999999990905	epochs	1.0
445.74900032043456	0.025000000000034106	epochs	-1.0
445.74900032043456	0.025000000000034106	epochs	1.0
445.7740003204346	0.060000000000002274	epochs	-1.0
445.7740003204346	0.024999999999977263	epochs	-1.0
445.7740003204346	0.024999999999977263	epochs	1.0
445.7990003204346	0.009999999999990905	epochs	-1.0
445.7990003204346	0.009999999999990905	epochs	1.0
445.80900032043456	0.025000000000034106	epochs	-1.0
445.80900032043456	0.025000000000034106	epochs	1.0
445.8340003204346	0.05999999999994543	epochs	-1.0
445.8340003204346	0.024999999999977263	epochs	-1.0
445.8340003204346	0.024999999999977263	epochs	1.0
445.8590003204346	0.009999999999990905	epochs	-1.0
445.8590003204346	0.009999999999990905	epochs	1.0
445.86900032043457	0.024999999999977263	epochs	-1.0
445.86900032043457	0.024999999999977263	epochs	1.0
445.89400032043454	0.02499500000004673	epochs	1.0
446.33100032806396	0.10000000000002274	epochs	0.0
446.33100032806396	0.045000000000015916	epochs	1.0
446.376000328064	0.009999999999990905	epochs	1.0
446.386000328064	0.045000000000015916	epochs	1.0
446.431000328064	0.7049949999999967	epochs	0.0
446.431000328064	0.5	epochs	-1.0
446.431000328064	0.5	epochs	-1.0
446.431000328064	0.5	epochs	1.0
446.931000328064	0.060000000000002274	epochs	-1.0
446.931000328064	0.024999999999977263	epochs	-1.0
446.931000328064	0.024999999999977263	epochs	1.0
446.95600032806396	0.009999999999990905	epochs	-1.0
446.95600032806396	0.009999999999990905	epochs	1.0
446.96600032806396	0.025000000000034106	epochs	-1.0
446.96600032806396	0.025000000000034106	epochs	1.0
446.991000328064	0.060000000000002274	epochs	-1.0
446.991000328064	0.024999999999977263	epochs	-1.0
446.991000328064	0.024999999999977263	epochs	1.0
447.01600032806397	0.009999999999990905	epochs	-1.0
447.01600032806397	0.009999999999990905	epochs	1.0
447.02600032806396	0.025000000000034106	epochs	-1.0
447.02600032806396	0.025000000000034106	epochs	1.0
447.051000328064	0.05999999999994543	epochs	-1.0
447.051000328064	0.024999999999977263	epochs	-1.0
447.051000328064	0.024999999999977263	epochs	1.0
447.07600032806397	0.009999999999990905	epochs	-1.0
447.07600032806397	0.009999999999990905	epochs	1.0
447.08600032806396	0.024999999999977263	epochs	-1.0
447.08600032806396	0.024999999999977263	epochs	1.0
447.11100032806394	0.02499500000004673	epochs	1.0
447.40199995040894	0.10000000000002274	epochs	0.0
447.40199995040894	0.045000000000015916	epochs	1.0
447.44699995040895	0.009999999999990905	epochs	1.0
447.45699995040894	0.045000000000015916	epochs	1.0
447.50199995040896	0.7049949999999967	epochs	0.0
447.50199995040896	0.5	epochs	-1.0
447.50199995040896	0.5	epochs	-1.0
447.50199995040896	0.5	epochs	1.0
448.00199995040896	0.060000000000002274	epochs	-1.0
448.00199995040896	0.024999999999977263	epochs	-1.0
448.00199995040896	0.024999999999977263	epochs	1.0
448.02699995040894	0.009999999999990905	epochs	-1.0
448.02699995040894	0.009999999999990905	epochs	1.0
448.0369999504089	0.025000000000034106	epochs	-1.0
448.0369999504089	0.025000000000034106	epochs	1.0
448.06199995040896	0.060000000000002274	epochs	-1.0
448.06199995040896	0.024999999999977263	epochs	-1.0
448.06199995040896	0.024999999999977263	epochs	1.0
448.08699995040894	0.009999999999990905	epochs	-1.0
448.08699995040894	0.009999999999990905	epochs	1.0
448.09699995040893	0.025000000000034106	epochs	-1.0
448.09699995040893	0.025000000000034106	epochs	1.0
448.12199995040896	0.05999999999994543	epochs	-1.0
448.12199995040896	0.024999999999977263	epochs	-1.0
448.12199995040896	0.024999999999977263	epochs	1.0
448.14699995040894	0.009999999999990905	epochs	-1.0
448.14699995040894	0.009999999999990905	epochs	1.0
448.15699995040893	0.024999999999977263	epochs	-1.0
448.15699995040893	0.024999999999977263	epochs	1.0
448.1819999504089	0.02499500000004673	epochs	1.0
490.7730002403259	0.03156000000001313	epochs	0.0
490.7730002403259	0.010780899999986104	epochs	1.0
490.7837811403259	0.009998200000040924	epochs	1.0
490.79377934032595	0.010780899999986104	epochs	1.0
490.80456024032594	5.999979999999994	epochs	0.0
490.80456024032594	0.5	epochs	1.0
490.8045659403259	0.5	epochs	-1.0
490.8045659403259	0.5	epochs	-1.0
491.30456024032594	5.0	epochs	1.0
496.30456024032594	0.49997999999999365	epochs	1.0
496.3045659403259	0.4999743000000194	epochs	-1.0
500.78399991989136	0.03156000000001313	epochs	0.0
500.78399991989136	0.010780899999986104	epochs	1.0
500.79478081989134	0.009998200000040924	epochs	1.0
500.8047790198914	0.010780899999986104	epochs	1.0
500.81555991989137	2.5280199999999695	epochs	0.0
500.81555991989137	0.5	epochs	1.0
500.81556561989134	0.5	epochs	-1.0
501.31555991989137	1.0	epochs	1.0
502.31555991989137	1.0280199999999695	epochs	1.0
502.81556561989134	0.5	epochs	-1.0
503.34357991989134	0.9719600000000241	epochs	0.0
503.58900022506714	0.03156000000001313	epochs	0.0
503.58900022506714	0.010780899999986104	epochs	1.0
503.5997811250671	0.009998200000040924	epochs	1.0
503.60977932506717	0.010780899999986104	epochs	1.0
503.62056022506715	2.5282399999999825	epochs	0.0
503.62056022506715	0.5	epochs	1.0
503.6205659250671	0.5	epochs	-1.0
504.12056022506715	1.0	epochs	1.0
505.12056022506715	1.0282399999999825	epochs	1.0
505.6205659250671	0.5	epochs	-1.0
506.14880022506713	0.9717400000000112	epochs	0.0
506.3660001754761	0.03156000000001313	epochs	0.0
506.3660001754761	0.010780899999986104	epochs	1.0
506.37678107547606	0.009998200000040924	epochs	1.0
506.3867792754761	0.010780899999986104	epochs	1.0
506.3975601754761	2.528259999999989	epochs	0.0
506.3975601754761	0.5	epochs	1.0
506.39756587547606	0.5	epochs	-1.0
506.8975601754761	1.0	epochs	1.0
507.8975601754761	1.0282599999999888	epochs	1.0
508.39756587547606	0.5	epochs	-1.0
508.9258201754761	0.9717200000000048	epochs	0.0
509.16200017929077	0.03156000000001313	epochs	0.0
509.16200017929077	0.010780899999986104	epochs	1.0
509.17278107929076	0.009998200000040924	epochs	1.0
509.1827792792908	0.010780899999986104	epochs	1.0
509.1935601792908	2.5277600000000007	epochs	0.0
509.1935601792908	0.5	epochs	1.0
509.19356587929076	0.5	epochs	-1.0
509.6935601792908	1.0	epochs	1.0
510.6935601792908	1.0277600000000007	epochs	1.0
511.19356587929076	0.5	epochs	-1.0
511.7213201792908	0.9722199999999361	epochs	0.0
511.9489998817444	0.03156000000001313	epochs	0.0
511.9489998817444	0.010780899999986104	epochs	1.0
511.95978078174437	0.009998200000040924	epochs	1.0
511.9697789817444	0.010780899999986104	epochs	1.0
511.9805598817444	2.528760000000034	epochs	0.0
511.9805598817444	0.5	epochs	1.0
511.9805655817444	0.5	epochs	-1.0
512.4805598817444	1.0	epochs	1.0
513.4805598817444	1.0287600000000339	epochs	1.0
513.9805655817444	0.5	epochs	-1.0
514.5093198817444	0.9712199999999029	epochs	0.0
514.7590003013611	0.6499800000000278	epochs	0.0
514.7590003013611	0.049999999999954525	epochs	1.0
514.809000301361	0.5	epochs	1.0
515.309000301361	0.09998000000007323	epochs	1.0
515.7030000686646	0.6499800000000278	epochs	0.0
515.7030000686646	0.049999999999954525	epochs	1.0
515.7530000686645	0.5	epochs	1.0
516.2530000686645	0.09998000000007323	epochs	1.0
516.6160001754761	0.6499800000000278	epochs	0.0
516.6160001754761	0.049999999999954525	epochs	1.0
516.666000175476	0.5	epochs	1.0
517.166000175476	0.09998000000007323	epochs	1.0
517.5520000457764	0.6499800000000278	epochs	0.0
517.5520000457764	0.049999999999954525	epochs	1.0
517.6020000457763	0.5	epochs	1.0
518.1020000457763	0.09998000000007323	epochs	1.0
518.4860000610352	0.6499800000000278	epochs	0.0
518.4860000610352	0.049999999999954525	epochs	1.0
518.5360000610351	0.5	epochs	1.0
519.0360000610351	0.09998000000007323	epochs	1.0
519.460000038147	0.03156000000001313	epochs	0.0
519.460000038147	0.010780899999986104	epochs	1.0
519.470780938147	0.009998200000040924	epochs	1.0
519.480779138147	0.010780899999986104	epochs	1.0
519.491560038147	2.507759999999962	epochs	0.0
519.491560038147	0.5	epochs	1.0
519.491565738147	0.5	epochs	-1.0
519.991560038147	1.0	epochs	1.0
520.991560038147	1.007759999999962	epochs	1.0
521.491565738147	0.5	epochs	-1.0
521.999320038147	2.992219999999975	epochs	0.0
524.7309999465942	0.03156000000001313	epochs	0.0
524.7309999465942	0.010780899999986104	epochs	1.0
524.7417808465942	0.009998200000040924	epochs	1.0
524.7517790465943	0.010780899999986104	epochs	1.0
524.7625599465943	2.528639999999996	epochs	0.0
524.7625599465943	0.5	epochs	1.0
524.7625656465942	0.5	epochs	-1.0
525.2625599465943	1.0	epochs	1.0
526.2625599465943	1.0286399999999958	epochs	1.0
526.7625656465942	0.5	epochs	-1.0
527.2911999465942	2.971339999999941	epochs	0.0
530.0160002708435	0.03156000000001313	epochs	0.0
530.0160002708435	0.010780899999986104	epochs	1.0
530.0267811708435	0.009998200000040924	epochs	1.0
530.0367793708435	0.010780899999986104	epochs	1.0
530.0475602708435	2.528639999999996	epochs	0.0
530.0475602708435	0.5	epochs	1.0
530.0475659708435	0.5	epochs	-1.0
530.5475602708435	1.0	epochs	1.0
531.5475602708435	1.0286399999999958	epochs	1.0
532.0475659708435	0.5	epochs	-1.0
532.5762002708435	3.971339999999941	epochs	0.0
532.8610000610352	0.03156000000001313	epochs	0.0
532.8610000610352	0.010780899999986104	epochs	1.0
532.8717809610351	0.009998200000040924	epochs	1.0
532.8817791610352	0.010780899999986104	epochs	1.0
532.8925600610352	2.52800000000002	epochs	0.0
532.8925600610352	0.5	epochs	1.0
532.8925657610351	0.5	epochs	-1.0
533.3925600610352	1.0	epochs	1.0
534.3925600610352	1.02800000000002	epochs	1.0
534.8925657610351	0.5	epochs	-1.0
535.4205600610352	3.971979999999917	epochs	0.0
535.6840000152588	0.03156000000001313	epochs	0.0
535.6840000152588	0.010780899999986104	epochs	1.0
535.6947809152588	0.009998200000040924	epochs	1.0
535.7047791152588	0.010780899999986104	epochs	1.0
535.7155600152588	2.528500000000008	epochs	0.0
535.7155600152588	0.5	epochs	1.0
535.7155657152588	0.5	epochs	-1.0
536.2155600152588	1.0	epochs	1.0
537.2155600152588	1.0285000000000082	epochs	1.0
537.7155657152588	0.5	epochs	-1.0
538.2440600152588	3.9714799999999286	epochs	0.0
538.5149998664856	0.03156000000001313	epochs	0.0
538.5149998664856	0.010780899999986104	epochs	1.0
538.5257807664856	0.009998200000040924	epochs	1.0
538.5357789664856	0.010780899999986104	epochs	1.0
538.5465598664856	2.528500000000008	epochs	0.0
538.5465598664856	0.5	epochs	1.0
538.5465655664856	0.5	epochs	-1.0
539.0465598664856	1.0	epochs	1.0
540.0465598664856	1.0285000000000082	epochs	1.0
540.5465655664856	0.5	epochs	-1.0
541.0750598664856	3.9714799999999286	epochs	0.0
541.3510003089905	0.03156000000001313	epochs	0.0
541.3510003089905	0.010780899999986104	epochs	1.0
541.3617812089905	0.009998200000040924	epochs	1.0
541.3717794089905	0.010780899999986104	epochs	1.0
541.3825603089905	2.5282399999999825	epochs	0.0
541.3825603089905	0.5	epochs	1.0
541.3825660089905	0.5	epochs	-1.0
541.8825603089905	1.0	epochs	1.0
542.8825603089905	1.0282399999999825	epochs	1.0
543.3825660089905	0.5	epochs	-1.0
543.9108003089905	3.9717399999999543	epochs	0.0
544.1900000572205	0.03156000000001313	epochs	0.0
544.1900000572205	0.010780899999986104	epochs	1.0
544.2007809572204	0.009998200000040924	epochs	1.0
544.2107791572205	0.010780899999986104	epochs	1.0
544.2215600572205	2.50825999999995	epochs	0.0
544.2215600572205	0.5	epochs	1.0
544.2215657572204	0.5	epochs	-1.0
544.7215600572205	1.0	epochs	1.0
545.7215600572205	1.0082599999999502	epochs	1.0
546.2215657572204	0.5	epochs	-1.0
546.7298200572204	3.9917199999999866	epochs	0.0
547.045000076294	0.15297999999995682	epochs	0.0
547.045000076294	0.049999999999954525	epochs	1.0
547.0950000762939	0.0030000000000427463	epochs	1.0
547.0980000762939	0.09997999999995955	epochs	1.0
547.5290002822876	0.15297999999995682	epochs	0.0
547.5290002822876	0.049999999999954525	epochs	1.0
547.5790002822876	0.0030000000000427463	epochs	1.0
547.5820002822876	0.09997999999995955	epochs	1.0
547.9710001945496	0.15297999999995682	epochs	0.0
547.9710001945496	0.049999999999954525	epochs	1.0
548.0210001945495	0.0030000000000427463	epochs	1.0
548.0240001945496	0.09997999999995955	epochs	1.0
548.4140000343323	0.15297999999995682	epochs	0.0
548.4140000343323	0.049999999999954525	epochs	1.0
548.4640000343322	0.0030000000000427463	epochs	1.0
548.4670000343323	0.09997999999995955	epochs	1.0
548.8730001449585	0.15297999999995682	epochs	0.0
548.8730001449585	0.049999999999954525	epochs	1.0
548.9230001449585	0.0030000000000427463	epochs	1.0
548.9260001449585	0.09997999999995955	epochs	1.0
549.3550000190735	0.15297999999995682	epochs	0.0
549.3550000190735	0.049999999999954525	epochs	1.0
549.4050000190734	0.0030000000000427463	epochs	1.0
549.4080000190735	0.09997999999995955	epochs	1.0
549.8180003166199	0.15297999999995682	epochs	0.0
549.8180003166199	0.049999999999954525	epochs	1.0
549.8680003166198	0.0030000000000427463	epochs	1.0
549.8710003166199	0.09997999999995955	epochs	1.0
550.2990002632141	0.15297999999995682	epochs	0.0
550.2990002632141	0.049999999999954525	epochs	1.0
550.3490002632141	0.0030000000000427463	epochs	1.0
550.3520002632141	0.09997999999995955	epochs	1.0
550.75	0.15297999999995682	epochs	0.0
550.75	0.049999999999954525	epochs	1.0
550.8	0.0030000000000427463	epochs	1.0
550.803	0.09997999999995955	epochs	1.0
551.2230000495911	0.15297999999995682	epochs	0.0
551.2230000495911	0.049999999999954525	epochs	1.0
551.273000049591	0.0030000000000427463	epochs	1.0
551.2760000495911	0.09997999999995955	epochs	1.0
551.6789999008179	0.15297999999995682	epochs	0.0
551.6789999008179	0.049999999999954525	epochs	1.0
551.7289999008178	0.0030000000000427463	epochs	1.0
551.7319999008179	0.09997999999995955	epochs	1.0
552.1319999694824	0.15297999999995682	epochs	0.0
552.1319999694824	0.049999999999954525	epochs	1.0
552.1819999694824	0.0030000000000427463	epochs	1.0
552.1849999694824	0.09997999999995955	epochs	1.0
552.5869998931885	0.15297999999995682	epochs	0.0
552.5869998931885	0.049999999999954525	epochs	1.0
552.6369998931884	0.0030000000000427463	epochs	1.0
552.6399998931885	0.09997999999995955	epochs	1.0
553.063000202179	0.15297999999995682	epochs	0.0
553.063000202179	0.049999999999954525	epochs	1.0
553.1130002021789	0.0030000000000427463	epochs	1.0
553.116000202179	0.09997999999995955	epochs	1.0
553.5350003242493	0.15297999999995682	epochs	0.0
553.5350003242493	0.049999999999954525	epochs	1.0
553.5850003242492	0.0030000000000427463	epochs	1.0
553.5880003242493	0.09997999999995955	epochs	1.0
554.0050001144409	0.15297999999995682	epochs	0.0
554.0050001144409	0.049999999999954525	epochs	1.0
554.0550001144409	0.0030000000000427463	epochs	1.0
554.0580001144409	0.09997999999995955	epochs	1.0
554.5079998970032	0.03156000000001313	epochs	0.0
554.5079998970032	0.010780899999986104	epochs	1.0
554.5187807970032	0.009998200000040924	epochs	1.0
554.5287789970032	0.010780899999986104	epochs	1.0
554.5395598970032	1.508100000000013	epochs	0.0
554.5395598970032	0.5	epochs	1.0
554.5395655970032	0.5	epochs	-1.0
555.0395598970032	0.0030000000000427463	epochs	1.0
555.0425598970032	1.0050999999999704	epochs	1.0
555.5425655970032	0.5	epochs	-1.0
556.0476598970032	0.0948799999999892	epochs	0.0
556.831000328064	0.03156000000001313	epochs	0.0
556.831000328064	0.010780899999986104	epochs	1.0
556.841781228064	0.009998200000040924	epochs	1.0
556.851779428064	0.010780899999986104	epochs	1.0
556.862560328064	1.508100000000013	epochs	0.0
556.862560328064	0.5	epochs	1.0
556.862566028064	0.5	epochs	-1.0
557.362560328064	0.0030000000000427463	epochs	1.0
557.365560328064	1.0050999999999704	epochs	1.0
557.865566028064	0.5	epochs	-1.0
558.370660328064	0.0948799999999892	epochs	0.0
559.1310000419617	0.03156000000001313	epochs	0.0
559.1310000419617	0.010780899999986104	epochs	1.0
559.1417809419617	0.009998200000040924	epochs	1.0
559.1517791419617	0.010780899999986104	epochs	1.0
559.1625600419617	12.888659999999959	epochs	0.0
559.1625600419617	0.5	epochs	1.0
559.1625657419617	0.5	epochs	-1.0
559.6625600419617	12.388659999999959	epochs	1.0
571.0510200419617	1.0001999999999498	epochs	-1.0
571.0510200419617	0.039559999999937645	epochs	-1.0
571.5485057419617	0.5	epochs	-1.0
572.0512200419616	6.611319999999978	epochs	0.0
572.4809999465942	0.03156000000001313	epochs	0.0
572.4809999465942	0.010780899999986104	epochs	1.0
572.4917808465942	0.009998200000040924	epochs	1.0
572.5017790465943	0.010780899999986104	epochs	1.0
572.5125599465943	12.947279999999978	epochs	0.0
572.5125599465943	0.5	epochs	1.0
572.5125656465942	0.5	epochs	-1.0
573.0125599465943	12.447279999999978	epochs	1.0
584.4609999465943	0.9988399999999729	epochs	-1.0
584.4609999465943	0.03867999999999938	epochs	-1.0
584.9584856465942	0.5	epochs	-1.0
585.4598399465942	6.552699999999959	epochs	0.0
585.7720003128052	0.03156000000001313	epochs	0.0
585.7720003128052	0.010780899999986104	epochs	1.0
585.7827812128052	0.009998200000040924	epochs	1.0
585.7927794128052	0.010780899999986104	epochs	1.0
585.8035603128052	12.908260000000041	epochs	0.0
585.8035603128052	0.5	epochs	1.0
585.8035660128052	0.5	epochs	-1.0
586.3035603128052	12.408260000000041	epochs	1.0
597.7112603128052	1.000560000000064	epochs	-1.0
597.7112603128052	0.03966000000002623	epochs	-1.0
598.2087460128051	0.5	epochs	-1.0
598.7118203128052	6.591719999999896	epochs	0.0
611.6230001449585	0.03152000000000044	epochs	0.0
611.6230001449585	0.010767200000032062	epochs	1.0
611.6337673449585	0.009985599999936312	epochs	1.0
611.6437529449585	0.010767200000032062	epochs	1.0
611.6546001449585	2.0	epochs	0.0
613.6545658449585	0.5	epochs	-1.0
613.6546001449585	21.527759999999944	epochs	0.0
613.6546001449585	1.0	epochs	1.0
614.1545658449585	19.99951999999996	epochs	-1.0
614.6546001449585	20.0	epochs	1.0
614.6546001449585	4.356753899999944	epochs	-1.0
614.6546001449585	1.9745871999999736	epochs	2.0
614.6546001449585	1.0985621999999466	epochs	3.0
615.7531623449585	0.8760250000000269	epochs	3.0
616.6291873449585	1.3524075000000266	epochs	2.0
616.6291873449585	0.7286354999999958	epochs	3.0
617.3578228449585	0.6237720000000309	epochs	3.0
617.9815948449585	1.029759199999944	epochs	2.0
617.9815948449585	0.5453292999999348	epochs	3.0
618.5269241449585	0.4844299000000092	epochs	3.0
619.0113540449585	0.8317862000000105	epochs	2.0
619.0113540449585	0.4357763000000432	epochs	3.0
619.4471303449585	0.3960098999999673	epochs	3.0
619.8431402449585	0.6977970000000369	epochs	2.0
619.8431402449585	0.3628982000000178	epochs	3.0
620.2060384449585	0.33489880000001904	epochs	3.0
620.5409372449585	0.601045699999986	epochs	2.0
620.5409372449585	0.3109122999999272	epochs	3.0
620.8518495449584	0.2901334000000588	epochs	3.0
621.1419829449585	0.5278859000000011	epochs	2.0
621.1419829449585	0.2719585999999481	epochs	3.0
621.4139415449584	0.25592730000005304	epochs	3.0
621.6698688449585	0.470619299999953	epochs	2.0
621.6698688449585	0.241681299999982	epochs	3.0
621.9115501449585	0.228937999999971	epochs	3.0
622.1404881449585	0.42457039999999324	epochs	2.0
622.1404881449585	0.21747140000002219	epochs	3.0
622.3579595449585	0.20709899999997106	epochs	3.0
622.5650585449584	0.3867354000000205	epochs	2.0
622.5650585449584	0.19767110000009325	epochs	3.0
622.7627296449585	0.18906429999992724	epochs	3.0
622.9517939449585	0.3550953000000163	epochs	2.0
622.9517939449585	0.18117590000008477	epochs	3.0
623.1329698449586	0.17391939999993156	epochs	3.0
623.3068892449585	0.3282431000000088	epochs	2.0
623.3068892449585	0.16722189999995862	epochs	3.0
623.4741111449584	0.16102120000005016	epochs	3.0
623.6351323449585	0.30516799999998057	epochs	2.0
623.6351323449585	0.15526390000002266	epochs	3.0
623.7903962449585	0.1499040999999579	epochs	3.0
623.9403003449585	0.28512530000000424	epochs	2.0
623.9403003449585	0.1449020999999675	epochs	3.0
624.0852024449584	0.14022320000003674	epochs	3.0
624.2254256449585	0.2675537999999733	epochs	2.0
624.2254256449585	0.1358369000000721	epochs	3.0
624.3612625449585	0.13171689999990122	epochs	3.0
624.4929794449585	0.2520229000000427	epochs	2.0
624.4929794449585	0.1278393000000051	epochs	3.0
624.6208187449585	0.12418360000003759	epochs	3.0
624.7450023449585	0.23819649999995818	epochs	2.0
624.7450023449585	0.12073110000005727	epochs	3.0
624.8657334449586	0.11746539999990091	epochs	3.0
624.9831988449585	0.2258088000000953	epochs	2.0
624.9831988449585	0.11437190000003739	epochs	3.0
625.0975707449585	0.1114369000000579	epochs	3.0
625.2090076449585	0.21464599999990241	epochs	2.0
625.2090076449585	0.10864889999993466	epochs	3.0
625.3176565449585	0.10599709999996776	epochs	3.0
625.4236536449584	0.20453500000007807	epochs	2.0
625.4236536449584	0.10347150000006877	epochs	3.0
625.5271251449585	0.1010635000000093	epochs	3.0
625.6281886449585	0.19533400000000256	epochs	2.0
625.6281886449585	0.09876509999992322	epochs	3.0
625.7269537449585	0.09656890000007934	epochs	3.0
625.8235226449585	0.18692529999998442	epochs	2.0
625.8235226449585	0.09446830000001682	epochs	3.0
625.9179909449585	0.09245699999996759	epochs	3.0
626.0104479449585	0.17921069999999872	epochs	2.0
626.0104479449585	0.09052959999996801	epochs	3.0
626.1009775449585	0.08868110000003071	epochs	3.0
626.1896586449585	0.17210769999996955	epochs	2.0
626.1896586449585	0.08690630000000965	epochs	3.0
626.2765649449585	0.0852013999999599	epochs	3.0
626.3617663449585	0.16554640000003928	epochs	2.0
626.3617663449585	0.08356190000006336	epochs	3.0
626.4453282449585	0.08198449999997592	epochs	3.0
626.5273127449585	0.15946710000002895	epochs	2.0
626.5273127449585	0.08046539999998004	epochs	3.0
626.6077781449585	0.07900170000004891	epochs	3.0
626.6867798449586	0.15381839999997737	epochs	2.0
626.6867798449586	0.07759009999995214	epochs	3.0
626.7643699449585	0.07622830000002523	epochs	3.0
626.8405982449585	0.14855639999996129	epochs	2.0
626.8405982449585	0.07491329999993468	epochs	3.0
626.9155115449585	0.0736431000000266	epochs	3.0
626.9891546449585	0.14364239999997608	epochs	2.0
626.9891546449585	0.07241499999997814	epochs	3.0
627.0615696449585	0.07122739999999794	epochs	3.0
627.1327970449585	0.13904309999998077	epochs	2.0
627.1327970449585	0.07007800000008046	epochs	3.0
627.2028750449585	0.0689650999999003	epochs	3.0
627.2718401449584	0.1347293000000036	epochs	2.0
627.2718401449584	0.0678871000000072	epochs	3.0
627.3397272449585	0.06684219999999641	epochs	3.0
627.4065694449584	0.1306752000000415	epochs	2.0
627.4065694449584	0.06582910000008724	epochs	3.0
627.4723985449585	0.06484609999995428	epochs	3.0
627.5372446449585	0.12685780000003888	epochs	2.0
627.5372446449585	0.06389200000000983	epochs	3.0
627.6011366449585	0.06296580000002905	epochs	3.0
627.6641024449585	0.12325720000001184	epochs	2.0
627.6641024449585	0.062065799999913907	epochs	3.0
627.7261682449584	0.06119140000009793	epochs	3.0
627.7873596449585	0.11985540000000583	epochs	2.0
627.7873596449585	0.060341099999959624	epochs	3.0
627.8477007449585	0.059514300000046205	epochs	3.0
627.9072150449585	0.1166361999999026	epochs	2.0
627.9072150449585	0.058709599999929196	epochs	3.0
627.9659246449585	0.057926599999973405	epochs	3.0
628.0238512449585	0.11358560000007856	epochs	2.0
628.0238512449585	0.05716419999998834	epochs	3.0
628.0810154449584	0.056421400000090216	epochs	3.0
628.1374368449585	0.11069049999991876	epochs	2.0
628.1374368449585	0.05569789999992736	epochs	3.0
628.1931347449585	0.0549925999999914	epochs	3.0
628.2481273449584	0.1079391000000669	epochs	2.0
628.2481273449584	0.05430490000003374	epochs	3.0
628.3024322449585	0.05363420000003316	epochs	3.0
628.3560664449585	0.10532149999994544	epochs	2.0
628.3560664449585	0.05297999999993408	epochs	3.0
628.4090464449584	0.052341500000011365	epochs	3.0
628.4613879449585	0.10282760000006874	epochs	2.0
628.4613879449585	0.05171810000001642	epochs	3.0
628.5131060449585	0.05110950000005232	epochs	3.0
628.5642155449585	0.10044909999999163	epochs	2.0
628.5642155449585	0.05051489999993919	epochs	3.0
628.6147304449585	0.04993420000005244	epochs	3.0
628.6646646449585	0.0981782999999723	epochs	2.0
628.6646646449585	0.04936659999998483	epochs	3.0
628.7140312449585	0.04881169999998747	epochs	3.0
628.7628429449585	0.09600780000005216	epochs	2.0
628.7628429449585	0.04826920000004975	epochs	3.0
628.8111121449585	0.04773860000000241	epochs	3.0
628.8588507449585	0.09393119999992905	epochs	2.0
628.8588507449585	0.04721949999998287	epochs	3.0
628.9060702449585	0.04671169999994618	epochs	3.0
628.9527819449585	0.09194260000003851	epochs	2.0
628.9527819449585	0.046214599999984785	epochs	3.0
628.9989965449585	0.045728000000053726	epochs	3.0
629.0447245449585	0.09003629999995155	epochs	2.0
629.0447245449585	0.045251499999949374	epochs	3.0
629.0899760449585	0.04478480000000218	epochs	3.0
629.1347608449585	0.08820760000003247	epochs	2.0
629.1347608449585	0.044327800000019124	epochs	3.0
629.1790886449585	0.04387980000001335	epochs	3.0
629.2229684449585	0.0864516999999978	epochs	2.0
629.2229684449585	0.04344100000002982	epochs	3.0
629.2664094449585	0.04301069999996798	epochs	3.0
629.3094201449585	0.08476429999996071	epochs	2.0
629.3094201449585	0.04258900000002086	epochs	3.0
629.3520091449585	0.04217529999993985	epochs	3.0
629.3941844449585	0.08314150000001064	epochs	2.0
629.3941844449585	0.04176970000003166	epochs	3.0
629.4359541449585	0.041371799999978975	epochs	3.0
629.4773259449585	0.08157970000002024	epochs	2.0
629.4773259449585	0.04098140000007788	epochs	3.0
629.5183073449585	0.040598299999942355	epochs	3.0
629.5589056449585	0.08007550000002084	epochs	2.0
629.5589056449585	0.04022229999998217	epochs	3.0
629.5991279449585	0.03985320000003867	epochs	3.0
629.6389811449585	0.07862569999997504	epochs	2.0
629.6389811449585	0.0394907999999532	epochs	3.0
629.6784719449585	0.039134900000021844	epochs	3.0
629.7176068449585	0.07722760000001472	epochs	2.0
629.7176068449585	0.038785400000051595	epochs	3.0
629.7563922449585	0.03844219999996312	epochs	3.0
629.7948344449585	0.07587820000003376	epochs	2.0
629.7948344449585	0.038104800000041905	epochs	3.0
629.8329392449585	0.03777339999999185	epochs	3.0
629.8707126449585	0.07457519999991291	epochs	2.0
629.8707126449585	0.03744769999991604	epochs	3.0
629.9081603449584	0.03712749999999687	epochs	3.0
629.9452878449584	0.07331630000010136	epochs	2.0
629.9452878449584	0.0368129000000863	epochs	3.0
629.9821007449585	0.03650340000001506	epochs	3.0
630.0186041449585	0.07209899999998015	epochs	2.0
630.0186041449585	0.03619909999997617	epochs	3.0
630.0548032449585	0.03589990000000398	epochs	3.0
630.0907031449585	0.07092169999998532	epochs	2.0
630.0907031449585	0.03560559999993984	epochs	3.0
630.1263087449585	0.03531610000004548	epochs	3.0
630.1616248449585	0.06978200000003199	epochs	2.0
630.1616248449585	0.03503119999993487	epochs	3.0
630.1966560449584	0.034750800000097115	epochs	3.0
630.2314068449585	0.06867859999999837	epochs	2.0
630.2314068449585	0.03447510000000875	epochs	3.0
630.2658819449586	0.03420349999998962	epochs	3.0
630.3000854449585	0.06760929999995824	epochs	2.0
630.3000854449585	0.033936199999970995	epochs	3.0
630.3340216449585	0.033673099999987244	epochs	3.0
630.3676947449585	0.06657289999998284	epochs	2.0
630.3676947449585	0.03341399999999339	epochs	3.0
630.4011087449585	0.033158899999989444	epochs	3.0
630.4342676449585	0.06556780000005347	epochs	2.0
630.4342676449585	0.032907700000009754	epochs	3.0
630.4671753449585	0.03266010000004371	epochs	3.0
630.4998354449585	0.06459259999996902	epochs	2.0
630.4998354449585	0.032416399999988244	epochs	3.0
630.5322518449585	0.03217619999998078	epochs	3.0
630.5644280449585	0.0636459999999488	epochs	2.0
630.5644280449585	0.03193959999998697	epochs	3.0
630.5963676449585	0.03170639999996183	epochs	3.0
630.6280740449585	0.06272670000009839	epochs	2.0
630.6280740449585	0.03147660000001906	epochs	3.0
630.6595506449585	0.03125010000007933	epochs	3.0
630.6908007449586	0.06183359999999993	epochs	2.0
630.6908007449586	0.03102689999991526	epochs	3.0
630.7218276449585	0.030806700000084675	epochs	3.0
630.7526343449586	0.060965599999917686	epochs	2.0
630.7526343449586	0.030589799999916067	epochs	3.0
630.7832241449585	0.030375800000001618	epochs	3.0
630.8135999449585	0.06012160000000222	epochs	2.0
630.8135999449585	0.030164900000045236	epochs	3.0
630.8437648449585	0.02995669999995698	epochs	3.0
630.8737215449585	0.05930069999999432	epochs	2.0
630.8737215449585	0.029751600000054168	epochs	3.0
630.9034731449585	0.029549099999940154	epochs	3.0
630.9330222449585	0.05850180000004457	epochs	2.0
630.9330222449585	0.02934940000000097	epochs	3.0
630.9623716449585	0.0291524000000436	epochs	3.0
630.9915240449585	0.05772419999993872	epochs	2.0
630.9915240449585	0.028957999999988715	epochs	3.0
631.0204820449585	0.028766199999950004	epochs	3.0
631.0492482449584	0.05696710000006533	epochs	2.0
631.0492482449584	0.028577000000041153	epochs	3.0
631.0778252449585	0.028390100000024177	epochs	3.0
631.1062153449585	0.05622949999997218	epochs	2.0
631.1062153449585	0.028205699999944045	epochs	3.0
631.1344210449585	0.028023800000028132	epochs	3.0
631.1624448449585	0.05551070000001346	epochs	2.0
631.1624448449585	0.027843999999959124	epochs	3.0
631.1902888449584	0.027666700000054334	epochs	3.0
631.2179555449585	0.054810200000019904	epochs	2.0
631.2179555449585	0.02749149999999645	epochs	3.0
631.2454470449585	0.027318700000023455	epochs	3.0
631.2727657449585	0.05412699999999404	epochs	2.0
631.2727657449585	0.027147799999966082	epochs	3.0
631.2999135449585	0.02697920000002796	epochs	3.0
631.3268927449585	0.053460699999959616	epochs	2.0
631.3268927449585	0.0268125999999711	epochs	3.0
631.3537053449585	0.026648099999988517	epochs	3.0
631.3803534449585	0.05281070000000909	epochs	2.0
631.3803534449585	0.026485600000000886	epochs	3.0
631.4068390449585	0.026325100000008206	epochs	3.0
631.4331641449585	0.05217619999996259	epochs	2.0
631.4331641449585	0.026166399999965506	epochs	3.0
631.4593305449584	0.026009799999997085	epochs	3.0
631.4853403449584	0.05155670000010559	epochs	2.0
631.4853403449584	0.025854800000047362	epochs	3.0
631.5111951449585	0.02570190000005823	epochs	3.0
631.5368970449586	0.05095189999997274	epochs	2.0
631.5368970449586	0.025550699999939752	epochs	3.0
631.5624477449585	0.025401200000032986	epochs	3.0
631.5878489449585	0.05036099999995258	epochs	2.0
631.5878489449585	0.025253499999962514	epochs	3.0
631.6131024449585	0.02510749999999007	epochs	3.0
631.6382099449585	0.049783800000000156	epochs	2.0
631.6382099449585	0.02496320000000196	epochs	3.0
631.6631731449585	0.024820599999998194	epochs	3.0
631.6879937449585	0.049219500000049266	epochs	2.0
631.6879937449585	0.024679399999968155	epochs	3.0
631.7126731449584	0.02454010000008111	epochs	3.0
631.7372132449585	0.048667899999941255	epochs	2.0
631.7372132449585	0.02440209999997478	epochs	3.0
631.7616153449585	0.024265799999966475	epochs	3.0
631.7858811449585	0.04812860000004093	epochs	2.0
631.7858811449585	0.024131000000011227	epochs	3.0
631.8100121449585	0.023997600000029706	epochs	3.0
631.8340097449585	0.04760109999995166	epochs	2.0
631.8340097449585	0.023865799999953197	epochs	3.0
631.8578755449585	0.02373529999999846	epochs	3.0
631.8816108449585	0.047085000000038235	epochs	2.0
631.8816108449585	0.023606299999983094	epochs	3.0
631.9052171449584	0.02347870000005514	epochs	3.0
631.9286958449585	0.046579999999948996	epochs	2.0
631.9286958449585	0.02335249999998723	epochs	3.0
631.9520483449585	0.023227499999961765	epochs	3.0
631.9752758449584	0.046085700000048746	epochs	2.0
631.9752758449584	0.023104000000103042	epochs	3.0
631.9983798449585	0.022981699999945704	epochs	3.0
632.0213615449585	0.045601799999985815	epochs	2.0
632.0213615449585	0.022860700000023826	epochs	3.0
632.0442222449585	0.02274109999996199	epochs	3.0
632.0669633449585	0.04512790000001132	epochs	2.0
632.0669633449585	0.022622500000011314	epochs	3.0
632.0895858449585	0.02250540000000001	epochs	3.0
632.1120912449585	0.044663799999966614	epochs	2.0
632.1120912449585	0.02238929999998618	epochs	3.0
632.1344805449585	0.022274499999980435	epochs	3.0
632.1567550449585	0.04420920000006845	epochs	2.0
632.1567550449585	0.022160800000051495	epochs	3.0
632.1789158449585	0.022048400000016954	epochs	3.0
632.2009642449585	0.04376359999992019	epochs	2.0
632.2009642449585	0.021936900000014248	epochs	3.0
632.2229011449585	0.02182669999990594	epochs	3.0
632.2447278449584	0.04332710000005591	epochs	2.0
632.2447278449584	0.02171760000010181	epochs	3.0
632.2664454449585	0.021609499999954096	epochs	3.0
632.2880549449585	0.04289900000003399	epochs	2.0
632.2880549449585	0.02150249999999687	epochs	3.0
632.3095574449585	0.021396500000037122	epochs	3.0
632.3309539449585	0.042479500000013104	epochs	2.0
632.3309539449585	0.02129170000000613	epochs	3.0
632.3522456449585	0.021187800000006973	epochs	3.0
632.3734334449586	0.04206789999989269	epochs	2.0
632.3734334449586	0.021084899999891604	epochs	3.0
632.3945183449584	0.020983000000001084	epochs	3.0
632.4155013449584	0.04166440000005878	epochs	2.0
632.4155013449584	0.02088220000007368	epochs	3.0
632.4363835449585	0.020782199999985096	epochs	3.0
632.4571657449585	0.04126850000000104	epochs	2.0
632.4571657449585	0.020683299999973315	epochs	3.0
632.4778490449585	0.020585200000027726	epochs	3.0
632.4984342449585	0.04088000000001557	epochs	2.0
632.4984342449585	0.020488099999965925	epochs	3.0
632.5189223449585	0.020391900000049645	epochs	3.0
632.5393142449585	0.04049880000002304	epochs	2.0
632.5393142449585	0.020296599999937825	epochs	3.0
632.5596108449585	0.020202200000085213	epochs	3.0
632.5798130449585	0.04012460000001283	epochs	2.0
632.5798130449585	0.020108699999923374	epochs	3.0
632.5999217449585	0.02001590000008946	epochs	3.0
632.6199376449586	0.039757299999905626	epochs	2.0
632.6199376449586	0.019924199999991288	epochs	3.0
632.6398618449585	0.01983309999991434	epochs	3.0
632.6596949449585	0.03939669999999751	epochs	2.0
632.6596949449585	0.01974300000006224	epochs	3.0
632.6794379449585	0.01965369999993527	epochs	3.0
632.6990916449585	0.039042400000084854	epochs	2.0
632.6990916449585	0.01956510000002254	epochs	3.0
632.7186567449585	0.019477300000062314	epochs	3.0
632.7381340449585	0.03869459999998526	epochs	2.0
632.7381340449585	0.01939039999990655	epochs	3.0
632.7575244449584	0.01930420000007871	epochs	3.0
632.7768286449585	0.03835289999994984	epochs	2.0
632.7768286449585	0.019218799999976	epochs	3.0
632.7960474449585	0.01913409999997384	epochs	3.0
632.8151815449585	0.03801720000001296	epochs	2.0
632.8151815449585	0.019050200000037876	epochs	3.0
632.8342317449585	0.018966999999975087	epochs	3.0
632.8531987449585	0.037687200000050325	epochs	2.0
632.8531987449585	0.01888450000001285	epochs	3.0
632.8720832449585	0.018802700000037476	epochs	3.0
632.8908859449585	0.03736309999999321	epochs	2.0
632.8908859449585	0.01872169999990092	epochs	3.0
632.9096076449584	0.01864140000009229	epochs	3.0
632.9282490449585	0.03704429999993408	epochs	2.0
632.9282490449585	0.01856159999999818	epochs	3.0
632.9468106449585	0.018482699999935903	epochs	3.0
632.9652933449585	0.0367310000000316	epochs	2.0
632.9652933449585	0.018404300000042895	epochs	3.0
632.9836976449585	0.018326699999988705	epochs	3.0
633.0020243449585	0.036422900000047775	epochs	2.0
633.0020243449585	0.018249599999990096	epochs	3.0
633.0202739449585	0.01817330000005768	epochs	3.0
633.0384472449585	0.03612009999994825	epochs	2.0
633.0384472449585	0.01809759999991911	epochs	3.0
633.0565448449585	0.01802250000002914	epochs	3.0
633.0745673449585	0.03582210000001851	epochs	2.0
633.0745673449585	0.017947899999967376	epochs	3.0
633.0925152449585	0.017874200000051133	epochs	3.0
633.1103894449585	0.03552899999999681	epochs	2.0
633.1103894449585	0.017800800000031813	epochs	3.0
633.1281902449585	0.017728199999965	epochs	3.0
633.1459184449585	0.03524070000003121	epochs	2.0
633.1459184449585	0.017656099999953767	epochs	3.0
633.1635745449585	0.017584600000077444	epochs	3.0
633.1811591449585	0.03495709999992869	epochs	2.0
633.1811591449585	0.01751369999999497	epochs	3.0
633.1986728449585	0.017443399999933717	epochs	3.0
633.2161162449585	0.03467790000001969	epochs	2.0
633.2161162449585	0.017373600000041733	epochs	3.0
633.2334898449585	0.017304299999977957	epochs	3.0
633.2507941449585	0.03440330000000813	epochs	2.0
633.2507941449585	0.01723570000001473	epochs	3.0
633.2680298449585	0.0171675999999934	epochs	3.0
633.2851974449585	0.03413279999995211	epochs	2.0
633.2851974449585	0.01709989999994832	epochs	3.0
633.3022973449584	0.017032900000003792	epochs	3.0
633.3193302449585	0.03386670000008962	epochs	2.0
633.3193302449585	0.01696640000000116	epochs	3.0
633.3362966449585	0.016900300000088464	epochs	3.0
633.3531969449585	0.03360459999998966	epochs	2.0
633.3531969449585	0.01683479999996962	epochs	3.0
633.3700317449585	0.01676980000002004	epochs	3.0
633.3868015449585	0.033346599999958926	epochs	2.0
633.3868015449585	0.016705300000012357	epochs	3.0
633.4035068449585	0.01664129999994657	epochs	3.0
633.4201481449585	0.03309249999995245	epochs	2.0
633.4201481449585	0.016577800000050047	epochs	3.0
633.4367259449585	0.016514699999902405	epochs	3.0
633.4532406449584	0.032842300000083924	epochs	2.0
633.4532406449584	0.01645220000000336	epochs	3.0
633.4696928449584	0.016390100000080565	epochs	3.0
633.4860829449585	0.03259570000000167	epochs	2.0
633.4860829449585	0.016328400000020338	epochs	3.0
633.5024113449585	0.016267299999981333	epochs	3.0
633.5186786449585	0.032352899999978035	epochs	2.0
633.5186786449585	0.01620659999991858	epochs	3.0
633.5348852449584	0.016146300000059455	epochs	3.0
633.5510315449585	0.03211369999996805	epochs	2.0
633.5510315449585	0.016086599999994178	epochs	3.0
633.5671181449585	0.01602709999997387	epochs	3.0
633.5831452449585	0.03187800000000607	epochs	2.0
633.5831452449585	0.015968199999974786	epochs	3.0
633.5991134449584	0.015909800000031282	epochs	3.0
633.6150232449585	0.031645700000012766	epochs	2.0
633.6150232449585	0.01585160000001906	epochs	3.0
633.6308748449585	0.015794099999993705	epochs	3.0
633.6466689449585	0.0314167000000225	epochs	2.0
633.6466689449585	0.015736700000047676	epochs	3.0
633.6624056449585	0.015679999999974825	epochs	3.0
633.6780856449585	0.031191100000000915	epochs	2.0
633.6780856449585	0.015623600000026272	epochs	3.0
633.6937092449585	0.015567499999974643	epochs	3.0
633.7092767449585	0.030968700000016725	epochs	2.0
633.7092767449585	0.015511999999944237	epochs	3.0
633.7247887449585	0.015456700000072487	epochs	3.0
633.7402454449585	0.030749499999956242	epochs	2.0
633.7402454449585	0.015401999999994587	epochs	3.0
633.7556474449585	0.015347499999961656	epochs	3.0
633.7709949449585	0.03053320000003623	epochs	2.0
633.7709949449585	0.015293400000018664	epochs	3.0
633.7862883449585	0.015239800000017567	epochs	3.0
633.8015281449585	0.030320099999926242	epochs	2.0
633.8015281449585	0.015186499999913394	epochs	3.0
633.8167146449584	0.015133600000012848	epochs	3.0
633.8318482449585	0.03010990000007041	epochs	2.0
633.8318482449585	0.015081000000009226	epochs	3.0
633.8469292449585	0.015028900000061185	epochs	3.0
633.8619581449585	0.029902499999934662	epochs	2.0
633.8619581449585	0.01497699999993074	epochs	3.0
633.8769351449585	0.014925500000003922	epochs	3.0
633.8918606449585	0.029698100000018712	epochs	2.0
633.8918606449585	0.014874400000053356	epochs	3.0
633.9067350449585	0.014823699999965356	epochs	3.0
633.9215587449585	0.02949630000000525	epochs	2.0
633.9215587449585	0.014773200000036013	epochs	3.0
633.9363319449585	0.014723099999969236	epochs	3.0
633.9510550449585	0.02929740000001857	epochs	2.0
633.9510550449585	0.014673399999992398	epochs	3.0
633.9657284449585	0.014624000000026172	epochs	3.0
633.9803524449585	0.029101100000048064	epochs	2.0
633.9803524449585	0.01457489999995687	epochs	3.0
633.9949273449585	0.014526200000091194	epochs	3.0
634.0094535449585	0.028907399999980044	epochs	2.0
634.0094535449585	0.014477699999929428	epochs	3.0
634.0239312449585	0.014429700000050616	epochs	3.0
634.0383609449585	0.028716199999962555	epochs	2.0
634.0383609449585	0.014381800000023759	epochs	3.0
634.0527427449586	0.014334399999938796	epochs	3.0
634.0670771449585	0.02852759999996124	epochs	2.0
634.0670771449585	0.01428720000001249	epochs	3.0
634.0813643449585	0.01424039999994875	epochs	3.0
634.0956047449585	0.028341400000044814	epochs	2.0
634.0956047449585	0.014193800000043666	epochs	3.0
634.1097985449585	0.014147600000001148	epochs	3.0
634.1239461449585	0.028157699999951546	epochs	2.0
634.1239461449585	0.014101699999969242	epochs	3.0
634.1380478449585	0.014055999999982305	epochs	3.0
634.1521038449584	0.027976300000091214	epochs	2.0
634.1521038449584	0.01401060000000598	epochs	3.0
634.1661144449585	0.013965700000085235	epochs	3.0
634.1800801449585	0.02779720000000907	epochs	2.0
634.1800801449585	0.013920799999937117	epochs	3.0
634.1940009449585	0.013876400000071953	epochs	3.0
634.2078773449585	0.027620399999932488	epochs	2.0
634.2078773449585	0.0138321999999107	epochs	3.0
634.2217095449585	0.013788200000021789	epochs	3.0
634.2354977449585	0.027445899999975154	epochs	2.0
634.2354977449585	0.013744599999995444	epochs	3.0
634.2492423449585	0.01370129999997971	epochs	3.0
634.2629436449585	0.0272735000000921	epochs	2.0
634.2629436449585	0.013658200000008947	epochs	3.0
634.2766018449585	0.013615300000083153	epochs	3.0
634.2902171449585	0.027103399999987232	epochs	2.0
634.2902171449585	0.013572799999906238	epochs	3.0
634.3037899449585	0.013530600000080995	epochs	3.0
634.3173205449585	0.026935199999911674	epochs	2.0
634.3173205449585	0.01348839999991469	epochs	3.0
634.3308089449584	0.013446799999996983	epochs	3.0
634.3442557449584	0.02676920000010341	epochs	2.0
634.3442557449584	0.013405200000079276	epochs	3.0
634.3576609449585	0.013364000000024134	epochs	3.0
634.3710249449585	0.026605199999949036	epochs	2.0
634.3710249449585	0.013322899999934634	epochs	3.0
634.3843478449585	0.013282300000014402	epochs	3.0
634.3976301449585	0.026443200000016986	epochs	2.0
634.3976301449585	0.013241699999980483	epochs	3.0
634.4108718449585	0.013201500000036503	epochs	3.0
634.4240733449585	0.0262831999999662	epochs	2.0
634.4240733449585	0.013161500000023807	epochs	3.0
634.4372348449585	0.013121699999942393	epochs	3.0
634.4503565449585	0.02612499999997908	epochs	2.0
634.4503565449585	0.013082100000019636	epochs	3.0
634.4634386449585	0.013042899999959445	epochs	3.0
634.4764815449585	0.025968900000066242	epochs	2.0
634.4764815449585	0.01300390000005791	epochs	3.0
634.4894854449585	0.012965000000008331	epochs	3.0
634.5024504449585	0.025814500000024054	epochs	2.0
634.5024504449585	0.012926399999969362	epochs	3.0
634.5153768449585	0.012888100000054692	epochs	3.0
634.5282649449586	0.025661899999931848	epochs	2.0
634.5282649449586	0.012849899999991976	epochs	3.0
634.5411148449585	0.012811999999939871	epochs	3.0
634.5539268449585	0.025511199999982637	epochs	2.0
634.5539268449585	0.012774400000012065	epochs	3.0
634.5667012449585	0.012736799999970572	epochs	3.0
634.5794380449585	0.025362299999983406	epochs	2.0
634.5794380449585	0.01269969999998466	epochs	3.0
634.5921377449584	0.012662599999998747	epochs	3.0
634.6048003449584	0.025215000000002874	epochs	2.0
634.6048003449584	0.012625800000023446	epochs	3.0
634.6174261449585	0.012589199999979428	epochs	3.0
634.6300153449585	0.024584800000070572	epochs	2.0
634.6540858449584	0.5	epochs	-1.0
634.6546001449585	0.5277599999999438	epochs	1.0
635.1823601449585	0.4721600000000308	epochs	0.0
635.6170001029968	0.03152000000000044	epochs	0.0
635.6170001029968	0.010767200000032062	epochs	1.0
635.6277673029969	0.009985599999936312	epochs	1.0
635.6377529029968	0.010767200000032062	epochs	1.0
635.6486001029969	2.0	epochs	0.0
637.6485658029968	0.5	epochs	-1.0
637.6486001029969	21.54783999999995	epochs	0.0
637.6486001029969	1.0	epochs	1.0
638.1485658029968	19.99951999999996	epochs	-1.0
638.6486001029969	20.0	epochs	1.0
638.6486001029969	4.356753899999944	epochs	-1.0
638.6486001029969	1.9745871999999736	epochs	2.0
638.6486001029969	1.0985621999999466	epochs	3.0
639.7471623029968	0.8760250000000269	epochs	3.0
640.6231873029968	1.3524075000000266	epochs	2.0
640.6231873029968	0.7286354999999958	epochs	3.0
641.3518228029968	0.6237720000000309	epochs	3.0
641.9755948029969	1.029759199999944	epochs	2.0
641.9755948029969	0.5453292999999348	epochs	3.0
642.5209241029968	0.4844299000000092	epochs	3.0
643.0053540029968	0.8317862000000105	epochs	2.0
643.0053540029968	0.4357763000000432	epochs	3.0
643.4411303029968	0.3960098999999673	epochs	3.0
643.8371402029968	0.6977970000000369	epochs	2.0
643.8371402029968	0.3628982000000178	epochs	3.0
644.2000384029968	0.33489880000001904	epochs	3.0
644.5349372029968	0.601045699999986	epochs	2.0
644.5349372029968	0.3109122999999272	epochs	3.0
644.8458495029968	0.2901334000000588	epochs	3.0
645.1359829029968	0.5278859000000011	epochs	2.0
645.1359829029968	0.2719585999999481	epochs	3.0
645.4079415029968	0.25592730000005304	epochs	3.0
645.6638688029968	0.470619299999953	epochs	2.0
645.6638688029968	0.241681299999982	epochs	3.0
645.9055501029968	0.228937999999971	epochs	3.0
646.1344881029968	0.42457039999999324	epochs	2.0
646.1344881029968	0.21747140000002219	epochs	3.0
646.3519595029968	0.20709899999997106	epochs	3.0
646.5590585029968	0.3867354000000205	epochs	2.0
646.5590585029968	0.19767110000009325	epochs	3.0
646.7567296029969	0.18906429999992724	epochs	3.0
646.9457939029968	0.3550953000000163	epochs	2.0
646.9457939029968	0.18117590000008477	epochs	3.0
647.1269698029969	0.17391939999993156	epochs	3.0
647.3008892029968	0.3282431000000088	epochs	2.0
647.3008892029968	0.16722189999995862	epochs	3.0
647.4681111029968	0.16102120000005016	epochs	3.0
647.6291323029968	0.30516799999998057	epochs	2.0
647.6291323029968	0.15526390000002266	epochs	3.0
647.7843962029968	0.1499040999999579	epochs	3.0
647.9343003029968	0.28512530000000424	epochs	2.0
647.9343003029968	0.1449020999999675	epochs	3.0
648.0792024029968	0.14022320000003674	epochs	3.0
648.2194256029968	0.2675537999999733	epochs	2.0
648.2194256029968	0.1358369000000721	epochs	3.0
648.3552625029969	0.13171689999990122	epochs	3.0
648.4869794029968	0.2520229000000427	epochs	2.0
648.4869794029968	0.1278393000000051	epochs	3.0
648.6148187029968	0.12418360000003759	epochs	3.0
648.7390023029968	0.23819649999995818	epochs	2.0
648.7390023029968	0.12073110000005727	epochs	3.0
648.8597334029969	0.11746539999990091	epochs	3.0
648.9771988029968	0.2258088000000953	epochs	2.0
648.9771988029968	0.11437190000003739	epochs	3.0
649.0915707029968	0.1114369000000579	epochs	3.0
649.2030076029969	0.21464599999990241	epochs	2.0
649.2030076029969	0.10864889999993466	epochs	3.0
649.3116565029968	0.10599709999996776	epochs	3.0
649.4176536029968	0.20453500000007807	epochs	2.0
649.4176536029968	0.10347150000006877	epochs	3.0
649.5211251029968	0.1010635000000093	epochs	3.0
649.6221886029969	0.19533400000000256	epochs	2.0
649.6221886029969	0.09876509999992322	epochs	3.0
649.7209537029968	0.09656890000007934	epochs	3.0
649.8175226029969	0.18692529999998442	epochs	2.0
649.8175226029969	0.09446830000001682	epochs	3.0
649.9119909029969	0.09245699999996759	epochs	3.0
650.0044479029968	0.17921069999999872	epochs	2.0
650.0044479029968	0.09052959999996801	epochs	3.0
650.0949775029968	0.08868110000003071	epochs	3.0
650.1836586029968	0.17210769999996955	epochs	2.0
650.1836586029968	0.08690630000000965	epochs	3.0
650.2705649029969	0.0852013999999599	epochs	3.0
650.3557663029968	0.16554640000003928	epochs	2.0
650.3557663029968	0.08356190000006336	epochs	3.0
650.4393282029969	0.08198449999997592	epochs	3.0
650.5213127029969	0.15946710000002895	epochs	2.0
650.5213127029969	0.08046539999998004	epochs	3.0
650.6017781029968	0.07900170000004891	epochs	3.0
650.6807798029969	0.15381839999997737	epochs	2.0
650.6807798029969	0.07759009999995214	epochs	3.0
650.7583699029968	0.07622830000002523	epochs	3.0
650.8345982029969	0.14855639999996129	epochs	2.0
650.8345982029969	0.07491329999993468	epochs	3.0
650.9095115029968	0.0736431000000266	epochs	3.0
650.9831546029968	0.14364239999997608	epochs	2.0
650.9831546029968	0.07241499999997814	epochs	3.0
651.0555696029968	0.07122739999999794	epochs	3.0
651.1267970029968	0.13904309999998077	epochs	2.0
651.1267970029968	0.07007800000008046	epochs	3.0
651.1968750029969	0.0689650999999003	epochs	3.0
651.2658401029968	0.1347293000000036	epochs	2.0
651.2658401029968	0.0678871000000072	epochs	3.0
651.3337272029968	0.06684219999999641	epochs	3.0
651.4005694029968	0.1306752000000415	epochs	2.0
651.4005694029968	0.06582910000008724	epochs	3.0
651.4663985029969	0.06484609999995428	epochs	3.0
651.5312446029968	0.12685780000003888	epochs	2.0
651.5312446029968	0.06389200000000983	epochs	3.0
651.5951366029968	0.06296580000002905	epochs	3.0
651.6581024029969	0.12325720000001184	epochs	2.0
651.6581024029969	0.062065799999913907	epochs	3.0
651.7201682029968	0.06119140000009793	epochs	3.0
651.7813596029969	0.11985540000000583	epochs	2.0
651.7813596029969	0.060341099999959624	epochs	3.0
651.8417007029968	0.059514300000046205	epochs	3.0
651.9012150029969	0.1166361999999026	epochs	2.0
651.9012150029969	0.058709599999929196	epochs	3.0
651.9599246029968	0.057926599999973405	epochs	3.0
652.0178512029968	0.11358560000007856	epochs	2.0
652.0178512029968	0.05716419999998834	epochs	3.0
652.0750154029968	0.056421400000090216	epochs	3.0
652.1314368029969	0.11069049999991876	epochs	2.0
652.1314368029969	0.05569789999992736	epochs	3.0
652.1871347029968	0.0549925999999914	epochs	3.0
652.2421273029968	0.1079391000000669	epochs	2.0
652.2421273029968	0.05430490000003374	epochs	3.0
652.2964322029968	0.05363420000003316	epochs	3.0
652.3500664029968	0.10532149999994544	epochs	2.0
652.3500664029968	0.05297999999993408	epochs	3.0
652.4030464029968	0.052341500000011365	epochs	3.0
652.4553879029968	0.10282760000006874	epochs	2.0
652.4553879029968	0.05171810000001642	epochs	3.0
652.5071060029968	0.05110950000005232	epochs	3.0
652.5582155029969	0.10044909999999163	epochs	2.0
652.5582155029969	0.05051489999993919	epochs	3.0
652.6087304029968	0.04993420000005244	epochs	3.0
652.6586646029969	0.0981782999999723	epochs	2.0
652.6586646029969	0.04936659999998483	epochs	3.0
652.7080312029968	0.04881169999998747	epochs	3.0
652.7568429029968	0.09600780000005216	epochs	2.0
652.7568429029968	0.04826920000004975	epochs	3.0
652.8051121029969	0.04773860000000241	epochs	3.0
652.8528507029969	0.09393119999992905	epochs	2.0
652.8528507029969	0.04721949999998287	epochs	3.0
652.9000702029969	0.04671169999994618	epochs	3.0
652.9467819029968	0.09194260000003851	epochs	2.0
652.9467819029968	0.046214599999984785	epochs	3.0
652.9929965029968	0.045728000000053726	epochs	3.0
653.0387245029968	0.09003629999995155	epochs	2.0
653.0387245029968	0.045251499999949374	epochs	3.0
653.0839760029968	0.04478480000000218	epochs	3.0
653.1287608029968	0.08820760000003247	epochs	2.0
653.1287608029968	0.044327800000019124	epochs	3.0
653.1730886029968	0.04387980000001335	epochs	3.0
653.2169684029968	0.0864516999999978	epochs	2.0
653.2169684029968	0.04344100000002982	epochs	3.0
653.2604094029969	0.04301069999996798	epochs	3.0
653.3034201029968	0.08476429999996071	epochs	2.0
653.3034201029968	0.04258900000002086	epochs	3.0
653.3460091029968	0.04217529999993985	epochs	3.0
653.3881844029968	0.08314150000001064	epochs	2.0
653.3881844029968	0.04176970000003166	epochs	3.0
653.4299541029968	0.041371799999978975	epochs	3.0
653.4713259029968	0.08157970000002024	epochs	2.0
653.4713259029968	0.04098140000007788	epochs	3.0
653.5123073029969	0.040598299999942355	epochs	3.0
653.5529056029968	0.08007550000002084	epochs	2.0
653.5529056029968	0.04022229999998217	epochs	3.0
653.5931279029968	0.03985320000003867	epochs	3.0
653.6329811029968	0.07862569999997504	epochs	2.0
653.6329811029968	0.0394907999999532	epochs	3.0
653.6724719029968	0.039134900000021844	epochs	3.0
653.7116068029968	0.07722760000001472	epochs	2.0
653.7116068029968	0.038785400000051595	epochs	3.0
653.7503922029969	0.03844219999996312	epochs	3.0
653.7888344029968	0.07587820000003376	epochs	2.0
653.7888344029968	0.038104800000041905	epochs	3.0
653.8269392029969	0.03777339999999185	epochs	3.0
653.8647126029969	0.07457519999991291	epochs	2.0
653.8647126029969	0.03744769999991604	epochs	3.0
653.9021603029968	0.03712749999999687	epochs	3.0
653.9392878029968	0.07331630000010136	epochs	2.0
653.9392878029968	0.0368129000000863	epochs	3.0
653.9761007029969	0.03650340000001506	epochs	3.0
654.0126041029969	0.07209899999998015	epochs	2.0
654.0126041029969	0.03619909999997617	epochs	3.0
654.0488032029969	0.03589990000000398	epochs	3.0
654.0847031029969	0.07092169999998532	epochs	2.0
654.0847031029969	0.03560559999993984	epochs	3.0
654.1203087029968	0.03531610000004548	epochs	3.0
654.1556248029968	0.06978200000003199	epochs	2.0
654.1556248029968	0.03503119999993487	epochs	3.0
654.1906560029968	0.034750800000097115	epochs	3.0
654.2254068029969	0.06867859999999837	epochs	2.0
654.2254068029969	0.03447510000000875	epochs	3.0
654.2598819029969	0.03420349999998962	epochs	3.0
654.2940854029969	0.06760929999995824	epochs	2.0
654.2940854029969	0.033936199999970995	epochs	3.0
654.3280216029968	0.033673099999987244	epochs	3.0
654.3616947029968	0.06657289999998284	epochs	2.0
654.3616947029968	0.03341399999999339	epochs	3.0
654.3951087029968	0.033158899999989444	epochs	3.0
654.4282676029968	0.06556780000005347	epochs	2.0
654.4282676029968	0.032907700000009754	epochs	3.0
654.4611753029968	0.03266010000004371	epochs	3.0
654.4938354029969	0.06459259999996902	epochs	2.0
654.4938354029969	0.032416399999988244	epochs	3.0
654.5262518029969	0.03217619999998078	epochs	3.0
654.5584280029968	0.0636459999999488	epochs	2.0
654.5584280029968	0.03193959999998697	epochs	3.0
654.5903676029968	0.03170639999996183	epochs	3.0
654.6220740029968	0.06272670000009839	epochs	2.0
654.6220740029968	0.03147660000001906	epochs	3.0
654.6535506029968	0.03125010000007933	epochs	3.0
654.6848007029969	0.06183359999999993	epochs	2.0
654.6848007029969	0.03102689999991526	epochs	3.0
654.7158276029968	0.030806700000084675	epochs	3.0
654.7466343029969	0.060965599999917686	epochs	2.0
654.7466343029969	0.030589799999916067	epochs	3.0
654.7772241029968	0.030375800000001618	epochs	3.0
654.8075999029968	0.06012160000000222	epochs	2.0
654.8075999029968	0.030164900000045236	epochs	3.0
654.8377648029968	0.02995669999995698	epochs	3.0
654.8677215029968	0.05930069999999432	epochs	2.0
654.8677215029968	0.029751600000054168	epochs	3.0
654.8974731029969	0.029549099999940154	epochs	3.0
654.9270222029968	0.05850180000004457	epochs	2.0
654.9270222029968	0.02934940000000097	epochs	3.0
654.9563716029968	0.0291524000000436	epochs	3.0
654.9855240029968	0.05772419999993872	epochs	2.0
654.9855240029968	0.028957999999988715	epochs	3.0
655.0144820029968	0.028766199999950004	epochs	3.0
655.0432482029968	0.05696710000006533	epochs	2.0
655.0432482029968	0.028577000000041153	epochs	3.0
655.0718252029968	0.028390100000024177	epochs	3.0
655.1002153029968	0.05622949999997218	epochs	2.0
655.1002153029968	0.028205699999944045	epochs	3.0
655.1284210029968	0.028023800000028132	epochs	3.0
655.1564448029968	0.05551070000001346	epochs	2.0
655.1564448029968	0.027843999999959124	epochs	3.0
655.1842888029968	0.027666700000054334	epochs	3.0
655.2119555029968	0.054810200000019904	epochs	2.0
655.2119555029968	0.02749149999999645	epochs	3.0
655.2394470029968	0.027318700000023455	epochs	3.0
655.2667657029968	0.05412699999999404	epochs	2.0
655.2667657029968	0.027147799999966082	epochs	3.0
655.2939135029968	0.02697920000002796	epochs	3.0
655.3208927029968	0.053460699999959616	epochs	2.0
655.3208927029968	0.0268125999999711	epochs	3.0
655.3477053029968	0.026648099999988517	epochs	3.0
655.3743534029968	0.05281070000000909	epochs	2.0
655.3743534029968	0.026485600000000886	epochs	3.0
655.4008390029968	0.026325100000008206	epochs	3.0
655.4271641029968	0.05217619999996259	epochs	2.0
655.4271641029968	0.026166399999965506	epochs	3.0
655.4533305029968	0.026009799999997085	epochs	3.0
655.4793403029968	0.05155670000010559	epochs	2.0
655.4793403029968	0.025854800000047362	epochs	3.0
655.5051951029968	0.02570190000005823	epochs	3.0
655.5308970029969	0.05095189999997274	epochs	2.0
655.5308970029969	0.025550699999939752	epochs	3.0
655.5564477029968	0.025401200000032986	epochs	3.0
655.5818489029969	0.05036099999995258	epochs	2.0
655.5818489029969	0.025253499999962514	epochs	3.0
655.6071024029968	0.02510749999999007	epochs	3.0
655.6322099029968	0.049783800000000156	epochs	2.0
655.6322099029968	0.02496320000000196	epochs	3.0
655.6571731029968	0.024820599999998194	epochs	3.0
655.6819937029968	0.049219500000049266	epochs	2.0
655.6819937029968	0.024679399999968155	epochs	3.0
655.7066731029968	0.02454010000008111	epochs	3.0
655.7312132029969	0.048667899999941255	epochs	2.0
655.7312132029969	0.02440209999997478	epochs	3.0
655.7556153029968	0.024265799999966475	epochs	3.0
655.7798811029968	0.04812860000004093	epochs	2.0
655.7798811029968	0.024131000000011227	epochs	3.0
655.8040121029968	0.023997600000029706	epochs	3.0
655.8280097029968	0.04760109999995166	epochs	2.0
655.8280097029968	0.023865799999953197	epochs	3.0
655.8518755029968	0.02373529999999846	epochs	3.0
655.8756108029968	0.047085000000038235	epochs	2.0
655.8756108029968	0.023606299999983094	epochs	3.0
655.8992171029968	0.02347870000005514	epochs	3.0
655.9226958029968	0.046579999999948996	epochs	2.0
655.9226958029968	0.02335249999998723	epochs	3.0
655.9460483029968	0.023227499999961765	epochs	3.0
655.9692758029968	0.046085700000048746	epochs	2.0
655.9692758029968	0.023104000000103042	epochs	3.0
655.9923798029969	0.022981699999945704	epochs	3.0
656.0153615029968	0.045601799999985815	epochs	2.0
656.0153615029968	0.022860700000023826	epochs	3.0
656.0382222029968	0.02274109999996199	epochs	3.0
656.0609633029968	0.04512790000001132	epochs	2.0
656.0609633029968	0.022622500000011314	epochs	3.0
656.0835858029968	0.02250540000000001	epochs	3.0
656.1060912029968	0.044663799999966614	epochs	2.0
656.1060912029968	0.02238929999998618	epochs	3.0
656.1284805029968	0.022274499999980435	epochs	3.0
656.1507550029968	0.04420920000006845	epochs	2.0
656.1507550029968	0.022160800000051495	epochs	3.0
656.1729158029968	0.022048400000016954	epochs	3.0
656.1949642029969	0.04376359999992019	epochs	2.0
656.1949642029969	0.021936900000014248	epochs	3.0
656.2169011029969	0.02182669999990594	epochs	3.0
656.2387278029968	0.04332710000005591	epochs	2.0
656.2387278029968	0.02171760000010181	epochs	3.0
656.2604454029969	0.021609499999954096	epochs	3.0
656.2820549029968	0.04289900000003399	epochs	2.0
656.2820549029968	0.02150249999999687	epochs	3.0
656.3035574029968	0.021396500000037122	epochs	3.0
656.3249539029969	0.042479500000013104	epochs	2.0
656.3249539029969	0.02129170000000613	epochs	3.0
656.3462456029969	0.021187800000006973	epochs	3.0
656.3674334029969	0.04206789999989269	epochs	2.0
656.3674334029969	0.021084899999891604	epochs	3.0
656.3885183029968	0.020983000000001084	epochs	3.0
656.4095013029968	0.04166440000005878	epochs	2.0
656.4095013029968	0.02088220000007368	epochs	3.0
656.4303835029968	0.020782199999985096	epochs	3.0
656.4511657029968	0.04126850000000104	epochs	2.0
656.4511657029968	0.020683299999973315	epochs	3.0
656.4718490029968	0.020585200000027726	epochs	3.0
656.4924342029968	0.04088000000001557	epochs	2.0
656.4924342029968	0.020488099999965925	epochs	3.0
656.5129223029968	0.020391900000049645	epochs	3.0
656.5333142029968	0.04049880000002304	epochs	2.0
656.5333142029968	0.020296599999937825	epochs	3.0
656.5536108029968	0.020202200000085213	epochs	3.0
656.5738130029969	0.04012460000001283	epochs	2.0
656.5738130029969	0.020108699999923374	epochs	3.0
656.5939217029968	0.02001590000008946	epochs	3.0
656.6139376029969	0.039757299999905626	epochs	2.0
656.6139376029969	0.019924199999991288	epochs	3.0
656.6338618029969	0.01983309999991434	epochs	3.0
656.6536949029968	0.03939669999999751	epochs	2.0
656.6536949029968	0.01974300000006224	epochs	3.0
656.6734379029969	0.01965369999993527	epochs	3.0
656.6930916029968	0.039042400000084854	epochs	2.0
656.6930916029968	0.01956510000002254	epochs	3.0
656.7126567029968	0.019477300000062314	epochs	3.0
656.7321340029969	0.03869459999998526	epochs	2.0
656.7321340029969	0.01939039999990655	epochs	3.0
656.7515244029968	0.01930420000007871	epochs	3.0
656.7708286029969	0.03835289999994984	epochs	2.0
656.7708286029969	0.019218799999976	epochs	3.0
656.7900474029968	0.01913409999997384	epochs	3.0
656.8091815029968	0.03801720000001296	epochs	2.0
656.8091815029968	0.019050200000037876	epochs	3.0
656.8282317029968	0.018966999999975087	epochs	3.0
656.8471987029968	0.037687200000050325	epochs	2.0
656.8471987029968	0.01888450000001285	epochs	3.0
656.8660832029968	0.018802700000037476	epochs	3.0
656.8848859029969	0.03736309999999321	epochs	2.0
656.8848859029969	0.01872169999990092	epochs	3.0
656.9036076029968	0.01864140000009229	epochs	3.0
656.9222490029969	0.03704429999993408	epochs	2.0
656.9222490029969	0.01856159999999818	epochs	3.0
656.9408106029969	0.018482699999935903	epochs	3.0
656.9592933029968	0.0367310000000316	epochs	2.0
656.9592933029968	0.018404300000042895	epochs	3.0
656.9776976029968	0.018326699999988705	epochs	3.0
656.9960243029968	0.036422900000047775	epochs	2.0
656.9960243029968	0.018249599999990096	epochs	3.0
657.0142739029968	0.01817330000005768	epochs	3.0
657.0324472029969	0.03612009999994825	epochs	2.0
657.0324472029969	0.01809759999991911	epochs	3.0
657.0505448029968	0.01802250000002914	epochs	3.0
657.0685673029968	0.03582210000001851	epochs	2.0
657.0685673029968	0.017947899999967376	epochs	3.0
657.0865152029968	0.017874200000051133	epochs	3.0
657.1043894029968	0.03552899999999681	epochs	2.0
657.1043894029968	0.017800800000031813	epochs	3.0
657.1221902029969	0.017728199999965	epochs	3.0
657.1399184029968	0.03524070000003121	epochs	2.0
657.1399184029968	0.017656099999953767	epochs	3.0
657.1575745029968	0.017584600000077444	epochs	3.0
657.1751591029969	0.03495709999992869	epochs	2.0
657.1751591029969	0.01751369999999497	epochs	3.0
657.1926728029969	0.017443399999933717	epochs	3.0
657.2101162029968	0.03467790000001969	epochs	2.0
657.2101162029968	0.017373600000041733	epochs	3.0
657.2274898029968	0.017304299999977957	epochs	3.0
657.2447941029968	0.03440330000000813	epochs	2.0
657.2447941029968	0.01723570000001473	epochs	3.0
657.2620298029968	0.0171675999999934	epochs	3.0
657.2791974029968	0.03413279999995211	epochs	2.0
657.2791974029968	0.01709989999994832	epochs	3.0
657.2962973029968	0.017032900000003792	epochs	3.0
657.3133302029968	0.03386670000008962	epochs	2.0
657.3133302029968	0.01696640000000116	epochs	3.0
657.3302966029968	0.016900300000088464	epochs	3.0
657.3471969029969	0.03360459999998966	epochs	2.0
657.3471969029969	0.01683479999996962	epochs	3.0
657.3640317029968	0.01676980000002004	epochs	3.0
657.3808015029969	0.033346599999958926	epochs	2.0
657.3808015029969	0.016705300000012357	epochs	3.0
657.3975068029969	0.01664129999994657	epochs	3.0
657.4141481029968	0.03309249999995245	epochs	2.0
657.4141481029968	0.016577800000050047	epochs	3.0
657.4307259029969	0.016514699999902405	epochs	3.0
657.4472406029968	0.032842300000083924	epochs	2.0
657.4472406029968	0.01645220000000336	epochs	3.0
657.4636928029968	0.016390100000080565	epochs	3.0
657.4800829029969	0.03259570000000167	epochs	2.0
657.4800829029969	0.016328400000020338	epochs	3.0
657.4964113029969	0.016267299999981333	epochs	3.0
657.5126786029969	0.032352899999978035	epochs	2.0
657.5126786029969	0.01620659999991858	epochs	3.0
657.5288852029968	0.016146300000059455	epochs	3.0
657.5450315029968	0.03211369999996805	epochs	2.0
657.5450315029968	0.016086599999994178	epochs	3.0
657.5611181029968	0.01602709999997387	epochs	3.0
657.5771452029968	0.03187800000000607	epochs	2.0
657.5771452029968	0.015968199999974786	epochs	3.0
657.5931134029968	0.015909800000031282	epochs	3.0
657.6090232029968	0.031645700000012766	epochs	2.0
657.6090232029968	0.01585160000001906	epochs	3.0
657.6248748029968	0.015794099999993705	epochs	3.0
657.6406689029968	0.0314167000000225	epochs	2.0
657.6406689029968	0.015736700000047676	epochs	3.0
657.6564056029969	0.015679999999974825	epochs	3.0
657.6720856029968	0.031191100000000915	epochs	2.0
657.6720856029968	0.015623600000026272	epochs	3.0
657.6877092029969	0.015567499999974643	epochs	3.0
657.7032767029968	0.030968700000016725	epochs	2.0
657.7032767029968	0.015511999999944237	epochs	3.0
657.7187887029968	0.015456700000072487	epochs	3.0
657.7342454029969	0.030749499999956242	epochs	2.0
657.7342454029969	0.015401999999994587	epochs	3.0
657.7496474029969	0.015347499999961656	epochs	3.0
657.7649949029968	0.03053320000003623	epochs	2.0
657.7649949029968	0.015293400000018664	epochs	3.0
657.7802883029968	0.015239800000017567	epochs	3.0
657.7955281029969	0.030320099999926242	epochs	2.0
657.7955281029969	0.015186499999913394	epochs	3.0
657.8107146029968	0.015133600000012848	epochs	3.0
657.8258482029968	0.03010990000007041	epochs	2.0
657.8258482029968	0.015081000000009226	epochs	3.0
657.8409292029968	0.015028900000061185	epochs	3.0
657.8559581029969	0.029902499999934662	epochs	2.0
657.8559581029969	0.01497699999993074	epochs	3.0
657.8709351029968	0.014925500000003922	epochs	3.0
657.8858606029968	0.029698100000018712	epochs	2.0
657.8858606029968	0.014874400000053356	epochs	3.0
657.9007350029968	0.014823699999965356	epochs	3.0
657.9155587029968	0.02949630000000525	epochs	2.0
657.9155587029968	0.014773200000036013	epochs	3.0
657.9303319029968	0.014723099999969236	epochs	3.0
657.9450550029968	0.02929740000001857	epochs	2.0
657.9450550029968	0.014673399999992398	epochs	3.0
657.9597284029968	0.014624000000026172	epochs	3.0
657.9743524029968	0.029101100000048064	epochs	2.0
657.9743524029968	0.01457489999995687	epochs	3.0
657.9889273029968	0.014526200000091194	epochs	3.0
658.0034535029969	0.028907399999980044	epochs	2.0
658.0034535029969	0.014477699999929428	epochs	3.0
658.0179312029968	0.014429700000050616	epochs	3.0
658.0323609029969	0.028716199999962555	epochs	2.0
658.0323609029969	0.014381800000023759	epochs	3.0
658.0467427029969	0.014334399999938796	epochs	3.0
658.0610771029968	0.02852759999996124	epochs	2.0
658.0610771029968	0.01428720000001249	epochs	3.0
658.0753643029968	0.01424039999994875	epochs	3.0
658.0896047029968	0.028341400000044814	epochs	2.0
658.0896047029968	0.014193800000043666	epochs	3.0
658.1037985029968	0.014147600000001148	epochs	3.0
658.1179461029968	0.028157699999951546	epochs	2.0
658.1179461029968	0.014101699999969242	epochs	3.0
658.1320478029968	0.014055999999982305	epochs	3.0
658.1461038029968	0.027976300000091214	epochs	2.0
658.1461038029968	0.01401060000000598	epochs	3.0
658.1601144029968	0.013965700000085235	epochs	3.0
658.1740801029969	0.02779720000000907	epochs	2.0
658.1740801029969	0.013920799999937117	epochs	3.0
658.1880009029968	0.013876400000071953	epochs	3.0
658.2018773029969	0.027620399999932488	epochs	2.0
658.2018773029969	0.0138321999999107	epochs	3.0
658.2157095029968	0.013788200000021789	epochs	3.0
658.2294977029968	0.027445899999975154	epochs	2.0
658.2294977029968	0.013744599999995444	epochs	3.0
658.2432423029968	0.01370129999997971	epochs	3.0
658.2569436029968	0.0272735000000921	epochs	2.0
658.2569436029968	0.013658200000008947	epochs	3.0
658.2706018029968	0.013615300000083153	epochs	3.0
658.2842171029969	0.027103399999987232	epochs	2.0
658.2842171029969	0.013572799999906238	epochs	3.0
658.2977899029968	0.013530600000080995	epochs	3.0
658.3113205029969	0.026935199999911674	epochs	2.0
658.3113205029969	0.01348839999991469	epochs	3.0
658.3248089029968	0.013446799999996983	epochs	3.0
658.3382557029968	0.02676920000010341	epochs	2.0
658.3382557029968	0.013405200000079276	epochs	3.0
658.3516609029969	0.013364000000024134	epochs	3.0
658.3650249029969	0.026605199999949036	epochs	2.0
658.3650249029969	0.013322899999934634	epochs	3.0
658.3783478029968	0.013282300000014402	epochs	3.0
658.3916301029968	0.026443200000016986	epochs	2.0
658.3916301029968	0.013241699999980483	epochs	3.0
658.4048718029968	0.013201500000036503	epochs	3.0
658.4180733029968	0.0262831999999662	epochs	2.0
658.4180733029968	0.013161500000023807	epochs	3.0
658.4312348029969	0.013121699999942393	epochs	3.0
658.4443565029968	0.02612499999997908	epochs	2.0
658.4443565029968	0.013082100000019636	epochs	3.0
658.4574386029968	0.013042899999959445	epochs	3.0
658.4704815029968	0.025968900000066242	epochs	2.0
658.4704815029968	0.01300390000005791	epochs	3.0
658.4834854029968	0.012965000000008331	epochs	3.0
658.4964504029969	0.025814500000024054	epochs	2.0
658.4964504029969	0.012926399999969362	epochs	3.0
658.5093768029968	0.012888100000054692	epochs	3.0
658.5222649029969	0.025661899999931848	epochs	2.0
658.5222649029969	0.012849899999991976	epochs	3.0
658.5351148029969	0.012811999999939871	epochs	3.0
658.5479268029968	0.025511199999982637	epochs	2.0
658.5479268029968	0.012774400000012065	epochs	3.0
658.5607012029968	0.012736799999970572	epochs	3.0
658.5734380029968	0.025362299999983406	epochs	2.0
658.5734380029968	0.01269969999998466	epochs	3.0
658.5861377029968	0.012662599999998747	epochs	3.0
658.5988003029968	0.025215000000002874	epochs	2.0
658.5988003029968	0.012625800000023446	epochs	3.0
658.6114261029968	0.012589199999979428	epochs	3.0
658.6240153029968	0.024584800000070572	epochs	2.0
658.6480858029968	0.5	epochs	-1.0
658.6486001029969	0.547839999999951	epochs	1.0
659.1964401029968	0.4520800000000236	epochs	0.0
659.5130000114441	0.03152000000000044	epochs	0.0
659.5130000114441	0.010767200000032062	epochs	1.0
659.5237672114441	0.009985599999936312	epochs	1.0
659.5337528114441	0.010767200000032062	epochs	1.0
659.5446000114441	2.0	epochs	0.0
661.5445657114441	0.5	epochs	-1.0
661.5446000114441	21.548479999999927	epochs	0.0
661.5446000114441	1.0	epochs	1.0
662.0445657114441	19.99951999999996	epochs	-1.0
662.5446000114441	20.0	epochs	1.0
662.5446000114441	4.356753899999944	epochs	-1.0
662.5446000114441	1.9745871999999736	epochs	2.0
662.5446000114441	1.0985621999999466	epochs	3.0
663.6431622114441	0.8760250000000269	epochs	3.0
664.5191872114441	1.3524075000000266	epochs	2.0
664.5191872114441	0.7286354999999958	epochs	3.0
665.2478227114441	0.6237720000000309	epochs	3.0
665.8715947114441	1.029759199999944	epochs	2.0
665.8715947114441	0.5453292999999348	epochs	3.0
666.416924011444	0.4844299000000092	epochs	3.0
666.9013539114441	0.8317862000000105	epochs	2.0
666.9013539114441	0.4357763000000432	epochs	3.0
667.3371302114441	0.3960098999999673	epochs	3.0
667.7331401114441	0.6977970000000369	epochs	2.0
667.7331401114441	0.3628982000000178	epochs	3.0
668.0960383114441	0.33489880000001904	epochs	3.0
668.4309371114441	0.601045699999986	epochs	2.0
668.4309371114441	0.3109122999999272	epochs	3.0
668.741849411444	0.2901334000000588	epochs	3.0
669.0319828114441	0.5278859000000011	epochs	2.0
669.0319828114441	0.2719585999999481	epochs	3.0
669.303941411444	0.25592730000005304	epochs	3.0
669.5598687114441	0.470619299999953	epochs	2.0
669.5598687114441	0.241681299999982	epochs	3.0
669.8015500114441	0.228937999999971	epochs	3.0
670.030488011444	0.42457039999999324	epochs	2.0
670.030488011444	0.21747140000002219	epochs	3.0
670.2479594114441	0.20709899999997106	epochs	3.0
670.455058411444	0.3867354000000205	epochs	2.0
670.455058411444	0.19767110000009325	epochs	3.0
670.6527295114441	0.18906429999992724	epochs	3.0
670.8417938114441	0.3550953000000163	epochs	2.0
670.8417938114441	0.18117590000008477	epochs	3.0
671.0229697114441	0.17391939999993156	epochs	3.0
671.1968891114441	0.3282431000000088	epochs	2.0
671.1968891114441	0.16722189999995862	epochs	3.0
671.364111011444	0.16102120000005016	epochs	3.0
671.5251322114441	0.30516799999998057	epochs	2.0
671.5251322114441	0.15526390000002266	epochs	3.0
671.6803961114441	0.1499040999999579	epochs	3.0
671.8303002114441	0.28512530000000424	epochs	2.0
671.8303002114441	0.1449020999999675	epochs	3.0
671.975202311444	0.14022320000003674	epochs	3.0
672.1154255114441	0.2675537999999733	epochs	2.0
672.1154255114441	0.1358369000000721	epochs	3.0
672.2512624114441	0.13171689999990122	epochs	3.0
672.382979311444	0.2520229000000427	epochs	2.0
672.382979311444	0.1278393000000051	epochs	3.0
672.510818611444	0.12418360000003759	epochs	3.0
672.6350022114441	0.23819649999995818	epochs	2.0
672.6350022114441	0.12073110000005727	epochs	3.0
672.7557333114441	0.11746539999990091	epochs	3.0
672.873198711444	0.2258088000000953	epochs	2.0
672.873198711444	0.11437190000003739	epochs	3.0
672.9875706114441	0.1114369000000579	epochs	3.0
673.0990075114441	0.21464599999990241	epochs	2.0
673.0990075114441	0.10864889999993466	epochs	3.0
673.2076564114441	0.10599709999996776	epochs	3.0
673.313653511444	0.20453500000007807	epochs	2.0
673.313653511444	0.10347150000006877	epochs	3.0
673.4171250114441	0.1010635000000093	epochs	3.0
673.5181885114441	0.19533400000000256	epochs	2.0
673.5181885114441	0.09876509999992322	epochs	3.0
673.616953611444	0.09656890000007934	epochs	3.0
673.7135225114441	0.18692529999998442	epochs	2.0
673.7135225114441	0.09446830000001682	epochs	3.0
673.8079908114441	0.09245699999996759	epochs	3.0
673.9004478114441	0.17921069999999872	epochs	2.0
673.9004478114441	0.09052959999996801	epochs	3.0
673.9909774114441	0.08868110000003071	epochs	3.0
674.0796585114441	0.17210769999996955	epochs	2.0
674.0796585114441	0.08690630000000965	epochs	3.0
674.1665648114441	0.0852013999999599	epochs	3.0
674.2517662114441	0.16554640000003928	epochs	2.0
674.2517662114441	0.08356190000006336	epochs	3.0
674.3353281114441	0.08198449999997592	epochs	3.0
674.4173126114441	0.15946710000002895	epochs	2.0
674.4173126114441	0.08046539999998004	epochs	3.0
674.4977780114441	0.07900170000004891	epochs	3.0
674.5767797114441	0.15381839999997737	epochs	2.0
674.5767797114441	0.07759009999995214	epochs	3.0
674.6543698114441	0.07622830000002523	epochs	3.0
674.7305981114441	0.14855639999996129	epochs	2.0
674.7305981114441	0.07491329999993468	epochs	3.0
674.8055114114441	0.0736431000000266	epochs	3.0
674.8791545114441	0.14364239999997608	epochs	2.0
674.8791545114441	0.07241499999997814	epochs	3.0
674.9515695114441	0.07122739999999794	epochs	3.0
675.0227969114441	0.13904309999998077	epochs	2.0
675.0227969114441	0.07007800000008046	epochs	3.0
675.0928749114441	0.0689650999999003	epochs	3.0
675.161840011444	0.1347293000000036	epochs	2.0
675.161840011444	0.0678871000000072	epochs	3.0
675.229727111444	0.06684219999999641	epochs	3.0
675.296569311444	0.1306752000000415	epochs	2.0
675.296569311444	0.06582910000008724	epochs	3.0
675.3623984114441	0.06484609999995428	epochs	3.0
675.4272445114441	0.12685780000003888	epochs	2.0
675.4272445114441	0.06389200000000983	epochs	3.0
675.4911365114441	0.06296580000002905	epochs	3.0
675.5541023114441	0.12325720000001184	epochs	2.0
675.5541023114441	0.062065799999913907	epochs	3.0
675.616168111444	0.06119140000009793	epochs	3.0
675.6773595114441	0.11985540000000583	epochs	2.0
675.6773595114441	0.060341099999959624	epochs	3.0
675.7377006114441	0.059514300000046205	epochs	3.0
675.7972149114441	0.1166361999999026	epochs	2.0
675.7972149114441	0.058709599999929196	epochs	3.0
675.8559245114441	0.057926599999973405	epochs	3.0
675.913851111444	0.11358560000007856	epochs	2.0
675.913851111444	0.05716419999998834	epochs	3.0
675.971015311444	0.056421400000090216	epochs	3.0
676.0274367114441	0.11069049999991876	epochs	2.0
676.0274367114441	0.05569789999992736	epochs	3.0
676.083134611444	0.0549925999999914	epochs	3.0
676.138127211444	0.1079391000000669	epochs	2.0
676.138127211444	0.05430490000003374	epochs	3.0
676.1924321114441	0.05363420000003316	epochs	3.0
676.2460663114441	0.10532149999994544	epochs	2.0
676.2460663114441	0.05297999999993408	epochs	3.0
676.299046311444	0.052341500000011365	epochs	3.0
676.351387811444	0.10282760000006874	epochs	2.0
676.351387811444	0.05171810000001642	epochs	3.0
676.4031059114441	0.05110950000005232	epochs	3.0
676.4542154114441	0.10044909999999163	epochs	2.0
676.4542154114441	0.05051489999993919	epochs	3.0
676.5047303114441	0.04993420000005244	epochs	3.0
676.5546645114441	0.0981782999999723	epochs	2.0
676.5546645114441	0.04936659999998483	epochs	3.0
676.6040311114441	0.04881169999998747	epochs	3.0
676.6528428114441	0.09600780000005216	epochs	2.0
676.6528428114441	0.04826920000004975	epochs	3.0
676.7011120114441	0.04773860000000241	epochs	3.0
676.7488506114441	0.09393119999992905	epochs	2.0
676.7488506114441	0.04721949999998287	epochs	3.0
676.7960701114441	0.04671169999994618	epochs	3.0
676.8427818114441	0.09194260000003851	epochs	2.0
676.8427818114441	0.046214599999984785	epochs	3.0
676.888996411444	0.045728000000053726	epochs	3.0
676.9347244114441	0.09003629999995155	epochs	2.0
676.9347244114441	0.045251499999949374	epochs	3.0
676.9799759114441	0.04478480000000218	epochs	3.0
677.0247607114441	0.08820760000003247	epochs	2.0
677.0247607114441	0.044327800000019124	epochs	3.0
677.0690885114441	0.04387980000001335	epochs	3.0
677.1129683114441	0.0864516999999978	epochs	2.0
677.1129683114441	0.04344100000002982	epochs	3.0
677.1564093114441	0.04301069999996798	epochs	3.0
677.1994200114441	0.08476429999996071	epochs	2.0
677.1994200114441	0.04258900000002086	epochs	3.0
677.2420090114441	0.04217529999993985	epochs	3.0
677.284184311444	0.08314150000001064	epochs	2.0
677.284184311444	0.04176970000003166	epochs	3.0
677.3259540114441	0.041371799999978975	epochs	3.0
677.3673258114441	0.08157970000002024	epochs	2.0
677.3673258114441	0.04098140000007788	epochs	3.0
677.4083072114441	0.040598299999942355	epochs	3.0
677.4489055114441	0.08007550000002084	epochs	2.0
677.4489055114441	0.04022229999998217	epochs	3.0
677.4891278114441	0.03985320000003867	epochs	3.0
677.5289810114441	0.07862569999997504	epochs	2.0
677.5289810114441	0.0394907999999532	epochs	3.0
677.568471811444	0.039134900000021844	epochs	3.0
677.6076067114441	0.07722760000001472	epochs	2.0
677.6076067114441	0.038785400000051595	epochs	3.0
677.6463921114441	0.03844219999996312	epochs	3.0
677.6848343114441	0.07587820000003376	epochs	2.0
677.6848343114441	0.038104800000041905	epochs	3.0
677.7229391114441	0.03777339999999185	epochs	3.0
677.7607125114441	0.07457519999991291	epochs	2.0
677.7607125114441	0.03744769999991604	epochs	3.0
677.798160211444	0.03712749999999687	epochs	3.0
677.835287711444	0.07331630000010136	epochs	2.0
677.835287711444	0.0368129000000863	epochs	3.0
677.8721006114441	0.03650340000001506	epochs	3.0
677.9086040114441	0.07209899999998015	epochs	2.0
677.9086040114441	0.03619909999997617	epochs	3.0
677.9448031114441	0.03589990000000398	epochs	3.0
677.9807030114441	0.07092169999998532	epochs	2.0
677.9807030114441	0.03560559999993984	epochs	3.0
678.0163086114441	0.03531610000004548	epochs	3.0
678.0516247114441	0.06978200000003199	epochs	2.0
678.0516247114441	0.03503119999993487	epochs	3.0
678.086655911444	0.034750800000097115	epochs	3.0
678.1214067114441	0.06867859999999837	epochs	2.0
678.1214067114441	0.03447510000000875	epochs	3.0
678.1558818114441	0.03420349999998962	epochs	3.0
678.1900853114441	0.06760929999995824	epochs	2.0
678.1900853114441	0.033936199999970995	epochs	3.0
678.2240215114441	0.033673099999987244	epochs	3.0
678.2576946114441	0.06657289999998284	epochs	2.0
678.2576946114441	0.03341399999999339	epochs	3.0
678.2911086114441	0.033158899999989444	epochs	3.0
678.3242675114441	0.06556780000005347	epochs	2.0
678.3242675114441	0.032907700000009754	epochs	3.0
678.3571752114441	0.03266010000004371	epochs	3.0
678.3898353114441	0.06459259999996902	epochs	2.0
678.3898353114441	0.032416399999988244	epochs	3.0
678.4222517114441	0.03217619999998078	epochs	3.0
678.4544279114441	0.0636459999999488	epochs	2.0
678.4544279114441	0.03193959999998697	epochs	3.0
678.4863675114441	0.03170639999996183	epochs	3.0
678.518073911444	0.06272670000009839	epochs	2.0
678.518073911444	0.03147660000001906	epochs	3.0
678.5495505114441	0.03125010000007933	epochs	3.0
678.5808006114441	0.06183359999999993	epochs	2.0
678.5808006114441	0.03102689999991526	epochs	3.0
678.6118275114441	0.030806700000084675	epochs	3.0
678.6426342114441	0.060965599999917686	epochs	2.0
678.6426342114441	0.030589799999916067	epochs	3.0
678.6732240114441	0.030375800000001618	epochs	3.0
678.7035998114441	0.06012160000000222	epochs	2.0
678.7035998114441	0.030164900000045236	epochs	3.0
678.7337647114441	0.02995669999995698	epochs	3.0
678.7637214114441	0.05930069999999432	epochs	2.0
678.7637214114441	0.029751600000054168	epochs	3.0
678.7934730114441	0.029549099999940154	epochs	3.0
678.8230221114441	0.05850180000004457	epochs	2.0
678.8230221114441	0.02934940000000097	epochs	3.0
678.8523715114441	0.0291524000000436	epochs	3.0
678.8815239114441	0.05772419999993872	epochs	2.0
678.8815239114441	0.028957999999988715	epochs	3.0
678.9104819114441	0.028766199999950004	epochs	3.0
678.939248111444	0.05696710000006533	epochs	2.0
678.939248111444	0.028577000000041153	epochs	3.0
678.9678251114441	0.028390100000024177	epochs	3.0
678.9962152114441	0.05622949999997218	epochs	2.0
678.9962152114441	0.028205699999944045	epochs	3.0
679.024420911444	0.028023800000028132	epochs	3.0
679.0524447114441	0.05551070000001346	epochs	2.0
679.0524447114441	0.027843999999959124	epochs	3.0
679.080288711444	0.027666700000054334	epochs	3.0
679.1079554114441	0.054810200000019904	epochs	2.0
679.1079554114441	0.02749149999999645	epochs	3.0
679.1354469114441	0.027318700000023455	epochs	3.0
679.1627656114441	0.05412699999999404	epochs	2.0
679.1627656114441	0.027147799999966082	epochs	3.0
679.1899134114441	0.02697920000002796	epochs	3.0
679.2168926114441	0.053460699999959616	epochs	2.0
679.2168926114441	0.0268125999999711	epochs	3.0
679.2437052114441	0.026648099999988517	epochs	3.0
679.2703533114441	0.05281070000000909	epochs	2.0
679.2703533114441	0.026485600000000886	epochs	3.0
679.2968389114441	0.026325100000008206	epochs	3.0
679.3231640114441	0.05217619999996259	epochs	2.0
679.3231640114441	0.026166399999965506	epochs	3.0
679.349330411444	0.026009799999997085	epochs	3.0
679.375340211444	0.05155670000010559	epochs	2.0
679.375340211444	0.025854800000047362	epochs	3.0
679.4011950114441	0.02570190000005823	epochs	3.0
679.4268969114441	0.05095189999997274	epochs	2.0
679.4268969114441	0.025550699999939752	epochs	3.0
679.4524476114441	0.025401200000032986	epochs	3.0
679.4778488114441	0.05036099999995258	epochs	2.0
679.4778488114441	0.025253499999962514	epochs	3.0
679.5031023114441	0.02510749999999007	epochs	3.0
679.5282098114441	0.049783800000000156	epochs	2.0
679.5282098114441	0.02496320000000196	epochs	3.0
679.5531730114441	0.024820599999998194	epochs	3.0
679.5779936114441	0.049219500000049266	epochs	2.0
679.5779936114441	0.024679399999968155	epochs	3.0
679.602673011444	0.02454010000008111	epochs	3.0
679.6272131114441	0.048667899999941255	epochs	2.0
679.6272131114441	0.02440209999997478	epochs	3.0
679.6516152114441	0.024265799999966475	epochs	3.0
679.6758810114441	0.04812860000004093	epochs	2.0
679.6758810114441	0.024131000000011227	epochs	3.0
679.7000120114441	0.023997600000029706	epochs	3.0
679.7240096114441	0.04760109999995166	epochs	2.0
679.7240096114441	0.023865799999953197	epochs	3.0
679.747875411444	0.02373529999999846	epochs	3.0
679.771610711444	0.047085000000038235	epochs	2.0
679.771610711444	0.023606299999983094	epochs	3.0
679.795217011444	0.02347870000005514	epochs	3.0
679.8186957114441	0.046579999999948996	epochs	2.0
679.8186957114441	0.02335249999998723	epochs	3.0
679.8420482114441	0.023227499999961765	epochs	3.0
679.865275711444	0.046085700000048746	epochs	2.0
679.865275711444	0.023104000000103042	epochs	3.0
679.8883797114441	0.022981699999945704	epochs	3.0
679.9113614114441	0.045601799999985815	epochs	2.0
679.9113614114441	0.022860700000023826	epochs	3.0
679.9342221114441	0.02274109999996199	epochs	3.0
679.9569632114441	0.04512790000001132	epochs	2.0
679.9569632114441	0.022622500000011314	epochs	3.0
679.9795857114441	0.02250540000000001	epochs	3.0
680.0020911114441	0.044663799999966614	epochs	2.0
680.0020911114441	0.02238929999998618	epochs	3.0
680.0244804114441	0.022274499999980435	epochs	3.0
680.046754911444	0.04420920000006845	epochs	2.0
680.046754911444	0.022160800000051495	epochs	3.0
680.0689157114441	0.022048400000016954	epochs	3.0
680.0909641114441	0.04376359999992019	epochs	2.0
680.0909641114441	0.021936900000014248	epochs	3.0
680.1129010114441	0.02182669999990594	epochs	3.0
680.134727711444	0.04332710000005591	epochs	2.0
680.134727711444	0.02171760000010181	epochs	3.0
680.1564453114441	0.021609499999954096	epochs	3.0
680.1780548114441	0.04289900000003399	epochs	2.0
680.1780548114441	0.02150249999999687	epochs	3.0
680.1995573114441	0.021396500000037122	epochs	3.0
680.2209538114441	0.042479500000013104	epochs	2.0
680.2209538114441	0.02129170000000613	epochs	3.0
680.2422455114441	0.021187800000006973	epochs	3.0
680.2634333114441	0.04206789999989269	epochs	2.0
680.2634333114441	0.021084899999891604	epochs	3.0
680.284518211444	0.020983000000001084	epochs	3.0
680.305501211444	0.04166440000005878	epochs	2.0
680.305501211444	0.02088220000007368	epochs	3.0
680.3263834114441	0.020782199999985096	epochs	3.0
680.3471656114441	0.04126850000000104	epochs	2.0
680.3471656114441	0.020683299999973315	epochs	3.0
680.3678489114441	0.020585200000027726	epochs	3.0
680.3884341114441	0.04088000000001557	epochs	2.0
680.3884341114441	0.020488099999965925	epochs	3.0
680.4089222114441	0.020391900000049645	epochs	3.0
680.4293141114441	0.04049880000002304	epochs	2.0
680.4293141114441	0.020296599999937825	epochs	3.0
680.449610711444	0.020202200000085213	epochs	3.0
680.4698129114441	0.04012460000001283	epochs	2.0
680.4698129114441	0.020108699999923374	epochs	3.0
680.4899216114441	0.02001590000008946	epochs	3.0
680.5099375114442	0.039757299999905626	epochs	2.0
680.5099375114442	0.019924199999991288	epochs	3.0
680.5298617114441	0.01983309999991434	epochs	3.0
680.549694811444	0.03939669999999751	epochs	2.0
680.549694811444	0.01974300000006224	epochs	3.0
680.5694378114441	0.01965369999993527	epochs	3.0
680.589091511444	0.039042400000084854	epochs	2.0
680.589091511444	0.01956510000002254	epochs	3.0
680.6086566114441	0.019477300000062314	epochs	3.0
680.6281339114441	0.03869459999998526	epochs	2.0
680.6281339114441	0.01939039999990655	epochs	3.0
680.647524311444	0.01930420000007871	epochs	3.0
680.6668285114441	0.03835289999994984	epochs	2.0
680.6668285114441	0.019218799999976	epochs	3.0
680.6860473114441	0.01913409999997384	epochs	3.0
680.7051814114441	0.03801720000001296	epochs	2.0
680.7051814114441	0.019050200000037876	epochs	3.0
680.7242316114441	0.018966999999975087	epochs	3.0
680.7431986114441	0.037687200000050325	epochs	2.0
680.7431986114441	0.01888450000001285	epochs	3.0
680.7620831114441	0.018802700000037476	epochs	3.0
680.7808858114441	0.03736309999999321	epochs	2.0
680.7808858114441	0.01872169999990092	epochs	3.0
680.799607511444	0.01864140000009229	epochs	3.0
680.8182489114441	0.03704429999993408	epochs	2.0
680.8182489114441	0.01856159999999818	epochs	3.0
680.8368105114441	0.018482699999935903	epochs	3.0
680.8552932114441	0.0367310000000316	epochs	2.0
680.8552932114441	0.018404300000042895	epochs	3.0
680.8736975114441	0.018326699999988705	epochs	3.0
680.8920242114441	0.036422900000047775	epochs	2.0
680.8920242114441	0.018249599999990096	epochs	3.0
680.9102738114441	0.01817330000005768	epochs	3.0
680.9284471114441	0.03612009999994825	epochs	2.0
680.9284471114441	0.01809759999991911	epochs	3.0
680.9465447114441	0.01802250000002914	epochs	3.0
680.9645672114441	0.03582210000001851	epochs	2.0
680.9645672114441	0.017947899999967376	epochs	3.0
680.9825151114441	0.017874200000051133	epochs	3.0
681.0003893114441	0.03552899999999681	epochs	2.0
681.0003893114441	0.017800800000031813	epochs	3.0
681.0181901114441	0.017728199999965	epochs	3.0
681.0359183114441	0.03524070000003121	epochs	2.0
681.0359183114441	0.017656099999953767	epochs	3.0
681.0535744114441	0.017584600000077444	epochs	3.0
681.0711590114441	0.03495709999992869	epochs	2.0
681.0711590114441	0.01751369999999497	epochs	3.0
681.0886727114441	0.017443399999933717	epochs	3.0
681.1061161114441	0.03467790000001969	epochs	2.0
681.1061161114441	0.017373600000041733	epochs	3.0
681.1234897114441	0.017304299999977957	epochs	3.0
681.1407940114441	0.03440330000000813	epochs	2.0
681.1407940114441	0.01723570000001473	epochs	3.0
681.1580297114441	0.0171675999999934	epochs	3.0
681.1751973114441	0.03413279999995211	epochs	2.0
681.1751973114441	0.01709989999994832	epochs	3.0
681.192297211444	0.017032900000003792	epochs	3.0
681.209330111444	0.03386670000008962	epochs	2.0
681.209330111444	0.01696640000000116	epochs	3.0
681.226296511444	0.016900300000088464	epochs	3.0
681.2431968114441	0.03360459999998966	epochs	2.0
681.2431968114441	0.01683479999996962	epochs	3.0
681.2600316114441	0.01676980000002004	epochs	3.0
681.2768014114441	0.033346599999958926	epochs	2.0
681.2768014114441	0.016705300000012357	epochs	3.0
681.2935067114441	0.01664129999994657	epochs	3.0
681.3101480114441	0.03309249999995245	epochs	2.0
681.3101480114441	0.016577800000050047	epochs	3.0
681.3267258114441	0.016514699999902405	epochs	3.0
681.343240511444	0.032842300000083924	epochs	2.0
681.343240511444	0.01645220000000336	epochs	3.0
681.359692711444	0.016390100000080565	epochs	3.0
681.3760828114441	0.03259570000000167	epochs	2.0
681.3760828114441	0.016328400000020338	epochs	3.0
681.3924112114441	0.016267299999981333	epochs	3.0
681.4086785114441	0.032352899999978035	epochs	2.0
681.4086785114441	0.01620659999991858	epochs	3.0
681.424885111444	0.016146300000059455	epochs	3.0
681.4410314114441	0.03211369999996805	epochs	2.0
681.4410314114441	0.016086599999994178	epochs	3.0
681.4571180114441	0.01602709999997387	epochs	3.0
681.4731451114441	0.03187800000000607	epochs	2.0
681.4731451114441	0.015968199999974786	epochs	3.0
681.489113311444	0.015909800000031282	epochs	3.0
681.5050231114441	0.031645700000012766	epochs	2.0
681.5050231114441	0.01585160000001906	epochs	3.0
681.5208747114441	0.015794099999993705	epochs	3.0
681.5366688114441	0.0314167000000225	epochs	2.0
681.5366688114441	0.015736700000047676	epochs	3.0
681.5524055114441	0.015679999999974825	epochs	3.0
681.5680855114441	0.031191100000000915	epochs	2.0
681.5680855114441	0.015623600000026272	epochs	3.0
681.5837091114441	0.015567499999974643	epochs	3.0
681.5992766114441	0.030968700000016725	epochs	2.0
681.5992766114441	0.015511999999944237	epochs	3.0
681.614788611444	0.015456700000072487	epochs	3.0
681.6302453114441	0.030749499999956242	epochs	2.0
681.6302453114441	0.015401999999994587	epochs	3.0
681.6456473114441	0.015347499999961656	epochs	3.0
681.6609948114441	0.03053320000003623	epochs	2.0
681.6609948114441	0.015293400000018664	epochs	3.0
681.6762882114441	0.015239800000017567	epochs	3.0
681.6915280114441	0.030320099999926242	epochs	2.0
681.6915280114441	0.015186499999913394	epochs	3.0
681.706714511444	0.015133600000012848	epochs	3.0
681.721848111444	0.03010990000007041	epochs	2.0
681.721848111444	0.015081000000009226	epochs	3.0
681.736929111444	0.015028900000061185	epochs	3.0
681.7519580114441	0.029902499999934662	epochs	2.0
681.7519580114441	0.01497699999993074	epochs	3.0
681.766935011444	0.014925500000003922	epochs	3.0
681.781860511444	0.029698100000018712	epochs	2.0
681.781860511444	0.014874400000053356	epochs	3.0
681.7967349114441	0.014823699999965356	epochs	3.0
681.8115586114441	0.02949630000000525	epochs	2.0
681.8115586114441	0.014773200000036013	epochs	3.0
681.8263318114441	0.014723099999969236	epochs	3.0
681.8410549114441	0.02929740000001857	epochs	2.0
681.8410549114441	0.014673399999992398	epochs	3.0
681.8557283114441	0.014624000000026172	epochs	3.0
681.8703523114441	0.029101100000048064	epochs	2.0
681.8703523114441	0.01457489999995687	epochs	3.0
681.884927211444	0.014526200000091194	epochs	3.0
681.8994534114441	0.028907399999980044	epochs	2.0
681.8994534114441	0.014477699999929428	epochs	3.0
681.9139311114441	0.014429700000050616	epochs	3.0
681.9283608114441	0.028716199999962555	epochs	2.0
681.9283608114441	0.014381800000023759	epochs	3.0
681.9427426114441	0.014334399999938796	epochs	3.0
681.9570770114441	0.02852759999996124	epochs	2.0
681.9570770114441	0.01428720000001249	epochs	3.0
681.9713642114441	0.01424039999994875	epochs	3.0
681.985604611444	0.028341400000044814	epochs	2.0
681.985604611444	0.014193800000043666	epochs	3.0
681.9997984114441	0.014147600000001148	epochs	3.0
682.0139460114441	0.028157699999951546	epochs	2.0
682.0139460114441	0.014101699999969242	epochs	3.0
682.0280477114441	0.014055999999982305	epochs	3.0
682.042103711444	0.027976300000091214	epochs	2.0
682.042103711444	0.01401060000000598	epochs	3.0
682.056114311444	0.013965700000085235	epochs	3.0
682.0700800114441	0.02779720000000907	epochs	2.0
682.0700800114441	0.013920799999937117	epochs	3.0
682.0840008114441	0.013876400000071953	epochs	3.0
682.0978772114441	0.027620399999932488	epochs	2.0
682.0978772114441	0.0138321999999107	epochs	3.0
682.111709411444	0.013788200000021789	epochs	3.0
682.1254976114441	0.027445899999975154	epochs	2.0
682.1254976114441	0.013744599999995444	epochs	3.0
682.1392422114441	0.01370129999997971	epochs	3.0
682.152943511444	0.0272735000000921	epochs	2.0
682.152943511444	0.013658200000008947	epochs	3.0
682.1666017114441	0.013615300000083153	epochs	3.0
682.1802170114441	0.027103399999987232	epochs	2.0
682.1802170114441	0.013572799999906238	epochs	3.0
682.193789811444	0.013530600000080995	epochs	3.0
682.2073204114441	0.026935199999911674	epochs	2.0
682.2073204114441	0.01348839999991469	epochs	3.0
682.220808811444	0.013446799999996983	epochs	3.0
682.234255611444	0.02676920000010341	epochs	2.0
682.234255611444	0.013405200000079276	epochs	3.0
682.2476608114441	0.013364000000024134	epochs	3.0
682.2610248114441	0.026605199999949036	epochs	2.0
682.2610248114441	0.013322899999934634	epochs	3.0
682.2743477114441	0.013282300000014402	epochs	3.0
682.2876300114441	0.026443200000016986	epochs	2.0
682.2876300114441	0.013241699999980483	epochs	3.0
682.3008717114441	0.013201500000036503	epochs	3.0
682.3140732114441	0.0262831999999662	epochs	2.0
682.3140732114441	0.013161500000023807	epochs	3.0
682.3272347114441	0.013121699999942393	epochs	3.0
682.3403564114441	0.02612499999997908	epochs	2.0
682.3403564114441	0.013082100000019636	epochs	3.0
682.3534385114441	0.013042899999959445	epochs	3.0
682.366481411444	0.025968900000066242	epochs	2.0
682.366481411444	0.01300390000005791	epochs	3.0
682.3794853114441	0.012965000000008331	epochs	3.0
682.3924503114441	0.025814500000024054	epochs	2.0
682.3924503114441	0.012926399999969362	epochs	3.0
682.4053767114441	0.012888100000054692	epochs	3.0
682.4182648114441	0.025661899999931848	epochs	2.0
682.4182648114441	0.012849899999991976	epochs	3.0
682.4311147114441	0.012811999999939871	epochs	3.0
682.4439267114441	0.025511199999982637	epochs	2.0
682.4439267114441	0.012774400000012065	epochs	3.0
682.4567011114441	0.012736799999970572	epochs	3.0
682.4694379114441	0.025362299999983406	epochs	2.0
682.4694379114441	0.01269969999998466	epochs	3.0
682.482137611444	0.012662599999998747	epochs	3.0
682.494800211444	0.025215000000002874	epochs	2.0
682.494800211444	0.012625800000023446	epochs	3.0
682.5074260114441	0.012589199999979428	epochs	3.0
682.520015211444	0.024584800000070572	epochs	2.0
682.544085711444	0.5	epochs	-1.0
682.5446000114441	0.5484799999999268	epochs	1.0
683.093080011444	0.4514400000000478	epochs	0.0
683.5149998664856	0.03152000000000044	epochs	0.0
683.5149998664856	0.010767200000032062	epochs	1.0
683.5257670664856	0.009985599999936312	epochs	1.0
683.5357526664856	0.010767200000032062	epochs	1.0
683.5465998664856	2.0	epochs	0.0
685.5465655664856	0.5	epochs	-1.0
685.5465998664856	0.5278399999999692	epochs	0.0
685.5465998664856	0.5278399999999692	epochs	1.0
686.0465655664856	0.02787430000000768	epochs	-1.0
686.0744398664856	21.472080000000005	epochs	0.0
687.3949999809265	0.03152000000000044	epochs	0.0
687.3949999809265	0.010767200000032062	epochs	1.0
687.4057671809265	0.009985599999936312	epochs	1.0
687.4157527809265	0.010767200000032062	epochs	1.0
687.4265999809265	2.0	epochs	0.0
689.4265656809265	0.5	epochs	-1.0
689.4265999809265	0.5272800000000188	epochs	0.0
689.4265999809265	0.5272800000000188	epochs	1.0
689.9265656809265	0.0273143000000573	epochs	-1.0
689.9538799809266	21.472639999999956	epochs	0.0
691.1930003166199	0.03152000000000044	epochs	0.0
691.1930003166199	0.010767200000032062	epochs	1.0
691.2037675166199	0.009985599999936312	epochs	1.0
691.2137531166198	0.010767200000032062	epochs	1.0
691.2246003166199	2.0	epochs	0.0
693.2245660166199	0.5	epochs	-1.0
693.2246003166199	0.5278399999999692	epochs	0.0
693.2246003166199	0.5278399999999692	epochs	1.0
693.7245660166199	0.02787430000000768	epochs	-1.0
693.7524403166199	21.472080000000005	epochs	0.0
695.1960000991821	0.03152000000000044	epochs	0.0
695.1960000991821	0.010767200000032062	epochs	1.0
695.2067672991822	0.009985599999936312	epochs	1.0
695.2167528991821	0.010767200000032062	epochs	1.0
695.2276000991822	2.0	epochs	0.0
697.2275657991821	0.5	epochs	-1.0
697.2276000991822	0.5276799999999184	epochs	0.0
697.2276000991822	0.5276799999999184	epochs	1.0
697.7275657991821	0.027714299999956893	epochs	-1.0
697.7552800991821	21.472240000000056	epochs	0.0
699.2330002784729	0.03152000000000044	epochs	0.0
699.2330002784729	0.010767200000032062	epochs	1.0
699.2437674784729	0.009985599999936312	epochs	1.0
699.2537530784729	0.010767200000032062	epochs	1.0
699.2646002784729	2.0	epochs	0.0
701.2645659784729	0.5	epochs	-1.0
701.2646002784729	0.5285599999999704	epochs	0.0
701.2646002784729	0.5285599999999704	epochs	1.0
701.7645659784729	0.028594300000008843	epochs	-1.0
701.7931602784729	21.471360000000004	epochs	0.0
703.2410001754761	0.03152000000000044	epochs	0.0
703.2410001754761	0.010767200000032062	epochs	1.0
703.2517673754761	0.009985599999936312	epochs	1.0
703.261752975476	0.010767200000032062	epochs	1.0
703.2726001754761	2.0	epochs	0.0
705.2725658754761	0.5	epochs	-1.0
705.2726001754761	5.367999999999938	epochs	0.0
705.2726001754761	1.0	epochs	1.0
705.7725658754761	4.868034299999977	epochs	-1.0
706.2726001754761	4.367999999999938	epochs	1.0
706.2726001754761	4.356753899999944	epochs	-1.0
706.2726001754761	1.9745871999999736	epochs	2.0
706.2726001754761	1.0985621999999466	epochs	3.0
707.371162375476	0.8760250000000269	epochs	3.0
708.2471873754761	1.3524075000000266	epochs	2.0
708.2471873754761	0.7286354999999958	epochs	3.0
708.9758228754761	0.6237720000000309	epochs	3.0
709.5995948754761	1.029759199999944	epochs	2.0
709.5995948754761	0.5453292999999348	epochs	3.0
710.144924175476	0.4844299000000092	epochs	3.0
710.629354075476	0.01124609999999393	epochs	2.0
710.629354075476	0.01124609999999393	epochs	3.0
710.640600175476	16.631920000000036	epochs	0.0
710.9720001220703	0.03152000000000044	epochs	0.0
710.9720001220703	0.010767200000032062	epochs	1.0
710.9827673220703	0.009985599999936312	epochs	1.0
710.9927529220703	0.010767200000032062	epochs	1.0
711.0036001220703	2.0	epochs	0.0
713.0035658220703	0.5	epochs	-1.0
713.0036001220703	21.52783999999997	epochs	0.0
713.0036001220703	1.0	epochs	1.0
713.5035658220703	19.99928	epochs	-1.0
714.0036001220703	20.0	epochs	1.0
714.0036001220703	4.356753899999944	epochs	-1.0
714.0036001220703	1.9745871999999736	epochs	2.0
714.0036001220703	1.0985621999999466	epochs	3.0
715.1021623220703	0.8760250000000269	epochs	3.0
715.9781873220703	1.3524075000000266	epochs	2.0
715.9781873220703	0.7286354999999958	epochs	3.0
716.7068228220703	0.6237720000000309	epochs	3.0
717.3305948220703	1.029759199999944	epochs	2.0
717.3305948220703	0.5453292999999348	epochs	3.0
717.8759241220703	0.4844299000000092	epochs	3.0
718.3603540220703	0.8317862000000105	epochs	2.0
718.3603540220703	0.4357763000000432	epochs	3.0
718.7961303220703	0.3960098999999673	epochs	3.0
719.1921402220703	0.6977970000000369	epochs	2.0
719.1921402220703	0.3628982000000178	epochs	3.0
719.5550384220703	0.33489880000001904	epochs	3.0
719.8899372220703	0.601045699999986	epochs	2.0
719.8899372220703	0.3109122999999272	epochs	3.0
720.2008495220703	0.2901334000000588	epochs	3.0
720.4909829220703	0.5278859000000011	epochs	2.0
720.4909829220703	0.2719585999999481	epochs	3.0
720.7629415220703	0.25592730000005304	epochs	3.0
721.0188688220703	0.470619299999953	epochs	2.0
721.0188688220703	0.241681299999982	epochs	3.0
721.2605501220703	0.228937999999971	epochs	3.0
721.4894881220703	0.42457039999999324	epochs	2.0
721.4894881220703	0.21747140000002219	epochs	3.0
721.7069595220703	0.20709899999997106	epochs	3.0
721.9140585220703	0.3867354000000205	epochs	2.0
721.9140585220703	0.19767110000009325	epochs	3.0
722.1117296220704	0.18906429999992724	epochs	3.0
722.3007939220703	0.3550953000000163	epochs	2.0
722.3007939220703	0.18117590000008477	epochs	3.0
722.4819698220704	0.17391939999993156	epochs	3.0
722.6558892220703	0.3282431000000088	epochs	2.0
722.6558892220703	0.16722189999995862	epochs	3.0
722.8231111220703	0.16102120000005016	epochs	3.0
722.9841323220703	0.30516799999998057	epochs	2.0
722.9841323220703	0.15526390000002266	epochs	3.0
723.1393962220703	0.1499040999999579	epochs	3.0
723.2893003220703	0.28512530000000424	epochs	2.0
723.2893003220703	0.1449020999999675	epochs	3.0
723.4342024220703	0.14022320000003674	epochs	3.0
723.5744256220703	0.2675537999999733	epochs	2.0
723.5744256220703	0.1358369000000721	epochs	3.0
723.7102625220704	0.13171689999990122	epochs	3.0
723.8419794220703	0.2520229000000427	epochs	2.0
723.8419794220703	0.1278393000000051	epochs	3.0
723.9698187220703	0.12418360000003759	epochs	3.0
724.0940023220703	0.23819649999995818	epochs	2.0
724.0940023220703	0.12073110000005727	epochs	3.0
724.2147334220704	0.11746539999990091	epochs	3.0
724.3321988220703	0.2258088000000953	epochs	2.0
724.3321988220703	0.11437190000003739	epochs	3.0
724.4465707220703	0.1114369000000579	epochs	3.0
724.5580076220704	0.21464599999990241	epochs	2.0
724.5580076220704	0.10864889999993466	epochs	3.0
724.6666565220703	0.10599709999996776	epochs	3.0
724.7726536220703	0.20453500000007807	epochs	2.0
724.7726536220703	0.10347150000006877	epochs	3.0
724.8761251220703	0.1010635000000093	epochs	3.0
724.9771886220703	0.19533400000000256	epochs	2.0
724.9771886220703	0.09876509999992322	epochs	3.0
725.0759537220703	0.09656890000007934	epochs	3.0
725.1725226220703	0.18692529999998442	epochs	2.0
725.1725226220703	0.09446830000001682	epochs	3.0
725.2669909220704	0.09245699999996759	epochs	3.0
725.3594479220703	0.17921069999999872	epochs	2.0
725.3594479220703	0.09052959999996801	epochs	3.0
725.4499775220703	0.08868110000003071	epochs	3.0
725.5386586220703	0.17210769999996955	epochs	2.0
725.5386586220703	0.08690630000000965	epochs	3.0
725.6255649220703	0.0852013999999599	epochs	3.0
725.7107663220703	0.16554640000003928	epochs	2.0
725.7107663220703	0.08356190000006336	epochs	3.0
725.7943282220704	0.08198449999997592	epochs	3.0
725.8763127220703	0.15946710000002895	epochs	2.0
725.8763127220703	0.08046539999998004	epochs	3.0
725.9567781220703	0.07900170000004891	epochs	3.0
726.0357798220704	0.15381839999997737	epochs	2.0
726.0357798220704	0.07759009999995214	epochs	3.0
726.1133699220703	0.07622830000002523	epochs	3.0
726.1895982220703	0.14855639999996129	epochs	2.0
726.1895982220703	0.07491329999993468	epochs	3.0
726.2645115220703	0.0736431000000266	epochs	3.0
726.3381546220703	0.14364239999997608	epochs	2.0
726.3381546220703	0.07241499999997814	epochs	3.0
726.4105696220703	0.07122739999999794	epochs	3.0
726.4817970220703	0.13904309999998077	epochs	2.0
726.4817970220703	0.07007800000008046	epochs	3.0
726.5518750220704	0.0689650999999003	epochs	3.0
726.6208401220703	0.1347293000000036	epochs	2.0
726.6208401220703	0.0678871000000072	epochs	3.0
726.6887272220703	0.06684219999999641	epochs	3.0
726.7555694220703	0.1306752000000415	epochs	2.0
726.7555694220703	0.06582910000008724	epochs	3.0
726.8213985220704	0.06484609999995428	epochs	3.0
726.8862446220703	0.12685780000003888	epochs	2.0
726.8862446220703	0.06389200000000983	epochs	3.0
726.9501366220703	0.06296580000002905	epochs	3.0
727.0131024220703	0.12325720000001184	epochs	2.0
727.0131024220703	0.062065799999913907	epochs	3.0
727.0751682220703	0.06119140000009793	epochs	3.0
727.1363596220704	0.11985540000000583	epochs	2.0
727.1363596220704	0.060341099999959624	epochs	3.0
727.1967007220703	0.059514300000046205	epochs	3.0
727.2562150220704	0.1166361999999026	epochs	2.0
727.2562150220704	0.058709599999929196	epochs	3.0
727.3149246220703	0.057926599999973405	epochs	3.0
727.3728512220703	0.11358560000007856	epochs	2.0
727.3728512220703	0.05716419999998834	epochs	3.0
727.4300154220703	0.056421400000090216	epochs	3.0
727.4864368220703	0.11069049999991876	epochs	2.0
727.4864368220703	0.05569789999992736	epochs	3.0
727.5421347220703	0.0549925999999914	epochs	3.0
727.5971273220703	0.1079391000000669	epochs	2.0
727.5971273220703	0.05430490000003374	epochs	3.0
727.6514322220703	0.05363420000003316	epochs	3.0
727.7050664220703	0.10532149999994544	epochs	2.0
727.7050664220703	0.05297999999993408	epochs	3.0
727.7580464220703	0.052341500000011365	epochs	3.0
727.8103879220703	0.10282760000006874	epochs	2.0
727.8103879220703	0.05171810000001642	epochs	3.0
727.8621060220703	0.05110950000005232	epochs	3.0
727.9132155220703	0.10044909999999163	epochs	2.0
727.9132155220703	0.05051489999993919	epochs	3.0
727.9637304220703	0.04993420000005244	epochs	3.0
728.0136646220703	0.0981782999999723	epochs	2.0
728.0136646220703	0.04936659999998483	epochs	3.0
728.0630312220703	0.04881169999998747	epochs	3.0
728.1118429220703	0.09600780000005216	epochs	2.0
728.1118429220703	0.04826920000004975	epochs	3.0
728.1601121220704	0.04773860000000241	epochs	3.0
728.2078507220704	0.09393119999992905	epochs	2.0
728.2078507220704	0.04721949999998287	epochs	3.0
728.2550702220703	0.04671169999994618	epochs	3.0
728.3017819220703	0.09194260000003851	epochs	2.0
728.3017819220703	0.046214599999984785	epochs	3.0
728.3479965220703	0.045728000000053726	epochs	3.0
728.3937245220703	0.09003629999995155	epochs	2.0
728.3937245220703	0.045251499999949374	epochs	3.0
728.4389760220703	0.04478480000000218	epochs	3.0
728.4837608220703	0.08820760000003247	epochs	2.0
728.4837608220703	0.044327800000019124	epochs	3.0
728.5280886220703	0.04387980000001335	epochs	3.0
728.5719684220703	0.0864516999999978	epochs	2.0
728.5719684220703	0.04344100000002982	epochs	3.0
728.6154094220703	0.04301069999996798	epochs	3.0
728.6584201220703	0.08476429999996071	epochs	2.0
728.6584201220703	0.04258900000002086	epochs	3.0
728.7010091220703	0.04217529999993985	epochs	3.0
728.7431844220703	0.08314150000001064	epochs	2.0
728.7431844220703	0.04176970000003166	epochs	3.0
728.7849541220703	0.041371799999978975	epochs	3.0
728.8263259220703	0.08157970000002024	epochs	2.0
728.8263259220703	0.04098140000007788	epochs	3.0
728.8673073220704	0.040598299999942355	epochs	3.0
728.9079056220703	0.08007550000002084	epochs	2.0
728.9079056220703	0.04022229999998217	epochs	3.0
728.9481279220703	0.03985320000003867	epochs	3.0
728.9879811220703	0.07862569999997504	epochs	2.0
728.9879811220703	0.0394907999999532	epochs	3.0
729.0274719220703	0.039134900000021844	epochs	3.0
729.0666068220703	0.07722760000001472	epochs	2.0
729.0666068220703	0.038785400000051595	epochs	3.0
729.1053922220703	0.03844219999996312	epochs	3.0
729.1438344220703	0.07587820000003376	epochs	2.0
729.1438344220703	0.038104800000041905	epochs	3.0
729.1819392220704	0.03777339999999185	epochs	3.0
729.2197126220703	0.07457519999991291	epochs	2.0
729.2197126220703	0.03744769999991604	epochs	3.0
729.2571603220703	0.03712749999999687	epochs	3.0
729.2942878220703	0.07331630000010136	epochs	2.0
729.2942878220703	0.0368129000000863	epochs	3.0
729.3311007220703	0.03650340000001506	epochs	3.0
729.3676041220704	0.07209899999998015	epochs	2.0
729.3676041220704	0.03619909999997617	epochs	3.0
729.4038032220703	0.03589990000000398	epochs	3.0
729.4397031220703	0.07092169999998532	epochs	2.0
729.4397031220703	0.03560559999993984	epochs	3.0
729.4753087220703	0.03531610000004548	epochs	3.0
729.5106248220703	0.06978200000003199	epochs	2.0
729.5106248220703	0.03503119999993487	epochs	3.0
729.5456560220703	0.034750800000097115	epochs	3.0
729.5804068220704	0.06867859999999837	epochs	2.0
729.5804068220704	0.03447510000000875	epochs	3.0
729.6148819220704	0.03420349999998962	epochs	3.0
729.6490854220704	0.06760929999995824	epochs	2.0
729.6490854220704	0.033936199999970995	epochs	3.0
729.6830216220703	0.033673099999987244	epochs	3.0
729.7166947220703	0.06657289999998284	epochs	2.0
729.7166947220703	0.03341399999999339	epochs	3.0
729.7501087220703	0.033158899999989444	epochs	3.0
729.7832676220703	0.06556780000005347	epochs	2.0
729.7832676220703	0.032907700000009754	epochs	3.0
729.8161753220703	0.03266010000004371	epochs	3.0
729.8488354220704	0.06459259999996902	epochs	2.0
729.8488354220704	0.032416399999988244	epochs	3.0
729.8812518220703	0.03217619999998078	epochs	3.0
729.9134280220703	0.0636459999999488	epochs	2.0
729.9134280220703	0.03193959999998697	epochs	3.0
729.9453676220703	0.03170639999996183	epochs	3.0
729.9770740220703	0.06272670000009839	epochs	2.0
729.9770740220703	0.03147660000001906	epochs	3.0
730.0085506220703	0.03125010000007933	epochs	3.0
730.0398007220704	0.06183359999999993	epochs	2.0
730.0398007220704	0.03102689999991526	epochs	3.0
730.0708276220703	0.030806700000084675	epochs	3.0
730.1016343220704	0.060965599999917686	epochs	2.0
730.1016343220704	0.030589799999916067	epochs	3.0
730.1322241220703	0.030375800000001618	epochs	3.0
730.1625999220703	0.06012160000000222	epochs	2.0
730.1625999220703	0.030164900000045236	epochs	3.0
730.1927648220703	0.02995669999995698	epochs	3.0
730.2227215220703	0.05930069999999432	epochs	2.0
730.2227215220703	0.029751600000054168	epochs	3.0
730.2524731220703	0.029549099999940154	epochs	3.0
730.2820222220703	0.05850180000004457	epochs	2.0
730.2820222220703	0.02934940000000097	epochs	3.0
730.3113716220703	0.0291524000000436	epochs	3.0
730.3405240220703	0.05772419999993872	epochs	2.0
730.3405240220703	0.028957999999988715	epochs	3.0
730.3694820220703	0.028766199999950004	epochs	3.0
730.3982482220703	0.05696710000006533	epochs	2.0
730.3982482220703	0.028577000000041153	epochs	3.0
730.4268252220703	0.028390100000024177	epochs	3.0
730.4552153220703	0.05622949999997218	epochs	2.0
730.4552153220703	0.028205699999944045	epochs	3.0
730.4834210220703	0.028023800000028132	epochs	3.0
730.5114448220703	0.05551070000001346	epochs	2.0
730.5114448220703	0.027843999999959124	epochs	3.0
730.5392888220703	0.027666700000054334	epochs	3.0
730.5669555220703	0.054810200000019904	epochs	2.0
730.5669555220703	0.02749149999999645	epochs	3.0
730.5944470220703	0.027318700000023455	epochs	3.0
730.6217657220703	0.05412699999999404	epochs	2.0
730.6217657220703	0.027147799999966082	epochs	3.0
730.6489135220703	0.02697920000002796	epochs	3.0
730.6758927220703	0.053460699999959616	epochs	2.0
730.6758927220703	0.0268125999999711	epochs	3.0
730.7027053220703	0.026648099999988517	epochs	3.0
730.7293534220703	0.05281070000000909	epochs	2.0
730.7293534220703	0.026485600000000886	epochs	3.0
730.7558390220703	0.026325100000008206	epochs	3.0
730.7821641220703	0.05217619999996259	epochs	2.0
730.7821641220703	0.026166399999965506	epochs	3.0
730.8083305220703	0.026009799999997085	epochs	3.0
730.8343403220703	0.05155670000010559	epochs	2.0
730.8343403220703	0.025854800000047362	epochs	3.0
730.8601951220703	0.02570190000005823	epochs	3.0
730.8858970220704	0.05095189999997274	epochs	2.0
730.8858970220704	0.025550699999939752	epochs	3.0
730.9114477220703	0.025401200000032986	epochs	3.0
730.9368489220703	0.05036099999995258	epochs	2.0
730.9368489220703	0.025253499999962514	epochs	3.0
730.9621024220703	0.02510749999999007	epochs	3.0
730.9872099220703	0.049783800000000156	epochs	2.0
730.9872099220703	0.02496320000000196	epochs	3.0
731.0121731220703	0.024820599999998194	epochs	3.0
731.0369937220703	0.049219500000049266	epochs	2.0
731.0369937220703	0.024679399999968155	epochs	3.0
731.0616731220703	0.02454010000008111	epochs	3.0
731.0862132220703	0.048667899999941255	epochs	2.0
731.0862132220703	0.02440209999997478	epochs	3.0
731.1106153220703	0.024265799999966475	epochs	3.0
731.1348811220703	0.04812860000004093	epochs	2.0
731.1348811220703	0.024131000000011227	epochs	3.0
731.1590121220703	0.023997600000029706	epochs	3.0
731.1830097220703	0.04760109999995166	epochs	2.0
731.1830097220703	0.023865799999953197	epochs	3.0
731.2068755220703	0.02373529999999846	epochs	3.0
731.2306108220703	0.047085000000038235	epochs	2.0
731.2306108220703	0.023606299999983094	epochs	3.0
731.2542171220703	0.02347870000005514	epochs	3.0
731.2776958220703	0.046579999999948996	epochs	2.0
731.2776958220703	0.02335249999998723	epochs	3.0
731.3010483220703	0.023227499999961765	epochs	3.0
731.3242758220703	0.046085700000048746	epochs	2.0
731.3242758220703	0.023104000000103042	epochs	3.0
731.3473798220704	0.022981699999945704	epochs	3.0
731.3703615220703	0.045601799999985815	epochs	2.0
731.3703615220703	0.022860700000023826	epochs	3.0
731.3932222220703	0.02274109999996199	epochs	3.0
731.4159633220703	0.04512790000001132	epochs	2.0
731.4159633220703	0.022622500000011314	epochs	3.0
731.4385858220703	0.02250540000000001	epochs	3.0
731.4610912220703	0.044663799999966614	epochs	2.0
731.4610912220703	0.02238929999998618	epochs	3.0
731.4834805220703	0.022274499999980435	epochs	3.0
731.5057550220703	0.04420920000006845	epochs	2.0
731.5057550220703	0.022160800000051495	epochs	3.0
731.5279158220703	0.022048400000016954	epochs	3.0
731.5499642220703	0.04376359999992019	epochs	2.0
731.5499642220703	0.021936900000014248	epochs	3.0
731.5719011220704	0.02182669999990594	epochs	3.0
731.5937278220703	0.04332710000005591	epochs	2.0
731.5937278220703	0.02171760000010181	epochs	3.0
731.6154454220704	0.021609499999954096	epochs	3.0
731.6370549220703	0.04289900000003399	epochs	2.0
731.6370549220703	0.02150249999999687	epochs	3.0
731.6585574220703	0.021396500000037122	epochs	3.0
731.6799539220704	0.042479500000013104	epochs	2.0
731.6799539220704	0.02129170000000613	epochs	3.0
731.7012456220704	0.021187800000006973	epochs	3.0
731.7224334220704	0.04206789999989269	epochs	2.0
731.7224334220704	0.021084899999891604	epochs	3.0
731.7435183220703	0.020983000000001084	epochs	3.0
731.7645013220703	0.04166440000005878	epochs	2.0
731.7645013220703	0.02088220000007368	epochs	3.0
731.7853835220703	0.020782199999985096	epochs	3.0
731.8061657220703	0.04126850000000104	epochs	2.0
731.8061657220703	0.020683299999973315	epochs	3.0
731.8268490220703	0.020585200000027726	epochs	3.0
731.8474342220703	0.04088000000001557	epochs	2.0
731.8474342220703	0.020488099999965925	epochs	3.0
731.8679223220703	0.020391900000049645	epochs	3.0
731.8883142220703	0.04049880000002304	epochs	2.0
731.8883142220703	0.020296599999937825	epochs	3.0
731.9086108220703	0.020202200000085213	epochs	3.0
731.9288130220704	0.04012460000001283	epochs	2.0
731.9288130220704	0.020108699999923374	epochs	3.0
731.9489217220703	0.02001590000008946	epochs	3.0
731.9689376220704	0.039757299999905626	epochs	2.0
731.9689376220704	0.019924199999991288	epochs	3.0
731.9888618220704	0.01983309999991434	epochs	3.0
732.0086949220703	0.03939669999999751	epochs	2.0
732.0086949220703	0.01974300000006224	epochs	3.0
732.0284379220703	0.01965369999993527	epochs	3.0
732.0480916220703	0.039042400000084854	epochs	2.0
732.0480916220703	0.01956510000002254	epochs	3.0
732.0676567220703	0.019477300000062314	epochs	3.0
732.0871340220704	0.03869459999998526	epochs	2.0
732.0871340220704	0.01939039999990655	epochs	3.0
732.1065244220703	0.01930420000007871	epochs	3.0
732.1258286220703	0.03835289999994984	epochs	2.0
732.1258286220703	0.019218799999976	epochs	3.0
732.1450474220703	0.01913409999997384	epochs	3.0
732.1641815220703	0.03801720000001296	epochs	2.0
732.1641815220703	0.019050200000037876	epochs	3.0
732.1832317220703	0.018966999999975087	epochs	3.0
732.2021987220703	0.037687200000050325	epochs	2.0
732.2021987220703	0.01888450000001285	epochs	3.0
732.2210832220703	0.018802700000037476	epochs	3.0
732.2398859220704	0.03736309999999321	epochs	2.0
732.2398859220704	0.01872169999990092	epochs	3.0
732.2586076220703	0.01864140000009229	epochs	3.0
732.2772490220704	0.03704429999993408	epochs	2.0
732.2772490220704	0.01856159999999818	epochs	3.0
732.2958106220703	0.018482699999935903	epochs	3.0
732.3142933220703	0.0367310000000316	epochs	2.0
732.3142933220703	0.018404300000042895	epochs	3.0
732.3326976220703	0.018326699999988705	epochs	3.0
732.3510243220703	0.036422900000047775	epochs	2.0
732.3510243220703	0.018249599999990096	epochs	3.0
732.3692739220703	0.01817330000005768	epochs	3.0
732.3874472220704	0.03612009999994825	epochs	2.0
732.3874472220704	0.01809759999991911	epochs	3.0
732.4055448220703	0.01802250000002914	epochs	3.0
732.4235673220703	0.03582210000001851	epochs	2.0
732.4235673220703	0.017947899999967376	epochs	3.0
732.4415152220703	0.017874200000051133	epochs	3.0
732.4593894220703	0.03552899999999681	epochs	2.0
732.4593894220703	0.017800800000031813	epochs	3.0
732.4771902220704	0.017728199999965	epochs	3.0
732.4949184220703	0.03524070000003121	epochs	2.0
732.4949184220703	0.017656099999953767	epochs	3.0
732.5125745220703	0.017584600000077444	epochs	3.0
732.5301591220704	0.03495709999992869	epochs	2.0
732.5301591220704	0.01751369999999497	epochs	3.0
732.5476728220704	0.017443399999933717	epochs	3.0
732.5651162220703	0.03467790000001969	epochs	2.0
732.5651162220703	0.017373600000041733	epochs	3.0
732.5824898220703	0.017304299999977957	epochs	3.0
732.5997941220703	0.03440330000000813	epochs	2.0
732.5997941220703	0.01723570000001473	epochs	3.0
732.6170298220703	0.0171675999999934	epochs	3.0
732.6341974220703	0.03413279999995211	epochs	2.0
732.6341974220703	0.01709989999994832	epochs	3.0
732.6512973220703	0.017032900000003792	epochs	3.0
732.6683302220703	0.03386670000008962	epochs	2.0
732.6683302220703	0.01696640000000116	epochs	3.0
732.6852966220703	0.016900300000088464	epochs	3.0
732.7021969220704	0.03360459999998966	epochs	2.0
732.7021969220704	0.01683479999996962	epochs	3.0
732.7190317220703	0.01676980000002004	epochs	3.0
732.7358015220703	0.033346599999958926	epochs	2.0
732.7358015220703	0.016705300000012357	epochs	3.0
732.7525068220704	0.01664129999994657	epochs	3.0
732.7691481220703	0.03309249999995245	epochs	2.0
732.7691481220703	0.016577800000050047	epochs	3.0
732.7857259220704	0.016514699999902405	epochs	3.0
732.8022406220703	0.032842300000083924	epochs	2.0
732.8022406220703	0.01645220000000336	epochs	3.0
732.8186928220703	0.016390100000080565	epochs	3.0
732.8350829220703	0.03259570000000167	epochs	2.0
732.8350829220703	0.016328400000020338	epochs	3.0
732.8514113220704	0.016267299999981333	epochs	3.0
732.8676786220703	0.032352899999978035	epochs	2.0
732.8676786220703	0.01620659999991858	epochs	3.0
732.8838852220703	0.016146300000059455	epochs	3.0
732.9000315220703	0.03211369999996805	epochs	2.0
732.9000315220703	0.016086599999994178	epochs	3.0
732.9161181220703	0.01602709999997387	epochs	3.0
732.9321452220703	0.03187800000000607	epochs	2.0
732.9321452220703	0.015968199999974786	epochs	3.0
732.9481134220703	0.015909800000031282	epochs	3.0
732.9640232220703	0.031645700000012766	epochs	2.0
732.9640232220703	0.01585160000001906	epochs	3.0
732.9798748220703	0.015794099999993705	epochs	3.0
732.9956689220703	0.0314167000000225	epochs	2.0
732.9956689220703	0.015736700000047676	epochs	3.0
733.0114056220704	0.015679999999974825	epochs	3.0
733.0270856220703	0.031191100000000915	epochs	2.0
733.0270856220703	0.015623600000026272	epochs	3.0
733.0427092220704	0.015567499999974643	epochs	3.0
733.0582767220703	0.030968700000016725	epochs	2.0
733.0582767220703	0.015511999999944237	epochs	3.0
733.0737887220703	0.015456700000072487	epochs	3.0
733.0892454220703	0.030749499999956242	epochs	2.0
733.0892454220703	0.015401999999994587	epochs	3.0
733.1046474220703	0.015347499999961656	epochs	3.0
733.1199949220703	0.03053320000003623	epochs	2.0
733.1199949220703	0.015293400000018664	epochs	3.0
733.1352883220703	0.015239800000017567	epochs	3.0
733.1505281220703	0.030320099999926242	epochs	2.0
733.1505281220703	0.015186499999913394	epochs	3.0
733.1657146220703	0.015133600000012848	epochs	3.0
733.1808482220703	0.03010990000007041	epochs	2.0
733.1808482220703	0.015081000000009226	epochs	3.0
733.1959292220703	0.015028900000061185	epochs	3.0
733.2109581220703	0.029902499999934662	epochs	2.0
733.2109581220703	0.01497699999993074	epochs	3.0
733.2259351220703	0.014925500000003922	epochs	3.0
733.2408606220703	0.029698100000018712	epochs	2.0
733.2408606220703	0.014874400000053356	epochs	3.0
733.2557350220703	0.014823699999965356	epochs	3.0
733.2705587220703	0.02949630000000525	epochs	2.0
733.2705587220703	0.014773200000036013	epochs	3.0
733.2853319220703	0.014723099999969236	epochs	3.0
733.3000550220703	0.02929740000001857	epochs	2.0
733.3000550220703	0.014673399999992398	epochs	3.0
733.3147284220703	0.014624000000026172	epochs	3.0
733.3293524220703	0.029101100000048064	epochs	2.0
733.3293524220703	0.01457489999995687	epochs	3.0
733.3439273220703	0.014526200000091194	epochs	3.0
733.3584535220704	0.028907399999980044	epochs	2.0
733.3584535220704	0.014477699999929428	epochs	3.0
733.3729312220703	0.014429700000050616	epochs	3.0
733.3873609220703	0.028716199999962555	epochs	2.0
733.3873609220703	0.014381800000023759	epochs	3.0
733.4017427220704	0.014334399999938796	epochs	3.0
733.4160771220703	0.02852759999996124	epochs	2.0
733.4160771220703	0.01428720000001249	epochs	3.0
733.4303643220703	0.01424039999994875	epochs	3.0
733.4446047220703	0.028341400000044814	epochs	2.0
733.4446047220703	0.014193800000043666	epochs	3.0
733.4587985220703	0.014147600000001148	epochs	3.0
733.4729461220703	0.028157699999951546	epochs	2.0
733.4729461220703	0.014101699999969242	epochs	3.0
733.4870478220703	0.014055999999982305	epochs	3.0
733.5011038220703	0.027976300000091214	epochs	2.0
733.5011038220703	0.01401060000000598	epochs	3.0
733.5151144220703	0.013965700000085235	epochs	3.0
733.5290801220704	0.02779720000000907	epochs	2.0
733.5290801220704	0.013920799999937117	epochs	3.0
733.5430009220703	0.013876400000071953	epochs	3.0
733.5568773220704	0.027620399999932488	epochs	2.0
733.5568773220704	0.0138321999999107	epochs	3.0
733.5707095220703	0.013788200000021789	epochs	3.0
733.5844977220703	0.027445899999975154	epochs	2.0
733.5844977220703	0.013744599999995444	epochs	3.0
733.5982423220703	0.01370129999997971	epochs	3.0
733.6119436220703	0.0272735000000921	epochs	2.0
733.6119436220703	0.013658200000008947	epochs	3.0
733.6256018220703	0.013615300000083153	epochs	3.0
733.6392171220704	0.027103399999987232	epochs	2.0
733.6392171220704	0.013572799999906238	epochs	3.0
733.6527899220703	0.013530600000080995	epochs	3.0
733.6663205220704	0.026935199999911674	epochs	2.0
733.6663205220704	0.01348839999991469	epochs	3.0
733.6798089220703	0.013446799999996983	epochs	3.0
733.6932557220703	0.02676920000010341	epochs	2.0
733.6932557220703	0.013405200000079276	epochs	3.0
733.7066609220703	0.013364000000024134	epochs	3.0
733.7200249220704	0.026605199999949036	epochs	2.0
733.7200249220704	0.013322899999934634	epochs	3.0
733.7333478220703	0.013282300000014402	epochs	3.0
733.7466301220703	0.026443200000016986	epochs	2.0
733.7466301220703	0.013241699999980483	epochs	3.0
733.7598718220703	0.013201500000036503	epochs	3.0
733.7730733220703	0.0262831999999662	epochs	2.0
733.7730733220703	0.013161500000023807	epochs	3.0
733.7862348220704	0.013121699999942393	epochs	3.0
733.7993565220703	0.02612499999997908	epochs	2.0
733.7993565220703	0.013082100000019636	epochs	3.0
733.8124386220703	0.013042899999959445	epochs	3.0
733.8254815220703	0.025968900000066242	epochs	2.0
733.8254815220703	0.01300390000005791	epochs	3.0
733.8384854220703	0.012965000000008331	epochs	3.0
733.8514504220703	0.025814500000024054	epochs	2.0
733.8514504220703	0.012926399999969362	epochs	3.0
733.8643768220703	0.012888100000054692	epochs	3.0
733.8772649220704	0.025661899999931848	epochs	2.0
733.8772649220704	0.012849899999991976	epochs	3.0
733.8901148220704	0.012811999999939871	epochs	3.0
733.9029268220703	0.025511199999982637	epochs	2.0
733.9029268220703	0.012774400000012065	epochs	3.0
733.9157012220703	0.012736799999970572	epochs	3.0
733.9284380220703	0.025362299999983406	epochs	2.0
733.9284380220703	0.01269969999998466	epochs	3.0
733.9411377220703	0.012662599999998747	epochs	3.0
733.9538003220703	0.025215000000002874	epochs	2.0
733.9538003220703	0.012625800000023446	epochs	3.0
733.9664261220703	0.012589199999979428	epochs	3.0
733.9790153220703	0.024584800000070572	epochs	2.0
734.0028458220703	0.5	epochs	-1.0
734.0036001220703	0.5278399999999692	epochs	1.0
734.5314401220703	0.4720800000000054	epochs	0.0
734.9450001716614	0.03152000000000044	epochs	0.0
734.9450001716614	0.010767200000032062	epochs	1.0
734.9557673716614	0.009985599999936312	epochs	1.0
734.9657529716613	0.010767200000032062	epochs	1.0
734.9766001716614	2.0	epochs	0.0
736.9765658716614	0.5	epochs	-1.0
736.9766001716614	0.5279199999999946	epochs	0.0
736.9766001716614	0.5279199999999946	epochs	1.0
737.4765658716614	0.027954300000033072	epochs	-1.0
737.5045201716614	21.47199999999998	epochs	0.0
738.8670001029968	0.03152000000000044	epochs	0.0
738.8670001029968	0.010767200000032062	epochs	1.0
738.8777673029969	0.009985599999936312	epochs	1.0
738.8877529029968	0.010767200000032062	epochs	1.0
738.8986001029969	2.0	epochs	0.0
740.8985658029968	0.5	epochs	-1.0
740.8986001029969	0.5278399999999692	epochs	0.0
740.8986001029969	0.5278399999999692	epochs	1.0
741.3985658029968	0.02787430000000768	epochs	-1.0
741.4264401029968	21.472080000000005	epochs	0.0
742.6129999160767	0.03152000000000044	epochs	0.0
742.6129999160767	0.010767200000032062	epochs	1.0
742.6237671160767	0.009985599999936312	epochs	1.0
742.6337527160766	0.010767200000032062	epochs	1.0
742.6445999160767	2.0	epochs	0.0
744.6445656160766	0.5	epochs	-1.0
744.6445999160767	0.5276000000000067	epochs	0.0
744.6445999160767	0.5276000000000067	epochs	1.0
745.1445656160766	0.027634300000045187	epochs	-1.0
745.1721999160767	21.472319999999968	epochs	0.0
760.7720003128052	0.03152000000000044	epochs	0.0
760.7720003128052	0.010767200000032062	epochs	1.0
760.7827675128052	0.009985599999936312	epochs	1.0
760.7927531128051	0.010767200000032062	epochs	1.0
760.8036003128052	0.2299199999999928	epochs	0.0
760.8036003128052	0.049999999999954525	epochs	1.0
760.8536003128052	0.009999999999990905	epochs	1.0
760.8636003128051	0.05000000000006821	epochs	1.0
760.9136003128052	0.009999999999990905	epochs	1.0
760.9236003128052	0.049999999999954525	epochs	1.0
760.9736003128052	0.009999999999990905	epochs	1.0
760.9836003128052	0.04992000000004282	epochs	1.0
1238.9800000190735	0.03152000000000044	epochs	0.0
1238.9800000190735	0.010767199999918375	epochs	1.0
1238.9907672190734	0.009985600000163686	epochs	1.0
1239.0007528190736	0.010767199999918375	epochs	1.0
1239.0116000190735	0.2299199999999928	epochs	0.0
1239.0116000190735	0.049999999999954525	epochs	1.0
1239.0616000190735	0.009999999999990905	epochs	1.0
1239.0716000190735	0.049999999999954525	epochs	1.0
1239.1216000190734	0.009999999999990905	epochs	1.0
1239.1316000190734	0.0500000000001819	epochs	1.0
1239.1816000190736	0.009999999999990905	epochs	1.0
1239.1916000190736	0.04991999999992913	epochs	1.0
