onset	duration	nwb_table	treelevel
8.866000175476074	0.09999999999999964	epochs	0.0
8.866000175476074	0.04499999999999993	epochs	1.0
8.911000175476074	0.009999999999999787	epochs	1.0
8.921000175476074	0.04499999999999993	epochs	1.0
8.966000175476074	0.7049950000000003	epochs	0.0
8.966000175476074	0.5	epochs	-1.0
8.966000175476074	0.5	epochs	-1.0
8.966000175476074	0.5	epochs	1.0
9.466000175476074	0.0600000000000005	epochs	-1.0
9.466000175476074	0.025000000000000355	epochs	-1.0
9.466000175476074	0.025000000000000355	epochs	1.0
9.491000175476074	0.009999999999999787	epochs	-1.0
9.491000175476074	0.009999999999999787	epochs	1.0
9.501000175476074	0.025000000000000355	epochs	-1.0
9.501000175476074	0.025000000000000355	epochs	1.0
9.526000175476074	0.0600000000000005	epochs	-1.0
9.526000175476074	0.025000000000000355	epochs	-1.0
9.526000175476074	0.025000000000000355	epochs	1.0
9.551000175476075	0.009999999999999787	epochs	-1.0
9.551000175476075	0.009999999999999787	epochs	1.0
9.561000175476075	0.025000000000000355	epochs	-1.0
9.561000175476075	0.025000000000000355	epochs	1.0
9.586000175476075	0.05999999999999872	epochs	-1.0
9.586000175476075	0.02499999999999858	epochs	-1.0
9.586000175476075	0.02499999999999858	epochs	1.0
9.611000175476073	0.010000000000001563	epochs	-1.0
9.611000175476073	0.010000000000001563	epochs	1.0
9.621000175476075	0.02499999999999858	epochs	-1.0
9.621000175476075	0.02499999999999858	epochs	1.0
9.646000175476074	0.024995000000000545	epochs	1.0
342.23900032043457	0.10000000000002274	epochs	0.0
342.23900032043457	0.045000000000015916	epochs	1.0
342.2840003204346	0.009999999999990905	epochs	1.0
342.2940003204346	0.045000000000015916	epochs	1.0
342.3390003204346	0.7049949999999967	epochs	0.0
342.3390003204346	0.5	epochs	-1.0
342.3390003204346	0.5	epochs	1.0
342.8390003204346	0.060000000000002274	epochs	-1.0
342.8390003204346	0.024999999999977263	epochs	-1.0
342.8390003204346	0.024999999999977263	epochs	1.0
342.86400032043457	0.009999999999990905	epochs	-1.0
342.86400032043457	0.009999999999990905	epochs	1.0
342.87400032043456	0.025000000000034106	epochs	-1.0
342.87400032043456	0.025000000000034106	epochs	1.0
342.8990003204346	0.060000000000002274	epochs	-1.0
342.8990003204346	0.024999999999977263	epochs	-1.0
342.8990003204346	0.024999999999977263	epochs	1.0
342.9240003204346	0.009999999999990905	epochs	-1.0
342.9240003204346	0.009999999999990905	epochs	1.0
342.93400032043456	0.025000000000034106	epochs	-1.0
342.93400032043456	0.025000000000034106	epochs	1.0
342.9590003204346	0.05999999999994543	epochs	-1.0
342.9590003204346	0.024999999999977263	epochs	-1.0
342.9590003204346	0.024999999999977263	epochs	1.0
342.9840003204346	0.009999999999990905	epochs	-1.0
342.9840003204346	0.009999999999990905	epochs	1.0
342.99400032043457	0.024999999999977263	epochs	-1.0
342.99400032043457	0.024999999999977263	epochs	1.0
343.01900032043454	0.02499500000004673	epochs	1.0
413.32299995422363	0.10000000000002274	epochs	0.0
413.32299995422363	0.045000000000015916	epochs	1.0
413.36799995422365	0.009999999999990905	epochs	1.0
413.37799995422364	0.045000000000015916	epochs	1.0
413.42299995422366	61.384995	epochs	0.0
413.42299995422366	0.5	epochs	-1.0
413.42299995422366	0.5	epochs	-1.0
413.42299995422366	0.5	epochs	1.0
413.92299995422366	0.060000000000002274	epochs	-1.0
413.92299995422366	0.024999999999977263	epochs	-1.0
413.92299995422366	0.024999999999977263	epochs	1.0
413.94799995422363	0.009999999999990905	epochs	-1.0
413.94799995422363	0.009999999999990905	epochs	1.0
413.9579999542236	0.025000000000034106	epochs	-1.0
413.9579999542236	0.025000000000034106	epochs	1.0
413.98299995422366	0.060000000000002274	epochs	-1.0
413.98299995422366	0.024999999999977263	epochs	-1.0
413.98299995422366	0.024999999999977263	epochs	1.0
414.00799995422364	0.009999999999990905	epochs	-1.0
414.00799995422364	0.009999999999990905	epochs	1.0
414.0179999542236	0.025000000000034106	epochs	-1.0
414.0179999542236	0.025000000000034106	epochs	1.0
414.04299995422366	0.05999999999994543	epochs	-1.0
414.04299995422366	0.024999999999977263	epochs	-1.0
414.04299995422366	0.024999999999977263	epochs	1.0
414.06799995422364	0.009999999999990905	epochs	-1.0
414.06799995422364	0.009999999999990905	epochs	1.0
414.0779999542236	0.024999999999977263	epochs	-1.0
414.0779999542236	0.024999999999977263	epochs	1.0
414.1029999542236	60.0	epochs	1.0
474.1029999542236	0.5	epochs	-1.0
474.1029999542236	0.5	epochs	-1.0
474.1029999542236	0.5	epochs	1.0
474.6029999542236	0.06000000000005912	epochs	-1.0
474.6029999542236	0.025000000000034106	epochs	-1.0
474.6029999542236	0.025000000000034106	epochs	1.0
474.62799995422364	0.009999999999990905	epochs	-1.0
474.62799995422364	0.009999999999990905	epochs	1.0
474.63799995422363	0.025000000000034106	epochs	-1.0
474.63799995422363	0.025000000000034106	epochs	1.0
474.66299995422366	0.05999999999994543	epochs	-1.0
474.66299995422366	0.024999999999977263	epochs	-1.0
474.66299995422366	0.024999999999977263	epochs	1.0
474.68799995422364	0.009999999999990905	epochs	-1.0
474.68799995422364	0.009999999999990905	epochs	1.0
474.69799995422363	0.024999999999977263	epochs	-1.0
474.69799995422363	0.024999999999977263	epochs	1.0
474.7229999542236	0.060000000000002274	epochs	-1.0
474.7229999542236	0.025000000000034106	epochs	-1.0
474.7229999542236	0.025000000000034106	epochs	1.0
474.74799995422364	0.009999999999990905	epochs	-1.0
474.74799995422364	0.009999999999990905	epochs	1.0
474.75799995422364	0.024999999999977263	epochs	-1.0
474.75799995422364	0.024999999999977263	epochs	1.0
474.7829999542236	0.02499500000004673	epochs	1.0
499.3070001602173	0.10000000000002274	epochs	0.0
499.3070001602173	0.045000000000015916	epochs	1.0
499.3520001602173	0.009999999999990905	epochs	1.0
499.3620001602173	0.045000000000015916	epochs	1.0
499.4070001602173	0.7049949999999967	epochs	0.0
499.4070001602173	0.5	epochs	-1.0
499.4070001602173	0.5	epochs	-1.0
499.4070001602173	0.5	epochs	1.0
499.9070001602173	0.060000000000002274	epochs	-1.0
499.9070001602173	0.024999999999977263	epochs	-1.0
499.9070001602173	0.024999999999977263	epochs	1.0
499.9320001602173	0.009999999999990905	epochs	-1.0
499.9320001602173	0.009999999999990905	epochs	1.0
499.9420001602173	0.025000000000034106	epochs	-1.0
499.9420001602173	0.025000000000034106	epochs	1.0
499.9670001602173	0.060000000000002274	epochs	-1.0
499.9670001602173	0.024999999999977263	epochs	-1.0
499.9670001602173	0.024999999999977263	epochs	1.0
499.9920001602173	0.009999999999990905	epochs	-1.0
499.9920001602173	0.009999999999990905	epochs	1.0
500.0020001602173	0.025000000000034106	epochs	-1.0
500.0020001602173	0.025000000000034106	epochs	1.0
500.0270001602173	0.05999999999994543	epochs	-1.0
500.0270001602173	0.024999999999977263	epochs	-1.0
500.0270001602173	0.024999999999977263	epochs	1.0
500.0520001602173	0.009999999999990905	epochs	-1.0
500.0520001602173	0.009999999999990905	epochs	1.0
500.0620001602173	0.024999999999977263	epochs	-1.0
500.0620001602173	0.024999999999977263	epochs	1.0
500.08700016021726	0.02499500000004673	epochs	1.0
500.4920001029968	0.10000000000002274	epochs	0.0
500.4920001029968	0.045000000000015916	epochs	1.0
500.53700010299684	0.009999999999990905	epochs	1.0
500.54700010299683	0.045000000000015916	epochs	1.0
500.59200010299685	0.7049949999999967	epochs	0.0
500.59200010299685	0.5	epochs	-1.0
500.59200010299685	0.5	epochs	-1.0
500.59200010299685	0.5	epochs	1.0
501.09200010299685	0.060000000000002274	epochs	-1.0
501.09200010299685	0.024999999999977263	epochs	-1.0
501.09200010299685	0.024999999999977263	epochs	1.0
501.1170001029968	0.009999999999990905	epochs	-1.0
501.1170001029968	0.009999999999990905	epochs	1.0
501.1270001029968	0.025000000000034106	epochs	-1.0
501.1270001029968	0.025000000000034106	epochs	1.0
501.15200010299685	0.060000000000002274	epochs	-1.0
501.15200010299685	0.024999999999977263	epochs	-1.0
501.15200010299685	0.024999999999977263	epochs	1.0
501.17700010299683	0.009999999999990905	epochs	-1.0
501.17700010299683	0.009999999999990905	epochs	1.0
501.1870001029968	0.025000000000034106	epochs	-1.0
501.1870001029968	0.025000000000034106	epochs	1.0
501.21200010299685	0.05999999999994543	epochs	-1.0
501.21200010299685	0.024999999999977263	epochs	-1.0
501.21200010299685	0.024999999999977263	epochs	1.0
501.23700010299683	0.009999999999990905	epochs	-1.0
501.23700010299683	0.009999999999990905	epochs	1.0
501.2470001029968	0.024999999999977263	epochs	-1.0
501.2470001029968	0.024999999999977263	epochs	1.0
501.2720001029968	0.02499500000004673	epochs	1.0
501.62599992752075	0.10000000000002274	epochs	0.0
501.62599992752075	0.045000000000015916	epochs	1.0
501.67099992752077	0.009999999999990905	epochs	1.0
501.68099992752076	0.045000000000015916	epochs	1.0
501.7259999275208	0.7049949999999967	epochs	0.0
501.7259999275208	0.5	epochs	-1.0
501.7259999275208	0.5	epochs	-1.0
501.7259999275208	0.5	epochs	1.0
502.2259999275208	0.060000000000002274	epochs	-1.0
502.2259999275208	0.024999999999977263	epochs	-1.0
502.2259999275208	0.024999999999977263	epochs	1.0
502.25099992752075	0.009999999999990905	epochs	-1.0
502.25099992752075	0.009999999999990905	epochs	1.0
502.26099992752074	0.025000000000034106	epochs	-1.0
502.26099992752074	0.025000000000034106	epochs	1.0
502.2859999275208	0.060000000000002274	epochs	-1.0
502.2859999275208	0.024999999999977263	epochs	-1.0
502.2859999275208	0.024999999999977263	epochs	1.0
502.31099992752075	0.009999999999990905	epochs	-1.0
502.31099992752075	0.009999999999990905	epochs	1.0
502.32099992752075	0.025000000000034106	epochs	-1.0
502.32099992752075	0.025000000000034106	epochs	1.0
502.3459999275208	0.05999999999994543	epochs	-1.0
502.3459999275208	0.024999999999977263	epochs	-1.0
502.3459999275208	0.024999999999977263	epochs	1.0
502.37099992752076	0.009999999999990905	epochs	-1.0
502.37099992752076	0.009999999999990905	epochs	1.0
502.38099992752075	0.024999999999977263	epochs	-1.0
502.38099992752075	0.024999999999977263	epochs	1.0
502.4059999275207	0.02499500000004673	epochs	1.0
529.2170000076294	0.03976000000000113	epochs	0.0
529.2170000076294	0.014882199999988188	epochs	1.0
529.2318822076294	0.009995600000024751	epochs	1.0
529.2418778076294	0.014882199999988188	epochs	1.0
529.2567600076294	5.9999800000000505	epochs	0.0
529.2567600076294	0.5	epochs	1.0
529.2567772076294	0.5	epochs	-1.0
529.2567772076294	0.5	epochs	-1.0
529.7567600076294	5.0	epochs	1.0
534.7567600076294	0.4999800000000505	epochs	1.0
534.7567772076294	0.49996280000004845	epochs	-1.0
540.579999923706	0.03976000000000113	epochs	0.0
540.579999923706	0.014882199999988188	epochs	1.0
540.594882123706	0.009995600000024751	epochs	1.0
540.6048777237061	0.014882199999988188	epochs	1.0
540.619759923706	2.5199400000000196	epochs	0.0
540.619759923706	0.5	epochs	1.0
540.6197771237061	0.5	epochs	-1.0
541.119759923706	1.0	epochs	1.0
542.119759923706	1.0199400000000196	epochs	1.0
542.6197771237061	0.5	epochs	-1.0
543.1396999237061	0.9800400000000309	epochs	0.0
543.4630002975464	0.03976000000000113	epochs	0.0
543.4630002975464	0.014882199999988188	epochs	1.0
543.4778824975464	0.009995600000024751	epochs	1.0
543.4878780975464	0.014882199999988188	epochs	1.0
543.5027602975464	2.5200399999999945	epochs	0.0
543.5027602975464	0.5	epochs	1.0
543.5027774975464	0.5	epochs	-1.0
544.0027602975464	1.0	epochs	1.0
545.0027602975464	1.0200399999999945	epochs	1.0
545.5027774975464	0.5	epochs	-1.0
546.0228002975464	0.979940000000056	epochs	0.0
546.313000202179	0.03976000000000113	epochs	0.0
546.313000202179	0.014882199999988188	epochs	1.0
546.327882402179	0.009995600000024751	epochs	1.0
546.337878002179	0.014882199999988188	epochs	1.0
546.352760202179	2.520440000000008	epochs	0.0
546.352760202179	0.5	epochs	1.0
546.352777402179	0.5	epochs	-1.0
546.852760202179	1.0	epochs	1.0
547.852760202179	1.0204400000000078	epochs	1.0
548.352777402179	0.5	epochs	-1.0
548.873200202179	0.9795400000000427	epochs	0.0
549.2130002975464	0.03976000000000113	epochs	0.0
549.2130002975464	0.014882199999988188	epochs	1.0
549.2278824975464	0.009995600000024751	epochs	1.0
549.2378780975464	0.014882199999988188	epochs	1.0
549.2527602975464	2.520059999999944	epochs	0.0
549.2527602975464	0.5	epochs	1.0
549.2527774975464	0.5	epochs	-1.0
549.7527602975464	1.0	epochs	1.0
550.7527602975464	1.020059999999944	epochs	1.0
551.2527774975464	0.5	epochs	-1.0
551.7728202975463	0.9799200000001065	epochs	0.0
552.094000339508	0.03976000000000113	epochs	0.0
552.094000339508	0.014882199999988188	epochs	1.0
552.108882539508	0.009995600000024751	epochs	1.0
552.1188781395081	0.014882199999988188	epochs	1.0
552.1337603395081	2.5208000000000084	epochs	0.0
552.1337603395081	0.5	epochs	1.0
552.1337775395081	0.5	epochs	-1.0
552.6337603395081	1.0	epochs	1.0
553.6337603395081	1.0208000000000084	epochs	1.0
554.1337775395081	0.5	epochs	-1.0
554.6545603395081	0.9791800000000421	epochs	0.0
555.0269999504089	0.6499800000000278	epochs	0.0
555.0269999504089	0.049999999999954525	epochs	1.0
555.0769999504089	0.5	epochs	1.0
555.5769999504089	0.09998000000007323	epochs	1.0
556.0770001411438	0.6499800000000278	epochs	0.0
556.0770001411438	0.049999999999954525	epochs	1.0
556.1270001411438	0.5	epochs	1.0
556.6270001411438	0.09998000000007323	epochs	1.0
557.1270003318787	0.6499800000000278	epochs	0.0
557.1270003318787	0.049999999999954525	epochs	1.0
557.1770003318786	0.5	epochs	1.0
557.6770003318786	0.09998000000007323	epochs	1.0
558.1770000457764	0.6499800000000278	epochs	0.0
558.1770000457764	0.049999999999954525	epochs	1.0
558.2270000457763	0.5	epochs	1.0
558.7270000457763	0.09998000000007323	epochs	1.0
559.2439999580383	0.6499800000000278	epochs	0.0
559.2439999580383	0.049999999999954525	epochs	1.0
559.2939999580383	0.5	epochs	1.0
559.7939999580383	0.09998000000007323	epochs	1.0
560.3010001182556	0.6499800000000278	epochs	0.0
560.3010001182556	0.049999999999954525	epochs	1.0
560.3510001182556	0.5	epochs	1.0
560.8510001182556	0.09998000000007323	epochs	1.0
561.3510003089905	0.6499800000000278	epochs	0.0
561.3510003089905	0.049999999999954525	epochs	1.0
561.4010003089904	0.5	epochs	1.0
561.9010003089904	0.09998000000007323	epochs	1.0
562.4840002059937	0.03976000000000113	epochs	0.0
562.4840002059937	0.014882199999988188	epochs	1.0
562.4988824059936	0.009995600000024751	epochs	1.0
562.5088780059937	0.014882199999988188	epochs	1.0
562.5237602059937	2.5199400000000196	epochs	0.0
562.5237602059937	0.5	epochs	1.0
562.5237774059937	0.5	epochs	-1.0
563.0237602059937	1.0	epochs	1.0
564.0237602059937	1.0199400000000196	epochs	1.0
564.5237774059937	0.5	epochs	-1.0
565.0437002059937	2.980040000000031	epochs	0.0
567.6680002212524	0.03976000000000113	epochs	0.0
567.6680002212524	0.014882199999988188	epochs	1.0
567.6828824212524	0.009995600000024751	epochs	1.0
567.6928780212525	0.014882199999988188	epochs	1.0
567.7077602212524	2.519800000000032	epochs	0.0
567.7077602212524	0.5	epochs	1.0
567.7077774212524	0.5	epochs	-1.0
568.2077602212524	1.0	epochs	1.0
569.2077602212524	1.019800000000032	epochs	1.0
569.7077774212524	0.5	epochs	-1.0
570.2275602212525	2.9801800000000185	epochs	0.0
572.8689999580383	0.03976000000000113	epochs	0.0
572.8689999580383	0.014882199999988188	epochs	1.0
572.8838821580383	0.009995600000024751	epochs	1.0
572.8938777580383	0.014882199999988188	epochs	1.0
572.9087599580383	2.5199400000000196	epochs	0.0
572.9087599580383	0.5	epochs	1.0
572.9087771580383	0.5	epochs	-1.0
573.4087599580383	1.0	epochs	1.0
574.4087599580383	1.0199400000000196	epochs	1.0
574.9087771580383	0.5	epochs	-1.0
575.4286999580384	3.980040000000031	epochs	0.0
575.9019999504089	0.03976000000000113	epochs	0.0
575.9019999504089	0.014882199999988188	epochs	1.0
575.9168821504089	0.009995600000024751	epochs	1.0
575.926877750409	0.014882199999988188	epochs	1.0
575.9417599504089	2.520560000000046	epochs	0.0
575.9417599504089	0.5	epochs	1.0
575.9417771504089	0.5	epochs	-1.0
576.4417599504089	1.0	epochs	1.0
577.4417599504089	1.0205600000000459	epochs	1.0
577.9417771504089	0.5	epochs	-1.0
578.462319950409	3.9794200000000046	epochs	0.0
578.8860001564026	0.03976000000000113	epochs	0.0
578.8860001564026	0.014882199999988188	epochs	1.0
578.9008823564026	0.009995600000024751	epochs	1.0
578.9108779564026	0.014882199999988188	epochs	1.0
578.9257601564026	2.520179999999982	epochs	0.0
578.9257601564026	0.5	epochs	1.0
578.9257773564026	0.5	epochs	-1.0
579.4257601564026	1.0	epochs	1.0
580.4257601564026	1.020179999999982	epochs	1.0
580.9257773564026	0.5	epochs	-1.0
581.4459401564026	3.9798000000000684	epochs	0.0
581.9000000953674	0.03976000000000113	epochs	0.0
581.9000000953674	0.014882199999988188	epochs	1.0
581.9148822953674	0.009995600000024751	epochs	1.0
581.9248778953674	0.014882199999988188	epochs	1.0
581.9397600953674	2.5007000000000517	epochs	0.0
581.9397600953674	0.5	epochs	1.0
581.9397772953674	0.5	epochs	-1.0
582.4397600953674	1.0	epochs	1.0
583.4397600953674	1.0007000000000517	epochs	1.0
583.9397772953674	0.5	epochs	-1.0
584.4404600953675	3.999279999999999	epochs	0.0
584.9170002937317	0.03976000000000113	epochs	0.0
584.9170002937317	0.014882199999988188	epochs	1.0
584.9318824937317	0.009995600000024751	epochs	1.0
584.9418780937317	0.014882199999988188	epochs	1.0
584.9567602937317	2.520179999999982	epochs	0.0
584.9567602937317	0.5	epochs	1.0
584.9567774937317	0.5	epochs	-1.0
585.4567602937317	1.0	epochs	1.0
586.4567602937317	1.020179999999982	epochs	1.0
586.9567774937317	0.5	epochs	-1.0
587.4769402937317	3.9798000000000684	epochs	0.0
587.9500002861023	0.03976000000000113	epochs	0.0
587.9500002861023	0.014882199999988188	epochs	1.0
587.9648824861023	0.009995600000024751	epochs	1.0
587.9748780861023	0.014882199999988188	epochs	1.0
587.9897602861023	2.520179999999982	epochs	0.0
587.9897602861023	0.5	epochs	1.0
587.9897774861023	0.5	epochs	-1.0
588.4897602861023	1.0	epochs	1.0
589.4897602861023	1.020179999999982	epochs	1.0
589.9897774861023	0.5	epochs	-1.0
590.5099402861023	3.9798000000000684	epochs	0.0
591.0329999923706	0.15297999999995682	epochs	0.0
591.0329999923706	0.049999999999954525	epochs	1.0
591.0829999923706	0.0030000000000427463	epochs	1.0
591.0859999923706	0.09997999999995955	epochs	1.0
591.7000002861023	0.15297999999995682	epochs	0.0
591.7000002861023	0.049999999999954525	epochs	1.0
591.7500002861022	0.0030000000000427463	epochs	1.0
591.7530002861023	0.09997999999995955	epochs	1.0
592.3499999046326	0.15297999999995682	epochs	0.0
592.3499999046326	0.049999999999954525	epochs	1.0
592.3999999046325	0.0030000000000427463	epochs	1.0
592.4029999046326	0.09997999999995955	epochs	1.0
593.0	0.15297999999995682	epochs	0.0
593.0	0.049999999999954525	epochs	1.0
593.05	0.0030000000000427463	epochs	1.0
593.053	0.09997999999995955	epochs	1.0
593.683000087738	0.15297999999995682	epochs	0.0
593.683000087738	0.049999999999954525	epochs	1.0
593.733000087738	0.0030000000000427463	epochs	1.0
593.736000087738	0.09997999999995955	epochs	1.0
594.3330001831055	0.15297999999995682	epochs	0.0
594.3330001831055	0.049999999999954525	epochs	1.0
594.3830001831054	0.0030000000000427463	epochs	1.0
594.3860001831055	0.09997999999995955	epochs	1.0
595.0160002708435	0.15297999999995682	epochs	0.0
595.0160002708435	0.049999999999954525	epochs	1.0
595.0660002708435	0.0030000000000427463	epochs	1.0
595.0690002708435	0.09997999999995955	epochs	1.0
595.7000002861023	0.15297999999995682	epochs	0.0
595.7000002861023	0.049999999999954525	epochs	1.0
595.7500002861022	0.0030000000000427463	epochs	1.0
595.7530002861023	0.09997999999995955	epochs	1.0
596.4000000953674	0.15297999999995682	epochs	0.0
596.4000000953674	0.049999999999954525	epochs	1.0
596.4500000953674	0.0030000000000427463	epochs	1.0
596.4530000953674	0.09997999999995955	epochs	1.0
597.1500000953674	0.15297999999995682	epochs	0.0
597.1500000953674	0.049999999999954525	epochs	1.0
597.2000000953674	0.0030000000000427463	epochs	1.0
597.2030000953674	0.09997999999995955	epochs	1.0
597.8499999046326	0.15297999999995682	epochs	0.0
597.8499999046326	0.049999999999954525	epochs	1.0
597.8999999046325	0.0030000000000427463	epochs	1.0
597.9029999046326	0.09997999999995955	epochs	1.0
598.5830001831055	0.15297999999995682	epochs	0.0
598.5830001831055	0.049999999999954525	epochs	1.0
598.6330001831054	0.0030000000000427463	epochs	1.0
598.6360001831055	0.09997999999995955	epochs	1.0
599.3000001907349	0.15297999999995682	epochs	0.0
599.3000001907349	0.049999999999954525	epochs	1.0
599.3500001907348	0.0030000000000427463	epochs	1.0
599.3530001907349	0.09997999999995955	epochs	1.0
600.0720000267029	0.15297999999995682	epochs	0.0
600.0720000267029	0.049999999999954525	epochs	1.0
600.1220000267028	0.0030000000000427463	epochs	1.0
600.1250000267029	0.09997999999995955	epochs	1.0
600.8060002326965	0.15297999999995682	epochs	0.0
600.8060002326965	0.049999999999954525	epochs	1.0
600.8560002326965	0.0030000000000427463	epochs	1.0
600.8590002326965	0.09997999999995955	epochs	1.0
601.5560002326965	0.15297999999995682	epochs	0.0
601.5560002326965	0.049999999999954525	epochs	1.0
601.6060002326965	0.0030000000000427463	epochs	1.0
601.6090002326965	0.09997999999995955	epochs	1.0
602.3220000267029	0.15297999999995682	epochs	0.0
602.3220000267029	0.049999999999954525	epochs	1.0
602.3720000267028	0.0030000000000427463	epochs	1.0
602.3750000267029	0.09997999999995955	epochs	1.0
603.1220002174377	0.15297999999995682	epochs	0.0
603.1220002174377	0.049999999999954525	epochs	1.0
603.1720002174377	0.0030000000000427463	epochs	1.0
603.1750002174377	0.09997999999995955	epochs	1.0
603.9219999313354	0.15297999999995682	epochs	0.0
603.9219999313354	0.049999999999954525	epochs	1.0
603.9719999313354	0.0030000000000427463	epochs	1.0
603.9749999313354	0.09997999999995955	epochs	1.0
604.7720003128052	0.03976000000000113	epochs	0.0
604.7720003128052	0.014882199999988188	epochs	1.0
604.7868825128052	0.009995600000024751	epochs	1.0
604.7968781128052	0.014882199999988188	epochs	1.0
604.8117603128052	1.5201399999999694	epochs	0.0
604.8117603128052	0.5	epochs	1.0
604.8117775128052	0.5	epochs	-1.0
605.3117603128052	0.0030000000000427463	epochs	1.0
605.3147603128052	1.0171399999999267	epochs	1.0
605.8147775128052	0.5	epochs	-1.0
606.3319003128051	0.08284000000003289	epochs	0.0
606.8720002174377	0.03976000000000113	epochs	0.0
606.8720002174377	0.014882199999988188	epochs	1.0
606.8868824174377	0.009995600000024751	epochs	1.0
606.8968780174378	0.014882199999988188	epochs	1.0
606.9117602174377	1.5606400000000349	epochs	0.0
606.9117602174377	0.5	epochs	1.0
606.9117774174377	0.5	epochs	-1.0
607.4117602174377	0.0030000000000427463	epochs	1.0
607.4147602174378	1.0576399999999921	epochs	1.0
607.9147774174378	0.5	epochs	-1.0
608.4724002174378	0.042339999999967404	epochs	0.0
609.0890002250671	0.03976000000000113	epochs	0.0
609.0890002250671	0.014882199999988188	epochs	1.0
609.1038824250671	0.009995600000024751	epochs	1.0
609.1138780250672	0.014882199999988188	epochs	1.0
609.1287602250671	16.92100000000005	epochs	0.0
609.1287602250671	0.5	epochs	1.0
609.1287774250671	0.5	epochs	-1.0
609.6287602250671	16.0	epochs	1.0
625.0494202250671	1.000340000000051	epochs	-1.0
625.0494202250671	0.03956000000005133	epochs	-1.0
625.5469174250671	0.5	epochs	-1.0
625.6287602250671	0.4210000000000491	epochs	1.0
626.0497602250672	2.5789800000000014	epochs	0.0
626.8540000915527	0.03976000000000113	epochs	0.0
626.8540000915527	0.014882199999988188	epochs	1.0
626.8688822915527	0.009995600000024751	epochs	1.0
626.8788778915527	0.014882199999988188	epochs	1.0
626.8937600915527	16.980860000000007	epochs	0.0
626.8937600915527	0.5	epochs	1.0
626.8937772915527	0.5	epochs	-1.0
627.3937600915527	16.0	epochs	1.0
642.8745400915527	1.0000800000000254	epochs	-1.0
642.8745400915527	0.04032000000006519	epochs	-1.0
643.3720372915527	0.5	epochs	-1.0
643.3937600915527	0.48086000000000695	epochs	1.0
643.8746200915527	2.5191200000000435	epochs	0.0
644.539999961853	0.03976000000000113	epochs	0.0
644.539999961853	0.014882199999988188	epochs	1.0
644.554882161853	0.009995600000024751	epochs	1.0
644.564877761853	0.014882199999988188	epochs	1.0
644.579759961853	17.019859999999994	epochs	0.0
644.579759961853	0.5	epochs	1.0
644.579777161853	0.5	epochs	-1.0
645.079759961853	16.0	epochs	1.0
660.5997799618531	0.9998399999999492	epochs	-1.0
660.5997799618531	0.039559999999937645	epochs	-1.0
661.079759961853	0.5198599999999942	epochs	1.0
661.0972771618531	0.5	epochs	-1.0
661.599619961853	2.4801200000000563	epochs	0.0
680.0279998779297	0.03976000000000113	epochs	0.0
680.0279998779297	0.014882199999988188	epochs	1.0
680.0428820779297	0.009995600000024751	epochs	1.0
680.0528776779297	0.014882199999988188	epochs	1.0
680.0677598779297	2.0	epochs	0.0
682.0677598779297	5.360400000000027	epochs	0.0
682.0677598779297	1.0	epochs	1.0
682.0677770779297	0.5	epochs	-1.0
682.5677770779297	4.860382800000025	epochs	-1.0
683.0677598779297	4.360400000000027	epochs	1.0
683.0677598779297	4.356753899999944	epochs	-1.0
683.0677598779297	1.9745871999999736	epochs	2.0
683.0677598779297	1.0985621999999466	epochs	3.0
684.1663220779296	0.8760250000000269	epochs	3.0
685.0423470779297	1.3524075000000266	epochs	2.0
685.0423470779297	0.7286354999999958	epochs	3.0
685.7709825779297	0.6237720000000309	epochs	3.0
686.3947545779297	1.029759199999944	epochs	2.0
686.3947545779297	0.5453293000000485	epochs	3.0
686.9400838779297	0.4844298999998955	epochs	3.0
687.4245137779296	0.003646100000082697	epochs	2.0
687.4245137779296	0.003646100000082697	epochs	3.0
687.4281598779297	16.639519999999948	epochs	0.0
688.1449999809265	0.03976000000000113	epochs	0.0
688.1449999809265	0.014882199999988188	epochs	1.0
688.1598821809265	0.009995600000024751	epochs	1.0
688.1698777809265	0.014882199999988188	epochs	1.0
688.1847599809265	2.0	epochs	0.0
690.1847599809265	21.540560000000028	epochs	0.0
690.1847599809265	1.0	epochs	1.0
690.1847771809265	0.5	epochs	-1.0
690.6847771809265	19.999599999999987	epochs	-1.0
691.1847599809265	20.0	epochs	1.0
691.1847599809265	4.356753899999944	epochs	-1.0
691.1847599809265	1.9745871999999736	epochs	2.0
691.1847599809265	1.0985621999999466	epochs	3.0
692.2833221809265	0.8760250000000269	epochs	3.0
693.1593471809265	1.3524075000000266	epochs	2.0
693.1593471809265	0.7286354999999958	epochs	3.0
693.8879826809265	0.6237720000000309	epochs	3.0
694.5117546809265	1.029759199999944	epochs	2.0
694.5117546809265	0.5453293000000485	epochs	3.0
695.0570839809266	0.4844298999998955	epochs	3.0
695.5415138809265	0.8317862000000105	epochs	2.0
695.5415138809265	0.4357763000000432	epochs	3.0
695.9772901809265	0.3960098999999673	epochs	3.0
696.3733000809265	0.6977970000000369	epochs	2.0
696.3733000809265	0.3628982000000178	epochs	3.0
696.7361982809265	0.33489880000001904	epochs	3.0
697.0710970809265	0.601045699999986	epochs	2.0
697.0710970809265	0.3109123000000409	epochs	3.0
697.3820093809265	0.29013339999994514	epochs	3.0
697.6721427809265	0.5278859000000011	epochs	2.0
697.6721427809265	0.2719586000000618	epochs	3.0
697.9441013809266	0.25592729999993935	epochs	3.0
698.2000286809265	0.4706193000000667	epochs	2.0
698.2000286809265	0.241681299999982	epochs	3.0
698.4417099809265	0.22893800000008468	epochs	3.0
698.6706479809266	0.42457039999999324	epochs	2.0
698.6706479809266	0.2174713999999085	epochs	3.0
698.8881193809265	0.20709900000008474	epochs	3.0
699.0952183809266	0.3867353999999068	epochs	2.0
699.0952183809266	0.19767109999997956	epochs	3.0
699.2928894809265	0.18906429999992724	epochs	3.0
699.4819537809265	0.3550953000000163	epochs	2.0
699.4819537809265	0.18117590000008477	epochs	3.0
699.6631296809265	0.17391939999993156	epochs	3.0
699.8370490809265	0.3282431000000088	epochs	2.0
699.8370490809265	0.1672219000000723	epochs	3.0
700.0042709809265	0.16102119999993647	epochs	3.0
700.1652921809265	0.30516799999998057	epochs	2.0
700.1652921809265	0.15526390000002266	epochs	3.0
700.3205560809265	0.1499040999999579	epochs	3.0
700.4704601809265	0.28512530000000424	epochs	2.0
700.4704601809265	0.1449021000000812	epochs	3.0
700.6153622809265	0.14022319999992305	epochs	3.0
700.7555854809265	0.267553800000087	epochs	2.0
700.7555854809265	0.1358369000000721	epochs	3.0
700.8914223809265	0.1317169000000149	epochs	3.0
701.0231392809266	0.252022899999929	epochs	2.0
701.0231392809266	0.1278393000000051	epochs	3.0
701.1509785809266	0.1241835999999239	epochs	3.0
701.2751621809265	0.23819650000007186	epochs	2.0
701.2751621809265	0.12073110000005727	epochs	3.0
701.3958932809265	0.1174654000000146	epochs	3.0
701.5133586809266	0.2258087999999816	epochs	2.0
701.5133586809266	0.1143718999999237	epochs	3.0
701.6277305809265	0.1114369000000579	epochs	3.0
701.7391674809265	0.2146460000000161	epochs	2.0
701.7391674809265	0.10864889999993466	epochs	3.0
701.8478163809265	0.10599710000008145	epochs	3.0
701.9538134809266	0.20453499999996438	epochs	2.0
701.9538134809266	0.10347149999995509	epochs	3.0
702.0572849809265	0.1010635000000093	epochs	3.0
702.1583484809265	0.19533400000000256	epochs	2.0
702.1583484809265	0.09876510000003691	epochs	3.0
702.2571135809266	0.09656889999996565	epochs	3.0
702.3536824809265	0.18692529999998442	epochs	2.0
702.3536824809265	0.09446830000001682	epochs	3.0
702.4481507809265	0.09245699999996759	epochs	3.0
702.5406077809265	0.17921069999999872	epochs	2.0
702.5406077809265	0.09052959999996801	epochs	3.0
702.6311373809265	0.08868110000003071	epochs	3.0
702.7198184809265	0.17210769999996955	epochs	2.0
702.7198184809265	0.08690630000000965	epochs	3.0
702.8067247809265	0.0852013999999599	epochs	3.0
702.8919261809265	0.16554640000003928	epochs	2.0
702.8919261809265	0.08356190000006336	epochs	3.0
702.9754880809265	0.08198449999997592	epochs	3.0
703.0574725809265	0.15946710000002895	epochs	2.0
703.0574725809265	0.08046539999998004	epochs	3.0
703.1379379809265	0.07900170000004891	epochs	3.0
703.2169396809265	0.15381839999997737	epochs	2.0
703.2169396809265	0.07759009999995214	epochs	3.0
703.2945297809265	0.07622830000002523	epochs	3.0
703.3707580809265	0.14855639999996129	epochs	2.0
703.3707580809265	0.07491330000004837	epochs	3.0
703.4456713809266	0.07364309999991292	epochs	3.0
703.5193144809265	0.14364239999997608	epochs	2.0
703.5193144809265	0.07241499999997814	epochs	3.0
703.5917294809265	0.07122739999999794	epochs	3.0
703.6629568809265	0.13904310000009446	epochs	2.0
703.6629568809265	0.07007800000008046	epochs	3.0
703.7330348809265	0.06896510000001399	epochs	3.0
703.8019999809266	0.1347293000000036	epochs	2.0
703.8019999809266	0.0678871000000072	epochs	3.0
703.8698870809266	0.06684219999999641	epochs	3.0
703.9367292809266	0.13067519999992783	epochs	2.0
703.9367292809266	0.06582909999997355	epochs	3.0
704.0025583809265	0.06484609999995428	epochs	3.0
704.0674044809265	0.12685780000003888	epochs	2.0
704.0674044809265	0.06389200000000983	epochs	3.0
704.1312964809265	0.06296580000002905	epochs	3.0
704.1942622809265	0.12325720000001184	epochs	2.0
704.1942622809265	0.06206580000002759	epochs	3.0
704.2563280809266	0.06119139999998424	epochs	3.0
704.3175194809265	0.11985540000000583	epochs	2.0
704.3175194809265	0.060341099999959624	epochs	3.0
704.3778605809265	0.059514300000046205	epochs	3.0
704.4373748809265	0.11663620000001629	epochs	2.0
704.4373748809265	0.058709599999929196	epochs	3.0
704.4960844809265	0.05792660000008709	epochs	3.0
704.5540110809266	0.11358559999996487	epochs	2.0
704.5540110809266	0.05716419999998834	epochs	3.0
704.6111752809265	0.05642139999997653	epochs	3.0
704.6675966809265	0.11069050000003244	epochs	2.0
704.6675966809265	0.055697900000041045	epochs	3.0
704.7232945809266	0.0549925999999914	epochs	3.0
704.7782871809266	0.10793909999995321	epochs	2.0
704.7782871809266	0.05430489999992005	epochs	3.0
704.8325920809265	0.05363420000003316	epochs	3.0
704.8862262809265	0.10532150000005913	epochs	2.0
704.8862262809265	0.05298000000004777	epochs	3.0
704.9392062809266	0.052341500000011365	epochs	3.0
704.9915477809266	0.10282759999995505	epochs	2.0
704.9915477809266	0.051718099999902734	epochs	3.0
705.0432658809265	0.05110950000005232	epochs	3.0
705.0943753809265	0.10044909999999163	epochs	2.0
705.0943753809265	0.05051489999993919	epochs	3.0
705.1448902809265	0.04993420000005244	epochs	3.0
705.1948244809265	0.0981782999999723	epochs	2.0
705.1948244809265	0.04936659999998483	epochs	3.0
705.2441910809265	0.04881169999998747	epochs	3.0
705.2930027809265	0.09600780000005216	epochs	2.0
705.2930027809265	0.04826920000004975	epochs	3.0
705.3412719809265	0.04773860000000241	epochs	3.0
705.3890105809265	0.09393119999992905	epochs	2.0
705.3890105809265	0.04721949999998287	epochs	3.0
705.4362300809265	0.04671169999994618	epochs	3.0
705.4829417809265	0.09194260000003851	epochs	2.0
705.4829417809265	0.04621460000009847	epochs	3.0
705.5291563809266	0.04572799999994004	epochs	3.0
705.5748843809265	0.09003630000006524	epochs	2.0
705.5748843809265	0.04525150000006306	epochs	3.0
705.6201358809266	0.04478480000000218	epochs	3.0
705.6649206809266	0.08820759999991878	epochs	2.0
705.6649206809266	0.04432779999990544	epochs	3.0
705.7092484809265	0.04387980000001335	epochs	3.0
705.7531282809265	0.0864516999999978	epochs	2.0
705.7531282809265	0.04344100000002982	epochs	3.0
705.7965692809265	0.04301069999996798	epochs	3.0
705.8395799809265	0.0847643000000744	epochs	2.0
705.8395799809265	0.04258900000002086	epochs	3.0
705.8821689809265	0.04217530000005354	epochs	3.0
705.9243442809266	0.08314150000001064	epochs	2.0
705.9243442809266	0.041769699999917975	epochs	3.0
705.9661139809265	0.04137180000009266	epochs	3.0
706.0074857809266	0.08157969999990655	epochs	2.0
706.0074857809266	0.040981399999964196	epochs	3.0
706.0484671809265	0.040598299999942355	epochs	3.0
706.0890654809265	0.08007550000002084	epochs	2.0
706.0890654809265	0.04022229999998217	epochs	3.0
706.1292877809265	0.03985320000003867	epochs	3.0
706.1691409809265	0.07862569999997504	epochs	2.0
706.1691409809265	0.039490800000066884	epochs	3.0
706.2086317809266	0.03913489999990816	epochs	3.0
706.2477666809265	0.07722760000001472	epochs	2.0
706.2477666809265	0.038785400000051595	epochs	3.0
706.2865520809265	0.03844219999996312	epochs	3.0
706.3249942809265	0.07587820000003376	epochs	2.0
706.3249942809265	0.038104800000041905	epochs	3.0
706.3630990809265	0.03777339999999185	epochs	3.0
706.4008724809265	0.0745752000000266	epochs	2.0
706.4008724809265	0.03744770000002973	epochs	3.0
706.4383201809266	0.03712749999999687	epochs	3.0
706.4754476809265	0.07331629999998768	epochs	2.0
706.4754476809265	0.036812899999972615	epochs	3.0
706.5122605809265	0.03650340000001506	epochs	3.0
706.5487639809265	0.07209899999998015	epochs	2.0
706.5487639809265	0.03619909999997617	epochs	3.0
706.5849630809265	0.03589990000000398	epochs	3.0
706.6208629809265	0.07092169999998532	epochs	2.0
706.6208629809265	0.03560559999993984	epochs	3.0
706.6564685809265	0.03531610000004548	epochs	3.0
706.6917846809265	0.06978200000003199	epochs	2.0
706.6917846809265	0.03503120000004856	epochs	3.0
706.7268158809266	0.03475079999998343	epochs	3.0
706.7615666809265	0.06867859999999837	epochs	2.0
706.7615666809265	0.03447510000000875	epochs	3.0
706.7960417809265	0.03420349999998962	epochs	3.0
706.8302452809265	0.06760929999995824	epochs	2.0
706.8302452809265	0.033936199999970995	epochs	3.0
706.8641814809265	0.033673099999987244	epochs	3.0
706.8978545809265	0.06657289999998284	epochs	2.0
706.8978545809265	0.03341399999999339	epochs	3.0
706.9312685809265	0.033158899999989444	epochs	3.0
706.9644274809265	0.06556780000005347	epochs	2.0
706.9644274809265	0.032907700000009754	epochs	3.0
706.9973351809265	0.03266010000004371	epochs	3.0
707.0299952809265	0.06459259999996902	epochs	2.0
707.0299952809265	0.032416399999988244	epochs	3.0
707.0624116809265	0.03217619999998078	epochs	3.0
707.0945878809265	0.06364600000006249	epochs	2.0
707.0945878809265	0.03193959999998697	epochs	3.0
707.1265274809265	0.03170640000007552	epochs	3.0
707.1582338809266	0.0627266999999847	epochs	2.0
707.1582338809266	0.031476599999905375	epochs	3.0
707.1897104809265	0.03125010000007933	epochs	3.0
707.2209605809265	0.06183359999999993	epochs	2.0
707.2209605809265	0.03102689999991526	epochs	3.0
707.2519874809265	0.030806700000084675	epochs	3.0
707.2827941809265	0.060965599999917686	epochs	2.0
707.2827941809265	0.030589799999916067	epochs	3.0
707.3133839809265	0.030375800000001618	epochs	3.0
707.3437597809265	0.06012160000000222	epochs	2.0
707.3437597809265	0.030164900000045236	epochs	3.0
707.3739246809265	0.02995669999995698	epochs	3.0
707.4038813809265	0.05930070000010801	epochs	2.0
707.4038813809265	0.029751600000054168	epochs	3.0
707.4336329809265	0.02954910000005384	epochs	3.0
707.4631820809266	0.05850179999993088	epochs	2.0
707.4631820809266	0.029349399999887282	epochs	3.0
707.4925314809265	0.0291524000000436	epochs	3.0
707.5216838809265	0.057724200000052406	epochs	2.0
707.5216838809265	0.028957999999988715	epochs	3.0
707.5506418809265	0.02876620000006369	epochs	3.0
707.5794080809266	0.05696709999995164	epochs	2.0
707.5794080809266	0.028576999999927466	epochs	3.0
707.6079850809265	0.028390100000024177	epochs	3.0
707.6363751809265	0.05622949999997218	epochs	2.0
707.6363751809265	0.028205700000057732	epochs	3.0
707.6645808809266	0.028023799999914445	epochs	3.0
707.6926046809265	0.05551070000001346	epochs	2.0
707.6926046809265	0.02784400000007281	epochs	3.0
707.7204486809266	0.027666699999940647	epochs	3.0
707.7481153809265	0.054810200000019904	epochs	2.0
707.7481153809265	0.02749149999999645	epochs	3.0
707.7756068809265	0.027318700000023455	epochs	3.0
707.8029255809265	0.05412699999999404	epochs	2.0
707.8029255809265	0.027147799999966082	epochs	3.0
707.8300733809265	0.02697920000002796	epochs	3.0
707.8570525809265	0.053460699999959616	epochs	2.0
707.8570525809265	0.0268125999999711	epochs	3.0
707.8838651809265	0.026648099999988517	epochs	3.0
707.9105132809265	0.05281070000000909	epochs	2.0
707.9105132809265	0.026485600000000886	epochs	3.0
707.9369988809265	0.026325100000008206	epochs	3.0
707.9633239809265	0.05217620000007628	epochs	2.0
707.9633239809265	0.026166400000079193	epochs	3.0
707.9894903809266	0.026009799999997085	epochs	3.0
708.0155001809266	0.051556699999991906	epochs	2.0
708.0155001809266	0.025854799999933675	epochs	3.0
708.0413549809265	0.02570190000005823	epochs	3.0
708.0670568809265	0.05095189999997274	epochs	2.0
708.0670568809265	0.025550699999939752	epochs	3.0
708.0926075809265	0.025401200000032986	epochs	3.0
708.1180087809265	0.05036099999995258	epochs	2.0
708.1180087809265	0.025253499999962514	epochs	3.0
708.1432622809265	0.02510749999999007	epochs	3.0
708.1683697809265	0.049783800000000156	epochs	2.0
708.1683697809265	0.02496320000000196	epochs	3.0
708.1933329809265	0.024820599999998194	epochs	3.0
708.2181535809265	0.049219500000049266	epochs	2.0
708.2181535809265	0.02467940000008184	epochs	3.0
708.2428329809266	0.024540099999967424	epochs	3.0
708.2673730809265	0.048667899999941255	epochs	2.0
708.2673730809265	0.02440209999997478	epochs	3.0
708.2917751809265	0.024265799999966475	epochs	3.0
708.3160409809265	0.04812860000004093	epochs	2.0
708.3160409809265	0.024131000000011227	epochs	3.0
708.3401719809265	0.023997600000029706	epochs	3.0
708.3641695809265	0.047601100000065344	epochs	2.0
708.3641695809265	0.023865800000066884	epochs	3.0
708.3880353809266	0.02373529999999846	epochs	3.0
708.4117706809266	0.04708499999992455	epochs	2.0
708.4117706809266	0.023606299999983094	epochs	3.0
708.4353769809265	0.023478699999941455	epochs	3.0
708.4588556809265	0.04658000000006268	epochs	2.0
708.4588556809265	0.02335249999998723	epochs	3.0
708.4822081809265	0.02322750000007545	epochs	3.0
708.5054356809266	0.04608569999993506	epochs	2.0
708.5054356809266	0.023103999999989355	epochs	3.0
708.5285396809265	0.022981699999945704	epochs	3.0
708.5515213809265	0.045601799999985815	epochs	2.0
708.5515213809265	0.022860700000023826	epochs	3.0
708.5743820809265	0.02274109999996199	epochs	3.0
708.5971231809265	0.04512790000001132	epochs	2.0
708.5971231809265	0.022622500000011314	epochs	3.0
708.6197456809265	0.02250540000000001	epochs	3.0
708.6422510809265	0.0446638000000803	epochs	2.0
708.6422510809265	0.02238929999998618	epochs	3.0
708.6646403809265	0.022274500000094122	epochs	3.0
708.6869148809266	0.04420919999995476	epochs	2.0
708.6869148809266	0.022160799999937808	epochs	3.0
708.7090756809265	0.022048400000016954	epochs	3.0
708.7311240809265	0.043763600000033875	epochs	2.0
708.7311240809265	0.021936900000014248	epochs	3.0
708.7530609809265	0.021826700000019628	epochs	3.0
708.7748876809266	0.04332709999994222	epochs	2.0
708.7748876809266	0.021717599999988124	epochs	3.0
708.7966052809265	0.021609499999954096	epochs	3.0
708.8182147809265	0.04289900000003399	epochs	2.0
708.8182147809265	0.02150249999999687	epochs	3.0
708.8397172809265	0.021396500000037122	epochs	3.0
708.8611137809265	0.042479500000013104	epochs	2.0
708.8611137809265	0.02129170000000613	epochs	3.0
708.8824054809265	0.021187800000006973	epochs	3.0
708.9035932809265	0.042067900000006375	epochs	2.0
708.9035932809265	0.02108490000000529	epochs	3.0
708.9246781809265	0.020983000000001084	epochs	3.0
708.9456611809265	0.04166439999994509	epochs	2.0
708.9456611809265	0.020882199999959994	epochs	3.0
708.9665433809265	0.020782199999985096	epochs	3.0
708.9873255809265	0.04126850000000104	epochs	2.0
708.9873255809265	0.020683299999973315	epochs	3.0
709.0080088809265	0.020585200000027726	epochs	3.0
709.0285940809265	0.04088000000001557	epochs	2.0
709.0285940809265	0.020488099999965925	epochs	3.0
709.0490821809265	0.020391900000049645	epochs	3.0
709.0694740809265	0.04049880000002304	epochs	2.0
709.0694740809265	0.020296600000051512	epochs	3.0
709.0897706809266	0.020202199999971526	epochs	3.0
709.1099728809265	0.04012460000001283	epochs	2.0
709.1099728809265	0.02010870000003706	epochs	3.0
709.1300815809266	0.020015899999975773	epochs	3.0
709.1500974809265	0.03975730000001931	epochs	2.0
709.1500974809265	0.019924199999991288	epochs	3.0
709.1700216809265	0.019833100000028026	epochs	3.0
709.1898547809266	0.03939669999999751	epochs	2.0
709.1898547809266	0.01974299999994855	epochs	3.0
709.2095977809265	0.019653700000048957	epochs	3.0
709.2292514809266	0.03904239999997117	epochs	2.0
709.2292514809266	0.019565099999908853	epochs	3.0
709.2488165809265	0.019477300000062314	epochs	3.0
709.2682938809265	0.03869459999998526	epochs	2.0
709.2682938809265	0.019390400000020236	epochs	3.0
709.2876842809266	0.01930419999996502	epochs	3.0
709.3069884809265	0.03835289999994984	epochs	2.0
709.3069884809265	0.019218799999976	epochs	3.0
709.3262072809265	0.01913409999997384	epochs	3.0
709.3453413809265	0.03801720000001296	epochs	2.0
709.3453413809265	0.019050200000037876	epochs	3.0
709.3643915809265	0.018966999999975087	epochs	3.0
709.3833585809265	0.037687200000050325	epochs	2.0
709.3833585809265	0.01888450000001285	epochs	3.0
709.4022430809265	0.018802700000037476	epochs	3.0
709.4210457809265	0.03736309999999321	epochs	2.0
709.4210457809265	0.018721700000014607	epochs	3.0
709.4397674809265	0.018641399999978603	epochs	3.0
709.4584088809265	0.03704429999993408	epochs	2.0
709.4584088809265	0.01856159999999818	epochs	3.0
709.4769704809265	0.018482699999935903	epochs	3.0
709.4954531809265	0.0367310000000316	epochs	2.0
709.4954531809265	0.018404300000042895	epochs	3.0
709.5138574809265	0.018326699999988705	epochs	3.0
709.5321841809265	0.036422900000047775	epochs	2.0
709.5321841809265	0.018249599999990096	epochs	3.0
709.5504337809265	0.01817330000005768	epochs	3.0
709.5686070809265	0.03612009999994825	epochs	2.0
709.5686070809265	0.01809759999991911	epochs	3.0
709.5867046809265	0.01802250000002914	epochs	3.0
709.6047271809265	0.03582210000001851	epochs	2.0
709.6047271809265	0.017947899999967376	epochs	3.0
709.6226750809265	0.017874200000051133	epochs	3.0
709.6405492809265	0.03552899999999681	epochs	2.0
709.6405492809265	0.017800800000031813	epochs	3.0
709.6583500809265	0.017728199999965	epochs	3.0
709.6760782809265	0.03524070000003121	epochs	2.0
709.6760782809265	0.017656100000067454	epochs	3.0
709.6937343809266	0.017584599999963757	epochs	3.0
709.7113189809265	0.03495709999992869	epochs	2.0
709.7113189809265	0.01751369999999497	epochs	3.0
709.7288326809265	0.017443399999933717	epochs	3.0
709.7462760809265	0.03467790000001969	epochs	2.0
709.7462760809265	0.017373600000041733	epochs	3.0
709.7636496809265	0.017304299999977957	epochs	3.0
709.7809539809265	0.03440330000000813	epochs	2.0
709.7809539809265	0.01723570000001473	epochs	3.0
709.7981896809265	0.0171675999999934	epochs	3.0
709.8153572809265	0.0341328000000658	epochs	2.0
709.8153572809265	0.017099900000062007	epochs	3.0
709.8324571809266	0.017032900000003792	epochs	3.0
709.8494900809266	0.033866699999975935	epochs	2.0
709.8494900809266	0.01696640000000116	epochs	3.0
709.8664564809266	0.016900299999974777	epochs	3.0
709.8833567809265	0.03360459999998966	epochs	2.0
709.8833567809265	0.01683479999996962	epochs	3.0
709.9001915809265	0.01676980000002004	epochs	3.0
709.9169613809265	0.033346599999958926	epochs	2.0
709.9169613809265	0.016705300000012357	epochs	3.0
709.9336666809265	0.01664129999994657	epochs	3.0
709.9503079809265	0.03309250000006614	epochs	2.0
709.9503079809265	0.016577800000050047	epochs	3.0
709.9668857809265	0.01651470000001609	epochs	3.0
709.9834004809265	0.03284229999997024	epochs	2.0
709.9834004809265	0.01645220000000336	epochs	3.0
709.9998526809266	0.01639009999996688	epochs	3.0
710.0162427809265	0.03259570000000167	epochs	2.0
710.0162427809265	0.016328400000020338	epochs	3.0
710.0325711809265	0.016267299999981333	epochs	3.0
710.0488384809265	0.032352899999978035	epochs	2.0
710.0488384809265	0.016206600000032267	epochs	3.0
710.0650450809266	0.016146299999945768	epochs	3.0
710.0811913809265	0.03211369999996805	epochs	2.0
710.0811913809265	0.016086599999994178	epochs	3.0
710.0972779809265	0.01602709999997387	epochs	3.0
710.1133050809265	0.03187800000000607	epochs	2.0
710.1133050809265	0.015968200000088473	epochs	3.0
710.1292732809266	0.015909799999917595	epochs	3.0
710.1451830809265	0.031645700000012766	epochs	2.0
710.1451830809265	0.01585160000001906	epochs	3.0
710.1610346809265	0.015794099999993705	epochs	3.0
710.1768287809265	0.0314167000000225	epochs	2.0
710.1768287809265	0.015736700000047676	epochs	3.0
710.1925654809265	0.015679999999974825	epochs	3.0
710.2082454809265	0.031191100000000915	epochs	2.0
710.2082454809265	0.015623600000026272	epochs	3.0
710.2238690809265	0.015567499999974643	epochs	3.0
710.2394365809265	0.030968700000016725	epochs	2.0
710.2394365809265	0.015512000000057924	epochs	3.0
710.2549485809266	0.0154566999999588	epochs	3.0
710.2704052809265	0.030749499999956242	epochs	2.0
710.2704052809265	0.015401999999994587	epochs	3.0
710.2858072809265	0.015347499999961656	epochs	3.0
710.3011547809265	0.03053320000003623	epochs	2.0
710.3011547809265	0.015293400000018664	epochs	3.0
710.3164481809265	0.015239800000017567	epochs	3.0
710.3316879809265	0.03032010000003993	epochs	2.0
710.3316879809265	0.015186500000027081	epochs	3.0
710.3468744809265	0.015133600000012848	epochs	3.0
710.3620080809266	0.030109899999956724	epochs	2.0
710.3620080809266	0.015081000000009226	epochs	3.0
710.3770890809266	0.015028899999947498	epochs	3.0
710.3921179809265	0.02990250000004835	epochs	2.0
710.3921179809265	0.014977000000044427	epochs	3.0
710.4070949809266	0.014925500000003922	epochs	3.0
710.4220204809266	0.029698099999905025	epochs	2.0
710.4220204809266	0.01487439999993967	epochs	3.0
710.4368948809265	0.014823699999965356	epochs	3.0
710.4517185809265	0.02949630000000525	epochs	2.0
710.4517185809265	0.014773200000036013	epochs	3.0
710.4664917809265	0.014723099999969236	epochs	3.0
710.4812148809265	0.02929740000001857	epochs	2.0
710.4812148809265	0.014673399999992398	epochs	3.0
710.4958882809265	0.014624000000026172	epochs	3.0
710.5105122809265	0.029101100000048064	epochs	2.0
710.5105122809265	0.014574900000070556	epochs	3.0
710.5250871809266	0.014526199999977507	epochs	3.0
710.5396133809265	0.028907399999980044	epochs	2.0
710.5396133809265	0.014477699999929428	epochs	3.0
710.5540910809265	0.014429700000050616	epochs	3.0
710.5685207809265	0.028716199999962555	epochs	2.0
710.5685207809265	0.014381800000023759	epochs	3.0
710.5829025809265	0.014334399999938796	epochs	3.0
710.5972369809265	0.028527600000074926	epochs	2.0
710.5972369809265	0.01428720000001249	epochs	3.0
710.6115241809265	0.014240400000062436	epochs	3.0
710.6257645809266	0.028341399999931127	epochs	2.0
710.6257645809266	0.014193799999929979	epochs	3.0
710.6399583809265	0.014147600000001148	epochs	3.0
710.6541059809265	0.028157700000065233	epochs	2.0
710.6541059809265	0.014101700000082928	epochs	3.0
710.6682076809266	0.014055999999982305	epochs	3.0
710.6822636809266	0.027976299999977527	epochs	2.0
710.6822636809266	0.01401060000000598	epochs	3.0
710.6962742809266	0.013965699999971548	epochs	3.0
710.7102399809265	0.02779720000000907	epochs	2.0
710.7102399809265	0.013920799999937117	epochs	3.0
710.7241607809265	0.013876400000071953	epochs	3.0
710.7380371809265	0.027620399999932488	epochs	2.0
710.7380371809265	0.013832200000024386	epochs	3.0
710.7518693809266	0.013788199999908102	epochs	3.0
710.7656575809265	0.02744590000008884	epochs	2.0
710.7656575809265	0.013744599999995444	epochs	3.0
710.7794021809265	0.013701300000093397	epochs	3.0
710.7931034809266	0.027273499999978412	epochs	2.0
710.7931034809266	0.01365819999989526	epochs	3.0
710.8067616809265	0.013615300000083153	epochs	3.0
710.8203769809265	0.027103399999987232	epochs	2.0
710.8203769809265	0.013572800000019924	epochs	3.0
710.8339497809266	0.013530599999967308	epochs	3.0
710.8474803809265	0.02693520000002536	epochs	2.0
710.8474803809265	0.013488400000028378	epochs	3.0
710.8609687809266	0.013446799999996983	epochs	3.0
710.8744155809266	0.026769199999989723	epochs	2.0
710.8744155809266	0.013405199999965589	epochs	3.0
710.8878207809265	0.013364000000024134	epochs	3.0
710.9011847809265	0.026605199999949036	epochs	2.0
710.9011847809265	0.013322899999934634	epochs	3.0
710.9145076809265	0.013282300000014402	epochs	3.0
710.9277899809265	0.026443200000016986	epochs	2.0
710.9277899809265	0.013241699999980483	epochs	3.0
710.9410316809265	0.013201500000036503	epochs	3.0
710.9542331809265	0.0262831999999662	epochs	2.0
710.9542331809265	0.013161500000023807	epochs	3.0
710.9673946809265	0.013121699999942393	epochs	3.0
710.9805163809265	0.02612500000009277	epochs	2.0
710.9805163809265	0.013082100000019636	epochs	3.0
710.9935984809265	0.013042900000073132	epochs	3.0
711.0066413809266	0.025968899999952555	epochs	2.0
711.0066413809266	0.013003899999944224	epochs	3.0
711.0196452809265	0.012965000000008331	epochs	3.0
711.0326102809265	0.025814500000024054	epochs	2.0
711.0326102809265	0.012926399999969362	epochs	3.0
711.0455366809265	0.012888100000054692	epochs	3.0
711.0584247809265	0.025661899999931848	epochs	2.0
711.0584247809265	0.012849899999991976	epochs	3.0
711.0712746809265	0.012811999999939871	epochs	3.0
711.0840866809265	0.025511199999982637	epochs	2.0
711.0840866809265	0.012774400000012065	epochs	3.0
711.0968610809265	0.012736799999970572	epochs	3.0
711.1095978809265	0.025362300000097093	epochs	2.0
711.1095978809265	0.012699700000098346	epochs	3.0
711.1222975809266	0.012662599999998747	epochs	3.0
711.1349601809266	0.025215000000002874	epochs	2.0
711.1349601809266	0.01262579999990976	epochs	3.0
711.1475859809265	0.012589200000093115	epochs	3.0
711.1601751809266	0.024584799999956886	epochs	2.0
711.1843771809265	0.5	epochs	-1.0
711.1847599809265	0.5405600000000277	epochs	1.0
711.7253199809265	0.4593599999999469	epochs	0.0
712.518000125885	0.03976000000000113	epochs	0.0
712.518000125885	0.014882199999988188	epochs	1.0
712.532882325885	0.009995600000024751	epochs	1.0
712.542877925885	0.014882199999988188	epochs	1.0
712.557760125885	2.0	epochs	0.0
714.557760125885	21.52080000000001	epochs	0.0
714.557760125885	1.0	epochs	1.0
714.557777325885	0.5	epochs	-1.0
715.057777325885	19.999599999999987	epochs	-1.0
715.557760125885	20.0	epochs	1.0
715.557760125885	4.356753899999944	epochs	-1.0
715.557760125885	1.9745871999999736	epochs	2.0
715.557760125885	1.0985621999999466	epochs	3.0
716.656322325885	0.8760250000000269	epochs	3.0
717.532347325885	1.3524075000000266	epochs	2.0
717.532347325885	0.7286354999999958	epochs	3.0
718.260982825885	0.6237720000000309	epochs	3.0
718.884754825885	1.029759199999944	epochs	2.0
718.884754825885	0.5453293000000485	epochs	3.0
719.4300841258851	0.4844298999998955	epochs	3.0
719.914514025885	0.8317862000000105	epochs	2.0
719.914514025885	0.4357763000000432	epochs	3.0
720.350290325885	0.3960098999999673	epochs	3.0
720.746300225885	0.6977970000000369	epochs	2.0
720.746300225885	0.3628982000000178	epochs	3.0
721.109198425885	0.33489880000001904	epochs	3.0
721.444097225885	0.601045699999986	epochs	2.0
721.444097225885	0.3109123000000409	epochs	3.0
721.755009525885	0.29013339999994514	epochs	3.0
722.045142925885	0.5278859000000011	epochs	2.0
722.045142925885	0.2719586000000618	epochs	3.0
722.317101525885	0.25592729999993935	epochs	3.0
722.573028825885	0.4706193000000667	epochs	2.0
722.573028825885	0.241681299999982	epochs	3.0
722.814710125885	0.22893800000008468	epochs	3.0
723.043648125885	0.42457039999999324	epochs	2.0
723.043648125885	0.2174713999999085	epochs	3.0
723.261119525885	0.20709900000008474	epochs	3.0
723.468218525885	0.3867353999999068	epochs	2.0
723.468218525885	0.19767109999997956	epochs	3.0
723.665889625885	0.18906429999992724	epochs	3.0
723.854953925885	0.3550953000000163	epochs	2.0
723.854953925885	0.18117590000008477	epochs	3.0
724.036129825885	0.17391939999993156	epochs	3.0
724.210049225885	0.3282431000000088	epochs	2.0
724.210049225885	0.1672219000000723	epochs	3.0
724.377271125885	0.16102119999993647	epochs	3.0
724.538292325885	0.30516799999998057	epochs	2.0
724.538292325885	0.15526390000002266	epochs	3.0
724.693556225885	0.1499040999999579	epochs	3.0
724.843460325885	0.28512530000000424	epochs	2.0
724.843460325885	0.1449021000000812	epochs	3.0
724.988362425885	0.14022319999992305	epochs	3.0
725.128585625885	0.267553800000087	epochs	2.0
725.128585625885	0.1358369000000721	epochs	3.0
725.264422525885	0.1317169000000149	epochs	3.0
725.396139425885	0.252022899999929	epochs	2.0
725.396139425885	0.1278393000000051	epochs	3.0
725.5239787258851	0.1241835999999239	epochs	3.0
725.648162325885	0.23819650000007186	epochs	2.0
725.648162325885	0.12073110000005727	epochs	3.0
725.768893425885	0.1174654000000146	epochs	3.0
725.886358825885	0.2258087999999816	epochs	2.0
725.886358825885	0.1143718999999237	epochs	3.0
726.000730725885	0.1114369000000579	epochs	3.0
726.112167625885	0.2146460000000161	epochs	2.0
726.112167625885	0.10864889999993466	epochs	3.0
726.220816525885	0.10599710000008145	epochs	3.0
726.326813625885	0.20453499999996438	epochs	2.0
726.326813625885	0.10347149999995509	epochs	3.0
726.430285125885	0.1010635000000093	epochs	3.0
726.531348625885	0.19533400000000256	epochs	2.0
726.531348625885	0.09876510000003691	epochs	3.0
726.630113725885	0.09656889999996565	epochs	3.0
726.726682625885	0.18692529999998442	epochs	2.0
726.726682625885	0.09446830000001682	epochs	3.0
726.821150925885	0.09245699999996759	epochs	3.0
726.913607925885	0.17921069999999872	epochs	2.0
726.913607925885	0.09052959999996801	epochs	3.0
727.004137525885	0.08868110000003071	epochs	3.0
727.092818625885	0.17210769999996955	epochs	2.0
727.092818625885	0.08690630000000965	epochs	3.0
727.179724925885	0.0852013999999599	epochs	3.0
727.264926325885	0.16554640000003928	epochs	2.0
727.264926325885	0.08356190000006336	epochs	3.0
727.348488225885	0.08198449999997592	epochs	3.0
727.430472725885	0.15946710000002895	epochs	2.0
727.430472725885	0.08046539999998004	epochs	3.0
727.510938125885	0.07900170000004891	epochs	3.0
727.589939825885	0.15381839999997737	epochs	2.0
727.589939825885	0.07759009999995214	epochs	3.0
727.667529925885	0.07622830000002523	epochs	3.0
727.743758225885	0.14855639999996129	epochs	2.0
727.743758225885	0.07491330000004837	epochs	3.0
727.8186715258851	0.07364309999991292	epochs	3.0
727.892314625885	0.14364239999997608	epochs	2.0
727.892314625885	0.07241499999997814	epochs	3.0
727.964729625885	0.07122739999999794	epochs	3.0
728.035957025885	0.13904310000009446	epochs	2.0
728.035957025885	0.07007800000008046	epochs	3.0
728.106035025885	0.06896510000001399	epochs	3.0
728.175000125885	0.1347293000000036	epochs	2.0
728.175000125885	0.0678871000000072	epochs	3.0
728.242887225885	0.06684219999999641	epochs	3.0
728.309729425885	0.13067519999992783	epochs	2.0
728.309729425885	0.06582909999997355	epochs	3.0
728.375558525885	0.06484609999995428	epochs	3.0
728.440404625885	0.12685780000003888	epochs	2.0
728.440404625885	0.06389200000000983	epochs	3.0
728.504296625885	0.06296580000002905	epochs	3.0
728.567262425885	0.12325720000001184	epochs	2.0
728.567262425885	0.06206580000002759	epochs	3.0
728.629328225885	0.06119139999998424	epochs	3.0
728.690519625885	0.11985540000000583	epochs	2.0
728.690519625885	0.060341099999959624	epochs	3.0
728.750860725885	0.059514300000046205	epochs	3.0
728.810375025885	0.11663620000001629	epochs	2.0
728.810375025885	0.058709599999929196	epochs	3.0
728.869084625885	0.05792660000008709	epochs	3.0
728.927011225885	0.11358559999996487	epochs	2.0
728.927011225885	0.05716419999998834	epochs	3.0
728.984175425885	0.05642139999997653	epochs	3.0
729.040596825885	0.11069050000003244	epochs	2.0
729.040596825885	0.055697900000041045	epochs	3.0
729.0962947258851	0.0549925999999914	epochs	3.0
729.151287325885	0.10793909999995321	epochs	2.0
729.151287325885	0.05430489999992005	epochs	3.0
729.205592225885	0.05363420000003316	epochs	3.0
729.259226425885	0.10532150000005913	epochs	2.0
729.259226425885	0.05298000000004777	epochs	3.0
729.312206425885	0.052341500000011365	epochs	3.0
729.3645479258851	0.10282759999995505	epochs	2.0
729.3645479258851	0.051718099999902734	epochs	3.0
729.416266025885	0.05110950000005232	epochs	3.0
729.467375525885	0.10044909999999163	epochs	2.0
729.467375525885	0.05051489999993919	epochs	3.0
729.517890425885	0.04993420000005244	epochs	3.0
729.567824625885	0.0981782999999723	epochs	2.0
729.567824625885	0.04936659999998483	epochs	3.0
729.617191225885	0.04881169999998747	epochs	3.0
729.666002925885	0.09600780000005216	epochs	2.0
729.666002925885	0.04826920000004975	epochs	3.0
729.714272125885	0.04773860000000241	epochs	3.0
729.762010725885	0.09393119999992905	epochs	2.0
729.762010725885	0.04721949999998287	epochs	3.0
729.809230225885	0.04671169999994618	epochs	3.0
729.855941925885	0.09194260000003851	epochs	2.0
729.855941925885	0.04621460000009847	epochs	3.0
729.9021565258851	0.04572799999994004	epochs	3.0
729.947884525885	0.09003630000006524	epochs	2.0
729.947884525885	0.04525150000006306	epochs	3.0
729.9931360258851	0.04478480000000218	epochs	3.0
730.0379208258851	0.08820759999991878	epochs	2.0
730.0379208258851	0.04432779999990544	epochs	3.0
730.082248625885	0.04387980000001335	epochs	3.0
730.126128425885	0.0864516999999978	epochs	2.0
730.126128425885	0.04344100000002982	epochs	3.0
730.169569425885	0.04301069999996798	epochs	3.0
730.212580125885	0.0847643000000744	epochs	2.0
730.212580125885	0.04258900000002086	epochs	3.0
730.255169125885	0.04217530000005354	epochs	3.0
730.2973444258851	0.08314150000001064	epochs	2.0
730.2973444258851	0.041769699999917975	epochs	3.0
730.339114125885	0.04137180000009266	epochs	3.0
730.3804859258851	0.08157969999990655	epochs	2.0
730.3804859258851	0.040981399999964196	epochs	3.0
730.421467325885	0.040598299999942355	epochs	3.0
730.462065625885	0.08007550000002084	epochs	2.0
730.462065625885	0.04022229999998217	epochs	3.0
730.502287925885	0.03985320000003867	epochs	3.0
730.542141125885	0.07862569999997504	epochs	2.0
730.542141125885	0.039490800000066884	epochs	3.0
730.5816319258851	0.03913489999990816	epochs	3.0
730.620766825885	0.07722760000001472	epochs	2.0
730.620766825885	0.038785400000051595	epochs	3.0
730.659552225885	0.03844219999996312	epochs	3.0
730.697994425885	0.07587820000003376	epochs	2.0
730.697994425885	0.038104800000041905	epochs	3.0
730.736099225885	0.03777339999999185	epochs	3.0
730.773872625885	0.0745752000000266	epochs	2.0
730.773872625885	0.03744770000002973	epochs	3.0
730.811320325885	0.03712749999999687	epochs	3.0
730.848447825885	0.07331629999998768	epochs	2.0
730.848447825885	0.036812899999972615	epochs	3.0
730.885260725885	0.03650340000001506	epochs	3.0
730.921764125885	0.07209899999998015	epochs	2.0
730.921764125885	0.03619909999997617	epochs	3.0
730.957963225885	0.03589990000000398	epochs	3.0
730.993863125885	0.07092169999998532	epochs	2.0
730.993863125885	0.03560559999993984	epochs	3.0
731.029468725885	0.03531610000004548	epochs	3.0
731.064784825885	0.06978200000003199	epochs	2.0
731.064784825885	0.03503120000004856	epochs	3.0
731.099816025885	0.03475079999998343	epochs	3.0
731.134566825885	0.06867859999999837	epochs	2.0
731.134566825885	0.03447510000000875	epochs	3.0
731.169041925885	0.03420349999998962	epochs	3.0
731.203245425885	0.06760929999995824	epochs	2.0
731.203245425885	0.033936199999970995	epochs	3.0
731.237181625885	0.033673099999987244	epochs	3.0
731.270854725885	0.06657289999998284	epochs	2.0
731.270854725885	0.03341399999999339	epochs	3.0
731.304268725885	0.033158899999989444	epochs	3.0
731.337427625885	0.06556780000005347	epochs	2.0
731.337427625885	0.032907700000009754	epochs	3.0
731.370335325885	0.03266010000004371	epochs	3.0
731.402995425885	0.06459259999996902	epochs	2.0
731.402995425885	0.032416399999988244	epochs	3.0
731.435411825885	0.03217619999998078	epochs	3.0
731.467588025885	0.06364600000006249	epochs	2.0
731.467588025885	0.03193959999998697	epochs	3.0
731.499527625885	0.03170640000007552	epochs	3.0
731.531234025885	0.0627266999999847	epochs	2.0
731.531234025885	0.031476599999905375	epochs	3.0
731.562710625885	0.03125010000007933	epochs	3.0
731.593960725885	0.06183359999999993	epochs	2.0
731.593960725885	0.03102689999991526	epochs	3.0
731.624987625885	0.030806700000084675	epochs	3.0
731.655794325885	0.060965599999917686	epochs	2.0
731.655794325885	0.030589799999916067	epochs	3.0
731.686384125885	0.030375800000001618	epochs	3.0
731.716759925885	0.06012160000000222	epochs	2.0
731.716759925885	0.030164900000045236	epochs	3.0
731.746924825885	0.02995669999995698	epochs	3.0
731.776881525885	0.05930070000010801	epochs	2.0
731.776881525885	0.029751600000054168	epochs	3.0
731.806633125885	0.02954910000005384	epochs	3.0
731.8361822258851	0.05850179999993088	epochs	2.0
731.8361822258851	0.029349399999887282	epochs	3.0
731.865531625885	0.0291524000000436	epochs	3.0
731.894684025885	0.057724200000052406	epochs	2.0
731.894684025885	0.028957999999988715	epochs	3.0
731.923642025885	0.02876620000006369	epochs	3.0
731.952408225885	0.05696709999995164	epochs	2.0
731.952408225885	0.028576999999927466	epochs	3.0
731.980985225885	0.028390100000024177	epochs	3.0
732.009375325885	0.05622949999997218	epochs	2.0
732.009375325885	0.028205700000057732	epochs	3.0
732.0375810258851	0.028023799999914445	epochs	3.0
732.065604825885	0.05551070000001346	epochs	2.0
732.065604825885	0.02784400000007281	epochs	3.0
732.093448825885	0.027666699999940647	epochs	3.0
732.121115525885	0.054810200000019904	epochs	2.0
732.121115525885	0.02749149999999645	epochs	3.0
732.148607025885	0.027318700000023455	epochs	3.0
732.175925725885	0.05412699999999404	epochs	2.0
732.175925725885	0.027147799999966082	epochs	3.0
732.203073525885	0.02697920000002796	epochs	3.0
732.230052725885	0.053460699999959616	epochs	2.0
732.230052725885	0.0268125999999711	epochs	3.0
732.256865325885	0.026648099999988517	epochs	3.0
732.283513425885	0.05281070000000909	epochs	2.0
732.283513425885	0.026485600000000886	epochs	3.0
732.309999025885	0.026325100000008206	epochs	3.0
732.336324125885	0.05217620000007628	epochs	2.0
732.336324125885	0.026166400000079193	epochs	3.0
732.362490525885	0.026009799999997085	epochs	3.0
732.388500325885	0.051556699999991906	epochs	2.0
732.388500325885	0.025854799999933675	epochs	3.0
732.414355125885	0.02570190000005823	epochs	3.0
732.440057025885	0.05095189999997274	epochs	2.0
732.440057025885	0.025550699999939752	epochs	3.0
732.465607725885	0.025401200000032986	epochs	3.0
732.491008925885	0.05036099999995258	epochs	2.0
732.491008925885	0.025253499999962514	epochs	3.0
732.516262425885	0.02510749999999007	epochs	3.0
732.541369925885	0.049783800000000156	epochs	2.0
732.541369925885	0.02496320000000196	epochs	3.0
732.566333125885	0.024820599999998194	epochs	3.0
732.591153725885	0.049219500000049266	epochs	2.0
732.591153725885	0.02467940000008184	epochs	3.0
732.615833125885	0.024540099999967424	epochs	3.0
732.640373225885	0.048667899999941255	epochs	2.0
732.640373225885	0.02440209999997478	epochs	3.0
732.664775325885	0.024265799999966475	epochs	3.0
732.689041125885	0.04812860000004093	epochs	2.0
732.689041125885	0.024131000000011227	epochs	3.0
732.713172125885	0.023997600000029706	epochs	3.0
732.737169725885	0.047601100000065344	epochs	2.0
732.737169725885	0.023865800000066884	epochs	3.0
732.7610355258851	0.02373529999999846	epochs	3.0
732.7847708258851	0.04708499999992455	epochs	2.0
732.7847708258851	0.023606299999983094	epochs	3.0
732.808377125885	0.023478699999941455	epochs	3.0
732.831855825885	0.04658000000006268	epochs	2.0
732.831855825885	0.02335249999998723	epochs	3.0
732.855208325885	0.02322750000007545	epochs	3.0
732.878435825885	0.04608569999993506	epochs	2.0
732.878435825885	0.023103999999989355	epochs	3.0
732.901539825885	0.022981699999945704	epochs	3.0
732.924521525885	0.045601799999985815	epochs	2.0
732.924521525885	0.022860700000023826	epochs	3.0
732.947382225885	0.02274109999996199	epochs	3.0
732.970123325885	0.04512790000001132	epochs	2.0
732.970123325885	0.022622500000011314	epochs	3.0
732.992745825885	0.02250540000000001	epochs	3.0
733.015251225885	0.0446638000000803	epochs	2.0
733.015251225885	0.02238929999998618	epochs	3.0
733.037640525885	0.022274500000094122	epochs	3.0
733.0599150258851	0.04420919999995476	epochs	2.0
733.0599150258851	0.022160799999937808	epochs	3.0
733.082075825885	0.022048400000016954	epochs	3.0
733.104124225885	0.043763600000033875	epochs	2.0
733.104124225885	0.021936900000014248	epochs	3.0
733.126061125885	0.021826700000019628	epochs	3.0
733.147887825885	0.04332709999994222	epochs	2.0
733.147887825885	0.021717599999988124	epochs	3.0
733.169605425885	0.021609499999954096	epochs	3.0
733.191214925885	0.04289900000003399	epochs	2.0
733.191214925885	0.02150249999999687	epochs	3.0
733.212717425885	0.021396500000037122	epochs	3.0
733.234113925885	0.042479500000013104	epochs	2.0
733.234113925885	0.02129170000000613	epochs	3.0
733.255405625885	0.021187800000006973	epochs	3.0
733.276593425885	0.042067900000006375	epochs	2.0
733.276593425885	0.02108490000000529	epochs	3.0
733.297678325885	0.020983000000001084	epochs	3.0
733.318661325885	0.04166439999994509	epochs	2.0
733.318661325885	0.020882199999959994	epochs	3.0
733.339543525885	0.020782199999985096	epochs	3.0
733.360325725885	0.04126850000000104	epochs	2.0
733.360325725885	0.020683299999973315	epochs	3.0
733.381009025885	0.020585200000027726	epochs	3.0
733.401594225885	0.04088000000001557	epochs	2.0
733.401594225885	0.020488099999965925	epochs	3.0
733.422082325885	0.020391900000049645	epochs	3.0
733.442474225885	0.04049880000002304	epochs	2.0
733.442474225885	0.020296600000051512	epochs	3.0
733.4627708258851	0.020202199999971526	epochs	3.0
733.482973025885	0.04012460000001283	epochs	2.0
733.482973025885	0.02010870000003706	epochs	3.0
733.5030817258851	0.020015899999975773	epochs	3.0
733.523097625885	0.03975730000001931	epochs	2.0
733.523097625885	0.019924199999991288	epochs	3.0
733.543021825885	0.019833100000028026	epochs	3.0
733.5628549258851	0.03939669999999751	epochs	2.0
733.5628549258851	0.01974299999994855	epochs	3.0
733.582597925885	0.019653700000048957	epochs	3.0
733.6022516258851	0.03904239999997117	epochs	2.0
733.6022516258851	0.019565099999908853	epochs	3.0
733.621816725885	0.019477300000062314	epochs	3.0
733.641294025885	0.03869459999998526	epochs	2.0
733.641294025885	0.019390400000020236	epochs	3.0
733.660684425885	0.01930419999996502	epochs	3.0
733.679988625885	0.03835289999994984	epochs	2.0
733.679988625885	0.019218799999976	epochs	3.0
733.699207425885	0.01913409999997384	epochs	3.0
733.718341525885	0.03801720000001296	epochs	2.0
733.718341525885	0.019050200000037876	epochs	3.0
733.737391725885	0.018966999999975087	epochs	3.0
733.756358725885	0.037687200000050325	epochs	2.0
733.756358725885	0.01888450000001285	epochs	3.0
733.775243225885	0.018802700000037476	epochs	3.0
733.794045925885	0.03736309999999321	epochs	2.0
733.794045925885	0.018721700000014607	epochs	3.0
733.812767625885	0.018641399999978603	epochs	3.0
733.831409025885	0.03704429999993408	epochs	2.0
733.831409025885	0.01856159999999818	epochs	3.0
733.849970625885	0.018482699999935903	epochs	3.0
733.868453325885	0.0367310000000316	epochs	2.0
733.868453325885	0.018404300000042895	epochs	3.0
733.886857625885	0.018326699999988705	epochs	3.0
733.905184325885	0.036422900000047775	epochs	2.0
733.905184325885	0.018249599999990096	epochs	3.0
733.923433925885	0.01817330000005768	epochs	3.0
733.941607225885	0.03612009999994825	epochs	2.0
733.941607225885	0.01809759999991911	epochs	3.0
733.959704825885	0.01802250000002914	epochs	3.0
733.977727325885	0.03582210000001851	epochs	2.0
733.977727325885	0.017947899999967376	epochs	3.0
733.995675225885	0.017874200000051133	epochs	3.0
734.013549425885	0.03552899999999681	epochs	2.0
734.013549425885	0.017800800000031813	epochs	3.0
734.031350225885	0.017728199999965	epochs	3.0
734.049078425885	0.03524070000003121	epochs	2.0
734.049078425885	0.017656100000067454	epochs	3.0
734.0667345258851	0.017584599999963757	epochs	3.0
734.084319125885	0.03495709999992869	epochs	2.0
734.084319125885	0.01751369999999497	epochs	3.0
734.101832825885	0.017443399999933717	epochs	3.0
734.119276225885	0.03467790000001969	epochs	2.0
734.119276225885	0.017373600000041733	epochs	3.0
734.136649825885	0.017304299999977957	epochs	3.0
734.153954125885	0.03440330000000813	epochs	2.0
734.153954125885	0.01723570000001473	epochs	3.0
734.171189825885	0.0171675999999934	epochs	3.0
734.188357425885	0.0341328000000658	epochs	2.0
734.188357425885	0.017099900000062007	epochs	3.0
734.205457325885	0.017032900000003792	epochs	3.0
734.222490225885	0.033866699999975935	epochs	2.0
734.222490225885	0.01696640000000116	epochs	3.0
734.239456625885	0.016900299999974777	epochs	3.0
734.256356925885	0.03360459999998966	epochs	2.0
734.256356925885	0.01683479999996962	epochs	3.0
734.273191725885	0.01676980000002004	epochs	3.0
734.289961525885	0.033346599999958926	epochs	2.0
734.289961525885	0.016705300000012357	epochs	3.0
734.306666825885	0.01664129999994657	epochs	3.0
734.323308125885	0.03309250000006614	epochs	2.0
734.323308125885	0.016577800000050047	epochs	3.0
734.339885925885	0.01651470000001609	epochs	3.0
734.356400625885	0.03284229999997024	epochs	2.0
734.356400625885	0.01645220000000336	epochs	3.0
734.372852825885	0.01639009999996688	epochs	3.0
734.389242925885	0.03259570000000167	epochs	2.0
734.389242925885	0.016328400000020338	epochs	3.0
734.405571325885	0.016267299999981333	epochs	3.0
734.421838625885	0.032352899999978035	epochs	2.0
734.421838625885	0.016206600000032267	epochs	3.0
734.438045225885	0.016146299999945768	epochs	3.0
734.454191525885	0.03211369999996805	epochs	2.0
734.454191525885	0.016086599999994178	epochs	3.0
734.470278125885	0.01602709999997387	epochs	3.0
734.486305225885	0.03187800000000607	epochs	2.0
734.486305225885	0.015968200000088473	epochs	3.0
734.502273425885	0.015909799999917595	epochs	3.0
734.518183225885	0.031645700000012766	epochs	2.0
734.518183225885	0.01585160000001906	epochs	3.0
734.534034825885	0.015794099999993705	epochs	3.0
734.549828925885	0.0314167000000225	epochs	2.0
734.549828925885	0.015736700000047676	epochs	3.0
734.565565625885	0.015679999999974825	epochs	3.0
734.581245625885	0.031191100000000915	epochs	2.0
734.581245625885	0.015623600000026272	epochs	3.0
734.596869225885	0.015567499999974643	epochs	3.0
734.612436725885	0.030968700000016725	epochs	2.0
734.612436725885	0.015512000000057924	epochs	3.0
734.6279487258851	0.0154566999999588	epochs	3.0
734.643405425885	0.030749499999956242	epochs	2.0
734.643405425885	0.015401999999994587	epochs	3.0
734.658807425885	0.015347499999961656	epochs	3.0
734.674154925885	0.03053320000003623	epochs	2.0
734.674154925885	0.015293400000018664	epochs	3.0
734.689448325885	0.015239800000017567	epochs	3.0
734.704688125885	0.03032010000003993	epochs	2.0
734.704688125885	0.015186500000027081	epochs	3.0
734.719874625885	0.015133600000012848	epochs	3.0
734.735008225885	0.030109899999956724	epochs	2.0
734.735008225885	0.015081000000009226	epochs	3.0
734.7500892258851	0.015028899999947498	epochs	3.0
734.765118125885	0.02990250000004835	epochs	2.0
734.765118125885	0.014977000000044427	epochs	3.0
734.780095125885	0.014925500000003922	epochs	3.0
734.7950206258851	0.029698099999905025	epochs	2.0
734.7950206258851	0.01487439999993967	epochs	3.0
734.809895025885	0.014823699999965356	epochs	3.0
734.824718725885	0.02949630000000525	epochs	2.0
734.824718725885	0.014773200000036013	epochs	3.0
734.839491925885	0.014723099999969236	epochs	3.0
734.854215025885	0.02929740000001857	epochs	2.0
734.854215025885	0.014673399999992398	epochs	3.0
734.868888425885	0.014624000000026172	epochs	3.0
734.883512425885	0.029101100000048064	epochs	2.0
734.883512425885	0.014574900000070556	epochs	3.0
734.8980873258851	0.014526199999977507	epochs	3.0
734.912613525885	0.028907399999980044	epochs	2.0
734.912613525885	0.014477699999929428	epochs	3.0
734.927091225885	0.014429700000050616	epochs	3.0
734.941520925885	0.028716199999962555	epochs	2.0
734.941520925885	0.014381800000023759	epochs	3.0
734.955902725885	0.014334399999938796	epochs	3.0
734.970237125885	0.028527600000074926	epochs	2.0
734.970237125885	0.01428720000001249	epochs	3.0
734.984524325885	0.014240400000062436	epochs	3.0
734.998764725885	0.028341399999931127	epochs	2.0
734.998764725885	0.014193799999929979	epochs	3.0
735.012958525885	0.014147600000001148	epochs	3.0
735.027106125885	0.028157700000065233	epochs	2.0
735.027106125885	0.014101700000082928	epochs	3.0
735.0412078258851	0.014055999999982305	epochs	3.0
735.055263825885	0.027976299999977527	epochs	2.0
735.055263825885	0.01401060000000598	epochs	3.0
735.069274425885	0.013965699999971548	epochs	3.0
735.083240125885	0.02779720000000907	epochs	2.0
735.083240125885	0.013920799999937117	epochs	3.0
735.097160925885	0.013876400000071953	epochs	3.0
735.111037325885	0.027620399999932488	epochs	2.0
735.111037325885	0.013832200000024386	epochs	3.0
735.1248695258851	0.013788199999908102	epochs	3.0
735.138657725885	0.02744590000008884	epochs	2.0
735.138657725885	0.013744599999995444	epochs	3.0
735.152402325885	0.013701300000093397	epochs	3.0
735.1661036258851	0.027273499999978412	epochs	2.0
735.1661036258851	0.01365819999989526	epochs	3.0
735.179761825885	0.013615300000083153	epochs	3.0
735.193377125885	0.027103399999987232	epochs	2.0
735.193377125885	0.013572800000019924	epochs	3.0
735.206949925885	0.013530599999967308	epochs	3.0
735.220480525885	0.02693520000002536	epochs	2.0
735.220480525885	0.013488400000028378	epochs	3.0
735.233968925885	0.013446799999996983	epochs	3.0
735.247415725885	0.026769199999989723	epochs	2.0
735.247415725885	0.013405199999965589	epochs	3.0
735.260820925885	0.013364000000024134	epochs	3.0
735.274184925885	0.026605199999949036	epochs	2.0
735.274184925885	0.013322899999934634	epochs	3.0
735.287507825885	0.013282300000014402	epochs	3.0
735.300790125885	0.026443200000016986	epochs	2.0
735.300790125885	0.013241699999980483	epochs	3.0
735.314031825885	0.013201500000036503	epochs	3.0
735.327233325885	0.0262831999999662	epochs	2.0
735.327233325885	0.013161500000023807	epochs	3.0
735.340394825885	0.013121699999942393	epochs	3.0
735.353516525885	0.02612500000009277	epochs	2.0
735.353516525885	0.013082100000019636	epochs	3.0
735.366598625885	0.013042900000073132	epochs	3.0
735.3796415258851	0.025968899999952555	epochs	2.0
735.3796415258851	0.013003899999944224	epochs	3.0
735.392645425885	0.012965000000008331	epochs	3.0
735.405610425885	0.025814500000024054	epochs	2.0
735.405610425885	0.012926399999969362	epochs	3.0
735.418536825885	0.012888100000054692	epochs	3.0
735.431424925885	0.025661899999931848	epochs	2.0
735.431424925885	0.012849899999991976	epochs	3.0
735.444274825885	0.012811999999939871	epochs	3.0
735.457086825885	0.025511199999982637	epochs	2.0
735.457086825885	0.012774400000012065	epochs	3.0
735.469861225885	0.012736799999970572	epochs	3.0
735.482598025885	0.025362300000097093	epochs	2.0
735.482598025885	0.012699700000098346	epochs	3.0
735.495297725885	0.012662599999998747	epochs	3.0
735.507960325885	0.025215000000002874	epochs	2.0
735.507960325885	0.01262579999990976	epochs	3.0
735.520586125885	0.012589200000093115	epochs	3.0
735.533175325885	0.024584799999956886	epochs	2.0
735.557377325885	0.5	epochs	-1.0
735.557760125885	0.5208000000000084	epochs	1.0
736.078560125885	0.47911999999996624	epochs	0.0
736.8610000610352	0.03976000000000113	epochs	0.0
736.8610000610352	0.014882199999988188	epochs	1.0
736.8758822610351	0.009995600000024751	epochs	1.0
736.8858778610352	0.014882199999988188	epochs	1.0
736.9007600610352	2.0	epochs	0.0
738.9007600610352	5.360400000000027	epochs	0.0
738.9007600610352	1.0	epochs	1.0
738.9007772610352	0.5	epochs	-1.0
739.4007772610352	4.860382800000025	epochs	-1.0
739.9007600610352	4.360400000000027	epochs	1.0
739.9007600610352	4.356753899999944	epochs	-1.0
739.9007600610352	1.9745871999999736	epochs	2.0
739.9007600610352	1.0985621999999466	epochs	3.0
740.9993222610351	0.8760250000000269	epochs	3.0
741.8753472610351	1.3524075000000266	epochs	2.0
741.8753472610351	0.7286354999999958	epochs	3.0
742.6039827610351	0.6237720000000309	epochs	3.0
743.2277547610352	1.029759199999944	epochs	2.0
743.2277547610352	0.5453293000000485	epochs	3.0
743.7730840610352	0.4844298999998955	epochs	3.0
744.2575139610351	0.003646100000082697	epochs	2.0
744.2575139610351	0.003646100000082697	epochs	3.0
744.2611600610352	16.639519999999948	epochs	0.0
745.0030002593994	0.03976000000000113	epochs	0.0
745.0030002593994	0.014882199999988188	epochs	1.0
745.0178824593994	0.009995600000024751	epochs	1.0
745.0278780593994	0.014882199999988188	epochs	1.0
745.0427602593994	2.0	epochs	0.0
747.0427602593994	5.3596	epochs	0.0
747.0427602593994	1.0	epochs	1.0
747.0427774593994	0.5	epochs	-1.0
747.5427774593994	4.859582799999998	epochs	-1.0
748.0427602593994	4.3596	epochs	1.0
748.0427602593994	4.356753899999944	epochs	-1.0
748.0427602593994	1.9745871999999736	epochs	2.0
748.0427602593994	1.0985621999999466	epochs	3.0
749.1413224593994	0.8760250000000269	epochs	3.0
750.0173474593994	1.3524075000000266	epochs	2.0
750.0173474593994	0.7286354999999958	epochs	3.0
750.7459829593994	0.6237720000000309	epochs	3.0
751.3697549593994	1.029759199999944	epochs	2.0
751.3697549593994	0.5453293000000485	epochs	3.0
751.9150842593995	0.4844298999998955	epochs	3.0
752.3995141593994	0.00284610000005614	epochs	2.0
752.3995141593994	0.00284610000005614	epochs	3.0
752.4023602593994	16.640319999999974	epochs	0.0
753.1510000228882	0.03976000000000113	epochs	0.0
753.1510000228882	0.014882199999988188	epochs	1.0
753.1658822228882	0.009995600000024751	epochs	1.0
753.1758778228882	0.014882199999988188	epochs	1.0
753.1907600228882	2.0	epochs	0.0
755.1907600228882	21.539840000000027	epochs	0.0
755.1907600228882	1.0	epochs	1.0
755.1907772228882	0.5	epochs	-1.0
755.6907772228882	19.99951999999996	epochs	-1.0
756.1907600228882	20.0	epochs	1.0
756.1907600228882	4.356753899999944	epochs	-1.0
756.1907600228882	1.9745871999999736	epochs	2.0
756.1907600228882	1.0985621999999466	epochs	3.0
757.2893222228881	0.8760250000000269	epochs	3.0
758.1653472228882	1.3524075000000266	epochs	2.0
758.1653472228882	0.7286354999999958	epochs	3.0
758.8939827228882	0.6237720000000309	epochs	3.0
759.5177547228882	1.029759199999944	epochs	2.0
759.5177547228882	0.5453293000000485	epochs	3.0
760.0630840228882	0.4844298999998955	epochs	3.0
760.5475139228881	0.8317862000000105	epochs	2.0
760.5475139228881	0.4357763000000432	epochs	3.0
760.9832902228882	0.3960098999999673	epochs	3.0
761.3793001228881	0.6977970000000369	epochs	2.0
761.3793001228881	0.3628982000000178	epochs	3.0
761.7421983228882	0.33489880000001904	epochs	3.0
762.0770971228882	0.601045699999986	epochs	2.0
762.0770971228882	0.3109123000000409	epochs	3.0
762.3880094228882	0.29013339999994514	epochs	3.0
762.6781428228882	0.5278859000000011	epochs	2.0
762.6781428228882	0.2719586000000618	epochs	3.0
762.9501014228882	0.25592729999993935	epochs	3.0
763.2060287228882	0.4706193000000667	epochs	2.0
763.2060287228882	0.241681299999982	epochs	3.0
763.4477100228881	0.22893800000008468	epochs	3.0
763.6766480228882	0.42457039999999324	epochs	2.0
763.6766480228882	0.2174713999999085	epochs	3.0
763.8941194228881	0.20709900000008474	epochs	3.0
764.1012184228882	0.3867353999999068	epochs	2.0
764.1012184228882	0.19767109999997956	epochs	3.0
764.2988895228882	0.18906429999992724	epochs	3.0
764.4879538228881	0.3550953000000163	epochs	2.0
764.4879538228881	0.18117590000008477	epochs	3.0
764.6691297228882	0.17391939999993156	epochs	3.0
764.8430491228881	0.3282431000000088	epochs	2.0
764.8430491228881	0.1672219000000723	epochs	3.0
765.0102710228882	0.16102119999993647	epochs	3.0
765.1712922228882	0.30516799999998057	epochs	2.0
765.1712922228882	0.15526390000002266	epochs	3.0
765.3265561228882	0.1499040999999579	epochs	3.0
765.4764602228881	0.28512530000000424	epochs	2.0
765.4764602228881	0.1449021000000812	epochs	3.0
765.6213623228882	0.14022319999992305	epochs	3.0
765.7615855228881	0.267553800000087	epochs	2.0
765.7615855228881	0.1358369000000721	epochs	3.0
765.8974224228882	0.1317169000000149	epochs	3.0
766.0291393228882	0.252022899999929	epochs	2.0
766.0291393228882	0.1278393000000051	epochs	3.0
766.1569786228882	0.1241835999999239	epochs	3.0
766.2811622228882	0.23819650000007186	epochs	2.0
766.2811622228882	0.12073110000005727	epochs	3.0
766.4018933228882	0.1174654000000146	epochs	3.0
766.5193587228882	0.2258087999999816	epochs	2.0
766.5193587228882	0.1143718999999237	epochs	3.0
766.6337306228882	0.1114369000000579	epochs	3.0
766.7451675228882	0.2146460000000161	epochs	2.0
766.7451675228882	0.10864889999993466	epochs	3.0
766.8538164228881	0.10599710000008145	epochs	3.0
766.9598135228882	0.20453499999996438	epochs	2.0
766.9598135228882	0.10347149999995509	epochs	3.0
767.0632850228882	0.1010635000000093	epochs	3.0
767.1643485228882	0.19533400000000256	epochs	2.0
767.1643485228882	0.09876510000003691	epochs	3.0
767.2631136228882	0.09656889999996565	epochs	3.0
767.3596825228882	0.18692529999998442	epochs	2.0
767.3596825228882	0.09446830000001682	epochs	3.0
767.4541508228882	0.09245699999996759	epochs	3.0
767.5466078228882	0.17921069999999872	epochs	2.0
767.5466078228882	0.09052959999996801	epochs	3.0
767.6371374228881	0.08868110000003071	epochs	3.0
767.7258185228882	0.17210769999996955	epochs	2.0
767.7258185228882	0.08690630000000965	epochs	3.0
767.8127248228882	0.0852013999999599	epochs	3.0
767.8979262228881	0.16554640000003928	epochs	2.0
767.8979262228881	0.08356190000006336	epochs	3.0
767.9814881228882	0.08198449999997592	epochs	3.0
768.0634726228882	0.15946710000002895	epochs	2.0
768.0634726228882	0.08046539999998004	epochs	3.0
768.1439380228882	0.07900170000004891	epochs	3.0
768.2229397228882	0.15381839999997737	epochs	2.0
768.2229397228882	0.07759009999995214	epochs	3.0
768.3005298228882	0.07622830000002523	epochs	3.0
768.3767581228882	0.14855639999996129	epochs	2.0
768.3767581228882	0.07491330000004837	epochs	3.0
768.4516714228882	0.07364309999991292	epochs	3.0
768.5253145228882	0.14364239999997608	epochs	2.0
768.5253145228882	0.07241499999997814	epochs	3.0
768.5977295228881	0.07122739999999794	epochs	3.0
768.6689569228881	0.13904310000009446	epochs	2.0
768.6689569228881	0.07007800000008046	epochs	3.0
768.7390349228882	0.06896510000001399	epochs	3.0
768.8080000228882	0.1347293000000036	epochs	2.0
768.8080000228882	0.0678871000000072	epochs	3.0
768.8758871228882	0.06684219999999641	epochs	3.0
768.9427293228882	0.13067519999992783	epochs	2.0
768.9427293228882	0.06582909999997355	epochs	3.0
769.0085584228882	0.06484609999995428	epochs	3.0
769.0734045228882	0.12685780000003888	epochs	2.0
769.0734045228882	0.06389200000000983	epochs	3.0
769.1372965228882	0.06296580000002905	epochs	3.0
769.2002623228882	0.12325720000001184	epochs	2.0
769.2002623228882	0.06206580000002759	epochs	3.0
769.2623281228882	0.06119139999998424	epochs	3.0
769.3235195228882	0.11985540000000583	epochs	2.0
769.3235195228882	0.060341099999959624	epochs	3.0
769.3838606228882	0.059514300000046205	epochs	3.0
769.4433749228882	0.11663620000001629	epochs	2.0
769.4433749228882	0.058709599999929196	epochs	3.0
769.5020845228881	0.05792660000008709	epochs	3.0
769.5600111228882	0.11358559999996487	epochs	2.0
769.5600111228882	0.05716419999998834	epochs	3.0
769.6171753228882	0.05642139999997653	epochs	3.0
769.6735967228882	0.11069050000003244	epochs	2.0
769.6735967228882	0.055697900000041045	epochs	3.0
769.7292946228882	0.0549925999999914	epochs	3.0
769.7842872228882	0.10793909999995321	epochs	2.0
769.7842872228882	0.05430489999992005	epochs	3.0
769.8385921228881	0.05363420000003316	epochs	3.0
769.8922263228882	0.10532150000005913	epochs	2.0
769.8922263228882	0.05298000000004777	epochs	3.0
769.9452063228882	0.052341500000011365	epochs	3.0
769.9975478228882	0.10282759999995505	epochs	2.0
769.9975478228882	0.051718099999902734	epochs	3.0
770.0492659228881	0.05110950000005232	epochs	3.0
770.1003754228882	0.10044909999999163	epochs	2.0
770.1003754228882	0.05051489999993919	epochs	3.0
770.1508903228881	0.04993420000005244	epochs	3.0
770.2008245228882	0.0981782999999723	epochs	2.0
770.2008245228882	0.04936659999998483	epochs	3.0
770.2501911228882	0.04881169999998747	epochs	3.0
770.2990028228882	0.09600780000005216	epochs	2.0
770.2990028228882	0.04826920000004975	epochs	3.0
770.3472720228882	0.04773860000000241	epochs	3.0
770.3950106228882	0.09393119999992905	epochs	2.0
770.3950106228882	0.04721949999998287	epochs	3.0
770.4422301228882	0.04671169999994618	epochs	3.0
770.4889418228881	0.09194260000003851	epochs	2.0
770.4889418228881	0.04621460000009847	epochs	3.0
770.5351564228882	0.04572799999994004	epochs	3.0
770.5808844228882	0.09003630000006524	epochs	2.0
770.5808844228882	0.04525150000006306	epochs	3.0
770.6261359228882	0.04478480000000218	epochs	3.0
770.6709207228882	0.08820759999991878	epochs	2.0
770.6709207228882	0.04432779999990544	epochs	3.0
770.7152485228881	0.04387980000001335	epochs	3.0
770.7591283228882	0.0864516999999978	epochs	2.0
770.7591283228882	0.04344100000002982	epochs	3.0
770.8025693228882	0.04301069999996798	epochs	3.0
770.8455800228882	0.0847643000000744	epochs	2.0
770.8455800228882	0.04258900000002086	epochs	3.0
770.8881690228882	0.04217530000005354	epochs	3.0
770.9303443228882	0.08314150000001064	epochs	2.0
770.9303443228882	0.041769699999917975	epochs	3.0
770.9721140228881	0.04137180000009266	epochs	3.0
771.0134858228882	0.08157969999990655	epochs	2.0
771.0134858228882	0.040981399999964196	epochs	3.0
771.0544672228882	0.040598299999942355	epochs	3.0
771.0950655228881	0.08007550000002084	epochs	2.0
771.0950655228881	0.04022229999998217	epochs	3.0
771.1352878228881	0.03985320000003867	epochs	3.0
771.1751410228882	0.07862569999997504	epochs	2.0
771.1751410228882	0.039490800000066884	epochs	3.0
771.2146318228882	0.03913489999990816	epochs	3.0
771.2537667228881	0.07722760000001472	epochs	2.0
771.2537667228881	0.038785400000051595	epochs	3.0
771.2925521228882	0.03844219999996312	epochs	3.0
771.3309943228882	0.07587820000003376	epochs	2.0
771.3309943228882	0.038104800000041905	epochs	3.0
771.3690991228882	0.03777339999999185	epochs	3.0
771.4068725228882	0.0745752000000266	epochs	2.0
771.4068725228882	0.03744770000002973	epochs	3.0
771.4443202228882	0.03712749999999687	epochs	3.0
771.4814477228882	0.07331629999998768	epochs	2.0
771.4814477228882	0.036812899999972615	epochs	3.0
771.5182606228882	0.03650340000001506	epochs	3.0
771.5547640228882	0.07209899999998015	epochs	2.0
771.5547640228882	0.03619909999997617	epochs	3.0
771.5909631228882	0.03589990000000398	epochs	3.0
771.6268630228882	0.07092169999998532	epochs	2.0
771.6268630228882	0.03560559999993984	epochs	3.0
771.6624686228881	0.03531610000004548	epochs	3.0
771.6977847228882	0.06978200000003199	epochs	2.0
771.6977847228882	0.03503120000004856	epochs	3.0
771.7328159228882	0.03475079999998343	epochs	3.0
771.7675667228882	0.06867859999999837	epochs	2.0
771.7675667228882	0.03447510000000875	epochs	3.0
771.8020418228882	0.03420349999998962	epochs	3.0
771.8362453228882	0.06760929999995824	epochs	2.0
771.8362453228882	0.033936199999970995	epochs	3.0
771.8701815228882	0.033673099999987244	epochs	3.0
771.9038546228882	0.06657289999998284	epochs	2.0
771.9038546228882	0.03341399999999339	epochs	3.0
771.9372686228882	0.033158899999989444	epochs	3.0
771.9704275228881	0.06556780000005347	epochs	2.0
771.9704275228881	0.032907700000009754	epochs	3.0
772.0033352228882	0.03266010000004371	epochs	3.0
772.0359953228882	0.06459259999996902	epochs	2.0
772.0359953228882	0.032416399999988244	epochs	3.0
772.0684117228882	0.03217619999998078	epochs	3.0
772.1005879228882	0.06364600000006249	epochs	2.0
772.1005879228882	0.03193959999998697	epochs	3.0
772.1325275228882	0.03170640000007552	epochs	3.0
772.1642339228882	0.0627266999999847	epochs	2.0
772.1642339228882	0.031476599999905375	epochs	3.0
772.1957105228881	0.03125010000007933	epochs	3.0
772.2269606228882	0.06183359999999993	epochs	2.0
772.2269606228882	0.03102689999991526	epochs	3.0
772.2579875228881	0.030806700000084675	epochs	3.0
772.2887942228882	0.060965599999917686	epochs	2.0
772.2887942228882	0.030589799999916067	epochs	3.0
772.3193840228881	0.030375800000001618	epochs	3.0
772.3497598228881	0.06012160000000222	epochs	2.0
772.3497598228881	0.030164900000045236	epochs	3.0
772.3799247228882	0.02995669999995698	epochs	3.0
772.4098814228881	0.05930070000010801	epochs	2.0
772.4098814228881	0.029751600000054168	epochs	3.0
772.4396330228882	0.02954910000005384	epochs	3.0
772.4691821228882	0.05850179999993088	epochs	2.0
772.4691821228882	0.029349399999887282	epochs	3.0
772.4985315228881	0.0291524000000436	epochs	3.0
772.5276839228882	0.057724200000052406	epochs	2.0
772.5276839228882	0.028957999999988715	epochs	3.0
772.5566419228882	0.02876620000006369	epochs	3.0
772.5854081228882	0.05696709999995164	epochs	2.0
772.5854081228882	0.028576999999927466	epochs	3.0
772.6139851228882	0.028390100000024177	epochs	3.0
772.6423752228882	0.05622949999997218	epochs	2.0
772.6423752228882	0.028205700000057732	epochs	3.0
772.6705809228882	0.028023799999914445	epochs	3.0
772.6986047228881	0.05551070000001346	epochs	2.0
772.6986047228881	0.02784400000007281	epochs	3.0
772.7264487228882	0.027666699999940647	epochs	3.0
772.7541154228882	0.054810200000019904	epochs	2.0
772.7541154228882	0.02749149999999645	epochs	3.0
772.7816069228882	0.027318700000023455	epochs	3.0
772.8089256228882	0.05412699999999404	epochs	2.0
772.8089256228882	0.027147799999966082	epochs	3.0
772.8360734228881	0.02697920000002796	epochs	3.0
772.8630526228882	0.053460699999959616	epochs	2.0
772.8630526228882	0.0268125999999711	epochs	3.0
772.8898652228881	0.026648099999988517	epochs	3.0
772.9165133228881	0.05281070000000909	epochs	2.0
772.9165133228881	0.026485600000000886	epochs	3.0
772.9429989228881	0.026325100000008206	epochs	3.0
772.9693240228881	0.05217620000007628	epochs	2.0
772.9693240228881	0.026166400000079193	epochs	3.0
772.9954904228882	0.026009799999997085	epochs	3.0
773.0215002228882	0.051556699999991906	epochs	2.0
773.0215002228882	0.025854799999933675	epochs	3.0
773.0473550228882	0.02570190000005823	epochs	3.0
773.0730569228882	0.05095189999997274	epochs	2.0
773.0730569228882	0.025550699999939752	epochs	3.0
773.0986076228882	0.025401200000032986	epochs	3.0
773.1240088228882	0.05036099999995258	epochs	2.0
773.1240088228882	0.025253499999962514	epochs	3.0
773.1492623228881	0.02510749999999007	epochs	3.0
773.1743698228881	0.049783800000000156	epochs	2.0
773.1743698228881	0.02496320000000196	epochs	3.0
773.1993330228881	0.024820599999998194	epochs	3.0
773.2241536228881	0.049219500000049266	epochs	2.0
773.2241536228881	0.02467940000008184	epochs	3.0
773.2488330228882	0.024540099999967424	epochs	3.0
773.2733731228882	0.048667899999941255	epochs	2.0
773.2733731228882	0.02440209999997478	epochs	3.0
773.2977752228882	0.024265799999966475	epochs	3.0
773.3220410228881	0.04812860000004093	epochs	2.0
773.3220410228881	0.024131000000011227	epochs	3.0
773.3461720228881	0.023997600000029706	epochs	3.0
773.3701696228882	0.047601100000065344	epochs	2.0
773.3701696228882	0.023865800000066884	epochs	3.0
773.3940354228882	0.02373529999999846	epochs	3.0
773.4177707228882	0.04708499999992455	epochs	2.0
773.4177707228882	0.023606299999983094	epochs	3.0
773.4413770228882	0.023478699999941455	epochs	3.0
773.4648557228882	0.04658000000006268	epochs	2.0
773.4648557228882	0.02335249999998723	epochs	3.0
773.4882082228881	0.02322750000007545	epochs	3.0
773.5114357228882	0.04608569999993506	epochs	2.0
773.5114357228882	0.023103999999989355	epochs	3.0
773.5345397228882	0.022981699999945704	epochs	3.0
773.5575214228882	0.045601799999985815	epochs	2.0
773.5575214228882	0.022860700000023826	epochs	3.0
773.5803821228882	0.02274109999996199	epochs	3.0
773.6031232228881	0.04512790000001132	epochs	2.0
773.6031232228881	0.022622500000011314	epochs	3.0
773.6257457228882	0.02250540000000001	epochs	3.0
773.6482511228882	0.0446638000000803	epochs	2.0
773.6482511228882	0.02238929999998618	epochs	3.0
773.6706404228881	0.022274500000094122	epochs	3.0
773.6929149228882	0.04420919999995476	epochs	2.0
773.6929149228882	0.022160799999937808	epochs	3.0
773.7150757228882	0.022048400000016954	epochs	3.0
773.7371241228882	0.043763600000033875	epochs	2.0
773.7371241228882	0.021936900000014248	epochs	3.0
773.7590610228882	0.021826700000019628	epochs	3.0
773.7808877228882	0.04332709999994222	epochs	2.0
773.7808877228882	0.021717599999988124	epochs	3.0
773.8026053228882	0.021609499999954096	epochs	3.0
773.8242148228882	0.04289900000003399	epochs	2.0
773.8242148228882	0.02150249999999687	epochs	3.0
773.8457173228882	0.021396500000037122	epochs	3.0
773.8671138228882	0.042479500000013104	epochs	2.0
773.8671138228882	0.02129170000000613	epochs	3.0
773.8884055228882	0.021187800000006973	epochs	3.0
773.9095933228882	0.042067900000006375	epochs	2.0
773.9095933228882	0.02108490000000529	epochs	3.0
773.9306782228882	0.020983000000001084	epochs	3.0
773.9516612228882	0.04166439999994509	epochs	2.0
773.9516612228882	0.020882199999959994	epochs	3.0
773.9725434228882	0.020782199999985096	epochs	3.0
773.9933256228882	0.04126850000000104	epochs	2.0
773.9933256228882	0.020683299999973315	epochs	3.0
774.0140089228881	0.020585200000027726	epochs	3.0
774.0345941228882	0.04088000000001557	epochs	2.0
774.0345941228882	0.020488099999965925	epochs	3.0
774.0550822228881	0.020391900000049645	epochs	3.0
774.0754741228882	0.04049880000002304	epochs	2.0
774.0754741228882	0.020296600000051512	epochs	3.0
774.0957707228882	0.020202199999971526	epochs	3.0
774.1159729228882	0.04012460000001283	epochs	2.0
774.1159729228882	0.02010870000003706	epochs	3.0
774.1360816228882	0.020015899999975773	epochs	3.0
774.1560975228882	0.03975730000001931	epochs	2.0
774.1560975228882	0.019924199999991288	epochs	3.0
774.1760217228882	0.019833100000028026	epochs	3.0
774.1958548228882	0.03939669999999751	epochs	2.0
774.1958548228882	0.01974299999994855	epochs	3.0
774.2155978228882	0.019653700000048957	epochs	3.0
774.2352515228882	0.03904239999997117	epochs	2.0
774.2352515228882	0.019565099999908853	epochs	3.0
774.2548166228881	0.019477300000062314	epochs	3.0
774.2742939228882	0.03869459999998526	epochs	2.0
774.2742939228882	0.019390400000020236	epochs	3.0
774.2936843228882	0.01930419999996502	epochs	3.0
774.3129885228882	0.03835289999994984	epochs	2.0
774.3129885228882	0.019218799999976	epochs	3.0
774.3322073228882	0.01913409999997384	epochs	3.0
774.3513414228881	0.03801720000001296	epochs	2.0
774.3513414228881	0.019050200000037876	epochs	3.0
774.3703916228882	0.018966999999975087	epochs	3.0
774.3893586228882	0.037687200000050325	epochs	2.0
774.3893586228882	0.01888450000001285	epochs	3.0
774.4082431228882	0.018802700000037476	epochs	3.0
774.4270458228882	0.03736309999999321	epochs	2.0
774.4270458228882	0.018721700000014607	epochs	3.0
774.4457675228882	0.018641399999978603	epochs	3.0
774.4644089228882	0.03704429999993408	epochs	2.0
774.4644089228882	0.01856159999999818	epochs	3.0
774.4829705228882	0.018482699999935903	epochs	3.0
774.5014532228881	0.0367310000000316	epochs	2.0
774.5014532228881	0.018404300000042895	epochs	3.0
774.5198575228882	0.018326699999988705	epochs	3.0
774.5381842228882	0.036422900000047775	epochs	2.0
774.5381842228882	0.018249599999990096	epochs	3.0
774.5564338228882	0.01817330000005768	epochs	3.0
774.5746071228882	0.03612009999994825	epochs	2.0
774.5746071228882	0.01809759999991911	epochs	3.0
774.5927047228881	0.01802250000002914	epochs	3.0
774.6107272228882	0.03582210000001851	epochs	2.0
774.6107272228882	0.017947899999967376	epochs	3.0
774.6286751228881	0.017874200000051133	epochs	3.0
774.6465493228882	0.03552899999999681	epochs	2.0
774.6465493228882	0.017800800000031813	epochs	3.0
774.6643501228882	0.017728199999965	epochs	3.0
774.6820783228882	0.03524070000003121	epochs	2.0
774.6820783228882	0.017656100000067454	epochs	3.0
774.6997344228882	0.017584599999963757	epochs	3.0
774.7173190228882	0.03495709999992869	epochs	2.0
774.7173190228882	0.01751369999999497	epochs	3.0
774.7348327228882	0.017443399999933717	epochs	3.0
774.7522761228881	0.03467790000001969	epochs	2.0
774.7522761228881	0.017373600000041733	epochs	3.0
774.7696497228882	0.017304299999977957	epochs	3.0
774.7869540228882	0.03440330000000813	epochs	2.0
774.7869540228882	0.01723570000001473	epochs	3.0
774.8041897228882	0.0171675999999934	epochs	3.0
774.8213573228882	0.0341328000000658	epochs	2.0
774.8213573228882	0.017099900000062007	epochs	3.0
774.8384572228882	0.017032900000003792	epochs	3.0
774.8554901228882	0.033866699999975935	epochs	2.0
774.8554901228882	0.01696640000000116	epochs	3.0
774.8724565228882	0.016900299999974777	epochs	3.0
774.8893568228882	0.03360459999998966	epochs	2.0
774.8893568228882	0.01683479999996962	epochs	3.0
774.9061916228882	0.01676980000002004	epochs	3.0
774.9229614228882	0.033346599999958926	epochs	2.0
774.9229614228882	0.016705300000012357	epochs	3.0
774.9396667228882	0.01664129999994657	epochs	3.0
774.9563080228882	0.03309250000006614	epochs	2.0
774.9563080228882	0.016577800000050047	epochs	3.0
774.9728858228882	0.01651470000001609	epochs	3.0
774.9894005228882	0.03284229999997024	epochs	2.0
774.9894005228882	0.01645220000000336	epochs	3.0
775.0058527228882	0.01639009999996688	epochs	3.0
775.0222428228882	0.03259570000000167	epochs	2.0
775.0222428228882	0.016328400000020338	epochs	3.0
775.0385712228882	0.016267299999981333	epochs	3.0
775.0548385228882	0.032352899999978035	epochs	2.0
775.0548385228882	0.016206600000032267	epochs	3.0
775.0710451228882	0.016146299999945768	epochs	3.0
775.0871914228882	0.03211369999996805	epochs	2.0
775.0871914228882	0.016086599999994178	epochs	3.0
775.1032780228882	0.01602709999997387	epochs	3.0
775.1193051228881	0.03187800000000607	epochs	2.0
775.1193051228881	0.015968200000088473	epochs	3.0
775.1352733228882	0.015909799999917595	epochs	3.0
775.1511831228881	0.031645700000012766	epochs	2.0
775.1511831228881	0.01585160000001906	epochs	3.0
775.1670347228882	0.015794099999993705	epochs	3.0
775.1828288228882	0.0314167000000225	epochs	2.0
775.1828288228882	0.015736700000047676	epochs	3.0
775.1985655228882	0.015679999999974825	epochs	3.0
775.2142455228882	0.031191100000000915	epochs	2.0
775.2142455228882	0.015623600000026272	epochs	3.0
775.2298691228882	0.015567499999974643	epochs	3.0
775.2454366228882	0.030968700000016725	epochs	2.0
775.2454366228882	0.015512000000057924	epochs	3.0
775.2609486228882	0.0154566999999588	epochs	3.0
775.2764053228882	0.030749499999956242	epochs	2.0
775.2764053228882	0.015401999999994587	epochs	3.0
775.2918073228882	0.015347499999961656	epochs	3.0
775.3071548228882	0.03053320000003623	epochs	2.0
775.3071548228882	0.015293400000018664	epochs	3.0
775.3224482228882	0.015239800000017567	epochs	3.0
775.3376880228882	0.03032010000003993	epochs	2.0
775.3376880228882	0.015186500000027081	epochs	3.0
775.3528745228882	0.015133600000012848	epochs	3.0
775.3680081228882	0.030109899999956724	epochs	2.0
775.3680081228882	0.015081000000009226	epochs	3.0
775.3830891228882	0.015028899999947498	epochs	3.0
775.3981180228882	0.02990250000004835	epochs	2.0
775.3981180228882	0.014977000000044427	epochs	3.0
775.4130950228882	0.014925500000003922	epochs	3.0
775.4280205228882	0.029698099999905025	epochs	2.0
775.4280205228882	0.01487439999993967	epochs	3.0
775.4428949228882	0.014823699999965356	epochs	3.0
775.4577186228881	0.02949630000000525	epochs	2.0
775.4577186228881	0.014773200000036013	epochs	3.0
775.4724918228882	0.014723099999969236	epochs	3.0
775.4872149228881	0.02929740000001857	epochs	2.0
775.4872149228881	0.014673399999992398	epochs	3.0
775.5018883228881	0.014624000000026172	epochs	3.0
775.5165123228882	0.029101100000048064	epochs	2.0
775.5165123228882	0.014574900000070556	epochs	3.0
775.5310872228882	0.014526199999977507	epochs	3.0
775.5456134228882	0.028907399999980044	epochs	2.0
775.5456134228882	0.014477699999929428	epochs	3.0
775.5600911228881	0.014429700000050616	epochs	3.0
775.5745208228882	0.028716199999962555	epochs	2.0
775.5745208228882	0.014381800000023759	epochs	3.0
775.5889026228882	0.014334399999938796	epochs	3.0
775.6032370228882	0.028527600000074926	epochs	2.0
775.6032370228882	0.01428720000001249	epochs	3.0
775.6175242228882	0.014240400000062436	epochs	3.0
775.6317646228882	0.028341399999931127	epochs	2.0
775.6317646228882	0.014193799999929979	epochs	3.0
775.6459584228882	0.014147600000001148	epochs	3.0
775.6601060228882	0.028157700000065233	epochs	2.0
775.6601060228882	0.014101700000082928	epochs	3.0
775.6742077228882	0.014055999999982305	epochs	3.0
775.6882637228882	0.027976299999977527	epochs	2.0
775.6882637228882	0.01401060000000598	epochs	3.0
775.7022743228882	0.013965699999971548	epochs	3.0
775.7162400228882	0.02779720000000907	epochs	2.0
775.7162400228882	0.013920799999937117	epochs	3.0
775.7301608228881	0.013876400000071953	epochs	3.0
775.7440372228882	0.027620399999932488	epochs	2.0
775.7440372228882	0.013832200000024386	epochs	3.0
775.7578694228882	0.013788199999908102	epochs	3.0
775.7716576228881	0.02744590000008884	epochs	2.0
775.7716576228881	0.013744599999995444	epochs	3.0
775.7854022228881	0.013701300000093397	epochs	3.0
775.7991035228882	0.027273499999978412	epochs	2.0
775.7991035228882	0.01365819999989526	epochs	3.0
775.8127617228881	0.013615300000083153	epochs	3.0
775.8263770228882	0.027103399999987232	epochs	2.0
775.8263770228882	0.013572800000019924	epochs	3.0
775.8399498228882	0.013530599999967308	epochs	3.0
775.8534804228882	0.02693520000002536	epochs	2.0
775.8534804228882	0.013488400000028378	epochs	3.0
775.8669688228882	0.013446799999996983	epochs	3.0
775.8804156228882	0.026769199999989723	epochs	2.0
775.8804156228882	0.013405199999965589	epochs	3.0
775.8938208228882	0.013364000000024134	epochs	3.0
775.9071848228882	0.026605199999949036	epochs	2.0
775.9071848228882	0.013322899999934634	epochs	3.0
775.9205077228881	0.013282300000014402	epochs	3.0
775.9337900228882	0.026443200000016986	epochs	2.0
775.9337900228882	0.013241699999980483	epochs	3.0
775.9470317228881	0.013201500000036503	epochs	3.0
775.9602332228882	0.0262831999999662	epochs	2.0
775.9602332228882	0.013161500000023807	epochs	3.0
775.9733947228882	0.013121699999942393	epochs	3.0
775.9865164228881	0.02612500000009277	epochs	2.0
775.9865164228881	0.013082100000019636	epochs	3.0
775.9995985228882	0.013042900000073132	epochs	3.0
776.0126414228882	0.025968899999952555	epochs	2.0
776.0126414228882	0.013003899999944224	epochs	3.0
776.0256453228882	0.012965000000008331	epochs	3.0
776.0386103228882	0.025814500000024054	epochs	2.0
776.0386103228882	0.012926399999969362	epochs	3.0
776.0515367228882	0.012888100000054692	epochs	3.0
776.0644248228882	0.025661899999931848	epochs	2.0
776.0644248228882	0.012849899999991976	epochs	3.0
776.0772747228882	0.012811999999939871	epochs	3.0
776.0900867228881	0.025511199999982637	epochs	2.0
776.0900867228881	0.012774400000012065	epochs	3.0
776.1028611228882	0.012736799999970572	epochs	3.0
776.1155979228881	0.025362300000097093	epochs	2.0
776.1155979228881	0.012699700000098346	epochs	3.0
776.1282976228882	0.012662599999998747	epochs	3.0
776.1409602228882	0.025215000000002874	epochs	2.0
776.1409602228882	0.01262579999990976	epochs	3.0
776.1535860228881	0.012589200000093115	epochs	3.0
776.1661752228882	0.024584799999956886	epochs	2.0
776.1902972228881	0.5	epochs	-1.0
776.1907600228882	0.5398400000000265	epochs	1.0
776.7306000228882	0.4600799999999481	epochs	0.0
777.5370001792908	0.03976000000000113	epochs	0.0
777.5370001792908	0.014882199999988188	epochs	1.0
777.5518823792908	0.009995600000024751	epochs	1.0
777.5618779792908	0.014882199999988188	epochs	1.0
777.5767601792908	2.0	epochs	0.0
779.5767601792908	21.52031999999997	epochs	0.0
779.5767601792908	1.0	epochs	1.0
779.5767773792908	0.5	epochs	-1.0
780.0767773792908	19.99951999999996	epochs	-1.0
780.5767601792908	20.0	epochs	1.0
780.5767601792908	4.356753899999944	epochs	-1.0
780.5767601792908	1.9745871999999736	epochs	2.0
780.5767601792908	1.0985621999999466	epochs	3.0
781.6753223792907	0.8760250000000269	epochs	3.0
782.5513473792907	1.3524075000000266	epochs	2.0
782.5513473792907	0.7286354999999958	epochs	3.0
783.2799828792907	0.6237720000000309	epochs	3.0
783.9037548792908	1.029759199999944	epochs	2.0
783.9037548792908	0.5453293000000485	epochs	3.0
784.4490841792908	0.4844298999998955	epochs	3.0
784.9335140792907	0.8317862000000105	epochs	2.0
784.9335140792907	0.4357763000000432	epochs	3.0
785.3692903792908	0.3960098999999673	epochs	3.0
785.7653002792907	0.6977970000000369	epochs	2.0
785.7653002792907	0.3628982000000178	epochs	3.0
786.1281984792907	0.33489880000001904	epochs	3.0
786.4630972792908	0.601045699999986	epochs	2.0
786.4630972792908	0.3109123000000409	epochs	3.0
786.7740095792908	0.29013339999994514	epochs	3.0
787.0641429792908	0.5278859000000011	epochs	2.0
787.0641429792908	0.2719586000000618	epochs	3.0
787.3361015792908	0.25592729999993935	epochs	3.0
787.5920288792908	0.4706193000000667	epochs	2.0
787.5920288792908	0.241681299999982	epochs	3.0
787.8337101792907	0.22893800000008468	epochs	3.0
788.0626481792908	0.42457039999999324	epochs	2.0
788.0626481792908	0.2174713999999085	epochs	3.0
788.2801195792907	0.20709900000008474	epochs	3.0
788.4872185792908	0.3867353999999068	epochs	2.0
788.4872185792908	0.19767109999997956	epochs	3.0
788.6848896792908	0.18906429999992724	epochs	3.0
788.8739539792907	0.3550953000000163	epochs	2.0
788.8739539792907	0.18117590000008477	epochs	3.0
789.0551298792908	0.17391939999993156	epochs	3.0
789.2290492792907	0.3282431000000088	epochs	2.0
789.2290492792907	0.1672219000000723	epochs	3.0
789.3962711792908	0.16102119999993647	epochs	3.0
789.5572923792907	0.30516799999998057	epochs	2.0
789.5572923792907	0.15526390000002266	epochs	3.0
789.7125562792908	0.1499040999999579	epochs	3.0
789.8624603792907	0.28512530000000424	epochs	2.0
789.8624603792907	0.1449021000000812	epochs	3.0
790.0073624792908	0.14022319999992305	epochs	3.0
790.1475856792907	0.267553800000087	epochs	2.0
790.1475856792907	0.1358369000000721	epochs	3.0
790.2834225792908	0.1317169000000149	epochs	3.0
790.4151394792908	0.252022899999929	epochs	2.0
790.4151394792908	0.1278393000000051	epochs	3.0
790.5429787792908	0.1241835999999239	epochs	3.0
790.6671623792907	0.23819650000007186	epochs	2.0
790.6671623792907	0.12073110000005727	epochs	3.0
790.7878934792908	0.1174654000000146	epochs	3.0
790.9053588792908	0.2258087999999816	epochs	2.0
790.9053588792908	0.1143718999999237	epochs	3.0
791.0197307792907	0.1114369000000579	epochs	3.0
791.1311676792908	0.2146460000000161	epochs	2.0
791.1311676792908	0.10864889999993466	epochs	3.0
791.2398165792907	0.10599710000008145	epochs	3.0
791.3458136792908	0.20453499999996438	epochs	2.0
791.3458136792908	0.10347149999995509	epochs	3.0
791.4492851792908	0.1010635000000093	epochs	3.0
791.5503486792908	0.19533400000000256	epochs	2.0
791.5503486792908	0.09876510000003691	epochs	3.0
791.6491137792908	0.09656889999996565	epochs	3.0
791.7456826792908	0.18692529999998442	epochs	2.0
791.7456826792908	0.09446830000001682	epochs	3.0
791.8401509792908	0.09245699999996759	epochs	3.0
791.9326079792908	0.17921069999999872	epochs	2.0
791.9326079792908	0.09052959999996801	epochs	3.0
792.0231375792907	0.08868110000003071	epochs	3.0
792.1118186792908	0.17210769999996955	epochs	2.0
792.1118186792908	0.08690630000000965	epochs	3.0
792.1987249792908	0.0852013999999599	epochs	3.0
792.2839263792907	0.16554640000003928	epochs	2.0
792.2839263792907	0.08356190000006336	epochs	3.0
792.3674882792908	0.08198449999997592	epochs	3.0
792.4494727792908	0.15946710000002895	epochs	2.0
792.4494727792908	0.08046539999998004	epochs	3.0
792.5299381792908	0.07900170000004891	epochs	3.0
792.6089398792908	0.15381839999997737	epochs	2.0
792.6089398792908	0.07759009999995214	epochs	3.0
792.6865299792908	0.07622830000002523	epochs	3.0
792.7627582792908	0.14855639999996129	epochs	2.0
792.7627582792908	0.07491330000004837	epochs	3.0
792.8376715792908	0.07364309999991292	epochs	3.0
792.9113146792907	0.14364239999997608	epochs	2.0
792.9113146792907	0.07241499999997814	epochs	3.0
792.9837296792907	0.07122739999999794	epochs	3.0
793.0549570792907	0.13904310000009446	epochs	2.0
793.0549570792907	0.07007800000008046	epochs	3.0
793.1250350792908	0.06896510000001399	epochs	3.0
793.1940001792908	0.1347293000000036	epochs	2.0
793.1940001792908	0.0678871000000072	epochs	3.0
793.2618872792908	0.06684219999999641	epochs	3.0
793.3287294792908	0.13067519999992783	epochs	2.0
793.3287294792908	0.06582909999997355	epochs	3.0
793.3945585792908	0.06484609999995428	epochs	3.0
793.4594046792907	0.12685780000003888	epochs	2.0
793.4594046792907	0.06389200000000983	epochs	3.0
793.5232966792908	0.06296580000002905	epochs	3.0
793.5862624792908	0.12325720000001184	epochs	2.0
793.5862624792908	0.06206580000002759	epochs	3.0
793.6483282792908	0.06119139999998424	epochs	3.0
793.7095196792908	0.11985540000000583	epochs	2.0
793.7095196792908	0.060341099999959624	epochs	3.0
793.7698607792908	0.059514300000046205	epochs	3.0
793.8293750792908	0.11663620000001629	epochs	2.0
793.8293750792908	0.058709599999929196	epochs	3.0
793.8880846792907	0.05792660000008709	epochs	3.0
793.9460112792908	0.11358559999996487	epochs	2.0
793.9460112792908	0.05716419999998834	epochs	3.0
794.0031754792908	0.05642139999997653	epochs	3.0
794.0595968792908	0.11069050000003244	epochs	2.0
794.0595968792908	0.055697900000041045	epochs	3.0
794.1152947792908	0.0549925999999914	epochs	3.0
794.1702873792908	0.10793909999995321	epochs	2.0
794.1702873792908	0.05430489999992005	epochs	3.0
794.2245922792907	0.05363420000003316	epochs	3.0
794.2782264792908	0.10532150000005913	epochs	2.0
794.2782264792908	0.05298000000004777	epochs	3.0
794.3312064792908	0.052341500000011365	epochs	3.0
794.3835479792908	0.10282759999995505	epochs	2.0
794.3835479792908	0.051718099999902734	epochs	3.0
794.4352660792907	0.05110950000005232	epochs	3.0
794.4863755792908	0.10044909999999163	epochs	2.0
794.4863755792908	0.05051489999993919	epochs	3.0
794.5368904792907	0.04993420000005244	epochs	3.0
794.5868246792908	0.0981782999999723	epochs	2.0
794.5868246792908	0.04936659999998483	epochs	3.0
794.6361912792908	0.04881169999998747	epochs	3.0
794.6850029792907	0.09600780000005216	epochs	2.0
794.6850029792907	0.04826920000004975	epochs	3.0
794.7332721792908	0.04773860000000241	epochs	3.0
794.7810107792908	0.09393119999992905	epochs	2.0
794.7810107792908	0.04721949999998287	epochs	3.0
794.8282302792908	0.04671169999994618	epochs	3.0
794.8749419792907	0.09194260000003851	epochs	2.0
794.8749419792907	0.04621460000009847	epochs	3.0
794.9211565792908	0.04572799999994004	epochs	3.0
794.9668845792908	0.09003630000006524	epochs	2.0
794.9668845792908	0.04525150000006306	epochs	3.0
795.0121360792908	0.04478480000000218	epochs	3.0
795.0569208792908	0.08820759999991878	epochs	2.0
795.0569208792908	0.04432779999990544	epochs	3.0
795.1012486792907	0.04387980000001335	epochs	3.0
795.1451284792907	0.0864516999999978	epochs	2.0
795.1451284792907	0.04344100000002982	epochs	3.0
795.1885694792908	0.04301069999996798	epochs	3.0
795.2315801792907	0.0847643000000744	epochs	2.0
795.2315801792907	0.04258900000002086	epochs	3.0
795.2741691792908	0.04217530000005354	epochs	3.0
795.3163444792908	0.08314150000001064	epochs	2.0
795.3163444792908	0.041769699999917975	epochs	3.0
795.3581141792907	0.04137180000009266	epochs	3.0
795.3994859792908	0.08157969999990655	epochs	2.0
795.3994859792908	0.040981399999964196	epochs	3.0
795.4404673792908	0.040598299999942355	epochs	3.0
795.4810656792907	0.08007550000002084	epochs	2.0
795.4810656792907	0.04022229999998217	epochs	3.0
795.5212879792907	0.03985320000003867	epochs	3.0
795.5611411792908	0.07862569999997504	epochs	2.0
795.5611411792908	0.039490800000066884	epochs	3.0
795.6006319792908	0.03913489999990816	epochs	3.0
795.6397668792907	0.07722760000001472	epochs	2.0
795.6397668792907	0.038785400000051595	epochs	3.0
795.6785522792908	0.03844219999996312	epochs	3.0
795.7169944792907	0.07587820000003376	epochs	2.0
795.7169944792907	0.038104800000041905	epochs	3.0
795.7550992792908	0.03777339999999185	epochs	3.0
795.7928726792908	0.0745752000000266	epochs	2.0
795.7928726792908	0.03744770000002973	epochs	3.0
795.8303203792908	0.03712749999999687	epochs	3.0
795.8674478792908	0.07331629999998768	epochs	2.0
795.8674478792908	0.036812899999972615	epochs	3.0
795.9042607792908	0.03650340000001506	epochs	3.0
795.9407641792908	0.07209899999998015	epochs	2.0
795.9407641792908	0.03619909999997617	epochs	3.0
795.9769632792908	0.03589990000000398	epochs	3.0
796.0128631792908	0.07092169999998532	epochs	2.0
796.0128631792908	0.03560559999993984	epochs	3.0
796.0484687792907	0.03531610000004548	epochs	3.0
796.0837848792908	0.06978200000003199	epochs	2.0
796.0837848792908	0.03503120000004856	epochs	3.0
796.1188160792908	0.03475079999998343	epochs	3.0
796.1535668792908	0.06867859999999837	epochs	2.0
796.1535668792908	0.03447510000000875	epochs	3.0
796.1880419792908	0.03420349999998962	epochs	3.0
796.2222454792908	0.06760929999995824	epochs	2.0
796.2222454792908	0.033936199999970995	epochs	3.0
796.2561816792908	0.033673099999987244	epochs	3.0
796.2898547792907	0.06657289999998284	epochs	2.0
796.2898547792907	0.03341399999999339	epochs	3.0
796.3232687792907	0.033158899999989444	epochs	3.0
796.3564276792907	0.06556780000005347	epochs	2.0
796.3564276792907	0.032907700000009754	epochs	3.0
796.3893353792907	0.03266010000004371	epochs	3.0
796.4219954792908	0.06459259999996902	epochs	2.0
796.4219954792908	0.032416399999988244	epochs	3.0
796.4544118792908	0.03217619999998078	epochs	3.0
796.4865880792908	0.06364600000006249	epochs	2.0
796.4865880792908	0.03193959999998697	epochs	3.0
796.5185276792907	0.03170640000007552	epochs	3.0
796.5502340792908	0.0627266999999847	epochs	2.0
796.5502340792908	0.031476599999905375	epochs	3.0
796.5817106792907	0.03125010000007933	epochs	3.0
796.6129607792908	0.06183359999999993	epochs	2.0
796.6129607792908	0.03102689999991526	epochs	3.0
796.6439876792907	0.030806700000084675	epochs	3.0
796.6747943792908	0.060965599999917686	epochs	2.0
796.6747943792908	0.030589799999916067	epochs	3.0
796.7053841792907	0.030375800000001618	epochs	3.0
796.7357599792907	0.06012160000000222	epochs	2.0
796.7357599792907	0.030164900000045236	epochs	3.0
796.7659248792908	0.02995669999995698	epochs	3.0
796.7958815792907	0.05930070000010801	epochs	2.0
796.7958815792907	0.029751600000054168	epochs	3.0
796.8256331792908	0.02954910000005384	epochs	3.0
796.8551822792908	0.05850179999993088	epochs	2.0
796.8551822792908	0.029349399999887282	epochs	3.0
796.8845316792907	0.0291524000000436	epochs	3.0
796.9136840792908	0.057724200000052406	epochs	2.0
796.9136840792908	0.028957999999988715	epochs	3.0
796.9426420792907	0.02876620000006369	epochs	3.0
796.9714082792908	0.05696709999995164	epochs	2.0
796.9714082792908	0.028576999999927466	epochs	3.0
796.9999852792907	0.028390100000024177	epochs	3.0
797.0283753792908	0.05622949999997218	epochs	2.0
797.0283753792908	0.028205700000057732	epochs	3.0
797.0565810792908	0.028023799999914445	epochs	3.0
797.0846048792907	0.05551070000001346	epochs	2.0
797.0846048792907	0.02784400000007281	epochs	3.0
797.1124488792908	0.027666699999940647	epochs	3.0
797.1401155792908	0.054810200000019904	epochs	2.0
797.1401155792908	0.02749149999999645	epochs	3.0
797.1676070792907	0.027318700000023455	epochs	3.0
797.1949257792908	0.05412699999999404	epochs	2.0
797.1949257792908	0.027147799999966082	epochs	3.0
797.2220735792907	0.02697920000002796	epochs	3.0
797.2490527792908	0.053460699999959616	epochs	2.0
797.2490527792908	0.0268125999999711	epochs	3.0
797.2758653792907	0.026648099999988517	epochs	3.0
797.3025134792907	0.05281070000000909	epochs	2.0
797.3025134792907	0.026485600000000886	epochs	3.0
797.3289990792907	0.026325100000008206	epochs	3.0
797.3553241792907	0.05217620000007628	epochs	2.0
797.3553241792907	0.026166400000079193	epochs	3.0
797.3814905792908	0.026009799999997085	epochs	3.0
797.4075003792908	0.051556699999991906	epochs	2.0
797.4075003792908	0.025854799999933675	epochs	3.0
797.4333551792907	0.02570190000005823	epochs	3.0
797.4590570792908	0.05095189999997274	epochs	2.0
797.4590570792908	0.025550699999939752	epochs	3.0
797.4846077792907	0.025401200000032986	epochs	3.0
797.5100089792908	0.05036099999995258	epochs	2.0
797.5100089792908	0.025253499999962514	epochs	3.0
797.5352624792907	0.02510749999999007	epochs	3.0
797.5603699792907	0.049783800000000156	epochs	2.0
797.5603699792907	0.02496320000000196	epochs	3.0
797.5853331792907	0.024820599999998194	epochs	3.0
797.6101537792907	0.049219500000049266	epochs	2.0
797.6101537792907	0.02467940000008184	epochs	3.0
797.6348331792908	0.024540099999967424	epochs	3.0
797.6593732792908	0.048667899999941255	epochs	2.0
797.6593732792908	0.02440209999997478	epochs	3.0
797.6837753792908	0.024265799999966475	epochs	3.0
797.7080411792907	0.04812860000004093	epochs	2.0
797.7080411792907	0.024131000000011227	epochs	3.0
797.7321721792907	0.023997600000029706	epochs	3.0
797.7561697792908	0.047601100000065344	epochs	2.0
797.7561697792908	0.023865800000066884	epochs	3.0
797.7800355792908	0.02373529999999846	epochs	3.0
797.8037708792908	0.04708499999992455	epochs	2.0
797.8037708792908	0.023606299999983094	epochs	3.0
797.8273771792908	0.023478699999941455	epochs	3.0
797.8508558792907	0.04658000000006268	epochs	2.0
797.8508558792907	0.02335249999998723	epochs	3.0
797.8742083792907	0.02322750000007545	epochs	3.0
797.8974358792908	0.04608569999993506	epochs	2.0
797.8974358792908	0.023103999999989355	epochs	3.0
797.9205398792908	0.022981699999945704	epochs	3.0
797.9435215792907	0.045601799999985815	epochs	2.0
797.9435215792907	0.022860700000023826	epochs	3.0
797.9663822792908	0.02274109999996199	epochs	3.0
797.9891233792907	0.04512790000001132	epochs	2.0
797.9891233792907	0.022622500000011314	epochs	3.0
798.0117458792907	0.02250540000000001	epochs	3.0
798.0342512792907	0.0446638000000803	epochs	2.0
798.0342512792907	0.02238929999998618	epochs	3.0
798.0566405792907	0.022274500000094122	epochs	3.0
798.0789150792908	0.04420919999995476	epochs	2.0
798.0789150792908	0.022160799999937808	epochs	3.0
798.1010758792908	0.022048400000016954	epochs	3.0
798.1231242792908	0.043763600000033875	epochs	2.0
798.1231242792908	0.021936900000014248	epochs	3.0
798.1450611792908	0.021826700000019628	epochs	3.0
798.1668878792908	0.04332709999994222	epochs	2.0
798.1668878792908	0.021717599999988124	epochs	3.0
798.1886054792908	0.021609499999954096	epochs	3.0
798.2102149792908	0.04289900000003399	epochs	2.0
798.2102149792908	0.02150249999999687	epochs	3.0
798.2317174792908	0.021396500000037122	epochs	3.0
798.2531139792908	0.042479500000013104	epochs	2.0
798.2531139792908	0.02129170000000613	epochs	3.0
798.2744056792908	0.021187800000006973	epochs	3.0
798.2955934792908	0.042067900000006375	epochs	2.0
798.2955934792908	0.02108490000000529	epochs	3.0
798.3166783792908	0.020983000000001084	epochs	3.0
798.3376613792908	0.04166439999994509	epochs	2.0
798.3376613792908	0.020882199999959994	epochs	3.0
798.3585435792908	0.020782199999985096	epochs	3.0
798.3793257792908	0.04126850000000104	epochs	2.0
798.3793257792908	0.020683299999973315	epochs	3.0
798.4000090792907	0.020585200000027726	epochs	3.0
798.4205942792908	0.04088000000001557	epochs	2.0
798.4205942792908	0.020488099999965925	epochs	3.0
798.4410823792907	0.020391900000049645	epochs	3.0
798.4614742792908	0.04049880000002304	epochs	2.0
798.4614742792908	0.020296600000051512	epochs	3.0
798.4817708792908	0.020202199999971526	epochs	3.0
798.5019730792908	0.04012460000001283	epochs	2.0
798.5019730792908	0.02010870000003706	epochs	3.0
798.5220817792908	0.020015899999975773	epochs	3.0
798.5420976792908	0.03975730000001931	epochs	2.0
798.5420976792908	0.019924199999991288	epochs	3.0
798.5620218792908	0.019833100000028026	epochs	3.0
798.5818549792908	0.03939669999999751	epochs	2.0
798.5818549792908	0.01974299999994855	epochs	3.0
798.6015979792908	0.019653700000048957	epochs	3.0
798.6212516792908	0.03904239999997117	epochs	2.0
798.6212516792908	0.019565099999908853	epochs	3.0
798.6408167792907	0.019477300000062314	epochs	3.0
798.6602940792908	0.03869459999998526	epochs	2.0
798.6602940792908	0.019390400000020236	epochs	3.0
798.6796844792908	0.01930419999996502	epochs	3.0
798.6989886792908	0.03835289999994984	epochs	2.0
798.6989886792908	0.019218799999976	epochs	3.0
798.7182074792908	0.01913409999997384	epochs	3.0
798.7373415792907	0.03801720000001296	epochs	2.0
798.7373415792907	0.019050200000037876	epochs	3.0
798.7563917792908	0.018966999999975087	epochs	3.0
798.7753587792907	0.037687200000050325	epochs	2.0
798.7753587792907	0.01888450000001285	epochs	3.0
798.7942432792908	0.018802700000037476	epochs	3.0
798.8130459792908	0.03736309999999321	epochs	2.0
798.8130459792908	0.018721700000014607	epochs	3.0
798.8317676792908	0.018641399999978603	epochs	3.0
798.8504090792908	0.03704429999993408	epochs	2.0
798.8504090792908	0.01856159999999818	epochs	3.0
798.8689706792908	0.018482699999935903	epochs	3.0
798.8874533792907	0.0367310000000316	epochs	2.0
798.8874533792907	0.018404300000042895	epochs	3.0
798.9058576792908	0.018326699999988705	epochs	3.0
798.9241843792908	0.036422900000047775	epochs	2.0
798.9241843792908	0.018249599999990096	epochs	3.0
798.9424339792907	0.01817330000005768	epochs	3.0
798.9606072792908	0.03612009999994825	epochs	2.0
798.9606072792908	0.01809759999991911	epochs	3.0
798.9787048792907	0.01802250000002914	epochs	3.0
798.9967273792907	0.03582210000001851	epochs	2.0
798.9967273792907	0.017947899999967376	epochs	3.0
799.0146752792907	0.017874200000051133	epochs	3.0
799.0325494792908	0.03552899999999681	epochs	2.0
799.0325494792908	0.017800800000031813	epochs	3.0
799.0503502792908	0.017728199999965	epochs	3.0
799.0680784792908	0.03524070000003121	epochs	2.0
799.0680784792908	0.017656100000067454	epochs	3.0
799.0857345792908	0.017584599999963757	epochs	3.0
799.1033191792908	0.03495709999992869	epochs	2.0
799.1033191792908	0.01751369999999497	epochs	3.0
799.1208328792908	0.017443399999933717	epochs	3.0
799.1382762792907	0.03467790000001969	epochs	2.0
799.1382762792907	0.017373600000041733	epochs	3.0
799.1556498792908	0.017304299999977957	epochs	3.0
799.1729541792907	0.03440330000000813	epochs	2.0
799.1729541792907	0.01723570000001473	epochs	3.0
799.1901898792908	0.0171675999999934	epochs	3.0
799.2073574792907	0.0341328000000658	epochs	2.0
799.2073574792907	0.017099900000062007	epochs	3.0
799.2244573792908	0.017032900000003792	epochs	3.0
799.2414902792908	0.033866699999975935	epochs	2.0
799.2414902792908	0.01696640000000116	epochs	3.0
799.2584566792908	0.016900299999974777	epochs	3.0
799.2753569792908	0.03360459999998966	epochs	2.0
799.2753569792908	0.01683479999996962	epochs	3.0
799.2921917792908	0.01676980000002004	epochs	3.0
799.3089615792908	0.033346599999958926	epochs	2.0
799.3089615792908	0.016705300000012357	epochs	3.0
799.3256668792908	0.01664129999994657	epochs	3.0
799.3423081792907	0.03309250000006614	epochs	2.0
799.3423081792907	0.016577800000050047	epochs	3.0
799.3588859792908	0.01651470000001609	epochs	3.0
799.3754006792908	0.03284229999997024	epochs	2.0
799.3754006792908	0.01645220000000336	epochs	3.0
799.3918528792908	0.01639009999996688	epochs	3.0
799.4082429792908	0.03259570000000167	epochs	2.0
799.4082429792908	0.016328400000020338	epochs	3.0
799.4245713792908	0.016267299999981333	epochs	3.0
799.4408386792908	0.032352899999978035	epochs	2.0
799.4408386792908	0.016206600000032267	epochs	3.0
799.4570452792908	0.016146299999945768	epochs	3.0
799.4731915792908	0.03211369999996805	epochs	2.0
799.4731915792908	0.016086599999994178	epochs	3.0
799.4892781792907	0.01602709999997387	epochs	3.0
799.5053052792907	0.03187800000000607	epochs	2.0
799.5053052792907	0.015968200000088473	epochs	3.0
799.5212734792908	0.015909799999917595	epochs	3.0
799.5371832792907	0.031645700000012766	epochs	2.0
799.5371832792907	0.01585160000001906	epochs	3.0
799.5530348792907	0.015794099999993705	epochs	3.0
799.5688289792907	0.0314167000000225	epochs	2.0
799.5688289792907	0.015736700000047676	epochs	3.0
799.5845656792908	0.015679999999974825	epochs	3.0
799.6002456792908	0.031191100000000915	epochs	2.0
799.6002456792908	0.015623600000026272	epochs	3.0
799.6158692792908	0.015567499999974643	epochs	3.0
799.6314367792908	0.030968700000016725	epochs	2.0
799.6314367792908	0.015512000000057924	epochs	3.0
799.6469487792908	0.0154566999999588	epochs	3.0
799.6624054792908	0.030749499999956242	epochs	2.0
799.6624054792908	0.015401999999994587	epochs	3.0
799.6778074792908	0.015347499999961656	epochs	3.0
799.6931549792907	0.03053320000003623	epochs	2.0
799.6931549792907	0.015293400000018664	epochs	3.0
799.7084483792908	0.015239800000017567	epochs	3.0
799.7236881792908	0.03032010000003993	epochs	2.0
799.7236881792908	0.015186500000027081	epochs	3.0
799.7388746792908	0.015133600000012848	epochs	3.0
799.7540082792908	0.030109899999956724	epochs	2.0
799.7540082792908	0.015081000000009226	epochs	3.0
799.7690892792908	0.015028899999947498	epochs	3.0
799.7841181792908	0.02990250000004835	epochs	2.0
799.7841181792908	0.014977000000044427	epochs	3.0
799.7990951792908	0.014925500000003922	epochs	3.0
799.8140206792908	0.029698099999905025	epochs	2.0
799.8140206792908	0.01487439999993967	epochs	3.0
799.8288950792908	0.014823699999965356	epochs	3.0
799.8437187792907	0.02949630000000525	epochs	2.0
799.8437187792907	0.014773200000036013	epochs	3.0
799.8584919792908	0.014723099999969236	epochs	3.0
799.8732150792907	0.02929740000001857	epochs	2.0
799.8732150792907	0.014673399999992398	epochs	3.0
799.8878884792907	0.014624000000026172	epochs	3.0
799.9025124792907	0.029101100000048064	epochs	2.0
799.9025124792907	0.014574900000070556	epochs	3.0
799.9170873792908	0.014526199999977507	epochs	3.0
799.9316135792908	0.028907399999980044	epochs	2.0
799.9316135792908	0.014477699999929428	epochs	3.0
799.9460912792907	0.014429700000050616	epochs	3.0
799.9605209792908	0.028716199999962555	epochs	2.0
799.9605209792908	0.014381800000023759	epochs	3.0
799.9749027792908	0.014334399999938796	epochs	3.0
799.9892371792907	0.028527600000074926	epochs	2.0
799.9892371792907	0.01428720000001249	epochs	3.0
800.0035243792908	0.014240400000062436	epochs	3.0
800.0177647792908	0.028341399999931127	epochs	2.0
800.0177647792908	0.014193799999929979	epochs	3.0
800.0319585792907	0.014147600000001148	epochs	3.0
800.0461061792907	0.028157700000065233	epochs	2.0
800.0461061792907	0.014101700000082928	epochs	3.0
800.0602078792908	0.014055999999982305	epochs	3.0
800.0742638792908	0.027976299999977527	epochs	2.0
800.0742638792908	0.01401060000000598	epochs	3.0
800.0882744792908	0.013965699999971548	epochs	3.0
800.1022401792908	0.02779720000000907	epochs	2.0
800.1022401792908	0.013920799999937117	epochs	3.0
800.1161609792907	0.013876400000071953	epochs	3.0
800.1300373792908	0.027620399999932488	epochs	2.0
800.1300373792908	0.013832200000024386	epochs	3.0
800.1438695792908	0.013788199999908102	epochs	3.0
800.1576577792907	0.02744590000008884	epochs	2.0
800.1576577792907	0.013744599999995444	epochs	3.0
800.1714023792907	0.013701300000093397	epochs	3.0
800.1851036792908	0.027273499999978412	epochs	2.0
800.1851036792908	0.01365819999989526	epochs	3.0
800.1987618792907	0.013615300000083153	epochs	3.0
800.2123771792908	0.027103399999987232	epochs	2.0
800.2123771792908	0.013572800000019924	epochs	3.0
800.2259499792908	0.013530599999967308	epochs	3.0
800.2394805792908	0.02693520000002536	epochs	2.0
800.2394805792908	0.013488400000028378	epochs	3.0
800.2529689792908	0.013446799999996983	epochs	3.0
800.2664157792908	0.026769199999989723	epochs	2.0
800.2664157792908	0.013405199999965589	epochs	3.0
800.2798209792908	0.013364000000024134	epochs	3.0
800.2931849792908	0.026605199999949036	epochs	2.0
800.2931849792908	0.013322899999934634	epochs	3.0
800.3065078792907	0.013282300000014402	epochs	3.0
800.3197901792907	0.026443200000016986	epochs	2.0
800.3197901792907	0.013241699999980483	epochs	3.0
800.3330318792907	0.013201500000036503	epochs	3.0
800.3462333792908	0.0262831999999662	epochs	2.0
800.3462333792908	0.013161500000023807	epochs	3.0
800.3593948792908	0.013121699999942393	epochs	3.0
800.3725165792907	0.02612500000009277	epochs	2.0
800.3725165792907	0.013082100000019636	epochs	3.0
800.3855986792908	0.013042900000073132	epochs	3.0
800.3986415792908	0.025968899999952555	epochs	2.0
800.3986415792908	0.013003899999944224	epochs	3.0
800.4116454792908	0.012965000000008331	epochs	3.0
800.4246104792908	0.025814500000024054	epochs	2.0
800.4246104792908	0.012926399999969362	epochs	3.0
800.4375368792907	0.012888100000054692	epochs	3.0
800.4504249792908	0.025661899999931848	epochs	2.0
800.4504249792908	0.012849899999991976	epochs	3.0
800.4632748792908	0.012811999999939871	epochs	3.0
800.4760868792907	0.025511199999982637	epochs	2.0
800.4760868792907	0.012774400000012065	epochs	3.0
800.4888612792907	0.012736799999970572	epochs	3.0
800.5015980792907	0.025362300000097093	epochs	2.0
800.5015980792907	0.012699700000098346	epochs	3.0
800.5142977792908	0.012662599999998747	epochs	3.0
800.5269603792908	0.025215000000002874	epochs	2.0
800.5269603792908	0.01262579999990976	epochs	3.0
800.5395861792907	0.012589200000093115	epochs	3.0
800.5521753792908	0.024584799999956886	epochs	2.0
800.5762973792907	0.5	epochs	-1.0
800.5767601792908	0.5203199999999697	epochs	1.0
801.0970801792907	0.4796000000000049	epochs	0.0
801.9760003089905	0.03976000000000113	epochs	0.0
801.9760003089905	0.014882199999988188	epochs	1.0
801.9908825089905	0.009995600000024751	epochs	1.0
802.0008781089905	0.014882199999988188	epochs	1.0
802.0157603089905	2.0	epochs	0.0
804.0157603089905	5.399520000000052	epochs	0.0
804.0157603089905	1.0	epochs	1.0
804.0157775089905	0.5	epochs	-1.0
804.5157775089905	4.89950280000005	epochs	-1.0
805.0157603089905	4.399520000000052	epochs	1.0
805.0157603089905	4.356753899999944	epochs	-1.0
805.0157603089905	1.9745871999999736	epochs	2.0
805.0157603089905	1.0985621999999466	epochs	3.0
806.1143225089904	0.8760250000000269	epochs	3.0
806.9903475089905	1.3524075000000266	epochs	2.0
806.9903475089905	0.7286354999999958	epochs	3.0
807.7189830089904	0.6237720000000309	epochs	3.0
808.3427550089905	1.029759199999944	epochs	2.0
808.3427550089905	0.5453293000000485	epochs	3.0
808.8880843089905	0.4844298999998955	epochs	3.0
809.3725142089904	0.042766100000108054	epochs	2.0
809.3725142089904	0.042766100000108054	epochs	3.0
809.4152803089905	16.600399999999922	epochs	0.0
810.2420001029968	0.03976000000000113	epochs	0.0
810.2420001029968	0.014882199999988188	epochs	1.0
810.2568823029968	0.009995600000024751	epochs	1.0
810.2668779029968	0.014882199999988188	epochs	1.0
810.2817601029968	2.0	epochs	0.0
812.2817601029968	5.3596	epochs	0.0
812.2817601029968	1.0	epochs	1.0
812.2817773029968	0.5	epochs	-1.0
812.7817773029968	4.859582799999998	epochs	-1.0
813.2817601029968	4.3596	epochs	1.0
813.2817601029968	4.356753899999944	epochs	-1.0
813.2817601029968	1.9745871999999736	epochs	2.0
813.2817601029968	1.0985621999999466	epochs	3.0
814.3803223029968	0.8760250000000269	epochs	3.0
815.2563473029968	1.3524075000000266	epochs	2.0
815.2563473029968	0.7286354999999958	epochs	3.0
815.9849828029968	0.6237720000000309	epochs	3.0
816.6087548029968	1.029759199999944	epochs	2.0
816.6087548029968	0.5453293000000485	epochs	3.0
817.1540841029969	0.4844298999998955	epochs	3.0
817.6385140029968	0.00284610000005614	epochs	2.0
817.6385140029968	0.00284610000005614	epochs	3.0
817.6413601029968	16.640319999999974	epochs	0.0
818.5260000228882	0.03976000000000113	epochs	0.0
818.5260000228882	0.014882199999988188	epochs	1.0
818.5408822228882	0.009995600000024751	epochs	1.0
818.5508778228882	0.014882199999988188	epochs	1.0
818.5657600228882	2.0	epochs	0.0
820.5657600228882	21.999919999999975	epochs	0.0
820.5657600228882	1.0	epochs	1.0
820.5657772228882	0.5	epochs	-1.0
821.0657772228882	19.99951999999996	epochs	-1.0
821.5657600228882	20.0	epochs	1.0
821.5657600228882	4.356753899999944	epochs	-1.0
821.5657600228882	1.9745871999999736	epochs	2.0
821.5657600228882	1.0985621999999466	epochs	3.0
822.6643222228881	0.8760250000000269	epochs	3.0
823.5403472228882	1.3524075000000266	epochs	2.0
823.5403472228882	0.7286354999999958	epochs	3.0
824.2689827228882	0.6237720000000309	epochs	3.0
824.8927547228882	1.029759199999944	epochs	2.0
824.8927547228882	0.5453293000000485	epochs	3.0
825.4380840228882	0.4844298999998955	epochs	3.0
825.9225139228881	0.8317862000000105	epochs	2.0
825.9225139228881	0.4357763000000432	epochs	3.0
826.3582902228882	0.3960098999999673	epochs	3.0
826.7543001228881	0.6977970000000369	epochs	2.0
826.7543001228881	0.3628982000000178	epochs	3.0
827.1171983228882	0.33489880000001904	epochs	3.0
827.4520971228882	0.601045699999986	epochs	2.0
827.4520971228882	0.3109123000000409	epochs	3.0
827.7630094228882	0.29013339999994514	epochs	3.0
828.0531428228882	0.5278859000000011	epochs	2.0
828.0531428228882	0.2719586000000618	epochs	3.0
828.3251014228882	0.25592729999993935	epochs	3.0
828.5810287228882	0.4706193000000667	epochs	2.0
828.5810287228882	0.241681299999982	epochs	3.0
828.8227100228881	0.22893800000008468	epochs	3.0
829.0516480228882	0.42457039999999324	epochs	2.0
829.0516480228882	0.2174713999999085	epochs	3.0
829.2691194228881	0.20709900000008474	epochs	3.0
829.4762184228882	0.3867353999999068	epochs	2.0
829.4762184228882	0.19767109999997956	epochs	3.0
829.6738895228882	0.18906429999992724	epochs	3.0
829.8629538228881	0.3550953000000163	epochs	2.0
829.8629538228881	0.18117590000008477	epochs	3.0
830.0441297228882	0.17391939999993156	epochs	3.0
830.2180491228881	0.3282431000000088	epochs	2.0
830.2180491228881	0.1672219000000723	epochs	3.0
830.3852710228882	0.16102119999993647	epochs	3.0
830.5462922228882	0.30516799999998057	epochs	2.0
830.5462922228882	0.15526390000002266	epochs	3.0
830.7015561228882	0.1499040999999579	epochs	3.0
830.8514602228881	0.28512530000000424	epochs	2.0
830.8514602228881	0.1449021000000812	epochs	3.0
830.9963623228882	0.14022319999992305	epochs	3.0
831.1365855228881	0.267553800000087	epochs	2.0
831.1365855228881	0.1358369000000721	epochs	3.0
831.2724224228882	0.1317169000000149	epochs	3.0
831.4041393228882	0.252022899999929	epochs	2.0
831.4041393228882	0.1278393000000051	epochs	3.0
831.5319786228882	0.1241835999999239	epochs	3.0
831.6561622228882	0.23819650000007186	epochs	2.0
831.6561622228882	0.12073110000005727	epochs	3.0
831.7768933228882	0.1174654000000146	epochs	3.0
831.8943587228882	0.2258087999999816	epochs	2.0
831.8943587228882	0.1143718999999237	epochs	3.0
832.0087306228882	0.1114369000000579	epochs	3.0
832.1201675228882	0.2146460000000161	epochs	2.0
832.1201675228882	0.10864889999993466	epochs	3.0
832.2288164228881	0.10599710000008145	epochs	3.0
832.3348135228882	0.20453499999996438	epochs	2.0
832.3348135228882	0.10347149999995509	epochs	3.0
832.4382850228882	0.1010635000000093	epochs	3.0
832.5393485228882	0.19533400000000256	epochs	2.0
832.5393485228882	0.09876510000003691	epochs	3.0
832.6381136228882	0.09656889999996565	epochs	3.0
832.7346825228882	0.18692529999998442	epochs	2.0
832.7346825228882	0.09446830000001682	epochs	3.0
832.8291508228882	0.09245699999996759	epochs	3.0
832.9216078228882	0.17921069999999872	epochs	2.0
832.9216078228882	0.09052959999996801	epochs	3.0
833.0121374228881	0.08868110000003071	epochs	3.0
833.1008185228882	0.17210769999996955	epochs	2.0
833.1008185228882	0.08690630000000965	epochs	3.0
833.1877248228882	0.0852013999999599	epochs	3.0
833.2729262228881	0.16554640000003928	epochs	2.0
833.2729262228881	0.08356190000006336	epochs	3.0
833.3564881228882	0.08198449999997592	epochs	3.0
833.4384726228882	0.15946710000002895	epochs	2.0
833.4384726228882	0.08046539999998004	epochs	3.0
833.5189380228882	0.07900170000004891	epochs	3.0
833.5979397228882	0.15381839999997737	epochs	2.0
833.5979397228882	0.07759009999995214	epochs	3.0
833.6755298228882	0.07622830000002523	epochs	3.0
833.7517581228882	0.14855639999996129	epochs	2.0
833.7517581228882	0.07491330000004837	epochs	3.0
833.8266714228882	0.07364309999991292	epochs	3.0
833.9003145228882	0.14364239999997608	epochs	2.0
833.9003145228882	0.07241499999997814	epochs	3.0
833.9727295228881	0.07122739999999794	epochs	3.0
834.0439569228881	0.13904310000009446	epochs	2.0
834.0439569228881	0.07007800000008046	epochs	3.0
834.1140349228882	0.06896510000001399	epochs	3.0
834.1830000228882	0.1347293000000036	epochs	2.0
834.1830000228882	0.0678871000000072	epochs	3.0
834.2508871228882	0.06684219999999641	epochs	3.0
834.3177293228882	0.13067519999992783	epochs	2.0
834.3177293228882	0.06582909999997355	epochs	3.0
834.3835584228882	0.06484609999995428	epochs	3.0
834.4484045228882	0.12685780000003888	epochs	2.0
834.4484045228882	0.06389200000000983	epochs	3.0
834.5122965228882	0.06296580000002905	epochs	3.0
834.5752623228882	0.12325720000001184	epochs	2.0
834.5752623228882	0.06206580000002759	epochs	3.0
834.6373281228882	0.06119139999998424	epochs	3.0
834.6985195228882	0.11985540000000583	epochs	2.0
834.6985195228882	0.060341099999959624	epochs	3.0
834.7588606228882	0.059514300000046205	epochs	3.0
834.8183749228882	0.11663620000001629	epochs	2.0
834.8183749228882	0.058709599999929196	epochs	3.0
834.8770845228881	0.05792660000008709	epochs	3.0
834.9350111228882	0.11358559999996487	epochs	2.0
834.9350111228882	0.05716419999998834	epochs	3.0
834.9921753228882	0.05642139999997653	epochs	3.0
835.0485967228882	0.11069050000003244	epochs	2.0
835.0485967228882	0.055697900000041045	epochs	3.0
835.1042946228882	0.0549925999999914	epochs	3.0
835.1592872228882	0.10793909999995321	epochs	2.0
835.1592872228882	0.05430489999992005	epochs	3.0
835.2135921228881	0.05363420000003316	epochs	3.0
835.2672263228882	0.10532150000005913	epochs	2.0
835.2672263228882	0.05298000000004777	epochs	3.0
835.3202063228882	0.052341500000011365	epochs	3.0
835.3725478228882	0.10282759999995505	epochs	2.0
835.3725478228882	0.051718099999902734	epochs	3.0
835.4242659228881	0.05110950000005232	epochs	3.0
835.4753754228882	0.10044909999999163	epochs	2.0
835.4753754228882	0.05051489999993919	epochs	3.0
835.5258903228881	0.04993420000005244	epochs	3.0
835.5758245228882	0.0981782999999723	epochs	2.0
835.5758245228882	0.04936659999998483	epochs	3.0
835.6251911228882	0.04881169999998747	epochs	3.0
835.6740028228882	0.09600780000005216	epochs	2.0
835.6740028228882	0.04826920000004975	epochs	3.0
835.7222720228882	0.04773860000000241	epochs	3.0
835.7700106228882	0.09393119999992905	epochs	2.0
835.7700106228882	0.04721949999998287	epochs	3.0
835.8172301228882	0.04671169999994618	epochs	3.0
835.8639418228881	0.09194260000003851	epochs	2.0
835.8639418228881	0.04621460000009847	epochs	3.0
835.9101564228882	0.04572799999994004	epochs	3.0
835.9558844228882	0.09003630000006524	epochs	2.0
835.9558844228882	0.04525150000006306	epochs	3.0
836.0011359228882	0.04478480000000218	epochs	3.0
836.0459207228882	0.08820759999991878	epochs	2.0
836.0459207228882	0.04432779999990544	epochs	3.0
836.0902485228881	0.04387980000001335	epochs	3.0
836.1341283228882	0.0864516999999978	epochs	2.0
836.1341283228882	0.04344100000002982	epochs	3.0
836.1775693228882	0.04301069999996798	epochs	3.0
836.2205800228882	0.0847643000000744	epochs	2.0
836.2205800228882	0.04258900000002086	epochs	3.0
836.2631690228882	0.04217530000005354	epochs	3.0
836.3053443228882	0.08314150000001064	epochs	2.0
836.3053443228882	0.041769699999917975	epochs	3.0
836.3471140228881	0.04137180000009266	epochs	3.0
836.3884858228882	0.08157969999990655	epochs	2.0
836.3884858228882	0.040981399999964196	epochs	3.0
836.4294672228882	0.040598299999942355	epochs	3.0
836.4700655228881	0.08007550000002084	epochs	2.0
836.4700655228881	0.04022229999998217	epochs	3.0
836.5102878228881	0.03985320000003867	epochs	3.0
836.5501410228882	0.07862569999997504	epochs	2.0
836.5501410228882	0.039490800000066884	epochs	3.0
836.5896318228882	0.03913489999990816	epochs	3.0
836.6287667228881	0.07722760000001472	epochs	2.0
836.6287667228881	0.038785400000051595	epochs	3.0
836.6675521228882	0.03844219999996312	epochs	3.0
836.7059943228882	0.07587820000003376	epochs	2.0
836.7059943228882	0.038104800000041905	epochs	3.0
836.7440991228882	0.03777339999999185	epochs	3.0
836.7818725228882	0.0745752000000266	epochs	2.0
836.7818725228882	0.03744770000002973	epochs	3.0
836.8193202228882	0.03712749999999687	epochs	3.0
836.8564477228882	0.07331629999998768	epochs	2.0
836.8564477228882	0.036812899999972615	epochs	3.0
836.8932606228882	0.03650340000001506	epochs	3.0
836.9297640228882	0.07209899999998015	epochs	2.0
836.9297640228882	0.03619909999997617	epochs	3.0
836.9659631228882	0.03589990000000398	epochs	3.0
837.0018630228882	0.07092169999998532	epochs	2.0
837.0018630228882	0.03560559999993984	epochs	3.0
837.0374686228881	0.03531610000004548	epochs	3.0
837.0727847228882	0.06978200000003199	epochs	2.0
837.0727847228882	0.03503120000004856	epochs	3.0
837.1078159228882	0.03475079999998343	epochs	3.0
837.1425667228882	0.06867859999999837	epochs	2.0
837.1425667228882	0.03447510000000875	epochs	3.0
837.1770418228882	0.03420349999998962	epochs	3.0
837.2112453228882	0.06760929999995824	epochs	2.0
837.2112453228882	0.033936199999970995	epochs	3.0
837.2451815228882	0.033673099999987244	epochs	3.0
837.2788546228882	0.06657289999998284	epochs	2.0
837.2788546228882	0.03341399999999339	epochs	3.0
837.3122686228882	0.033158899999989444	epochs	3.0
837.3454275228881	0.06556780000005347	epochs	2.0
837.3454275228881	0.032907700000009754	epochs	3.0
837.3783352228882	0.03266010000004371	epochs	3.0
837.4109953228882	0.06459259999996902	epochs	2.0
837.4109953228882	0.032416399999988244	epochs	3.0
837.4434117228882	0.03217619999998078	epochs	3.0
837.4755879228882	0.06364600000006249	epochs	2.0
837.4755879228882	0.03193959999998697	epochs	3.0
837.5075275228882	0.03170640000007552	epochs	3.0
837.5392339228882	0.0627266999999847	epochs	2.0
837.5392339228882	0.031476599999905375	epochs	3.0
837.5707105228881	0.03125010000007933	epochs	3.0
837.6019606228882	0.06183359999999993	epochs	2.0
837.6019606228882	0.03102689999991526	epochs	3.0
837.6329875228881	0.030806700000084675	epochs	3.0
837.6637942228882	0.060965599999917686	epochs	2.0
837.6637942228882	0.030589799999916067	epochs	3.0
837.6943840228881	0.030375800000001618	epochs	3.0
837.7247598228881	0.06012160000000222	epochs	2.0
837.7247598228881	0.030164900000045236	epochs	3.0
837.7549247228882	0.02995669999995698	epochs	3.0
837.7848814228881	0.05930070000010801	epochs	2.0
837.7848814228881	0.029751600000054168	epochs	3.0
837.8146330228882	0.02954910000005384	epochs	3.0
837.8441821228882	0.05850179999993088	epochs	2.0
837.8441821228882	0.029349399999887282	epochs	3.0
837.8735315228881	0.0291524000000436	epochs	3.0
837.9026839228882	0.057724200000052406	epochs	2.0
837.9026839228882	0.028957999999988715	epochs	3.0
837.9316419228882	0.02876620000006369	epochs	3.0
837.9604081228882	0.05696709999995164	epochs	2.0
837.9604081228882	0.028576999999927466	epochs	3.0
837.9889851228882	0.028390100000024177	epochs	3.0
838.0173752228882	0.05622949999997218	epochs	2.0
838.0173752228882	0.028205700000057732	epochs	3.0
838.0455809228882	0.028023799999914445	epochs	3.0
838.0736047228881	0.05551070000001346	epochs	2.0
838.0736047228881	0.02784400000007281	epochs	3.0
838.1014487228882	0.027666699999940647	epochs	3.0
838.1291154228882	0.054810200000019904	epochs	2.0
838.1291154228882	0.02749149999999645	epochs	3.0
838.1566069228882	0.027318700000023455	epochs	3.0
838.1839256228882	0.05412699999999404	epochs	2.0
838.1839256228882	0.027147799999966082	epochs	3.0
838.2110734228881	0.02697920000002796	epochs	3.0
838.2380526228882	0.053460699999959616	epochs	2.0
838.2380526228882	0.0268125999999711	epochs	3.0
838.2648652228881	0.026648099999988517	epochs	3.0
838.2915133228881	0.05281070000000909	epochs	2.0
838.2915133228881	0.026485600000000886	epochs	3.0
838.3179989228881	0.026325100000008206	epochs	3.0
838.3443240228881	0.05217620000007628	epochs	2.0
838.3443240228881	0.026166400000079193	epochs	3.0
838.3704904228882	0.026009799999997085	epochs	3.0
838.3965002228882	0.051556699999991906	epochs	2.0
838.3965002228882	0.025854799999933675	epochs	3.0
838.4223550228882	0.02570190000005823	epochs	3.0
838.4480569228882	0.05095189999997274	epochs	2.0
838.4480569228882	0.025550699999939752	epochs	3.0
838.4736076228882	0.025401200000032986	epochs	3.0
838.4990088228882	0.05036099999995258	epochs	2.0
838.4990088228882	0.025253499999962514	epochs	3.0
838.5242623228881	0.02510749999999007	epochs	3.0
838.5493698228881	0.049783800000000156	epochs	2.0
838.5493698228881	0.02496320000000196	epochs	3.0
838.5743330228881	0.024820599999998194	epochs	3.0
838.5991536228881	0.049219500000049266	epochs	2.0
838.5991536228881	0.02467940000008184	epochs	3.0
838.6238330228882	0.024540099999967424	epochs	3.0
838.6483731228882	0.048667899999941255	epochs	2.0
838.6483731228882	0.02440209999997478	epochs	3.0
838.6727752228882	0.024265799999966475	epochs	3.0
838.6970410228881	0.04812860000004093	epochs	2.0
838.6970410228881	0.024131000000011227	epochs	3.0
838.7211720228881	0.023997600000029706	epochs	3.0
838.7451696228882	0.047601100000065344	epochs	2.0
838.7451696228882	0.023865800000066884	epochs	3.0
838.7690354228882	0.02373529999999846	epochs	3.0
838.7927707228882	0.04708499999992455	epochs	2.0
838.7927707228882	0.023606299999983094	epochs	3.0
838.8163770228882	0.023478699999941455	epochs	3.0
838.8398557228882	0.04658000000006268	epochs	2.0
838.8398557228882	0.02335249999998723	epochs	3.0
838.8632082228881	0.02322750000007545	epochs	3.0
838.8864357228882	0.04608569999993506	epochs	2.0
838.8864357228882	0.023103999999989355	epochs	3.0
838.9095397228882	0.022981699999945704	epochs	3.0
838.9325214228882	0.045601799999985815	epochs	2.0
838.9325214228882	0.022860700000023826	epochs	3.0
838.9553821228882	0.02274109999996199	epochs	3.0
838.9781232228881	0.04512790000001132	epochs	2.0
838.9781232228881	0.022622500000011314	epochs	3.0
839.0007457228882	0.02250540000000001	epochs	3.0
839.0232511228882	0.0446638000000803	epochs	2.0
839.0232511228882	0.02238929999998618	epochs	3.0
839.0456404228881	0.022274500000094122	epochs	3.0
839.0679149228882	0.04420919999995476	epochs	2.0
839.0679149228882	0.022160799999937808	epochs	3.0
839.0900757228882	0.022048400000016954	epochs	3.0
839.1121241228882	0.043763600000033875	epochs	2.0
839.1121241228882	0.021936900000014248	epochs	3.0
839.1340610228882	0.021826700000019628	epochs	3.0
839.1558877228882	0.04332709999994222	epochs	2.0
839.1558877228882	0.021717599999988124	epochs	3.0
839.1776053228882	0.021609499999954096	epochs	3.0
839.1992148228882	0.04289900000003399	epochs	2.0
839.1992148228882	0.02150249999999687	epochs	3.0
839.2207173228882	0.021396500000037122	epochs	3.0
839.2421138228882	0.042479500000013104	epochs	2.0
839.2421138228882	0.02129170000000613	epochs	3.0
839.2634055228882	0.021187800000006973	epochs	3.0
839.2845933228882	0.042067900000006375	epochs	2.0
839.2845933228882	0.02108490000000529	epochs	3.0
839.3056782228882	0.020983000000001084	epochs	3.0
839.3266612228882	0.04166439999994509	epochs	2.0
839.3266612228882	0.020882199999959994	epochs	3.0
839.3475434228882	0.020782199999985096	epochs	3.0
839.3683256228882	0.04126850000000104	epochs	2.0
839.3683256228882	0.020683299999973315	epochs	3.0
839.3890089228881	0.020585200000027726	epochs	3.0
839.4095941228882	0.04088000000001557	epochs	2.0
839.4095941228882	0.020488099999965925	epochs	3.0
839.4300822228881	0.020391900000049645	epochs	3.0
839.4504741228882	0.04049880000002304	epochs	2.0
839.4504741228882	0.020296600000051512	epochs	3.0
839.4707707228882	0.020202199999971526	epochs	3.0
839.4909729228882	0.04012460000001283	epochs	2.0
839.4909729228882	0.02010870000003706	epochs	3.0
839.5110816228882	0.020015899999975773	epochs	3.0
839.5310975228882	0.03975730000001931	epochs	2.0
839.5310975228882	0.019924199999991288	epochs	3.0
839.5510217228882	0.019833100000028026	epochs	3.0
839.5708548228882	0.03939669999999751	epochs	2.0
839.5708548228882	0.01974299999994855	epochs	3.0
839.5905978228882	0.019653700000048957	epochs	3.0
839.6102515228882	0.03904239999997117	epochs	2.0
839.6102515228882	0.019565099999908853	epochs	3.0
839.6298166228881	0.019477300000062314	epochs	3.0
839.6492939228882	0.03869459999998526	epochs	2.0
839.6492939228882	0.019390400000020236	epochs	3.0
839.6686843228882	0.01930419999996502	epochs	3.0
839.6879885228882	0.03835289999994984	epochs	2.0
839.6879885228882	0.019218799999976	epochs	3.0
839.7072073228882	0.01913409999997384	epochs	3.0
839.7263414228881	0.03801720000001296	epochs	2.0
839.7263414228881	0.019050200000037876	epochs	3.0
839.7453916228882	0.018966999999975087	epochs	3.0
839.7643586228882	0.037687200000050325	epochs	2.0
839.7643586228882	0.01888450000001285	epochs	3.0
839.7832431228882	0.018802700000037476	epochs	3.0
839.8020458228882	0.03736309999999321	epochs	2.0
839.8020458228882	0.018721700000014607	epochs	3.0
839.8207675228882	0.018641399999978603	epochs	3.0
839.8394089228882	0.03704429999993408	epochs	2.0
839.8394089228882	0.01856159999999818	epochs	3.0
839.8579705228882	0.018482699999935903	epochs	3.0
839.8764532228881	0.0367310000000316	epochs	2.0
839.8764532228881	0.018404300000042895	epochs	3.0
839.8948575228882	0.018326699999988705	epochs	3.0
839.9131842228882	0.036422900000047775	epochs	2.0
839.9131842228882	0.018249599999990096	epochs	3.0
839.9314338228882	0.01817330000005768	epochs	3.0
839.9496071228882	0.03612009999994825	epochs	2.0
839.9496071228882	0.01809759999991911	epochs	3.0
839.9677047228881	0.01802250000002914	epochs	3.0
839.9857272228882	0.03582210000001851	epochs	2.0
839.9857272228882	0.017947899999967376	epochs	3.0
840.0036751228881	0.017874200000051133	epochs	3.0
840.0215493228882	0.03552899999999681	epochs	2.0
840.0215493228882	0.017800800000031813	epochs	3.0
840.0393501228882	0.017728199999965	epochs	3.0
840.0570783228882	0.03524070000003121	epochs	2.0
840.0570783228882	0.017656100000067454	epochs	3.0
840.0747344228882	0.017584599999963757	epochs	3.0
840.0923190228882	0.03495709999992869	epochs	2.0
840.0923190228882	0.01751369999999497	epochs	3.0
840.1098327228882	0.017443399999933717	epochs	3.0
840.1272761228881	0.03467790000001969	epochs	2.0
840.1272761228881	0.017373600000041733	epochs	3.0
840.1446497228882	0.017304299999977957	epochs	3.0
840.1619540228882	0.03440330000000813	epochs	2.0
840.1619540228882	0.01723570000001473	epochs	3.0
840.1791897228882	0.0171675999999934	epochs	3.0
840.1963573228882	0.0341328000000658	epochs	2.0
840.1963573228882	0.017099900000062007	epochs	3.0
840.2134572228882	0.017032900000003792	epochs	3.0
840.2304901228882	0.033866699999975935	epochs	2.0
840.2304901228882	0.01696640000000116	epochs	3.0
840.2474565228882	0.016900299999974777	epochs	3.0
840.2643568228882	0.03360459999998966	epochs	2.0
840.2643568228882	0.01683479999996962	epochs	3.0
840.2811916228882	0.01676980000002004	epochs	3.0
840.2979614228882	0.033346599999958926	epochs	2.0
840.2979614228882	0.016705300000012357	epochs	3.0
840.3146667228882	0.01664129999994657	epochs	3.0
840.3313080228882	0.03309250000006614	epochs	2.0
840.3313080228882	0.016577800000050047	epochs	3.0
840.3478858228882	0.01651470000001609	epochs	3.0
840.3644005228882	0.03284229999997024	epochs	2.0
840.3644005228882	0.01645220000000336	epochs	3.0
840.3808527228882	0.01639009999996688	epochs	3.0
840.3972428228882	0.03259570000000167	epochs	2.0
840.3972428228882	0.016328400000020338	epochs	3.0
840.4135712228882	0.016267299999981333	epochs	3.0
840.4298385228882	0.032352899999978035	epochs	2.0
840.4298385228882	0.016206600000032267	epochs	3.0
840.4460451228882	0.016146299999945768	epochs	3.0
840.4621914228882	0.03211369999996805	epochs	2.0
840.4621914228882	0.016086599999994178	epochs	3.0
840.4782780228882	0.01602709999997387	epochs	3.0
840.4943051228881	0.03187800000000607	epochs	2.0
840.4943051228881	0.015968200000088473	epochs	3.0
840.5102733228882	0.015909799999917595	epochs	3.0
840.5261831228881	0.031645700000012766	epochs	2.0
840.5261831228881	0.01585160000001906	epochs	3.0
840.5420347228882	0.015794099999993705	epochs	3.0
840.5578288228882	0.0314167000000225	epochs	2.0
840.5578288228882	0.015736700000047676	epochs	3.0
840.5735655228882	0.015679999999974825	epochs	3.0
840.5892455228882	0.031191100000000915	epochs	2.0
840.5892455228882	0.015623600000026272	epochs	3.0
840.6048691228882	0.015567499999974643	epochs	3.0
840.6204366228882	0.030968700000016725	epochs	2.0
840.6204366228882	0.015512000000057924	epochs	3.0
840.6359486228882	0.0154566999999588	epochs	3.0
840.6514053228882	0.030749499999956242	epochs	2.0
840.6514053228882	0.015401999999994587	epochs	3.0
840.6668073228882	0.015347499999961656	epochs	3.0
840.6821548228882	0.03053320000003623	epochs	2.0
840.6821548228882	0.015293400000018664	epochs	3.0
840.6974482228882	0.015239800000017567	epochs	3.0
840.7126880228882	0.03032010000003993	epochs	2.0
840.7126880228882	0.015186500000027081	epochs	3.0
840.7278745228882	0.015133600000012848	epochs	3.0
840.7430081228882	0.030109899999956724	epochs	2.0
840.7430081228882	0.015081000000009226	epochs	3.0
840.7580891228882	0.015028899999947498	epochs	3.0
840.7731180228882	0.02990250000004835	epochs	2.0
840.7731180228882	0.014977000000044427	epochs	3.0
840.7880950228882	0.014925500000003922	epochs	3.0
840.8030205228882	0.029698099999905025	epochs	2.0
840.8030205228882	0.01487439999993967	epochs	3.0
840.8178949228882	0.014823699999965356	epochs	3.0
840.8327186228881	0.02949630000000525	epochs	2.0
840.8327186228881	0.014773200000036013	epochs	3.0
840.8474918228882	0.014723099999969236	epochs	3.0
840.8622149228881	0.02929740000001857	epochs	2.0
840.8622149228881	0.014673399999992398	epochs	3.0
840.8768883228881	0.014624000000026172	epochs	3.0
840.8915123228882	0.029101100000048064	epochs	2.0
840.8915123228882	0.014574900000070556	epochs	3.0
840.9060872228882	0.014526199999977507	epochs	3.0
840.9206134228882	0.028907399999980044	epochs	2.0
840.9206134228882	0.014477699999929428	epochs	3.0
840.9350911228881	0.014429700000050616	epochs	3.0
840.9495208228882	0.028716199999962555	epochs	2.0
840.9495208228882	0.014381800000023759	epochs	3.0
840.9639026228882	0.014334399999938796	epochs	3.0
840.9782370228882	0.028527600000074926	epochs	2.0
840.9782370228882	0.01428720000001249	epochs	3.0
840.9925242228882	0.014240400000062436	epochs	3.0
841.0067646228882	0.028341399999931127	epochs	2.0
841.0067646228882	0.014193799999929979	epochs	3.0
841.0209584228882	0.014147600000001148	epochs	3.0
841.0351060228882	0.028157700000065233	epochs	2.0
841.0351060228882	0.014101700000082928	epochs	3.0
841.0492077228882	0.014055999999982305	epochs	3.0
841.0632637228882	0.027976299999977527	epochs	2.0
841.0632637228882	0.01401060000000598	epochs	3.0
841.0772743228882	0.013965699999971548	epochs	3.0
841.0912400228882	0.02779720000000907	epochs	2.0
841.0912400228882	0.013920799999937117	epochs	3.0
841.1051608228881	0.013876400000071953	epochs	3.0
841.1190372228882	0.027620399999932488	epochs	2.0
841.1190372228882	0.013832200000024386	epochs	3.0
841.1328694228882	0.013788199999908102	epochs	3.0
841.1466576228881	0.02744590000008884	epochs	2.0
841.1466576228881	0.013744599999995444	epochs	3.0
841.1604022228881	0.013701300000093397	epochs	3.0
841.1741035228882	0.027273499999978412	epochs	2.0
841.1741035228882	0.01365819999989526	epochs	3.0
841.1877617228881	0.013615300000083153	epochs	3.0
841.2013770228882	0.027103399999987232	epochs	2.0
841.2013770228882	0.013572800000019924	epochs	3.0
841.2149498228882	0.013530599999967308	epochs	3.0
841.2284804228882	0.02693520000002536	epochs	2.0
841.2284804228882	0.013488400000028378	epochs	3.0
841.2419688228882	0.013446799999996983	epochs	3.0
841.2554156228882	0.026769199999989723	epochs	2.0
841.2554156228882	0.013405199999965589	epochs	3.0
841.2688208228882	0.013364000000024134	epochs	3.0
841.2821848228882	0.026605199999949036	epochs	2.0
841.2821848228882	0.013322899999934634	epochs	3.0
841.2955077228881	0.013282300000014402	epochs	3.0
841.3087900228882	0.026443200000016986	epochs	2.0
841.3087900228882	0.013241699999980483	epochs	3.0
841.3220317228881	0.013201500000036503	epochs	3.0
841.3352332228882	0.0262831999999662	epochs	2.0
841.3352332228882	0.013161500000023807	epochs	3.0
841.3483947228882	0.013121699999942393	epochs	3.0
841.3615164228881	0.02612500000009277	epochs	2.0
841.3615164228881	0.013082100000019636	epochs	3.0
841.3745985228882	0.013042900000073132	epochs	3.0
841.3876414228882	0.025968899999952555	epochs	2.0
841.3876414228882	0.013003899999944224	epochs	3.0
841.4006453228882	0.012965000000008331	epochs	3.0
841.4136103228882	0.025814500000024054	epochs	2.0
841.4136103228882	0.012926399999969362	epochs	3.0
841.4265367228882	0.012888100000054692	epochs	3.0
841.4394248228882	0.025661899999931848	epochs	2.0
841.4394248228882	0.012849899999991976	epochs	3.0
841.4522747228882	0.012811999999939871	epochs	3.0
841.4650867228881	0.025511199999982637	epochs	2.0
841.4650867228881	0.012774400000012065	epochs	3.0
841.4778611228882	0.012736799999970572	epochs	3.0
841.4905979228881	0.025362300000097093	epochs	2.0
841.4905979228881	0.012699700000098346	epochs	3.0
841.5032976228882	0.012662599999998747	epochs	3.0
841.5159602228882	0.025215000000002874	epochs	2.0
841.5159602228882	0.01262579999990976	epochs	3.0
841.5285860228881	0.012589200000093115	epochs	3.0
841.5411752228882	0.024584799999956886	epochs	2.0
841.5652972228881	0.5	epochs	-1.0
841.5657600228882	0.9999199999999746	epochs	1.0
842.0652972228881	0.5	epochs	-1.0
843.6789999008179	0.03976000000000113	epochs	0.0
843.6789999008179	0.014882199999988188	epochs	1.0
843.6938821008179	0.009995600000024751	epochs	1.0
843.7038777008179	0.014882199999988188	epochs	1.0
843.7187599008179	2.0	epochs	0.0
845.7187599008179	0.5199199999999564	epochs	0.0
845.7187599008179	0.5199199999999564	epochs	1.0
845.7187771008179	0.5	epochs	-1.0
846.2187771008179	0.019902799999954368	epochs	-1.0
846.2386799008178	21.480000000000018	epochs	0.0
852.6510000228882	0.03976000000000113	epochs	0.0
852.6510000228882	0.014882199999988188	epochs	1.0
852.6658822228882	0.009995600000024751	epochs	1.0
852.6758778228882	0.014882199999988188	epochs	1.0
852.6907600228882	2.0	epochs	0.0
854.6907600228882	0.5196799999999939	epochs	0.0
854.6907600228882	0.5196799999999939	epochs	1.0
854.6907772228882	0.5	epochs	-1.0
855.1907772228882	0.019662799999991876	epochs	-1.0
855.2104400228882	21.48023999999998	epochs	0.0
856.4840002059937	0.03976000000000113	epochs	0.0
856.4840002059937	0.014882199999988188	epochs	1.0
856.4988824059936	0.009995600000024751	epochs	1.0
856.5088780059937	0.014882199999988188	epochs	1.0
856.5237602059937	2.0	epochs	0.0
858.5237602059937	0.5201600000000326	epochs	0.0
858.5237602059937	0.5201600000000326	epochs	1.0
858.5237774059937	0.5	epochs	-1.0
859.0237774059937	0.020142800000030547	epochs	-1.0
859.0439202059937	21.479759999999942	epochs	0.0
860.3840003013611	0.03976000000000113	epochs	0.0
860.3840003013611	0.014882199999988188	epochs	1.0
860.3988825013611	0.009995600000024751	epochs	1.0
860.4088781013611	0.014882199999988188	epochs	1.0
860.4237603013611	2.0	epochs	0.0
862.4237603013611	0.5201600000000326	epochs	0.0
862.4237603013611	0.5201600000000326	epochs	1.0
862.4237775013611	0.5	epochs	-1.0
862.9237775013611	0.020142800000030547	epochs	-1.0
862.9439203013611	21.479759999999942	epochs	0.0
864.3180003166199	0.03976000000000113	epochs	0.0
864.3180003166199	0.014882199999988188	epochs	1.0
864.3328825166199	0.009995600000024751	epochs	1.0
864.3428781166199	0.014882199999988188	epochs	1.0
864.3577603166199	2.0	epochs	0.0
866.3577603166199	5.360480000000052	epochs	0.0
866.3577603166199	1.0	epochs	1.0
866.3577775166199	0.5	epochs	-1.0
866.8577775166199	4.86046280000005	epochs	-1.0
867.3577603166199	4.360480000000052	epochs	1.0
867.3577603166199	4.356753899999944	epochs	-1.0
867.3577603166199	1.9745871999999736	epochs	2.0
867.3577603166199	1.0985621999999466	epochs	3.0
868.4563225166198	0.8760250000000269	epochs	3.0
869.3323475166198	1.3524075000000266	epochs	2.0
869.3323475166198	0.7286354999999958	epochs	3.0
870.0609830166198	0.6237720000000309	epochs	3.0
870.6847550166199	1.029759199999944	epochs	2.0
870.6847550166199	0.5453293000000485	epochs	3.0
871.2300843166199	0.4844298999998955	epochs	3.0
871.7145142166198	0.00372610000010809	epochs	2.0
871.7145142166198	0.00372610000010809	epochs	3.0
871.7182403166199	16.639439999999922	epochs	0.0
872.6080002784729	0.03976000000000113	epochs	0.0
872.6080002784729	0.014882199999988188	epochs	1.0
872.6228824784729	0.009995600000024751	epochs	1.0
872.6328780784729	0.014882199999988188	epochs	1.0
872.6477602784729	2.0	epochs	0.0
874.6477602784729	21.50016000000005	epochs	0.0
874.6477602784729	1.0	epochs	1.0
874.6477774784729	0.5	epochs	-1.0
875.1477774784729	19.999599999999987	epochs	-1.0
875.6477602784729	20.0	epochs	1.0
875.6477602784729	4.356753899999944	epochs	-1.0
875.6477602784729	1.9745871999999736	epochs	2.0
875.6477602784729	1.0985621999999466	epochs	3.0
876.7463224784728	0.8760250000000269	epochs	3.0
877.6223474784729	1.3524075000000266	epochs	2.0
877.6223474784729	0.7286354999999958	epochs	3.0
878.3509829784729	0.6237720000000309	epochs	3.0
878.9747549784729	1.029759199999944	epochs	2.0
878.9747549784729	0.5453293000000485	epochs	3.0
879.520084278473	0.4844298999998955	epochs	3.0
880.0045141784728	0.8317862000000105	epochs	2.0
880.0045141784728	0.4357763000000432	epochs	3.0
880.4402904784729	0.3960098999999673	epochs	3.0
880.8363003784729	0.6977970000000369	epochs	2.0
880.8363003784729	0.3628982000000178	epochs	3.0
881.1991985784729	0.33489880000001904	epochs	3.0
881.5340973784729	0.601045699999986	epochs	2.0
881.5340973784729	0.3109123000000409	epochs	3.0
881.8450096784729	0.29013339999994514	epochs	3.0
882.1351430784729	0.5278859000000011	epochs	2.0
882.1351430784729	0.2719586000000618	epochs	3.0
882.4071016784729	0.25592729999993935	epochs	3.0
882.6630289784729	0.4706193000000667	epochs	2.0
882.6630289784729	0.241681299999982	epochs	3.0
882.9047102784729	0.22893800000008468	epochs	3.0
883.133648278473	0.42457039999999324	epochs	2.0
883.133648278473	0.2174713999999085	epochs	3.0
883.3511196784729	0.20709900000008474	epochs	3.0
883.5582186784729	0.3867353999999068	epochs	2.0
883.5582186784729	0.19767109999997956	epochs	3.0
883.7558897784729	0.18906429999992724	epochs	3.0
883.9449540784728	0.3550953000000163	epochs	2.0
883.9449540784728	0.18117590000008477	epochs	3.0
884.1261299784729	0.17391939999993156	epochs	3.0
884.3000493784729	0.3282431000000088	epochs	2.0
884.3000493784729	0.1672219000000723	epochs	3.0
884.4672712784729	0.16102119999993647	epochs	3.0
884.6282924784729	0.30516799999998057	epochs	2.0
884.6282924784729	0.15526390000002266	epochs	3.0
884.7835563784729	0.1499040999999579	epochs	3.0
884.9334604784729	0.28512530000000424	epochs	2.0
884.9334604784729	0.1449021000000812	epochs	3.0
885.0783625784729	0.14022319999992305	epochs	3.0
885.2185857784729	0.267553800000087	epochs	2.0
885.2185857784729	0.1358369000000721	epochs	3.0
885.3544226784729	0.1317169000000149	epochs	3.0
885.486139578473	0.252022899999929	epochs	2.0
885.486139578473	0.1278393000000051	epochs	3.0
885.613978878473	0.1241835999999239	epochs	3.0
885.7381624784729	0.23819650000007186	epochs	2.0
885.7381624784729	0.12073110000005727	epochs	3.0
885.8588935784729	0.1174654000000146	epochs	3.0
885.976358978473	0.2258087999999816	epochs	2.0
885.976358978473	0.1143718999999237	epochs	3.0
886.0907308784729	0.1114369000000579	epochs	3.0
886.2021677784729	0.2146460000000161	epochs	2.0
886.2021677784729	0.10864889999993466	epochs	3.0
886.3108166784729	0.10599710000008145	epochs	3.0
886.4168137784729	0.20453499999996438	epochs	2.0
886.4168137784729	0.10347149999995509	epochs	3.0
886.5202852784729	0.1010635000000093	epochs	3.0
886.6213487784729	0.19533400000000256	epochs	2.0
886.6213487784729	0.09876510000003691	epochs	3.0
886.720113878473	0.09656889999996565	epochs	3.0
886.8166827784729	0.18692529999998442	epochs	2.0
886.8166827784729	0.09446830000001682	epochs	3.0
886.9111510784729	0.09245699999996759	epochs	3.0
887.0036080784729	0.17921069999999872	epochs	2.0
887.0036080784729	0.09052959999996801	epochs	3.0
887.0941376784729	0.08868110000003071	epochs	3.0
887.1828187784729	0.17210769999996955	epochs	2.0
887.1828187784729	0.08690630000000965	epochs	3.0
887.2697250784729	0.0852013999999599	epochs	3.0
887.3549264784729	0.16554640000003928	epochs	2.0
887.3549264784729	0.08356190000006336	epochs	3.0
887.4384883784729	0.08198449999997592	epochs	3.0
887.5204728784729	0.15946710000002895	epochs	2.0
887.5204728784729	0.08046539999998004	epochs	3.0
887.6009382784729	0.07900170000004891	epochs	3.0
887.6799399784729	0.15381839999997737	epochs	2.0
887.6799399784729	0.07759009999995214	epochs	3.0
887.7575300784729	0.07622830000002523	epochs	3.0
887.8337583784729	0.14855639999996129	epochs	2.0
887.8337583784729	0.07491330000004837	epochs	3.0
887.908671678473	0.07364309999991292	epochs	3.0
887.9823147784729	0.14364239999997608	epochs	2.0
887.9823147784729	0.07241499999997814	epochs	3.0
888.0547297784728	0.07122739999999794	epochs	3.0
888.1259571784728	0.13904310000009446	epochs	2.0
888.1259571784728	0.07007800000008046	epochs	3.0
888.1960351784729	0.06896510000001399	epochs	3.0
888.2650002784729	0.1347293000000036	epochs	2.0
888.2650002784729	0.0678871000000072	epochs	3.0
888.332887378473	0.06684219999999641	epochs	3.0
888.3997295784729	0.13067519999992783	epochs	2.0
888.3997295784729	0.06582909999997355	epochs	3.0
888.4655586784729	0.06484609999995428	epochs	3.0
888.5304047784729	0.12685780000003888	epochs	2.0
888.5304047784729	0.06389200000000983	epochs	3.0
888.5942967784729	0.06296580000002905	epochs	3.0
888.6572625784729	0.12325720000001184	epochs	2.0
888.6572625784729	0.06206580000002759	epochs	3.0
888.7193283784729	0.06119139999998424	epochs	3.0
888.7805197784729	0.11985540000000583	epochs	2.0
888.7805197784729	0.060341099999959624	epochs	3.0
888.8408608784729	0.059514300000046205	epochs	3.0
888.9003751784729	0.11663620000001629	epochs	2.0
888.9003751784729	0.058709599999929196	epochs	3.0
888.9590847784729	0.05792660000008709	epochs	3.0
889.017011378473	0.11358559999996487	epochs	2.0
889.017011378473	0.05716419999998834	epochs	3.0
889.0741755784729	0.05642139999997653	epochs	3.0
889.1305969784729	0.11069050000003244	epochs	2.0
889.1305969784729	0.055697900000041045	epochs	3.0
889.186294878473	0.0549925999999914	epochs	3.0
889.2412874784729	0.10793909999995321	epochs	2.0
889.2412874784729	0.05430489999992005	epochs	3.0
889.2955923784729	0.05363420000003316	epochs	3.0
889.3492265784729	0.10532150000005913	epochs	2.0
889.3492265784729	0.05298000000004777	epochs	3.0
889.4022065784729	0.052341500000011365	epochs	3.0
889.454548078473	0.10282759999995505	epochs	2.0
889.454548078473	0.051718099999902734	epochs	3.0
889.5062661784729	0.05110950000005232	epochs	3.0
889.5573756784729	0.10044909999999163	epochs	2.0
889.5573756784729	0.05051489999993919	epochs	3.0
889.6078905784728	0.04993420000005244	epochs	3.0
889.6578247784729	0.0981782999999723	epochs	2.0
889.6578247784729	0.04936659999998483	epochs	3.0
889.7071913784729	0.04881169999998747	epochs	3.0
889.7560030784729	0.09600780000005216	epochs	2.0
889.7560030784729	0.04826920000004975	epochs	3.0
889.8042722784729	0.04773860000000241	epochs	3.0
889.8520108784729	0.09393119999992905	epochs	2.0
889.8520108784729	0.04721949999998287	epochs	3.0
889.8992303784729	0.04671169999994618	epochs	3.0
889.9459420784729	0.09194260000003851	epochs	2.0
889.9459420784729	0.04621460000009847	epochs	3.0
889.992156678473	0.04572799999994004	epochs	3.0
890.0378846784729	0.09003630000006524	epochs	2.0
890.0378846784729	0.04525150000006306	epochs	3.0
890.083136178473	0.04478480000000218	epochs	3.0
890.127920978473	0.08820759999991878	epochs	2.0
890.127920978473	0.04432779999990544	epochs	3.0
890.1722487784729	0.04387980000001335	epochs	3.0
890.2161285784729	0.0864516999999978	epochs	2.0
890.2161285784729	0.04344100000002982	epochs	3.0
890.2595695784729	0.04301069999996798	epochs	3.0
890.3025802784729	0.0847643000000744	epochs	2.0
890.3025802784729	0.04258900000002086	epochs	3.0
890.3451692784729	0.04217530000005354	epochs	3.0
890.387344578473	0.08314150000001064	epochs	2.0
890.387344578473	0.041769699999917975	epochs	3.0
890.4291142784729	0.04137180000009266	epochs	3.0
890.470486078473	0.08157969999990655	epochs	2.0
890.470486078473	0.040981399999964196	epochs	3.0
890.5114674784729	0.040598299999942355	epochs	3.0
890.5520657784729	0.08007550000002084	epochs	2.0
890.5520657784729	0.04022229999998217	epochs	3.0
890.5922880784728	0.03985320000003867	epochs	3.0
890.6321412784729	0.07862569999997504	epochs	2.0
890.6321412784729	0.039490800000066884	epochs	3.0
890.671632078473	0.03913489999990816	epochs	3.0
890.7107669784729	0.07722760000001472	epochs	2.0
890.7107669784729	0.038785400000051595	epochs	3.0
890.7495523784729	0.03844219999996312	epochs	3.0
890.7879945784729	0.07587820000003376	epochs	2.0
890.7879945784729	0.038104800000041905	epochs	3.0
890.8260993784729	0.03777339999999185	epochs	3.0
890.8638727784729	0.0745752000000266	epochs	2.0
890.8638727784729	0.03744770000002973	epochs	3.0
890.9013204784729	0.03712749999999687	epochs	3.0
890.9384479784729	0.07331629999998768	epochs	2.0
890.9384479784729	0.036812899999972615	epochs	3.0
890.9752608784729	0.03650340000001506	epochs	3.0
891.0117642784729	0.07209899999998015	epochs	2.0
891.0117642784729	0.03619909999997617	epochs	3.0
891.0479633784729	0.03589990000000398	epochs	3.0
891.0838632784729	0.07092169999998532	epochs	2.0
891.0838632784729	0.03560559999993984	epochs	3.0
891.1194688784728	0.03531610000004548	epochs	3.0
891.1547849784729	0.06978200000003199	epochs	2.0
891.1547849784729	0.03503120000004856	epochs	3.0
891.1898161784729	0.03475079999998343	epochs	3.0
891.2245669784729	0.06867859999999837	epochs	2.0
891.2245669784729	0.03447510000000875	epochs	3.0
891.2590420784729	0.03420349999998962	epochs	3.0
891.2932455784729	0.06760929999995824	epochs	2.0
891.2932455784729	0.033936199999970995	epochs	3.0
891.3271817784729	0.033673099999987244	epochs	3.0
891.3608548784729	0.06657289999998284	epochs	2.0
891.3608548784729	0.03341399999999339	epochs	3.0
891.3942688784729	0.033158899999989444	epochs	3.0
891.4274277784729	0.06556780000005347	epochs	2.0
891.4274277784729	0.032907700000009754	epochs	3.0
891.4603354784729	0.03266010000004371	epochs	3.0
891.4929955784729	0.06459259999996902	epochs	2.0
891.4929955784729	0.032416399999988244	epochs	3.0
891.5254119784729	0.03217619999998078	epochs	3.0
891.5575881784729	0.06364600000006249	epochs	2.0
891.5575881784729	0.03193959999998697	epochs	3.0
891.5895277784729	0.03170640000007552	epochs	3.0
891.621234178473	0.0627266999999847	epochs	2.0
891.621234178473	0.031476599999905375	epochs	3.0
891.6527107784729	0.03125010000007933	epochs	3.0
891.6839608784729	0.06183359999999993	epochs	2.0
891.6839608784729	0.03102689999991526	epochs	3.0
891.7149877784728	0.030806700000084675	epochs	3.0
891.7457944784729	0.060965599999917686	epochs	2.0
891.7457944784729	0.030589799999916067	epochs	3.0
891.7763842784728	0.030375800000001618	epochs	3.0
891.8067600784728	0.06012160000000222	epochs	2.0
891.8067600784728	0.030164900000045236	epochs	3.0
891.8369249784729	0.02995669999995698	epochs	3.0
891.8668816784729	0.05930070000010801	epochs	2.0
891.8668816784729	0.029751600000054168	epochs	3.0
891.8966332784729	0.02954910000005384	epochs	3.0
891.926182378473	0.05850179999993088	epochs	2.0
891.926182378473	0.029349399999887282	epochs	3.0
891.9555317784728	0.0291524000000436	epochs	3.0
891.9846841784729	0.057724200000052406	epochs	2.0
891.9846841784729	0.028957999999988715	epochs	3.0
892.0136421784729	0.02876620000006369	epochs	3.0
892.0424083784729	0.05696709999995164	epochs	2.0
892.0424083784729	0.028576999999927466	epochs	3.0
892.0709853784729	0.028390100000024177	epochs	3.0
892.0993754784729	0.05622949999997218	epochs	2.0
892.0993754784729	0.028205700000057732	epochs	3.0
892.127581178473	0.028023799999914445	epochs	3.0
892.1556049784729	0.05551070000001346	epochs	2.0
892.1556049784729	0.02784400000007281	epochs	3.0
892.1834489784729	0.027666699999940647	epochs	3.0
892.2111156784729	0.054810200000019904	epochs	2.0
892.2111156784729	0.02749149999999645	epochs	3.0
892.2386071784729	0.027318700000023455	epochs	3.0
892.2659258784729	0.05412699999999404	epochs	2.0
892.2659258784729	0.027147799999966082	epochs	3.0
892.2930736784729	0.02697920000002796	epochs	3.0
892.3200528784729	0.053460699999959616	epochs	2.0
892.3200528784729	0.0268125999999711	epochs	3.0
892.3468654784729	0.026648099999988517	epochs	3.0
892.3735135784729	0.05281070000000909	epochs	2.0
892.3735135784729	0.026485600000000886	epochs	3.0
892.3999991784729	0.026325100000008206	epochs	3.0
892.4263242784729	0.05217620000007628	epochs	2.0
892.4263242784729	0.026166400000079193	epochs	3.0
892.4524906784729	0.026009799999997085	epochs	3.0
892.4785004784729	0.051556699999991906	epochs	2.0
892.4785004784729	0.025854799999933675	epochs	3.0
892.5043552784729	0.02570190000005823	epochs	3.0
892.5300571784729	0.05095189999997274	epochs	2.0
892.5300571784729	0.025550699999939752	epochs	3.0
892.5556078784729	0.025401200000032986	epochs	3.0
892.5810090784729	0.05036099999995258	epochs	2.0
892.5810090784729	0.025253499999962514	epochs	3.0
892.6062625784729	0.02510749999999007	epochs	3.0
892.6313700784729	0.049783800000000156	epochs	2.0
892.6313700784729	0.02496320000000196	epochs	3.0
892.6563332784729	0.024820599999998194	epochs	3.0
892.6811538784729	0.049219500000049266	epochs	2.0
892.6811538784729	0.02467940000008184	epochs	3.0
892.7058332784729	0.024540099999967424	epochs	3.0
892.7303733784729	0.048667899999941255	epochs	2.0
892.7303733784729	0.02440209999997478	epochs	3.0
892.7547754784729	0.024265799999966475	epochs	3.0
892.7790412784728	0.04812860000004093	epochs	2.0
892.7790412784728	0.024131000000011227	epochs	3.0
892.8031722784729	0.023997600000029706	epochs	3.0
892.8271698784729	0.047601100000065344	epochs	2.0
892.8271698784729	0.023865800000066884	epochs	3.0
892.851035678473	0.02373529999999846	epochs	3.0
892.874770978473	0.04708499999992455	epochs	2.0
892.874770978473	0.023606299999983094	epochs	3.0
892.8983772784729	0.023478699999941455	epochs	3.0
892.9218559784729	0.04658000000006268	epochs	2.0
892.9218559784729	0.02335249999998723	epochs	3.0
892.9452084784729	0.02322750000007545	epochs	3.0
892.9684359784729	0.04608569999993506	epochs	2.0
892.9684359784729	0.023103999999989355	epochs	3.0
892.9915399784729	0.022981699999945704	epochs	3.0
893.0145216784729	0.045601799999985815	epochs	2.0
893.0145216784729	0.022860700000023826	epochs	3.0
893.0373823784729	0.02274109999996199	epochs	3.0
893.0601234784729	0.04512790000001132	epochs	2.0
893.0601234784729	0.022622500000011314	epochs	3.0
893.0827459784729	0.02250540000000001	epochs	3.0
893.1052513784729	0.0446638000000803	epochs	2.0
893.1052513784729	0.02238929999998618	epochs	3.0
893.1276406784729	0.022274500000094122	epochs	3.0
893.149915178473	0.04420919999995476	epochs	2.0
893.149915178473	0.022160799999937808	epochs	3.0
893.1720759784729	0.022048400000016954	epochs	3.0
893.1941243784729	0.043763600000033875	epochs	2.0
893.1941243784729	0.021936900000014248	epochs	3.0
893.2160612784729	0.021826700000019628	epochs	3.0
893.2378879784729	0.04332709999994222	epochs	2.0
893.2378879784729	0.021717599999988124	epochs	3.0
893.2596055784729	0.021609499999954096	epochs	3.0
893.2812150784729	0.04289900000003399	epochs	2.0
893.2812150784729	0.02150249999999687	epochs	3.0
893.3027175784729	0.021396500000037122	epochs	3.0
893.3241140784729	0.042479500000013104	epochs	2.0
893.3241140784729	0.02129170000000613	epochs	3.0
893.3454057784729	0.021187800000006973	epochs	3.0
893.3665935784729	0.042067900000006375	epochs	2.0
893.3665935784729	0.02108490000000529	epochs	3.0
893.3876784784729	0.020983000000001084	epochs	3.0
893.4086614784729	0.04166439999994509	epochs	2.0
893.4086614784729	0.020882199999959994	epochs	3.0
893.4295436784729	0.020782199999985096	epochs	3.0
893.4503258784729	0.04126850000000104	epochs	2.0
893.4503258784729	0.020683299999973315	epochs	3.0
893.4710091784729	0.020585200000027726	epochs	3.0
893.4915943784729	0.04088000000001557	epochs	2.0
893.4915943784729	0.020488099999965925	epochs	3.0
893.5120824784728	0.020391900000049645	epochs	3.0
893.5324743784729	0.04049880000002304	epochs	2.0
893.5324743784729	0.020296600000051512	epochs	3.0
893.552770978473	0.020202199999971526	epochs	3.0
893.5729731784729	0.04012460000001283	epochs	2.0
893.5729731784729	0.02010870000003706	epochs	3.0
893.593081878473	0.020015899999975773	epochs	3.0
893.6130977784729	0.03975730000001931	epochs	2.0
893.6130977784729	0.019924199999991288	epochs	3.0
893.6330219784729	0.019833100000028026	epochs	3.0
893.652855078473	0.03939669999999751	epochs	2.0
893.652855078473	0.01974299999994855	epochs	3.0
893.6725980784729	0.019653700000048957	epochs	3.0
893.692251778473	0.03904239999997117	epochs	2.0
893.692251778473	0.019565099999908853	epochs	3.0
893.7118168784729	0.019477300000062314	epochs	3.0
893.7312941784729	0.03869459999998526	epochs	2.0
893.7312941784729	0.019390400000020236	epochs	3.0
893.7506845784729	0.01930419999996502	epochs	3.0
893.7699887784729	0.03835289999994984	epochs	2.0
893.7699887784729	0.019218799999976	epochs	3.0
893.7892075784729	0.01913409999997384	epochs	3.0
893.8083416784729	0.03801720000001296	epochs	2.0
893.8083416784729	0.019050200000037876	epochs	3.0
893.8273918784729	0.018966999999975087	epochs	3.0
893.8463588784729	0.037687200000050325	epochs	2.0
893.8463588784729	0.01888450000001285	epochs	3.0
893.8652433784729	0.018802700000037476	epochs	3.0
893.8840460784729	0.03736309999999321	epochs	2.0
893.8840460784729	0.018721700000014607	epochs	3.0
893.9027677784729	0.018641399999978603	epochs	3.0
893.9214091784729	0.03704429999993408	epochs	2.0
893.9214091784729	0.01856159999999818	epochs	3.0
893.9399707784729	0.018482699999935903	epochs	3.0
893.9584534784728	0.0367310000000316	epochs	2.0
893.9584534784728	0.018404300000042895	epochs	3.0
893.9768577784729	0.018326699999988705	epochs	3.0
893.9951844784729	0.036422900000047775	epochs	2.0
893.9951844784729	0.018249599999990096	epochs	3.0
894.0134340784729	0.01817330000005768	epochs	3.0
894.0316073784729	0.03612009999994825	epochs	2.0
894.0316073784729	0.01809759999991911	epochs	3.0
894.0497049784728	0.01802250000002914	epochs	3.0
894.0677274784729	0.03582210000001851	epochs	2.0
894.0677274784729	0.017947899999967376	epochs	3.0
894.0856753784728	0.017874200000051133	epochs	3.0
894.1035495784729	0.03552899999999681	epochs	2.0
894.1035495784729	0.017800800000031813	epochs	3.0
894.1213503784729	0.017728199999965	epochs	3.0
894.1390785784729	0.03524070000003121	epochs	2.0
894.1390785784729	0.017656100000067454	epochs	3.0
894.156734678473	0.017584599999963757	epochs	3.0
894.1743192784729	0.03495709999992869	epochs	2.0
894.1743192784729	0.01751369999999497	epochs	3.0
894.1918329784729	0.017443399999933717	epochs	3.0
894.2092763784729	0.03467790000001969	epochs	2.0
894.2092763784729	0.017373600000041733	epochs	3.0
894.2266499784729	0.017304299999977957	epochs	3.0
894.2439542784729	0.03440330000000813	epochs	2.0
894.2439542784729	0.01723570000001473	epochs	3.0
894.2611899784729	0.0171675999999934	epochs	3.0
894.2783575784729	0.0341328000000658	epochs	2.0
894.2783575784729	0.017099900000062007	epochs	3.0
894.2954574784729	0.017032900000003792	epochs	3.0
894.312490378473	0.033866699999975935	epochs	2.0
894.312490378473	0.01696640000000116	epochs	3.0
894.329456778473	0.016900299999974777	epochs	3.0
894.3463570784729	0.03360459999998966	epochs	2.0
894.3463570784729	0.01683479999996962	epochs	3.0
894.3631918784729	0.01676980000002004	epochs	3.0
894.3799616784729	0.033346599999958926	epochs	2.0
894.3799616784729	0.016705300000012357	epochs	3.0
894.3966669784729	0.01664129999994657	epochs	3.0
894.4133082784729	0.03309250000006614	epochs	2.0
894.4133082784729	0.016577800000050047	epochs	3.0
894.4298860784729	0.01651470000001609	epochs	3.0
894.4464007784729	0.03284229999997024	epochs	2.0
894.4464007784729	0.01645220000000336	epochs	3.0
894.4628529784729	0.01639009999996688	epochs	3.0
894.4792430784729	0.03259570000000167	epochs	2.0
894.4792430784729	0.016328400000020338	epochs	3.0
894.4955714784729	0.016267299999981333	epochs	3.0
894.5118387784729	0.032352899999978035	epochs	2.0
894.5118387784729	0.016206600000032267	epochs	3.0
894.5280453784729	0.016146299999945768	epochs	3.0
894.5441916784729	0.03211369999996805	epochs	2.0
894.5441916784729	0.016086599999994178	epochs	3.0
894.5602782784729	0.01602709999997387	epochs	3.0
894.5763053784729	0.03187800000000607	epochs	2.0
894.5763053784729	0.015968200000088473	epochs	3.0
894.5922735784729	0.015909799999917595	epochs	3.0
894.6081833784729	0.031645700000012766	epochs	2.0
894.6081833784729	0.01585160000001906	epochs	3.0
894.6240349784729	0.015794099999993705	epochs	3.0
894.6398290784729	0.0314167000000225	epochs	2.0
894.6398290784729	0.015736700000047676	epochs	3.0
894.6555657784729	0.015679999999974825	epochs	3.0
894.6712457784729	0.031191100000000915	epochs	2.0
894.6712457784729	0.015623600000026272	epochs	3.0
894.6868693784729	0.015567499999974643	epochs	3.0
894.7024368784729	0.030968700000016725	epochs	2.0
894.7024368784729	0.015512000000057924	epochs	3.0
894.717948878473	0.0154566999999588	epochs	3.0
894.7334055784729	0.030749499999956242	epochs	2.0
894.7334055784729	0.015401999999994587	epochs	3.0
894.7488075784729	0.015347499999961656	epochs	3.0
894.7641550784729	0.03053320000003623	epochs	2.0
894.7641550784729	0.015293400000018664	epochs	3.0
894.7794484784729	0.015239800000017567	epochs	3.0
894.7946882784729	0.03032010000003993	epochs	2.0
894.7946882784729	0.015186500000027081	epochs	3.0
894.8098747784729	0.015133600000012848	epochs	3.0
894.825008378473	0.030109899999956724	epochs	2.0
894.825008378473	0.015081000000009226	epochs	3.0
894.840089378473	0.015028899999947498	epochs	3.0
894.8551182784729	0.02990250000004835	epochs	2.0
894.8551182784729	0.014977000000044427	epochs	3.0
894.870095278473	0.014925500000003922	epochs	3.0
894.885020778473	0.029698099999905025	epochs	2.0
894.885020778473	0.01487439999993967	epochs	3.0
894.8998951784729	0.014823699999965356	epochs	3.0
894.9147188784729	0.02949630000000525	epochs	2.0
894.9147188784729	0.014773200000036013	epochs	3.0
894.9294920784729	0.014723099999969236	epochs	3.0
894.9442151784729	0.02929740000001857	epochs	2.0
894.9442151784729	0.014673399999992398	epochs	3.0
894.9588885784729	0.014624000000026172	epochs	3.0
894.9735125784729	0.029101100000048064	epochs	2.0
894.9735125784729	0.014574900000070556	epochs	3.0
894.988087478473	0.014526199999977507	epochs	3.0
895.0026136784729	0.028907399999980044	epochs	2.0
895.0026136784729	0.014477699999929428	epochs	3.0
895.0170913784729	0.014429700000050616	epochs	3.0
895.0315210784729	0.028716199999962555	epochs	2.0
895.0315210784729	0.014381800000023759	epochs	3.0
895.0459028784729	0.014334399999938796	epochs	3.0
895.0602372784729	0.028527600000074926	epochs	2.0
895.0602372784729	0.01428720000001249	epochs	3.0
895.0745244784729	0.014240400000062436	epochs	3.0
895.088764878473	0.028341399999931127	epochs	2.0
895.088764878473	0.014193799999929979	epochs	3.0
895.1029586784729	0.014147600000001148	epochs	3.0
895.1171062784729	0.028157700000065233	epochs	2.0
895.1171062784729	0.014101700000082928	epochs	3.0
895.131207978473	0.014055999999982305	epochs	3.0
895.1452639784729	0.027976299999977527	epochs	2.0
895.1452639784729	0.01401060000000598	epochs	3.0
895.159274578473	0.013965699999971548	epochs	3.0
895.1732402784729	0.02779720000000907	epochs	2.0
895.1732402784729	0.013920799999937117	epochs	3.0
895.1871610784729	0.013876400000071953	epochs	3.0
895.2010374784729	0.027620399999932488	epochs	2.0
895.2010374784729	0.013832200000024386	epochs	3.0
895.214869678473	0.013788199999908102	epochs	3.0
895.2286578784729	0.02744590000008884	epochs	2.0
895.2286578784729	0.013744599999995444	epochs	3.0
895.2424024784729	0.013701300000093397	epochs	3.0
895.256103778473	0.027273499999978412	epochs	2.0
895.256103778473	0.01365819999989526	epochs	3.0
895.2697619784728	0.013615300000083153	epochs	3.0
895.2833772784729	0.027103399999987232	epochs	2.0
895.2833772784729	0.013572800000019924	epochs	3.0
895.296950078473	0.013530599999967308	epochs	3.0
895.3104806784729	0.02693520000002536	epochs	2.0
895.3104806784729	0.013488400000028378	epochs	3.0
895.3239690784729	0.013446799999996983	epochs	3.0
895.3374158784729	0.026769199999989723	epochs	2.0
895.3374158784729	0.013405199999965589	epochs	3.0
895.3508210784729	0.013364000000024134	epochs	3.0
895.3641850784729	0.026605199999949036	epochs	2.0
895.3641850784729	0.013322899999934634	epochs	3.0
895.3775079784729	0.013282300000014402	epochs	3.0
895.3907902784729	0.026443200000016986	epochs	2.0
895.3907902784729	0.013241699999980483	epochs	3.0
895.4040319784729	0.013201500000036503	epochs	3.0
895.4172334784729	0.0262831999999662	epochs	2.0
895.4172334784729	0.013161500000023807	epochs	3.0
895.4303949784729	0.013121699999942393	epochs	3.0
895.4435166784729	0.02612500000009277	epochs	2.0
895.4435166784729	0.013082100000019636	epochs	3.0
895.4565987784729	0.013042900000073132	epochs	3.0
895.469641678473	0.025968899999952555	epochs	2.0
895.469641678473	0.013003899999944224	epochs	3.0
895.4826455784729	0.012965000000008331	epochs	3.0
895.4956105784729	0.025814500000024054	epochs	2.0
895.4956105784729	0.012926399999969362	epochs	3.0
895.5085369784729	0.012888100000054692	epochs	3.0
895.5214250784729	0.025661899999931848	epochs	2.0
895.5214250784729	0.012849899999991976	epochs	3.0
895.5342749784729	0.012811999999939871	epochs	3.0
895.5470869784729	0.025511199999982637	epochs	2.0
895.5470869784729	0.012774400000012065	epochs	3.0
895.5598613784729	0.012736799999970572	epochs	3.0
895.5725981784728	0.025362300000097093	epochs	2.0
895.5725981784728	0.012699700000098346	epochs	3.0
895.5852978784729	0.012662599999998747	epochs	3.0
895.5979604784729	0.025215000000002874	epochs	2.0
895.5979604784729	0.01262579999990976	epochs	3.0
895.6105862784729	0.012589200000093115	epochs	3.0
895.623175478473	0.024584799999956886	epochs	2.0
895.6473774784729	0.5	epochs	-1.0
895.6477602784729	0.5001600000000508	epochs	1.0
896.147920278473	0.4997599999999238	epochs	0.0
897.1080002784729	0.03976000000000113	epochs	0.0
897.1080002784729	0.014882199999988188	epochs	1.0
897.1228824784729	0.009995600000024751	epochs	1.0
897.1328780784729	0.014882199999988188	epochs	1.0
897.1477602784729	2.0	epochs	0.0
899.1477602784729	0.5199199999999564	epochs	0.0
899.1477602784729	0.5199199999999564	epochs	1.0
899.1477774784729	0.5	epochs	-1.0
899.6477774784729	0.019902799999954368	epochs	-1.0
899.6676802784729	21.480000000000018	epochs	0.0
900.9520001411438	0.03976000000000113	epochs	0.0
900.9520001411438	0.014882199999988188	epochs	1.0
900.9668823411438	0.009995600000024751	epochs	1.0
900.9768779411438	0.014882199999988188	epochs	1.0
900.9917601411438	2.0	epochs	0.0
902.9917601411438	21.539920000000052	epochs	0.0
902.9917601411438	1.0	epochs	1.0
902.9917773411438	0.5	epochs	-1.0
903.4917773411438	19.999599999999987	epochs	-1.0
903.9917601411438	20.0	epochs	1.0
903.9917601411438	4.356753899999944	epochs	-1.0
903.9917601411438	1.9745871999999736	epochs	2.0
903.9917601411438	1.0985621999999466	epochs	3.0
905.0903223411437	0.8760250000000269	epochs	3.0
905.9663473411438	1.3524075000000266	epochs	2.0
905.9663473411438	0.7286354999999958	epochs	3.0
906.6949828411438	0.6237720000000309	epochs	3.0
907.3187548411438	1.029759199999944	epochs	2.0
907.3187548411438	0.5453293000000485	epochs	3.0
907.8640841411438	0.4844298999998955	epochs	3.0
908.3485140411437	0.8317862000000105	epochs	2.0
908.3485140411437	0.4357763000000432	epochs	3.0
908.7842903411438	0.3960098999999673	epochs	3.0
909.1803002411438	0.6977970000000369	epochs	2.0
909.1803002411438	0.3628982000000178	epochs	3.0
909.5431984411438	0.33489880000001904	epochs	3.0
909.8780972411438	0.601045699999986	epochs	2.0
909.8780972411438	0.3109123000000409	epochs	3.0
910.1890095411438	0.29013339999994514	epochs	3.0
910.4791429411438	0.5278859000000011	epochs	2.0
910.4791429411438	0.2719586000000618	epochs	3.0
910.7511015411438	0.25592729999993935	epochs	3.0
911.0070288411438	0.4706193000000667	epochs	2.0
911.0070288411438	0.241681299999982	epochs	3.0
911.2487101411438	0.22893800000008468	epochs	3.0
911.4776481411438	0.42457039999999324	epochs	2.0
911.4776481411438	0.2174713999999085	epochs	3.0
911.6951195411438	0.20709900000008474	epochs	3.0
911.9022185411438	0.3867353999999068	epochs	2.0
911.9022185411438	0.19767109999997956	epochs	3.0
912.0998896411438	0.18906429999992724	epochs	3.0
912.2889539411437	0.3550953000000163	epochs	2.0
912.2889539411437	0.18117590000008477	epochs	3.0
912.4701298411438	0.17391939999993156	epochs	3.0
912.6440492411438	0.3282431000000088	epochs	2.0
912.6440492411438	0.1672219000000723	epochs	3.0
912.8112711411438	0.16102119999993647	epochs	3.0
912.9722923411438	0.30516799999998057	epochs	2.0
912.9722923411438	0.15526390000002266	epochs	3.0
913.1275562411438	0.1499040999999579	epochs	3.0
913.2774603411438	0.28512530000000424	epochs	2.0
913.2774603411438	0.1449021000000812	epochs	3.0
913.4223624411438	0.14022319999992305	epochs	3.0
913.5625856411438	0.267553800000087	epochs	2.0
913.5625856411438	0.1358369000000721	epochs	3.0
913.6984225411438	0.1317169000000149	epochs	3.0
913.8301394411438	0.252022899999929	epochs	2.0
913.8301394411438	0.1278393000000051	epochs	3.0
913.9579787411438	0.1241835999999239	epochs	3.0
914.0821623411438	0.23819650000007186	epochs	2.0
914.0821623411438	0.12073110000005727	epochs	3.0
914.2028934411438	0.1174654000000146	epochs	3.0
914.3203588411438	0.2258087999999816	epochs	2.0
914.3203588411438	0.1143718999999237	epochs	3.0
914.4347307411438	0.1114369000000579	epochs	3.0
914.5461676411438	0.2146460000000161	epochs	2.0
914.5461676411438	0.10864889999993466	epochs	3.0
914.6548165411438	0.10599710000008145	epochs	3.0
914.7608136411438	0.20453499999996438	epochs	2.0
914.7608136411438	0.10347149999995509	epochs	3.0
914.8642851411438	0.1010635000000093	epochs	3.0
914.9653486411438	0.19533400000000256	epochs	2.0
914.9653486411438	0.09876510000003691	epochs	3.0
915.0641137411438	0.09656889999996565	epochs	3.0
915.1606826411438	0.18692529999998442	epochs	2.0
915.1606826411438	0.09446830000001682	epochs	3.0
915.2551509411438	0.09245699999996759	epochs	3.0
915.3476079411438	0.17921069999999872	epochs	2.0
915.3476079411438	0.09052959999996801	epochs	3.0
915.4381375411438	0.08868110000003071	epochs	3.0
915.5268186411438	0.17210769999996955	epochs	2.0
915.5268186411438	0.08690630000000965	epochs	3.0
915.6137249411438	0.0852013999999599	epochs	3.0
915.6989263411438	0.16554640000003928	epochs	2.0
915.6989263411438	0.08356190000006336	epochs	3.0
915.7824882411438	0.08198449999997592	epochs	3.0
915.8644727411438	0.15946710000002895	epochs	2.0
915.8644727411438	0.08046539999998004	epochs	3.0
915.9449381411438	0.07900170000004891	epochs	3.0
916.0239398411438	0.15381839999997737	epochs	2.0
916.0239398411438	0.07759009999995214	epochs	3.0
916.1015299411438	0.07622830000002523	epochs	3.0
916.1777582411438	0.14855639999996129	epochs	2.0
916.1777582411438	0.07491330000004837	epochs	3.0
916.2526715411439	0.07364309999991292	epochs	3.0
916.3263146411438	0.14364239999997608	epochs	2.0
916.3263146411438	0.07241499999997814	epochs	3.0
916.3987296411437	0.07122739999999794	epochs	3.0
916.4699570411437	0.13904310000009446	epochs	2.0
916.4699570411437	0.07007800000008046	epochs	3.0
916.5400350411438	0.06896510000001399	epochs	3.0
916.6090001411438	0.1347293000000036	epochs	2.0
916.6090001411438	0.0678871000000072	epochs	3.0
916.6768872411438	0.06684219999999641	epochs	3.0
916.7437294411438	0.13067519999992783	epochs	2.0
916.7437294411438	0.06582909999997355	epochs	3.0
916.8095585411438	0.06484609999995428	epochs	3.0
916.8744046411438	0.12685780000003888	epochs	2.0
916.8744046411438	0.06389200000000983	epochs	3.0
916.9382966411438	0.06296580000002905	epochs	3.0
917.0012624411438	0.12325720000001184	epochs	2.0
917.0012624411438	0.06206580000002759	epochs	3.0
917.0633282411438	0.06119139999998424	epochs	3.0
917.1245196411438	0.11985540000000583	epochs	2.0
917.1245196411438	0.060341099999959624	epochs	3.0
917.1848607411438	0.059514300000046205	epochs	3.0
917.2443750411438	0.11663620000001629	epochs	2.0
917.2443750411438	0.058709599999929196	epochs	3.0
917.3030846411438	0.05792660000008709	epochs	3.0
917.3610112411438	0.11358559999996487	epochs	2.0
917.3610112411438	0.05716419999998834	epochs	3.0
917.4181754411438	0.05642139999997653	epochs	3.0
917.4745968411438	0.11069050000003244	epochs	2.0
917.4745968411438	0.055697900000041045	epochs	3.0
917.5302947411438	0.0549925999999914	epochs	3.0
917.5852873411438	0.10793909999995321	epochs	2.0
917.5852873411438	0.05430489999992005	epochs	3.0
917.6395922411438	0.05363420000003316	epochs	3.0
917.6932264411438	0.10532150000005913	epochs	2.0
917.6932264411438	0.05298000000004777	epochs	3.0
917.7462064411438	0.052341500000011365	epochs	3.0
917.7985479411439	0.10282759999995505	epochs	2.0
917.7985479411439	0.051718099999902734	epochs	3.0
917.8502660411438	0.05110950000005232	epochs	3.0
917.9013755411438	0.10044909999999163	epochs	2.0
917.9013755411438	0.05051489999993919	epochs	3.0
917.9518904411437	0.04993420000005244	epochs	3.0
918.0018246411438	0.0981782999999723	epochs	2.0
918.0018246411438	0.04936659999998483	epochs	3.0
918.0511912411438	0.04881169999998747	epochs	3.0
918.1000029411438	0.09600780000005216	epochs	2.0
918.1000029411438	0.04826920000004975	epochs	3.0
918.1482721411438	0.04773860000000241	epochs	3.0
918.1960107411438	0.09393119999992905	epochs	2.0
918.1960107411438	0.04721949999998287	epochs	3.0
918.2432302411438	0.04671169999994618	epochs	3.0
918.2899419411438	0.09194260000003851	epochs	2.0
918.2899419411438	0.04621460000009847	epochs	3.0
918.3361565411439	0.04572799999994004	epochs	3.0
918.3818845411438	0.09003630000006524	epochs	2.0
918.3818845411438	0.04525150000006306	epochs	3.0
918.4271360411439	0.04478480000000218	epochs	3.0
918.4719208411439	0.08820759999991878	epochs	2.0
918.4719208411439	0.04432779999990544	epochs	3.0
918.5162486411438	0.04387980000001335	epochs	3.0
918.5601284411438	0.0864516999999978	epochs	2.0
918.5601284411438	0.04344100000002982	epochs	3.0
918.6035694411438	0.04301069999996798	epochs	3.0
918.6465801411438	0.0847643000000744	epochs	2.0
918.6465801411438	0.04258900000002086	epochs	3.0
918.6891691411438	0.04217530000005354	epochs	3.0
918.7313444411438	0.08314150000001064	epochs	2.0
918.7313444411438	0.041769699999917975	epochs	3.0
918.7731141411438	0.04137180000009266	epochs	3.0
918.8144859411439	0.08157969999990655	epochs	2.0
918.8144859411439	0.040981399999964196	epochs	3.0
918.8554673411438	0.040598299999942355	epochs	3.0
918.8960656411438	0.08007550000002084	epochs	2.0
918.8960656411438	0.04022229999998217	epochs	3.0
918.9362879411437	0.03985320000003867	epochs	3.0
918.9761411411438	0.07862569999997504	epochs	2.0
918.9761411411438	0.039490800000066884	epochs	3.0
919.0156319411439	0.03913489999990816	epochs	3.0
919.0547668411438	0.07722760000001472	epochs	2.0
919.0547668411438	0.038785400000051595	epochs	3.0
919.0935522411438	0.03844219999996312	epochs	3.0
919.1319944411438	0.07587820000003376	epochs	2.0
919.1319944411438	0.038104800000041905	epochs	3.0
919.1700992411438	0.03777339999999185	epochs	3.0
919.2078726411438	0.0745752000000266	epochs	2.0
919.2078726411438	0.03744770000002973	epochs	3.0
919.2453203411438	0.03712749999999687	epochs	3.0
919.2824478411438	0.07331629999998768	epochs	2.0
919.2824478411438	0.036812899999972615	epochs	3.0
919.3192607411438	0.03650340000001506	epochs	3.0
919.3557641411438	0.07209899999998015	epochs	2.0
919.3557641411438	0.03619909999997617	epochs	3.0
919.3919632411438	0.03589990000000398	epochs	3.0
919.4278631411438	0.07092169999998532	epochs	2.0
919.4278631411438	0.03560559999993984	epochs	3.0
919.4634687411437	0.03531610000004548	epochs	3.0
919.4987848411438	0.06978200000003199	epochs	2.0
919.4987848411438	0.03503120000004856	epochs	3.0
919.5338160411438	0.03475079999998343	epochs	3.0
919.5685668411438	0.06867859999999837	epochs	2.0
919.5685668411438	0.03447510000000875	epochs	3.0
919.6030419411438	0.03420349999998962	epochs	3.0
919.6372454411438	0.06760929999995824	epochs	2.0
919.6372454411438	0.033936199999970995	epochs	3.0
919.6711816411438	0.033673099999987244	epochs	3.0
919.7048547411438	0.06657289999998284	epochs	2.0
919.7048547411438	0.03341399999999339	epochs	3.0
919.7382687411438	0.033158899999989444	epochs	3.0
919.7714276411438	0.06556780000005347	epochs	2.0
919.7714276411438	0.032907700000009754	epochs	3.0
919.8043353411438	0.03266010000004371	epochs	3.0
919.8369954411438	0.06459259999996902	epochs	2.0
919.8369954411438	0.032416399999988244	epochs	3.0
919.8694118411438	0.03217619999998078	epochs	3.0
919.9015880411438	0.06364600000006249	epochs	2.0
919.9015880411438	0.03193959999998697	epochs	3.0
919.9335276411438	0.03170640000007552	epochs	3.0
919.9652340411438	0.0627266999999847	epochs	2.0
919.9652340411438	0.031476599999905375	epochs	3.0
919.9967106411437	0.03125010000007933	epochs	3.0
920.0279607411438	0.06183359999999993	epochs	2.0
920.0279607411438	0.03102689999991526	epochs	3.0
920.0589876411437	0.030806700000084675	epochs	3.0
920.0897943411438	0.060965599999917686	epochs	2.0
920.0897943411438	0.030589799999916067	epochs	3.0
920.1203841411437	0.030375800000001618	epochs	3.0
920.1507599411437	0.06012160000000222	epochs	2.0
920.1507599411437	0.030164900000045236	epochs	3.0
920.1809248411438	0.02995669999995698	epochs	3.0
920.2108815411437	0.05930070000010801	epochs	2.0
920.2108815411437	0.029751600000054168	epochs	3.0
920.2406331411438	0.02954910000005384	epochs	3.0
920.2701822411439	0.05850179999993088	epochs	2.0
920.2701822411439	0.029349399999887282	epochs	3.0
920.2995316411437	0.0291524000000436	epochs	3.0
920.3286840411438	0.057724200000052406	epochs	2.0
920.3286840411438	0.028957999999988715	epochs	3.0
920.3576420411438	0.02876620000006369	epochs	3.0
920.3864082411438	0.05696709999995164	epochs	2.0
920.3864082411438	0.028576999999927466	epochs	3.0
920.4149852411438	0.028390100000024177	epochs	3.0
920.4433753411438	0.05622949999997218	epochs	2.0
920.4433753411438	0.028205700000057732	epochs	3.0
920.4715810411438	0.028023799999914445	epochs	3.0
920.4996048411438	0.05551070000001346	epochs	2.0
920.4996048411438	0.02784400000007281	epochs	3.0
920.5274488411438	0.027666699999940647	epochs	3.0
920.5551155411438	0.054810200000019904	epochs	2.0
920.5551155411438	0.02749149999999645	epochs	3.0
920.5826070411438	0.027318700000023455	epochs	3.0
920.6099257411438	0.05412699999999404	epochs	2.0
920.6099257411438	0.027147799999966082	epochs	3.0
920.6370735411438	0.02697920000002796	epochs	3.0
920.6640527411438	0.053460699999959616	epochs	2.0
920.6640527411438	0.0268125999999711	epochs	3.0
920.6908653411438	0.026648099999988517	epochs	3.0
920.7175134411438	0.05281070000000909	epochs	2.0
920.7175134411438	0.026485600000000886	epochs	3.0
920.7439990411438	0.026325100000008206	epochs	3.0
920.7703241411438	0.05217620000007628	epochs	2.0
920.7703241411438	0.026166400000079193	epochs	3.0
920.7964905411438	0.026009799999997085	epochs	3.0
920.8225003411438	0.051556699999991906	epochs	2.0
920.8225003411438	0.025854799999933675	epochs	3.0
920.8483551411438	0.02570190000005823	epochs	3.0
920.8740570411438	0.05095189999997274	epochs	2.0
920.8740570411438	0.025550699999939752	epochs	3.0
920.8996077411438	0.025401200000032986	epochs	3.0
920.9250089411438	0.05036099999995258	epochs	2.0
920.9250089411438	0.025253499999962514	epochs	3.0
920.9502624411438	0.02510749999999007	epochs	3.0
920.9753699411438	0.049783800000000156	epochs	2.0
920.9753699411438	0.02496320000000196	epochs	3.0
921.0003331411438	0.024820599999998194	epochs	3.0
921.0251537411438	0.049219500000049266	epochs	2.0
921.0251537411438	0.02467940000008184	epochs	3.0
921.0498331411438	0.024540099999967424	epochs	3.0
921.0743732411438	0.048667899999941255	epochs	2.0
921.0743732411438	0.02440209999997478	epochs	3.0
921.0987753411438	0.024265799999966475	epochs	3.0
921.1230411411437	0.04812860000004093	epochs	2.0
921.1230411411437	0.024131000000011227	epochs	3.0
921.1471721411438	0.023997600000029706	epochs	3.0
921.1711697411438	0.047601100000065344	epochs	2.0
921.1711697411438	0.023865800000066884	epochs	3.0
921.1950355411439	0.02373529999999846	epochs	3.0
921.2187708411439	0.04708499999992455	epochs	2.0
921.2187708411439	0.023606299999983094	epochs	3.0
921.2423771411438	0.023478699999941455	epochs	3.0
921.2658558411438	0.04658000000006268	epochs	2.0
921.2658558411438	0.02335249999998723	epochs	3.0
921.2892083411438	0.02322750000007545	epochs	3.0
921.3124358411438	0.04608569999993506	epochs	2.0
921.3124358411438	0.023103999999989355	epochs	3.0
921.3355398411438	0.022981699999945704	epochs	3.0
921.3585215411438	0.045601799999985815	epochs	2.0
921.3585215411438	0.022860700000023826	epochs	3.0
921.3813822411438	0.02274109999996199	epochs	3.0
921.4041233411438	0.04512790000001132	epochs	2.0
921.4041233411438	0.022622500000011314	epochs	3.0
921.4267458411438	0.02250540000000001	epochs	3.0
921.4492512411438	0.0446638000000803	epochs	2.0
921.4492512411438	0.02238929999998618	epochs	3.0
921.4716405411438	0.022274500000094122	epochs	3.0
921.4939150411439	0.04420919999995476	epochs	2.0
921.4939150411439	0.022160799999937808	epochs	3.0
921.5160758411438	0.022048400000016954	epochs	3.0
921.5381242411438	0.043763600000033875	epochs	2.0
921.5381242411438	0.021936900000014248	epochs	3.0
921.5600611411438	0.021826700000019628	epochs	3.0
921.5818878411438	0.04332709999994222	epochs	2.0
921.5818878411438	0.021717599999988124	epochs	3.0
921.6036054411438	0.021609499999954096	epochs	3.0
921.6252149411438	0.04289900000003399	epochs	2.0
921.6252149411438	0.02150249999999687	epochs	3.0
921.6467174411438	0.021396500000037122	epochs	3.0
921.6681139411438	0.042479500000013104	epochs	2.0
921.6681139411438	0.02129170000000613	epochs	3.0
921.6894056411438	0.021187800000006973	epochs	3.0
921.7105934411438	0.042067900000006375	epochs	2.0
921.7105934411438	0.02108490000000529	epochs	3.0
921.7316783411438	0.020983000000001084	epochs	3.0
921.7526613411438	0.04166439999994509	epochs	2.0
921.7526613411438	0.020882199999959994	epochs	3.0
921.7735435411438	0.020782199999985096	epochs	3.0
921.7943257411438	0.04126850000000104	epochs	2.0
921.7943257411438	0.020683299999973315	epochs	3.0
921.8150090411438	0.020585200000027726	epochs	3.0
921.8355942411438	0.04088000000001557	epochs	2.0
921.8355942411438	0.020488099999965925	epochs	3.0
921.8560823411437	0.020391900000049645	epochs	3.0
921.8764742411438	0.04049880000002304	epochs	2.0
921.8764742411438	0.020296600000051512	epochs	3.0
921.8967708411438	0.020202199999971526	epochs	3.0
921.9169730411438	0.04012460000001283	epochs	2.0
921.9169730411438	0.02010870000003706	epochs	3.0
921.9370817411439	0.020015899999975773	epochs	3.0
921.9570976411438	0.03975730000001931	epochs	2.0
921.9570976411438	0.019924199999991288	epochs	3.0
921.9770218411438	0.019833100000028026	epochs	3.0
921.9968549411439	0.03939669999999751	epochs	2.0
921.9968549411439	0.01974299999994855	epochs	3.0
922.0165979411438	0.019653700000048957	epochs	3.0
922.0362516411438	0.03904239999997117	epochs	2.0
922.0362516411438	0.019565099999908853	epochs	3.0
922.0558167411438	0.019477300000062314	epochs	3.0
922.0752940411438	0.03869459999998526	epochs	2.0
922.0752940411438	0.019390400000020236	epochs	3.0
922.0946844411438	0.01930419999996502	epochs	3.0
922.1139886411438	0.03835289999994984	epochs	2.0
922.1139886411438	0.019218799999976	epochs	3.0
922.1332074411438	0.01913409999997384	epochs	3.0
922.1523415411438	0.03801720000001296	epochs	2.0
922.1523415411438	0.019050200000037876	epochs	3.0
922.1713917411438	0.018966999999975087	epochs	3.0
922.1903587411438	0.037687200000050325	epochs	2.0
922.1903587411438	0.01888450000001285	epochs	3.0
922.2092432411438	0.018802700000037476	epochs	3.0
922.2280459411438	0.03736309999999321	epochs	2.0
922.2280459411438	0.018721700000014607	epochs	3.0
922.2467676411438	0.018641399999978603	epochs	3.0
922.2654090411438	0.03704429999993408	epochs	2.0
922.2654090411438	0.01856159999999818	epochs	3.0
922.2839706411438	0.018482699999935903	epochs	3.0
922.3024533411437	0.0367310000000316	epochs	2.0
922.3024533411437	0.018404300000042895	epochs	3.0
922.3208576411438	0.018326699999988705	epochs	3.0
922.3391843411438	0.036422900000047775	epochs	2.0
922.3391843411438	0.018249599999990096	epochs	3.0
922.3574339411438	0.01817330000005768	epochs	3.0
922.3756072411438	0.03612009999994825	epochs	2.0
922.3756072411438	0.01809759999991911	epochs	3.0
922.3937048411437	0.01802250000002914	epochs	3.0
922.4117273411438	0.03582210000001851	epochs	2.0
922.4117273411438	0.017947899999967376	epochs	3.0
922.4296752411437	0.017874200000051133	epochs	3.0
922.4475494411438	0.03552899999999681	epochs	2.0
922.4475494411438	0.017800800000031813	epochs	3.0
922.4653502411438	0.017728199999965	epochs	3.0
922.4830784411438	0.03524070000003121	epochs	2.0
922.4830784411438	0.017656100000067454	epochs	3.0
922.5007345411439	0.017584599999963757	epochs	3.0
922.5183191411438	0.03495709999992869	epochs	2.0
922.5183191411438	0.01751369999999497	epochs	3.0
922.5358328411438	0.017443399999933717	epochs	3.0
922.5532762411437	0.03467790000001969	epochs	2.0
922.5532762411437	0.017373600000041733	epochs	3.0
922.5706498411438	0.017304299999977957	epochs	3.0
922.5879541411438	0.03440330000000813	epochs	2.0
922.5879541411438	0.01723570000001473	epochs	3.0
922.6051898411438	0.0171675999999934	epochs	3.0
922.6223574411438	0.0341328000000658	epochs	2.0
922.6223574411438	0.017099900000062007	epochs	3.0
922.6394573411438	0.017032900000003792	epochs	3.0
922.6564902411438	0.033866699999975935	epochs	2.0
922.6564902411438	0.01696640000000116	epochs	3.0
922.6734566411438	0.016900299999974777	epochs	3.0
922.6903569411438	0.03360459999998966	epochs	2.0
922.6903569411438	0.01683479999996962	epochs	3.0
922.7071917411438	0.01676980000002004	epochs	3.0
922.7239615411438	0.033346599999958926	epochs	2.0
922.7239615411438	0.016705300000012357	epochs	3.0
922.7406668411438	0.01664129999994657	epochs	3.0
922.7573081411438	0.03309250000006614	epochs	2.0
922.7573081411438	0.016577800000050047	epochs	3.0
922.7738859411438	0.01651470000001609	epochs	3.0
922.7904006411438	0.03284229999997024	epochs	2.0
922.7904006411438	0.01645220000000336	epochs	3.0
922.8068528411438	0.01639009999996688	epochs	3.0
922.8232429411438	0.03259570000000167	epochs	2.0
922.8232429411438	0.016328400000020338	epochs	3.0
922.8395713411438	0.016267299999981333	epochs	3.0
922.8558386411438	0.032352899999978035	epochs	2.0
922.8558386411438	0.016206600000032267	epochs	3.0
922.8720452411438	0.016146299999945768	epochs	3.0
922.8881915411438	0.03211369999996805	epochs	2.0
922.8881915411438	0.016086599999994178	epochs	3.0
922.9042781411438	0.01602709999997387	epochs	3.0
922.9203052411438	0.03187800000000607	epochs	2.0
922.9203052411438	0.015968200000088473	epochs	3.0
922.9362734411438	0.015909799999917595	epochs	3.0
922.9521832411438	0.031645700000012766	epochs	2.0
922.9521832411438	0.01585160000001906	epochs	3.0
922.9680348411438	0.015794099999993705	epochs	3.0
922.9838289411438	0.0314167000000225	epochs	2.0
922.9838289411438	0.015736700000047676	epochs	3.0
922.9995656411438	0.015679999999974825	epochs	3.0
923.0152456411438	0.031191100000000915	epochs	2.0
923.0152456411438	0.015623600000026272	epochs	3.0
923.0308692411438	0.015567499999974643	epochs	3.0
923.0464367411438	0.030968700000016725	epochs	2.0
923.0464367411438	0.015512000000057924	epochs	3.0
923.0619487411439	0.0154566999999588	epochs	3.0
923.0774054411438	0.030749499999956242	epochs	2.0
923.0774054411438	0.015401999999994587	epochs	3.0
923.0928074411438	0.015347499999961656	epochs	3.0
923.1081549411438	0.03053320000003623	epochs	2.0
923.1081549411438	0.015293400000018664	epochs	3.0
923.1234483411438	0.015239800000017567	epochs	3.0
923.1386881411438	0.03032010000003993	epochs	2.0
923.1386881411438	0.015186500000027081	epochs	3.0
923.1538746411438	0.015133600000012848	epochs	3.0
923.1690082411438	0.030109899999956724	epochs	2.0
923.1690082411438	0.015081000000009226	epochs	3.0
923.1840892411439	0.015028899999947498	epochs	3.0
923.1991181411438	0.02990250000004835	epochs	2.0
923.1991181411438	0.014977000000044427	epochs	3.0
923.2140951411438	0.014925500000003922	epochs	3.0
923.2290206411438	0.029698099999905025	epochs	2.0
923.2290206411438	0.01487439999993967	epochs	3.0
923.2438950411438	0.014823699999965356	epochs	3.0
923.2587187411438	0.02949630000000525	epochs	2.0
923.2587187411438	0.014773200000036013	epochs	3.0
923.2734919411438	0.014723099999969236	epochs	3.0
923.2882150411438	0.02929740000001857	epochs	2.0
923.2882150411438	0.014673399999992398	epochs	3.0
923.3028884411438	0.014624000000026172	epochs	3.0
923.3175124411438	0.029101100000048064	epochs	2.0
923.3175124411438	0.014574900000070556	epochs	3.0
923.3320873411438	0.014526199999977507	epochs	3.0
923.3466135411438	0.028907399999980044	epochs	2.0
923.3466135411438	0.014477699999929428	epochs	3.0
923.3610912411438	0.014429700000050616	epochs	3.0
923.3755209411438	0.028716199999962555	epochs	2.0
923.3755209411438	0.014381800000023759	epochs	3.0
923.3899027411438	0.014334399999938796	epochs	3.0
923.4042371411438	0.028527600000074926	epochs	2.0
923.4042371411438	0.01428720000001249	epochs	3.0
923.4185243411438	0.014240400000062436	epochs	3.0
923.4327647411438	0.028341399999931127	epochs	2.0
923.4327647411438	0.014193799999929979	epochs	3.0
923.4469585411438	0.014147600000001148	epochs	3.0
923.4611061411438	0.028157700000065233	epochs	2.0
923.4611061411438	0.014101700000082928	epochs	3.0
923.4752078411439	0.014055999999982305	epochs	3.0
923.4892638411438	0.027976299999977527	epochs	2.0
923.4892638411438	0.01401060000000598	epochs	3.0
923.5032744411438	0.013965699999971548	epochs	3.0
923.5172401411438	0.02779720000000907	epochs	2.0
923.5172401411438	0.013920799999937117	epochs	3.0
923.5311609411438	0.013876400000071953	epochs	3.0
923.5450373411438	0.027620399999932488	epochs	2.0
923.5450373411438	0.013832200000024386	epochs	3.0
923.5588695411438	0.013788199999908102	epochs	3.0
923.5726577411438	0.02744590000008884	epochs	2.0
923.5726577411438	0.013744599999995444	epochs	3.0
923.5864023411438	0.013701300000093397	epochs	3.0
923.6001036411438	0.027273499999978412	epochs	2.0
923.6001036411438	0.01365819999989526	epochs	3.0
923.6137618411437	0.013615300000083153	epochs	3.0
923.6273771411438	0.027103399999987232	epochs	2.0
923.6273771411438	0.013572800000019924	epochs	3.0
923.6409499411438	0.013530599999967308	epochs	3.0
923.6544805411438	0.02693520000002536	epochs	2.0
923.6544805411438	0.013488400000028378	epochs	3.0
923.6679689411438	0.013446799999996983	epochs	3.0
923.6814157411438	0.026769199999989723	epochs	2.0
923.6814157411438	0.013405199999965589	epochs	3.0
923.6948209411438	0.013364000000024134	epochs	3.0
923.7081849411438	0.026605199999949036	epochs	2.0
923.7081849411438	0.013322899999934634	epochs	3.0
923.7215078411438	0.013282300000014402	epochs	3.0
923.7347901411438	0.026443200000016986	epochs	2.0
923.7347901411438	0.013241699999980483	epochs	3.0
923.7480318411438	0.013201500000036503	epochs	3.0
923.7612333411438	0.0262831999999662	epochs	2.0
923.7612333411438	0.013161500000023807	epochs	3.0
923.7743948411438	0.013121699999942393	epochs	3.0
923.7875165411438	0.02612500000009277	epochs	2.0
923.7875165411438	0.013082100000019636	epochs	3.0
923.8005986411438	0.013042900000073132	epochs	3.0
923.8136415411439	0.025968899999952555	epochs	2.0
923.8136415411439	0.013003899999944224	epochs	3.0
923.8266454411438	0.012965000000008331	epochs	3.0
923.8396104411438	0.025814500000024054	epochs	2.0
923.8396104411438	0.012926399999969362	epochs	3.0
923.8525368411438	0.012888100000054692	epochs	3.0
923.8654249411438	0.025661899999931848	epochs	2.0
923.8654249411438	0.012849899999991976	epochs	3.0
923.8782748411438	0.012811999999939871	epochs	3.0
923.8910868411438	0.025511199999982637	epochs	2.0
923.8910868411438	0.012774400000012065	epochs	3.0
923.9038612411438	0.012736799999970572	epochs	3.0
923.9165980411437	0.025362300000097093	epochs	2.0
923.9165980411437	0.012699700000098346	epochs	3.0
923.9292977411438	0.012662599999998747	epochs	3.0
923.9419603411438	0.025215000000002874	epochs	2.0
923.9419603411438	0.01262579999990976	epochs	3.0
923.9545861411437	0.012589200000093115	epochs	3.0
923.9671753411438	0.024584799999956886	epochs	2.0
923.9913773411438	0.5	epochs	-1.0
923.9917601411438	0.5399200000000519	epochs	1.0
924.5316801411439	0.4599999999999227	epochs	0.0
925.5269999504089	0.03976000000000113	epochs	0.0
925.5269999504089	0.014882199999988188	epochs	1.0
925.5418821504089	0.009995600000024751	epochs	1.0
925.551877750409	0.014882199999988188	epochs	1.0
925.5667599504089	2.0	epochs	0.0
927.5667599504089	21.49983999999995	epochs	0.0
927.5667599504089	1.0	epochs	1.0
927.5667771504089	0.5	epochs	-1.0
928.0667771504089	19.999599999999987	epochs	-1.0
928.5667599504089	20.0	epochs	1.0
928.5667599504089	4.356753899999944	epochs	-1.0
928.5667599504089	1.9745871999999736	epochs	2.0
928.5667599504089	1.0985621999999466	epochs	3.0
929.6653221504089	0.8760250000000269	epochs	3.0
930.5413471504089	1.3524075000000266	epochs	2.0
930.5413471504089	0.7286354999999958	epochs	3.0
931.2699826504089	0.6237720000000309	epochs	3.0
931.8937546504089	1.029759199999944	epochs	2.0
931.8937546504089	0.5453293000000485	epochs	3.0
932.439083950409	0.4844298999998955	epochs	3.0
932.9235138504089	0.8317862000000105	epochs	2.0
932.9235138504089	0.4357763000000432	epochs	3.0
933.3592901504089	0.3960098999999673	epochs	3.0
933.7553000504089	0.6977970000000369	epochs	2.0
933.7553000504089	0.3628982000000178	epochs	3.0
934.1181982504089	0.33489880000001904	epochs	3.0
934.4530970504089	0.601045699999986	epochs	2.0
934.4530970504089	0.3109123000000409	epochs	3.0
934.764009350409	0.29013339999994514	epochs	3.0
935.0541427504089	0.5278859000000011	epochs	2.0
935.0541427504089	0.2719586000000618	epochs	3.0
935.326101350409	0.25592729999993935	epochs	3.0
935.5820286504089	0.4706193000000667	epochs	2.0
935.5820286504089	0.241681299999982	epochs	3.0
935.8237099504089	0.22893800000008468	epochs	3.0
936.052647950409	0.42457039999999324	epochs	2.0
936.052647950409	0.2174713999999085	epochs	3.0
936.2701193504089	0.20709900000008474	epochs	3.0
936.477218350409	0.3867353999999068	epochs	2.0
936.477218350409	0.19767109999997956	epochs	3.0
936.674889450409	0.18906429999992724	epochs	3.0
936.8639537504089	0.3550953000000163	epochs	2.0
936.8639537504089	0.18117590000008477	epochs	3.0
937.045129650409	0.17391939999993156	epochs	3.0
937.2190490504089	0.3282431000000088	epochs	2.0
937.2190490504089	0.1672219000000723	epochs	3.0
937.386270950409	0.16102119999993647	epochs	3.0
937.5472921504089	0.30516799999998057	epochs	2.0
937.5472921504089	0.15526390000002266	epochs	3.0
937.7025560504089	0.1499040999999579	epochs	3.0
937.8524601504089	0.28512530000000424	epochs	2.0
937.8524601504089	0.1449021000000812	epochs	3.0
937.997362250409	0.14022319999992305	epochs	3.0
938.1375854504089	0.267553800000087	epochs	2.0
938.1375854504089	0.1358369000000721	epochs	3.0
938.273422350409	0.1317169000000149	epochs	3.0
938.405139250409	0.252022899999929	epochs	2.0
938.405139250409	0.1278393000000051	epochs	3.0
938.532978550409	0.1241835999999239	epochs	3.0
938.6571621504089	0.23819650000007186	epochs	2.0
938.6571621504089	0.12073110000005727	epochs	3.0
938.777893250409	0.1174654000000146	epochs	3.0
938.895358650409	0.2258087999999816	epochs	2.0
938.895358650409	0.1143718999999237	epochs	3.0
939.0097305504089	0.1114369000000579	epochs	3.0
939.121167450409	0.2146460000000161	epochs	2.0
939.121167450409	0.10864889999993466	epochs	3.0
939.2298163504089	0.10599710000008145	epochs	3.0
939.335813450409	0.20453499999996438	epochs	2.0
939.335813450409	0.10347149999995509	epochs	3.0
939.4392849504089	0.1010635000000093	epochs	3.0
939.5403484504089	0.19533400000000256	epochs	2.0
939.5403484504089	0.09876510000003691	epochs	3.0
939.639113550409	0.09656889999996565	epochs	3.0
939.735682450409	0.18692529999998442	epochs	2.0
939.735682450409	0.09446830000001682	epochs	3.0
939.830150750409	0.09245699999996759	epochs	3.0
939.9226077504089	0.17921069999999872	epochs	2.0
939.9226077504089	0.09052959999996801	epochs	3.0
940.0131373504089	0.08868110000003071	epochs	3.0
940.1018184504089	0.17210769999996955	epochs	2.0
940.1018184504089	0.08690630000000965	epochs	3.0
940.1887247504089	0.0852013999999599	epochs	3.0
940.2739261504089	0.16554640000003928	epochs	2.0
940.2739261504089	0.08356190000006336	epochs	3.0
940.357488050409	0.08198449999997592	epochs	3.0
940.4394725504089	0.15946710000002895	epochs	2.0
940.4394725504089	0.08046539999998004	epochs	3.0
940.5199379504089	0.07900170000004891	epochs	3.0
940.598939650409	0.15381839999997737	epochs	2.0
940.598939650409	0.07759009999995214	epochs	3.0
940.6765297504089	0.07622830000002523	epochs	3.0
940.7527580504089	0.14855639999996129	epochs	2.0
940.7527580504089	0.07491330000004837	epochs	3.0
940.827671350409	0.07364309999991292	epochs	3.0
940.9013144504089	0.14364239999997608	epochs	2.0
940.9013144504089	0.07241499999997814	epochs	3.0
940.9737294504089	0.07122739999999794	epochs	3.0
941.0449568504089	0.13904310000009446	epochs	2.0
941.0449568504089	0.07007800000008046	epochs	3.0
941.115034850409	0.06896510000001399	epochs	3.0
941.183999950409	0.1347293000000036	epochs	2.0
941.183999950409	0.0678871000000072	epochs	3.0
941.251887050409	0.06684219999999641	epochs	3.0
941.318729250409	0.13067519999992783	epochs	2.0
941.318729250409	0.06582909999997355	epochs	3.0
941.384558350409	0.06484609999995428	epochs	3.0
941.4494044504089	0.12685780000003888	epochs	2.0
941.4494044504089	0.06389200000000983	epochs	3.0
941.5132964504089	0.06296580000002905	epochs	3.0
941.576262250409	0.12325720000001184	epochs	2.0
941.576262250409	0.06206580000002759	epochs	3.0
941.638328050409	0.06119139999998424	epochs	3.0
941.699519450409	0.11985540000000583	epochs	2.0
941.699519450409	0.060341099999959624	epochs	3.0
941.7598605504089	0.059514300000046205	epochs	3.0
941.819374850409	0.11663620000001629	epochs	2.0
941.819374850409	0.058709599999929196	epochs	3.0
941.8780844504089	0.05792660000008709	epochs	3.0
941.936011050409	0.11358559999996487	epochs	2.0
941.936011050409	0.05716419999998834	epochs	3.0
941.993175250409	0.05642139999997653	epochs	3.0
942.049596650409	0.11069050000003244	epochs	2.0
942.049596650409	0.055697900000041045	epochs	3.0
942.105294550409	0.0549925999999914	epochs	3.0
942.160287150409	0.10793909999995321	epochs	2.0
942.160287150409	0.05430489999992005	epochs	3.0
942.2145920504089	0.05363420000003316	epochs	3.0
942.2682262504089	0.10532150000005913	epochs	2.0
942.2682262504089	0.05298000000004777	epochs	3.0
942.321206250409	0.052341500000011365	epochs	3.0
942.373547750409	0.10282759999995505	epochs	2.0
942.373547750409	0.051718099999902734	epochs	3.0
942.4252658504089	0.05110950000005232	epochs	3.0
942.476375350409	0.10044909999999163	epochs	2.0
942.476375350409	0.05051489999993919	epochs	3.0
942.5268902504089	0.04993420000005244	epochs	3.0
942.5768244504089	0.0981782999999723	epochs	2.0
942.5768244504089	0.04936659999998483	epochs	3.0
942.6261910504089	0.04881169999998747	epochs	3.0
942.6750027504089	0.09600780000005216	epochs	2.0
942.6750027504089	0.04826920000004975	epochs	3.0
942.723271950409	0.04773860000000241	epochs	3.0
942.771010550409	0.09393119999992905	epochs	2.0
942.771010550409	0.04721949999998287	epochs	3.0
942.8182300504089	0.04671169999994618	epochs	3.0
942.8649417504089	0.09194260000003851	epochs	2.0
942.8649417504089	0.04621460000009847	epochs	3.0
942.911156350409	0.04572799999994004	epochs	3.0
942.9568843504089	0.09003630000006524	epochs	2.0
942.9568843504089	0.04525150000006306	epochs	3.0
943.002135850409	0.04478480000000218	epochs	3.0
943.046920650409	0.08820759999991878	epochs	2.0
943.046920650409	0.04432779999990544	epochs	3.0
943.0912484504089	0.04387980000001335	epochs	3.0
943.1351282504089	0.0864516999999978	epochs	2.0
943.1351282504089	0.04344100000002982	epochs	3.0
943.1785692504089	0.04301069999996798	epochs	3.0
943.2215799504089	0.0847643000000744	epochs	2.0
943.2215799504089	0.04258900000002086	epochs	3.0
943.2641689504089	0.04217530000005354	epochs	3.0
943.306344250409	0.08314150000001064	epochs	2.0
943.306344250409	0.041769699999917975	epochs	3.0
943.3481139504089	0.04137180000009266	epochs	3.0
943.389485750409	0.08157969999990655	epochs	2.0
943.389485750409	0.040981399999964196	epochs	3.0
943.430467150409	0.040598299999942355	epochs	3.0
943.4710654504089	0.08007550000002084	epochs	2.0
943.4710654504089	0.04022229999998217	epochs	3.0
943.5112877504089	0.03985320000003867	epochs	3.0
943.5511409504089	0.07862569999997504	epochs	2.0
943.5511409504089	0.039490800000066884	epochs	3.0
943.590631750409	0.03913489999990816	epochs	3.0
943.6297666504089	0.07722760000001472	epochs	2.0
943.6297666504089	0.038785400000051595	epochs	3.0
943.668552050409	0.03844219999996312	epochs	3.0
943.7069942504089	0.07587820000003376	epochs	2.0
943.7069942504089	0.038104800000041905	epochs	3.0
943.745099050409	0.03777339999999185	epochs	3.0
943.782872450409	0.0745752000000266	epochs	2.0
943.782872450409	0.03744770000002973	epochs	3.0
943.820320150409	0.03712749999999687	epochs	3.0
943.857447650409	0.07331629999998768	epochs	2.0
943.857447650409	0.036812899999972615	epochs	3.0
943.894260550409	0.03650340000001506	epochs	3.0
943.930763950409	0.07209899999998015	epochs	2.0
943.930763950409	0.03619909999997617	epochs	3.0
943.9669630504089	0.03589990000000398	epochs	3.0
944.0028629504089	0.07092169999998532	epochs	2.0
944.0028629504089	0.03560559999993984	epochs	3.0
944.0384685504089	0.03531610000004548	epochs	3.0
944.0737846504089	0.06978200000003199	epochs	2.0
944.0737846504089	0.03503120000004856	epochs	3.0
944.108815850409	0.03475079999998343	epochs	3.0
944.143566650409	0.06867859999999837	epochs	2.0
944.143566650409	0.03447510000000875	epochs	3.0
944.178041750409	0.03420349999998962	epochs	3.0
944.212245250409	0.06760929999995824	epochs	2.0
944.212245250409	0.033936199999970995	epochs	3.0
944.2461814504089	0.033673099999987244	epochs	3.0
944.2798545504089	0.06657289999998284	epochs	2.0
944.2798545504089	0.03341399999999339	epochs	3.0
944.3132685504089	0.033158899999989444	epochs	3.0
944.3464274504089	0.06556780000005347	epochs	2.0
944.3464274504089	0.032907700000009754	epochs	3.0
944.3793351504089	0.03266010000004371	epochs	3.0
944.411995250409	0.06459259999996902	epochs	2.0
944.411995250409	0.032416399999988244	epochs	3.0
944.4444116504089	0.03217619999998078	epochs	3.0
944.4765878504089	0.06364600000006249	epochs	2.0
944.4765878504089	0.03193959999998697	epochs	3.0
944.5085274504089	0.03170640000007552	epochs	3.0
944.540233850409	0.0627266999999847	epochs	2.0
944.540233850409	0.031476599999905375	epochs	3.0
944.5717104504089	0.03125010000007933	epochs	3.0
944.602960550409	0.06183359999999993	epochs	2.0
944.602960550409	0.03102689999991526	epochs	3.0
944.6339874504089	0.030806700000084675	epochs	3.0
944.664794150409	0.060965599999917686	epochs	2.0
944.664794150409	0.030589799999916067	epochs	3.0
944.6953839504089	0.030375800000001618	epochs	3.0
944.7257597504089	0.06012160000000222	epochs	2.0
944.7257597504089	0.030164900000045236	epochs	3.0
944.7559246504089	0.02995669999995698	epochs	3.0
944.7858813504089	0.05930070000010801	epochs	2.0
944.7858813504089	0.029751600000054168	epochs	3.0
944.8156329504089	0.02954910000005384	epochs	3.0
944.845182050409	0.05850179999993088	epochs	2.0
944.845182050409	0.029349399999887282	epochs	3.0
944.8745314504089	0.0291524000000436	epochs	3.0
944.9036838504089	0.057724200000052406	epochs	2.0
944.9036838504089	0.028957999999988715	epochs	3.0
944.9326418504089	0.02876620000006369	epochs	3.0
944.961408050409	0.05696709999995164	epochs	2.0
944.961408050409	0.028576999999927466	epochs	3.0
944.9899850504089	0.028390100000024177	epochs	3.0
945.0183751504089	0.05622949999997218	epochs	2.0
945.0183751504089	0.028205700000057732	epochs	3.0
945.046580850409	0.028023799999914445	epochs	3.0
945.0746046504089	0.05551070000001346	epochs	2.0
945.0746046504089	0.02784400000007281	epochs	3.0
945.102448650409	0.027666699999940647	epochs	3.0
945.1301153504089	0.054810200000019904	epochs	2.0
945.1301153504089	0.02749149999999645	epochs	3.0
945.1576068504089	0.027318700000023455	epochs	3.0
945.1849255504089	0.05412699999999404	epochs	2.0
945.1849255504089	0.027147799999966082	epochs	3.0
945.2120733504089	0.02697920000002796	epochs	3.0
945.2390525504089	0.053460699999959616	epochs	2.0
945.2390525504089	0.0268125999999711	epochs	3.0
945.2658651504089	0.026648099999988517	epochs	3.0
945.2925132504089	0.05281070000000909	epochs	2.0
945.2925132504089	0.026485600000000886	epochs	3.0
945.3189988504089	0.026325100000008206	epochs	3.0
945.3453239504089	0.05217620000007628	epochs	2.0
945.3453239504089	0.026166400000079193	epochs	3.0
945.371490350409	0.026009799999997085	epochs	3.0
945.397500150409	0.051556699999991906	epochs	2.0
945.397500150409	0.025854799999933675	epochs	3.0
945.4233549504089	0.02570190000005823	epochs	3.0
945.449056850409	0.05095189999997274	epochs	2.0
945.449056850409	0.025550699999939752	epochs	3.0
945.4746075504089	0.025401200000032986	epochs	3.0
945.5000087504089	0.05036099999995258	epochs	2.0
945.5000087504089	0.025253499999962514	epochs	3.0
945.5252622504089	0.02510749999999007	epochs	3.0
945.5503697504089	0.049783800000000156	epochs	2.0
945.5503697504089	0.02496320000000196	epochs	3.0
945.5753329504089	0.024820599999998194	epochs	3.0
945.6001535504089	0.049219500000049266	epochs	2.0
945.6001535504089	0.02467940000008184	epochs	3.0
945.624832950409	0.024540099999967424	epochs	3.0
945.6493730504089	0.048667899999941255	epochs	2.0
945.6493730504089	0.02440209999997478	epochs	3.0
945.6737751504089	0.024265799999966475	epochs	3.0
945.6980409504089	0.04812860000004093	epochs	2.0
945.6980409504089	0.024131000000011227	epochs	3.0
945.7221719504089	0.023997600000029706	epochs	3.0
945.7461695504089	0.047601100000065344	epochs	2.0
945.7461695504089	0.023865800000066884	epochs	3.0
945.770035350409	0.02373529999999846	epochs	3.0
945.793770650409	0.04708499999992455	epochs	2.0
945.793770650409	0.023606299999983094	epochs	3.0
945.817376950409	0.023478699999941455	epochs	3.0
945.8408556504089	0.04658000000006268	epochs	2.0
945.8408556504089	0.02335249999998723	epochs	3.0
945.8642081504089	0.02322750000007545	epochs	3.0
945.887435650409	0.04608569999993506	epochs	2.0
945.887435650409	0.023103999999989355	epochs	3.0
945.910539650409	0.022981699999945704	epochs	3.0
945.9335213504089	0.045601799999985815	epochs	2.0
945.9335213504089	0.022860700000023826	epochs	3.0
945.9563820504089	0.02274109999996199	epochs	3.0
945.9791231504089	0.04512790000001132	epochs	2.0
945.9791231504089	0.022622500000011314	epochs	3.0
946.0017456504089	0.02250540000000001	epochs	3.0
946.0242510504089	0.0446638000000803	epochs	2.0
946.0242510504089	0.02238929999998618	epochs	3.0
946.0466403504089	0.022274500000094122	epochs	3.0
946.068914850409	0.04420919999995476	epochs	2.0
946.068914850409	0.022160799999937808	epochs	3.0
946.0910756504089	0.022048400000016954	epochs	3.0
946.1131240504089	0.043763600000033875	epochs	2.0
946.1131240504089	0.021936900000014248	epochs	3.0
946.135060950409	0.021826700000019628	epochs	3.0
946.156887650409	0.04332709999994222	epochs	2.0
946.156887650409	0.021717599999988124	epochs	3.0
946.178605250409	0.021609499999954096	epochs	3.0
946.2002147504089	0.04289900000003399	epochs	2.0
946.2002147504089	0.02150249999999687	epochs	3.0
946.2217172504089	0.021396500000037122	epochs	3.0
946.243113750409	0.042479500000013104	epochs	2.0
946.243113750409	0.02129170000000613	epochs	3.0
946.264405450409	0.021187800000006973	epochs	3.0
946.285593250409	0.042067900000006375	epochs	2.0
946.285593250409	0.02108490000000529	epochs	3.0
946.306678150409	0.020983000000001084	epochs	3.0
946.327661150409	0.04166439999994509	epochs	2.0
946.327661150409	0.020882199999959994	epochs	3.0
946.3485433504089	0.020782199999985096	epochs	3.0
946.3693255504089	0.04126850000000104	epochs	2.0
946.3693255504089	0.020683299999973315	epochs	3.0
946.3900088504089	0.020585200000027726	epochs	3.0
946.4105940504089	0.04088000000001557	epochs	2.0
946.4105940504089	0.020488099999965925	epochs	3.0
946.4310821504089	0.020391900000049645	epochs	3.0
946.4514740504089	0.04049880000002304	epochs	2.0
946.4514740504089	0.020296600000051512	epochs	3.0
946.471770650409	0.020202199999971526	epochs	3.0
946.491972850409	0.04012460000001283	epochs	2.0
946.491972850409	0.02010870000003706	epochs	3.0
946.512081550409	0.020015899999975773	epochs	3.0
946.532097450409	0.03975730000001931	epochs	2.0
946.532097450409	0.019924199999991288	epochs	3.0
946.552021650409	0.019833100000028026	epochs	3.0
946.571854750409	0.03939669999999751	epochs	2.0
946.571854750409	0.01974299999994855	epochs	3.0
946.5915977504089	0.019653700000048957	epochs	3.0
946.611251450409	0.03904239999997117	epochs	2.0
946.611251450409	0.019565099999908853	epochs	3.0
946.6308165504089	0.019477300000062314	epochs	3.0
946.650293850409	0.03869459999998526	epochs	2.0
946.650293850409	0.019390400000020236	epochs	3.0
946.669684250409	0.01930419999996502	epochs	3.0
946.6889884504089	0.03835289999994984	epochs	2.0
946.6889884504089	0.019218799999976	epochs	3.0
946.7082072504089	0.01913409999997384	epochs	3.0
946.7273413504089	0.03801720000001296	epochs	2.0
946.7273413504089	0.019050200000037876	epochs	3.0
946.7463915504089	0.018966999999975087	epochs	3.0
946.7653585504089	0.037687200000050325	epochs	2.0
946.7653585504089	0.01888450000001285	epochs	3.0
946.7842430504089	0.018802700000037476	epochs	3.0
946.803045750409	0.03736309999999321	epochs	2.0
946.803045750409	0.018721700000014607	epochs	3.0
946.821767450409	0.018641399999978603	epochs	3.0
946.840408850409	0.03704429999993408	epochs	2.0
946.840408850409	0.01856159999999818	epochs	3.0
946.858970450409	0.018482699999935903	epochs	3.0
946.8774531504089	0.0367310000000316	epochs	2.0
946.8774531504089	0.018404300000042895	epochs	3.0
946.8958574504089	0.018326699999988705	epochs	3.0
946.9141841504089	0.036422900000047775	epochs	2.0
946.9141841504089	0.018249599999990096	epochs	3.0
946.9324337504089	0.01817330000005768	epochs	3.0
946.950607050409	0.03612009999994825	epochs	2.0
946.950607050409	0.01809759999991911	epochs	3.0
946.9687046504089	0.01802250000002914	epochs	3.0
946.9867271504089	0.03582210000001851	epochs	2.0
946.9867271504089	0.017947899999967376	epochs	3.0
947.0046750504089	0.017874200000051133	epochs	3.0
947.0225492504089	0.03552899999999681	epochs	2.0
947.0225492504089	0.017800800000031813	epochs	3.0
947.040350050409	0.017728199999965	epochs	3.0
947.0580782504089	0.03524070000003121	epochs	2.0
947.0580782504089	0.017656100000067454	epochs	3.0
947.075734350409	0.017584599999963757	epochs	3.0
947.093318950409	0.03495709999992869	epochs	2.0
947.093318950409	0.01751369999999497	epochs	3.0
947.110832650409	0.017443399999933717	epochs	3.0
947.1282760504089	0.03467790000001969	epochs	2.0
947.1282760504089	0.017373600000041733	epochs	3.0
947.1456496504089	0.017304299999977957	epochs	3.0
947.1629539504089	0.03440330000000813	epochs	2.0
947.1629539504089	0.01723570000001473	epochs	3.0
947.1801896504089	0.0171675999999934	epochs	3.0
947.1973572504089	0.0341328000000658	epochs	2.0
947.1973572504089	0.017099900000062007	epochs	3.0
947.214457150409	0.017032900000003792	epochs	3.0
947.231490050409	0.033866699999975935	epochs	2.0
947.231490050409	0.01696640000000116	epochs	3.0
947.248456450409	0.016900299999974777	epochs	3.0
947.265356750409	0.03360459999998966	epochs	2.0
947.265356750409	0.01683479999996962	epochs	3.0
947.2821915504089	0.01676980000002004	epochs	3.0
947.298961350409	0.033346599999958926	epochs	2.0
947.298961350409	0.016705300000012357	epochs	3.0
947.315666650409	0.01664129999994657	epochs	3.0
947.3323079504089	0.03309250000006614	epochs	2.0
947.3323079504089	0.016577800000050047	epochs	3.0
947.348885750409	0.01651470000001609	epochs	3.0
947.365400450409	0.03284229999997024	epochs	2.0
947.365400450409	0.01645220000000336	epochs	3.0
947.381852650409	0.01639009999996688	epochs	3.0
947.3982427504089	0.03259570000000167	epochs	2.0
947.3982427504089	0.016328400000020338	epochs	3.0
947.414571150409	0.016267299999981333	epochs	3.0
947.4308384504089	0.032352899999978035	epochs	2.0
947.4308384504089	0.016206600000032267	epochs	3.0
947.447045050409	0.016146299999945768	epochs	3.0
947.4631913504089	0.03211369999996805	epochs	2.0
947.4631913504089	0.016086599999994178	epochs	3.0
947.4792779504089	0.01602709999997387	epochs	3.0
947.4953050504089	0.03187800000000607	epochs	2.0
947.4953050504089	0.015968200000088473	epochs	3.0
947.511273250409	0.015909799999917595	epochs	3.0
947.5271830504089	0.031645700000012766	epochs	2.0
947.5271830504089	0.01585160000001906	epochs	3.0
947.5430346504089	0.015794099999993705	epochs	3.0
947.5588287504089	0.0314167000000225	epochs	2.0
947.5588287504089	0.015736700000047676	epochs	3.0
947.574565450409	0.015679999999974825	epochs	3.0
947.5902454504089	0.031191100000000915	epochs	2.0
947.5902454504089	0.015623600000026272	epochs	3.0
947.605869050409	0.015567499999974643	epochs	3.0
947.6214365504089	0.030968700000016725	epochs	2.0
947.6214365504089	0.015512000000057924	epochs	3.0
947.636948550409	0.0154566999999588	epochs	3.0
947.652405250409	0.030749499999956242	epochs	2.0
947.652405250409	0.015401999999994587	epochs	3.0
947.6678072504089	0.015347499999961656	epochs	3.0
947.6831547504089	0.03053320000003623	epochs	2.0
947.6831547504089	0.015293400000018664	epochs	3.0
947.6984481504089	0.015239800000017567	epochs	3.0
947.7136879504089	0.03032010000003993	epochs	2.0
947.7136879504089	0.015186500000027081	epochs	3.0
947.728874450409	0.015133600000012848	epochs	3.0
947.744008050409	0.030109899999956724	epochs	2.0
947.744008050409	0.015081000000009226	epochs	3.0
947.759089050409	0.015028899999947498	epochs	3.0
947.7741179504089	0.02990250000004835	epochs	2.0
947.7741179504089	0.014977000000044427	epochs	3.0
947.789094950409	0.014925500000003922	epochs	3.0
947.804020450409	0.029698099999905025	epochs	2.0
947.804020450409	0.01487439999993967	epochs	3.0
947.8188948504089	0.014823699999965356	epochs	3.0
947.8337185504089	0.02949630000000525	epochs	2.0
947.8337185504089	0.014773200000036013	epochs	3.0
947.8484917504089	0.014723099999969236	epochs	3.0
947.8632148504089	0.02929740000001857	epochs	2.0
947.8632148504089	0.014673399999992398	epochs	3.0
947.8778882504089	0.014624000000026172	epochs	3.0
947.8925122504089	0.029101100000048064	epochs	2.0
947.8925122504089	0.014574900000070556	epochs	3.0
947.907087150409	0.014526199999977507	epochs	3.0
947.921613350409	0.028907399999980044	epochs	2.0
947.921613350409	0.014477699999929428	epochs	3.0
947.9360910504089	0.014429700000050616	epochs	3.0
947.9505207504089	0.028716199999962555	epochs	2.0
947.9505207504089	0.014381800000023759	epochs	3.0
947.964902550409	0.014334399999938796	epochs	3.0
947.9792369504089	0.028527600000074926	epochs	2.0
947.9792369504089	0.01428720000001249	epochs	3.0
947.9935241504089	0.014240400000062436	epochs	3.0
948.007764550409	0.028341399999931127	epochs	2.0
948.007764550409	0.014193799999929979	epochs	3.0
948.0219583504089	0.014147600000001148	epochs	3.0
948.0361059504089	0.028157700000065233	epochs	2.0
948.0361059504089	0.014101700000082928	epochs	3.0
948.050207650409	0.014055999999982305	epochs	3.0
948.064263650409	0.027976299999977527	epochs	2.0
948.064263650409	0.01401060000000598	epochs	3.0
948.078274250409	0.013965699999971548	epochs	3.0
948.092239950409	0.02779720000000907	epochs	2.0
948.092239950409	0.013920799999937117	epochs	3.0
948.1061607504089	0.013876400000071953	epochs	3.0
948.120037150409	0.027620399999932488	epochs	2.0
948.120037150409	0.013832200000024386	epochs	3.0
948.133869350409	0.013788199999908102	epochs	3.0
948.1476575504089	0.02744590000008884	epochs	2.0
948.1476575504089	0.013744599999995444	epochs	3.0
948.1614021504089	0.013701300000093397	epochs	3.0
948.175103450409	0.027273499999978412	epochs	2.0
948.175103450409	0.01365819999989526	epochs	3.0
948.1887616504089	0.013615300000083153	epochs	3.0
948.202376950409	0.027103399999987232	epochs	2.0
948.202376950409	0.013572800000019924	epochs	3.0
948.215949750409	0.013530599999967308	epochs	3.0
948.229480350409	0.02693520000002536	epochs	2.0
948.229480350409	0.013488400000028378	epochs	3.0
948.242968750409	0.013446799999996983	epochs	3.0
948.256415550409	0.026769199999989723	epochs	2.0
948.256415550409	0.013405199999965589	epochs	3.0
948.2698207504089	0.013364000000024134	epochs	3.0
948.283184750409	0.026605199999949036	epochs	2.0
948.283184750409	0.013322899999934634	epochs	3.0
948.2965076504089	0.013282300000014402	epochs	3.0
948.3097899504089	0.026443200000016986	epochs	2.0
948.3097899504089	0.013241699999980483	epochs	3.0
948.3230316504089	0.013201500000036503	epochs	3.0
948.3362331504089	0.0262831999999662	epochs	2.0
948.3362331504089	0.013161500000023807	epochs	3.0
948.349394650409	0.013121699999942393	epochs	3.0
948.3625163504089	0.02612500000009277	epochs	2.0
948.3625163504089	0.013082100000019636	epochs	3.0
948.3755984504089	0.013042900000073132	epochs	3.0
948.388641350409	0.025968899999952555	epochs	2.0
948.388641350409	0.013003899999944224	epochs	3.0
948.4016452504089	0.012965000000008331	epochs	3.0
948.4146102504089	0.025814500000024054	epochs	2.0
948.4146102504089	0.012926399999969362	epochs	3.0
948.4275366504089	0.012888100000054692	epochs	3.0
948.440424750409	0.025661899999931848	epochs	2.0
948.440424750409	0.012849899999991976	epochs	3.0
948.453274650409	0.012811999999939871	epochs	3.0
948.4660866504089	0.025511199999982637	epochs	2.0
948.4660866504089	0.012774400000012065	epochs	3.0
948.4788610504089	0.012736799999970572	epochs	3.0
948.4915978504089	0.025362300000097093	epochs	2.0
948.4915978504089	0.012699700000098346	epochs	3.0
948.504297550409	0.012662599999998747	epochs	3.0
948.516960150409	0.025215000000002874	epochs	2.0
948.516960150409	0.01262579999990976	epochs	3.0
948.5295859504089	0.012589200000093115	epochs	3.0
948.542175150409	0.024584799999956886	epochs	2.0
948.5663771504089	0.5	epochs	-1.0
948.5667599504089	0.4998399999999492	epochs	1.0
949.0665999504089	0.5000800000000254	epochs	0.0
961.0370001792908	0.03976000000000113	epochs	0.0
961.0370001792908	0.014882199999988188	epochs	1.0
961.0518823792908	0.009995600000024751	epochs	1.0
961.0618779792908	0.014882199999988188	epochs	1.0
961.0767601792908	2.0	epochs	0.0
963.0767601792908	5.359760000000051	epochs	0.0
963.0767601792908	1.0	epochs	1.0
963.0767773792908	0.5	epochs	-1.0
963.5767773792908	4.859742800000049	epochs	-1.0
964.0767601792908	4.359760000000051	epochs	1.0
964.0767601792908	4.356753899999944	epochs	-1.0
964.0767601792908	1.9745871999999736	epochs	2.0
964.0767601792908	1.0985621999999466	epochs	3.0
965.1753223792907	0.8760250000000269	epochs	3.0
966.0513473792907	1.3524075000000266	epochs	2.0
966.0513473792907	0.7286354999999958	epochs	3.0
966.7799828792907	0.6237720000000309	epochs	3.0
967.4037548792908	1.029759199999944	epochs	2.0
967.4037548792908	0.5453293000000485	epochs	3.0
967.9490841792908	0.4844298999998955	epochs	3.0
968.4335140792907	0.003006100000106926	epochs	2.0
968.4335140792907	0.003006100000106926	epochs	3.0
968.4365201792908	16.640159999999923	epochs	0.0
969.4539999961853	0.03976000000000113	epochs	0.0
969.4539999961853	0.014882199999988188	epochs	1.0
969.4688821961853	0.009995600000024751	epochs	1.0
969.4788777961853	0.014882199999988188	epochs	1.0
969.4937599961853	2.0	epochs	0.0
971.4937599961853	5.359760000000051	epochs	0.0
971.4937599961853	1.0	epochs	1.0
971.4937771961853	0.5	epochs	-1.0
971.9937771961853	4.859742800000049	epochs	-1.0
972.4937599961853	4.359760000000051	epochs	1.0
972.4937599961853	4.356753899999944	epochs	-1.0
972.4937599961853	1.9745871999999736	epochs	2.0
972.4937599961853	1.0985621999999466	epochs	3.0
973.5923221961853	0.8760250000000269	epochs	3.0
974.4683471961853	1.3524075000000266	epochs	2.0
974.4683471961853	0.7286354999999958	epochs	3.0
975.1969826961853	0.6237720000000309	epochs	3.0
975.8207546961853	1.029759199999944	epochs	2.0
975.8207546961853	0.5453293000000485	epochs	3.0
976.3660839961854	0.4844298999998955	epochs	3.0
976.8505138961852	0.003006100000106926	epochs	2.0
976.8505138961852	0.003006100000106926	epochs	3.0
976.8535199961854	16.640159999999923	epochs	0.0
977.8660001754761	0.03976000000000113	epochs	0.0
977.8660001754761	0.014882199999988188	epochs	1.0
977.8808823754761	0.009995600000024751	epochs	1.0
977.8908779754761	0.014882199999988188	epochs	1.0
977.9057601754761	2.0	epochs	0.0
979.9057601754761	0.5197600000000193	epochs	0.0
979.9057601754761	0.5197600000000193	epochs	1.0
979.9057773754761	0.5	epochs	-1.0
980.4057773754761	0.01974280000001727	epochs	-1.0
980.4255201754761	21.480159999999955	epochs	0.0
981.7760000228882	0.03976000000000113	epochs	0.0
981.7760000228882	0.014882199999988188	epochs	1.0
981.7908822228882	0.009995600000024751	epochs	1.0
981.8008778228882	0.014882199999988188	epochs	1.0
981.8157600228882	2.0	epochs	0.0
983.8157600228882	0.5197600000000193	epochs	0.0
983.8157600228882	0.5197600000000193	epochs	1.0
983.8157772228882	0.5	epochs	-1.0
984.3157772228882	0.01974280000001727	epochs	-1.0
984.3355200228882	21.480159999999955	epochs	0.0
985.7420001029968	0.03976000000000113	epochs	0.0
985.7420001029968	0.014882199999988188	epochs	1.0
985.7568823029968	0.009995600000024751	epochs	1.0
985.7668779029968	0.014882199999988188	epochs	1.0
985.7817601029968	2.0	epochs	0.0
987.7817601029968	0.5201600000000326	epochs	0.0
987.7817601029968	0.5201600000000326	epochs	1.0
987.7817773029968	0.5	epochs	-1.0
988.2817773029968	0.020142800000030547	epochs	-1.0
988.3019201029969	21.479759999999942	epochs	0.0
989.6259999275208	0.03976000000000113	epochs	0.0
989.6259999275208	0.014882199999988188	epochs	1.0
989.6408821275207	0.009995600000024751	epochs	1.0
989.6508777275208	0.014882199999988188	epochs	1.0
989.6657599275208	2.0	epochs	0.0
991.6657599275208	0.5197600000000193	epochs	0.0
991.6657599275208	0.5197600000000193	epochs	1.0
991.6657771275208	0.5	epochs	-1.0
992.1657771275208	0.01974280000001727	epochs	-1.0
992.1855199275208	21.480159999999955	epochs	0.0
993.5729999542236	0.03976000000000113	epochs	0.0
993.5729999542236	0.014882199999988188	epochs	1.0
993.5878821542236	0.009995600000024751	epochs	1.0
993.5978777542236	0.014882199999988188	epochs	1.0
993.6127599542236	2.0	epochs	0.0
995.6127599542236	0.5201600000000326	epochs	0.0
995.6127599542236	0.5201600000000326	epochs	1.0
995.6127771542236	0.5	epochs	-1.0
996.1127771542236	0.020142800000030547	epochs	-1.0
996.1329199542237	21.479759999999942	epochs	0.0
997.5060000419617	0.03976000000000113	epochs	0.0
997.5060000419617	0.014882199999988188	epochs	1.0
997.5208822419617	0.009995600000024751	epochs	1.0
997.5308778419617	0.014882199999988188	epochs	1.0
997.5457600419617	2.0	epochs	0.0
999.5457600419617	0.5199199999999564	epochs	0.0
999.5457600419617	0.5199199999999564	epochs	1.0
999.5457772419617	0.5	epochs	-1.0
1000.0457772419617	0.019902799999954368	epochs	-1.0
1000.0656800419616	21.480000000000018	epochs	0.0
1001.4520001411438	0.03976000000000113	epochs	0.0
1001.4520001411438	0.014882199999988188	epochs	1.0
1001.4668823411438	0.009995600000024751	epochs	1.0
1001.4768779411438	0.014882199999988188	epochs	1.0
1001.4917601411438	2.0	epochs	0.0
1003.4917601411438	0.5196799999999939	epochs	0.0
1003.4917601411438	0.5196799999999939	epochs	1.0
1003.4917773411438	0.5	epochs	-1.0
1003.9917773411438	0.019662799999991876	epochs	-1.0
1004.0114401411438	21.480240000000094	epochs	0.0
1016.4029998779297	0.03976000000000113	epochs	0.0
1016.4029998779297	0.014882199999988188	epochs	1.0
1016.4178820779297	0.009995600000024751	epochs	1.0
1016.4278776779297	0.014882199999988188	epochs	1.0
1016.4427598779297	0.2299199999999928	epochs	0.0
1016.4427598779297	0.049999999999954525	epochs	1.0
1016.4927598779296	0.009999999999990905	epochs	1.0
1016.5027598779296	0.05000000000006821	epochs	1.0
1016.5527598779297	0.009999999999990905	epochs	1.0
1016.5627598779297	0.049999999999954525	epochs	1.0
1016.6127598779296	0.009999999999990905	epochs	1.0
1016.6227598779296	0.04992000000004282	epochs	1.0
