onset	duration	nwb_table	treelevel
8.400000095367432	0.09999999999999964	epochs	0.0
8.400000095367432	0.04499999999999993	epochs	1.0
8.445000095367432	0.009999999999999787	epochs	1.0
8.455000095367431	0.04499999999999993	epochs	1.0
8.500000095367431	0.7049950000000003	epochs	0.0
8.500000095367431	0.5	epochs	-1.0
8.500000095367431	0.5	epochs	-1.0
8.500000095367431	0.5	epochs	1.0
9.000000095367431	0.0600000000000005	epochs	-1.0
9.000000095367431	0.025000000000000355	epochs	-1.0
9.000000095367431	0.025000000000000355	epochs	1.0
9.025000095367432	0.009999999999999787	epochs	-1.0
9.025000095367432	0.009999999999999787	epochs	1.0
9.035000095367431	0.025000000000000355	epochs	-1.0
9.035000095367431	0.025000000000000355	epochs	1.0
9.060000095367432	0.0600000000000005	epochs	-1.0
9.060000095367432	0.025000000000000355	epochs	-1.0
9.060000095367432	0.025000000000000355	epochs	1.0
9.085000095367432	0.009999999999999787	epochs	-1.0
9.085000095367432	0.009999999999999787	epochs	1.0
9.095000095367432	0.025000000000000355	epochs	-1.0
9.095000095367432	0.025000000000000355	epochs	1.0
9.120000095367432	0.05999999999999872	epochs	-1.0
9.120000095367432	0.02499999999999858	epochs	-1.0
9.120000095367432	0.02499999999999858	epochs	1.0
9.14500009536743	0.010000000000001563	epochs	-1.0
9.14500009536743	0.010000000000001563	epochs	1.0
9.155000095367432	0.02499999999999858	epochs	-1.0
9.155000095367432	0.02499999999999858	epochs	1.0
9.180000095367431	0.024995000000000545	epochs	1.0
96.28599977493286	0.09999999999999432	epochs	0.0
96.28599977493286	0.045000000000001705	epochs	1.0
96.33099977493286	0.010000000000005116	epochs	1.0
96.34099977493287	0.044999999999987494	epochs	1.0
96.38599977493286	0.7049950000000109	epochs	0.0
96.38599977493286	0.5	epochs	-1.0
96.38599977493286	0.5	epochs	1.0
96.88599977493286	0.060000000000002274	epochs	-1.0
96.88599977493286	0.025000000000005684	epochs	-1.0
96.88599977493286	0.025000000000005684	epochs	1.0
96.91099977493286	0.010000000000005116	epochs	-1.0
96.91099977493286	0.010000000000005116	epochs	1.0
96.92099977493287	0.024999999999991473	epochs	-1.0
96.92099977493287	0.024999999999991473	epochs	1.0
96.94599977493286	0.060000000000002274	epochs	-1.0
96.94599977493286	0.025000000000005684	epochs	-1.0
96.94599977493286	0.025000000000005684	epochs	1.0
96.97099977493286	0.009999999999990905	epochs	-1.0
96.97099977493286	0.009999999999990905	epochs	1.0
96.98099977493285	0.025000000000005684	epochs	-1.0
96.98099977493285	0.025000000000005684	epochs	1.0
97.00599977493286	0.060000000000002274	epochs	-1.0
97.00599977493286	0.025000000000005684	epochs	-1.0
97.00599977493286	0.025000000000005684	epochs	1.0
97.03099977493287	0.009999999999990905	epochs	-1.0
97.03099977493287	0.009999999999990905	epochs	1.0
97.04099977493286	0.025000000000005684	epochs	-1.0
97.04099977493286	0.025000000000005684	epochs	1.0
97.06599977493286	0.024995000000004097	epochs	1.0
165.8439998626709	0.09999999999999432	epochs	0.0
165.8439998626709	0.044999999999987494	epochs	1.0
165.8889998626709	0.010000000000019327	epochs	1.0
165.8989998626709	0.044999999999987494	epochs	1.0
165.9439998626709	61.384995	epochs	0.0
165.9439998626709	0.5	epochs	-1.0
165.9439998626709	0.5	epochs	-1.0
165.9439998626709	0.5	epochs	1.0
166.4439998626709	0.060000000000002274	epochs	-1.0
166.4439998626709	0.025000000000005684	epochs	-1.0
166.4439998626709	0.025000000000005684	epochs	1.0
166.4689998626709	0.009999999999990905	epochs	-1.0
166.4689998626709	0.009999999999990905	epochs	1.0
166.4789998626709	0.025000000000005684	epochs	-1.0
166.4789998626709	0.025000000000005684	epochs	1.0
166.5039998626709	0.060000000000002274	epochs	-1.0
166.5039998626709	0.025000000000005684	epochs	-1.0
166.5039998626709	0.025000000000005684	epochs	1.0
166.5289998626709	0.009999999999990905	epochs	-1.0
166.5289998626709	0.009999999999990905	epochs	1.0
166.5389998626709	0.025000000000005684	epochs	-1.0
166.5389998626709	0.025000000000005684	epochs	1.0
166.5639998626709	0.060000000000002274	epochs	-1.0
166.5639998626709	0.025000000000005684	epochs	-1.0
166.5639998626709	0.025000000000005684	epochs	1.0
166.5889998626709	0.009999999999990905	epochs	-1.0
166.5889998626709	0.009999999999990905	epochs	1.0
166.5989998626709	0.025000000000005684	epochs	-1.0
166.5989998626709	0.025000000000005684	epochs	1.0
166.6239998626709	60.0	epochs	1.0
226.6239998626709	0.5	epochs	-1.0
226.6239998626709	0.5	epochs	-1.0
226.6239998626709	0.5	epochs	1.0
227.1239998626709	0.060000000000002274	epochs	-1.0
227.1239998626709	0.025000000000005684	epochs	-1.0
227.1239998626709	0.025000000000005684	epochs	1.0
227.1489998626709	0.009999999999990905	epochs	-1.0
227.1489998626709	0.009999999999990905	epochs	1.0
227.1589998626709	0.025000000000005684	epochs	-1.0
227.1589998626709	0.025000000000005684	epochs	1.0
227.1839998626709	0.060000000000002274	epochs	-1.0
227.1839998626709	0.025000000000005684	epochs	-1.0
227.1839998626709	0.025000000000005684	epochs	1.0
227.2089998626709	0.009999999999990905	epochs	-1.0
227.2089998626709	0.009999999999990905	epochs	1.0
227.2189998626709	0.025000000000005684	epochs	-1.0
227.2189998626709	0.025000000000005684	epochs	1.0
227.2439998626709	0.060000000000002274	epochs	-1.0
227.2439998626709	0.025000000000005684	epochs	-1.0
227.2439998626709	0.025000000000005684	epochs	1.0
227.2689998626709	0.009999999999990905	epochs	-1.0
227.2689998626709	0.009999999999990905	epochs	1.0
227.2789998626709	0.025000000000005684	epochs	-1.0
227.2789998626709	0.025000000000005684	epochs	1.0
227.3039998626709	0.024994999999989886	epochs	1.0
268.0549998283386	0.10000000000002274	epochs	0.0
268.0549998283386	0.045000000000015916	epochs	1.0
268.09999982833864	0.009999999999990905	epochs	1.0
268.10999982833863	0.045000000000015916	epochs	1.0
268.15499982833865	0.7049949999999967	epochs	0.0
268.15499982833865	0.5	epochs	-1.0
268.15499982833865	0.5	epochs	-1.0
268.15499982833865	0.5	epochs	1.0
268.65499982833865	0.060000000000002274	epochs	-1.0
268.65499982833865	0.024999999999977263	epochs	-1.0
268.65499982833865	0.024999999999977263	epochs	1.0
268.6799998283386	0.009999999999990905	epochs	-1.0
268.6799998283386	0.009999999999990905	epochs	1.0
268.6899998283386	0.025000000000034106	epochs	-1.0
268.6899998283386	0.025000000000034106	epochs	1.0
268.71499982833865	0.060000000000002274	epochs	-1.0
268.71499982833865	0.024999999999977263	epochs	-1.0
268.71499982833865	0.024999999999977263	epochs	1.0
268.7399998283386	0.009999999999990905	epochs	-1.0
268.7399998283386	0.009999999999990905	epochs	1.0
268.7499998283386	0.025000000000034106	epochs	-1.0
268.7499998283386	0.025000000000034106	epochs	1.0
268.77499982833865	0.05999999999994543	epochs	-1.0
268.77499982833865	0.024999999999977263	epochs	-1.0
268.77499982833865	0.024999999999977263	epochs	1.0
268.7999998283386	0.009999999999990905	epochs	-1.0
268.7999998283386	0.009999999999990905	epochs	1.0
268.8099998283386	0.024999999999977263	epochs	-1.0
268.8099998283386	0.024999999999977263	epochs	1.0
268.8349998283386	0.02499500000004673	epochs	1.0
329.66699981689453	0.23363999999997986	epochs	0.0
329.66699981689453	0.11182009999998854	epochs	1.0
329.7788199168945	0.009999800000002779	epochs	1.0
329.7888197168945	0.11182009999998854	epochs	1.0
329.9006398168945	5.999979999999994	epochs	0.0
329.9006398168945	0.5	epochs	1.0
329.90064471689453	0.5	epochs	-1.0
329.90064471689453	0.5	epochs	-1.0
330.4006398168945	5.0	epochs	1.0
335.4006398168945	0.49997999999999365	epochs	1.0
335.40064471689453	0.4999750999999719	epochs	-1.0
361.65599966049194	0.19378000000000384	epochs	0.0
361.65599966049194	0.09189049999997678	epochs	1.0
361.7478901604919	0.009999000000050273	epochs	1.0
361.75788916049197	0.09189049999997678	epochs	1.0
361.84977966049195	2.5266399999999862	epochs	0.0
361.84977966049195	0.5	epochs	1.0
361.84979806049193	0.5	epochs	-1.0
362.34977966049195	1.0	epochs	1.0
363.34977966049195	1.0266399999999862	epochs	1.0
363.84979806049193	0.5	epochs	-1.0
364.37641966049193	0.9733400000000074	epochs	0.0
364.73999977111816	0.19378000000000384	epochs	0.0
364.73999977111816	0.09189049999997678	epochs	1.0
364.83189027111814	0.009999000000050273	epochs	1.0
364.8418892711182	0.09189049999997678	epochs	1.0
364.93377977111817	2.506520000000023	epochs	0.0
364.93377977111817	0.5	epochs	1.0
364.93379817111816	0.5	epochs	-1.0
365.43377977111817	1.0	epochs	1.0
366.43377977111817	1.0065200000000232	epochs	1.0
366.93379817111816	0.5	epochs	-1.0
367.4402997711182	0.9934599999999705	epochs	0.0
367.75600004196167	0.19378000000000384	epochs	0.0
367.75600004196167	0.09189049999997678	epochs	1.0
367.84789054196165	0.009999000000050273	epochs	1.0
367.8578895419617	0.09189049999997678	epochs	1.0
367.9497800419617	2.505899999999997	epochs	0.0
367.9497800419617	0.5	epochs	1.0
367.94979844196166	0.5	epochs	-1.0
368.4497800419617	1.0	epochs	1.0
369.4497800419617	1.005899999999997	epochs	1.0
369.94979844196166	0.5	epochs	-1.0
370.45568004196167	0.9940799999999967	epochs	0.0
370.789999961853	0.19378000000000384	epochs	0.0
370.789999961853	0.09189049999997678	epochs	1.0
370.881890461853	0.009999000000050273	epochs	1.0
370.89188946185305	0.09189049999997678	epochs	1.0
370.98377996185303	2.5057800000000157	epochs	0.0
370.98377996185303	0.5	epochs	1.0
370.983798361853	0.5	epochs	-1.0
371.48377996185303	1.0	epochs	1.0
372.48377996185303	1.0057800000000157	epochs	1.0
372.983798361853	0.5	epochs	-1.0
373.48955996185305	0.994199999999978	epochs	0.0
373.82800006866455	0.19378000000000384	epochs	0.0
373.82800006866455	0.09189049999997678	epochs	1.0
373.9198905686645	0.009999000000050273	epochs	1.0
373.9298895686646	0.09189049999997678	epochs	1.0
374.02178006866455	3.0262200000000234	epochs	0.0
374.02178006866455	0.5	epochs	1.0
374.02179846866454	0.5	epochs	-1.0
374.52178006866455	1.0	epochs	1.0
375.52178006866455	1.5262200000000234	epochs	1.0
376.02179846866454	0.5	epochs	-1.0
376.52179846866454	0.5	epochs	-1.0
377.0480000686646	0.4737599999999702	epochs	0.0
377.4779996871948	0.6499800000000278	epochs	0.0
377.4779996871948	0.05000000000001137	epochs	1.0
377.52799968719484	0.5	epochs	1.0
378.02799968719484	0.09998000000001639	epochs	1.0
378.54399967193604	0.6499800000000278	epochs	0.0
378.54399967193604	0.05000000000001137	epochs	1.0
378.59399967193605	0.5	epochs	1.0
379.09399967193605	0.09998000000001639	epochs	1.0
379.5939998626709	0.6499800000000278	epochs	0.0
379.5939998626709	0.05000000000001137	epochs	1.0
379.6439998626709	0.5	epochs	1.0
380.1439998626709	0.09998000000001639	epochs	1.0
380.66099977493286	0.6499800000000278	epochs	0.0
380.66099977493286	0.05000000000001137	epochs	1.0
380.7109997749329	0.5	epochs	1.0
381.2109997749329	0.09998000000001639	epochs	1.0
381.7059998512268	0.6499800000000278	epochs	0.0
381.7059998512268	0.05000000000001137	epochs	1.0
381.7559998512268	0.5	epochs	1.0
382.2559998512268	0.09998000000001639	epochs	1.0
382.789999961853	0.6499800000000278	epochs	0.0
382.789999961853	0.05000000000001137	epochs	1.0
382.83999996185304	0.5	epochs	1.0
383.33999996185304	0.09998000000001639	epochs	1.0
383.85599994659424	0.6499800000000278	epochs	0.0
383.85599994659424	0.05000000000001137	epochs	1.0
383.90599994659425	0.5	epochs	1.0
384.40599994659425	0.09998000000001639	epochs	1.0
384.98999977111816	0.19378000000000384	epochs	0.0
384.98999977111816	0.09189049999997678	epochs	1.0
385.08189027111814	0.009999000000050273	epochs	1.0
385.0918892711182	0.09189049999997678	epochs	1.0
385.18377977111817	2.505899999999997	epochs	0.0
385.18377977111817	0.5	epochs	1.0
385.18379817111816	0.5	epochs	-1.0
385.68377977111817	1.0	epochs	1.0
386.68377977111817	1.005899999999997	epochs	1.0
387.1837980711182	0.5	epochs	-1.0
387.68967977111816	2.9940799999999967	epochs	0.0
390.19000005722046	0.19378000000000384	epochs	0.0
390.19000005722046	0.09189049999997678	epochs	1.0
390.28189055722044	0.009999000000050273	epochs	1.0
390.2918895572205	0.09189049999997678	epochs	1.0
390.38378005722046	2.506280000000004	epochs	0.0
390.38378005722046	0.5	epochs	1.0
390.38379845722045	0.5	epochs	-1.0
390.88378005722046	1.0	epochs	1.0
391.88378005722046	1.0062800000000038	epochs	1.0
392.3837983572205	0.5	epochs	-1.0
392.89006005722047	2.99369999999999	epochs	0.0
395.4449996948242	0.19378000000000384	epochs	0.0
395.4449996948242	0.09189049999997678	epochs	1.0
395.5368901948242	0.009999000000050273	epochs	1.0
395.54688919482425	0.09189049999997678	epochs	1.0
395.6387796948242	2.526520000000005	epochs	0.0
395.6387796948242	0.5	epochs	1.0
395.6387980948242	0.5	epochs	-1.0
396.1387796948242	1.0	epochs	1.0
397.1387796948242	1.026520000000005	epochs	1.0
397.63879799482424	0.5	epochs	-1.0
398.1652996948242	2.9734599999999887	epochs	0.0
400.6949996948242	0.19378000000000384	epochs	0.0
400.6949996948242	0.09189049999997678	epochs	1.0
400.7868901948242	0.009999000000050273	epochs	1.0
400.79688919482425	0.09189049999997678	epochs	1.0
400.8887796948242	2.506779999999992	epochs	0.0
400.8887796948242	0.5	epochs	1.0
400.8887980948242	0.5	epochs	-1.0
401.3887796948242	1.0	epochs	1.0
402.3887796948242	1.006779999999992	epochs	1.0
402.88879799482424	0.5	epochs	-1.0
403.3955596948242	2.9932000000000016	epochs	0.0
405.96299982070923	0.19378000000000384	epochs	0.0
405.96299982070923	0.09189049999997678	epochs	1.0
406.0548903207092	0.009999000000050273	epochs	1.0
406.06488932070926	0.09189049999997678	epochs	1.0
406.15677982070923	2.5057600000000093	epochs	0.0
406.15677982070923	0.5	epochs	1.0
406.1567982207092	0.5	epochs	-1.0
406.65677982070923	1.0	epochs	1.0
407.65677982070923	1.0057600000000093	epochs	1.0
408.15679812070925	0.5	epochs	-1.0
408.66253982070924	2.9942199999999843	epochs	0.0
411.14599990844727	0.19378000000000384	epochs	0.0
411.14599990844727	0.09189049999997678	epochs	1.0
411.23789040844724	0.009999000000050273	epochs	1.0
411.2478894084473	0.09189049999997678	epochs	1.0
411.33977990844727	2.5057800000000157	epochs	0.0
411.33977990844727	0.5	epochs	1.0
411.33979830844726	0.5	epochs	-1.0
411.83977990844727	1.0	epochs	1.0
412.83977990844727	1.0057800000000157	epochs	1.0
413.33979830844726	0.5	epochs	-1.0
413.8455599084473	3.994199999999978	epochs	0.0
414.38599967956543	0.19378000000000384	epochs	0.0
414.38599967956543	0.09189049999997678	epochs	1.0
414.4778901795654	0.009999000000050273	epochs	1.0
414.48788917956546	0.09189049999997678	epochs	1.0
414.57977967956543	3.0267200000000116	epochs	0.0
414.57977967956543	0.5	epochs	1.0
414.5797980795654	0.5	epochs	-1.0
415.07977967956543	1.0	epochs	1.0
416.07977967956543	1.5267200000000116	epochs	1.0
416.5797980795654	0.5	epochs	-1.0
417.0797980795654	0.5	epochs	-1.0
417.60649967956545	3.473259999999982	epochs	0.0
418.03599977493286	0.19378000000000384	epochs	0.0
418.03599977493286	0.09189049999997678	epochs	1.0
418.12789027493284	0.009999000000050273	epochs	1.0
418.1378892749329	0.09189049999997678	epochs	1.0
418.22977977493287	3.026360000000011	epochs	0.0
418.22977977493287	0.5	epochs	1.0
418.22979817493285	0.5	epochs	-1.0
418.72977977493287	1.0	epochs	1.0
419.72977977493287	1.526360000000011	epochs	1.0
420.22979817493285	0.5	epochs	-1.0
420.72979817493285	0.5	epochs	-1.0
421.2561397749329	3.4736199999999826	epochs	0.0
421.76900005340576	0.19378000000000384	epochs	0.0
421.76900005340576	0.09189049999997678	epochs	1.0
421.86089055340574	0.009999000000050273	epochs	1.0
421.8708895534058	0.09189049999997678	epochs	1.0
421.96278005340577	2.506019999999978	epochs	0.0
421.96278005340577	0.5	epochs	1.0
421.96279845340575	0.5	epochs	-1.0
422.46278005340577	1.0	epochs	1.0
423.46278005340577	1.0060199999999782	epochs	1.0
423.96279845340575	0.5	epochs	-1.0
424.46880005340574	3.9939600000000155	epochs	0.0
424.9689998626709	0.19378000000000384	epochs	0.0
424.9689998626709	0.09189049999997678	epochs	1.0
425.0608903626709	0.009999000000050273	epochs	1.0
425.0708893626709	0.09189049999997678	epochs	1.0
425.1627798626709	3.0258400000000165	epochs	0.0
425.1627798626709	0.5	epochs	1.0
425.1627982626709	0.5	epochs	-1.0
425.6627798626709	1.0	epochs	1.0
426.6627798626709	1.5258400000000165	epochs	1.0
427.1627982626709	0.5	epochs	-1.0
427.6627982626709	0.5	epochs	-1.0
428.1886198626709	3.474139999999977	epochs	0.0
428.73499965667725	0.19378000000000384	epochs	0.0
428.73499965667725	0.09189049999997678	epochs	1.0
428.8268901566772	0.009999000000050273	epochs	1.0
428.8368891566773	0.09189049999997678	epochs	1.0
428.92877965667725	2.5057800000000157	epochs	0.0
428.92877965667725	0.5	epochs	1.0
428.92879805667724	0.5	epochs	-1.0
429.42877965667725	1.0	epochs	1.0
430.42877965667725	1.0057800000000157	epochs	1.0
430.92879805667724	0.5	epochs	-1.0
431.43455965667727	3.994199999999978	epochs	0.0
432.00299978256226	0.15298000000001366	epochs	0.0
432.00299978256226	0.05000000000001137	epochs	1.0
432.05299978256227	0.002999999999985903	epochs	1.0
432.05599978256225	0.09998000000001639	epochs	1.0
432.75299978256226	0.15298000000001366	epochs	0.0
432.75299978256226	0.05000000000001137	epochs	1.0
432.80299978256227	0.002999999999985903	epochs	1.0
432.80599978256225	0.09998000000001639	epochs	1.0
433.46999979019165	0.15298000000001366	epochs	0.0
433.46999979019165	0.05000000000001137	epochs	1.0
433.51999979019166	0.002999999999985903	epochs	1.0
433.52299979019165	0.09998000000001639	epochs	1.0
434.18699979782104	0.15298000000001366	epochs	0.0
434.18699979782104	0.05000000000001137	epochs	1.0
434.23699979782106	0.002999999999985903	epochs	1.0
434.23999979782104	0.09998000000001639	epochs	1.0
434.95300006866455	0.15298000000001366	epochs	0.0
434.95300006866455	0.05000000000001137	epochs	1.0
435.00300006866456	0.002999999999985903	epochs	1.0
435.00600006866455	0.09998000000001639	epochs	1.0
435.67000007629395	0.15298000000001366	epochs	0.0
435.67000007629395	0.05000000000001137	epochs	1.0
435.72000007629396	0.002999999999985903	epochs	1.0
435.72300007629394	0.09998000000001639	epochs	1.0
436.38700008392334	0.15298000000001366	epochs	0.0
436.38700008392334	0.05000000000001137	epochs	1.0
436.43700008392335	0.002999999999985903	epochs	1.0
436.44000008392334	0.09998000000001639	epochs	1.0
437.0869998931885	0.15298000000001366	epochs	0.0
437.0869998931885	0.05000000000001137	epochs	1.0
437.1369998931885	0.002999999999985903	epochs	1.0
437.1399998931885	0.09998000000001639	epochs	1.0
437.8029999732971	0.15298000000001366	epochs	0.0
437.8029999732971	0.05000000000001137	epochs	1.0
437.85299997329713	0.002999999999985903	epochs	1.0
437.8559999732971	0.09998000000001639	epochs	1.0
438.5869998931885	0.15298000000001366	epochs	0.0
438.5869998931885	0.05000000000001137	epochs	1.0
438.6369998931885	0.002999999999985903	epochs	1.0
438.6399998931885	0.09998000000001639	epochs	1.0
439.3529996871948	0.15298000000001366	epochs	0.0
439.3529996871948	0.05000000000001137	epochs	1.0
439.40299968719484	0.002999999999985903	epochs	1.0
439.4059996871948	0.09998000000001639	epochs	1.0
440.1529998779297	0.15298000000001366	epochs	0.0
440.1529998779297	0.05000000000001137	epochs	1.0
440.2029998779297	0.002999999999985903	epochs	1.0
440.2059998779297	0.09998000000001639	epochs	1.0
440.96999979019165	0.15298000000001366	epochs	0.0
440.96999979019165	0.05000000000001137	epochs	1.0
441.01999979019166	0.002999999999985903	epochs	1.0
441.02299979019165	0.09998000000001639	epochs	1.0
441.75	0.15298000000001366	epochs	0.0
441.75	0.05000000000001137	epochs	1.0
441.8	0.002999999999985903	epochs	1.0
441.803	0.09998000000001639	epochs	1.0
442.56699991226196	0.15298000000001366	epochs	0.0
442.56699991226196	0.05000000000001137	epochs	1.0
442.616999912262	0.002999999999985903	epochs	1.0
442.61999991226196	0.09998000000001639	epochs	1.0
443.43300008773804	0.19378000000000384	epochs	0.0
443.43300008773804	0.09189049999997678	epochs	1.0
443.524890587738	0.009999000000050273	epochs	1.0
443.53488958773806	0.09189049999997678	epochs	1.0
443.62678008773804	0.5067000000000235	epochs	0.0
443.62678008773804	0.5	epochs	1.0
443.62679848773803	0.5	epochs	-1.0
444.12678008773804	0.002999999999985903	epochs	1.0
444.129780087738	0.003700000000037562	epochs	1.0
444.13348008773806	1.0962799999999788	epochs	0.0
456.76399993896484	0.19378000000000384	epochs	0.0
456.76399993896484	0.09189049999997678	epochs	1.0
456.8558904389648	0.009999000000050273	epochs	1.0
456.86588943896487	0.09189049999997678	epochs	1.0
456.95777993896485	1.6029800000000023	epochs	0.0
456.95777993896485	0.5	epochs	1.0
456.95779833896484	0.5	epochs	-1.0
457.45777993896485	0.002999999999985903	epochs	1.0
457.46077993896483	1.0999800000000164	epochs	1.0
457.9607983389648	0.5	epochs	-1.0
459.1970000267029	0.19378000000000384	epochs	0.0
459.1970000267029	0.09189049999997678	epochs	1.0
459.28889052670286	0.009999000000050273	epochs	1.0
459.2988895267029	0.09189049999997678	epochs	1.0
459.3907800267029	1.5058599999999842	epochs	0.0
459.3907800267029	0.5	epochs	1.0
459.3907984267029	0.5	epochs	-1.0
459.8907800267029	0.002999999999985903	epochs	1.0
459.89378002670287	1.0028599999999983	epochs	1.0
460.39379842670286	0.5	epochs	-1.0
460.89664002670287	0.09712000000001808	epochs	0.0
461.51399993896484	0.19378000000000384	epochs	0.0
461.51399993896484	0.09189049999997678	epochs	1.0
461.6058904389648	0.009999000000050273	epochs	1.0
461.61588943896487	0.09189049999997678	epochs	1.0
461.70777993896485	1.5058599999999842	epochs	0.0
461.70777993896485	0.5	epochs	1.0
461.70779833896484	0.5	epochs	-1.0
462.20777993896485	0.002999999999985903	epochs	1.0
462.21077993896483	1.0028599999999983	epochs	1.0
462.7107983389648	0.5	epochs	-1.0
463.21363993896483	0.09712000000001808	epochs	0.0
463.84299993515015	0.19378000000000384	epochs	0.0
463.84299993515015	0.09189049999997678	epochs	1.0
463.9348904351501	0.009999000000050273	epochs	1.0
463.9448894351502	0.09189049999997678	epochs	1.0
464.03677993515015	1.5064800000000105	epochs	0.0
464.03677993515015	0.5	epochs	1.0
464.03679833515014	0.5	epochs	-1.0
464.53677993515015	0.002999999999985903	epochs	1.0
464.53977993515014	1.0034800000000246	epochs	1.0
465.0397983351501	0.5	epochs	-1.0
465.54325993515016	0.09649999999999181	epochs	0.0
466.1929998397827	0.19378000000000384	epochs	0.0
466.1929998397827	0.09189049999997678	epochs	1.0
466.2848903397827	0.009999000000050273	epochs	1.0
466.29488933978274	0.09189049999997678	epochs	1.0
466.3867798397827	1.5068600000000174	epochs	0.0
466.3867798397827	0.5	epochs	1.0
466.3867982397827	0.5	epochs	-1.0
466.8867798397827	0.002999999999985903	epochs	1.0
466.8897798397827	1.0038600000000315	epochs	1.0
467.3897982397827	0.5	epochs	-1.0
467.89363983978274	0.09611999999998488	epochs	0.0
468.5260000228882	0.19378000000000384	epochs	0.0
468.5260000228882	0.09189049999997678	epochs	1.0
468.61789052288816	0.009999000000050273	epochs	1.0
468.6278895228882	0.09189049999997678	epochs	1.0
468.7197800228882	0.5049599999999828	epochs	0.0
468.7197800228882	0.5	epochs	1.0
468.7197984228882	0.5	epochs	-1.0
469.2197800228882	0.002999999999985903	epochs	1.0
469.2227800228882	0.001959999999996853	epochs	1.0
469.22474002288817	1.0980200000000195	epochs	0.0
481.8239998817444	0.19378000000000384	epochs	0.0
481.8239998817444	0.09189049999997678	epochs	1.0
481.91589038174436	0.009999000000050273	epochs	1.0
481.9258893817444	0.09189049999997678	epochs	1.0
482.0177798817444	1.505740000000003	epochs	0.0
482.0177798817444	0.5	epochs	1.0
482.0177982817444	0.5	epochs	-1.0
482.5177798817444	0.002999999999985903	epochs	1.0
482.5207798817444	1.002740000000017	epochs	1.0
483.02079828174436	0.5	epochs	-1.0
483.5235198817444	0.09723999999999933	epochs	0.0
484.19999980926514	0.19378000000000384	epochs	0.0
484.19999980926514	0.09189049999997678	epochs	1.0
484.2918903092651	0.009999000000050273	epochs	1.0
484.30188930926516	0.09189049999997678	epochs	1.0
484.39377980926514	1.5063599999999724	epochs	0.0
484.39377980926514	0.5	epochs	1.0
484.3937982092651	0.5	epochs	-1.0
484.89377980926514	0.002999999999985903	epochs	1.0
484.8967798092651	1.0033599999999865	epochs	1.0
485.3967982092651	0.5	epochs	-1.0
485.9001398092651	0.0966200000000299	epochs	0.0
486.69999980926514	0.19378000000000384	epochs	0.0
486.69999980926514	0.09189049999997678	epochs	1.0
486.7918903092651	0.009999000000050273	epochs	1.0
486.80188930926516	0.09189049999997678	epochs	1.0
486.89377980926514	5.385839999999973	epochs	0.0
486.89377980926514	0.5	epochs	1.0
486.8937982092651	0.5	epochs	-1.0
487.39377980926514	4.885839999999973	epochs	1.0
491.27953980926515	1.0000799999999685	epochs	-1.0
491.27953980926515	0.040300000000002	epochs	-1.0
491.77703820926513	0.5	epochs	-1.0
492.2796198092651	14.11414000000002	epochs	0.0
493.2189998626709	0.19378000000000384	epochs	0.0
493.2189998626709	0.09189049999997678	epochs	1.0
493.3108903626709	0.009999000000050273	epochs	1.0
493.3208893626709	0.09189049999997678	epochs	1.0
493.4127798626709	5.227100000000007	epochs	0.0
493.4127798626709	0.5	epochs	1.0
493.4127982626709	0.5	epochs	-1.0
493.9127798626709	4.727100000000007	epochs	1.0
497.6395398626709	1.0003399999999942	epochs	-1.0
497.6395398626709	0.03958000000000084	epochs	-1.0
498.1370382626709	0.5	epochs	-1.0
498.6398798626709	14.272879999999986	epochs	0.0
499.41899967193604	0.19378000000000384	epochs	0.0
499.41899967193604	0.09189049999997678	epochs	1.0
499.510890171936	0.009999000000050273	epochs	1.0
499.52088917193606	0.09189049999997678	epochs	1.0
499.61277967193604	5.2867200000000025	epochs	0.0
499.61277967193604	0.5	epochs	1.0
499.612798071936	0.5	epochs	-1.0
500.11277967193604	4.7867200000000025	epochs	1.0
503.89953967193605	0.9999599999999873	epochs	-1.0
503.89953967193605	0.03955999999999449	epochs	-1.0
504.39703807193604	0.5	epochs	-1.0
504.89949967193604	14.213259999999991	epochs	0.0
535.4289999008179	0.1937599999999975	epochs	0.0
535.4289999008179	0.09188099999994392	epochs	1.0
535.5208809008178	0.009998000000109641	epochs	1.0
535.5308789008179	0.09188099999994392	epochs	1.0
535.6227599008179	2.0	epochs	0.0
537.6227599008179	5.405439999999999	epochs	0.0
537.6227599008179	1.0	epochs	1.0
537.6227983008179	0.5	epochs	-1.0
538.1227983008179	4.905401600000005	epochs	-1.0
538.6227599008179	4.405439999999999	epochs	1.0
538.6227599008179	4.356753900000058	epochs	-1.0
538.6227599008179	1.9745871999999736	epochs	2.0
538.6227599008179	1.0985621999999466	epochs	3.0
539.7213221008178	0.8760250000000269	epochs	3.0
540.5973471008178	1.3524075000000266	epochs	2.0
540.5973471008178	0.7286354999999958	epochs	3.0
541.3259826008178	0.6237720000000309	epochs	3.0
541.9497546008179	1.0297592000000577	epochs	2.0
541.9497546008179	0.5453293000000485	epochs	3.0
542.4950839008179	0.4844299000000092	epochs	3.0
542.9795138008179	0.04868609999994078	epochs	2.0
542.9795138008179	0.04868609999994078	epochs	3.0
543.0281999008179	16.594479999999976	epochs	0.0
543.9089999198914	0.1937599999999975	epochs	0.0
543.9089999198914	0.09188099999994392	epochs	1.0
544.0008809198913	0.009998000000109641	epochs	1.0
544.0108789198914	0.09188099999994392	epochs	1.0
544.1027599198914	2.0	epochs	0.0
546.1027599198914	21.999919999999975	epochs	0.0
546.1027599198914	1.0	epochs	1.0
546.1027983198913	0.5	epochs	-1.0
546.6027983198913	19.997439999999983	epochs	-1.0
547.1027599198914	20.0	epochs	1.0
547.1027599198914	4.356753900000058	epochs	-1.0
547.1027599198914	1.9745871999999736	epochs	2.0
547.1027599198914	1.0985621999999466	epochs	3.0
548.2013221198913	0.8760250000000269	epochs	3.0
549.0773471198913	1.3524075000000266	epochs	2.0
549.0773471198913	0.7286354999999958	epochs	3.0
549.8059826198913	0.6237720000000309	epochs	3.0
550.4297546198914	1.0297592000000577	epochs	2.0
550.4297546198914	0.5453293000000485	epochs	3.0
550.9750839198914	0.4844299000000092	epochs	3.0
551.4595138198914	0.8317861999998968	epochs	2.0
551.4595138198914	0.4357762999999295	epochs	3.0
551.8952901198913	0.3960098999999673	epochs	3.0
552.2913000198913	0.6977970000000369	epochs	2.0
552.2913000198913	0.3628982000000178	epochs	3.0
552.6541982198913	0.33489880000001904	epochs	3.0
552.9890970198913	0.601045699999986	epochs	2.0
552.9890970198913	0.3109123000000409	epochs	3.0
553.3000093198914	0.29013339999994514	epochs	3.0
553.5901427198913	0.5278859000000011	epochs	2.0
553.5901427198913	0.2719586000000618	epochs	3.0
553.8621013198914	0.25592729999993935	epochs	3.0
554.1180286198913	0.4706193000000667	epochs	2.0
554.1180286198913	0.241681299999982	epochs	3.0
554.3597099198913	0.22893800000008468	epochs	3.0
554.5886479198914	0.42457039999999324	epochs	2.0
554.5886479198914	0.2174713999999085	epochs	3.0
554.8061193198913	0.20709900000008474	epochs	3.0
555.0132183198914	0.3867353999999068	epochs	2.0
555.0132183198914	0.19767109999997956	epochs	3.0
555.2108894198914	0.18906429999992724	epochs	3.0
555.3999537198913	0.3550953000000163	epochs	2.0
555.3999537198913	0.18117590000008477	epochs	3.0
555.5811296198914	0.17391939999993156	epochs	3.0
555.7550490198913	0.3282431000000088	epochs	2.0
555.7550490198913	0.1672219000000723	epochs	3.0
555.9222709198914	0.16102119999993647	epochs	3.0
556.0832921198913	0.30516799999998057	epochs	2.0
556.0832921198913	0.15526390000002266	epochs	3.0
556.2385560198913	0.1499040999999579	epochs	3.0
556.3884601198913	0.28512530000000424	epochs	2.0
556.3884601198913	0.1449021000000812	epochs	3.0
556.5333622198914	0.14022319999992305	epochs	3.0
556.6735854198913	0.267553800000087	epochs	2.0
556.6735854198913	0.1358369000000721	epochs	3.0
556.8094223198914	0.1317169000000149	epochs	3.0
556.9411392198914	0.252022899999929	epochs	2.0
556.9411392198914	0.1278393000000051	epochs	3.0
557.0689785198914	0.1241835999999239	epochs	3.0
557.1931621198913	0.23819650000007186	epochs	2.0
557.1931621198913	0.12073110000005727	epochs	3.0
557.3138932198914	0.1174654000000146	epochs	3.0
557.4313586198914	0.2258087999999816	epochs	2.0
557.4313586198914	0.1143718999999237	epochs	3.0
557.5457305198913	0.1114369000000579	epochs	3.0
557.6571674198914	0.2146460000000161	epochs	2.0
557.6571674198914	0.10864889999993466	epochs	3.0
557.7658163198913	0.10599710000008145	epochs	3.0
557.8718134198914	0.20453499999996438	epochs	2.0
557.8718134198914	0.10347149999995509	epochs	3.0
557.9752849198914	0.1010635000000093	epochs	3.0
558.0763484198914	0.19533400000000256	epochs	2.0
558.0763484198914	0.09876510000003691	epochs	3.0
558.1751135198914	0.09656889999996565	epochs	3.0
558.2716824198914	0.18692529999998442	epochs	2.0
558.2716824198914	0.09446830000001682	epochs	3.0
558.3661507198914	0.09245699999996759	epochs	3.0
558.4586077198913	0.17921069999999872	epochs	2.0
558.4586077198913	0.09052959999996801	epochs	3.0
558.5491373198913	0.08868110000003071	epochs	3.0
558.6378184198913	0.17210769999996955	epochs	2.0
558.6378184198913	0.08690630000000965	epochs	3.0
558.7247247198914	0.0852013999999599	epochs	3.0
558.8099261198913	0.16554640000003928	epochs	2.0
558.8099261198913	0.08356190000006336	epochs	3.0
558.8934880198914	0.08198449999997592	epochs	3.0
558.9754725198914	0.15946710000002895	epochs	2.0
558.9754725198914	0.08046539999998004	epochs	3.0
559.0559379198913	0.07900170000004891	epochs	3.0
559.1349396198914	0.15381839999997737	epochs	2.0
559.1349396198914	0.07759009999995214	epochs	3.0
559.2125297198913	0.07622830000002523	epochs	3.0
559.2887580198914	0.14855639999996129	epochs	2.0
559.2887580198914	0.07491330000004837	epochs	3.0
559.3636713198914	0.07364309999991292	epochs	3.0
559.4373144198913	0.14364240000008976	epochs	2.0
559.4373144198913	0.07241499999997814	epochs	3.0
559.5097294198913	0.07122740000011163	epochs	3.0
559.5809568198914	0.13904309999998077	epochs	2.0
559.5809568198914	0.07007799999996678	epochs	3.0
559.6510348198914	0.06896510000001399	epochs	3.0
559.7199999198914	0.1347293000000036	epochs	2.0
559.7199999198914	0.0678871000000072	epochs	3.0
559.7878870198914	0.06684219999999641	epochs	3.0
559.8547292198914	0.13067519999992783	epochs	2.0
559.8547292198914	0.06582909999997355	epochs	3.0
559.9205583198914	0.06484609999995428	epochs	3.0
559.9854044198913	0.12685780000003888	epochs	2.0
559.9854044198913	0.06389200000000983	epochs	3.0
560.0492964198913	0.06296580000002905	epochs	3.0
560.1122622198914	0.12325720000001184	epochs	2.0
560.1122622198914	0.06206580000002759	epochs	3.0
560.1743280198914	0.06119139999998424	epochs	3.0
560.2355194198914	0.11985540000000583	epochs	2.0
560.2355194198914	0.060341099999959624	epochs	3.0
560.2958605198913	0.059514300000046205	epochs	3.0
560.3553748198914	0.11663620000001629	epochs	2.0
560.3553748198914	0.058709599999929196	epochs	3.0
560.4140844198913	0.05792660000008709	epochs	3.0
560.4720110198914	0.11358559999996487	epochs	2.0
560.4720110198914	0.05716419999998834	epochs	3.0
560.5291752198914	0.05642139999997653	epochs	3.0
560.5855966198914	0.11069050000003244	epochs	2.0
560.5855966198914	0.055697900000041045	epochs	3.0
560.6412945198914	0.0549925999999914	epochs	3.0
560.6962871198914	0.10793909999995321	epochs	2.0
560.6962871198914	0.05430489999992005	epochs	3.0
560.7505920198913	0.05363420000003316	epochs	3.0
560.8042262198913	0.10532150000005913	epochs	2.0
560.8042262198913	0.05298000000004777	epochs	3.0
560.8572062198914	0.052341500000011365	epochs	3.0
560.9095477198914	0.10282759999995505	epochs	2.0
560.9095477198914	0.051718099999902734	epochs	3.0
560.9612658198913	0.05110950000005232	epochs	3.0
561.0123753198914	0.10044909999999163	epochs	2.0
561.0123753198914	0.050514900000052876	epochs	3.0
561.0628902198914	0.049934199999938755	epochs	3.0
561.1128244198914	0.0981782999999723	epochs	2.0
561.1128244198914	0.04936659999998483	epochs	3.0
561.1621910198913	0.04881169999998747	epochs	3.0
561.2110027198913	0.09600780000005216	epochs	2.0
561.2110027198913	0.04826920000004975	epochs	3.0
561.2592719198914	0.04773860000000241	epochs	3.0
561.3070105198914	0.09393119999992905	epochs	2.0
561.3070105198914	0.04721949999998287	epochs	3.0
561.3542300198914	0.04671169999994618	epochs	3.0
561.4009417198913	0.09194260000003851	epochs	2.0
561.4009417198913	0.04621460000009847	epochs	3.0
561.4471563198914	0.04572799999994004	epochs	3.0
561.4928843198913	0.09003630000006524	epochs	2.0
561.4928843198913	0.04525150000006306	epochs	3.0
561.5381358198914	0.04478480000000218	epochs	3.0
561.5829206198914	0.08820759999991878	epochs	2.0
561.5829206198914	0.04432779999990544	epochs	3.0
561.6272484198913	0.04387980000001335	epochs	3.0
561.6711282198913	0.0864516999999978	epochs	2.0
561.6711282198913	0.04344100000002982	epochs	3.0
561.7145692198914	0.04301069999996798	epochs	3.0
561.7575799198913	0.0847643000000744	epochs	2.0
561.7575799198913	0.04258900000002086	epochs	3.0
561.8001689198913	0.04217530000005354	epochs	3.0
561.8423442198914	0.08314150000001064	epochs	2.0
561.8423442198914	0.041769699999917975	epochs	3.0
561.8841139198913	0.04137180000009266	epochs	3.0
561.9254857198914	0.08157969999990655	epochs	2.0
561.9254857198914	0.040981399999964196	epochs	3.0
561.9664671198914	0.040598299999942355	epochs	3.0
562.0070654198913	0.08007550000002084	epochs	2.0
562.0070654198913	0.04022229999998217	epochs	3.0
562.0472877198913	0.03985320000003867	epochs	3.0
562.0871409198913	0.07862569999997504	epochs	2.0
562.0871409198913	0.039490800000066884	epochs	3.0
562.1266317198914	0.03913489999990816	epochs	3.0
562.1657666198913	0.07722760000001472	epochs	2.0
562.1657666198913	0.038785400000051595	epochs	3.0
562.2045520198914	0.03844219999996312	epochs	3.0
562.2429942198913	0.07587820000003376	epochs	2.0
562.2429942198913	0.038104800000041905	epochs	3.0
562.2810990198914	0.03777339999999185	epochs	3.0
562.3188724198914	0.0745752000000266	epochs	2.0
562.3188724198914	0.03744770000002973	epochs	3.0
562.3563201198914	0.03712749999999687	epochs	3.0
562.3934476198914	0.07331629999998768	epochs	2.0
562.3934476198914	0.036812899999972615	epochs	3.0
562.4302605198914	0.03650340000001506	epochs	3.0
562.4667639198914	0.07209899999998015	epochs	2.0
562.4667639198914	0.03619909999997617	epochs	3.0
562.5029630198914	0.03589990000000398	epochs	3.0
562.5388629198914	0.07092169999998532	epochs	2.0
562.5388629198914	0.03560560000005353	epochs	3.0
562.5744685198914	0.035316099999931794	epochs	3.0
562.6097846198913	0.06978200000003199	epochs	2.0
562.6097846198913	0.03503120000004856	epochs	3.0
562.6448158198914	0.03475079999998343	epochs	3.0
562.6795666198914	0.06867859999999837	epochs	2.0
562.6795666198914	0.03447510000000875	epochs	3.0
562.7140417198914	0.03420349999998962	epochs	3.0
562.7482452198914	0.06760929999995824	epochs	2.0
562.7482452198914	0.033936199999970995	epochs	3.0
562.7821814198913	0.033673099999987244	epochs	3.0
562.8158545198913	0.06657289999998284	epochs	2.0
562.8158545198913	0.03341399999999339	epochs	3.0
562.8492685198913	0.033158899999989444	epochs	3.0
562.8824274198913	0.06556780000005347	epochs	2.0
562.8824274198913	0.032907700000009754	epochs	3.0
562.9153351198913	0.03266010000004371	epochs	3.0
562.9479952198914	0.06459259999996902	epochs	2.0
562.9479952198914	0.032416399999988244	epochs	3.0
562.9804116198914	0.03217619999998078	epochs	3.0
563.0125878198913	0.06364600000006249	epochs	2.0
563.0125878198913	0.03193959999998697	epochs	3.0
563.0445274198913	0.03170640000007552	epochs	3.0
563.0762338198914	0.0627266999999847	epochs	2.0
563.0762338198914	0.031476599999905375	epochs	3.0
563.1077104198913	0.03125010000007933	epochs	3.0
563.1389605198914	0.06183359999999993	epochs	2.0
563.1389605198914	0.031026900000028945	epochs	3.0
563.1699874198914	0.030806699999970988	epochs	3.0
563.2007941198914	0.06096560000003137	epochs	2.0
563.2007941198914	0.030589800000029754	epochs	3.0
563.2313839198914	0.030375800000001618	epochs	3.0
563.2617597198914	0.06012159999988853	epochs	2.0
563.2617597198914	0.03016489999993155	epochs	3.0
563.2919246198913	0.02995669999995698	epochs	3.0
563.3218813198913	0.05930070000010801	epochs	2.0
563.3218813198913	0.029751600000054168	epochs	3.0
563.3516329198914	0.02954910000005384	epochs	3.0
563.3811820198914	0.05850179999993088	epochs	2.0
563.3811820198914	0.02934940000000097	epochs	3.0
563.4105314198914	0.029152399999929912	epochs	3.0
563.4396838198913	0.057724200000052406	epochs	2.0
563.4396838198913	0.028957999999988715	epochs	3.0
563.4686418198913	0.02876620000006369	epochs	3.0
563.4974080198914	0.05696709999995164	epochs	2.0
563.4974080198914	0.028576999999927466	epochs	3.0
563.5259850198913	0.028390100000024177	epochs	3.0
563.5543751198913	0.05622949999997218	epochs	2.0
563.5543751198913	0.028205700000057732	epochs	3.0
563.5825808198914	0.028023799999914445	epochs	3.0
563.6106046198913	0.05551070000001346	epochs	2.0
563.6106046198913	0.02784400000007281	epochs	3.0
563.6384486198914	0.027666699999940647	epochs	3.0
563.6661153198913	0.054810200000019904	epochs	2.0
563.6661153198913	0.02749149999999645	epochs	3.0
563.6936068198913	0.027318700000023455	epochs	3.0
563.7209255198914	0.05412699999999404	epochs	2.0
563.7209255198914	0.027147799999966082	epochs	3.0
563.7480733198913	0.02697920000002796	epochs	3.0
563.7750525198913	0.053460699999959616	epochs	2.0
563.7750525198913	0.0268125999999711	epochs	3.0
563.8018651198913	0.026648099999988517	epochs	3.0
563.8285132198913	0.05281070000000909	epochs	2.0
563.8285132198913	0.026485600000000886	epochs	3.0
563.8549988198913	0.026325100000008206	epochs	3.0
563.8813239198913	0.05217620000007628	epochs	2.0
563.8813239198913	0.026166400000079193	epochs	3.0
563.9074903198914	0.026009799999997085	epochs	3.0
563.9335001198914	0.051556699999991906	epochs	2.0
563.9335001198914	0.025854799999933675	epochs	3.0
563.9593549198913	0.02570190000005823	epochs	3.0
563.9850568198914	0.05095189999997274	epochs	2.0
563.9850568198914	0.025550699999939752	epochs	3.0
564.0106075198913	0.025401200000032986	epochs	3.0
564.0360087198914	0.05036099999995258	epochs	2.0
564.0360087198914	0.025253499999962514	epochs	3.0
564.0612622198913	0.02510749999999007	epochs	3.0
564.0863697198913	0.049783800000000156	epochs	2.0
564.0863697198913	0.02496320000000196	epochs	3.0
564.1113329198913	0.024820599999998194	epochs	3.0
564.1361535198913	0.049219500000049266	epochs	2.0
564.1361535198913	0.02467940000008184	epochs	3.0
564.1608329198914	0.024540099999967424	epochs	3.0
564.1853730198914	0.04866790000005494	epochs	2.0
564.1853730198914	0.02440209999997478	epochs	3.0
564.2097751198913	0.024265800000080162	epochs	3.0
564.2340409198914	0.048128599999927246	epochs	2.0
564.2340409198914	0.02413099999989754	epochs	3.0
564.2581719198913	0.023997600000029706	epochs	3.0
564.2821695198913	0.047601100000065344	epochs	2.0
564.2821695198913	0.023865800000066884	epochs	3.0
564.3060353198914	0.02373529999999846	epochs	3.0
564.3297706198914	0.04708499999992455	epochs	2.0
564.3297706198914	0.023606299999983094	epochs	3.0
564.3533769198914	0.023478699999941455	epochs	3.0
564.3768556198913	0.04658000000006268	epochs	2.0
564.3768556198913	0.02335249999998723	epochs	3.0
564.4002081198913	0.02322750000007545	epochs	3.0
564.4234356198914	0.04608569999993506	epochs	2.0
564.4234356198914	0.023103999999989355	epochs	3.0
564.4465396198914	0.022981699999945704	epochs	3.0
564.4695213198913	0.045601799999985815	epochs	2.0
564.4695213198913	0.022860700000023826	epochs	3.0
564.4923820198914	0.02274109999996199	epochs	3.0
564.5151231198913	0.04512790000001132	epochs	2.0
564.5151231198913	0.022622500000011314	epochs	3.0
564.5377456198913	0.02250540000000001	epochs	3.0
564.5602510198913	0.0446638000000803	epochs	2.0
564.5602510198913	0.02238929999998618	epochs	3.0
564.5826403198913	0.022274500000094122	epochs	3.0
564.6049148198914	0.04420919999995476	epochs	2.0
564.6049148198914	0.022160799999937808	epochs	3.0
564.6270756198913	0.022048400000016954	epochs	3.0
564.6491240198914	0.043763600000033875	epochs	2.0
564.6491240198914	0.021936900000014248	epochs	3.0
564.6710609198914	0.021826700000019628	epochs	3.0
564.6928876198914	0.04332709999994222	epochs	2.0
564.6928876198914	0.021717599999988124	epochs	3.0
564.7146052198914	0.021609499999954096	epochs	3.0
564.7362147198913	0.04289900000003399	epochs	2.0
564.7362147198913	0.02150249999999687	epochs	3.0
564.7577172198913	0.021396500000037122	epochs	3.0
564.7791137198914	0.042479500000013104	epochs	2.0
564.7791137198914	0.02129170000000613	epochs	3.0
564.8004054198914	0.021187800000006973	epochs	3.0
564.8215932198914	0.042067900000006375	epochs	2.0
564.8215932198914	0.02108490000000529	epochs	3.0
564.8426781198914	0.020983000000001084	epochs	3.0
564.8636611198914	0.04166439999994509	epochs	2.0
564.8636611198914	0.020882199999959994	epochs	3.0
564.8845433198913	0.020782199999985096	epochs	3.0
564.9053255198913	0.04126850000000104	epochs	2.0
564.9053255198913	0.020683299999973315	epochs	3.0
564.9260088198913	0.020585200000027726	epochs	3.0
564.9465940198913	0.04088000000001557	epochs	2.0
564.9465940198913	0.020488099999965925	epochs	3.0
564.9670821198913	0.020391900000049645	epochs	3.0
564.9874740198914	0.04049880000002304	epochs	2.0
564.9874740198914	0.020296600000051512	epochs	3.0
565.0077706198914	0.020202199999971526	epochs	3.0
565.0279728198914	0.04012460000001283	epochs	2.0
565.0279728198914	0.02010870000003706	epochs	3.0
565.0480815198914	0.020015899999975773	epochs	3.0
565.0680974198914	0.03975730000001931	epochs	2.0
565.0680974198914	0.019924199999991288	epochs	3.0
565.0880216198914	0.019833100000028026	epochs	3.0
565.1078547198914	0.03939669999999751	epochs	2.0
565.1078547198914	0.01974299999994855	epochs	3.0
565.1275977198914	0.019653700000048957	epochs	3.0
565.1472514198914	0.03904239999997117	epochs	2.0
565.1472514198914	0.019565099999908853	epochs	3.0
565.1668165198913	0.019477300000062314	epochs	3.0
565.1862938198914	0.03869459999998526	epochs	2.0
565.1862938198914	0.019390400000020236	epochs	3.0
565.2056842198914	0.01930419999996502	epochs	3.0
565.2249884198914	0.03835289999994984	epochs	2.0
565.2249884198914	0.019218799999976	epochs	3.0
565.2442072198913	0.01913409999997384	epochs	3.0
565.2633413198913	0.03801720000001296	epochs	2.0
565.2633413198913	0.019050200000037876	epochs	3.0
565.2823915198913	0.018966999999975087	epochs	3.0
565.3013585198913	0.037687200000050325	epochs	2.0
565.3013585198913	0.01888450000001285	epochs	3.0
565.3202430198913	0.018802700000037476	epochs	3.0
565.3390457198914	0.03736309999999321	epochs	2.0
565.3390457198914	0.018721700000014607	epochs	3.0
565.3577674198914	0.018641399999978603	epochs	3.0
565.3764088198914	0.03704429999993408	epochs	2.0
565.3764088198914	0.01856159999999818	epochs	3.0
565.3949704198914	0.018482699999935903	epochs	3.0
565.4134531198913	0.0367310000000316	epochs	2.0
565.4134531198913	0.018404300000042895	epochs	3.0
565.4318574198913	0.018326699999988705	epochs	3.0
565.4501841198913	0.036422900000047775	epochs	2.0
565.4501841198913	0.018249599999990096	epochs	3.0
565.4684337198913	0.01817330000005768	epochs	3.0
565.4866070198914	0.03612009999994825	epochs	2.0
565.4866070198914	0.01809759999991911	epochs	3.0
565.5047046198913	0.01802250000002914	epochs	3.0
565.5227271198913	0.03582210000001851	epochs	2.0
565.5227271198913	0.017947900000081063	epochs	3.0
565.5406750198914	0.017874199999937446	epochs	3.0
565.5585492198913	0.03552899999999681	epochs	2.0
565.5585492198913	0.017800800000031813	epochs	3.0
565.5763500198914	0.017728199999965	epochs	3.0
565.5940782198913	0.03524070000003121	epochs	2.0
565.5940782198913	0.017656100000067454	epochs	3.0
565.6117343198914	0.017584599999963757	epochs	3.0
565.6293189198914	0.03495709999992869	epochs	2.0
565.6293189198914	0.01751369999999497	epochs	3.0
565.6468326198914	0.017443399999933717	epochs	3.0
565.6642760198913	0.03467790000001969	epochs	2.0
565.6642760198913	0.017373600000041733	epochs	3.0
565.6816496198913	0.017304299999977957	epochs	3.0
565.6989539198913	0.03440330000000813	epochs	2.0
565.6989539198913	0.01723570000001473	epochs	3.0
565.7161896198913	0.0171675999999934	epochs	3.0
565.7333572198913	0.0341328000000658	epochs	2.0
565.7333572198913	0.017099900000062007	epochs	3.0
565.7504571198914	0.017032900000003792	epochs	3.0
565.7674900198914	0.033866699999975935	epochs	2.0
565.7674900198914	0.01696640000000116	epochs	3.0
565.7844564198914	0.016900299999974777	epochs	3.0
565.8013567198914	0.03360459999998966	epochs	2.0
565.8013567198914	0.01683479999996962	epochs	3.0
565.8181915198913	0.01676980000002004	epochs	3.0
565.8349613198914	0.033346599999958926	epochs	2.0
565.8349613198914	0.016705300000012357	epochs	3.0
565.8516666198914	0.01664129999994657	epochs	3.0
565.8683079198913	0.03309250000006614	epochs	2.0
565.8683079198913	0.016577800000050047	epochs	3.0
565.8848857198914	0.01651470000001609	epochs	3.0
565.9014004198914	0.03284229999997024	epochs	2.0
565.9014004198914	0.01645220000000336	epochs	3.0
565.9178526198914	0.01639009999996688	epochs	3.0
565.9342427198914	0.03259570000000167	epochs	2.0
565.9342427198914	0.016328400000020338	epochs	3.0
565.9505711198914	0.016267299999981333	epochs	3.0
565.9668384198914	0.032352899999978035	epochs	2.0
565.9668384198914	0.016206600000032267	epochs	3.0
565.9830450198914	0.016146299999945768	epochs	3.0
565.9991913198913	0.03211369999996805	epochs	2.0
565.9991913198913	0.016086599999994178	epochs	3.0
566.0152779198913	0.01602709999997387	epochs	3.0
566.0313050198913	0.03187800000000607	epochs	2.0
566.0313050198913	0.015968200000088473	epochs	3.0
566.0472732198914	0.015909799999917595	epochs	3.0
566.0631830198913	0.031645700000012766	epochs	2.0
566.0631830198913	0.01585160000001906	epochs	3.0
566.0790346198913	0.015794099999993705	epochs	3.0
566.0948287198913	0.0314167000000225	epochs	2.0
566.0948287198913	0.015736700000047676	epochs	3.0
566.1105654198914	0.015679999999974825	epochs	3.0
566.1262454198913	0.031191100000000915	epochs	2.0
566.1262454198913	0.015623600000026272	epochs	3.0
566.1418690198914	0.015567499999974643	epochs	3.0
566.1574365198913	0.030968700000016725	epochs	2.0
566.1574365198913	0.015512000000057924	epochs	3.0
566.1729485198914	0.0154566999999588	epochs	3.0
566.1884052198914	0.030749499999956242	epochs	2.0
566.1884052198914	0.015401999999994587	epochs	3.0
566.2038072198914	0.015347499999961656	epochs	3.0
566.2191547198913	0.03053320000003623	epochs	2.0
566.2191547198913	0.015293400000018664	epochs	3.0
566.2344481198913	0.015239800000017567	epochs	3.0
566.2496879198914	0.03032010000003993	epochs	2.0
566.2496879198914	0.015186500000027081	epochs	3.0
566.2648744198914	0.015133600000012848	epochs	3.0
566.2800080198914	0.030109899999956724	epochs	2.0
566.2800080198914	0.015081000000009226	epochs	3.0
566.2950890198914	0.015028899999947498	epochs	3.0
566.3101179198914	0.02990250000004835	epochs	2.0
566.3101179198914	0.014977000000044427	epochs	3.0
566.3250949198914	0.014925500000003922	epochs	3.0
566.3400204198914	0.029698099999905025	epochs	2.0
566.3400204198914	0.01487439999993967	epochs	3.0
566.3548948198913	0.014823699999965356	epochs	3.0
566.3697185198913	0.02949630000000525	epochs	2.0
566.3697185198913	0.014773200000036013	epochs	3.0
566.3844917198913	0.014723099999969236	epochs	3.0
566.3992148198913	0.02929740000001857	epochs	2.0
566.3992148198913	0.014673399999992398	epochs	3.0
566.4138882198913	0.014624000000026172	epochs	3.0
566.4285122198913	0.029101100000048064	epochs	2.0
566.4285122198913	0.014574900000070556	epochs	3.0
566.4430871198914	0.014526199999977507	epochs	3.0
566.4576133198914	0.028907399999980044	epochs	2.0
566.4576133198914	0.014477699999929428	epochs	3.0
566.4720910198913	0.014429700000050616	epochs	3.0
566.4865207198914	0.028716199999962555	epochs	2.0
566.4865207198914	0.014381800000023759	epochs	3.0
566.5009025198914	0.014334399999938796	epochs	3.0
566.5152369198913	0.028527600000074926	epochs	2.0
566.5152369198913	0.01428720000001249	epochs	3.0
566.5295241198913	0.014240400000062436	epochs	3.0
566.5437645198914	0.028341399999931127	epochs	2.0
566.5437645198914	0.014193799999929979	epochs	3.0
566.5579583198913	0.014147600000001148	epochs	3.0
566.5721059198913	0.028157700000065233	epochs	2.0
566.5721059198913	0.014101700000082928	epochs	3.0
566.5862076198914	0.014055999999982305	epochs	3.0
566.6002636198914	0.027976299999977527	epochs	2.0
566.6002636198914	0.01401060000000598	epochs	3.0
566.6142742198914	0.013965699999971548	epochs	3.0
566.6282399198914	0.02779720000000907	epochs	2.0
566.6282399198914	0.013920799999937117	epochs	3.0
566.6421607198913	0.013876400000071953	epochs	3.0
566.6560371198914	0.027620399999932488	epochs	2.0
566.6560371198914	0.013832200000024386	epochs	3.0
566.6698693198914	0.013788199999908102	epochs	3.0
566.6836575198913	0.02744590000008884	epochs	2.0
566.6836575198913	0.013744599999995444	epochs	3.0
566.6974021198913	0.013701300000093397	epochs	3.0
566.7111034198914	0.027273499999978412	epochs	2.0
566.7111034198914	0.013658200000008947	epochs	3.0
566.7247616198914	0.013615299999969466	epochs	3.0
566.7383769198914	0.027103399999987232	epochs	2.0
566.7383769198914	0.013572800000019924	epochs	3.0
566.7519497198914	0.013530599999967308	epochs	3.0
566.7654803198914	0.02693520000002536	epochs	2.0
566.7654803198914	0.013488400000028378	epochs	3.0
566.7789687198914	0.013446799999996983	epochs	3.0
566.7924155198914	0.026769199999989723	epochs	2.0
566.7924155198914	0.013405199999965589	epochs	3.0
566.8058207198914	0.013364000000024134	epochs	3.0
566.8191847198914	0.026605199999949036	epochs	2.0
566.8191847198914	0.013322899999934634	epochs	3.0
566.8325076198913	0.013282300000014402	epochs	3.0
566.8457899198913	0.026443200000016986	epochs	2.0
566.8457899198913	0.013241699999980483	epochs	3.0
566.8590316198913	0.013201500000036503	epochs	3.0
566.8722331198913	0.0262831999999662	epochs	2.0
566.8722331198913	0.013161500000023807	epochs	3.0
566.8853946198914	0.013121699999942393	epochs	3.0
566.8985163198913	0.02612500000009277	epochs	2.0
566.8985163198913	0.013082100000019636	epochs	3.0
566.9115984198913	0.013042900000073132	epochs	3.0
566.9246413198914	0.025968899999952555	epochs	2.0
566.9246413198914	0.013003899999944224	epochs	3.0
566.9376452198914	0.012965000000008331	epochs	3.0
566.9506102198914	0.025814500000024054	epochs	2.0
566.9506102198914	0.012926399999969362	epochs	3.0
566.9635366198913	0.012888100000054692	epochs	3.0
566.9764247198914	0.025661899999931848	epochs	2.0
566.9764247198914	0.012849899999991976	epochs	3.0
566.9892746198914	0.012811999999939871	epochs	3.0
567.0020866198913	0.025511200000096323	epochs	2.0
567.0020866198913	0.012774400000012065	epochs	3.0
567.0148610198913	0.012736800000084258	epochs	3.0
567.0275978198914	0.025362299999983406	epochs	2.0
567.0275978198914	0.01269969999998466	epochs	3.0
567.0402975198914	0.012662599999998747	epochs	3.0
567.0529601198914	0.025215000000002874	epochs	2.0
567.0529601198914	0.01262579999990976	epochs	3.0
567.0655859198913	0.012589200000093115	epochs	3.0
567.0781751198914	0.024584799999956886	epochs	2.0
567.1002383198913	0.5	epochs	-1.0
567.1027599198914	0.9999199999999746	epochs	1.0
567.6002383198913	0.5	epochs	-1.0
569.2030000686646	0.1937599999999975	epochs	0.0
569.2030000686646	0.09188099999994392	epochs	1.0
569.2948810686645	0.009998000000109641	epochs	1.0
569.3048790686646	0.09188099999994392	epochs	1.0
569.3967600686645	2.0	epochs	0.0
571.3967600686645	0.5263999999999669	epochs	0.0
571.3967600686645	0.5263999999999669	epochs	1.0
571.3967984686645	0.5	epochs	-1.0
571.8967984686645	0.026361599999972896	epochs	-1.0
571.9231600686645	21.473520000000008	epochs	0.0
572.9210000038147	0.1937599999999975	epochs	0.0
572.9210000038147	0.09188099999994392	epochs	1.0
573.0128810038146	0.009998000000109641	epochs	1.0
573.0228790038148	0.09188099999994392	epochs	1.0
573.1147600038147	0.6459200000000465	epochs	0.0
573.7606800038147	23.353999999999928	epochs	0.0
584.375	0.1937599999999975	epochs	0.0
584.375	0.09188099999994392	epochs	1.0
584.466881	0.009998000000109641	epochs	1.0
584.476879	0.09188099999994392	epochs	1.0
584.56876	2.0	epochs	0.0
586.56876	5.386079999999993	epochs	0.0
586.56876	1.0	epochs	1.0
586.5687984	0.5	epochs	-1.0
587.0687984	4.886041599999999	epochs	-1.0
587.56876	4.386079999999993	epochs	1.0
587.56876	4.356753900000058	epochs	-1.0
587.56876	1.9745871999999736	epochs	2.0
587.56876	1.0985621999999466	epochs	3.0
588.6673222	0.8760250000000269	epochs	3.0
589.5433472	1.3524075000000266	epochs	2.0
589.5433472	0.7286354999999958	epochs	3.0
590.2719827	0.6237720000000309	epochs	3.0
590.8957547	1.0297592000000577	epochs	2.0
590.8957547	0.5453293000000485	epochs	3.0
591.441084	0.4844299000000092	epochs	3.0
591.9255139	0.02932609999993474	epochs	2.0
591.9255139	0.02932609999993474	epochs	3.0
591.95484	16.613839999999982	epochs	0.0
592.7609996795654	0.1937599999999975	epochs	0.0
592.7609996795654	0.09188099999994392	epochs	1.0
592.8528806795654	0.009998000000109641	epochs	1.0
592.8628786795655	0.09188099999994392	epochs	1.0
592.9547596795654	2.0	epochs	0.0
594.9547596795654	0.5057600000000093	epochs	0.0
594.9547596795654	0.5057600000000093	epochs	1.0
594.9547980795654	0.5	epochs	-1.0
595.4547980795654	0.0057216000000153144	epochs	-1.0
595.4605196795654	21.494159999999965	epochs	0.0
596.5609998703003	0.1937599999999975	epochs	0.0
596.5609998703003	0.09188099999994392	epochs	1.0
596.6528808703002	0.009998000000109641	epochs	1.0
596.6628788703003	0.09188099999994392	epochs	1.0
596.7547598703003	2.0	epochs	0.0
598.7547598703003	0.5063999999999851	epochs	0.0
598.7547598703003	0.5063999999999851	epochs	1.0
598.7547982703003	0.5	epochs	-1.0
599.2547982703003	0.0063615999999910855	epochs	-1.0
599.2611598703003	21.49351999999999	epochs	0.0
600.3109998703003	0.1937599999999975	epochs	0.0
600.3109998703003	0.09188099999994392	epochs	1.0
600.4028808703002	0.009998000000109641	epochs	1.0
600.4128788703003	0.09188099999994392	epochs	1.0
600.5047598703003	2.0	epochs	0.0
602.5047598703003	0.5055200000000468	epochs	0.0
602.5047598703003	0.5055200000000468	epochs	1.0
602.5047982703003	0.5	epochs	-1.0
603.0047982703003	0.005481600000052822	epochs	-1.0
603.0102798703003	21.494399999999928	epochs	0.0
604.0789999961853	0.1937599999999975	epochs	0.0
604.0789999961853	0.09188099999994392	epochs	1.0
604.1708809961852	0.009998000000109641	epochs	1.0
604.1808789961854	0.09188099999994392	epochs	1.0
604.2727599961853	2.0	epochs	0.0
606.2727599961853	0.5061600000000226	epochs	0.0
606.2727599961853	0.5061600000000226	epochs	1.0
606.2727983961853	0.5	epochs	-1.0
606.7727983961853	0.006121600000028593	epochs	-1.0
606.7789199961853	21.493759999999952	epochs	0.0
607.8619999885559	0.1937599999999975	epochs	0.0
607.8619999885559	0.09188099999994392	epochs	1.0
607.9538809885559	0.009998000000109641	epochs	1.0
607.963878988556	0.09188099999994392	epochs	1.0
608.0557599885559	2.0	epochs	0.0
610.0557599885559	0.5066399999999476	epochs	0.0
610.0557599885559	0.5066399999999476	epochs	1.0
610.0557983885559	0.5	epochs	-1.0
610.5557983885559	0.006601599999953578	epochs	-1.0
610.5623999885559	21.493280000000027	epochs	0.0
611.6119999885559	0.1937599999999975	epochs	0.0
611.6119999885559	0.09188099999994392	epochs	1.0
611.7038809885559	0.009998000000109641	epochs	1.0
611.713878988556	0.09188099999994392	epochs	1.0
611.8057599885559	2.0	epochs	0.0
613.8057599885559	0.5063999999999851	epochs	0.0
613.8057599885559	0.5063999999999851	epochs	1.0
613.8057983885559	0.5	epochs	-1.0
614.3057983885559	0.0063615999999910855	epochs	-1.0
614.3121599885559	21.49351999999999	epochs	0.0
615.4210000038147	0.1937599999999975	epochs	0.0
615.4210000038147	0.09188099999994392	epochs	1.0
615.5128810038146	0.009998000000109641	epochs	1.0
615.5228790038148	0.09188099999994392	epochs	1.0
615.6147600038147	2.0	epochs	0.0
617.6147600038147	0.5061600000000226	epochs	0.0
617.6147600038147	0.5061600000000226	epochs	1.0
617.6147984038147	0.5	epochs	-1.0
618.1147984038147	0.006121600000028593	epochs	-1.0
618.1209200038147	21.493759999999952	epochs	0.0
619.204999923706	0.1937599999999975	epochs	0.0
619.204999923706	0.09188099999994392	epochs	1.0
619.296880923706	0.009998000000109641	epochs	1.0
619.3068789237061	0.09188099999994392	epochs	1.0
619.398759923706	2.0	epochs	0.0
621.398759923706	21.999919999999975	epochs	0.0
621.398759923706	1.0	epochs	1.0
621.398798323706	0.5	epochs	-1.0
621.898798323706	19.998559999999998	epochs	-1.0
622.398759923706	20.0	epochs	1.0
622.398759923706	4.356753900000058	epochs	-1.0
622.398759923706	1.9745871999999736	epochs	2.0
622.398759923706	1.0985621999999466	epochs	3.0
623.497322123706	0.8760250000000269	epochs	3.0
624.373347123706	1.3524075000000266	epochs	2.0
624.373347123706	0.7286354999999958	epochs	3.0
625.101982623706	0.6237720000000309	epochs	3.0
625.725754623706	1.0297592000000577	epochs	2.0
625.725754623706	0.5453293000000485	epochs	3.0
626.2710839237061	0.4844299000000092	epochs	3.0
626.7555138237061	0.8317861999998968	epochs	2.0
626.7555138237061	0.4357762999999295	epochs	3.0
627.191290123706	0.3960098999999673	epochs	3.0
627.587300023706	0.6977970000000369	epochs	2.0
627.587300023706	0.3628982000000178	epochs	3.0
627.950198223706	0.33489880000001904	epochs	3.0
628.285097023706	0.601045699999986	epochs	2.0
628.285097023706	0.3109123000000409	epochs	3.0
628.5960093237061	0.29013339999994514	epochs	3.0
628.886142723706	0.5278859000000011	epochs	2.0
628.886142723706	0.2719586000000618	epochs	3.0
629.1581013237061	0.25592729999993935	epochs	3.0
629.414028623706	0.4706193000000667	epochs	2.0
629.414028623706	0.241681299999982	epochs	3.0
629.655709923706	0.22893800000008468	epochs	3.0
629.8846479237061	0.42457039999999324	epochs	2.0
629.8846479237061	0.2174713999999085	epochs	3.0
630.102119323706	0.20709900000008474	epochs	3.0
630.3092183237061	0.3867353999999068	epochs	2.0
630.3092183237061	0.19767109999997956	epochs	3.0
630.5068894237061	0.18906429999992724	epochs	3.0
630.695953723706	0.3550953000000163	epochs	2.0
630.695953723706	0.18117590000008477	epochs	3.0
630.8771296237061	0.17391939999993156	epochs	3.0
631.051049023706	0.3282431000000088	epochs	2.0
631.051049023706	0.1672219000000723	epochs	3.0
631.2182709237061	0.16102119999993647	epochs	3.0
631.379292123706	0.30516799999998057	epochs	2.0
631.379292123706	0.15526390000002266	epochs	3.0
631.534556023706	0.1499040999999579	epochs	3.0
631.684460123706	0.28512530000000424	epochs	2.0
631.684460123706	0.1449021000000812	epochs	3.0
631.8293622237061	0.14022319999992305	epochs	3.0
631.969585423706	0.267553800000087	epochs	2.0
631.969585423706	0.1358369000000721	epochs	3.0
632.1054223237061	0.1317169000000149	epochs	3.0
632.2371392237061	0.252022899999929	epochs	2.0
632.2371392237061	0.1278393000000051	epochs	3.0
632.3649785237061	0.1241835999999239	epochs	3.0
632.489162123706	0.23819650000007186	epochs	2.0
632.489162123706	0.12073110000005727	epochs	3.0
632.6098932237061	0.1174654000000146	epochs	3.0
632.7273586237061	0.2258087999999816	epochs	2.0
632.7273586237061	0.1143718999999237	epochs	3.0
632.841730523706	0.1114369000000579	epochs	3.0
632.9531674237061	0.2146460000000161	epochs	2.0
632.9531674237061	0.10864889999993466	epochs	3.0
633.061816323706	0.10599710000008145	epochs	3.0
633.1678134237061	0.20453499999996438	epochs	2.0
633.1678134237061	0.10347149999995509	epochs	3.0
633.271284923706	0.1010635000000093	epochs	3.0
633.3723484237061	0.19533400000000256	epochs	2.0
633.3723484237061	0.09876510000003691	epochs	3.0
633.4711135237061	0.09656889999996565	epochs	3.0
633.5676824237061	0.18692529999998442	epochs	2.0
633.5676824237061	0.09446830000001682	epochs	3.0
633.6621507237061	0.09245699999996759	epochs	3.0
633.754607723706	0.17921069999999872	epochs	2.0
633.754607723706	0.09052959999996801	epochs	3.0
633.845137323706	0.08868110000003071	epochs	3.0
633.933818423706	0.17210769999996955	epochs	2.0
633.933818423706	0.08690630000000965	epochs	3.0
634.020724723706	0.0852013999999599	epochs	3.0
634.105926123706	0.16554640000003928	epochs	2.0
634.105926123706	0.08356190000006336	epochs	3.0
634.1894880237061	0.08198449999997592	epochs	3.0
634.271472523706	0.15946710000002895	epochs	2.0
634.271472523706	0.08046539999998004	epochs	3.0
634.351937923706	0.07900170000004891	epochs	3.0
634.4309396237061	0.15381839999997737	epochs	2.0
634.4309396237061	0.07759009999995214	epochs	3.0
634.508529723706	0.07622830000002523	epochs	3.0
634.5847580237061	0.14855639999996129	epochs	2.0
634.5847580237061	0.07491330000004837	epochs	3.0
634.6596713237061	0.07364309999991292	epochs	3.0
634.733314423706	0.14364240000008976	epochs	2.0
634.733314423706	0.07241499999997814	epochs	3.0
634.805729423706	0.07122740000011163	epochs	3.0
634.8769568237061	0.13904309999998077	epochs	2.0
634.8769568237061	0.07007799999996678	epochs	3.0
634.9470348237061	0.06896510000001399	epochs	3.0
635.0159999237061	0.1347293000000036	epochs	2.0
635.0159999237061	0.0678871000000072	epochs	3.0
635.0838870237061	0.06684219999999641	epochs	3.0
635.1507292237061	0.13067519999992783	epochs	2.0
635.1507292237061	0.06582909999997355	epochs	3.0
635.2165583237061	0.06484609999995428	epochs	3.0
635.281404423706	0.12685780000003888	epochs	2.0
635.281404423706	0.06389200000000983	epochs	3.0
635.345296423706	0.06296580000002905	epochs	3.0
635.4082622237061	0.12325720000001184	epochs	2.0
635.4082622237061	0.06206580000002759	epochs	3.0
635.4703280237061	0.06119139999998424	epochs	3.0
635.5315194237061	0.11985540000000583	epochs	2.0
635.5315194237061	0.060341099999959624	epochs	3.0
635.591860523706	0.059514300000046205	epochs	3.0
635.6513748237061	0.11663620000001629	epochs	2.0
635.6513748237061	0.058709599999929196	epochs	3.0
635.710084423706	0.05792660000008709	epochs	3.0
635.7680110237061	0.11358559999996487	epochs	2.0
635.7680110237061	0.05716419999998834	epochs	3.0
635.8251752237061	0.05642139999997653	epochs	3.0
635.8815966237061	0.11069050000003244	epochs	2.0
635.8815966237061	0.055697900000041045	epochs	3.0
635.9372945237061	0.0549925999999914	epochs	3.0
635.9922871237061	0.10793909999995321	epochs	2.0
635.9922871237061	0.05430489999992005	epochs	3.0
636.046592023706	0.05363420000003316	epochs	3.0
636.100226223706	0.10532150000005913	epochs	2.0
636.100226223706	0.05298000000004777	epochs	3.0
636.1532062237061	0.052341500000011365	epochs	3.0
636.2055477237061	0.10282759999995505	epochs	2.0
636.2055477237061	0.051718099999902734	epochs	3.0
636.257265823706	0.05110950000005232	epochs	3.0
636.3083753237061	0.10044909999999163	epochs	2.0
636.3083753237061	0.050514900000052876	epochs	3.0
636.3588902237061	0.049934199999938755	epochs	3.0
636.408824423706	0.0981782999999723	epochs	2.0
636.408824423706	0.04936659999998483	epochs	3.0
636.458191023706	0.04881169999998747	epochs	3.0
636.507002723706	0.09600780000005216	epochs	2.0
636.507002723706	0.04826920000004975	epochs	3.0
636.5552719237061	0.04773860000000241	epochs	3.0
636.6030105237061	0.09393119999992905	epochs	2.0
636.6030105237061	0.04721949999998287	epochs	3.0
636.6502300237061	0.04671169999994618	epochs	3.0
636.696941723706	0.09194260000003851	epochs	2.0
636.696941723706	0.04621460000009847	epochs	3.0
636.7431563237061	0.04572799999994004	epochs	3.0
636.788884323706	0.09003630000006524	epochs	2.0
636.788884323706	0.04525150000006306	epochs	3.0
636.8341358237061	0.04478480000000218	epochs	3.0
636.8789206237061	0.08820759999991878	epochs	2.0
636.8789206237061	0.04432779999990544	epochs	3.0
636.923248423706	0.04387980000001335	epochs	3.0
636.967128223706	0.0864516999999978	epochs	2.0
636.967128223706	0.04344100000002982	epochs	3.0
637.010569223706	0.04301069999996798	epochs	3.0
637.053579923706	0.0847643000000744	epochs	2.0
637.053579923706	0.04258900000002086	epochs	3.0
637.096168923706	0.04217530000005354	epochs	3.0
637.1383442237061	0.08314150000001064	epochs	2.0
637.1383442237061	0.041769699999917975	epochs	3.0
637.180113923706	0.04137180000009266	epochs	3.0
637.2214857237061	0.08157969999990655	epochs	2.0
637.2214857237061	0.040981399999964196	epochs	3.0
637.2624671237061	0.040598299999942355	epochs	3.0
637.303065423706	0.08007550000002084	epochs	2.0
637.303065423706	0.04022229999998217	epochs	3.0
637.343287723706	0.03985320000003867	epochs	3.0
637.383140923706	0.07862569999997504	epochs	2.0
637.383140923706	0.039490800000066884	epochs	3.0
637.4226317237061	0.03913489999990816	epochs	3.0
637.461766623706	0.07722760000001472	epochs	2.0
637.461766623706	0.038785400000051595	epochs	3.0
637.5005520237061	0.03844219999996312	epochs	3.0
637.538994223706	0.07587820000003376	epochs	2.0
637.538994223706	0.038104800000041905	epochs	3.0
637.5770990237061	0.03777339999999185	epochs	3.0
637.6148724237061	0.0745752000000266	epochs	2.0
637.6148724237061	0.03744770000002973	epochs	3.0
637.6523201237061	0.03712749999999687	epochs	3.0
637.6894476237061	0.07331629999998768	epochs	2.0
637.6894476237061	0.036812899999972615	epochs	3.0
637.7262605237061	0.03650340000001506	epochs	3.0
637.7627639237061	0.07209899999998015	epochs	2.0
637.7627639237061	0.03619909999997617	epochs	3.0
637.798963023706	0.03589990000000398	epochs	3.0
637.834862923706	0.07092169999998532	epochs	2.0
637.834862923706	0.03560560000005353	epochs	3.0
637.8704685237061	0.035316099999931794	epochs	3.0
637.905784623706	0.06978200000003199	epochs	2.0
637.905784623706	0.03503120000004856	epochs	3.0
637.9408158237061	0.03475079999998343	epochs	3.0
637.9755666237061	0.06867859999999837	epochs	2.0
637.9755666237061	0.03447510000000875	epochs	3.0
638.0100417237061	0.03420349999998962	epochs	3.0
638.0442452237061	0.06760929999995824	epochs	2.0
638.0442452237061	0.033936199999970995	epochs	3.0
638.078181423706	0.033673099999987244	epochs	3.0
638.111854523706	0.06657289999998284	epochs	2.0
638.111854523706	0.03341399999999339	epochs	3.0
638.145268523706	0.033158899999989444	epochs	3.0
638.178427423706	0.06556780000005347	epochs	2.0
638.178427423706	0.032907700000009754	epochs	3.0
638.211335123706	0.03266010000004371	epochs	3.0
638.2439952237061	0.06459259999996902	epochs	2.0
638.2439952237061	0.032416399999988244	epochs	3.0
638.276411623706	0.03217619999998078	epochs	3.0
638.308587823706	0.06364600000006249	epochs	2.0
638.308587823706	0.03193959999998697	epochs	3.0
638.340527423706	0.03170640000007552	epochs	3.0
638.3722338237061	0.0627266999999847	epochs	2.0
638.3722338237061	0.031476599999905375	epochs	3.0
638.403710423706	0.03125010000007933	epochs	3.0
638.4349605237061	0.06183359999999993	epochs	2.0
638.4349605237061	0.031026900000028945	epochs	3.0
638.4659874237061	0.030806699999970988	epochs	3.0
638.4967941237061	0.06096560000003137	epochs	2.0
638.4967941237061	0.030589800000029754	epochs	3.0
638.5273839237061	0.030375800000001618	epochs	3.0
638.5577597237061	0.06012159999988853	epochs	2.0
638.5577597237061	0.03016489999993155	epochs	3.0
638.587924623706	0.02995669999995698	epochs	3.0
638.617881323706	0.05930070000010801	epochs	2.0
638.617881323706	0.029751600000054168	epochs	3.0
638.647632923706	0.02954910000005384	epochs	3.0
638.6771820237061	0.05850179999993088	epochs	2.0
638.6771820237061	0.02934940000000097	epochs	3.0
638.7065314237061	0.029152399999929912	epochs	3.0
638.735683823706	0.057724200000052406	epochs	2.0
638.735683823706	0.028957999999988715	epochs	3.0
638.764641823706	0.02876620000006369	epochs	3.0
638.7934080237061	0.05696709999995164	epochs	2.0
638.7934080237061	0.028576999999927466	epochs	3.0
638.821985023706	0.028390100000024177	epochs	3.0
638.850375123706	0.05622949999997218	epochs	2.0
638.850375123706	0.028205700000057732	epochs	3.0
638.8785808237061	0.028023799999914445	epochs	3.0
638.906604623706	0.05551070000001346	epochs	2.0
638.906604623706	0.02784400000007281	epochs	3.0
638.9344486237061	0.027666699999940647	epochs	3.0
638.962115323706	0.054810200000019904	epochs	2.0
638.962115323706	0.02749149999999645	epochs	3.0
638.989606823706	0.027318700000023455	epochs	3.0
639.016925523706	0.05412699999999404	epochs	2.0
639.016925523706	0.027147799999966082	epochs	3.0
639.044073323706	0.02697920000002796	epochs	3.0
639.071052523706	0.053460699999959616	epochs	2.0
639.071052523706	0.0268125999999711	epochs	3.0
639.097865123706	0.026648099999988517	epochs	3.0
639.124513223706	0.05281070000000909	epochs	2.0
639.124513223706	0.026485600000000886	epochs	3.0
639.150998823706	0.026325100000008206	epochs	3.0
639.177323923706	0.05217620000007628	epochs	2.0
639.177323923706	0.026166400000079193	epochs	3.0
639.2034903237061	0.026009799999997085	epochs	3.0
639.2295001237061	0.051556699999991906	epochs	2.0
639.2295001237061	0.025854799999933675	epochs	3.0
639.255354923706	0.02570190000005823	epochs	3.0
639.2810568237061	0.05095189999997274	epochs	2.0
639.2810568237061	0.025550699999939752	epochs	3.0
639.306607523706	0.025401200000032986	epochs	3.0
639.332008723706	0.05036099999995258	epochs	2.0
639.332008723706	0.025253499999962514	epochs	3.0
639.357262223706	0.02510749999999007	epochs	3.0
639.382369723706	0.049783800000000156	epochs	2.0
639.382369723706	0.02496320000000196	epochs	3.0
639.407332923706	0.024820599999998194	epochs	3.0
639.432153523706	0.049219500000049266	epochs	2.0
639.432153523706	0.02467940000008184	epochs	3.0
639.4568329237061	0.024540099999967424	epochs	3.0
639.481373023706	0.04866790000005494	epochs	2.0
639.481373023706	0.02440209999997478	epochs	3.0
639.505775123706	0.024265800000080162	epochs	3.0
639.5300409237061	0.048128599999927246	epochs	2.0
639.5300409237061	0.02413099999989754	epochs	3.0
639.554171923706	0.023997600000029706	epochs	3.0
639.578169523706	0.047601100000065344	epochs	2.0
639.578169523706	0.023865800000066884	epochs	3.0
639.6020353237061	0.02373529999999846	epochs	3.0
639.6257706237061	0.04708499999992455	epochs	2.0
639.6257706237061	0.023606299999983094	epochs	3.0
639.6493769237061	0.023478699999941455	epochs	3.0
639.672855623706	0.04658000000006268	epochs	2.0
639.672855623706	0.02335249999998723	epochs	3.0
639.696208123706	0.02322750000007545	epochs	3.0
639.7194356237061	0.04608569999993506	epochs	2.0
639.7194356237061	0.023103999999989355	epochs	3.0
639.7425396237061	0.022981699999945704	epochs	3.0
639.765521323706	0.045601799999985815	epochs	2.0
639.765521323706	0.022860700000023826	epochs	3.0
639.788382023706	0.02274109999996199	epochs	3.0
639.811123123706	0.04512790000001132	epochs	2.0
639.811123123706	0.022622500000011314	epochs	3.0
639.833745623706	0.02250540000000001	epochs	3.0
639.856251023706	0.0446638000000803	epochs	2.0
639.856251023706	0.02238929999998618	epochs	3.0
639.878640323706	0.022274500000094122	epochs	3.0
639.9009148237061	0.04420919999995476	epochs	2.0
639.9009148237061	0.022160799999937808	epochs	3.0
639.923075623706	0.022048400000016954	epochs	3.0
639.9451240237061	0.043763600000033875	epochs	2.0
639.9451240237061	0.021936900000014248	epochs	3.0
639.9670609237061	0.021826700000019628	epochs	3.0
639.9888876237061	0.04332709999994222	epochs	2.0
639.9888876237061	0.021717599999988124	epochs	3.0
640.0106052237061	0.021609499999954096	epochs	3.0
640.032214723706	0.04289900000003399	epochs	2.0
640.032214723706	0.02150249999999687	epochs	3.0
640.053717223706	0.021396500000037122	epochs	3.0
640.0751137237061	0.042479500000013104	epochs	2.0
640.0751137237061	0.02129170000000613	epochs	3.0
640.0964054237061	0.021187800000006973	epochs	3.0
640.1175932237061	0.042067900000006375	epochs	2.0
640.1175932237061	0.02108490000000529	epochs	3.0
640.1386781237061	0.020983000000001084	epochs	3.0
640.1596611237061	0.04166439999994509	epochs	2.0
640.1596611237061	0.020882199999959994	epochs	3.0
640.180543323706	0.020782199999985096	epochs	3.0
640.201325523706	0.04126850000000104	epochs	2.0
640.201325523706	0.020683299999973315	epochs	3.0
640.222008823706	0.020585200000027726	epochs	3.0
640.242594023706	0.04088000000001557	epochs	2.0
640.242594023706	0.020488099999965925	epochs	3.0
640.263082123706	0.020391900000049645	epochs	3.0
640.283474023706	0.04049880000002304	epochs	2.0
640.283474023706	0.020296600000051512	epochs	3.0
640.3037706237061	0.020202199999971526	epochs	3.0
640.3239728237061	0.04012460000001283	epochs	2.0
640.3239728237061	0.02010870000003706	epochs	3.0
640.3440815237061	0.020015899999975773	epochs	3.0
640.3640974237061	0.03975730000001931	epochs	2.0
640.3640974237061	0.019924199999991288	epochs	3.0
640.3840216237061	0.019833100000028026	epochs	3.0
640.4038547237061	0.03939669999999751	epochs	2.0
640.4038547237061	0.01974299999994855	epochs	3.0
640.423597723706	0.019653700000048957	epochs	3.0
640.4432514237061	0.03904239999997117	epochs	2.0
640.4432514237061	0.019565099999908853	epochs	3.0
640.462816523706	0.019477300000062314	epochs	3.0
640.4822938237061	0.03869459999998526	epochs	2.0
640.4822938237061	0.019390400000020236	epochs	3.0
640.5016842237061	0.01930419999996502	epochs	3.0
640.5209884237061	0.03835289999994984	epochs	2.0
640.5209884237061	0.019218799999976	epochs	3.0
640.540207223706	0.01913409999997384	epochs	3.0
640.559341323706	0.03801720000001296	epochs	2.0
640.559341323706	0.019050200000037876	epochs	3.0
640.578391523706	0.018966999999975087	epochs	3.0
640.597358523706	0.037687200000050325	epochs	2.0
640.597358523706	0.01888450000001285	epochs	3.0
640.616243023706	0.018802700000037476	epochs	3.0
640.6350457237061	0.03736309999999321	epochs	2.0
640.6350457237061	0.018721700000014607	epochs	3.0
640.6537674237061	0.018641399999978603	epochs	3.0
640.6724088237061	0.03704429999993408	epochs	2.0
640.6724088237061	0.01856159999999818	epochs	3.0
640.6909704237061	0.018482699999935903	epochs	3.0
640.709453123706	0.0367310000000316	epochs	2.0
640.709453123706	0.018404300000042895	epochs	3.0
640.727857423706	0.018326699999988705	epochs	3.0
640.746184123706	0.036422900000047775	epochs	2.0
640.746184123706	0.018249599999990096	epochs	3.0
640.764433723706	0.01817330000005768	epochs	3.0
640.7826070237061	0.03612009999994825	epochs	2.0
640.7826070237061	0.01809759999991911	epochs	3.0
640.800704623706	0.01802250000002914	epochs	3.0
640.818727123706	0.03582210000001851	epochs	2.0
640.818727123706	0.017947900000081063	epochs	3.0
640.8366750237061	0.017874199999937446	epochs	3.0
640.854549223706	0.03552899999999681	epochs	2.0
640.854549223706	0.017800800000031813	epochs	3.0
640.8723500237061	0.017728199999965	epochs	3.0
640.890078223706	0.03524070000003121	epochs	2.0
640.890078223706	0.017656100000067454	epochs	3.0
640.9077343237061	0.017584599999963757	epochs	3.0
640.9253189237061	0.03495709999992869	epochs	2.0
640.9253189237061	0.01751369999999497	epochs	3.0
640.9428326237061	0.017443399999933717	epochs	3.0
640.960276023706	0.03467790000001969	epochs	2.0
640.960276023706	0.017373600000041733	epochs	3.0
640.977649623706	0.017304299999977957	epochs	3.0
640.994953923706	0.03440330000000813	epochs	2.0
640.994953923706	0.01723570000001473	epochs	3.0
641.012189623706	0.0171675999999934	epochs	3.0
641.029357223706	0.0341328000000658	epochs	2.0
641.029357223706	0.017099900000062007	epochs	3.0
641.0464571237061	0.017032900000003792	epochs	3.0
641.0634900237061	0.033866699999975935	epochs	2.0
641.0634900237061	0.01696640000000116	epochs	3.0
641.0804564237061	0.016900299999974777	epochs	3.0
641.0973567237061	0.03360459999998966	epochs	2.0
641.0973567237061	0.01683479999996962	epochs	3.0
641.114191523706	0.01676980000002004	epochs	3.0
641.1309613237061	0.033346599999958926	epochs	2.0
641.1309613237061	0.016705300000012357	epochs	3.0
641.1476666237061	0.01664129999994657	epochs	3.0
641.164307923706	0.03309250000006614	epochs	2.0
641.164307923706	0.016577800000050047	epochs	3.0
641.1808857237061	0.01651470000001609	epochs	3.0
641.1974004237061	0.03284229999997024	epochs	2.0
641.1974004237061	0.01645220000000336	epochs	3.0
641.2138526237061	0.01639009999996688	epochs	3.0
641.230242723706	0.03259570000000167	epochs	2.0
641.230242723706	0.016328400000020338	epochs	3.0
641.2465711237061	0.016267299999981333	epochs	3.0
641.2628384237061	0.032352899999978035	epochs	2.0
641.2628384237061	0.016206600000032267	epochs	3.0
641.2790450237061	0.016146299999945768	epochs	3.0
641.295191323706	0.03211369999996805	epochs	2.0
641.295191323706	0.016086599999994178	epochs	3.0
641.311277923706	0.01602709999997387	epochs	3.0
641.327305023706	0.03187800000000607	epochs	2.0
641.327305023706	0.015968200000088473	epochs	3.0
641.3432732237061	0.015909799999917595	epochs	3.0
641.359183023706	0.031645700000012766	epochs	2.0
641.359183023706	0.01585160000001906	epochs	3.0
641.375034623706	0.015794099999993705	epochs	3.0
641.390828723706	0.0314167000000225	epochs	2.0
641.390828723706	0.015736700000047676	epochs	3.0
641.4065654237061	0.015679999999974825	epochs	3.0
641.422245423706	0.031191100000000915	epochs	2.0
641.422245423706	0.015623600000026272	epochs	3.0
641.4378690237061	0.015567499999974643	epochs	3.0
641.453436523706	0.030968700000016725	epochs	2.0
641.453436523706	0.015512000000057924	epochs	3.0
641.4689485237061	0.0154566999999588	epochs	3.0
641.4844052237061	0.030749499999956242	epochs	2.0
641.4844052237061	0.015401999999994587	epochs	3.0
641.4998072237061	0.015347499999961656	epochs	3.0
641.515154723706	0.03053320000003623	epochs	2.0
641.515154723706	0.015293400000018664	epochs	3.0
641.530448123706	0.015239800000017567	epochs	3.0
641.545687923706	0.03032010000003993	epochs	2.0
641.545687923706	0.015186500000027081	epochs	3.0
641.5608744237061	0.015133600000012848	epochs	3.0
641.5760080237061	0.030109899999956724	epochs	2.0
641.5760080237061	0.015081000000009226	epochs	3.0
641.5910890237061	0.015028899999947498	epochs	3.0
641.606117923706	0.02990250000004835	epochs	2.0
641.606117923706	0.014977000000044427	epochs	3.0
641.6210949237061	0.014925500000003922	epochs	3.0
641.6360204237061	0.029698099999905025	epochs	2.0
641.6360204237061	0.01487439999993967	epochs	3.0
641.650894823706	0.014823699999965356	epochs	3.0
641.665718523706	0.02949630000000525	epochs	2.0
641.665718523706	0.014773200000036013	epochs	3.0
641.680491723706	0.014723099999969236	epochs	3.0
641.695214823706	0.02929740000001857	epochs	2.0
641.695214823706	0.014673399999992398	epochs	3.0
641.709888223706	0.014624000000026172	epochs	3.0
641.724512223706	0.029101100000048064	epochs	2.0
641.724512223706	0.014574900000070556	epochs	3.0
641.7390871237061	0.014526199999977507	epochs	3.0
641.7536133237061	0.028907399999980044	epochs	2.0
641.7536133237061	0.014477699999929428	epochs	3.0
641.768091023706	0.014429700000050616	epochs	3.0
641.782520723706	0.028716199999962555	epochs	2.0
641.782520723706	0.014381800000023759	epochs	3.0
641.7969025237061	0.014334399999938796	epochs	3.0
641.811236923706	0.028527600000074926	epochs	2.0
641.811236923706	0.01428720000001249	epochs	3.0
641.825524123706	0.014240400000062436	epochs	3.0
641.8397645237061	0.028341399999931127	epochs	2.0
641.8397645237061	0.014193799999929979	epochs	3.0
641.853958323706	0.014147600000001148	epochs	3.0
641.868105923706	0.028157700000065233	epochs	2.0
641.868105923706	0.014101700000082928	epochs	3.0
641.8822076237061	0.014055999999982305	epochs	3.0
641.8962636237061	0.027976299999977527	epochs	2.0
641.8962636237061	0.01401060000000598	epochs	3.0
641.9102742237061	0.013965699999971548	epochs	3.0
641.9242399237061	0.02779720000000907	epochs	2.0
641.9242399237061	0.013920799999937117	epochs	3.0
641.938160723706	0.013876400000071953	epochs	3.0
641.9520371237061	0.027620399999932488	epochs	2.0
641.9520371237061	0.013832200000024386	epochs	3.0
641.9658693237061	0.013788199999908102	epochs	3.0
641.979657523706	0.02744590000008884	epochs	2.0
641.979657523706	0.013744599999995444	epochs	3.0
641.993402123706	0.013701300000093397	epochs	3.0
642.0071034237061	0.027273499999978412	epochs	2.0
642.0071034237061	0.013658200000008947	epochs	3.0
642.0207616237061	0.013615299999969466	epochs	3.0
642.0343769237061	0.027103399999987232	epochs	2.0
642.0343769237061	0.013572800000019924	epochs	3.0
642.0479497237061	0.013530599999967308	epochs	3.0
642.0614803237061	0.02693520000002536	epochs	2.0
642.0614803237061	0.013488400000028378	epochs	3.0
642.0749687237061	0.013446799999996983	epochs	3.0
642.0884155237061	0.026769199999989723	epochs	2.0
642.0884155237061	0.013405199999965589	epochs	3.0
642.101820723706	0.013364000000024134	epochs	3.0
642.1151847237061	0.026605199999949036	epochs	2.0
642.1151847237061	0.013322899999934634	epochs	3.0
642.128507623706	0.013282300000014402	epochs	3.0
642.141789923706	0.026443200000016986	epochs	2.0
642.141789923706	0.013241699999980483	epochs	3.0
642.155031623706	0.013201500000036503	epochs	3.0
642.168233123706	0.0262831999999662	epochs	2.0
642.168233123706	0.013161500000023807	epochs	3.0
642.1813946237061	0.013121699999942393	epochs	3.0
642.194516323706	0.02612500000009277	epochs	2.0
642.194516323706	0.013082100000019636	epochs	3.0
642.207598423706	0.013042900000073132	epochs	3.0
642.2206413237061	0.025968899999952555	epochs	2.0
642.2206413237061	0.013003899999944224	epochs	3.0
642.233645223706	0.012965000000008331	epochs	3.0
642.246610223706	0.025814500000024054	epochs	2.0
642.246610223706	0.012926399999969362	epochs	3.0
642.259536623706	0.012888100000054692	epochs	3.0
642.2724247237061	0.025661899999931848	epochs	2.0
642.2724247237061	0.012849899999991976	epochs	3.0
642.2852746237061	0.012811999999939871	epochs	3.0
642.298086623706	0.025511200000096323	epochs	2.0
642.298086623706	0.012774400000012065	epochs	3.0
642.310861023706	0.012736800000084258	epochs	3.0
642.3235978237061	0.025362299999983406	epochs	2.0
642.3235978237061	0.01269969999998466	epochs	3.0
642.3362975237061	0.012662599999998747	epochs	3.0
642.3489601237061	0.025215000000002874	epochs	2.0
642.3489601237061	0.01262579999990976	epochs	3.0
642.361585923706	0.012589200000093115	epochs	3.0
642.3741751237061	0.024584799999956886	epochs	2.0
642.397358323706	0.5	epochs	-1.0
642.398759923706	0.9999199999999746	epochs	1.0
642.897358323706	0.5	epochs	-1.0
653.4270000457764	0.1937599999999975	epochs	0.0
653.4270000457764	0.09188099999994392	epochs	1.0
653.5188810457763	0.009998000000109641	epochs	1.0
653.5288790457764	0.09188099999994392	epochs	1.0
653.6207600457764	2.0	epochs	0.0
655.6207600457764	5.4056000000000495	epochs	0.0
655.6207600457764	1.0	epochs	1.0
655.6207984457764	0.5	epochs	-1.0
656.1207984457764	4.9055616000000555	epochs	-1.0
656.6207600457764	4.4056000000000495	epochs	1.0
656.6207600457764	4.356753900000058	epochs	-1.0
656.6207600457764	1.9745871999999736	epochs	2.0
656.6207600457764	1.0985621999999466	epochs	3.0
657.7193222457763	0.8760250000000269	epochs	3.0
658.5953472457763	1.3524075000000266	epochs	2.0
658.5953472457763	0.7286354999999958	epochs	3.0
659.3239827457763	0.6237720000000309	epochs	3.0
659.9477547457764	1.0297592000000577	epochs	2.0
659.9477547457764	0.5453293000000485	epochs	3.0
660.4930840457764	0.4844299000000092	epochs	3.0
660.9775139457764	0.048846099999991566	epochs	2.0
660.9775139457764	0.048846099999991566	epochs	3.0
661.0263600457764	16.594319999999925	epochs	0.0
661.9769997596741	0.1937599999999975	epochs	0.0
661.9769997596741	0.09188099999994392	epochs	1.0
662.068880759674	0.009998000000109641	epochs	1.0
662.0788787596741	0.09188099999994392	epochs	1.0
662.1707597596741	2.0	epochs	0.0
664.1707597596741	21.526560000000018	epochs	0.0
664.1707597596741	1.0	epochs	1.0
664.1707981596741	0.5	epochs	-1.0
664.6707981596741	19.998559999999998	epochs	-1.0
665.1707597596741	20.0	epochs	1.0
665.1707597596741	4.356753900000058	epochs	-1.0
665.1707597596741	1.9745871999999736	epochs	2.0
665.1707597596741	1.0985621999999466	epochs	3.0
666.269321959674	0.8760250000000269	epochs	3.0
667.145346959674	1.3524075000000266	epochs	2.0
667.145346959674	0.7286354999999958	epochs	3.0
667.873982459674	0.6237720000000309	epochs	3.0
668.4977544596741	1.0297592000000577	epochs	2.0
668.4977544596741	0.5453293000000485	epochs	3.0
669.0430837596741	0.4844299000000092	epochs	3.0
669.5275136596741	0.8317861999998968	epochs	2.0
669.5275136596741	0.4357762999999295	epochs	3.0
669.9632899596741	0.3960098999999673	epochs	3.0
670.359299859674	0.6977970000000369	epochs	2.0
670.359299859674	0.3628982000000178	epochs	3.0
670.722198059674	0.33489880000001904	epochs	3.0
671.0570968596741	0.601045699999986	epochs	2.0
671.0570968596741	0.3109123000000409	epochs	3.0
671.3680091596741	0.29013339999994514	epochs	3.0
671.658142559674	0.5278859000000011	epochs	2.0
671.658142559674	0.2719586000000618	epochs	3.0
671.9301011596741	0.25592729999993935	epochs	3.0
672.186028459674	0.4706193000000667	epochs	2.0
672.186028459674	0.241681299999982	epochs	3.0
672.427709759674	0.22893800000008468	epochs	3.0
672.6566477596741	0.42457039999999324	epochs	2.0
672.6566477596741	0.2174713999999085	epochs	3.0
672.874119159674	0.20709900000008474	epochs	3.0
673.0812181596741	0.3867353999999068	epochs	2.0
673.0812181596741	0.19767109999997956	epochs	3.0
673.2788892596741	0.18906429999992724	epochs	3.0
673.467953559674	0.3550953000000163	epochs	2.0
673.467953559674	0.18117590000008477	epochs	3.0
673.6491294596741	0.17391939999993156	epochs	3.0
673.823048859674	0.3282431000000088	epochs	2.0
673.823048859674	0.1672219000000723	epochs	3.0
673.9902707596741	0.16102119999993647	epochs	3.0
674.151291959674	0.30516799999998057	epochs	2.0
674.151291959674	0.15526390000002266	epochs	3.0
674.3065558596741	0.1499040999999579	epochs	3.0
674.456459959674	0.28512530000000424	epochs	2.0
674.456459959674	0.1449021000000812	epochs	3.0
674.6013620596741	0.14022319999992305	epochs	3.0
674.741585259674	0.267553800000087	epochs	2.0
674.741585259674	0.1358369000000721	epochs	3.0
674.8774221596741	0.1317169000000149	epochs	3.0
675.0091390596741	0.252022899999929	epochs	2.0
675.0091390596741	0.1278393000000051	epochs	3.0
675.1369783596741	0.1241835999999239	epochs	3.0
675.261161959674	0.23819650000007186	epochs	2.0
675.261161959674	0.12073110000005727	epochs	3.0
675.3818930596741	0.1174654000000146	epochs	3.0
675.4993584596741	0.2258087999999816	epochs	2.0
675.4993584596741	0.1143718999999237	epochs	3.0
675.613730359674	0.1114369000000579	epochs	3.0
675.7251672596741	0.2146460000000161	epochs	2.0
675.7251672596741	0.10864889999993466	epochs	3.0
675.833816159674	0.10599710000008145	epochs	3.0
675.9398132596741	0.20453499999996438	epochs	2.0
675.9398132596741	0.10347149999995509	epochs	3.0
676.0432847596741	0.1010635000000093	epochs	3.0
676.1443482596741	0.19533400000000256	epochs	2.0
676.1443482596741	0.09876510000003691	epochs	3.0
676.2431133596741	0.09656889999996565	epochs	3.0
676.3396822596741	0.18692529999998442	epochs	2.0
676.3396822596741	0.09446830000001682	epochs	3.0
676.4341505596741	0.09245699999996759	epochs	3.0
676.5266075596741	0.17921069999999872	epochs	2.0
676.5266075596741	0.09052959999996801	epochs	3.0
676.617137159674	0.08868110000003071	epochs	3.0
676.7058182596741	0.17210769999996955	epochs	2.0
676.7058182596741	0.08690630000000965	epochs	3.0
676.7927245596741	0.0852013999999599	epochs	3.0
676.877925959674	0.16554640000003928	epochs	2.0
676.877925959674	0.08356190000006336	epochs	3.0
676.9614878596741	0.08198449999997592	epochs	3.0
677.0434723596741	0.15946710000002895	epochs	2.0
677.0434723596741	0.08046539999998004	epochs	3.0
677.123937759674	0.07900170000004891	epochs	3.0
677.2029394596741	0.15381839999997737	epochs	2.0
677.2029394596741	0.07759009999995214	epochs	3.0
677.280529559674	0.07622830000002523	epochs	3.0
677.3567578596741	0.14855639999996129	epochs	2.0
677.3567578596741	0.07491330000004837	epochs	3.0
677.4316711596741	0.07364309999991292	epochs	3.0
677.505314259674	0.14364240000008976	epochs	2.0
677.505314259674	0.07241499999997814	epochs	3.0
677.577729259674	0.07122740000011163	epochs	3.0
677.6489566596741	0.13904309999998077	epochs	2.0
677.6489566596741	0.07007799999996678	epochs	3.0
677.7190346596741	0.06896510000001399	epochs	3.0
677.7879997596741	0.1347293000000036	epochs	2.0
677.7879997596741	0.0678871000000072	epochs	3.0
677.8558868596741	0.06684219999999641	epochs	3.0
677.9227290596741	0.13067519999992783	epochs	2.0
677.9227290596741	0.06582909999997355	epochs	3.0
677.9885581596741	0.06484609999995428	epochs	3.0
678.053404259674	0.12685780000003888	epochs	2.0
678.053404259674	0.06389200000000983	epochs	3.0
678.117296259674	0.06296580000002905	epochs	3.0
678.1802620596741	0.12325720000001184	epochs	2.0
678.1802620596741	0.06206580000002759	epochs	3.0
678.2423278596741	0.06119139999998424	epochs	3.0
678.3035192596741	0.11985540000000583	epochs	2.0
678.3035192596741	0.060341099999959624	epochs	3.0
678.363860359674	0.059514300000046205	epochs	3.0
678.4233746596741	0.11663620000001629	epochs	2.0
678.4233746596741	0.058709599999929196	epochs	3.0
678.482084259674	0.05792660000008709	epochs	3.0
678.5400108596741	0.11358559999996487	epochs	2.0
678.5400108596741	0.05716419999998834	epochs	3.0
678.5971750596741	0.05642139999997653	epochs	3.0
678.6535964596741	0.11069050000003244	epochs	2.0
678.6535964596741	0.055697900000041045	epochs	3.0
678.7092943596741	0.0549925999999914	epochs	3.0
678.7642869596741	0.10793909999995321	epochs	2.0
678.7642869596741	0.05430489999992005	epochs	3.0
678.818591859674	0.05363420000003316	epochs	3.0
678.8722260596741	0.10532150000005913	epochs	2.0
678.8722260596741	0.05298000000004777	epochs	3.0
678.9252060596741	0.052341500000011365	epochs	3.0
678.9775475596741	0.10282759999995505	epochs	2.0
678.9775475596741	0.051718099999902734	epochs	3.0
679.029265659674	0.05110950000005232	epochs	3.0
679.0803751596741	0.10044909999999163	epochs	2.0
679.0803751596741	0.050514900000052876	epochs	3.0
679.1308900596741	0.049934199999938755	epochs	3.0
679.1808242596741	0.0981782999999723	epochs	2.0
679.1808242596741	0.04936659999998483	epochs	3.0
679.230190859674	0.04881169999998747	epochs	3.0
679.279002559674	0.09600780000005216	epochs	2.0
679.279002559674	0.04826920000004975	epochs	3.0
679.3272717596741	0.04773860000000241	epochs	3.0
679.3750103596741	0.09393119999992905	epochs	2.0
679.3750103596741	0.04721949999998287	epochs	3.0
679.4222298596741	0.04671169999994618	epochs	3.0
679.468941559674	0.09194260000003851	epochs	2.0
679.468941559674	0.04621460000009847	epochs	3.0
679.5151561596741	0.04572799999994004	epochs	3.0
679.5608841596741	0.09003630000006524	epochs	2.0
679.5608841596741	0.04525150000006306	epochs	3.0
679.6061356596741	0.04478480000000218	epochs	3.0
679.6509204596741	0.08820759999991878	epochs	2.0
679.6509204596741	0.04432779999990544	epochs	3.0
679.695248259674	0.04387980000001335	epochs	3.0
679.739128059674	0.0864516999999978	epochs	2.0
679.739128059674	0.04344100000002982	epochs	3.0
679.7825690596741	0.04301069999996798	epochs	3.0
679.825579759674	0.0847643000000744	epochs	2.0
679.825579759674	0.04258900000002086	epochs	3.0
679.8681687596741	0.04217530000005354	epochs	3.0
679.9103440596741	0.08314150000001064	epochs	2.0
679.9103440596741	0.041769699999917975	epochs	3.0
679.952113759674	0.04137180000009266	epochs	3.0
679.9934855596741	0.08157969999990655	epochs	2.0
679.9934855596741	0.040981399999964196	epochs	3.0
680.0344669596741	0.040598299999942355	epochs	3.0
680.075065259674	0.08007550000002084	epochs	2.0
680.075065259674	0.04022229999998217	epochs	3.0
680.115287559674	0.03985320000003867	epochs	3.0
680.155140759674	0.07862569999997504	epochs	2.0
680.155140759674	0.039490800000066884	epochs	3.0
680.1946315596741	0.03913489999990816	epochs	3.0
680.233766459674	0.07722760000001472	epochs	2.0
680.233766459674	0.038785400000051595	epochs	3.0
680.2725518596741	0.03844219999996312	epochs	3.0
680.310994059674	0.07587820000003376	epochs	2.0
680.310994059674	0.038104800000041905	epochs	3.0
680.3490988596741	0.03777339999999185	epochs	3.0
680.3868722596741	0.0745752000000266	epochs	2.0
680.3868722596741	0.03744770000002973	epochs	3.0
680.4243199596741	0.03712749999999687	epochs	3.0
680.4614474596741	0.07331629999998768	epochs	2.0
680.4614474596741	0.036812899999972615	epochs	3.0
680.4982603596741	0.03650340000001506	epochs	3.0
680.5347637596741	0.07209899999998015	epochs	2.0
680.5347637596741	0.03619909999997617	epochs	3.0
680.5709628596741	0.03589990000000398	epochs	3.0
680.6068627596741	0.07092169999998532	epochs	2.0
680.6068627596741	0.03560560000005353	epochs	3.0
680.6424683596741	0.035316099999931794	epochs	3.0
680.6777844596741	0.06978200000003199	epochs	2.0
680.6777844596741	0.03503120000004856	epochs	3.0
680.7128156596741	0.03475079999998343	epochs	3.0
680.7475664596741	0.06867859999999837	epochs	2.0
680.7475664596741	0.03447510000000875	epochs	3.0
680.7820415596741	0.03420349999998962	epochs	3.0
680.8162450596741	0.06760929999995824	epochs	2.0
680.8162450596741	0.033936199999970995	epochs	3.0
680.8501812596741	0.033673099999987244	epochs	3.0
680.883854359674	0.06657289999998284	epochs	2.0
680.883854359674	0.03341399999999339	epochs	3.0
680.917268359674	0.033158899999989444	epochs	3.0
680.950427259674	0.06556780000005347	epochs	2.0
680.950427259674	0.032907700000009754	epochs	3.0
680.983334959674	0.03266010000004371	epochs	3.0
681.0159950596741	0.06459259999996902	epochs	2.0
681.0159950596741	0.032416399999988244	epochs	3.0
681.0484114596741	0.03217619999998078	epochs	3.0
681.080587659674	0.06364600000006249	epochs	2.0
681.080587659674	0.03193959999998697	epochs	3.0
681.112527259674	0.03170640000007552	epochs	3.0
681.1442336596741	0.0627266999999847	epochs	2.0
681.1442336596741	0.031476599999905375	epochs	3.0
681.175710259674	0.03125010000007933	epochs	3.0
681.2069603596741	0.06183359999999993	epochs	2.0
681.2069603596741	0.031026900000028945	epochs	3.0
681.2379872596741	0.030806699999970988	epochs	3.0
681.2687939596741	0.06096560000003137	epochs	2.0
681.2687939596741	0.030589800000029754	epochs	3.0
681.2993837596741	0.030375800000001618	epochs	3.0
681.3297595596741	0.06012159999988853	epochs	2.0
681.3297595596741	0.03016489999993155	epochs	3.0
681.3599244596741	0.02995669999995698	epochs	3.0
681.389881159674	0.05930070000010801	epochs	2.0
681.389881159674	0.029751600000054168	epochs	3.0
681.4196327596741	0.02954910000005384	epochs	3.0
681.4491818596741	0.05850179999993088	epochs	2.0
681.4491818596741	0.02934940000000097	epochs	3.0
681.4785312596741	0.029152399999929912	epochs	3.0
681.5076836596741	0.057724200000052406	epochs	2.0
681.5076836596741	0.028957999999988715	epochs	3.0
681.536641659674	0.02876620000006369	epochs	3.0
681.5654078596741	0.05696709999995164	epochs	2.0
681.5654078596741	0.028576999999927466	epochs	3.0
681.593984859674	0.028390100000024177	epochs	3.0
681.6223749596741	0.05622949999997218	epochs	2.0
681.6223749596741	0.028205700000057732	epochs	3.0
681.6505806596741	0.028023799999914445	epochs	3.0
681.678604459674	0.05551070000001346	epochs	2.0
681.678604459674	0.02784400000007281	epochs	3.0
681.7064484596741	0.027666699999940647	epochs	3.0
681.734115159674	0.054810200000019904	epochs	2.0
681.734115159674	0.02749149999999645	epochs	3.0
681.761606659674	0.027318700000023455	epochs	3.0
681.7889253596741	0.05412699999999404	epochs	2.0
681.7889253596741	0.027147799999966082	epochs	3.0
681.816073159674	0.02697920000002796	epochs	3.0
681.8430523596741	0.053460699999959616	epochs	2.0
681.8430523596741	0.0268125999999711	epochs	3.0
681.869864959674	0.026648099999988517	epochs	3.0
681.896513059674	0.05281070000000909	epochs	2.0
681.896513059674	0.026485600000000886	epochs	3.0
681.922998659674	0.026325100000008206	epochs	3.0
681.949323759674	0.05217620000007628	epochs	2.0
681.949323759674	0.026166400000079193	epochs	3.0
681.9754901596741	0.026009799999997085	epochs	3.0
682.0014999596741	0.051556699999991906	epochs	2.0
682.0014999596741	0.025854799999933675	epochs	3.0
682.027354759674	0.02570190000005823	epochs	3.0
682.0530566596741	0.05095189999997274	epochs	2.0
682.0530566596741	0.025550699999939752	epochs	3.0
682.078607359674	0.025401200000032986	epochs	3.0
682.1040085596741	0.05036099999995258	epochs	2.0
682.1040085596741	0.025253499999962514	epochs	3.0
682.129262059674	0.02510749999999007	epochs	3.0
682.154369559674	0.049783800000000156	epochs	2.0
682.154369559674	0.02496320000000196	epochs	3.0
682.179332759674	0.024820599999998194	epochs	3.0
682.204153359674	0.049219500000049266	epochs	2.0
682.204153359674	0.02467940000008184	epochs	3.0
682.2288327596741	0.024540099999967424	epochs	3.0
682.2533728596741	0.04866790000005494	epochs	2.0
682.2533728596741	0.02440209999997478	epochs	3.0
682.277774959674	0.024265800000080162	epochs	3.0
682.3020407596741	0.048128599999927246	epochs	2.0
682.3020407596741	0.02413099999989754	epochs	3.0
682.326171759674	0.023997600000029706	epochs	3.0
682.350169359674	0.047601100000065344	epochs	2.0
682.350169359674	0.023865800000066884	epochs	3.0
682.3740351596741	0.02373529999999846	epochs	3.0
682.3977704596741	0.04708499999992455	epochs	2.0
682.3977704596741	0.023606299999983094	epochs	3.0
682.4213767596741	0.023478699999941455	epochs	3.0
682.444855459674	0.04658000000006268	epochs	2.0
682.444855459674	0.02335249999998723	epochs	3.0
682.468207959674	0.02322750000007545	epochs	3.0
682.4914354596741	0.04608569999993506	epochs	2.0
682.4914354596741	0.023103999999989355	epochs	3.0
682.5145394596741	0.022981699999945704	epochs	3.0
682.537521159674	0.045601799999985815	epochs	2.0
682.537521159674	0.022860700000023826	epochs	3.0
682.5603818596741	0.02274109999996199	epochs	3.0
682.583122959674	0.04512790000001132	epochs	2.0
682.583122959674	0.022622500000011314	epochs	3.0
682.605745459674	0.02250540000000001	epochs	3.0
682.628250859674	0.0446638000000803	epochs	2.0
682.628250859674	0.02238929999998618	epochs	3.0
682.650640159674	0.022274500000094122	epochs	3.0
682.6729146596741	0.04420919999995476	epochs	2.0
682.6729146596741	0.022160799999937808	epochs	3.0
682.6950754596741	0.022048400000016954	epochs	3.0
682.7171238596741	0.043763600000033875	epochs	2.0
682.7171238596741	0.021936900000014248	epochs	3.0
682.7390607596741	0.021826700000019628	epochs	3.0
682.7608874596741	0.04332709999994222	epochs	2.0
682.7608874596741	0.021717599999988124	epochs	3.0
682.7826050596741	0.021609499999954096	epochs	3.0
682.804214559674	0.04289900000003399	epochs	2.0
682.804214559674	0.02150249999999687	epochs	3.0
682.825717059674	0.021396500000037122	epochs	3.0
682.8471135596741	0.042479500000013104	epochs	2.0
682.8471135596741	0.02129170000000613	epochs	3.0
682.8684052596741	0.021187800000006973	epochs	3.0
682.8895930596741	0.042067900000006375	epochs	2.0
682.8895930596741	0.02108490000000529	epochs	3.0
682.9106779596741	0.020983000000001084	epochs	3.0
682.9316609596741	0.04166439999994509	epochs	2.0
682.9316609596741	0.020882199999959994	epochs	3.0
682.9525431596741	0.020782199999985096	epochs	3.0
682.973325359674	0.04126850000000104	epochs	2.0
682.973325359674	0.020683299999973315	epochs	3.0
682.994008659674	0.020585200000027726	epochs	3.0
683.014593859674	0.04088000000001557	epochs	2.0
683.014593859674	0.020488099999965925	epochs	3.0
683.035081959674	0.020391900000049645	epochs	3.0
683.0554738596741	0.04049880000002304	epochs	2.0
683.0554738596741	0.020296600000051512	epochs	3.0
683.0757704596741	0.020202199999971526	epochs	3.0
683.0959726596741	0.04012460000001283	epochs	2.0
683.0959726596741	0.02010870000003706	epochs	3.0
683.1160813596741	0.020015899999975773	epochs	3.0
683.1360972596741	0.03975730000001931	epochs	2.0
683.1360972596741	0.019924199999991288	epochs	3.0
683.1560214596741	0.019833100000028026	epochs	3.0
683.1758545596741	0.03939669999999751	epochs	2.0
683.1758545596741	0.01974299999994855	epochs	3.0
683.1955975596741	0.019653700000048957	epochs	3.0
683.2152512596741	0.03904239999997117	epochs	2.0
683.2152512596741	0.019565099999908853	epochs	3.0
683.234816359674	0.019477300000062314	epochs	3.0
683.2542936596741	0.03869459999998526	epochs	2.0
683.2542936596741	0.019390400000020236	epochs	3.0
683.2736840596741	0.01930419999996502	epochs	3.0
683.2929882596741	0.03835289999994984	epochs	2.0
683.2929882596741	0.019218799999976	epochs	3.0
683.312207059674	0.01913409999997384	epochs	3.0
683.331341159674	0.03801720000001296	epochs	2.0
683.331341159674	0.019050200000037876	epochs	3.0
683.3503913596741	0.018966999999975087	epochs	3.0
683.369358359674	0.037687200000050325	epochs	2.0
683.369358359674	0.01888450000001285	epochs	3.0
683.388242859674	0.018802700000037476	epochs	3.0
683.4070455596741	0.03736309999999321	epochs	2.0
683.4070455596741	0.018721700000014607	epochs	3.0
683.4257672596741	0.018641399999978603	epochs	3.0
683.4444086596741	0.03704429999993408	epochs	2.0
683.4444086596741	0.01856159999999818	epochs	3.0
683.4629702596741	0.018482699999935903	epochs	3.0
683.481452959674	0.0367310000000316	epochs	2.0
683.481452959674	0.018404300000042895	epochs	3.0
683.4998572596741	0.018326699999988705	epochs	3.0
683.518183959674	0.036422900000047775	epochs	2.0
683.518183959674	0.018249599999990096	epochs	3.0
683.536433559674	0.01817330000005768	epochs	3.0
683.5546068596741	0.03612009999994825	epochs	2.0
683.5546068596741	0.01809759999991911	epochs	3.0
683.572704459674	0.01802250000002914	epochs	3.0
683.590726959674	0.03582210000001851	epochs	2.0
683.590726959674	0.017947900000081063	epochs	3.0
683.6086748596741	0.017874199999937446	epochs	3.0
683.6265490596741	0.03552899999999681	epochs	2.0
683.6265490596741	0.017800800000031813	epochs	3.0
683.6443498596741	0.017728199999965	epochs	3.0
683.6620780596741	0.03524070000003121	epochs	2.0
683.6620780596741	0.017656100000067454	epochs	3.0
683.6797341596741	0.017584599999963757	epochs	3.0
683.6973187596741	0.03495709999992869	epochs	2.0
683.6973187596741	0.01751369999999497	epochs	3.0
683.7148324596741	0.017443399999933717	epochs	3.0
683.732275859674	0.03467790000001969	epochs	2.0
683.732275859674	0.017373600000041733	epochs	3.0
683.7496494596741	0.017304299999977957	epochs	3.0
683.766953759674	0.03440330000000813	epochs	2.0
683.766953759674	0.01723570000001473	epochs	3.0
683.784189459674	0.0171675999999934	epochs	3.0
683.801357059674	0.0341328000000658	epochs	2.0
683.801357059674	0.017099900000062007	epochs	3.0
683.8184569596741	0.017032900000003792	epochs	3.0
683.8354898596741	0.033866699999975935	epochs	2.0
683.8354898596741	0.01696640000000116	epochs	3.0
683.8524562596741	0.016900299999974777	epochs	3.0
683.8693565596741	0.03360459999998966	epochs	2.0
683.8693565596741	0.01683479999996962	epochs	3.0
683.8861913596741	0.01676980000002004	epochs	3.0
683.9029611596741	0.033346599999958926	epochs	2.0
683.9029611596741	0.016705300000012357	epochs	3.0
683.9196664596741	0.01664129999994657	epochs	3.0
683.936307759674	0.03309250000006614	epochs	2.0
683.936307759674	0.016577800000050047	epochs	3.0
683.9528855596741	0.01651470000001609	epochs	3.0
683.9694002596741	0.03284229999997024	epochs	2.0
683.9694002596741	0.01645220000000336	epochs	3.0
683.9858524596741	0.01639009999996688	epochs	3.0
684.0022425596741	0.03259570000000167	epochs	2.0
684.0022425596741	0.016328400000020338	epochs	3.0
684.0185709596741	0.016267299999981333	epochs	3.0
684.0348382596741	0.032352899999978035	epochs	2.0
684.0348382596741	0.016206600000032267	epochs	3.0
684.0510448596741	0.016146299999945768	epochs	3.0
684.067191159674	0.03211369999996805	epochs	2.0
684.067191159674	0.016086599999994178	epochs	3.0
684.083277759674	0.01602709999997387	epochs	3.0
684.099304859674	0.03187800000000607	epochs	2.0
684.099304859674	0.015968200000088473	epochs	3.0
684.1152730596741	0.015909799999917595	epochs	3.0
684.131182859674	0.031645700000012766	epochs	2.0
684.131182859674	0.01585160000001906	epochs	3.0
684.147034459674	0.015794099999993705	epochs	3.0
684.162828559674	0.0314167000000225	epochs	2.0
684.162828559674	0.015736700000047676	epochs	3.0
684.1785652596741	0.015679999999974825	epochs	3.0
684.1942452596741	0.031191100000000915	epochs	2.0
684.1942452596741	0.015623600000026272	epochs	3.0
684.2098688596741	0.015567499999974643	epochs	3.0
684.2254363596741	0.030968700000016725	epochs	2.0
684.2254363596741	0.015512000000057924	epochs	3.0
684.2409483596741	0.0154566999999588	epochs	3.0
684.2564050596741	0.030749499999956242	epochs	2.0
684.2564050596741	0.015401999999994587	epochs	3.0
684.2718070596741	0.015347499999961656	epochs	3.0
684.287154559674	0.03053320000003623	epochs	2.0
684.287154559674	0.015293400000018664	epochs	3.0
684.302447959674	0.015239800000017567	epochs	3.0
684.3176877596741	0.03032010000003993	epochs	2.0
684.3176877596741	0.015186500000027081	epochs	3.0
684.3328742596741	0.015133600000012848	epochs	3.0
684.3480078596741	0.030109899999956724	epochs	2.0
684.3480078596741	0.015081000000009226	epochs	3.0
684.3630888596741	0.015028899999947498	epochs	3.0
684.3781177596741	0.02990250000004835	epochs	2.0
684.3781177596741	0.014977000000044427	epochs	3.0
684.3930947596741	0.014925500000003922	epochs	3.0
684.4080202596741	0.029698099999905025	epochs	2.0
684.4080202596741	0.01487439999993967	epochs	3.0
684.4228946596741	0.014823699999965356	epochs	3.0
684.437718359674	0.02949630000000525	epochs	2.0
684.437718359674	0.014773200000036013	epochs	3.0
684.4524915596741	0.014723099999969236	epochs	3.0
684.467214659674	0.02929740000001857	epochs	2.0
684.467214659674	0.014673399999992398	epochs	3.0
684.481888059674	0.014624000000026172	epochs	3.0
684.496512059674	0.029101100000048064	epochs	2.0
684.496512059674	0.014574900000070556	epochs	3.0
684.5110869596741	0.014526199999977507	epochs	3.0
684.5256131596741	0.028907399999980044	epochs	2.0
684.5256131596741	0.014477699999929428	epochs	3.0
684.540090859674	0.014429700000050616	epochs	3.0
684.5545205596741	0.028716199999962555	epochs	2.0
684.5545205596741	0.014381800000023759	epochs	3.0
684.5689023596741	0.014334399999938796	epochs	3.0
684.583236759674	0.028527600000074926	epochs	2.0
684.583236759674	0.01428720000001249	epochs	3.0
684.597523959674	0.014240400000062436	epochs	3.0
684.6117643596741	0.028341399999931127	epochs	2.0
684.6117643596741	0.014193799999929979	epochs	3.0
684.625958159674	0.014147600000001148	epochs	3.0
684.640105759674	0.028157700000065233	epochs	2.0
684.640105759674	0.014101700000082928	epochs	3.0
684.6542074596741	0.014055999999982305	epochs	3.0
684.6682634596741	0.027976299999977527	epochs	2.0
684.6682634596741	0.01401060000000598	epochs	3.0
684.6822740596741	0.013965699999971548	epochs	3.0
684.6962397596741	0.02779720000000907	epochs	2.0
684.6962397596741	0.013920799999937117	epochs	3.0
684.710160559674	0.013876400000071953	epochs	3.0
684.7240369596741	0.027620399999932488	epochs	2.0
684.7240369596741	0.013832200000024386	epochs	3.0
684.7378691596741	0.013788199999908102	epochs	3.0
684.751657359674	0.02744590000008884	epochs	2.0
684.751657359674	0.013744599999995444	epochs	3.0
684.765401959674	0.013701300000093397	epochs	3.0
684.7791032596741	0.027273499999978412	epochs	2.0
684.7791032596741	0.013658200000008947	epochs	3.0
684.7927614596741	0.013615299999969466	epochs	3.0
684.8063767596741	0.027103399999987232	epochs	2.0
684.8063767596741	0.013572800000019924	epochs	3.0
684.8199495596741	0.013530599999967308	epochs	3.0
684.8334801596741	0.02693520000002536	epochs	2.0
684.8334801596741	0.013488400000028378	epochs	3.0
684.8469685596741	0.013446799999996983	epochs	3.0
684.8604153596741	0.026769199999989723	epochs	2.0
684.8604153596741	0.013405199999965589	epochs	3.0
684.8738205596741	0.013364000000024134	epochs	3.0
684.8871845596741	0.026605199999949036	epochs	2.0
684.8871845596741	0.013322899999934634	epochs	3.0
684.900507459674	0.013282300000014402	epochs	3.0
684.913789759674	0.026443200000016986	epochs	2.0
684.913789759674	0.013241699999980483	epochs	3.0
684.927031459674	0.013201500000036503	epochs	3.0
684.9402329596741	0.0262831999999662	epochs	2.0
684.9402329596741	0.013161500000023807	epochs	3.0
684.9533944596741	0.013121699999942393	epochs	3.0
684.966516159674	0.02612500000009277	epochs	2.0
684.966516159674	0.013082100000019636	epochs	3.0
684.979598259674	0.013042900000073132	epochs	3.0
684.9926411596741	0.025968899999952555	epochs	2.0
684.9926411596741	0.013003899999944224	epochs	3.0
685.0056450596741	0.012965000000008331	epochs	3.0
685.0186100596741	0.025814500000024054	epochs	2.0
685.0186100596741	0.012926399999969362	epochs	3.0
685.031536459674	0.012888100000054692	epochs	3.0
685.0444245596741	0.025661899999931848	epochs	2.0
685.0444245596741	0.012849899999991976	epochs	3.0
685.0572744596741	0.012811999999939871	epochs	3.0
685.070086459674	0.025511200000096323	epochs	2.0
685.070086459674	0.012774400000012065	epochs	3.0
685.082860859674	0.012736800000084258	epochs	3.0
685.0955976596741	0.025362299999983406	epochs	2.0
685.0955976596741	0.01269969999998466	epochs	3.0
685.1082973596741	0.012662599999998747	epochs	3.0
685.1209599596741	0.025215000000002874	epochs	2.0
685.1209599596741	0.01262579999990976	epochs	3.0
685.133585759674	0.012589200000093115	epochs	3.0
685.1461749596741	0.024584799999956886	epochs	2.0
685.1693581596741	0.5	epochs	-1.0
685.1707597596741	0.5265600000000177	epochs	1.0
685.6973197596741	0.4733599999999569	epochs	0.0
686.7219996452332	0.1937599999999975	epochs	0.0
686.7219996452332	0.09188099999994392	epochs	1.0
686.8138806452331	0.009998000000109641	epochs	1.0
686.8238786452332	0.09188099999994392	epochs	1.0
686.9157596452332	2.0	epochs	0.0
688.9157596452332	21.505520000000047	epochs	0.0
688.9157596452332	1.0	epochs	1.0
688.9157980452331	0.5	epochs	-1.0
689.4157980452331	19.998559999999998	epochs	-1.0
689.9157596452332	20.0	epochs	1.0
689.9157596452332	4.356753900000058	epochs	-1.0
689.9157596452332	1.9745871999999736	epochs	2.0
689.9157596452332	1.0985621999999466	epochs	3.0
691.0143218452331	0.8760250000000269	epochs	3.0
691.8903468452331	1.3524075000000266	epochs	2.0
691.8903468452331	0.7286354999999958	epochs	3.0
692.6189823452331	0.6237720000000309	epochs	3.0
693.2427543452332	1.0297592000000577	epochs	2.0
693.2427543452332	0.5453293000000485	epochs	3.0
693.7880836452332	0.4844299000000092	epochs	3.0
694.2725135452332	0.8317861999998968	epochs	2.0
694.2725135452332	0.4357762999999295	epochs	3.0
694.7082898452331	0.3960098999999673	epochs	3.0
695.1042997452331	0.6977970000000369	epochs	2.0
695.1042997452331	0.3628982000000178	epochs	3.0
695.4671979452331	0.33489880000001904	epochs	3.0
695.8020967452331	0.601045699999986	epochs	2.0
695.8020967452331	0.3109123000000409	epochs	3.0
696.1130090452332	0.29013339999994514	epochs	3.0
696.4031424452331	0.5278859000000011	epochs	2.0
696.4031424452331	0.2719586000000618	epochs	3.0
696.6751010452332	0.25592729999993935	epochs	3.0
696.9310283452331	0.4706193000000667	epochs	2.0
696.9310283452331	0.241681299999982	epochs	3.0
697.1727096452331	0.22893800000008468	epochs	3.0
697.4016476452332	0.42457039999999324	epochs	2.0
697.4016476452332	0.2174713999999085	epochs	3.0
697.6191190452331	0.20709900000008474	epochs	3.0
697.8262180452332	0.3867353999999068	epochs	2.0
697.8262180452332	0.19767109999997956	epochs	3.0
698.0238891452332	0.18906429999992724	epochs	3.0
698.2129534452331	0.3550953000000163	epochs	2.0
698.2129534452331	0.18117590000008477	epochs	3.0
698.3941293452332	0.17391939999993156	epochs	3.0
698.5680487452331	0.3282431000000088	epochs	2.0
698.5680487452331	0.1672219000000723	epochs	3.0
698.7352706452332	0.16102119999993647	epochs	3.0
698.8962918452331	0.30516799999998057	epochs	2.0
698.8962918452331	0.15526390000002266	epochs	3.0
699.0515557452331	0.1499040999999579	epochs	3.0
699.2014598452331	0.28512530000000424	epochs	2.0
699.2014598452331	0.1449021000000812	epochs	3.0
699.3463619452332	0.14022319999992305	epochs	3.0
699.4865851452331	0.267553800000087	epochs	2.0
699.4865851452331	0.1358369000000721	epochs	3.0
699.6224220452332	0.1317169000000149	epochs	3.0
699.7541389452332	0.252022899999929	epochs	2.0
699.7541389452332	0.1278393000000051	epochs	3.0
699.8819782452332	0.1241835999999239	epochs	3.0
700.0061618452331	0.23819650000007186	epochs	2.0
700.0061618452331	0.12073110000005727	epochs	3.0
700.1268929452332	0.1174654000000146	epochs	3.0
700.2443583452332	0.2258087999999816	epochs	2.0
700.2443583452332	0.1143718999999237	epochs	3.0
700.3587302452331	0.1114369000000579	epochs	3.0
700.4701671452332	0.2146460000000161	epochs	2.0
700.4701671452332	0.10864889999993466	epochs	3.0
700.5788160452331	0.10599710000008145	epochs	3.0
700.6848131452332	0.20453499999996438	epochs	2.0
700.6848131452332	0.10347149999995509	epochs	3.0
700.7882846452331	0.1010635000000093	epochs	3.0
700.8893481452332	0.19533400000000256	epochs	2.0
700.8893481452332	0.09876510000003691	epochs	3.0
700.9881132452332	0.09656889999996565	epochs	3.0
701.0846821452332	0.18692529999998442	epochs	2.0
701.0846821452332	0.09446830000001682	epochs	3.0
701.1791504452332	0.09245699999996759	epochs	3.0
701.2716074452331	0.17921069999999872	epochs	2.0
701.2716074452331	0.09052959999996801	epochs	3.0
701.3621370452331	0.08868110000003071	epochs	3.0
701.4508181452331	0.17210769999996955	epochs	2.0
701.4508181452331	0.08690630000000965	epochs	3.0
701.5377244452332	0.0852013999999599	epochs	3.0
701.6229258452331	0.16554640000003928	epochs	2.0
701.6229258452331	0.08356190000006336	epochs	3.0
701.7064877452332	0.08198449999997592	epochs	3.0
701.7884722452332	0.15946710000002895	epochs	2.0
701.7884722452332	0.08046539999998004	epochs	3.0
701.8689376452331	0.07900170000004891	epochs	3.0
701.9479393452332	0.15381839999997737	epochs	2.0
701.9479393452332	0.07759009999995214	epochs	3.0
702.0255294452331	0.07622830000002523	epochs	3.0
702.1017577452332	0.14855639999996129	epochs	2.0
702.1017577452332	0.07491330000004837	epochs	3.0
702.1766710452332	0.07364309999991292	epochs	3.0
702.2503141452331	0.14364240000008976	epochs	2.0
702.2503141452331	0.07241499999997814	epochs	3.0
702.3227291452331	0.07122740000011163	epochs	3.0
702.3939565452332	0.13904309999998077	epochs	2.0
702.3939565452332	0.07007799999996678	epochs	3.0
702.4640345452332	0.06896510000001399	epochs	3.0
702.5329996452332	0.1347293000000036	epochs	2.0
702.5329996452332	0.0678871000000072	epochs	3.0
702.6008867452332	0.06684219999999641	epochs	3.0
702.6677289452332	0.13067519999992783	epochs	2.0
702.6677289452332	0.06582909999997355	epochs	3.0
702.7335580452332	0.06484609999995428	epochs	3.0
702.7984041452331	0.12685780000003888	epochs	2.0
702.7984041452331	0.06389200000000983	epochs	3.0
702.8622961452331	0.06296580000002905	epochs	3.0
702.9252619452332	0.12325720000001184	epochs	2.0
702.9252619452332	0.06206580000002759	epochs	3.0
702.9873277452332	0.06119139999998424	epochs	3.0
703.0485191452332	0.11985540000000583	epochs	2.0
703.0485191452332	0.060341099999959624	epochs	3.0
703.1088602452331	0.059514300000046205	epochs	3.0
703.1683745452332	0.11663620000001629	epochs	2.0
703.1683745452332	0.058709599999929196	epochs	3.0
703.2270841452331	0.05792660000008709	epochs	3.0
703.2850107452332	0.11358559999996487	epochs	2.0
703.2850107452332	0.05716419999998834	epochs	3.0
703.3421749452332	0.05642139999997653	epochs	3.0
703.3985963452332	0.11069050000003244	epochs	2.0
703.3985963452332	0.055697900000041045	epochs	3.0
703.4542942452332	0.0549925999999914	epochs	3.0
703.5092868452332	0.10793909999995321	epochs	2.0
703.5092868452332	0.05430489999992005	epochs	3.0
703.5635917452331	0.05363420000003316	epochs	3.0
703.6172259452331	0.10532150000005913	epochs	2.0
703.6172259452331	0.05298000000004777	epochs	3.0
703.6702059452332	0.052341500000011365	epochs	3.0
703.7225474452332	0.10282759999995505	epochs	2.0
703.7225474452332	0.051718099999902734	epochs	3.0
703.7742655452331	0.05110950000005232	epochs	3.0
703.8253750452332	0.10044909999999163	epochs	2.0
703.8253750452332	0.050514900000052876	epochs	3.0
703.8758899452332	0.049934199999938755	epochs	3.0
703.9258241452332	0.0981782999999723	epochs	2.0
703.9258241452332	0.04936659999998483	epochs	3.0
703.9751907452331	0.04881169999998747	epochs	3.0
704.0240024452331	0.09600780000005216	epochs	2.0
704.0240024452331	0.04826920000004975	epochs	3.0
704.0722716452332	0.04773860000000241	epochs	3.0
704.1200102452332	0.09393119999992905	epochs	2.0
704.1200102452332	0.04721949999998287	epochs	3.0
704.1672297452332	0.04671169999994618	epochs	3.0
704.2139414452331	0.09194260000003851	epochs	2.0
704.2139414452331	0.04621460000009847	epochs	3.0
704.2601560452332	0.04572799999994004	epochs	3.0
704.3058840452331	0.09003630000006524	epochs	2.0
704.3058840452331	0.04525150000006306	epochs	3.0
704.3511355452332	0.04478480000000218	epochs	3.0
704.3959203452332	0.08820759999991878	epochs	2.0
704.3959203452332	0.04432779999990544	epochs	3.0
704.4402481452331	0.04387980000001335	epochs	3.0
704.4841279452331	0.0864516999999978	epochs	2.0
704.4841279452331	0.04344100000002982	epochs	3.0
704.5275689452332	0.04301069999996798	epochs	3.0
704.5705796452331	0.0847643000000744	epochs	2.0
704.5705796452331	0.04258900000002086	epochs	3.0
704.6131686452331	0.04217530000005354	epochs	3.0
704.6553439452332	0.08314150000001064	epochs	2.0
704.6553439452332	0.041769699999917975	epochs	3.0
704.6971136452331	0.04137180000009266	epochs	3.0
704.7384854452332	0.08157969999990655	epochs	2.0
704.7384854452332	0.040981399999964196	epochs	3.0
704.7794668452332	0.040598299999942355	epochs	3.0
704.8200651452331	0.08007550000002084	epochs	2.0
704.8200651452331	0.04022229999998217	epochs	3.0
704.8602874452331	0.03985320000003867	epochs	3.0
704.9001406452331	0.07862569999997504	epochs	2.0
704.9001406452331	0.039490800000066884	epochs	3.0
704.9396314452332	0.03913489999990816	epochs	3.0
704.9787663452331	0.07722760000001472	epochs	2.0
704.9787663452331	0.038785400000051595	epochs	3.0
705.0175517452332	0.03844219999996312	epochs	3.0
705.0559939452331	0.07587820000003376	epochs	2.0
705.0559939452331	0.038104800000041905	epochs	3.0
705.0940987452332	0.03777339999999185	epochs	3.0
705.1318721452332	0.0745752000000266	epochs	2.0
705.1318721452332	0.03744770000002973	epochs	3.0
705.1693198452332	0.03712749999999687	epochs	3.0
705.2064473452332	0.07331629999998768	epochs	2.0
705.2064473452332	0.036812899999972615	epochs	3.0
705.2432602452332	0.03650340000001506	epochs	3.0
705.2797636452332	0.07209899999998015	epochs	2.0
705.2797636452332	0.03619909999997617	epochs	3.0
705.3159627452332	0.03589990000000398	epochs	3.0
705.3518626452332	0.07092169999998532	epochs	2.0
705.3518626452332	0.03560560000005353	epochs	3.0
705.3874682452332	0.035316099999931794	epochs	3.0
705.4227843452331	0.06978200000003199	epochs	2.0
705.4227843452331	0.03503120000004856	epochs	3.0
705.4578155452332	0.03475079999998343	epochs	3.0
705.4925663452332	0.06867859999999837	epochs	2.0
705.4925663452332	0.03447510000000875	epochs	3.0
705.5270414452332	0.03420349999998962	epochs	3.0
705.5612449452332	0.06760929999995824	epochs	2.0
705.5612449452332	0.033936199999970995	epochs	3.0
705.5951811452331	0.033673099999987244	epochs	3.0
705.6288542452331	0.06657289999998284	epochs	2.0
705.6288542452331	0.03341399999999339	epochs	3.0
705.6622682452331	0.033158899999989444	epochs	3.0
705.6954271452331	0.06556780000005347	epochs	2.0
705.6954271452331	0.032907700000009754	epochs	3.0
705.7283348452331	0.03266010000004371	epochs	3.0
705.7609949452332	0.06459259999996902	epochs	2.0
705.7609949452332	0.032416399999988244	epochs	3.0
705.7934113452332	0.03217619999998078	epochs	3.0
705.8255875452331	0.06364600000006249	epochs	2.0
705.8255875452331	0.03193959999998697	epochs	3.0
705.8575271452331	0.03170640000007552	epochs	3.0
705.8892335452332	0.0627266999999847	epochs	2.0
705.8892335452332	0.031476599999905375	epochs	3.0
705.9207101452331	0.03125010000007933	epochs	3.0
705.9519602452332	0.06183359999999993	epochs	2.0
705.9519602452332	0.031026900000028945	epochs	3.0
705.9829871452332	0.030806699999970988	epochs	3.0
706.0137938452332	0.06096560000003137	epochs	2.0
706.0137938452332	0.030589800000029754	epochs	3.0
706.0443836452332	0.030375800000001618	epochs	3.0
706.0747594452332	0.06012159999988853	epochs	2.0
706.0747594452332	0.03016489999993155	epochs	3.0
706.1049243452331	0.02995669999995698	epochs	3.0
706.1348810452331	0.05930070000010801	epochs	2.0
706.1348810452331	0.029751600000054168	epochs	3.0
706.1646326452332	0.02954910000005384	epochs	3.0
706.1941817452332	0.05850179999993088	epochs	2.0
706.1941817452332	0.02934940000000097	epochs	3.0
706.2235311452332	0.029152399999929912	epochs	3.0
706.2526835452331	0.057724200000052406	epochs	2.0
706.2526835452331	0.028957999999988715	epochs	3.0
706.2816415452331	0.02876620000006369	epochs	3.0
706.3104077452332	0.05696709999995164	epochs	2.0
706.3104077452332	0.028576999999927466	epochs	3.0
706.3389847452331	0.028390100000024177	epochs	3.0
706.3673748452331	0.05622949999997218	epochs	2.0
706.3673748452331	0.028205700000057732	epochs	3.0
706.3955805452332	0.028023799999914445	epochs	3.0
706.4236043452331	0.05551070000001346	epochs	2.0
706.4236043452331	0.02784400000007281	epochs	3.0
706.4514483452332	0.027666699999940647	epochs	3.0
706.4791150452331	0.054810200000019904	epochs	2.0
706.4791150452331	0.02749149999999645	epochs	3.0
706.5066065452331	0.027318700000023455	epochs	3.0
706.5339252452331	0.05412699999999404	epochs	2.0
706.5339252452331	0.027147799999966082	epochs	3.0
706.5610730452331	0.02697920000002796	epochs	3.0
706.5880522452331	0.053460699999959616	epochs	2.0
706.5880522452331	0.0268125999999711	epochs	3.0
706.6148648452331	0.026648099999988517	epochs	3.0
706.6415129452331	0.05281070000000909	epochs	2.0
706.6415129452331	0.026485600000000886	epochs	3.0
706.6679985452331	0.026325100000008206	epochs	3.0
706.6943236452331	0.05217620000007628	epochs	2.0
706.6943236452331	0.026166400000079193	epochs	3.0
706.7204900452332	0.026009799999997085	epochs	3.0
706.7464998452332	0.051556699999991906	epochs	2.0
706.7464998452332	0.025854799999933675	epochs	3.0
706.7723546452331	0.02570190000005823	epochs	3.0
706.7980565452332	0.05095189999997274	epochs	2.0
706.7980565452332	0.025550699999939752	epochs	3.0
706.8236072452331	0.025401200000032986	epochs	3.0
706.8490084452332	0.05036099999995258	epochs	2.0
706.8490084452332	0.025253499999962514	epochs	3.0
706.8742619452331	0.02510749999999007	epochs	3.0
706.8993694452331	0.049783800000000156	epochs	2.0
706.8993694452331	0.02496320000000196	epochs	3.0
706.9243326452331	0.024820599999998194	epochs	3.0
706.9491532452331	0.049219500000049266	epochs	2.0
706.9491532452331	0.02467940000008184	epochs	3.0
706.9738326452332	0.024540099999967424	epochs	3.0
706.9983727452332	0.04866790000005494	epochs	2.0
706.9983727452332	0.02440209999997478	epochs	3.0
707.0227748452331	0.024265800000080162	epochs	3.0
707.0470406452332	0.048128599999927246	epochs	2.0
707.0470406452332	0.02413099999989754	epochs	3.0
707.0711716452331	0.023997600000029706	epochs	3.0
707.0951692452331	0.047601100000065344	epochs	2.0
707.0951692452331	0.023865800000066884	epochs	3.0
707.1190350452332	0.02373529999999846	epochs	3.0
707.1427703452332	0.04708499999992455	epochs	2.0
707.1427703452332	0.023606299999983094	epochs	3.0
707.1663766452332	0.023478699999941455	epochs	3.0
707.1898553452331	0.04658000000006268	epochs	2.0
707.1898553452331	0.02335249999998723	epochs	3.0
707.2132078452331	0.02322750000007545	epochs	3.0
707.2364353452332	0.04608569999993506	epochs	2.0
707.2364353452332	0.023103999999989355	epochs	3.0
707.2595393452332	0.022981699999945704	epochs	3.0
707.2825210452331	0.045601799999985815	epochs	2.0
707.2825210452331	0.022860700000023826	epochs	3.0
707.3053817452331	0.02274109999996199	epochs	3.0
707.3281228452331	0.04512790000001132	epochs	2.0
707.3281228452331	0.022622500000011314	epochs	3.0
707.3507453452331	0.02250540000000001	epochs	3.0
707.3732507452331	0.0446638000000803	epochs	2.0
707.3732507452331	0.02238929999998618	epochs	3.0
707.3956400452331	0.022274500000094122	epochs	3.0
707.4179145452332	0.04420919999995476	epochs	2.0
707.4179145452332	0.022160799999937808	epochs	3.0
707.4400753452331	0.022048400000016954	epochs	3.0
707.4621237452332	0.043763600000033875	epochs	2.0
707.4621237452332	0.021936900000014248	epochs	3.0
707.4840606452332	0.021826700000019628	epochs	3.0
707.5058873452332	0.04332709999994222	epochs	2.0
707.5058873452332	0.021717599999988124	epochs	3.0
707.5276049452332	0.021609499999954096	epochs	3.0
707.5492144452331	0.04289900000003399	epochs	2.0
707.5492144452331	0.02150249999999687	epochs	3.0
707.5707169452331	0.021396500000037122	epochs	3.0
707.5921134452332	0.042479500000013104	epochs	2.0
707.5921134452332	0.02129170000000613	epochs	3.0
707.6134051452332	0.021187800000006973	epochs	3.0
707.6345929452332	0.042067900000006375	epochs	2.0
707.6345929452332	0.02108490000000529	epochs	3.0
707.6556778452332	0.020983000000001084	epochs	3.0
707.6766608452332	0.04166439999994509	epochs	2.0
707.6766608452332	0.020882199999959994	epochs	3.0
707.6975430452331	0.020782199999985096	epochs	3.0
707.7183252452331	0.04126850000000104	epochs	2.0
707.7183252452331	0.020683299999973315	epochs	3.0
707.7390085452331	0.020585200000027726	epochs	3.0
707.7595937452331	0.04088000000001557	epochs	2.0
707.7595937452331	0.020488099999965925	epochs	3.0
707.7800818452331	0.020391900000049645	epochs	3.0
707.8004737452331	0.04049880000002304	epochs	2.0
707.8004737452331	0.020296600000051512	epochs	3.0
707.8207703452332	0.020202199999971526	epochs	3.0
707.8409725452332	0.04012460000001283	epochs	2.0
707.8409725452332	0.02010870000003706	epochs	3.0
707.8610812452332	0.020015899999975773	epochs	3.0
707.8810971452332	0.03975730000001931	epochs	2.0
707.8810971452332	0.019924199999991288	epochs	3.0
707.9010213452332	0.019833100000028026	epochs	3.0
707.9208544452332	0.03939669999999751	epochs	2.0
707.9208544452332	0.01974299999994855	epochs	3.0
707.9405974452332	0.019653700000048957	epochs	3.0
707.9602511452332	0.03904239999997117	epochs	2.0
707.9602511452332	0.019565099999908853	epochs	3.0
707.9798162452331	0.019477300000062314	epochs	3.0
707.9992935452332	0.03869459999998526	epochs	2.0
707.9992935452332	0.019390400000020236	epochs	3.0
708.0186839452332	0.01930419999996502	epochs	3.0
708.0379881452332	0.03835289999994984	epochs	2.0
708.0379881452332	0.019218799999976	epochs	3.0
708.0572069452331	0.01913409999997384	epochs	3.0
708.0763410452331	0.03801720000001296	epochs	2.0
708.0763410452331	0.019050200000037876	epochs	3.0
708.0953912452331	0.018966999999975087	epochs	3.0
708.1143582452331	0.037687200000050325	epochs	2.0
708.1143582452331	0.01888450000001285	epochs	3.0
708.1332427452331	0.018802700000037476	epochs	3.0
708.1520454452332	0.03736309999999321	epochs	2.0
708.1520454452332	0.018721700000014607	epochs	3.0
708.1707671452332	0.018641399999978603	epochs	3.0
708.1894085452332	0.03704429999993408	epochs	2.0
708.1894085452332	0.01856159999999818	epochs	3.0
708.2079701452332	0.018482699999935903	epochs	3.0
708.2264528452331	0.0367310000000316	epochs	2.0
708.2264528452331	0.018404300000042895	epochs	3.0
708.2448571452331	0.018326699999988705	epochs	3.0
708.2631838452331	0.036422900000047775	epochs	2.0
708.2631838452331	0.018249599999990096	epochs	3.0
708.2814334452331	0.01817330000005768	epochs	3.0
708.2996067452332	0.03612009999994825	epochs	2.0
708.2996067452332	0.01809759999991911	epochs	3.0
708.3177043452331	0.01802250000002914	epochs	3.0
708.3357268452331	0.03582210000001851	epochs	2.0
708.3357268452331	0.017947900000081063	epochs	3.0
708.3536747452332	0.017874199999937446	epochs	3.0
708.3715489452331	0.03552899999999681	epochs	2.0
708.3715489452331	0.017800800000031813	epochs	3.0
708.3893497452332	0.017728199999965	epochs	3.0
708.4070779452331	0.03524070000003121	epochs	2.0
708.4070779452331	0.017656100000067454	epochs	3.0
708.4247340452332	0.017584599999963757	epochs	3.0
708.4423186452332	0.03495709999992869	epochs	2.0
708.4423186452332	0.01751369999999497	epochs	3.0
708.4598323452332	0.017443399999933717	epochs	3.0
708.4772757452331	0.03467790000001969	epochs	2.0
708.4772757452331	0.017373600000041733	epochs	3.0
708.4946493452331	0.017304299999977957	epochs	3.0
708.5119536452331	0.03440330000000813	epochs	2.0
708.5119536452331	0.01723570000001473	epochs	3.0
708.5291893452331	0.0171675999999934	epochs	3.0
708.5463569452331	0.0341328000000658	epochs	2.0
708.5463569452331	0.017099900000062007	epochs	3.0
708.5634568452332	0.017032900000003792	epochs	3.0
708.5804897452332	0.033866699999975935	epochs	2.0
708.5804897452332	0.01696640000000116	epochs	3.0
708.5974561452332	0.016900299999974777	epochs	3.0
708.6143564452332	0.03360459999998966	epochs	2.0
708.6143564452332	0.01683479999996962	epochs	3.0
708.6311912452331	0.01676980000002004	epochs	3.0
708.6479610452332	0.033346599999958926	epochs	2.0
708.6479610452332	0.016705300000012357	epochs	3.0
708.6646663452332	0.01664129999994657	epochs	3.0
708.6813076452331	0.03309250000006614	epochs	2.0
708.6813076452331	0.016577800000050047	epochs	3.0
708.6978854452332	0.01651470000001609	epochs	3.0
708.7144001452332	0.03284229999997024	epochs	2.0
708.7144001452332	0.01645220000000336	epochs	3.0
708.7308523452332	0.01639009999996688	epochs	3.0
708.7472424452332	0.03259570000000167	epochs	2.0
708.7472424452332	0.016328400000020338	epochs	3.0
708.7635708452332	0.016267299999981333	epochs	3.0
708.7798381452332	0.032352899999978035	epochs	2.0
708.7798381452332	0.016206600000032267	epochs	3.0
708.7960447452332	0.016146299999945768	epochs	3.0
708.8121910452331	0.03211369999996805	epochs	2.0
708.8121910452331	0.016086599999994178	epochs	3.0
708.8282776452331	0.01602709999997387	epochs	3.0
708.8443047452331	0.03187800000000607	epochs	2.0
708.8443047452331	0.015968200000088473	epochs	3.0
708.8602729452332	0.015909799999917595	epochs	3.0
708.8761827452331	0.031645700000012766	epochs	2.0
708.8761827452331	0.01585160000001906	epochs	3.0
708.8920343452331	0.015794099999993705	epochs	3.0
708.9078284452331	0.0314167000000225	epochs	2.0
708.9078284452331	0.015736700000047676	epochs	3.0
708.9235651452332	0.015679999999974825	epochs	3.0
708.9392451452331	0.031191100000000915	epochs	2.0
708.9392451452331	0.015623600000026272	epochs	3.0
708.9548687452332	0.015567499999974643	epochs	3.0
708.9704362452331	0.030968700000016725	epochs	2.0
708.9704362452331	0.015512000000057924	epochs	3.0
708.9859482452332	0.0154566999999588	epochs	3.0
709.0014049452332	0.030749499999956242	epochs	2.0
709.0014049452332	0.015401999999994587	epochs	3.0
709.0168069452332	0.015347499999961656	epochs	3.0
709.0321544452331	0.03053320000003623	epochs	2.0
709.0321544452331	0.015293400000018664	epochs	3.0
709.0474478452331	0.015239800000017567	epochs	3.0
709.0626876452332	0.03032010000003993	epochs	2.0
709.0626876452332	0.015186500000027081	epochs	3.0
709.0778741452332	0.015133600000012848	epochs	3.0
709.0930077452332	0.030109899999956724	epochs	2.0
709.0930077452332	0.015081000000009226	epochs	3.0
709.1080887452332	0.015028899999947498	epochs	3.0
709.1231176452332	0.02990250000004835	epochs	2.0
709.1231176452332	0.014977000000044427	epochs	3.0
709.1380946452332	0.014925500000003922	epochs	3.0
709.1530201452332	0.029698099999905025	epochs	2.0
709.1530201452332	0.01487439999993967	epochs	3.0
709.1678945452331	0.014823699999965356	epochs	3.0
709.1827182452331	0.02949630000000525	epochs	2.0
709.1827182452331	0.014773200000036013	epochs	3.0
709.1974914452331	0.014723099999969236	epochs	3.0
709.2122145452331	0.02929740000001857	epochs	2.0
709.2122145452331	0.014673399999992398	epochs	3.0
709.2268879452331	0.014624000000026172	epochs	3.0
709.2415119452331	0.029101100000048064	epochs	2.0
709.2415119452331	0.014574900000070556	epochs	3.0
709.2560868452332	0.014526199999977507	epochs	3.0
709.2706130452332	0.028907399999980044	epochs	2.0
709.2706130452332	0.014477699999929428	epochs	3.0
709.2850907452331	0.014429700000050616	epochs	3.0
709.2995204452332	0.028716199999962555	epochs	2.0
709.2995204452332	0.014381800000023759	epochs	3.0
709.3139022452332	0.014334399999938796	epochs	3.0
709.3282366452331	0.028527600000074926	epochs	2.0
709.3282366452331	0.01428720000001249	epochs	3.0
709.3425238452331	0.014240400000062436	epochs	3.0
709.3567642452332	0.028341399999931127	epochs	2.0
709.3567642452332	0.014193799999929979	epochs	3.0
709.3709580452331	0.014147600000001148	epochs	3.0
709.3851056452331	0.028157700000065233	epochs	2.0
709.3851056452331	0.014101700000082928	epochs	3.0
709.3992073452332	0.014055999999982305	epochs	3.0
709.4132633452332	0.027976299999977527	epochs	2.0
709.4132633452332	0.01401060000000598	epochs	3.0
709.4272739452332	0.013965699999971548	epochs	3.0
709.4412396452332	0.02779720000000907	epochs	2.0
709.4412396452332	0.013920799999937117	epochs	3.0
709.4551604452331	0.013876400000071953	epochs	3.0
709.4690368452332	0.027620399999932488	epochs	2.0
709.4690368452332	0.013832200000024386	epochs	3.0
709.4828690452332	0.013788199999908102	epochs	3.0
709.4966572452331	0.02744590000008884	epochs	2.0
709.4966572452331	0.013744599999995444	epochs	3.0
709.5104018452331	0.013701300000093397	epochs	3.0
709.5241031452332	0.027273499999978412	epochs	2.0
709.5241031452332	0.013658200000008947	epochs	3.0
709.5377613452332	0.013615299999969466	epochs	3.0
709.5513766452332	0.027103399999987232	epochs	2.0
709.5513766452332	0.013572800000019924	epochs	3.0
709.5649494452332	0.013530599999967308	epochs	3.0
709.5784800452332	0.02693520000002536	epochs	2.0
709.5784800452332	0.013488400000028378	epochs	3.0
709.5919684452332	0.013446799999996983	epochs	3.0
709.6054152452332	0.026769199999989723	epochs	2.0
709.6054152452332	0.013405199999965589	epochs	3.0
709.6188204452332	0.013364000000024134	epochs	3.0
709.6321844452332	0.026605199999949036	epochs	2.0
709.6321844452332	0.013322899999934634	epochs	3.0
709.6455073452331	0.013282300000014402	epochs	3.0
709.6587896452331	0.026443200000016986	epochs	2.0
709.6587896452331	0.013241699999980483	epochs	3.0
709.6720313452331	0.013201500000036503	epochs	3.0
709.6852328452331	0.0262831999999662	epochs	2.0
709.6852328452331	0.013161500000023807	epochs	3.0
709.6983943452332	0.013121699999942393	epochs	3.0
709.7115160452331	0.02612500000009277	epochs	2.0
709.7115160452331	0.013082100000019636	epochs	3.0
709.7245981452331	0.013042900000073132	epochs	3.0
709.7376410452332	0.025968899999952555	epochs	2.0
709.7376410452332	0.013003899999944224	epochs	3.0
709.7506449452331	0.012965000000008331	epochs	3.0
709.7636099452332	0.025814500000024054	epochs	2.0
709.7636099452332	0.012926399999969362	epochs	3.0
709.7765363452331	0.012888100000054692	epochs	3.0
709.7894244452332	0.025661899999931848	epochs	2.0
709.7894244452332	0.012849899999991976	epochs	3.0
709.8022743452332	0.012811999999939871	epochs	3.0
709.8150863452331	0.025511200000096323	epochs	2.0
709.8150863452331	0.012774400000012065	epochs	3.0
709.8278607452331	0.012736800000084258	epochs	3.0
709.8405975452332	0.025362299999983406	epochs	2.0
709.8405975452332	0.01269969999998466	epochs	3.0
709.8532972452332	0.012662599999998747	epochs	3.0
709.8659598452332	0.025215000000002874	epochs	2.0
709.8659598452332	0.01262579999990976	epochs	3.0
709.8785856452331	0.012589200000093115	epochs	3.0
709.8911748452332	0.024584799999956886	epochs	2.0
709.9143580452331	0.5	epochs	-1.0
709.9157596452332	0.5055200000000468	epochs	1.0
710.4212796452332	0.4943999999999278	epochs	0.0
711.4670000076294	0.1937599999999975	epochs	0.0
711.4670000076294	0.09188099999994392	epochs	1.0
711.5588810076293	0.009998000000109641	epochs	1.0
711.5688790076294	0.09188099999994392	epochs	1.0
711.6607600076294	2.0	epochs	0.0
713.6607600076294	21.526160000000004	epochs	0.0
713.6607600076294	1.0	epochs	1.0
713.6607984076294	0.5	epochs	-1.0
714.1607984076294	19.998559999999998	epochs	-1.0
714.6607600076294	20.0	epochs	1.0
714.6607600076294	4.356753900000058	epochs	-1.0
714.6607600076294	1.9745871999999736	epochs	2.0
714.6607600076294	1.0985621999999466	epochs	3.0
715.7593222076293	0.8760250000000269	epochs	3.0
716.6353472076294	1.3524075000000266	epochs	2.0
716.6353472076294	0.7286354999999958	epochs	3.0
717.3639827076294	0.6237720000000309	epochs	3.0
717.9877547076294	1.0297592000000577	epochs	2.0
717.9877547076294	0.5453293000000485	epochs	3.0
718.5330840076294	0.4844299000000092	epochs	3.0
719.0175139076294	0.8317861999998968	epochs	2.0
719.0175139076294	0.4357762999999295	epochs	3.0
719.4532902076294	0.3960098999999673	epochs	3.0
719.8493001076293	0.6977970000000369	epochs	2.0
719.8493001076293	0.3628982000000178	epochs	3.0
720.2121983076294	0.33489880000001904	epochs	3.0
720.5470971076294	0.601045699999986	epochs	2.0
720.5470971076294	0.3109123000000409	epochs	3.0
720.8580094076294	0.29013339999994514	epochs	3.0
721.1481428076294	0.5278859000000011	epochs	2.0
721.1481428076294	0.2719586000000618	epochs	3.0
721.4201014076294	0.25592729999993935	epochs	3.0
721.6760287076294	0.4706193000000667	epochs	2.0
721.6760287076294	0.241681299999982	epochs	3.0
721.9177100076294	0.22893800000008468	epochs	3.0
722.1466480076294	0.42457039999999324	epochs	2.0
722.1466480076294	0.2174713999999085	epochs	3.0
722.3641194076293	0.20709900000008474	epochs	3.0
722.5712184076294	0.3867353999999068	epochs	2.0
722.5712184076294	0.19767109999997956	epochs	3.0
722.7688895076294	0.18906429999992724	epochs	3.0
722.9579538076293	0.3550953000000163	epochs	2.0
722.9579538076293	0.18117590000008477	epochs	3.0
723.1391297076294	0.17391939999993156	epochs	3.0
723.3130491076294	0.3282431000000088	epochs	2.0
723.3130491076294	0.1672219000000723	epochs	3.0
723.4802710076294	0.16102119999993647	epochs	3.0
723.6412922076294	0.30516799999998057	epochs	2.0
723.6412922076294	0.15526390000002266	epochs	3.0
723.7965561076294	0.1499040999999579	epochs	3.0
723.9464602076293	0.28512530000000424	epochs	2.0
723.9464602076293	0.1449021000000812	epochs	3.0
724.0913623076294	0.14022319999992305	epochs	3.0
724.2315855076293	0.267553800000087	epochs	2.0
724.2315855076293	0.1358369000000721	epochs	3.0
724.3674224076294	0.1317169000000149	epochs	3.0
724.4991393076294	0.252022899999929	epochs	2.0
724.4991393076294	0.1278393000000051	epochs	3.0
724.6269786076294	0.1241835999999239	epochs	3.0
724.7511622076294	0.23819650000007186	epochs	2.0
724.7511622076294	0.12073110000005727	epochs	3.0
724.8718933076294	0.1174654000000146	epochs	3.0
724.9893587076294	0.2258087999999816	epochs	2.0
724.9893587076294	0.1143718999999237	epochs	3.0
725.1037306076294	0.1114369000000579	epochs	3.0
725.2151675076294	0.2146460000000161	epochs	2.0
725.2151675076294	0.10864889999993466	epochs	3.0
725.3238164076294	0.10599710000008145	epochs	3.0
725.4298135076294	0.20453499999996438	epochs	2.0
725.4298135076294	0.10347149999995509	epochs	3.0
725.5332850076294	0.1010635000000093	epochs	3.0
725.6343485076294	0.19533400000000256	epochs	2.0
725.6343485076294	0.09876510000003691	epochs	3.0
725.7331136076294	0.09656889999996565	epochs	3.0
725.8296825076294	0.18692529999998442	epochs	2.0
725.8296825076294	0.09446830000001682	epochs	3.0
725.9241508076294	0.09245699999996759	epochs	3.0
726.0166078076294	0.17921069999999872	epochs	2.0
726.0166078076294	0.09052959999996801	epochs	3.0
726.1071374076294	0.08868110000003071	epochs	3.0
726.1958185076294	0.17210769999996955	epochs	2.0
726.1958185076294	0.08690630000000965	epochs	3.0
726.2827248076294	0.0852013999999599	epochs	3.0
726.3679262076294	0.16554640000003928	epochs	2.0
726.3679262076294	0.08356190000006336	epochs	3.0
726.4514881076294	0.08198449999997592	epochs	3.0
726.5334726076294	0.15946710000002895	epochs	2.0
726.5334726076294	0.08046539999998004	epochs	3.0
726.6139380076294	0.07900170000004891	epochs	3.0
726.6929397076294	0.15381839999997737	epochs	2.0
726.6929397076294	0.07759009999995214	epochs	3.0
726.7705298076294	0.07622830000002523	epochs	3.0
726.8467581076294	0.14855639999996129	epochs	2.0
726.8467581076294	0.07491330000004837	epochs	3.0
726.9216714076294	0.07364309999991292	epochs	3.0
726.9953145076294	0.14364240000008976	epochs	2.0
726.9953145076294	0.07241499999997814	epochs	3.0
727.0677295076293	0.07122740000011163	epochs	3.0
727.1389569076294	0.13904309999998077	epochs	2.0
727.1389569076294	0.07007799999996678	epochs	3.0
727.2090349076294	0.06896510000001399	epochs	3.0
727.2780000076294	0.1347293000000036	epochs	2.0
727.2780000076294	0.0678871000000072	epochs	3.0
727.3458871076294	0.06684219999999641	epochs	3.0
727.4127293076294	0.13067519999992783	epochs	2.0
727.4127293076294	0.06582909999997355	epochs	3.0
727.4785584076294	0.06484609999995428	epochs	3.0
727.5434045076294	0.12685780000003888	epochs	2.0
727.5434045076294	0.06389200000000983	epochs	3.0
727.6072965076294	0.06296580000002905	epochs	3.0
727.6702623076294	0.12325720000001184	epochs	2.0
727.6702623076294	0.06206580000002759	epochs	3.0
727.7323281076294	0.06119139999998424	epochs	3.0
727.7935195076294	0.11985540000000583	epochs	2.0
727.7935195076294	0.060341099999959624	epochs	3.0
727.8538606076294	0.059514300000046205	epochs	3.0
727.9133749076294	0.11663620000001629	epochs	2.0
727.9133749076294	0.058709599999929196	epochs	3.0
727.9720845076293	0.05792660000008709	epochs	3.0
728.0300111076294	0.11358559999996487	epochs	2.0
728.0300111076294	0.05716419999998834	epochs	3.0
728.0871753076294	0.05642139999997653	epochs	3.0
728.1435967076294	0.11069050000003244	epochs	2.0
728.1435967076294	0.055697900000041045	epochs	3.0
728.1992946076294	0.0549925999999914	epochs	3.0
728.2542872076294	0.10793909999995321	epochs	2.0
728.2542872076294	0.05430489999992005	epochs	3.0
728.3085921076294	0.05363420000003316	epochs	3.0
728.3622263076294	0.10532150000005913	epochs	2.0
728.3622263076294	0.05298000000004777	epochs	3.0
728.4152063076294	0.052341500000011365	epochs	3.0
728.4675478076294	0.10282759999995505	epochs	2.0
728.4675478076294	0.051718099999902734	epochs	3.0
728.5192659076293	0.05110950000005232	epochs	3.0
728.5703754076294	0.10044909999999163	epochs	2.0
728.5703754076294	0.050514900000052876	epochs	3.0
728.6208903076295	0.049934199999938755	epochs	3.0
728.6708245076294	0.0981782999999723	epochs	2.0
728.6708245076294	0.04936659999998483	epochs	3.0
728.7201911076294	0.04881169999998747	epochs	3.0
728.7690028076294	0.09600780000005216	epochs	2.0
728.7690028076294	0.04826920000004975	epochs	3.0
728.8172720076294	0.04773860000000241	epochs	3.0
728.8650106076294	0.09393119999992905	epochs	2.0
728.8650106076294	0.04721949999998287	epochs	3.0
728.9122301076294	0.04671169999994618	epochs	3.0
728.9589418076293	0.09194260000003851	epochs	2.0
728.9589418076293	0.04621460000009847	epochs	3.0
729.0051564076294	0.04572799999994004	epochs	3.0
729.0508844076294	0.09003630000006524	epochs	2.0
729.0508844076294	0.04525150000006306	epochs	3.0
729.0961359076294	0.04478480000000218	epochs	3.0
729.1409207076294	0.08820759999991878	epochs	2.0
729.1409207076294	0.04432779999990544	epochs	3.0
729.1852485076294	0.04387980000001335	epochs	3.0
729.2291283076294	0.0864516999999978	epochs	2.0
729.2291283076294	0.04344100000002982	epochs	3.0
729.2725693076294	0.04301069999996798	epochs	3.0
729.3155800076294	0.0847643000000744	epochs	2.0
729.3155800076294	0.04258900000002086	epochs	3.0
729.3581690076294	0.04217530000005354	epochs	3.0
729.4003443076294	0.08314150000001064	epochs	2.0
729.4003443076294	0.041769699999917975	epochs	3.0
729.4421140076294	0.04137180000009266	epochs	3.0
729.4834858076294	0.08157969999990655	epochs	2.0
729.4834858076294	0.040981399999964196	epochs	3.0
729.5244672076294	0.040598299999942355	epochs	3.0
729.5650655076294	0.08007550000002084	epochs	2.0
729.5650655076294	0.04022229999998217	epochs	3.0
729.6052878076293	0.03985320000003867	epochs	3.0
729.6451410076294	0.07862569999997504	epochs	2.0
729.6451410076294	0.039490800000066884	epochs	3.0
729.6846318076294	0.03913489999990816	epochs	3.0
729.7237667076294	0.07722760000001472	epochs	2.0
729.7237667076294	0.038785400000051595	epochs	3.0
729.7625521076294	0.03844219999996312	epochs	3.0
729.8009943076294	0.07587820000003376	epochs	2.0
729.8009943076294	0.038104800000041905	epochs	3.0
729.8390991076294	0.03777339999999185	epochs	3.0
729.8768725076294	0.0745752000000266	epochs	2.0
729.8768725076294	0.03744770000002973	epochs	3.0
729.9143202076294	0.03712749999999687	epochs	3.0
729.9514477076294	0.07331629999998768	epochs	2.0
729.9514477076294	0.036812899999972615	epochs	3.0
729.9882606076294	0.03650340000001506	epochs	3.0
730.0247640076294	0.07209899999998015	epochs	2.0
730.0247640076294	0.03619909999997617	epochs	3.0
730.0609631076294	0.03589990000000398	epochs	3.0
730.0968630076294	0.07092169999998532	epochs	2.0
730.0968630076294	0.03560560000005353	epochs	3.0
730.1324686076294	0.035316099999931794	epochs	3.0
730.1677847076294	0.06978200000003199	epochs	2.0
730.1677847076294	0.03503120000004856	epochs	3.0
730.2028159076294	0.03475079999998343	epochs	3.0
730.2375667076294	0.06867859999999837	epochs	2.0
730.2375667076294	0.03447510000000875	epochs	3.0
730.2720418076294	0.03420349999998962	epochs	3.0
730.3062453076294	0.06760929999995824	epochs	2.0
730.3062453076294	0.033936199999970995	epochs	3.0
730.3401815076294	0.033673099999987244	epochs	3.0
730.3738546076294	0.06657289999998284	epochs	2.0
730.3738546076294	0.03341399999999339	epochs	3.0
730.4072686076294	0.033158899999989444	epochs	3.0
730.4404275076294	0.06556780000005347	epochs	2.0
730.4404275076294	0.032907700000009754	epochs	3.0
730.4733352076294	0.03266010000004371	epochs	3.0
730.5059953076294	0.06459259999996902	epochs	2.0
730.5059953076294	0.032416399999988244	epochs	3.0
730.5384117076294	0.03217619999998078	epochs	3.0
730.5705879076294	0.06364600000006249	epochs	2.0
730.5705879076294	0.03193959999998697	epochs	3.0
730.6025275076294	0.03170640000007552	epochs	3.0
730.6342339076294	0.0627266999999847	epochs	2.0
730.6342339076294	0.031476599999905375	epochs	3.0
730.6657105076293	0.03125010000007933	epochs	3.0
730.6969606076294	0.06183359999999993	epochs	2.0
730.6969606076294	0.031026900000028945	epochs	3.0
730.7279875076295	0.030806699999970988	epochs	3.0
730.7587942076294	0.06096560000003137	epochs	2.0
730.7587942076294	0.030589800000029754	epochs	3.0
730.7893840076295	0.030375800000001618	epochs	3.0
730.8197598076295	0.06012159999988853	epochs	2.0
730.8197598076295	0.03016489999993155	epochs	3.0
730.8499247076294	0.02995669999995698	epochs	3.0
730.8798814076293	0.05930070000010801	epochs	2.0
730.8798814076293	0.029751600000054168	epochs	3.0
730.9096330076294	0.02954910000005384	epochs	3.0
730.9391821076294	0.05850179999993088	epochs	2.0
730.9391821076294	0.02934940000000097	epochs	3.0
730.9685315076295	0.029152399999929912	epochs	3.0
730.9976839076294	0.057724200000052406	epochs	2.0
730.9976839076294	0.028957999999988715	epochs	3.0
731.0266419076294	0.02876620000006369	epochs	3.0
731.0554081076294	0.05696709999995164	epochs	2.0
731.0554081076294	0.028576999999927466	epochs	3.0
731.0839851076294	0.028390100000024177	epochs	3.0
731.1123752076294	0.05622949999997218	epochs	2.0
731.1123752076294	0.028205700000057732	epochs	3.0
731.1405809076294	0.028023799999914445	epochs	3.0
731.1686047076294	0.05551070000001346	epochs	2.0
731.1686047076294	0.02784400000007281	epochs	3.0
731.1964487076294	0.027666699999940647	epochs	3.0
731.2241154076294	0.054810200000019904	epochs	2.0
731.2241154076294	0.02749149999999645	epochs	3.0
731.2516069076294	0.027318700000023455	epochs	3.0
731.2789256076294	0.05412699999999404	epochs	2.0
731.2789256076294	0.027147799999966082	epochs	3.0
731.3060734076294	0.02697920000002796	epochs	3.0
731.3330526076294	0.053460699999959616	epochs	2.0
731.3330526076294	0.0268125999999711	epochs	3.0
731.3598652076294	0.026648099999988517	epochs	3.0
731.3865133076293	0.05281070000000909	epochs	2.0
731.3865133076293	0.026485600000000886	epochs	3.0
731.4129989076293	0.026325100000008206	epochs	3.0
731.4393240076294	0.05217620000007628	epochs	2.0
731.4393240076294	0.026166400000079193	epochs	3.0
731.4654904076294	0.026009799999997085	epochs	3.0
731.4915002076294	0.051556699999991906	epochs	2.0
731.4915002076294	0.025854799999933675	epochs	3.0
731.5173550076294	0.02570190000005823	epochs	3.0
731.5430569076294	0.05095189999997274	epochs	2.0
731.5430569076294	0.025550699999939752	epochs	3.0
731.5686076076294	0.025401200000032986	epochs	3.0
731.5940088076294	0.05036099999995258	epochs	2.0
731.5940088076294	0.025253499999962514	epochs	3.0
731.6192623076294	0.02510749999999007	epochs	3.0
731.6443698076293	0.049783800000000156	epochs	2.0
731.6443698076293	0.02496320000000196	epochs	3.0
731.6693330076293	0.024820599999998194	epochs	3.0
731.6941536076293	0.049219500000049266	epochs	2.0
731.6941536076293	0.02467940000008184	epochs	3.0
731.7188330076294	0.024540099999967424	epochs	3.0
731.7433731076294	0.04866790000005494	epochs	2.0
731.7433731076294	0.02440209999997478	epochs	3.0
731.7677752076294	0.024265800000080162	epochs	3.0
731.7920410076295	0.048128599999927246	epochs	2.0
731.7920410076295	0.02413099999989754	epochs	3.0
731.8161720076293	0.023997600000029706	epochs	3.0
731.8401696076294	0.047601100000065344	epochs	2.0
731.8401696076294	0.023865800000066884	epochs	3.0
731.8640354076294	0.02373529999999846	epochs	3.0
731.8877707076294	0.04708499999992455	epochs	2.0
731.8877707076294	0.023606299999983094	epochs	3.0
731.9113770076294	0.023478699999941455	epochs	3.0
731.9348557076294	0.04658000000006268	epochs	2.0
731.9348557076294	0.02335249999998723	epochs	3.0
731.9582082076294	0.02322750000007545	epochs	3.0
731.9814357076294	0.04608569999993506	epochs	2.0
731.9814357076294	0.023103999999989355	epochs	3.0
732.0045397076294	0.022981699999945704	epochs	3.0
732.0275214076294	0.045601799999985815	epochs	2.0
732.0275214076294	0.022860700000023826	epochs	3.0
732.0503821076294	0.02274109999996199	epochs	3.0
732.0731232076294	0.04512790000001132	epochs	2.0
732.0731232076294	0.022622500000011314	epochs	3.0
732.0957457076294	0.02250540000000001	epochs	3.0
732.1182511076294	0.0446638000000803	epochs	2.0
732.1182511076294	0.02238929999998618	epochs	3.0
732.1406404076293	0.022274500000094122	epochs	3.0
732.1629149076294	0.04420919999995476	epochs	2.0
732.1629149076294	0.022160799999937808	epochs	3.0
732.1850757076294	0.022048400000016954	epochs	3.0
732.2071241076294	0.043763600000033875	epochs	2.0
732.2071241076294	0.021936900000014248	epochs	3.0
732.2290610076294	0.021826700000019628	epochs	3.0
732.2508877076294	0.04332709999994222	epochs	2.0
732.2508877076294	0.021717599999988124	epochs	3.0
732.2726053076294	0.021609499999954096	epochs	3.0
732.2942148076294	0.04289900000003399	epochs	2.0
732.2942148076294	0.02150249999999687	epochs	3.0
732.3157173076294	0.021396500000037122	epochs	3.0
732.3371138076294	0.042479500000013104	epochs	2.0
732.3371138076294	0.02129170000000613	epochs	3.0
732.3584055076294	0.021187800000006973	epochs	3.0
732.3795933076294	0.042067900000006375	epochs	2.0
732.3795933076294	0.02108490000000529	epochs	3.0
732.4006782076294	0.020983000000001084	epochs	3.0
732.4216612076294	0.04166439999994509	epochs	2.0
732.4216612076294	0.020882199999959994	epochs	3.0
732.4425434076294	0.020782199999985096	epochs	3.0
732.4633256076294	0.04126850000000104	epochs	2.0
732.4633256076294	0.020683299999973315	epochs	3.0
732.4840089076293	0.020585200000027726	epochs	3.0
732.5045941076294	0.04088000000001557	epochs	2.0
732.5045941076294	0.020488099999965925	epochs	3.0
732.5250822076293	0.020391900000049645	epochs	3.0
732.5454741076294	0.04049880000002304	epochs	2.0
732.5454741076294	0.020296600000051512	epochs	3.0
732.5657707076294	0.020202199999971526	epochs	3.0
732.5859729076294	0.04012460000001283	epochs	2.0
732.5859729076294	0.02010870000003706	epochs	3.0
732.6060816076294	0.020015899999975773	epochs	3.0
732.6260975076294	0.03975730000001931	epochs	2.0
732.6260975076294	0.019924199999991288	epochs	3.0
732.6460217076294	0.019833100000028026	epochs	3.0
732.6658548076294	0.03939669999999751	epochs	2.0
732.6658548076294	0.01974299999994855	epochs	3.0
732.6855978076294	0.019653700000048957	epochs	3.0
732.7052515076294	0.03904239999997117	epochs	2.0
732.7052515076294	0.019565099999908853	epochs	3.0
732.7248166076294	0.019477300000062314	epochs	3.0
732.7442939076294	0.03869459999998526	epochs	2.0
732.7442939076294	0.019390400000020236	epochs	3.0
732.7636843076294	0.01930419999996502	epochs	3.0
732.7829885076294	0.03835289999994984	epochs	2.0
732.7829885076294	0.019218799999976	epochs	3.0
732.8022073076294	0.01913409999997384	epochs	3.0
732.8213414076293	0.03801720000001296	epochs	2.0
732.8213414076293	0.019050200000037876	epochs	3.0
732.8403916076294	0.018966999999975087	epochs	3.0
732.8593586076294	0.037687200000050325	epochs	2.0
732.8593586076294	0.01888450000001285	epochs	3.0
732.8782431076294	0.018802700000037476	epochs	3.0
732.8970458076294	0.03736309999999321	epochs	2.0
732.8970458076294	0.018721700000014607	epochs	3.0
732.9157675076294	0.018641399999978603	epochs	3.0
732.9344089076294	0.03704429999993408	epochs	2.0
732.9344089076294	0.01856159999999818	epochs	3.0
732.9529705076294	0.018482699999935903	epochs	3.0
732.9714532076293	0.0367310000000316	epochs	2.0
732.9714532076293	0.018404300000042895	epochs	3.0
732.9898575076294	0.018326699999988705	epochs	3.0
733.0081842076294	0.036422900000047775	epochs	2.0
733.0081842076294	0.018249599999990096	epochs	3.0
733.0264338076294	0.01817330000005768	epochs	3.0
733.0446071076294	0.03612009999994825	epochs	2.0
733.0446071076294	0.01809759999991911	epochs	3.0
733.0627047076293	0.01802250000002914	epochs	3.0
733.0807272076294	0.03582210000001851	epochs	2.0
733.0807272076294	0.017947900000081063	epochs	3.0
733.0986751076294	0.017874199999937446	epochs	3.0
733.1165493076294	0.03552899999999681	epochs	2.0
733.1165493076294	0.017800800000031813	epochs	3.0
733.1343501076294	0.017728199999965	epochs	3.0
733.1520783076294	0.03524070000003121	epochs	2.0
733.1520783076294	0.017656100000067454	epochs	3.0
733.1697344076294	0.017584599999963757	epochs	3.0
733.1873190076294	0.03495709999992869	epochs	2.0
733.1873190076294	0.01751369999999497	epochs	3.0
733.2048327076294	0.017443399999933717	epochs	3.0
733.2222761076293	0.03467790000001969	epochs	2.0
733.2222761076293	0.017373600000041733	epochs	3.0
733.2396497076294	0.017304299999977957	epochs	3.0
733.2569540076294	0.03440330000000813	epochs	2.0
733.2569540076294	0.01723570000001473	epochs	3.0
733.2741897076294	0.0171675999999934	epochs	3.0
733.2913573076294	0.0341328000000658	epochs	2.0
733.2913573076294	0.017099900000062007	epochs	3.0
733.3084572076294	0.017032900000003792	epochs	3.0
733.3254901076294	0.033866699999975935	epochs	2.0
733.3254901076294	0.01696640000000116	epochs	3.0
733.3424565076294	0.016900299999974777	epochs	3.0
733.3593568076294	0.03360459999998966	epochs	2.0
733.3593568076294	0.01683479999996962	epochs	3.0
733.3761916076294	0.01676980000002004	epochs	3.0
733.3929614076294	0.033346599999958926	epochs	2.0
733.3929614076294	0.016705300000012357	epochs	3.0
733.4096667076294	0.01664129999994657	epochs	3.0
733.4263080076294	0.03309250000006614	epochs	2.0
733.4263080076294	0.016577800000050047	epochs	3.0
733.4428858076294	0.01651470000001609	epochs	3.0
733.4594005076294	0.03284229999997024	epochs	2.0
733.4594005076294	0.01645220000000336	epochs	3.0
733.4758527076294	0.01639009999996688	epochs	3.0
733.4922428076294	0.03259570000000167	epochs	2.0
733.4922428076294	0.016328400000020338	epochs	3.0
733.5085712076294	0.016267299999981333	epochs	3.0
733.5248385076294	0.032352899999978035	epochs	2.0
733.5248385076294	0.016206600000032267	epochs	3.0
733.5410451076294	0.016146299999945768	epochs	3.0
733.5571914076294	0.03211369999996805	epochs	2.0
733.5571914076294	0.016086599999994178	epochs	3.0
733.5732780076294	0.01602709999997387	epochs	3.0
733.5893051076293	0.03187800000000607	epochs	2.0
733.5893051076293	0.015968200000088473	epochs	3.0
733.6052733076294	0.015909799999917595	epochs	3.0
733.6211831076293	0.031645700000012766	epochs	2.0
733.6211831076293	0.01585160000001906	epochs	3.0
733.6370347076294	0.015794099999993705	epochs	3.0
733.6528288076294	0.0314167000000225	epochs	2.0
733.6528288076294	0.015736700000047676	epochs	3.0
733.6685655076294	0.015679999999974825	epochs	3.0
733.6842455076294	0.031191100000000915	epochs	2.0
733.6842455076294	0.015623600000026272	epochs	3.0
733.6998691076294	0.015567499999974643	epochs	3.0
733.7154366076294	0.030968700000016725	epochs	2.0
733.7154366076294	0.015512000000057924	epochs	3.0
733.7309486076294	0.0154566999999588	epochs	3.0
733.7464053076294	0.030749499999956242	epochs	2.0
733.7464053076294	0.015401999999994587	epochs	3.0
733.7618073076294	0.015347499999961656	epochs	3.0
733.7771548076294	0.03053320000003623	epochs	2.0
733.7771548076294	0.015293400000018664	epochs	3.0
733.7924482076294	0.015239800000017567	epochs	3.0
733.8076880076294	0.03032010000003993	epochs	2.0
733.8076880076294	0.015186500000027081	epochs	3.0
733.8228745076294	0.015133600000012848	epochs	3.0
733.8380081076294	0.030109899999956724	epochs	2.0
733.8380081076294	0.015081000000009226	epochs	3.0
733.8530891076294	0.015028899999947498	epochs	3.0
733.8681180076294	0.02990250000004835	epochs	2.0
733.8681180076294	0.014977000000044427	epochs	3.0
733.8830950076294	0.014925500000003922	epochs	3.0
733.8980205076294	0.029698099999905025	epochs	2.0
733.8980205076294	0.01487439999993967	epochs	3.0
733.9128949076294	0.014823699999965356	epochs	3.0
733.9277186076293	0.02949630000000525	epochs	2.0
733.9277186076293	0.014773200000036013	epochs	3.0
733.9424918076294	0.014723099999969236	epochs	3.0
733.9572149076293	0.02929740000001857	epochs	2.0
733.9572149076293	0.014673399999992398	epochs	3.0
733.9718883076293	0.014624000000026172	epochs	3.0
733.9865123076294	0.029101100000048064	epochs	2.0
733.9865123076294	0.014574900000070556	epochs	3.0
734.0010872076294	0.014526199999977507	epochs	3.0
734.0156134076294	0.028907399999980044	epochs	2.0
734.0156134076294	0.014477699999929428	epochs	3.0
734.0300911076293	0.014429700000050616	epochs	3.0
734.0445208076294	0.028716199999962555	epochs	2.0
734.0445208076294	0.014381800000023759	epochs	3.0
734.0589026076294	0.014334399999938796	epochs	3.0
734.0732370076294	0.028527600000074926	epochs	2.0
734.0732370076294	0.01428720000001249	epochs	3.0
734.0875242076294	0.014240400000062436	epochs	3.0
734.1017646076294	0.028341399999931127	epochs	2.0
734.1017646076294	0.014193799999929979	epochs	3.0
734.1159584076294	0.014147600000001148	epochs	3.0
734.1301060076294	0.028157700000065233	epochs	2.0
734.1301060076294	0.014101700000082928	epochs	3.0
734.1442077076294	0.014055999999982305	epochs	3.0
734.1582637076294	0.027976299999977527	epochs	2.0
734.1582637076294	0.01401060000000598	epochs	3.0
734.1722743076294	0.013965699999971548	epochs	3.0
734.1862400076294	0.02779720000000907	epochs	2.0
734.1862400076294	0.013920799999937117	epochs	3.0
734.2001608076293	0.013876400000071953	epochs	3.0
734.2140372076294	0.027620399999932488	epochs	2.0
734.2140372076294	0.013832200000024386	epochs	3.0
734.2278694076294	0.013788199999908102	epochs	3.0
734.2416576076293	0.02744590000008884	epochs	2.0
734.2416576076293	0.013744599999995444	epochs	3.0
734.2554022076293	0.013701300000093397	epochs	3.0
734.2691035076294	0.027273499999978412	epochs	2.0
734.2691035076294	0.013658200000008947	epochs	3.0
734.2827617076294	0.013615299999969466	epochs	3.0
734.2963770076294	0.027103399999987232	epochs	2.0
734.2963770076294	0.013572800000019924	epochs	3.0
734.3099498076294	0.013530599999967308	epochs	3.0
734.3234804076294	0.02693520000002536	epochs	2.0
734.3234804076294	0.013488400000028378	epochs	3.0
734.3369688076294	0.013446799999996983	epochs	3.0
734.3504156076294	0.026769199999989723	epochs	2.0
734.3504156076294	0.013405199999965589	epochs	3.0
734.3638208076294	0.013364000000024134	epochs	3.0
734.3771848076294	0.026605199999949036	epochs	2.0
734.3771848076294	0.013322899999934634	epochs	3.0
734.3905077076294	0.013282300000014402	epochs	3.0
734.4037900076294	0.026443200000016986	epochs	2.0
734.4037900076294	0.013241699999980483	epochs	3.0
734.4170317076293	0.013201500000036503	epochs	3.0
734.4302332076294	0.0262831999999662	epochs	2.0
734.4302332076294	0.013161500000023807	epochs	3.0
734.4433947076294	0.013121699999942393	epochs	3.0
734.4565164076294	0.02612500000009277	epochs	2.0
734.4565164076294	0.013082100000019636	epochs	3.0
734.4695985076294	0.013042900000073132	epochs	3.0
734.4826414076294	0.025968899999952555	epochs	2.0
734.4826414076294	0.013003899999944224	epochs	3.0
734.4956453076294	0.012965000000008331	epochs	3.0
734.5086103076294	0.025814500000024054	epochs	2.0
734.5086103076294	0.012926399999969362	epochs	3.0
734.5215367076294	0.012888100000054692	epochs	3.0
734.5344248076294	0.025661899999931848	epochs	2.0
734.5344248076294	0.012849899999991976	epochs	3.0
734.5472747076294	0.012811999999939871	epochs	3.0
734.5600867076294	0.025511200000096323	epochs	2.0
734.5600867076294	0.012774400000012065	epochs	3.0
734.5728611076294	0.012736800000084258	epochs	3.0
734.5855979076294	0.025362299999983406	epochs	2.0
734.5855979076294	0.01269969999998466	epochs	3.0
734.5982976076294	0.012662599999998747	epochs	3.0
734.6109602076294	0.025215000000002874	epochs	2.0
734.6109602076294	0.01262579999990976	epochs	3.0
734.6235860076293	0.012589200000093115	epochs	3.0
734.6361752076294	0.024584799999956886	epochs	2.0
734.6593584076294	0.5	epochs	-1.0
734.6607600076294	0.5261600000000044	epochs	1.0
735.1869200076294	0.4737599999999702	epochs	0.0
750.1440000534058	0.1937599999999975	epochs	0.0
750.1440000534058	0.09188099999994392	epochs	1.0
750.2358810534057	0.009998000000109641	epochs	1.0
750.2458790534058	0.09188099999994392	epochs	1.0
750.3377600534058	2.0	epochs	0.0
752.3377600534058	21.999919999999975	epochs	0.0
752.3377600534058	1.0	epochs	1.0
752.3377984534058	0.5	epochs	-1.0
752.8377984534058	19.999040000000036	epochs	-1.0
753.3377600534058	20.0	epochs	1.0
753.3377600534058	4.356753900000058	epochs	-1.0
753.3377600534058	1.9745871999999736	epochs	2.0
753.3377600534058	1.0985621999999466	epochs	3.0
754.4363222534057	0.8760250000000269	epochs	3.0
755.3123472534057	1.3524075000000266	epochs	2.0
755.3123472534057	0.7286354999999958	epochs	3.0
756.0409827534057	0.6237720000000309	epochs	3.0
756.6647547534058	1.0297592000000577	epochs	2.0
756.6647547534058	0.5453293000000485	epochs	3.0
757.2100840534058	0.4844299000000092	epochs	3.0
757.6945139534058	0.8317861999998968	epochs	2.0
757.6945139534058	0.4357762999999295	epochs	3.0
758.1302902534057	0.3960098999999673	epochs	3.0
758.5263001534057	0.6977970000000369	epochs	2.0
758.5263001534057	0.3628982000000178	epochs	3.0
758.8891983534057	0.33489880000001904	epochs	3.0
759.2240971534058	0.601045699999986	epochs	2.0
759.2240971534058	0.3109123000000409	epochs	3.0
759.5350094534058	0.29013339999994514	epochs	3.0
759.8251428534057	0.5278859000000011	epochs	2.0
759.8251428534057	0.2719586000000618	epochs	3.0
760.0971014534058	0.25592729999993935	epochs	3.0
760.3530287534057	0.4706193000000667	epochs	2.0
760.3530287534057	0.241681299999982	epochs	3.0
760.5947100534057	0.22893800000008468	epochs	3.0
760.8236480534058	0.42457039999999324	epochs	2.0
760.8236480534058	0.2174713999999085	epochs	3.0
761.0411194534057	0.20709900000008474	epochs	3.0
761.2482184534058	0.3867353999999068	epochs	2.0
761.2482184534058	0.19767109999997956	epochs	3.0
761.4458895534058	0.18906429999992724	epochs	3.0
761.6349538534057	0.3550953000000163	epochs	2.0
761.6349538534057	0.18117590000008477	epochs	3.0
761.8161297534058	0.17391939999993156	epochs	3.0
761.9900491534057	0.3282431000000088	epochs	2.0
761.9900491534057	0.1672219000000723	epochs	3.0
762.1572710534058	0.16102119999993647	epochs	3.0
762.3182922534057	0.30516799999998057	epochs	2.0
762.3182922534057	0.15526390000002266	epochs	3.0
762.4735561534058	0.1499040999999579	epochs	3.0
762.6234602534057	0.28512530000000424	epochs	2.0
762.6234602534057	0.1449021000000812	epochs	3.0
762.7683623534058	0.14022319999992305	epochs	3.0
762.9085855534057	0.267553800000087	epochs	2.0
762.9085855534057	0.1358369000000721	epochs	3.0
763.0444224534058	0.1317169000000149	epochs	3.0
763.1761393534058	0.252022899999929	epochs	2.0
763.1761393534058	0.1278393000000051	epochs	3.0
763.3039786534058	0.1241835999999239	epochs	3.0
763.4281622534057	0.23819650000007186	epochs	2.0
763.4281622534057	0.12073110000005727	epochs	3.0
763.5488933534058	0.1174654000000146	epochs	3.0
763.6663587534058	0.2258087999999816	epochs	2.0
763.6663587534058	0.1143718999999237	epochs	3.0
763.7807306534057	0.1114369000000579	epochs	3.0
763.8921675534058	0.2146460000000161	epochs	2.0
763.8921675534058	0.10864889999993466	epochs	3.0
764.0008164534057	0.10599710000008145	epochs	3.0
764.1068135534058	0.20453499999996438	epochs	2.0
764.1068135534058	0.10347149999995509	epochs	3.0
764.2102850534058	0.1010635000000093	epochs	3.0
764.3113485534058	0.19533400000000256	epochs	2.0
764.3113485534058	0.09876510000003691	epochs	3.0
764.4101136534058	0.09656889999996565	epochs	3.0
764.5066825534058	0.18692529999998442	epochs	2.0
764.5066825534058	0.09446830000001682	epochs	3.0
764.6011508534058	0.09245699999996759	epochs	3.0
764.6936078534058	0.17921069999999872	epochs	2.0
764.6936078534058	0.09052959999996801	epochs	3.0
764.7841374534057	0.08868110000003071	epochs	3.0
764.8728185534058	0.17210769999996955	epochs	2.0
764.8728185534058	0.08690630000000965	epochs	3.0
764.9597248534058	0.0852013999999599	epochs	3.0
765.0449262534057	0.16554640000003928	epochs	2.0
765.0449262534057	0.08356190000006336	epochs	3.0
765.1284881534058	0.08198449999997592	epochs	3.0
765.2104726534058	0.15946710000002895	epochs	2.0
765.2104726534058	0.08046539999998004	epochs	3.0
765.2909380534057	0.07900170000004891	epochs	3.0
765.3699397534058	0.15381839999997737	epochs	2.0
765.3699397534058	0.07759009999995214	epochs	3.0
765.4475298534057	0.07622830000002523	epochs	3.0
765.5237581534058	0.14855639999996129	epochs	2.0
765.5237581534058	0.07491330000004837	epochs	3.0
765.5986714534058	0.07364309999991292	epochs	3.0
765.6723145534057	0.14364240000008976	epochs	2.0
765.6723145534057	0.07241499999997814	epochs	3.0
765.7447295534057	0.07122740000011163	epochs	3.0
765.8159569534058	0.13904309999998077	epochs	2.0
765.8159569534058	0.07007799999996678	epochs	3.0
765.8860349534058	0.06896510000001399	epochs	3.0
765.9550000534058	0.1347293000000036	epochs	2.0
765.9550000534058	0.0678871000000072	epochs	3.0
766.0228871534058	0.06684219999999641	epochs	3.0
766.0897293534058	0.13067519999992783	epochs	2.0
766.0897293534058	0.06582909999997355	epochs	3.0
766.1555584534058	0.06484609999995428	epochs	3.0
766.2204045534057	0.12685780000003888	epochs	2.0
766.2204045534057	0.06389200000000983	epochs	3.0
766.2842965534057	0.06296580000002905	epochs	3.0
766.3472623534058	0.12325720000001184	epochs	2.0
766.3472623534058	0.06206580000002759	epochs	3.0
766.4093281534058	0.06119139999998424	epochs	3.0
766.4705195534058	0.11985540000000583	epochs	2.0
766.4705195534058	0.060341099999959624	epochs	3.0
766.5308606534057	0.059514300000046205	epochs	3.0
766.5903749534058	0.11663620000001629	epochs	2.0
766.5903749534058	0.058709599999929196	epochs	3.0
766.6490845534057	0.05792660000008709	epochs	3.0
766.7070111534058	0.11358559999996487	epochs	2.0
766.7070111534058	0.05716419999998834	epochs	3.0
766.7641753534058	0.05642139999997653	epochs	3.0
766.8205967534058	0.11069050000003244	epochs	2.0
766.8205967534058	0.055697900000041045	epochs	3.0
766.8762946534058	0.0549925999999914	epochs	3.0
766.9312872534058	0.10793909999995321	epochs	2.0
766.9312872534058	0.05430489999992005	epochs	3.0
766.9855921534057	0.05363420000003316	epochs	3.0
767.0392263534058	0.10532150000005913	epochs	2.0
767.0392263534058	0.05298000000004777	epochs	3.0
767.0922063534058	0.052341500000011365	epochs	3.0
767.1445478534058	0.10282759999995505	epochs	2.0
767.1445478534058	0.051718099999902734	epochs	3.0
767.1962659534057	0.05110950000005232	epochs	3.0
767.2473754534058	0.10044909999999163	epochs	2.0
767.2473754534058	0.050514900000052876	epochs	3.0
767.2978903534058	0.049934199999938755	epochs	3.0
767.3478245534058	0.0981782999999723	epochs	2.0
767.3478245534058	0.04936659999998483	epochs	3.0
767.3971911534057	0.04881169999998747	epochs	3.0
767.4460028534057	0.09600780000005216	epochs	2.0
767.4460028534057	0.04826920000004975	epochs	3.0
767.4942720534058	0.04773860000000241	epochs	3.0
767.5420106534058	0.09393119999992905	epochs	2.0
767.5420106534058	0.04721949999998287	epochs	3.0
767.5892301534058	0.04671169999994618	epochs	3.0
767.6359418534057	0.09194260000003851	epochs	2.0
767.6359418534057	0.04621460000009847	epochs	3.0
767.6821564534058	0.04572799999994004	epochs	3.0
767.7278844534057	0.09003630000006524	epochs	2.0
767.7278844534057	0.04525150000006306	epochs	3.0
767.7731359534058	0.04478480000000218	epochs	3.0
767.8179207534058	0.08820759999991878	epochs	2.0
767.8179207534058	0.04432779999990544	epochs	3.0
767.8622485534057	0.04387980000001335	epochs	3.0
767.9061283534057	0.0864516999999978	epochs	2.0
767.9061283534057	0.04344100000002982	epochs	3.0
767.9495693534058	0.04301069999996798	epochs	3.0
767.9925800534057	0.0847643000000744	epochs	2.0
767.9925800534057	0.04258900000002086	epochs	3.0
768.0351690534058	0.04217530000005354	epochs	3.0
768.0773443534058	0.08314150000001064	epochs	2.0
768.0773443534058	0.041769699999917975	epochs	3.0
768.1191140534057	0.04137180000009266	epochs	3.0
768.1604858534058	0.08157969999990655	epochs	2.0
768.1604858534058	0.040981399999964196	epochs	3.0
768.2014672534058	0.040598299999942355	epochs	3.0
768.2420655534057	0.08007550000002084	epochs	2.0
768.2420655534057	0.04022229999998217	epochs	3.0
768.2822878534057	0.03985320000003867	epochs	3.0
768.3221410534057	0.07862569999997504	epochs	2.0
768.3221410534057	0.039490800000066884	epochs	3.0
768.3616318534058	0.03913489999990816	epochs	3.0
768.4007667534057	0.07722760000001472	epochs	2.0
768.4007667534057	0.038785400000051595	epochs	3.0
768.4395521534058	0.03844219999996312	epochs	3.0
768.4779943534057	0.07587820000003376	epochs	2.0
768.4779943534057	0.038104800000041905	epochs	3.0
768.5160991534058	0.03777339999999185	epochs	3.0
768.5538725534058	0.0745752000000266	epochs	2.0
768.5538725534058	0.03744770000002973	epochs	3.0
768.5913202534058	0.03712749999999687	epochs	3.0
768.6284477534058	0.07331629999998768	epochs	2.0
768.6284477534058	0.036812899999972615	epochs	3.0
768.6652606534058	0.03650340000001506	epochs	3.0
768.7017640534058	0.07209899999998015	epochs	2.0
768.7017640534058	0.03619909999997617	epochs	3.0
768.7379631534058	0.03589990000000398	epochs	3.0
768.7738630534058	0.07092169999998532	epochs	2.0
768.7738630534058	0.03560560000005353	epochs	3.0
768.8094686534058	0.035316099999931794	epochs	3.0
768.8447847534057	0.06978200000003199	epochs	2.0
768.8447847534057	0.03503120000004856	epochs	3.0
768.8798159534058	0.03475079999998343	epochs	3.0
768.9145667534058	0.06867859999999837	epochs	2.0
768.9145667534058	0.03447510000000875	epochs	3.0
768.9490418534058	0.03420349999998962	epochs	3.0
768.9832453534058	0.06760929999995824	epochs	2.0
768.9832453534058	0.033936199999970995	epochs	3.0
769.0171815534057	0.033673099999987244	epochs	3.0
769.0508546534057	0.06657289999998284	epochs	2.0
769.0508546534057	0.03341399999999339	epochs	3.0
769.0842686534057	0.033158899999989444	epochs	3.0
769.1174275534057	0.06556780000005347	epochs	2.0
769.1174275534057	0.032907700000009754	epochs	3.0
769.1503352534057	0.03266010000004371	epochs	3.0
769.1829953534058	0.06459259999996902	epochs	2.0
769.1829953534058	0.032416399999988244	epochs	3.0
769.2154117534058	0.03217619999998078	epochs	3.0
769.2475879534057	0.06364600000006249	epochs	2.0
769.2475879534057	0.03193959999998697	epochs	3.0
769.2795275534057	0.03170640000007552	epochs	3.0
769.3112339534058	0.0627266999999847	epochs	2.0
769.3112339534058	0.031476599999905375	epochs	3.0
769.3427105534057	0.03125010000007933	epochs	3.0
769.3739606534058	0.06183359999999993	epochs	2.0
769.3739606534058	0.031026900000028945	epochs	3.0
769.4049875534058	0.030806699999970988	epochs	3.0
769.4357942534058	0.06096560000003137	epochs	2.0
769.4357942534058	0.030589800000029754	epochs	3.0
769.4663840534058	0.030375800000001618	epochs	3.0
769.4967598534058	0.06012159999988853	epochs	2.0
769.4967598534058	0.03016489999993155	epochs	3.0
769.5269247534058	0.02995669999995698	epochs	3.0
769.5568814534057	0.05930070000010801	epochs	2.0
769.5568814534057	0.029751600000054168	epochs	3.0
769.5866330534058	0.02954910000005384	epochs	3.0
769.6161821534058	0.05850179999993088	epochs	2.0
769.6161821534058	0.02934940000000097	epochs	3.0
769.6455315534058	0.029152399999929912	epochs	3.0
769.6746839534057	0.057724200000052406	epochs	2.0
769.6746839534057	0.028957999999988715	epochs	3.0
769.7036419534057	0.02876620000006369	epochs	3.0
769.7324081534058	0.05696709999995164	epochs	2.0
769.7324081534058	0.028576999999927466	epochs	3.0
769.7609851534057	0.028390100000024177	epochs	3.0
769.7893752534058	0.05622949999997218	epochs	2.0
769.7893752534058	0.028205700000057732	epochs	3.0
769.8175809534058	0.028023799999914445	epochs	3.0
769.8456047534057	0.05551070000001346	epochs	2.0
769.8456047534057	0.02784400000007281	epochs	3.0
769.8734487534058	0.027666699999940647	epochs	3.0
769.9011154534057	0.054810200000019904	epochs	2.0
769.9011154534057	0.02749149999999645	epochs	3.0
769.9286069534057	0.027318700000023455	epochs	3.0
769.9559256534058	0.05412699999999404	epochs	2.0
769.9559256534058	0.027147799999966082	epochs	3.0
769.9830734534057	0.02697920000002796	epochs	3.0
770.0100526534058	0.053460699999959616	epochs	2.0
770.0100526534058	0.0268125999999711	epochs	3.0
770.0368652534057	0.026648099999988517	epochs	3.0
770.0635133534057	0.05281070000000909	epochs	2.0
770.0635133534057	0.026485600000000886	epochs	3.0
770.0899989534057	0.026325100000008206	epochs	3.0
770.1163240534057	0.05217620000007628	epochs	2.0
770.1163240534057	0.026166400000079193	epochs	3.0
770.1424904534058	0.026009799999997085	epochs	3.0
770.1685002534058	0.051556699999991906	epochs	2.0
770.1685002534058	0.025854799999933675	epochs	3.0
770.1943550534057	0.02570190000005823	epochs	3.0
770.2200569534058	0.05095189999997274	epochs	2.0
770.2200569534058	0.025550699999939752	epochs	3.0
770.2456076534057	0.025401200000032986	epochs	3.0
770.2710088534058	0.05036099999995258	epochs	2.0
770.2710088534058	0.025253499999962514	epochs	3.0
770.2962623534057	0.02510749999999007	epochs	3.0
770.3213698534057	0.049783800000000156	epochs	2.0
770.3213698534057	0.02496320000000196	epochs	3.0
770.3463330534057	0.024820599999998194	epochs	3.0
770.3711536534057	0.049219500000049266	epochs	2.0
770.3711536534057	0.02467940000008184	epochs	3.0
770.3958330534058	0.024540099999967424	epochs	3.0
770.4203731534058	0.04866790000005494	epochs	2.0
770.4203731534058	0.02440209999997478	epochs	3.0
770.4447752534057	0.024265800000080162	epochs	3.0
770.4690410534058	0.048128599999927246	epochs	2.0
770.4690410534058	0.02413099999989754	epochs	3.0
770.4931720534057	0.023997600000029706	epochs	3.0
770.5171696534057	0.047601100000065344	epochs	2.0
770.5171696534057	0.023865800000066884	epochs	3.0
770.5410354534058	0.02373529999999846	epochs	3.0
770.5647707534058	0.04708499999992455	epochs	2.0
770.5647707534058	0.023606299999983094	epochs	3.0
770.5883770534058	0.023478699999941455	epochs	3.0
770.6118557534057	0.04658000000006268	epochs	2.0
770.6118557534057	0.02335249999998723	epochs	3.0
770.6352082534057	0.02322750000007545	epochs	3.0
770.6584357534058	0.04608569999993506	epochs	2.0
770.6584357534058	0.023103999999989355	epochs	3.0
770.6815397534058	0.022981699999945704	epochs	3.0
770.7045214534057	0.045601799999985815	epochs	2.0
770.7045214534057	0.022860700000023826	epochs	3.0
770.7273821534058	0.02274109999996199	epochs	3.0
770.7501232534057	0.04512790000001132	epochs	2.0
770.7501232534057	0.022622500000011314	epochs	3.0
770.7727457534057	0.02250540000000001	epochs	3.0
770.7952511534057	0.0446638000000803	epochs	2.0
770.7952511534057	0.02238929999998618	epochs	3.0
770.8176404534057	0.022274500000094122	epochs	3.0
770.8399149534058	0.04420919999995476	epochs	2.0
770.8399149534058	0.022160799999937808	epochs	3.0
770.8620757534057	0.022048400000016954	epochs	3.0
770.8841241534058	0.043763600000033875	epochs	2.0
770.8841241534058	0.021936900000014248	epochs	3.0
770.9060610534058	0.021826700000019628	epochs	3.0
770.9278877534058	0.04332709999994222	epochs	2.0
770.9278877534058	0.021717599999988124	epochs	3.0
770.9496053534058	0.021609499999954096	epochs	3.0
770.9712148534057	0.04289900000003399	epochs	2.0
770.9712148534057	0.02150249999999687	epochs	3.0
770.9927173534057	0.021396500000037122	epochs	3.0
771.0141138534058	0.042479500000013104	epochs	2.0
771.0141138534058	0.02129170000000613	epochs	3.0
771.0354055534058	0.021187800000006973	epochs	3.0
771.0565933534058	0.042067900000006375	epochs	2.0
771.0565933534058	0.02108490000000529	epochs	3.0
771.0776782534058	0.020983000000001084	epochs	3.0
771.0986612534058	0.04166439999994509	epochs	2.0
771.0986612534058	0.020882199999959994	epochs	3.0
771.1195434534058	0.020782199999985096	epochs	3.0
771.1403256534057	0.04126850000000104	epochs	2.0
771.1403256534057	0.020683299999973315	epochs	3.0
771.1610089534057	0.020585200000027726	epochs	3.0
771.1815941534057	0.04088000000001557	epochs	2.0
771.1815941534057	0.020488099999965925	epochs	3.0
771.2020822534057	0.020391900000049645	epochs	3.0
771.2224741534058	0.04049880000002304	epochs	2.0
771.2224741534058	0.020296600000051512	epochs	3.0
771.2427707534058	0.020202199999971526	epochs	3.0
771.2629729534058	0.04012460000001283	epochs	2.0
771.2629729534058	0.02010870000003706	epochs	3.0
771.2830816534058	0.020015899999975773	epochs	3.0
771.3030975534058	0.03975730000001931	epochs	2.0
771.3030975534058	0.019924199999991288	epochs	3.0
771.3230217534058	0.019833100000028026	epochs	3.0
771.3428548534058	0.03939669999999751	epochs	2.0
771.3428548534058	0.01974299999994855	epochs	3.0
771.3625978534058	0.019653700000048957	epochs	3.0
771.3822515534058	0.03904239999997117	epochs	2.0
771.3822515534058	0.019565099999908853	epochs	3.0
771.4018166534057	0.019477300000062314	epochs	3.0
771.4212939534058	0.03869459999998526	epochs	2.0
771.4212939534058	0.019390400000020236	epochs	3.0
771.4406843534058	0.01930419999996502	epochs	3.0
771.4599885534058	0.03835289999994984	epochs	2.0
771.4599885534058	0.019218799999976	epochs	3.0
771.4792073534057	0.01913409999997384	epochs	3.0
771.4983414534057	0.03801720000001296	epochs	2.0
771.4983414534057	0.019050200000037876	epochs	3.0
771.5173916534058	0.018966999999975087	epochs	3.0
771.5363586534057	0.037687200000050325	epochs	2.0
771.5363586534057	0.01888450000001285	epochs	3.0
771.5552431534057	0.018802700000037476	epochs	3.0
771.5740458534058	0.03736309999999321	epochs	2.0
771.5740458534058	0.018721700000014607	epochs	3.0
771.5927675534058	0.018641399999978603	epochs	3.0
771.6114089534058	0.03704429999993408	epochs	2.0
771.6114089534058	0.01856159999999818	epochs	3.0
771.6299705534058	0.018482699999935903	epochs	3.0
771.6484532534057	0.0367310000000316	epochs	2.0
771.6484532534057	0.018404300000042895	epochs	3.0
771.6668575534057	0.018326699999988705	epochs	3.0
771.6851842534057	0.036422900000047775	epochs	2.0
771.6851842534057	0.018249599999990096	epochs	3.0
771.7034338534057	0.01817330000005768	epochs	3.0
771.7216071534058	0.03612009999994825	epochs	2.0
771.7216071534058	0.01809759999991911	epochs	3.0
771.7397047534057	0.01802250000002914	epochs	3.0
771.7577272534057	0.03582210000001851	epochs	2.0
771.7577272534057	0.017947900000081063	epochs	3.0
771.7756751534058	0.017874199999937446	epochs	3.0
771.7935493534058	0.03552899999999681	epochs	2.0
771.7935493534058	0.017800800000031813	epochs	3.0
771.8113501534058	0.017728199999965	epochs	3.0
771.8290783534057	0.03524070000003121	epochs	2.0
771.8290783534057	0.017656100000067454	epochs	3.0
771.8467344534058	0.017584599999963757	epochs	3.0
771.8643190534058	0.03495709999992869	epochs	2.0
771.8643190534058	0.01751369999999497	epochs	3.0
771.8818327534058	0.017443399999933717	epochs	3.0
771.8992761534057	0.03467790000001969	epochs	2.0
771.8992761534057	0.017373600000041733	epochs	3.0
771.9166497534057	0.017304299999977957	epochs	3.0
771.9339540534057	0.03440330000000813	epochs	2.0
771.9339540534057	0.01723570000001473	epochs	3.0
771.9511897534057	0.0171675999999934	epochs	3.0
771.9683573534057	0.0341328000000658	epochs	2.0
771.9683573534057	0.017099900000062007	epochs	3.0
771.9854572534058	0.017032900000003792	epochs	3.0
772.0024901534058	0.033866699999975935	epochs	2.0
772.0024901534058	0.01696640000000116	epochs	3.0
772.0194565534058	0.016900299999974777	epochs	3.0
772.0363568534058	0.03360459999998966	epochs	2.0
772.0363568534058	0.01683479999996962	epochs	3.0
772.0531916534057	0.01676980000002004	epochs	3.0
772.0699614534058	0.033346599999958926	epochs	2.0
772.0699614534058	0.016705300000012357	epochs	3.0
772.0866667534058	0.01664129999994657	epochs	3.0
772.1033080534057	0.03309250000006614	epochs	2.0
772.1033080534057	0.016577800000050047	epochs	3.0
772.1198858534058	0.01651470000001609	epochs	3.0
772.1364005534058	0.03284229999997024	epochs	2.0
772.1364005534058	0.01645220000000336	epochs	3.0
772.1528527534058	0.01639009999996688	epochs	3.0
772.1692428534058	0.03259570000000167	epochs	2.0
772.1692428534058	0.016328400000020338	epochs	3.0
772.1855712534058	0.016267299999981333	epochs	3.0
772.2018385534058	0.032352899999978035	epochs	2.0
772.2018385534058	0.016206600000032267	epochs	3.0
772.2180451534058	0.016146299999945768	epochs	3.0
772.2341914534057	0.03211369999996805	epochs	2.0
772.2341914534057	0.016086599999994178	epochs	3.0
772.2502780534057	0.01602709999997387	epochs	3.0
772.2663051534057	0.03187800000000607	epochs	2.0
772.2663051534057	0.015968200000088473	epochs	3.0
772.2822733534058	0.015909799999917595	epochs	3.0
772.2981831534057	0.031645700000012766	epochs	2.0
772.2981831534057	0.01585160000001906	epochs	3.0
772.3140347534057	0.015794099999993705	epochs	3.0
772.3298288534057	0.0314167000000225	epochs	2.0
772.3298288534057	0.015736700000047676	epochs	3.0
772.3455655534058	0.015679999999974825	epochs	3.0
772.3612455534058	0.031191100000000915	epochs	2.0
772.3612455534058	0.015623600000026272	epochs	3.0
772.3768691534058	0.015567499999974643	epochs	3.0
772.3924366534058	0.030968700000016725	epochs	2.0
772.3924366534058	0.015512000000057924	epochs	3.0
772.4079486534058	0.0154566999999588	epochs	3.0
772.4234053534058	0.030749499999956242	epochs	2.0
772.4234053534058	0.015401999999994587	epochs	3.0
772.4388073534058	0.015347499999961656	epochs	3.0
772.4541548534057	0.03053320000003623	epochs	2.0
772.4541548534057	0.015293400000018664	epochs	3.0
772.4694482534057	0.015239800000017567	epochs	3.0
772.4846880534058	0.03032010000003993	epochs	2.0
772.4846880534058	0.015186500000027081	epochs	3.0
772.4998745534058	0.015133600000012848	epochs	3.0
772.5150081534058	0.030109899999956724	epochs	2.0
772.5150081534058	0.015081000000009226	epochs	3.0
772.5300891534058	0.015028899999947498	epochs	3.0
772.5451180534058	0.02990250000004835	epochs	2.0
772.5451180534058	0.014977000000044427	epochs	3.0
772.5600950534058	0.014925500000003922	epochs	3.0
772.5750205534058	0.029698099999905025	epochs	2.0
772.5750205534058	0.01487439999993967	epochs	3.0
772.5898949534057	0.014823699999965356	epochs	3.0
772.6047186534057	0.02949630000000525	epochs	2.0
772.6047186534057	0.014773200000036013	epochs	3.0
772.6194918534057	0.014723099999969236	epochs	3.0
772.6342149534057	0.02929740000001857	epochs	2.0
772.6342149534057	0.014673399999992398	epochs	3.0
772.6488883534057	0.014624000000026172	epochs	3.0
772.6635123534057	0.029101100000048064	epochs	2.0
772.6635123534057	0.014574900000070556	epochs	3.0
772.6780872534058	0.014526199999977507	epochs	3.0
772.6926134534058	0.028907399999980044	epochs	2.0
772.6926134534058	0.014477699999929428	epochs	3.0
772.7070911534057	0.014429700000050616	epochs	3.0
772.7215208534058	0.028716199999962555	epochs	2.0
772.7215208534058	0.014381800000023759	epochs	3.0
772.7359026534058	0.014334399999938796	epochs	3.0
772.7502370534057	0.028527600000074926	epochs	2.0
772.7502370534057	0.01428720000001249	epochs	3.0
772.7645242534057	0.014240400000062436	epochs	3.0
772.7787646534058	0.028341399999931127	epochs	2.0
772.7787646534058	0.014193799999929979	epochs	3.0
772.7929584534057	0.014147600000001148	epochs	3.0
772.8071060534057	0.028157700000065233	epochs	2.0
772.8071060534057	0.014101700000082928	epochs	3.0
772.8212077534058	0.014055999999982305	epochs	3.0
772.8352637534058	0.027976299999977527	epochs	2.0
772.8352637534058	0.01401060000000598	epochs	3.0
772.8492743534058	0.013965699999971548	epochs	3.0
772.8632400534058	0.02779720000000907	epochs	2.0
772.8632400534058	0.013920799999937117	epochs	3.0
772.8771608534057	0.013876400000071953	epochs	3.0
772.8910372534058	0.027620399999932488	epochs	2.0
772.8910372534058	0.013832200000024386	epochs	3.0
772.9048694534058	0.013788199999908102	epochs	3.0
772.9186576534057	0.02744590000008884	epochs	2.0
772.9186576534057	0.013744599999995444	epochs	3.0
772.9324022534057	0.013701300000093397	epochs	3.0
772.9461035534058	0.027273499999978412	epochs	2.0
772.9461035534058	0.013658200000008947	epochs	3.0
772.9597617534058	0.013615299999969466	epochs	3.0
772.9733770534058	0.027103399999987232	epochs	2.0
772.9733770534058	0.013572800000019924	epochs	3.0
772.9869498534058	0.013530599999967308	epochs	3.0
773.0004804534058	0.02693520000002536	epochs	2.0
773.0004804534058	0.013488400000028378	epochs	3.0
773.0139688534058	0.013446799999996983	epochs	3.0
773.0274156534058	0.026769199999989723	epochs	2.0
773.0274156534058	0.013405199999965589	epochs	3.0
773.0408208534058	0.013364000000024134	epochs	3.0
773.0541848534058	0.026605199999949036	epochs	2.0
773.0541848534058	0.013322899999934634	epochs	3.0
773.0675077534057	0.013282300000014402	epochs	3.0
773.0807900534057	0.026443200000016986	epochs	2.0
773.0807900534057	0.013241699999980483	epochs	3.0
773.0940317534057	0.013201500000036503	epochs	3.0
773.1072332534058	0.0262831999999662	epochs	2.0
773.1072332534058	0.013161500000023807	epochs	3.0
773.1203947534058	0.013121699999942393	epochs	3.0
773.1335164534057	0.02612500000009277	epochs	2.0
773.1335164534057	0.013082100000019636	epochs	3.0
773.1465985534057	0.013042900000073132	epochs	3.0
773.1596414534058	0.025968899999952555	epochs	2.0
773.1596414534058	0.013003899999944224	epochs	3.0
773.1726453534058	0.012965000000008331	epochs	3.0
773.1856103534058	0.025814500000024054	epochs	2.0
773.1856103534058	0.012926399999969362	epochs	3.0
773.1985367534057	0.012888100000054692	epochs	3.0
773.2114248534058	0.025661899999931848	epochs	2.0
773.2114248534058	0.012849899999991976	epochs	3.0
773.2242747534058	0.012811999999939871	epochs	3.0
773.2370867534057	0.025511200000096323	epochs	2.0
773.2370867534057	0.012774400000012065	epochs	3.0
773.2498611534057	0.012736800000084258	epochs	3.0
773.2625979534058	0.025362299999983406	epochs	2.0
773.2625979534058	0.01269969999998466	epochs	3.0
773.2752976534058	0.012662599999998747	epochs	3.0
773.2879602534058	0.025215000000002874	epochs	2.0
773.2879602534058	0.01262579999990976	epochs	3.0
773.3005860534057	0.012589200000093115	epochs	3.0
773.3131752534058	0.024584799999956886	epochs	2.0
773.3368384534058	0.5	epochs	-1.0
773.3377600534058	0.9999199999999746	epochs	1.0
773.8368384534058	0.5	epochs	-1.0
775.4249997138977	0.1937599999999975	epochs	0.0
775.4249997138977	0.09188099999994392	epochs	1.0
775.5168807138976	0.009998000000109641	epochs	1.0
775.5268787138978	0.09188099999994392	epochs	1.0
775.6187597138977	2.0	epochs	0.0
777.6187597138977	0.506240000000048	epochs	0.0
777.6187597138977	0.506240000000048	epochs	1.0
777.6187981138977	0.5	epochs	-1.0
778.1187981138977	0.006201600000053986	epochs	-1.0
778.1249997138978	21.493679999999927	epochs	0.0
779.2249999046326	0.1937599999999975	epochs	0.0
779.2249999046326	0.09188099999994392	epochs	1.0
779.3168809046325	0.009998000000109641	epochs	1.0
779.3268789046326	0.09188099999994392	epochs	1.0
779.4187599046326	2.0	epochs	0.0
781.4187599046326	5.405999999999949	epochs	0.0
781.4187599046326	1.0	epochs	1.0
781.4187983046326	0.5	epochs	-1.0
781.9187983046326	4.905961599999955	epochs	-1.0
782.4187599046326	4.405999999999949	epochs	1.0
782.4187599046326	4.356753900000058	epochs	-1.0
782.4187599046326	1.9745871999999736	epochs	2.0
782.4187599046326	1.0985621999999466	epochs	3.0
783.5173221046325	0.8760250000000269	epochs	3.0
784.3933471046325	1.3524075000000266	epochs	2.0
784.3933471046325	0.7286354999999958	epochs	3.0
785.1219826046325	0.6237720000000309	epochs	3.0
785.7457546046326	1.0297592000000577	epochs	2.0
785.7457546046326	0.5453293000000485	epochs	3.0
786.2910839046326	0.4844299000000092	epochs	3.0
786.7755138046326	0.04924609999989116	epochs	2.0
786.7755138046326	0.04924609999989116	epochs	3.0
786.8247599046325	16.593920000000026	epochs	0.0
787.8729996681213	0.1937599999999975	epochs	0.0
787.8729996681213	0.09188099999994392	epochs	1.0
787.9648806681213	0.009998000000109641	epochs	1.0
787.9748786681214	0.09188099999994392	epochs	1.0
788.0667596681213	2.0	epochs	0.0
790.0667596681213	21.506160000000023	epochs	0.0
790.0667596681213	1.0	epochs	1.0
790.0667980681213	0.5	epochs	-1.0
790.5667980681213	19.99872000000005	epochs	-1.0
791.0667596681213	20.0	epochs	1.0
791.0667596681213	4.356753900000058	epochs	-1.0
791.0667596681213	1.9745871999999736	epochs	2.0
791.0667596681213	1.0985621999999466	epochs	3.0
792.1653218681213	0.8760250000000269	epochs	3.0
793.0413468681213	1.3524075000000266	epochs	2.0
793.0413468681213	0.7286354999999958	epochs	3.0
793.7699823681213	0.6237720000000309	epochs	3.0
794.3937543681213	1.0297592000000577	epochs	2.0
794.3937543681213	0.5453293000000485	epochs	3.0
794.9390836681214	0.4844299000000092	epochs	3.0
795.4235135681214	0.8317861999998968	epochs	2.0
795.4235135681214	0.4357762999999295	epochs	3.0
795.8592898681213	0.3960098999999673	epochs	3.0
796.2552997681213	0.6977970000000369	epochs	2.0
796.2552997681213	0.3628982000000178	epochs	3.0
796.6181979681213	0.33489880000001904	epochs	3.0
796.9530967681213	0.601045699999986	epochs	2.0
796.9530967681213	0.3109123000000409	epochs	3.0
797.2640090681214	0.29013339999994514	epochs	3.0
797.5541424681213	0.5278859000000011	epochs	2.0
797.5541424681213	0.2719586000000618	epochs	3.0
797.8261010681214	0.25592729999993935	epochs	3.0
798.0820283681213	0.4706193000000667	epochs	2.0
798.0820283681213	0.241681299999982	epochs	3.0
798.3237096681213	0.22893800000008468	epochs	3.0
798.5526476681214	0.42457039999999324	epochs	2.0
798.5526476681214	0.2174713999999085	epochs	3.0
798.7701190681213	0.20709900000008474	epochs	3.0
798.9772180681214	0.3867353999999068	epochs	2.0
798.9772180681214	0.19767109999997956	epochs	3.0
799.1748891681214	0.18906429999992724	epochs	3.0
799.3639534681213	0.3550953000000163	epochs	2.0
799.3639534681213	0.18117590000008477	epochs	3.0
799.5451293681214	0.17391939999993156	epochs	3.0
799.7190487681213	0.3282431000000088	epochs	2.0
799.7190487681213	0.1672219000000723	epochs	3.0
799.8862706681214	0.16102119999993647	epochs	3.0
800.0472918681213	0.30516799999998057	epochs	2.0
800.0472918681213	0.15526390000002266	epochs	3.0
800.2025557681213	0.1499040999999579	epochs	3.0
800.3524598681213	0.28512530000000424	epochs	2.0
800.3524598681213	0.1449021000000812	epochs	3.0
800.4973619681214	0.14022319999992305	epochs	3.0
800.6375851681213	0.267553800000087	epochs	2.0
800.6375851681213	0.1358369000000721	epochs	3.0
800.7734220681214	0.1317169000000149	epochs	3.0
800.9051389681214	0.252022899999929	epochs	2.0
800.9051389681214	0.1278393000000051	epochs	3.0
801.0329782681214	0.1241835999999239	epochs	3.0
801.1571618681213	0.23819650000007186	epochs	2.0
801.1571618681213	0.12073110000005727	epochs	3.0
801.2778929681214	0.1174654000000146	epochs	3.0
801.3953583681214	0.2258087999999816	epochs	2.0
801.3953583681214	0.1143718999999237	epochs	3.0
801.5097302681213	0.1114369000000579	epochs	3.0
801.6211671681214	0.2146460000000161	epochs	2.0
801.6211671681214	0.10864889999993466	epochs	3.0
801.7298160681213	0.10599710000008145	epochs	3.0
801.8358131681214	0.20453499999996438	epochs	2.0
801.8358131681214	0.10347149999995509	epochs	3.0
801.9392846681213	0.1010635000000093	epochs	3.0
802.0403481681213	0.19533400000000256	epochs	2.0
802.0403481681213	0.09876510000003691	epochs	3.0
802.1391132681214	0.09656889999996565	epochs	3.0
802.2356821681213	0.18692529999998442	epochs	2.0
802.2356821681213	0.09446830000001682	epochs	3.0
802.3301504681214	0.09245699999996759	epochs	3.0
802.4226074681213	0.17921069999999872	epochs	2.0
802.4226074681213	0.09052959999996801	epochs	3.0
802.5131370681213	0.08868110000003071	epochs	3.0
802.6018181681213	0.17210769999996955	epochs	2.0
802.6018181681213	0.08690630000000965	epochs	3.0
802.6887244681213	0.0852013999999599	epochs	3.0
802.7739258681213	0.16554640000003928	epochs	2.0
802.7739258681213	0.08356190000006336	epochs	3.0
802.8574877681214	0.08198449999997592	epochs	3.0
802.9394722681213	0.15946710000002895	epochs	2.0
802.9394722681213	0.08046539999998004	epochs	3.0
803.0199376681213	0.07900170000004891	epochs	3.0
803.0989393681214	0.15381839999997737	epochs	2.0
803.0989393681214	0.07759009999995214	epochs	3.0
803.1765294681213	0.07622830000002523	epochs	3.0
803.2527577681213	0.14855639999996129	epochs	2.0
803.2527577681213	0.07491330000004837	epochs	3.0
803.3276710681214	0.07364309999991292	epochs	3.0
803.4013141681213	0.14364240000008976	epochs	2.0
803.4013141681213	0.07241499999997814	epochs	3.0
803.4737291681213	0.07122740000011163	epochs	3.0
803.5449565681214	0.13904309999998077	epochs	2.0
803.5449565681214	0.07007799999996678	epochs	3.0
803.6150345681214	0.06896510000001399	epochs	3.0
803.6839996681214	0.1347293000000036	epochs	2.0
803.6839996681214	0.0678871000000072	epochs	3.0
803.7518867681214	0.06684219999999641	epochs	3.0
803.8187289681214	0.13067519999992783	epochs	2.0
803.8187289681214	0.06582909999997355	epochs	3.0
803.8845580681214	0.06484609999995428	epochs	3.0
803.9494041681213	0.12685780000003888	epochs	2.0
803.9494041681213	0.06389200000000983	epochs	3.0
804.0132961681213	0.06296580000002905	epochs	3.0
804.0762619681213	0.12325720000001184	epochs	2.0
804.0762619681213	0.06206580000002759	epochs	3.0
804.1383277681214	0.06119139999998424	epochs	3.0
804.1995191681214	0.11985540000000583	epochs	2.0
804.1995191681214	0.060341099999959624	epochs	3.0
804.2598602681213	0.059514300000046205	epochs	3.0
804.3193745681214	0.11663620000001629	epochs	2.0
804.3193745681214	0.058709599999929196	epochs	3.0
804.3780841681213	0.05792660000008709	epochs	3.0
804.4360107681214	0.11358559999996487	epochs	2.0
804.4360107681214	0.05716419999998834	epochs	3.0
804.4931749681214	0.05642139999997653	epochs	3.0
804.5495963681213	0.11069050000003244	epochs	2.0
804.5495963681213	0.055697900000041045	epochs	3.0
804.6052942681214	0.0549925999999914	epochs	3.0
804.6602868681214	0.10793909999995321	epochs	2.0
804.6602868681214	0.05430489999992005	epochs	3.0
804.7145917681213	0.05363420000003316	epochs	3.0
804.7682259681213	0.10532150000005913	epochs	2.0
804.7682259681213	0.05298000000004777	epochs	3.0
804.8212059681214	0.052341500000011365	epochs	3.0
804.8735474681214	0.10282759999995505	epochs	2.0
804.8735474681214	0.051718099999902734	epochs	3.0
804.9252655681213	0.05110950000005232	epochs	3.0
804.9763750681213	0.10044909999999163	epochs	2.0
804.9763750681213	0.050514900000052876	epochs	3.0
805.0268899681214	0.049934199999938755	epochs	3.0
805.0768241681213	0.0981782999999723	epochs	2.0
805.0768241681213	0.04936659999998483	epochs	3.0
805.1261907681213	0.04881169999998747	epochs	3.0
805.1750024681213	0.09600780000005216	epochs	2.0
805.1750024681213	0.04826920000004975	epochs	3.0
805.2232716681214	0.04773860000000241	epochs	3.0
805.2710102681214	0.09393119999992905	epochs	2.0
805.2710102681214	0.04721949999998287	epochs	3.0
805.3182297681213	0.04671169999994618	epochs	3.0
805.3649414681213	0.09194260000003851	epochs	2.0
805.3649414681213	0.04621460000009847	epochs	3.0
805.4111560681214	0.04572799999994004	epochs	3.0
805.4568840681213	0.09003630000006524	epochs	2.0
805.4568840681213	0.04525150000006306	epochs	3.0
805.5021355681214	0.04478480000000218	epochs	3.0
805.5469203681214	0.08820759999991878	epochs	2.0
805.5469203681214	0.04432779999990544	epochs	3.0
805.5912481681213	0.04387980000001335	epochs	3.0
805.6351279681213	0.0864516999999978	epochs	2.0
805.6351279681213	0.04344100000002982	epochs	3.0
805.6785689681213	0.04301069999996798	epochs	3.0
805.7215796681213	0.0847643000000744	epochs	2.0
805.7215796681213	0.04258900000002086	epochs	3.0
805.7641686681213	0.04217530000005354	epochs	3.0
805.8063439681214	0.08314150000001064	epochs	2.0
805.8063439681214	0.041769699999917975	epochs	3.0
805.8481136681213	0.04137180000009266	epochs	3.0
805.8894854681214	0.08157969999990655	epochs	2.0
805.8894854681214	0.040981399999964196	epochs	3.0
805.9304668681214	0.040598299999942355	epochs	3.0
805.9710651681213	0.08007550000002084	epochs	2.0
805.9710651681213	0.04022229999998217	epochs	3.0
806.0112874681213	0.03985320000003867	epochs	3.0
806.0511406681213	0.07862569999997504	epochs	2.0
806.0511406681213	0.039490800000066884	epochs	3.0
806.0906314681214	0.03913489999990816	epochs	3.0
806.1297663681213	0.07722760000001472	epochs	2.0
806.1297663681213	0.038785400000051595	epochs	3.0
806.1685517681213	0.03844219999996312	epochs	3.0
806.2069939681213	0.07587820000003376	epochs	2.0
806.2069939681213	0.038104800000041905	epochs	3.0
806.2450987681214	0.03777339999999185	epochs	3.0
806.2828721681213	0.0745752000000266	epochs	2.0
806.2828721681213	0.03744770000002973	epochs	3.0
806.3203198681214	0.03712749999999687	epochs	3.0
806.3574473681214	0.07331629999998768	epochs	2.0
806.3574473681214	0.036812899999972615	epochs	3.0
806.3942602681213	0.03650340000001506	epochs	3.0
806.4307636681214	0.07209899999998015	epochs	2.0
806.4307636681214	0.03619909999997617	epochs	3.0
806.4669627681213	0.03589990000000398	epochs	3.0
806.5028626681213	0.07092169999998532	epochs	2.0
806.5028626681213	0.03560560000005353	epochs	3.0
806.5384682681214	0.035316099999931794	epochs	3.0
806.5737843681213	0.06978200000003199	epochs	2.0
806.5737843681213	0.03503120000004856	epochs	3.0
806.6088155681214	0.03475079999998343	epochs	3.0
806.6435663681214	0.06867859999999837	epochs	2.0
806.6435663681214	0.03447510000000875	epochs	3.0
806.6780414681214	0.03420349999998962	epochs	3.0
806.7122449681214	0.06760929999995824	epochs	2.0
806.7122449681214	0.033936199999970995	epochs	3.0
806.7461811681213	0.033673099999987244	epochs	3.0
806.7798542681213	0.06657289999998284	epochs	2.0
806.7798542681213	0.03341399999999339	epochs	3.0
806.8132682681213	0.033158899999989444	epochs	3.0
806.8464271681213	0.06556780000005347	epochs	2.0
806.8464271681213	0.032907700000009754	epochs	3.0
806.8793348681213	0.03266010000004371	epochs	3.0
806.9119949681213	0.06459259999996902	epochs	2.0
806.9119949681213	0.032416399999988244	epochs	3.0
806.9444113681213	0.03217619999998078	epochs	3.0
806.9765875681213	0.06364600000006249	epochs	2.0
806.9765875681213	0.03193959999998697	epochs	3.0
807.0085271681213	0.03170640000007552	epochs	3.0
807.0402335681214	0.0627266999999847	epochs	2.0
807.0402335681214	0.031476599999905375	epochs	3.0
807.0717101681213	0.03125010000007933	epochs	3.0
807.1029602681214	0.06183359999999993	epochs	2.0
807.1029602681214	0.031026900000028945	epochs	3.0
807.1339871681214	0.030806699999970988	epochs	3.0
807.1647938681214	0.06096560000003137	epochs	2.0
807.1647938681214	0.030589800000029754	epochs	3.0
807.1953836681214	0.030375800000001618	epochs	3.0
807.2257594681214	0.06012159999988853	epochs	2.0
807.2257594681214	0.03016489999993155	epochs	3.0
807.2559243681213	0.02995669999995698	epochs	3.0
807.2858810681213	0.05930070000010801	epochs	2.0
807.2858810681213	0.029751600000054168	epochs	3.0
807.3156326681213	0.02954910000005384	epochs	3.0
807.3451817681214	0.05850179999993088	epochs	2.0
807.3451817681214	0.02934940000000097	epochs	3.0
807.3745311681214	0.029152399999929912	epochs	3.0
807.4036835681213	0.057724200000052406	epochs	2.0
807.4036835681213	0.028957999999988715	epochs	3.0
807.4326415681213	0.02876620000006369	epochs	3.0
807.4614077681214	0.05696709999995164	epochs	2.0
807.4614077681214	0.028576999999927466	epochs	3.0
807.4899847681213	0.028390100000024177	epochs	3.0
807.5183748681213	0.05622949999997218	epochs	2.0
807.5183748681213	0.028205700000057732	epochs	3.0
807.5465805681214	0.028023799999914445	epochs	3.0
807.5746043681213	0.05551070000001346	epochs	2.0
807.5746043681213	0.02784400000007281	epochs	3.0
807.6024483681214	0.027666699999940647	epochs	3.0
807.6301150681213	0.054810200000019904	epochs	2.0
807.6301150681213	0.02749149999999645	epochs	3.0
807.6576065681213	0.027318700000023455	epochs	3.0
807.6849252681213	0.05412699999999404	epochs	2.0
807.6849252681213	0.027147799999966082	epochs	3.0
807.7120730681213	0.02697920000002796	epochs	3.0
807.7390522681213	0.053460699999959616	epochs	2.0
807.7390522681213	0.0268125999999711	epochs	3.0
807.7658648681213	0.026648099999988517	epochs	3.0
807.7925129681213	0.05281070000000909	epochs	2.0
807.7925129681213	0.026485600000000886	epochs	3.0
807.8189985681213	0.026325100000008206	epochs	3.0
807.8453236681213	0.05217620000007628	epochs	2.0
807.8453236681213	0.026166400000079193	epochs	3.0
807.8714900681214	0.026009799999997085	epochs	3.0
807.8974998681214	0.051556699999991906	epochs	2.0
807.8974998681214	0.025854799999933675	epochs	3.0
807.9233546681213	0.02570190000005823	epochs	3.0
807.9490565681214	0.05095189999997274	epochs	2.0
807.9490565681214	0.025550699999939752	epochs	3.0
807.9746072681213	0.025401200000032986	epochs	3.0
808.0000084681213	0.05036099999995258	epochs	2.0
808.0000084681213	0.025253499999962514	epochs	3.0
808.0252619681213	0.02510749999999007	epochs	3.0
808.0503694681213	0.049783800000000156	epochs	2.0
808.0503694681213	0.02496320000000196	epochs	3.0
808.0753326681213	0.024820599999998194	epochs	3.0
808.1001532681213	0.049219500000049266	epochs	2.0
808.1001532681213	0.02467940000008184	epochs	3.0
808.1248326681214	0.024540099999967424	epochs	3.0
808.1493727681213	0.04866790000005494	epochs	2.0
808.1493727681213	0.02440209999997478	epochs	3.0
808.1737748681213	0.024265800000080162	epochs	3.0
808.1980406681214	0.048128599999927246	epochs	2.0
808.1980406681214	0.02413099999989754	epochs	3.0
808.2221716681213	0.023997600000029706	epochs	3.0
808.2461692681213	0.047601100000065344	epochs	2.0
808.2461692681213	0.023865800000066884	epochs	3.0
808.2700350681214	0.02373529999999846	epochs	3.0
808.2937703681214	0.04708499999992455	epochs	2.0
808.2937703681214	0.023606299999983094	epochs	3.0
808.3173766681214	0.023478699999941455	epochs	3.0
808.3408553681213	0.04658000000006268	epochs	2.0
808.3408553681213	0.02335249999998723	epochs	3.0
808.3642078681213	0.02322750000007545	epochs	3.0
808.3874353681214	0.04608569999993506	epochs	2.0
808.3874353681214	0.023103999999989355	epochs	3.0
808.4105393681214	0.022981699999945704	epochs	3.0
808.4335210681213	0.045601799999985815	epochs	2.0
808.4335210681213	0.022860700000023826	epochs	3.0
808.4563817681213	0.02274109999996199	epochs	3.0
808.4791228681213	0.04512790000001132	epochs	2.0
808.4791228681213	0.022622500000011314	epochs	3.0
808.5017453681213	0.02250540000000001	epochs	3.0
808.5242507681213	0.0446638000000803	epochs	2.0
808.5242507681213	0.02238929999998618	epochs	3.0
808.5466400681213	0.022274500000094122	epochs	3.0
808.5689145681214	0.04420919999995476	epochs	2.0
808.5689145681214	0.022160799999937808	epochs	3.0
808.5910753681213	0.022048400000016954	epochs	3.0
808.6131237681213	0.043763600000033875	epochs	2.0
808.6131237681213	0.021936900000014248	epochs	3.0
808.6350606681214	0.021826700000019628	epochs	3.0
808.6568873681214	0.04332709999994222	epochs	2.0
808.6568873681214	0.021717599999988124	epochs	3.0
808.6786049681214	0.021609499999954096	epochs	3.0
808.7002144681213	0.04289900000003399	epochs	2.0
808.7002144681213	0.02150249999999687	epochs	3.0
808.7217169681213	0.021396500000037122	epochs	3.0
808.7431134681214	0.042479500000013104	epochs	2.0
808.7431134681214	0.02129170000000613	epochs	3.0
808.7644051681214	0.021187800000006973	epochs	3.0
808.7855929681214	0.042067900000006375	epochs	2.0
808.7855929681214	0.02108490000000529	epochs	3.0
808.8066778681214	0.020983000000001084	epochs	3.0
808.8276608681214	0.04166439999994509	epochs	2.0
808.8276608681214	0.020882199999959994	epochs	3.0
808.8485430681213	0.020782199999985096	epochs	3.0
808.8693252681213	0.04126850000000104	epochs	2.0
808.8693252681213	0.020683299999973315	epochs	3.0
808.8900085681213	0.020585200000027726	epochs	3.0
808.9105937681213	0.04088000000001557	epochs	2.0
808.9105937681213	0.020488099999965925	epochs	3.0
808.9310818681213	0.020391900000049645	epochs	3.0
808.9514737681213	0.04049880000002304	epochs	2.0
808.9514737681213	0.020296600000051512	epochs	3.0
808.9717703681214	0.020202199999971526	epochs	3.0
808.9919725681214	0.04012460000001283	epochs	2.0
808.9919725681214	0.02010870000003706	epochs	3.0
809.0120812681214	0.020015899999975773	epochs	3.0
809.0320971681214	0.03975730000001931	epochs	2.0
809.0320971681214	0.019924199999991288	epochs	3.0
809.0520213681214	0.019833100000028026	epochs	3.0
809.0718544681214	0.03939669999999751	epochs	2.0
809.0718544681214	0.01974299999994855	epochs	3.0
809.0915974681213	0.019653700000048957	epochs	3.0
809.1112511681214	0.03904239999997117	epochs	2.0
809.1112511681214	0.019565099999908853	epochs	3.0
809.1308162681213	0.019477300000062314	epochs	3.0
809.1502935681214	0.03869459999998526	epochs	2.0
809.1502935681214	0.019390400000020236	epochs	3.0
809.1696839681214	0.01930419999996502	epochs	3.0
809.1889881681213	0.03835289999994984	epochs	2.0
809.1889881681213	0.019218799999976	epochs	3.0
809.2082069681213	0.01913409999997384	epochs	3.0
809.2273410681213	0.03801720000001296	epochs	2.0
809.2273410681213	0.019050200000037876	epochs	3.0
809.2463912681213	0.018966999999975087	epochs	3.0
809.2653582681213	0.037687200000050325	epochs	2.0
809.2653582681213	0.01888450000001285	epochs	3.0
809.2842427681213	0.018802700000037476	epochs	3.0
809.3030454681214	0.03736309999999321	epochs	2.0
809.3030454681214	0.018721700000014607	epochs	3.0
809.3217671681214	0.018641399999978603	epochs	3.0
809.3404085681213	0.03704429999993408	epochs	2.0
809.3404085681213	0.01856159999999818	epochs	3.0
809.3589701681213	0.018482699999935903	epochs	3.0
809.3774528681213	0.0367310000000316	epochs	2.0
809.3774528681213	0.018404300000042895	epochs	3.0
809.3958571681213	0.018326699999988705	epochs	3.0
809.4141838681213	0.036422900000047775	epochs	2.0
809.4141838681213	0.018249599999990096	epochs	3.0
809.4324334681213	0.01817330000005768	epochs	3.0
809.4506067681214	0.03612009999994825	epochs	2.0
809.4506067681214	0.01809759999991911	epochs	3.0
809.4687043681213	0.01802250000002914	epochs	3.0
809.4867268681213	0.03582210000001851	epochs	2.0
809.4867268681213	0.017947900000081063	epochs	3.0
809.5046747681214	0.017874199999937446	epochs	3.0
809.5225489681213	0.03552899999999681	epochs	2.0
809.5225489681213	0.017800800000031813	epochs	3.0
809.5403497681214	0.017728199999965	epochs	3.0
809.5580779681213	0.03524070000003121	epochs	2.0
809.5580779681213	0.017656100000067454	epochs	3.0
809.5757340681214	0.017584599999963757	epochs	3.0
809.5933186681214	0.03495709999992869	epochs	2.0
809.5933186681214	0.01751369999999497	epochs	3.0
809.6108323681214	0.017443399999933717	epochs	3.0
809.6282757681213	0.03467790000001969	epochs	2.0
809.6282757681213	0.017373600000041733	epochs	3.0
809.6456493681213	0.017304299999977957	epochs	3.0
809.6629536681213	0.03440330000000813	epochs	2.0
809.6629536681213	0.01723570000001473	epochs	3.0
809.6801893681213	0.0171675999999934	epochs	3.0
809.6973569681213	0.0341328000000658	epochs	2.0
809.6973569681213	0.017099900000062007	epochs	3.0
809.7144568681214	0.017032900000003792	epochs	3.0
809.7314897681214	0.033866699999975935	epochs	2.0
809.7314897681214	0.01696640000000116	epochs	3.0
809.7484561681214	0.016900299999974777	epochs	3.0
809.7653564681214	0.03360459999998966	epochs	2.0
809.7653564681214	0.01683479999996962	epochs	3.0
809.7821912681213	0.01676980000002004	epochs	3.0
809.7989610681213	0.033346599999958926	epochs	2.0
809.7989610681213	0.016705300000012357	epochs	3.0
809.8156663681214	0.01664129999994657	epochs	3.0
809.8323076681213	0.03309250000006614	epochs	2.0
809.8323076681213	0.016577800000050047	epochs	3.0
809.8488854681214	0.01651470000001609	epochs	3.0
809.8654001681214	0.03284229999997024	epochs	2.0
809.8654001681214	0.01645220000000336	epochs	3.0
809.8818523681214	0.01639009999996688	epochs	3.0
809.8982424681213	0.03259570000000167	epochs	2.0
809.8982424681213	0.016328400000020338	epochs	3.0
809.9145708681214	0.016267299999981333	epochs	3.0
809.9308381681213	0.032352899999978035	epochs	2.0
809.9308381681213	0.016206600000032267	epochs	3.0
809.9470447681214	0.016146299999945768	epochs	3.0
809.9631910681213	0.03211369999996805	epochs	2.0
809.9631910681213	0.016086599999994178	epochs	3.0
809.9792776681213	0.01602709999997387	epochs	3.0
809.9953047681213	0.03187800000000607	epochs	2.0
809.9953047681213	0.015968200000088473	epochs	3.0
810.0112729681214	0.015909799999917595	epochs	3.0
810.0271827681213	0.031645700000012766	epochs	2.0
810.0271827681213	0.01585160000001906	epochs	3.0
810.0430343681213	0.015794099999993705	epochs	3.0
810.0588284681213	0.0314167000000225	epochs	2.0
810.0588284681213	0.015736700000047676	epochs	3.0
810.0745651681214	0.015679999999974825	epochs	3.0
810.0902451681213	0.031191100000000915	epochs	2.0
810.0902451681213	0.015623600000026272	epochs	3.0
810.1058687681214	0.015567499999974643	epochs	3.0
810.1214362681213	0.030968700000016725	epochs	2.0
810.1214362681213	0.015512000000057924	epochs	3.0
810.1369482681214	0.0154566999999588	epochs	3.0
810.1524049681213	0.030749499999956242	epochs	2.0
810.1524049681213	0.015401999999994587	epochs	3.0
810.1678069681213	0.015347499999961656	epochs	3.0
810.1831544681213	0.03053320000003623	epochs	2.0
810.1831544681213	0.015293400000018664	epochs	3.0
810.1984478681213	0.015239800000017567	epochs	3.0
810.2136876681213	0.03032010000003993	epochs	2.0
810.2136876681213	0.015186500000027081	epochs	3.0
810.2288741681214	0.015133600000012848	epochs	3.0
810.2440077681214	0.030109899999956724	epochs	2.0
810.2440077681214	0.015081000000009226	epochs	3.0
810.2590887681214	0.015028899999947498	epochs	3.0
810.2741176681213	0.02990250000004835	epochs	2.0
810.2741176681213	0.014977000000044427	epochs	3.0
810.2890946681214	0.014925500000003922	epochs	3.0
810.3040201681214	0.029698099999905025	epochs	2.0
810.3040201681214	0.01487439999993967	epochs	3.0
810.3188945681213	0.014823699999965356	epochs	3.0
810.3337182681213	0.02949630000000525	epochs	2.0
810.3337182681213	0.014773200000036013	epochs	3.0
810.3484914681213	0.014723099999969236	epochs	3.0
810.3632145681213	0.02929740000001857	epochs	2.0
810.3632145681213	0.014673399999992398	epochs	3.0
810.3778879681213	0.014624000000026172	epochs	3.0
810.3925119681213	0.029101100000048064	epochs	2.0
810.3925119681213	0.014574900000070556	epochs	3.0
810.4070868681214	0.014526199999977507	epochs	3.0
810.4216130681214	0.028907399999980044	epochs	2.0
810.4216130681214	0.014477699999929428	epochs	3.0
810.4360907681213	0.014429700000050616	epochs	3.0
810.4505204681213	0.028716199999962555	epochs	2.0
810.4505204681213	0.014381800000023759	epochs	3.0
810.4649022681214	0.014334399999938796	epochs	3.0
810.4792366681213	0.028527600000074926	epochs	2.0
810.4792366681213	0.01428720000001249	epochs	3.0
810.4935238681213	0.014240400000062436	epochs	3.0
810.5077642681214	0.028341399999931127	epochs	2.0
810.5077642681214	0.014193799999929979	epochs	3.0
810.5219580681213	0.014147600000001148	epochs	3.0
810.5361056681213	0.028157700000065233	epochs	2.0
810.5361056681213	0.014101700000082928	epochs	3.0
810.5502073681214	0.014055999999982305	epochs	3.0
810.5642633681214	0.027976299999977527	epochs	2.0
810.5642633681214	0.01401060000000598	epochs	3.0
810.5782739681214	0.013965699999971548	epochs	3.0
810.5922396681214	0.02779720000000907	epochs	2.0
810.5922396681214	0.013920799999937117	epochs	3.0
810.6061604681213	0.013876400000071953	epochs	3.0
810.6200368681214	0.027620399999932488	epochs	2.0
810.6200368681214	0.013832200000024386	epochs	3.0
810.6338690681214	0.013788199999908102	epochs	3.0
810.6476572681213	0.02744590000008884	epochs	2.0
810.6476572681213	0.013744599999995444	epochs	3.0
810.6614018681213	0.013701300000093397	epochs	3.0
810.6751031681214	0.027273499999978412	epochs	2.0
810.6751031681214	0.013658200000008947	epochs	3.0
810.6887613681214	0.013615299999969466	epochs	3.0
810.7023766681214	0.027103399999987232	epochs	2.0
810.7023766681214	0.013572800000019924	epochs	3.0
810.7159494681214	0.013530599999967308	epochs	3.0
810.7294800681213	0.02693520000002536	epochs	2.0
810.7294800681213	0.013488400000028378	epochs	3.0
810.7429684681214	0.013446799999996983	epochs	3.0
810.7564152681214	0.026769199999989723	epochs	2.0
810.7564152681214	0.013405199999965589	epochs	3.0
810.7698204681213	0.013364000000024134	epochs	3.0
810.7831844681214	0.026605199999949036	epochs	2.0
810.7831844681214	0.013322899999934634	epochs	3.0
810.7965073681213	0.013282300000014402	epochs	3.0
810.8097896681213	0.026443200000016986	epochs	2.0
810.8097896681213	0.013241699999980483	epochs	3.0
810.8230313681213	0.013201500000036503	epochs	3.0
810.8362328681213	0.0262831999999662	epochs	2.0
810.8362328681213	0.013161500000023807	epochs	3.0
810.8493943681214	0.013121699999942393	epochs	3.0
810.8625160681213	0.02612500000009277	epochs	2.0
810.8625160681213	0.013082100000019636	epochs	3.0
810.8755981681213	0.013042900000073132	epochs	3.0
810.8886410681214	0.025968899999952555	epochs	2.0
810.8886410681214	0.013003899999944224	epochs	3.0
810.9016449681213	0.012965000000008331	epochs	3.0
810.9146099681213	0.025814500000024054	epochs	2.0
810.9146099681213	0.012926399999969362	epochs	3.0
810.9275363681213	0.012888100000054692	epochs	3.0
810.9404244681214	0.025661899999931848	epochs	2.0
810.9404244681214	0.012849899999991976	epochs	3.0
810.9532743681214	0.012811999999939871	epochs	3.0
810.9660863681213	0.025511200000096323	epochs	2.0
810.9660863681213	0.012774400000012065	epochs	3.0
810.9788607681213	0.012736800000084258	epochs	3.0
810.9915975681214	0.025362299999983406	epochs	2.0
810.9915975681214	0.01269969999998466	epochs	3.0
811.0042972681214	0.012662599999998747	epochs	3.0
811.0169598681214	0.025215000000002874	epochs	2.0
811.0169598681214	0.01262579999990976	epochs	3.0
811.0295856681213	0.012589200000093115	epochs	3.0
811.0421748681214	0.024584799999956886	epochs	2.0
811.0655180681214	0.5	epochs	-1.0
811.0667596681213	0.5061600000000226	epochs	1.0
811.5729196681214	0.493759999999952	epochs	0.0
812.7230000495911	0.1937599999999975	epochs	0.0
812.7230000495911	0.09188099999994392	epochs	1.0
812.814881049591	0.009998000000109641	epochs	1.0
812.8248790495911	0.09188099999994392	epochs	1.0
812.9167600495911	2.0	epochs	0.0
814.9167600495911	0.5257599999999911	epochs	0.0
814.9167600495911	0.5257599999999911	epochs	1.0
814.916798449591	0.5	epochs	-1.0
815.416798449591	0.025721599999997125	epochs	-1.0
815.442520049591	21.474159999999983	epochs	0.0
816.5060000419617	0.1937599999999975	epochs	0.0
816.5060000419617	0.09188099999994392	epochs	1.0
816.5978810419616	0.009998000000109641	epochs	1.0
816.6078790419617	0.09188099999994392	epochs	1.0
816.6997600419617	2.0	epochs	0.0
818.6997600419617	0.5259200000000419	epochs	0.0
818.6997600419617	0.5259200000000419	epochs	1.0
818.6997984419617	0.5	epochs	-1.0
819.1997984419617	0.02588160000004791	epochs	-1.0
819.2256800419617	21.473999999999933	epochs	0.0
820.405999660492	0.1937599999999975	epochs	0.0
820.405999660492	0.09188099999994392	epochs	1.0
820.4978806604919	0.009998000000109641	epochs	1.0
820.507878660492	0.09188099999994392	epochs	1.0
820.5997596604919	2.0	epochs	0.0
822.5997596604919	0.5064800000000105	epochs	0.0
822.5997596604919	0.5064800000000105	epochs	1.0
822.5997980604919	0.5	epochs	-1.0
823.0997980604919	0.006441600000016479	epochs	-1.0
823.106239660492	21.493439999999964	epochs	0.0
824.1909999847412	0.1937599999999975	epochs	0.0
824.1909999847412	0.09188099999994392	epochs	1.0
824.2828809847412	0.009998000000109641	epochs	1.0
824.2928789847413	0.09188099999994392	epochs	1.0
824.3847599847412	2.0	epochs	0.0
826.3847599847412	0.5256799999999657	epochs	0.0
826.3847599847412	0.5256799999999657	epochs	1.0
826.3847983847412	0.5	epochs	-1.0
826.8847983847412	0.02564159999997173	epochs	-1.0
826.9104399847412	21.47424000000001	epochs	0.0
828.0250000953674	0.1937599999999975	epochs	0.0
828.0250000953674	0.09188099999994392	epochs	1.0
828.1168810953674	0.009998000000109641	epochs	1.0
828.1268790953675	0.09188099999994392	epochs	1.0
828.2187600953674	2.0	epochs	0.0
830.2187600953674	0.5259999999999536	epochs	0.0
830.2187600953674	0.5259999999999536	epochs	1.0
830.2187984953674	0.5	epochs	-1.0
830.7187984953674	0.025961599999959617	epochs	-1.0
830.7447600953674	21.47392000000002	epochs	0.0
831.875	0.1937599999999975	epochs	0.0
831.875	0.09188099999994392	epochs	1.0
831.966881	0.009998000000109641	epochs	1.0
831.976879	0.09188099999994392	epochs	1.0
832.06876	2.0	epochs	0.0
834.06876	0.5255200000000286	epochs	0.0
834.06876	0.5255200000000286	epochs	1.0
834.0687984	0.5	epochs	-1.0
834.5687984	0.025481600000034632	epochs	-1.0
834.59428	21.474399999999946	epochs	0.0
854.481999874115	0.1937599999999975	epochs	0.0
854.481999874115	0.09188099999994392	epochs	1.0
854.5738808741149	0.009998000000109641	epochs	1.0
854.583878874115	0.09188099999994392	epochs	1.0
854.675759874115	2.0	epochs	0.0
856.675759874115	0.2299199999999928	epochs	0.0
856.675759874115	0.049999999999954525	epochs	1.0
856.7257598741149	0.010000000000104592	epochs	1.0
856.735759874115	0.049999999999954525	epochs	1.0
856.785759874115	0.009999999999990905	epochs	1.0
856.795759874115	0.049999999999954525	epochs	1.0
856.845759874115	0.009999999999990905	epochs	1.0
856.8557598741149	0.04992000000004282	epochs	1.0
